Date,SessionTime,X,Y,Z,Status,Speed,RPM,Throttle,Brake,DRS,nGear,Distance,RelativeDistance,DriverAhead,DistanceToDriverAhead,Source,Time,TimeSeconds,SessionTimeSeconds,DRSActive
2024-03-01 16:58:59.830,0 days 01:12:24.157000,-381.33588439631006,1255.34877436538,-159.00086668288273,OnTrack,292.55000179199834,10474.225106623902,100.0,0,12,8,13.824514783540485,0.002563812858930725,,3370.566666666668,interpolation,0 days 00:00:00,0.0,4344.157,1.0
2024-03-01 16:58:59.875,0 days 01:12:24.202000,-379.3696157303729,1297.6139558759146,-159.09830705941275,OnTrack,293.0,10501.0,100.0,0,12,8,17.938888888888886,0.003326840379455561,,3370.566666666668,interpolation,0 days 00:00:00.045000,0.045,4344.202,1.0
2024-03-01 16:58:59.975,0 days 01:12:24.302000,-374.0,1413.0,-159.0,OnTrack,294.00000256,10507.00001536,100.0,0,12,8,25.051844939434062,0.004645967196774967,,3370.566666666668,interpolation,0 days 00:00:00.145000,0.145,4344.302,1.0
2024-03-01 16:59:00.075,0 days 01:12:24.402000,-367.2607685392542,1557.7720882481703,-158.47005254784116,OnTrack,295.0,10513.0,100.0,0,12,8,31.049999999999997,0.00575834960693005,,3370.566666666668,interpolation,0 days 00:00:00.245000,0.245,4344.402,1.0
2024-03-01 16:59:00.175,0 days 01:12:24.502000,-361.0,1691.0,-158.0,OnTrack,295.8000016383992,10543.800063078368,100.0,0,12,8,37.672978912693594,0.00698660815825421,,3366.699992081072,interpolation,0 days 00:00:00.345000,0.345,4344.502,1.0
2024-03-01 16:59:00.275,0 days 01:12:24.602000,-357.06577303410194,1771.753514635062,-158.08137765354024,OnTrack,296.5999991808004,10574.599968460816,100.0,0,12,8,44.9207138583844,0.00833073027341208,27,3362.8333372927996,interpolation,0 days 00:00:00.445000,0.445,4344.602,1.0
2024-03-01 16:59:00.375,0 days 01:12:24.702000,-355.10509508840374,1808.8284518463136,-158.61436100866788,OnTrack,297.4000008191996,10605.400031539184,100.0,0,12,8,52.81343598875512,0.009794467902301878,27,3358.9666627072033,interpolation,0 days 00:00:00.545000,0.545,4344.702,1.0
2024-03-01 16:59:00.475,0 days 01:12:24.802000,-353.0,1855.0,-159.0,OnTrack,298.1999983616008,10636.199936921632,100.0,0,12,8,61.47200505862883,0.011400234981209574,27,3355.1000079189307,interpolation,0 days 00:00:00.645000,0.645,4344.802,1.0
2024-03-01 16:59:00.575,0 days 01:12:24.902000,-350.39749160107226,1919.0640688587337,-159.13846910553445,OnTrack,299.0,10667.0,100.0,0,12,8,70.91666666666666,0.013151786139284681,27,3351.233333333335,interpolation,0 days 00:00:00.745000,0.745,4344.902,1.0
2024-03-01 16:59:00.675,0 days 01:12:25.002000,-347.33087724179296,1999.479567752127,-159.06600204236966,OnTrack,299.6666655288879,10694.333286684405,100.0,0,12,8,81.1473240997813,0.015049103440689243,27,3346.3801934679,interpolation,0 days 00:00:00.845000,0.845,4345.002,1.0
2024-03-01 16:59:00.775,0 days 01:12:25.102000,-344.0,2087.0,-159.0,OnTrack,300.3333344711121,10721.666713315595,100.0,0,12,8,91.82699400110879,0.01702969194241072,27,3341.527028754325,interpolation,0 days 00:00:00.945000,0.945,4345.102,1.0
2024-03-01 16:59:00.875,0 days 01:12:25.202000,-340.43816688480035,2180.0842907126525,-158.97669632449256,OnTrack,301.0,10749.0,100.0,0,12,8,100.93305555555555,0.018718448334447094,27,3336.67388888889,interpolation,0 days 00:00:01.045000,1.045,4345.202,1.0
2024-03-01 16:59:00.975,0 days 01:12:25.302000,-336.68741852667483,2277.4052835832063,-158.98962614079593,OnTrack,301.6666678044435,10768.000032426638,100.0,0,12,8,108.12851389036635,0.02005287553811664,27,3333.429438907265,interpolation,0 days 00:00:01.145000,1.145,4345.302,1.0
2024-03-01 16:59:01.075,0 days 01:12:25.402000,-333.0,2371.0,-159.0,OnTrack,302.3333321955565,10786.999967573362,100.0,0,12,8,113.89613664825775,0.02112250478902887,27,3330.1850055371815,pos,0 days 00:00:01.245000,1.245,4345.402,1.0
2024-03-01 16:59:01.175,0 days 01:12:25.502000,-329.41795236575496,2459.5412700660045,-159.00135296085278,OnTrack,303.0,10806.0,100.0,0,12,8,121.13305555555556,0.022464621025589993,27,3326.940555555557,interpolation,0 days 00:00:01.345000,1.345,4345.502,1.0
2024-03-01 16:59:01.275,0 days 01:12:25.602000,-326.0,2539.0,-159.0,OnTrack,303.333332764444,10838.999943679952,100.0,0,12,8,130.32203783042118,0.024168755404674044,27,3322.34056340623,interpolation,0 days 00:00:01.445000,1.445,4345.602,1.0
2024-03-01 16:59:01.375,0 days 01:12:25.702000,-322.8048672787959,2605.347096020768,-159.00225609408744,OnTrack,303.666667235556,10872.000056320048,100.0,0,12,8,141.1272524829708,0.026172626694442286,27,3317.7405477048833,interpolation,0 days 00:00:01.545000,1.545,4345.702,1.0
2024-03-01 16:59:01.475,0 days 01:12:25.802000,-319.71221370582157,2663.28186457715,-159.006166186766,OnTrack,304.0,10905.0,100.0,0,12,8,151.53305555555553,0.028102425471666432,27,3313.1405555555566,interpolation,0 days 00:00:01.645000,1.645,4345.802,1.0
2024-03-01 16:59:01.575,0 days 01:12:25.902000,-316.0,2741.0,-159.0,OnTrack,304.50000128,10916.75003008,100.0,0,12,8,161.20362851856848,0.029895872815317123,27,3309.612768746668,interpolation,0 days 00:00:01.745000,1.745,4345.902,1.0
2024-03-01 16:59:01.675,0 days 01:12:26.002000,-311.5478868972906,2843.2007606175084,-158.98180249745997,OnTrack,305.0,10928.5,100.0,0,12,8,170.13887234559593,0.031552950360540566,27,3306.085000000001,interpolation,0 days 00:00:01.845000,1.845,4346.002,1.0
2024-03-01 16:59:01.775,0 days 01:12:26.102000,-307.0,2945.0,-159.0,OnTrack,305.50000128,10940.25003008,100.0,0,12,8,178.27125129759793,0.03306113332806607,27,3302.557213191112,interpolation,0 days 00:00:01.945000,1.945,4346.102,1.0
2024-03-01 16:59:01.875,0 days 01:12:26.202000,-303.00046491043497,3021.5135717178023,-159.10301882847418,OnTrack,306.0,10952.0,100.0,0,12,8,185.53305555555553,0.03440786465477824,27,3299.0294444444453,interpolation,0 days 00:00:02.045000,2.045,4346.202,1.0
2024-03-01 16:59:01.975,0 days 01:12:26.302000,-299.0,3097.0,-159.0,OnTrack,307.00000256,10960.50002176,100.0,0,12,8,191.92435948054634,0.035593158131243335,27,3296.2961041137787,interpolation,0 days 00:00:02.145000,2.145,4346.302,1.0
2024-03-01 16:59:02.075,0 days 01:12:26.402000,-294.4493236400997,3195.7178090756806,-158.40008453169506,OnTrack,308.0,10969.0,100.0,0,12,8,199.22194444444443,0.03694652513634483,27,3293.562777777779,interpolation,0 days 00:00:02.245000,2.245,4346.402,1.0
2024-03-01 16:59:02.175,0 days 01:12:26.502000,-290.0,3302.0,-158.0,OnTrack,308.50000128,10991.5000576,100.0,0,12,8,209.2027319933914,0.038797503044857906,27,3289.662767793779,interpolation,0 days 00:00:02.345000,2.345,4346.502,1.0
2024-03-01 16:59:02.275,0 days 01:12:26.602000,-286.3035932489672,3400.179573828117,-158.4964739813555,OnTrack,309.0,11014.0,100.0,0,12,8,219.82194444444445,0.04076687946493611,27,3285.7627777777793,interpolation,0 days 00:00:02.445000,2.445,4346.602,1.0
2024-03-01 16:59:02.375,0 days 01:12:26.702000,-283.0,3490.0,-159.0,OnTrack,309.50000128,11026.500032,100.0,0,12,8,229.03501505863855,0.042475481125157144,27,3282.568325155557,interpolation,0 days 00:00:02.545000,2.545,4346.702,1.0
2024-03-01 16:59:02.475,0 days 01:12:26.802000,-279.72911686609734,3571.2047479556195,-158.62107158017187,OnTrack,310.0,11039.0,100.0,0,12,8,237.04416666666665,0.04396081107729666,27,3279.37388888889,interpolation,0 days 00:00:02.645000,2.645,4346.802,1.0
2024-03-01 16:59:02.575,0 days 01:12:26.902000,-276.0,3662.0,-158.0,OnTrack,310.0,11077.00009728,100.0,0,12,8,244.05179845475462,0.045260405078985766,27,3277.040549582224,interpolation,0 days 00:00:02.745000,2.745,4346.902,1.0
2024-03-01 16:59:02.675,0 days 01:12:27.002000,-271.3217055544488,3780.5919384381677,-157.77709653761312,OnTrack,310.0,11115.0,100.0,0,12,8,250.82194444444445,0.04651595636718511,27,3274.7072222222237,interpolation,0 days 00:00:02.845000,2.845,4347.002,1.0
2024-03-01 16:59:02.775,0 days 01:12:27.102000,-266.01450088904016,3918.4066064808985,-157.89393984062414,OnTrack,310.6666678044435,11107.3333202489,100.0,0,12,8,258.1187797417316,0.04786918434354474,27,3272.1146252049434,interpolation,0 days 00:00:02.945000,2.945,4347.102,1.0
2024-03-01 16:59:02.875,0 days 01:12:27.202000,-262.0,4024.0,-158.0,OnTrack,311.3333321955565,11099.6666797511,100.0,0,12,8,266.0306997896868,0.049336482304839585,27,3269.522041461726,interpolation,0 days 00:00:03.045000,3.045,4347.202,1.0
2024-03-01 16:59:02.975,0 days 01:12:27.302000,-259.59847352647944,4088.7980744084816,-158.03685506511573,OnTrack,312.0,11092.0,100.0,0,12,8,275.0886111111111,0.051016309039053145,27,3266.929444444446,interpolation,0 days 00:00:03.145000,3.145,4347.302,1.0
2024-03-01 16:59:03.075,0 days 01:12:27.402000,-258.5172155998239,4120.244381125403,-158.01528841582666,OnTrack,312.0,11125.99991296,100.0,0,12,8,285.3808911157032,0.052925054498597635,27,3263.7627858844457,interpolation,0 days 00:00:03.245000,3.245,4347.402,1.0
2024-03-01 16:59:03.175,0 days 01:12:27.502000,-257.0,4163.0,-158.0,OnTrack,312.0,11160.0,100.0,0,12,8,295.8886111111111,0.054873754186368605,27,3260.5961111111124,interpolation,0 days 00:00:03.345000,3.345,4347.502,1.0
2024-03-01 16:59:03.275,0 days 01:12:27.602000,-254.75412385564616,4224.508406229757,-158.00177308706975,OnTrack,312.49999872,11173.49996544,100.0,0,12,8,305.5926294130089,0.056673404105028025,27,3258.145561828979,interpolation,0 days 00:00:03.445000,3.445,4347.602,1.0
2024-03-01 16:59:03.375,0 days 01:12:27.702000,-252.0,4301.0,-158.0,OnTrack,313.0,11187.0,100.0,0,12,8,314.49304539079145,0.05832402268303698,27,3255.6950000000015,interpolation,0 days 00:00:03.545000,3.545,4347.702,1.0
2024-03-01 16:59:03.475,0 days 01:12:27.802000,-248.9580412662993,4388.705181496055,-157.97407306175484,OnTrack,313.49999872,11200.49996544,100.0,0,12,8,322.8352272370858,0.05987111445616253,27,3253.244450717868,interpolation,0 days 00:00:03.645000,3.645,4347.802,1.0
2024-03-01 16:59:03.575,0 days 01:12:27.902000,-246.0,4475.0,-158.0,OnTrack,314.0,11214.0,100.0,0,12,8,330.8647222222222,0.06136021717086485,27,3250.7938888888903,interpolation,0 days 00:00:03.745000,3.745,4347.902,1.0
2024-03-01 16:59:03.675,0 days 01:12:28.002000,-243.49762854655802,4547.260504793917,-158.1537885424012,OnTrack,314.0,11206.666679182234,100.0,0,12,8,338.58144812438263,0.06279131557877121,27,3248.642040709535,interpolation,0 days 00:00:03.845000,3.845,4348.002,1.0
2024-03-01 16:59:03.775,0 days 01:12:28.102000,-241.13316187081,4615.0779327783075,-158.34155562722805,OnTrack,314.0,11199.333320817766,100.0,0,12,8,346.23106236433676,0.06420996785419171,27,3246.4901815126896,interpolation,0 days 00:00:03.945000,3.945,4348.102,1.0
2024-03-01 16:59:03.875,0 days 01:12:28.202000,-237.0,4736.0,-158.0,OnTrack,314.0,11192.0,100.0,0,12,8,355.28694444444443,0.06588941825729615,27,3244.3383333333345,interpolation,0 days 00:00:04.045000,4.045,4348.202,1.0
2024-03-01 16:59:03.975,0 days 01:12:28.302000,-230.78037464503393,4919.618041574264,-157.03523763761916,OnTrack,314.0,11207.50003968,100.0,0,12,8,365.99476549845576,0.06787522750552301,27,3241.7383266773345,interpolation,0 days 00:00:04.145000,4.145,4348.302,1.0
2024-03-01 16:59:04.075,0 days 01:12:28.402000,-225.0,5091.0,-156.0,OnTrack,314.0,11223.0,100.0,0,12,8,376.22027777777777,0.0697715906170944,27,3239.1383333333342,interpolation,0 days 00:00:04.245000,4.245,4348.402,1.0
2024-03-01 16:59:04.175,0 days 01:12:28.502000,-222.18459025898645,5175.213817776108,-155.44701854705713,OnTrack,314.0,11208.49996288,100.0,0,12,8,383.82944789110485,0.07118274236366898,27,3237.44944012089,interpolation,0 days 00:00:04.345000,4.345,4348.502,1.0
2024-03-01 16:59:04.275,0 days 01:12:28.602000,-221.83984756934908,5186.799874380312,-155.288756958312,OnTrack,314.0,11194.0,100.0,0,12,8,390.17583333333334,0.07235970552362657,27,3235.760555555557,interpolation,0 days 00:00:04.445000,4.445,4348.602,1.0
2024-03-01 16:59:04.375,0 days 01:12:28.702000,-221.0,5213.0,-155.0,OnTrack,314.33333390222174,11204.333350968875,100.0,0,12,8,396.61313450424234,0.07355352937764248,27,3233.9198116732878,interpolation,0 days 00:00:04.545000,4.545,4348.702,1.0
2024-03-01 16:59:04.475,0 days 01:12:28.802000,-219.17075475987912,5268.354425220171,-154.4932122480099,OnTrack,314.66666609777826,11214.666649031125,100.0,0,12,8,403.6874462249165,0.07486548944579209,27,3232.079077215604,interpolation,0 days 00:00:04.645000,4.645,4348.802,1.0
2024-03-01 16:59:04.575,0 days 01:12:28.902000,-216.35211184898628,5352.863150040825,-153.7683937023417,OnTrack,315.0,11225.0,100.0,0,12,8,414.67583333333334,0.0769033308173395,27,3230.2383333333346,interpolation,0 days 00:00:04.745000,4.745,4348.902,1.0
2024-03-01 16:59:04.675,0 days 01:12:29.002000,-213.1074130136004,5450.440299841065,-152.90937830550266,OnTrack,315.0,11280.0,100.0,0,12,8,428.6758333333333,0.07949968812803258,27,3227.1272222222233,interpolation,0 days 00:00:04.845000,4.845,4349.002,1.0
2024-03-01 16:59:04.775,0 days 01:12:29.102000,-210.0,5545.0,-152.0,OnTrack,315.0,11263.49995776,100.0,0,12,8,436.99645113576094,0.08104278076094802,27,3225.6827740800013,pos,0 days 00:00:04.945000,4.945,4349.102,1.0
2024-03-01 16:59:04.875,0 days 01:12:29.202000,-207.0298728081853,5636.542250517627,-151.0402587858337,OnTrack,315.0,11247.0,100.0,0,12,8,442.6758333333333,0.08209604543872567,27,3224.2383333333346,interpolation,0 days 00:00:05.045000,5.045,4349.202,1.0
2024-03-01 16:59:04.975,0 days 01:12:29.302000,-204.1413120850219,5726.6698900752435,-150.03352269245084,OnTrack,315.0,11241.24998528,100.0,0,12,8,450.20078059302944,0.08349157771231795,27,3222.5161067022236,interpolation,0 days 00:00:05.145000,5.145,4349.302,1.0
2024-03-01 16:59:05.075,0 days 01:12:29.402000,-201.0,5825.0,-149.0,OnTrack,315.0,11235.5,100.0,0,12,8,459.5712158595867,0.085229363291511,27,3220.7938888888903,interpolation,0 days 00:00:05.245000,5.245,4349.402,1.0
2024-03-01 16:59:05.175,0 days 01:12:29.502000,-197.5502166294163,5933.135435386348,-147.9430587724171,OnTrack,315.0,11229.74998528,100.0,0,12,8,469.2440046630193,0.08702322157183832,27,3219.071662257779,interpolation,0 days 00:00:05.345000,5.345,4349.502,1.0
2024-03-01 16:59:05.275,0 days 01:12:29.602000,-193.9336028976742,6046.7625945612635,-146.8894856887053,OnTrack,315.0,11224.0,100.0,0,12,8,477.67583333333334,0.08858693871545843,27,3217.3494444444455,interpolation,0 days 00:00:05.445000,5.445,4349.602,1.0
2024-03-01 16:59:05.375,0 days 01:12:29.702000,-191.0,6140.0,-146.0,OnTrack,315.25000064,11234.75002752,100.0,0,12,8,484.86678821267543,0.08992053073487587,27,3215.8494406044456,pos,0 days 00:00:05.545000,5.545,4349.702,1.0
2024-03-01 16:59:05.475,0 days 01:12:29.802000,-188.8910474104014,6208.5340942005905,-145.30138811101023,OnTrack,315.5,11245.5,100.0,0,12,8,490.81679566585615,0.0910239839741433,27,3214.3494444444455,interpolation,0 days 00:00:05.645000,5.645,4349.802,1.0
2024-03-01 16:59:05.575,0 days 01:12:29.902000,-187.36818003702442,6261.199030465986,-144.7406740100973,OnTrack,315.75000064,11256.25002752,100.0,0,12,8,498.09636240078424,0.0923740094249225,27,3212.8494406044456,interpolation,0 days 00:00:05.745000,5.745,4349.902,1.0
2024-03-01 16:59:05.675,0 days 01:12:30.002000,-185.0,6351.0,-144.0,OnTrack,316.0,11267.0,100.0,0,12,8,509.27583333333337,0.09444728807388,27,3211.3494444444455,interpolation,0 days 00:00:05.845000,5.845,4350.002,1.0
2024-03-01 16:59:05.775,0 days 01:12:30.102000,-181.54793976455505,6486.771246567772,-143.0263895266025,OnTrack,316.0,11295.0,100.0,0,12,8,523.3202777777777,0.09705188778873401,27,3208.7272222222227,interpolation,0 days 00:00:05.945000,5.945,4350.102,1.0
2024-03-01 16:59:05.875,0 days 01:12:30.202000,-178.0,6627.0,-142.0,OnTrack,315.666667235556,11285.666682595569,100.0,0,12,8,534.0193339306358,0.09903607155016178,27,3207.249446966521,interpolation,0 days 00:00:06.045000,6.045,4350.202,1.0
2024-03-01 16:59:05.975,0 days 01:12:30.302000,-175.34418137564515,6730.173490127372,-141.1009888302878,OnTrack,315.333332764444,11276.333317404431,100.0,0,12,8,540.9540557180138,0.10032214409375333,27,3205.771664144591,interpolation,0 days 00:00:06.145000,6.145,4350.302,1.0
2024-03-01 16:59:06.075,0 days 01:12:30.402000,-173.5804838914906,6796.291716949894,-140.32935601746584,OnTrack,315.0,11267.0,100.0,0,12,8,547.8202777777777,0.10159551308244694,27,3204.2938888888893,interpolation,0 days 00:00:06.245000,6.245,4350.402,1.0
2024-03-01 16:59:06.175,0 days 01:12:30.502000,-172.27654446159073,6844.514085297468,-139.643045195911,OnTrack,314.49999872,11241.24993408,100.0,0,12,8,555.2340599515139,0.10297042933578024,27,3202.9938855608893,interpolation,0 days 00:00:06.345000,6.345,4350.502,1.0
2024-03-01 16:59:06.275,0 days 01:12:30.602000,-171.0,6894.0,-139.0,OnTrack,314.0,11215.5,100.0,0,12,8,563.1953263222872,0.10444687877464681,27,3201.6938888888894,interpolation,0 days 00:00:06.445000,6.445,4350.602,1.0
2024-03-01 16:59:06.375,0 days 01:12:30.702000,-169.75085050671845,6944.749461057492,-138.40022042973294,OnTrack,313.49999872,11189.74993408,100.0,0,12,8,571.2941084848067,0.10594883108003025,27,3200.3938855608894,interpolation,0 days 00:00:06.545000,6.545,4350.702,1.0
2024-03-01 16:59:06.475,0 days 01:12:30.802000,-168.26967993793306,7002.535930150253,-137.80698878576592,OnTrack,313.0,11164.0,100.0,0,12,8,579.1202777777778,0.10740022621278224,27,3199.0938888888895,interpolation,0 days 00:00:06.645000,6.645,4350.802,1.0
2024-03-01 16:59:06.575,0 days 01:12:30.902000,-165.0,7102.0,-137.0,OnTrack,313.0,11041.4996864,100.0,0,12,8,586.6739143413964,0.10880107903523006,27,3197.677218595556,interpolation,0 days 00:00:06.745000,6.745,4350.902,1.0
2024-03-01 16:59:06.675,0 days 01:12:31.002000,-160.0,7241.0,-136.0,OnTrack,313.0,10919.0,100.0,0,12,8,596.5091666666667,0.11062506684074629,27,3196.260555555556,interpolation,0 days 00:00:06.845000,6.845,4351.002,1.0
2024-03-01 16:59:06.775,0 days 01:12:31.102000,-155.17528634813337,7372.045734297869,-135.1517665260287,OnTrack,302.0,10636.0,56.0,0,12,8,609.9313888888888,0.11311427289734727,27,3194.5272222222225,interpolation,0 days 00:00:06.945000,6.945,4351.102,1.0
2024-03-01 16:59:06.875,0 days 01:12:31.202000,-150.9540681513589,7484.607820804275,-134.50354141537147,OnTrack,284.0000307200262,10008.001071787581,37.3333651911383,0,12,8,619.4466730037291,0.11487892128841067,27,3194.942036329086,interpolation,0 days 00:00:07.045000,7.045,4351.202,1.0
2024-03-01 16:59:06.975,0 days 01:12:31.302000,-148.0,7563.0,-134.0,OnTrack,265.9999692799738,9379.998928212419,18.6666348088617,1,12,8,624.4962065686291,0.11581537795889767,27,3195.3568525598034,interpolation,0 days 00:00:07.145000,7.145,4351.302,1.0
2024-03-01 16:59:07.075,0 days 01:12:31.402000,-146.4236904261263,7604.607908684093,-133.63192154911988,OnTrack,248.0,8752.0,0.0,1,12,8,629.2202777777777,0.1166914763031911,27,3195.771666666667,interpolation,0 days 00:00:07.245000,7.245,4351.402,1.0
2024-03-01 16:59:07.175,0 days 01:12:31.502000,-145.84687994188636,7618.379192479887,-133.36573356167747,OnTrack,239.99997952,8697.49986048,0.0,1,12,8,634.3089975445066,0.11763520021522073,27,3196.527224156445,interpolation,0 days 00:00:07.345000,7.345,4351.502,1.0
2024-03-01 16:59:07.275,0 days 01:12:31.602000,-144.0,7658.0,-133.0,OnTrack,232.0,8643.0,0.0,1,8,8,639.5313888888888,0.11860371406852696,27,3197.282777777778,interpolation,0 days 00:00:07.445000,7.445,4351.602,0.0
2024-03-01 16:59:07.375,0 days 01:12:31.702000,-140.5047872392189,7732.418068492129,-132.50114801924974,OnTrack,213.49995264,8751.7502784,0.0,1,8,8,644.6565804167747,0.1195542018179647,27,3200.6057723957338,interpolation,0 days 00:00:07.545000,7.545,4351.702,0.0
2024-03-01 16:59:07.475,0 days 01:12:31.802000,-137.0,7806.0,-132.0,OnTrack,195.0,8860.5,0.0,1,8,8,649.6845196463369,0.12048665373056433,27,3203.9287500000005,interpolation,0 days 00:00:07.645000,7.645,4351.802,0.0
2024-03-01 16:59:07.575,0 days 01:12:31.902000,-135.12439662280045,7843.1123965673405,-131.62737832282414,OnTrack,176.49995264,8969.2502784,0.0,1,8,8,654.4527237147734,0.1213709366942759,27,3207.2517446179563,interpolation,0 days 00:00:07.745000,7.745,4351.902,0.0
2024-03-01 16:59:07.675,0 days 01:12:32.002000,-134.51567126490278,7850.874328618226,-131.35353688677867,OnTrack,158.0,9078.0,0.0,1,8,8,658.7986111111111,0.12217689930234234,27,3210.574722222223,interpolation,0 days 00:00:07.845000,7.845,4352.002,0.0
2024-03-01 16:59:07.775,0 days 01:12:32.102000,-133.0,7872.0,-131.0,OnTrack,149.49997824,9185.5002752,0.0,1,8,8,662.7222263373532,0.12290454980784235,27,3214.1302868800008,interpolation,0 days 00:00:07.945000,7.945,4352.102,0.0
2024-03-01 16:59:07.875,0 days 01:12:32.202000,-130.2150806953675,7913.608408237831,-130.53702186614322,OnTrack,141.0,9293.0,0.0,1,8,8,666.6319444444445,0.12362962303570635,27,3217.6858333333344,interpolation,0 days 00:00:08.045000,8.045,4352.202,0.0
2024-03-01 16:59:07.975,0 days 01:12:32.302000,-126.0,7965.0,-130.0,OnTrack,132.49997824,9077.49944832,0.0,1,8,8,670.9362206966653,0.12442786868675608,27,3222.5525124586675,interpolation,0 days 00:00:08.145000,8.145,4352.302,0.0
2024-03-01 16:59:08.075,0 days 01:12:32.402000,-120.19384456289228,8015.475221954795,-129.42433191636212,OnTrack,124.0,8862.0,0.0,1,8,6,674.8986111111111,0.1251627102096394,27,3227.4191666666675,interpolation,0 days 00:00:08.245000,8.245,4352.402,0.0
2024-03-01 16:59:08.175,0 days 01:12:32.502000,-114.0,8060.0,-129.0,OnTrack,120.49999104,8721.9996416,0.0,1,8,6,677.782756355523,0.12569758675181297,27,3230.8636199288894,interpolation,0 days 00:00:08.345000,8.345,4352.502,0.0
2024-03-01 16:59:08.275,0 days 01:12:32.602000,-108.62185192727885,8093.540260033399,-128.91698663568405,OnTrack,117.0,8582.0,0.0,1,8,4,680.0986111111112,0.1261270714964683,27,3234.3080555555557,interpolation,0 days 00:00:08.445000,8.445,4352.602,0.0
2024-03-01 16:59:08.375,0 days 01:12:32.702000,-102.0,8123.0,-129.0,OnTrack,111.9999872,8126.7488345599995,0.0,1,8,4,682.3561833070804,0.1265457475018556,27,3239.19695696,interpolation,0 days 00:00:08.545000,8.545,4352.702,0.0
2024-03-01 16:59:08.475,0 days 01:12:32.802000,-92.07504387343462,8155.28321784481,-129.07374826953358,OnTrack,107.0,7671.5,0.0,1,8,3,684.5554498259505,0.1269536104807435,27,3244.0858333333335,interpolation,0 days 00:00:08.645000,8.645,4352.802,0.0
2024-03-01 16:59:08.575,0 days 01:12:32.902000,-79.47855705597729,8189.021019665996,-129.11673712606859,OnTrack,101.9999872,7216.2488345599995,0.0,1,8,3,687.220755227404,0.12744790227819305,27,3248.9747347377784,interpolation,0 days 00:00:08.745000,8.745,4352.902,0.0
2024-03-01 16:59:08.675,0 days 01:12:33.002000,-68.0,8216.0,-129.0,OnTrack,97.0,6761.0,0.0,1,8,3,690.8763888888889,0.1281258545054939,27,3253.863611111112,interpolation,0 days 00:00:08.845000,8.845,4353.002,0.0
2024-03-01 16:59:08.775,0 days 01:12:33.102000,-58.27095268124319,8234.851250927444,-128.70204235300878,OnTrack,97.0,6493.0,0.0,1,8,3,695.1875,0.12892536770910418,27,3261.774722222223,interpolation,0 days 00:00:08.945000,8.945,4353.102,0.0
2024-03-01 16:59:08.875,0 days 01:12:33.202000,-49.50681383767803,8247.111381630752,-128.27147929589404,OnTrack,92.50001152,6275.00055808,0.0,1,8,3,698.1447320961349,0.1294737985071196,27,3266.9691533688897,interpolation,0 days 00:00:09.045000,9.045,4353.202,0.0
2024-03-01 16:59:08.975,0 days 01:12:33.302000,-37.0,8262.0,-128.0,OnTrack,88.0,6057.0,0.0,1,8,3,700.0763888888889,0.12983203216680653,27,3272.163611111112,interpolation,0 days 00:00:09.145000,9.145,4353.302,0.0
2024-03-01 16:59:09.075,0 days 01:12:33.402000,-19.96591794045609,8281.053699482822,-127.93621907830976,OnTrack,85.75000576,5892.0004224,0.0,1,8,3,701.6456122717843,0.13012305106697014,27,3275.563602407112,interpolation,0 days 00:00:09.245000,9.245,4353.402,0.0
2024-03-01 16:59:09.175,0 days 01:12:33.502000,-1.0,8300.0,-128.0,OnTrack,83.5,5727.0,0.0,1,8,3,702.852418313714,0.13034685818765251,27,3278.9636111111117,interpolation,0 days 00:00:09.345000,9.345,4353.502,0.0
2024-03-01 16:59:09.275,0 days 01:12:33.602000,17.302321480414548,8314.566421472322,-128.1112062342474,OnTrack,81.25000576,5562.0004224,0.0,1,8,3,704.4267562103447,0.13063882559532525,27,3282.3636024071116,interpolation,0 days 00:00:09.445000,9.445,4353.602,0.0
2024-03-01 16:59:09.375,0 days 01:12:33.702000,34.8392496192422,8325.024115498429,-128.32807151112308,OnTrack,79.0,5397.0,0.0,1,8,3,707.0986111111112,0.13113433202423355,27,3285.7636111111115,interpolation,0 days 00:00:09.545000,9.545,4353.702,0.0
2024-03-01 16:59:09.475,0 days 01:12:33.802000,51.0,8333.0,-129.0,OnTrack,77.0,5300.0,2.0,1,8,3,710.5208333333334,0.1317689971446252,27,3292.163611111112,interpolation,0 days 00:00:09.645000,9.645,4353.802,0.0
2024-03-01 16:59:09.575,0 days 01:12:33.902000,67.0,8339.0,-130.0,OnTrack,75.99999829333478,5263.999938560052,3.666669511108684,1,8,3,712.6107062101768,0.1321565726247832,27,3294.8080600687376,interpolation,0 days 00:00:09.745000,9.745,4353.902,0.0
2024-03-01 16:59:09.675,0 days 01:12:34.002000,90.74264189211863,8344.432746596907,-130.21670965736652,OnTrack,75.00000170666522,5228.000061439948,5.333330488891317,1,8,3,713.4324376220742,0.13230896607897646,27,3297.4524954868198,interpolation,0 days 00:00:09.845000,9.845,4354.002,0.0
2024-03-01 16:59:09.775,0 days 01:12:34.102000,115.0,8348.0,-130.0,OnTrack,74.0,5192.0,7.0,1,8,3,715.4541666666667,0.13268390400648847,27,3300.0969444444454,interpolation,0 days 00:00:09.945000,9.945,4354.102,0.0
2024-03-01 16:59:09.875,0 days 01:12:34.202000,131.22690985756927,8348.16874736676,-129.8849699797907,OnTrack,74.0,5272.0,13.0,1,8,3,718.7430555555555,0.1332938419143973,27,3304.985833333334,interpolation,0 days 00:00:10.045000,10.045,4354.202,0.0
2024-03-01 16:59:09.975,0 days 01:12:34.302000,147.0,8345.0,-130.0,OnTrack,73.33333219555652,5408.666899910912,16.333339022217366,0,8,3,721.2341082080641,0.13375581782623028,27,3307.353522559365,interpolation,0 days 00:00:10.145000,10.145,4354.302,0.0
2024-03-01 16:59:10.075,0 days 01:12:34.402000,169.8958989624657,8338.554769202521,-130.47347046388938,OnTrack,72.66666780444348,5545.333100089088,19.666660977782634,0,8,3,722.7578980700225,0.13403841089394855,27,3309.7211996628585,interpolation,0 days 00:00:10.245000,10.245,4354.402,0.0
2024-03-01 16:59:10.175,0 days 01:12:34.502000,193.0,8331.0,-131.0,OnTrack,72.0,5682.0,23.0,0,8,3,724.3630555555555,0.13433609392054696,27,3312.0888888888894,interpolation,0 days 00:00:10.345000,10.345,4354.502,0.0
2024-03-01 16:59:10.275,0 days 01:12:34.602000,209.3976963676365,8324.502637418112,-131.27420723687322,OnTrack,73.33333105777584,5798.333134790942,25.333329351107714,0,8,3,726.2243318716152,0.13468127523271994,27,3314.0074041331336,interpolation,0 days 00:00:10.445000,10.445,4354.602,0.0
2024-03-01 16:59:10.375,0 days 01:12:34.702000,220.7474407274801,8318.320447088556,-131.39990795204903,OnTrack,74.66666894222416,5914.666865209058,27.666670648892286,0,8,3,728.2927335403576,0.1350648687894406,27,3315.9259292002007,interpolation,0 days 00:00:10.545000,10.545,4354.702,0.0
2024-03-01 16:59:10.475,0 days 01:12:34.802000,237.0,8308.0,-132.0,OnTrack,76.0,6031.0,30.0,0,8,3,730.2741666666666,0.13543233367395072,27,3317.844444444445,interpolation,0 days 00:00:10.645000,10.645,4354.802,0.0
2024-03-01 16:59:10.575,0 days 01:12:34.902000,258.0,8294.0,-133.0,OnTrack,76.75000192,6122.00023296,32.25000576,0,8,3,732.1196390031074,0.13577458407340787,27,3319.394448412445,interpolation,0 days 00:00:10.745000,10.745,4354.902,0.0
2024-03-01 16:59:10.675,0 days 01:12:35.002000,272.86432202634865,8283.526158880004,-133.33010114657696,OnTrack,77.5,6213.0,34.5,0,8,3,733.829131652092,0.13609161648317694,27,3320.944444444445,interpolation,0 days 00:00:10.845000,10.845,4355.002,0.0
2024-03-01 16:59:10.775,0 days 01:12:35.102000,282.4741672597657,8275.695016577598,-133.09581145294987,OnTrack,78.25000192,6304.00023296,36.75000576,0,8,3,735.736151920365,0.1364452811985463,27,3322.494448412445,interpolation,0 days 00:00:10.945000,10.945,4355.102,0.0
2024-03-01 16:59:10.875,0 days 01:12:35.202000,303.0,8258.0,-134.0,OnTrack,79.0,6395.0,39.0,0,8,3,738.1741666666666,0.1368974210135561,27,3324.0444444444447,pos,0 days 00:00:11.045000,11.045,4355.202,0.0
2024-03-01 16:59:10.975,0 days 01:12:35.302000,334.0,8231.0,-136.0,OnTrack,83.50001152,6649.00065024,46.5000192,0,8,3,741.1432008563276,0.1374480405581293,27,3325.577781703111,interpolation,0 days 00:00:11.145000,11.145,4355.302,0.0
2024-03-01 16:59:11.075,0 days 01:12:35.402000,356.6526023185411,8210.555080024282,-137.13692289750762,OnTrack,88.0,6903.0,54.0,0,8,3,744.0408333333332,0.13798541836279893,27,3327.1111111111113,interpolation,0 days 00:00:11.245000,11.245,4355.402,0.0
2024-03-01 16:59:11.175,0 days 01:12:35.502000,367.82086340432306,8199.308597514571,-137.08428559502804,OnTrack,89.50000384,7075.25044096,59.0000128,0,8,3,746.2647030163223,0.13839784409918873,27,3328.011113415111,interpolation,0 days 00:00:11.345000,11.345,4355.502,0.0
2024-03-01 16:59:11.275,0 days 01:12:35.602000,375.82869278794345,8190.157816247576,-136.73950549503445,OnTrack,91.0,7247.5,64.0,0,8,3,747.8147871329269,0.13868531354406988,27,3328.9111111111115,interpolation,0 days 00:00:11.445000,11.445,4355.602,0.0
2024-03-01 16:59:11.375,0 days 01:12:35.702000,389.0,8176.0,-137.0,OnTrack,92.50000384,7419.75044096,69.0000128,0,8,3,749.8279063817379,0.13905865474970897,27,3329.8111134151113,pos,0 days 00:00:11.545000,11.545,4355.702,0.0
2024-03-01 16:59:11.475,0 days 01:12:35.802000,407.33478504049265,8156.835148771846,-137.86576910992474,OnTrack,94.0,7592.0,74.0,0,8,3,753.4408333333332,0.1397286868428357,27,3330.711111111111,interpolation,0 days 00:00:11.645000,11.645,4355.802,0.0
2024-03-01 16:59:11.575,0 days 01:12:35.902000,430.0,8133.0,-139.0,OnTrack,108.0,8202.0,78.0,0,8,3,758.2408333333332,0.1406188664922162,27,3331.6,interpolation,0 days 00:00:11.745000,11.745,4355.902,0.0
2024-03-01 16:59:11.675,0 days 01:12:36.002000,454.0,8107.0,-140.0,OnTrack,111.66666040888354,8526.99944533286,80.33332935110771,0,8,3,761.7512484585976,0.1412698873475053,27,3331.8444440272588,interpolation,0 days 00:00:11.845000,11.845,4356.002,0.0
2024-03-01 16:59:11.775,0 days 01:12:36.102000,466.3592696606421,8091.847335421273,-140.47049206124325,OnTrack,115.33333959111646,8852.00055466714,82.66667064889229,0,8,3,763.8381302647465,0.14165690812135867,27,3332.0888893060746,interpolation,0 days 00:00:11.945000,11.945,4356.102,0.0
2024-03-01 16:59:11.875,0 days 01:12:36.202000,471.50771293871287,8084.089554577013,-140.49834032816685,OnTrack,119.0,9177.0,85.0,0,8,3,766.1741666666666,0.1420901356349423,27,3332.3333333333335,interpolation,0 days 00:00:12.045000,12.045,4356.202,0.0
2024-03-01 16:59:11.975,0 days 01:12:36.302000,509.0,8050.0,-141.0,OnTrack,123.50001152,9484.5007872,84.24999808,0,8,3,769.0381688451562,0.14262127656308243,27,3332.5000004266667,interpolation,0 days 00:00:12.145000,12.145,4356.302,0.0
2024-03-01 16:59:12.075,0 days 01:12:36.402000,577.0,7991.0,-142.0,OnTrack,128.0,9792.0,83.5,0,8,3,772.4301074729075,0.1432503254669099,27,3332.666666666667,interpolation,0 days 00:00:12.245000,12.245,4356.402,0.0
2024-03-01 16:59:12.175,0 days 01:12:36.502000,624.9367191494002,7949.343792880561,-142.7290672994077,OnTrack,132.50001152,10099.5007872,82.74999808,0,8,3,776.4996507375429,0.14400503892450403,27,3332.83333376,interpolation,0 days 00:00:12.345000,12.345,4356.502,0.0
2024-03-01 16:59:12.275,0 days 01:12:36.602000,644.3817016371565,7932.073715635386,-143.05899038320845,OnTrack,137.0,10407.0,82.0,0,8,3,781.3963888888887,0.14491315906006097,27,3333.0,interpolation,0 days 00:00:12.445000,12.445,4356.602,0.0
2024-03-01 16:59:12.375,0 days 01:12:36.702000,641.904271389999,7934.9265752007595,-143.0436132572177,OnTrack,140.50000896,10288.99969792,82.0,0,8,3,787.1203720696654,0.14597469517275335,27,3333.3111119075556,interpolation,0 days 00:00:12.545000,12.545,4356.702,0.0
2024-03-01 16:59:12.475,0 days 01:12:36.802000,656.9205737786295,7932.323082228641,-143.0060016104212,OnTrack,144.0,10171.0,82.0,0,8,3,792.5963888888888,0.14699024490861545,27,3333.6222222222223,interpolation,0 days 00:00:12.645000,12.645,4356.802,0.0
2024-03-01 16:59:12.575,0 days 01:12:36.902000,696.0,7920.0,-143.0,OnTrack,146.5000064,10188.75004544,83.2500032,0,8,3,796.7493426435477,0.1477604271830354,27,3333.8444450133334,interpolation,0 days 00:00:12.745000,12.745,4356.902,0.0
2024-03-01 16:59:12.675,0 days 01:12:37.002000,759.1425500541102,7897.957328514831,-143.02560842595395,OnTrack,149.0,10206.5,84.5,0,8,3,799.5791908075047,0.1482852341093669,27,3334.066666666667,interpolation,0 days 00:00:12.845000,12.845,4357.002,0.0
2024-03-01 16:59:12.775,0 days 01:12:37.102000,831.0,7876.0,-143.0,OnTrack,151.5000064,10224.25004544,85.7500032,0,8,3,802.3398777561532,0.14879721480519964,27,3334.288889457778,interpolation,0 days 00:00:12.945000,12.945,4357.102,0.0
2024-03-01 16:59:12.875,0 days 01:12:37.202000,896.2241258967097,7863.932946682377,-142.84034783385508,OnTrack,154.0,10242.0,87.0,0,8,3,806.2852777777777,0.14952890539018204,27,3334.511111111112,interpolation,0 days 00:00:13.045000,13.045,4357.202,0.0
2024-03-01 16:59:12.975,0 days 01:12:37.302000,954.814927744239,7861.7561685619585,-142.54665192751918,OnTrack,158.50001152,10428.50047744,87.0,0,8,4,811.4154312733738,0.15048031335684411,27,3334.944445553778,interpolation,0 days 00:00:13.145000,13.145,4357.302,0.0
2024-03-01 16:59:13.075,0 days 01:12:37.402000,1000.9982657196488,7863.951306160561,-142.22963005742366,OnTrack,163.0,10615.0,87.0,0,8,4,817.1519444444443,0.15154417320752955,27,3335.3777777777777,interpolation,0 days 00:00:13.245000,13.245,4357.402,0.0
2024-03-01 16:59:13.175,0 days 01:12:37.502000,1029.0,7865.0,-142.0,OnTrack,166.50000896,10863.50063616,93.50001664,0,8,4,822.9165347671612,0.15261324008092503,27,3335.877779057778,interpolation,0 days 00:00:13.345000,13.345,4357.502,0.0
2024-03-01 16:59:13.275,0 days 01:12:37.602000,1038.8201305852924,7864.902250080275,-141.85776175524822,OnTrack,170.0,11112.0,100.0,0,8,4,828.4852777777776,0.1536459862685668,27,3336.3777777777777,interpolation,0 days 00:00:13.445000,13.445,4357.602,0.0
2024-03-01 16:59:13.375,0 days 01:12:37.702000,1037.4680134756534,7864.517229139473,-141.71008667293998,OnTrack,174.6666746311043,11306.000331093051,100.0,0,8,4,833.6343650658705,0.15460090558455514,27,3336.714815390024,interpolation,0 days 00:00:13.545000,13.545,4357.702,0.0
2024-03-01 16:59:13.475,0 days 01:12:37.802000,1067.0,7869.0,-141.0,OnTrack,179.3333253688957,11499.999668906949,100.0,0,8,4,838.3774022744568,0.1554805212510839,27,3337.0518512766425,interpolation,0 days 00:00:13.645000,13.645,4357.802,0.0
2024-03-01 16:59:13.575,0 days 01:12:37.902000,1134.4255179346324,7879.209744197917,-139.6346721356297,OnTrack,184.0,11694.0,100.0,0,8,4,842.7963888888887,0.1563000404083864,27,3337.3888888888887,interpolation,0 days 00:00:13.745000,13.745,4357.902,0.0
2024-03-01 16:59:13.675,0 days 01:12:38.002000,1209.0,7891.0,-138.0,OnTrack,185.6666638222198,11884.3330084975,100.0,0,8,4,846.9049380283955,0.15706198766515073,27,3337.6999994690364,interpolation,0 days 00:00:13.845000,13.845,4358.002,0.0
2024-03-01 16:59:13.775,0 days 01:12:38.102000,1259.9788789165527,7900.224305673022,-136.48188051328185,OnTrack,187.3333361777802,12074.6669915025,100.0,0,8,4,850.8370457551156,0.1577912131396295,27,3338.0111116420744,interpolation,0 days 00:00:13.945000,13.945,4358.102,0.0
2024-03-01 16:59:13.875,0 days 01:12:38.202000,1302.0,7909.0,-135.0,OnTrack,189.0,12265.0,100.0,0,8,4,855.3963888888887,0.15863676198801022,27,3338.322222222222,interpolation,0 days 00:00:14.045000,14.045,4358.202,0.0
2024-03-01 16:59:13.975,0 days 01:12:38.302000,1349.7012085660513,7919.444421763943,-133.47404478467925,OnTrack,192.7500096,12005.99933696,100.0,0,8,4,860.7169681079961,0.15962348518462816,27,3338.657570302933,interpolation,0 days 00:00:14.145000,14.145,4358.302,0.0
2024-03-01 16:59:14.075,0 days 01:12:38.402000,1396.0,7930.0,-132.0,OnTrack,196.5,11747.0,100.0,0,8,4,866.798728929846,0.16075137262546363,27,3338.992916666666,interpolation,0 days 00:00:14.245000,14.245,4358.402,0.0
2024-03-01 16:59:14.175,0 days 01:12:38.502000,1433.813869687141,7939.109163743311,-130.67385077864273,OnTrack,200.2500096,11487.99933696,100.0,0,8,4,873.3985182400208,0.16197533057007127,27,3339.3282647473775,interpolation,0 days 00:00:14.345000,14.345,4358.502,0.0
2024-03-01 16:59:14.275,0 days 01:12:38.602000,1482.0,7953.0,-129.0,OnTrack,204.0,11229.0,100.0,0,8,4,880.2730555555554,0.163250241656987,27,3339.6636111111106,interpolation,0 days 00:00:14.445000,14.445,4358.602,0.0
2024-03-01 16:59:14.375,0 days 01:12:38.702000,1559.4155733111024,7977.900595776189,-126.48285054346448,OnTrack,207.00000768,11383.50039552,100.0,0,8,4,887.4224112718888,0.16457611894133328,27,3340.1302789724446,interpolation,0 days 00:00:14.545000,14.545,4358.702,0.0
2024-03-01 16:59:14.475,0 days 01:12:38.802000,1635.0,8003.0,-124.0,OnTrack,210.0,11538.0,100.0,0,8,5,894.2730555555554,0.16584659896768011,27,3340.596944444445,interpolation,0 days 00:00:14.645000,14.645,4358.802,0.0
2024-03-01 16:59:14.575,0 days 01:12:38.902000,1677.6926904462432,8017.487261599552,-122.42904596057039,OnTrack,213.6666729244391,11704.000283306425,100.0,0,8,5,900.251601933071,0.16695534486729297,27,3340.8562041461732,interpolation,0 days 00:00:14.745000,14.745,4358.902,0.0
2024-03-01 16:59:14.675,0 days 01:12:39.002000,1714.0,8028.0,-121.0,OnTrack,217.3333270755609,11869.999716693575,100.0,0,8,5,905.5657294156235,0.1679408715629559,27,3341.115462520495,interpolation,0 days 00:00:14.845000,14.845,4359.002,0.0
2024-03-01 16:59:14.775,0 days 01:12:39.102000,1770.4282840114374,8041.1758346265,-118.94287369311319,OnTrack,221.0,12036.0,100.0,0,8,5,911.4619444444443,0.16903434877691997,27,3341.374722222223,interpolation,0 days 00:00:14.945000,14.945,4359.102,0.0
2024-03-01 16:59:14.875,0 days 01:12:39.202000,1843.6833339688785,8055.957340474425,-116.37495854688687,OnTrack,223.33332935110772,11621.334041031714,100.0,0,8,5,918.1479268737924,0.17027429158832022,27,3341.67101801284,interpolation,0 days 00:00:15.045000,15.045,4359.202,0.0
2024-03-01 16:59:14.975,0 days 01:12:39.302000,1914.0,8066.0,-114.0,OnTrack,225.66667064889228,11206.665958968286,100.0,0,8,5,925.383664455505,0.1716161887432157,27,3341.967315320495,interpolation,0 days 00:00:15.145000,15.145,4359.302,0.0
2024-03-01 16:59:15.075,0 days 01:12:39.402000,1978.084107325646,8070.246399026575,-111.93528835837064,OnTrack,228.0,10792.0,100.0,0,8,5,931.7286111111109,0.17279288507430426,27,3342.2636111111115,interpolation,0 days 00:00:15.245000,15.245,4359.402,0.0
2024-03-01 16:59:15.175,0 days 01:12:39.502000,2040.0,8071.0,-110.0,OnTrack,229.00000256,10924.00033792,100.0,0,8,5,936.9427511002384,0.1737598686800006,27,3342.552500739556,interpolation,0 days 00:00:15.345000,15.345,4359.502,0.0
2024-03-01 16:59:15.275,0 days 01:12:39.602000,2103.812022077244,8070.564265366127,-108.01331130288929,OnTrack,230.0,11056.0,100.0,0,8,6,941.9508333333332,0.1746886380313183,27,3342.8413888888895,interpolation,0 days 00:00:15.445000,15.445,4359.602,0.0
2024-03-01 16:59:15.375,0 days 01:12:39.702000,2169.2841238697183,8068.9253296971165,-105.98791856898524,OnTrack,232.66667121777388,11136.66680433766,100.0,0,8,6,947.6777113964093,0.1757507110117837,27,3343.048796650272,interpolation,0 days 00:00:15.545000,15.545,4359.702,0.0
2024-03-01 16:59:15.475,0 days 01:12:39.802000,2235.0,8066.0,-104.0,OnTrack,235.33332878222612,11217.33319566234,100.0,0,8,6,954.0315716458703,0.17692906040534156,27,3343.2562033497293,interpolation,0 days 00:00:15.645000,15.645,4359.802,0.0
2024-03-01 16:59:15.575,0 days 01:12:39.902000,2300.72359836327,8061.774410704959,-102.06225202789113,OnTrack,238.0,11298.0,100.0,0,8,6,960.4619444444443,0.17812159936434582,27,3343.4636111111117,interpolation,0 days 00:00:15.745000,15.745,4359.902,0.0
2024-03-01 16:59:15.675,0 days 01:12:40.002000,2366.454918959527,8056.24856181199,-100.17467465265858,OnTrack,239.2499968,11388.99976704,100.0,0,8,6,966.8770089447677,0.17931129933677314,27,3343.796943591112,interpolation,0 days 00:00:15.845000,15.845,4360.002,0.0
2024-03-01 16:59:15.775,0 days 01:12:40.102000,2431.958780076021,8049.598432013027,-98.19975995109677,OnTrack,240.5,11480.0,100.0,0,8,6,973.2768308372692,0.18049817250518244,27,3344.1302777777787,interpolation,0 days 00:00:15.945000,15.945,4360.102,0.0
2024-03-01 16:59:15.875,0 days 01:12:40.202000,2497.0,8042.0,-96.0,OnTrack,241.7499968,11570.99976704,100.0,0,8,6,980.0191749733606,0.1817485678258217,27,3344.463610257779,interpolation,0 days 00:00:16.045000,16.045,4360.202,0.0
2024-03-01 16:59:15.975,0 days 01:12:40.302000,2561.5785787314653,8033.453265772911,-93.57539479936833,OnTrack,243.0,11662.0,100.0,0,8,6,987.4619444444443,0.18312885989211108,27,3344.7969444444457,interpolation,0 days 00:00:16.145000,16.145,4360.302,0.0
2024-03-01 16:59:16.075,0 days 01:12:40.402000,2630.0,8023.0,-91.0,OnTrack,246.49999104,11749.99977472,100.0,0,8,6,995.6050630367566,0.18463903456989614,27,3345.096943676446,interpolation,0 days 00:00:16.245000,16.245,4360.402,0.0
2024-03-01 16:59:16.175,0 days 01:12:40.502000,2706.5697475351894,8009.681973349516,-88.34787125269341,OnTrack,250.0,11838.0,100.0,0,14,6,1004.1286111111108,0.18621976145245997,27,3345.3969444444456,interpolation,0 days 00:00:16.345000,16.345,4360.502,1.0
2024-03-01 16:59:16.275,0 days 01:12:40.602000,2779.0,7996.0,-86.0,OnTrack,250.99999744,11558.0007168,100.0,0,14,6,1012.7124983616695,0.1878116784822566,27,3345.6969436764452,interpolation,0 days 00:00:16.445000,16.445,4360.602,1.0
2024-03-01 16:59:16.375,0 days 01:12:40.702000,2835.002936057399,7984.454894129994,-84.33737768447125,OnTrack,252.0,11278.0,100.0,0,14,6,1020.928611111111,0.18933539022529172,27,3345.996944444445,interpolation,0 days 00:00:16.545000,16.545,4360.702,1.0
2024-03-01 16:59:16.475,0 days 01:12:40.802000,2888.0,7973.0,-83.0,OnTrack,253.99999488,11154.50031616,100.0,0,14,6,1028.348663650113,0.19071146934353206,27,3346.172430106312,interpolation,0 days 00:00:16.645000,16.645,4360.802,1.0
2024-03-01 16:59:16.575,0 days 01:12:40.902000,2951.412636120419,7959.588661870524,-81.62786264047915,OnTrack,256.0,11031.0,100.0,0,12,6,1034.972731960206,0.19193992992806352,27,3346.3479166666675,interpolation,0 days 00:00:16.745000,16.745,4360.902,1.0
2024-03-01 16:59:16.675,0 days 01:12:41.002000,3027.0,7944.0,-80.0,OnTrack,257.99999488,10907.50031616,100.0,0,12,6,1041.0927620288592,0.19307491455737846,27,3346.5234023285343,interpolation,0 days 00:00:16.845000,16.845,4361.002,1.0
2024-03-01 16:59:16.775,0 days 01:12:41.102000,3116.5212472200883,7926.013134646857,-77.89544647265384,OnTrack,260.0,10784.0,100.0,0,12,6,1047.0008333333333,0.1941705905661976,27,3346.69888888889,interpolation,0 days 00:00:16.945000,16.945,4361.102,1.0
2024-03-01 16:59:16.875,0 days 01:12:41.202000,3197.0,7910.0,-76.0,OnTrack,262.99999232,10833.999872,100.0,0,12,6,1052.6968853751332,0.19522694673482724,27,3346.7877775502234,interpolation,0 days 00:00:17.045000,17.045,4361.202,1.0
2024-03-01 16:59:16.975,0 days 01:12:41.302000,3245.4598805590476,7900.33253024833,-74.99945852359778,OnTrack,266.0,10884.0,100.0,0,12,7,1058.8230555555556,0.1963630700730051,27,3346.8766666666675,interpolation,0 days 00:00:17.145000,17.145,4361.302,1.0
2024-03-01 16:59:17.075,0 days 01:12:41.402000,3297.0,7890.0,-74.0,OnTrack,266.0,10970.49977856,100.0,0,12,7,1066.0213602163408,0.19769802513947837,27,3347.0433329066677,interpolation,0 days 00:00:17.245000,17.245,4361.402,1.0
2024-03-01 16:59:17.175,0 days 01:12:41.502000,3386.719469425623,7871.991683863163,-72.10780238575948,OnTrack,266.0,11057.0,100.0,0,12,7,1073.6008333333334,0.1991036694565145,27,3347.210000000001,interpolation,0 days 00:00:17.345000,17.345,4361.502,1.0
2024-03-01 16:59:17.275,0 days 01:12:41.602000,3486.0,7852.0,-70.0,OnTrack,268.4999936,11188.49966336,100.0,0,12,7,1080.8703575579534,0.20045183248264684,27,3347.293333120001,interpolation,0 days 00:00:17.445000,17.445,4361.602,1.0
2024-03-01 16:59:17.375,0 days 01:12:41.702000,3566.2233028872142,7835.717366572688,-68.35372716184528,OnTrack,271.0,11320.0,100.0,0,12,7,1088.6563888888888,0.20189578386602966,27,3347.376666666668,interpolation,0 days 00:00:17.545000,17.545,4361.702,1.0
2024-03-01 16:59:17.475,0 days 01:12:41.802000,3633.0,7822.0,-67.0,OnTrack,272.49999616,11299.00005376,100.0,0,12,7,1097.7852291559402,0.203588764663566,27,3347.476666410668,interpolation,0 days 00:00:17.645000,17.645,4361.802,1.0
2024-03-01 16:59:17.575,0 days 01:12:41.902000,3691.940713251095,7809.704116700704,-65.76983464316878,OnTrack,274.0,11278.0,100.0,0,12,7,1106.9230555555555,0.2052834119761721,27,3347.5766666666677,interpolation,0 days 00:00:17.745000,17.745,4361.902,1.0
2024-03-01 16:59:17.675,0 days 01:12:42.002000,3747.4549923396867,7798.010069441273,-64.58765423954479,OnTrack,275.3333310577758,11324.33325425771,100.0,0,12,7,1114.7358582335357,0.20673232821545615,27,3347.602592548347,interpolation,0 days 00:00:17.845000,17.845,4362.002,1.0
2024-03-01 16:59:17.775,0 days 01:12:42.102000,3826.0,7782.0,-63.0,OnTrack,276.6666689422242,11370.66674574229,100.0,0,12,7,1121.4635756949156,0.20798001095939408,27,3347.628518562766,interpolation,0 days 00:00:17.945000,17.945,4362.102,1.0
2024-03-01 16:59:17.875,0 days 01:12:42.202000,3931.9852407776666,7760.8542695364995,-60.931295846630555,OnTrack,278.0,11417.0,100.0,0,12,7,1128.5452777777778,0.20929334160046478,27,3347.6544444444453,interpolation,0 days 00:00:18.045000,18.045,4362.202,1.0
2024-03-01 16:59:17.975,0 days 01:12:42.302000,4037.0,7740.0,-59.0,OnTrack,279.50000384,11488.00018176,100.0,0,12,7,1136.2208955006747,0.2107168163282454,27,3347.6544444444453,interpolation,0 days 00:00:18.145000,18.145,4362.302,1.0
2024-03-01 16:59:18.075,0 days 01:12:42.402000,4112.633562994315,7724.864313339729,-57.82457068067189,OnTrack,281.0,11559.0,100.0,0,12,7,1144.1563888888888,0.2121884860619916,27,3347.6544444444453,interpolation,0 days 00:00:18.245000,18.245,4362.402,1.0
2024-03-01 16:59:18.175,0 days 01:12:42.502000,4165.468451703428,7714.141804161723,-57.21152947972999,OnTrack,281.75000192,11586.75007104,100.0,0,12,7,1152.017877825482,0.21364643136723843,27,3347.6822222933342,interpolation,0 days 00:00:18.345000,18.345,4362.502,1.0
2024-03-01 16:59:18.275,0 days 01:12:42.602000,4235.0,7700.0,-56.0,OnTrack,282.5,11614.5,100.0,0,12,7,1159.8052818090127,0.21509063731466427,27,3347.710000000001,interpolation,0 days 00:00:18.445000,18.445,4362.602,1.0
2024-03-01 16:59:18.375,0 days 01:12:42.702000,4327.81079723222,7681.133482093177,-53.99650185133663,OnTrack,283.25000192,11642.25007104,100.0,0,12,7,1167.6571686124823,0.21654680186501588,27,3347.73777784889,interpolation,0 days 00:00:18.545000,18.545,4362.702,1.0
2024-03-01 16:59:18.475,0 days 01:12:42.802000,4418.0,7663.0,-52.0,OnTrack,284.0,11670.0,100.0,0,12,7,1175.7119444444445,0.21804059301625225,27,3347.7655555555566,interpolation,0 days 00:00:18.645000,18.645,4362.802,1.0
2024-03-01 16:59:18.575,0 days 01:12:42.902000,4479.666764903259,7651.057303279222,-50.80945941225025,OnTrack,285.50000384,11346.99917312,100.0,0,12,7,1183.9696917860151,0.21957202606483395,27,3347.7099998577787,interpolation,0 days 00:00:18.745000,18.745,4362.902,1.0
2024-03-01 16:59:18.675,0 days 01:12:43.002000,4527.0,7642.0,-50.0,OnTrack,287.0,11024.0,100.0,0,12,7,1192.430326078078,0.22114108532892662,27,3347.6544444444453,interpolation,0 days 00:00:18.845000,18.845,4363.002,1.0
2024-03-01 16:59:18.775,0 days 01:12:43.102000,4574.188613348226,7632.522698231503,-49.146741675161934,OnTrack,288.50000384,10700.99917312,100.0,0,12,7,1200.587366353322,0.22265384183980147,27,3347.5988887466674,interpolation,0 days 00:00:18.945000,18.945,4363.102,1.0
2024-03-01 16:59:18.875,0 days 01:12:43.202000,4628.106853434276,7621.368938215399,-48.104258576048316,OnTrack,290.0,10378.0,100.0,0,12,7,1207.9341666666667,0.22401633603292684,27,3347.543333333334,interpolation,0 days 00:00:19.045000,19.045,4363.202,1.0
2024-03-01 16:59:18.975,0 days 01:12:43.302000,4730.0,7601.0,-46.0,OnTrack,290.0,10400.5000576,100.0,0,12,7,1214.4708022495438,0.22522858186027966,27,3347.521111054223,pos,0 days 00:00:19.145000,19.145,4363.302,1.0
2024-03-01 16:59:19.075,0 days 01:12:43.402000,4872.0,7573.0,-43.0,OnTrack,290.0,10423.0,100.0,0,12,7,1220.8230555555556,0.22640663323959667,27,3347.4988888888897,interpolation,0 days 00:00:19.245000,19.245,4363.402,1.0
2024-03-01 16:59:19.175,0 days 01:12:43.502000,4965.653919475304,7554.412230795255,-40.97299956118338,OnTrack,291.00000256,10443.50005248,100.0,0,12,8,1227.6168410205478,0.2276665685652619,27,3347.443333191112,interpolation,0 days 00:00:19.345000,19.345,4363.502,1.0
2024-03-01 16:59:19.275,0 days 01:12:43.602000,5007.253351872665,7545.9666652424985,-40.03352401693142,OnTrack,292.0,10464.0,100.0,0,12,8,1237.0452777777778,0.2294151107583363,27,3347.387777777778,interpolation,0 days 00:00:19.445000,19.445,4363.602,1.0
2024-03-01 16:59:19.375,0 days 01:12:43.702000,5063.0,7535.0,-39.0,OnTrack,293.0,10514.0,100.0,0,12,8,1250.0674999999999,0.2318301351774889,27,3347.2544444444457,interpolation,0 days 00:00:19.545000,19.545,4363.702,1.0
2024-03-01 16:59:19.475,0 days 01:12:43.802000,5143.927424499942,7519.401695316803,-37.67549962412265,OnTrack,294.49999616,10545.99991808,100.0,0,12,8,1259.2785310712234,0.23353835859611694,27,3347.143333617779,interpolation,0 days 00:00:19.645000,19.645,4363.802,1.0
2024-03-01 16:59:19.575,0 days 01:12:43.902000,5240.0,7501.0,-36.0,OnTrack,296.0,10578.0,100.0,0,12,8,1266.5119444444442,0.23487982471703314,27,3347.032222222223,interpolation,0 days 00:00:19.745000,19.745,4363.902,1.0
2024-03-01 16:59:19.675,0 days 01:12:44.002000,5341.182101127684,7481.623162856681,-33.913478238332715,OnTrack,296.6666655288879,10610.999943679952,100.0,0,12,8,1274.8352962576055,0.2364234243834311,27,3346.8840743269147,interpolation,0 days 00:00:19.845000,19.845,4364.002,1.0
2024-03-01 16:59:19.775,0 days 01:12:44.102000,5434.0,7464.0,-32.0,OnTrack,297.3333344711121,10644.000056320048,100.0,0,12,8,1284.0540991724827,0.23813308912227973,27,3346.735925673087,interpolation,0 days 00:00:19.945000,19.945,4364.102,1.0
2024-03-01 16:59:19.875,0 days 01:12:44.202000,5504.979968733953,7450.859327543112,-30.84363094588106,OnTrack,298.0,10677.0,100.0,0,12,8,1293.000833333333,0.2397922975969477,27,3346.5877777777787,interpolation,0 days 00:00:20.045000,20.045,4364.202,1.0
2024-03-01 16:59:19.975,0 days 01:12:44.302000,5564.0,7440.0,-30.0,OnTrack,299.00000256,10707.0000768,100.0,0,12,8,1301.4810177853658,0.24136498251823774,27,3346.4211106844455,interpolation,0 days 00:00:20.145000,20.145,4364.302,1.0
2024-03-01 16:59:20.075,0 days 01:12:44.402000,5620.9380864686045,7429.220871884658,-29.024736086380926,OnTrack,300.0,10737.0,100.0,0,12,8,1309.6675,0.24288319915729667,27,3346.2544444444457,interpolation,0 days 00:00:20.245000,20.245,4364.402,1.0
2024-03-01 16:59:20.175,0 days 01:12:44.502000,5681.064385149402,7417.64381131253,-27.842360645332796,OnTrack,300.6000012287994,10779.200086425555,100.0,0,12,8,1317.7332981153186,0.24437903443610248,27,3346.0944441167658,interpolation,0 days 00:00:20.345000,20.345,4364.502,1.0
2024-03-01 16:59:20.275,0 days 01:12:44.602000,5776.0,7400.0,-26.0,OnTrack,301.19999938560034,10821.399956787222,100.0,0,12,8,1325.6783295377604,0.24585247303734126,27,3345.9344446082855,interpolation,0 days 00:00:20.445000,20.445,4364.602,1.0
2024-03-01 16:59:20.375,0 days 01:12:44.702000,5911.015141996719,7375.411297070401,-23.42217481778708,OnTrack,301.80000061439966,10863.600043212778,100.0,0,12,8,1333.5538098215652,0.24731301309520382,27,3345.7744442806056,interpolation,0 days 00:00:20.545000,20.545,4364.702,1.0
2024-03-01 16:59:20.475,0 days 01:12:44.802000,6040.0,7352.0,-21.0,OnTrack,302.3999987712006,10905.799913574445,100.0,0,12,8,1341.6664608854217,0.24881753744511428,27,3345.6144447721254,interpolation,0 days 00:00:20.645000,20.645,4364.802,1.0
2024-03-01 16:59:20.575,0 days 01:12:44.902000,6116.844762870293,7337.888406265072,-19.624590447944744,OnTrack,303.0,10948.0,100.0,0,12,8,1350.0674999999997,0.2503755445395824,27,3345.4544444444455,interpolation,0 days 00:00:20.745000,20.745,4364.902,1.0
2024-03-01 16:59:20.675,0 days 01:12:45.002000,6151.7590206548875,7331.236028605482,-19.0721601598755,OnTrack,303.24999936,10920.75006976,100.0,0,12,8,1358.7568411388788,0.2519870184246563,27,3345.2604866076454,interpolation,0 days 00:00:20.845000,20.845,4365.002,1.0
2024-03-01 16:59:20.775,0 days 01:12:45.102000,6206.0,7321.0,-18.0,OnTrack,303.5,10893.5,100.0,0,12,8,1367.73457328114,0.2536519756018709,27,3345.066527777779,interpolation,0 days 00:00:20.945000,20.945,4365.102,1.0
2024-03-01 16:59:20.875,0 days 01:12:45.202000,6289.777186407254,7305.339852034986,-16.184326258129353,OnTrack,303.74999936,10866.25006976,100.0,0,12,8,1376.302058988695,0.2552408508983759,27,3344.872569940979,interpolation,0 days 00:00:21.045000,21.045,4365.202,1.0
2024-03-01 16:59:20.975,0 days 01:12:45.302000,6390.0,7287.0,-14.0,OnTrack,304.0,10839.0,100.0,0,12,8,1383.760833333333,0.2566241111339838,27,3344.6786111111123,interpolation,0 days 00:00:21.145000,21.145,4365.302,1.0
2024-03-01 16:59:21.075,0 days 01:12:45.402000,6493.577860901591,7268.724859184606,-11.82188229134838,OnTrack,296.25001984,10488.75089664,75.00006400000001,0,12,8,1390.110819937401,0.2578017421441463,27,3345.2536096391127,interpolation,0 days 00:00:21.245000,21.245,4365.402,1.0
2024-03-01 16:59:21.175,0 days 01:12:45.502000,6589.0,7252.0,-10.0,OnTrack,288.5,10138.5,50.0,0,12,8,1395.3520838249274,0.2587737559878356,27,3345.828611111113,interpolation,0 days 00:00:21.345000,21.345,4365.502,1.0
2024-03-01 16:59:21.275,0 days 01:12:45.602000,6664.755648183206,7238.310992857374,-8.884379993780367,OnTrack,280.75001984,9788.25089664,25.00006400000001,0,12,8,1401.622687522664,0.2599366651130554,27,3346.403609639113,interpolation,0 days 00:00:21.445000,21.445,4365.602,1.0
2024-03-01 16:59:21.375,0 days 01:12:45.702000,6731.0,7226.0,-8.0,OnTrack,273.0,9438.0,0.0,0,12,8,1411.060833333333,0.26168700788983534,27,3346.978611111113,interpolation,0 days 00:00:21.545000,21.545,4365.702,1.0
2024-03-01 16:59:21.475,0 days 01:12:45.802000,6797.888249999184,7213.409183671154,-6.871837745969417,OnTrack,257.0,9229.0,0.0,0,12,8,1422.4830555555552,0.2638053057591945,27,3348.711944444447,interpolation,0 days 00:00:21.645000,21.645,4365.802,1.0
2024-03-01 16:59:21.575,0 days 01:12:45.902000,6865.420398180753,7200.538543870836,-5.499893231688617,OnTrack,242.49996288,9289.50015488,0.0,1,8,8,1428.7891962343388,0.2649748053630244,27,3349.8675029582246,interpolation,0 days 00:00:21.745000,21.745,4365.902,0.0
2024-03-01 16:59:21.675,0 days 01:12:46.002000,6927.2423472719465,7188.648632135098,-4.128002101563508,OnTrack,228.0,9350.0,0.0,1,8,8,1432.6163888888887,0.26568457390788663,27,3351.0230555555577,interpolation,0 days 00:00:21.845000,21.845,4366.002,0.0
2024-03-01 16:59:21.775,0 days 01:12:46.102000,6977.0,7179.0,-3.0,OnTrack,217.33331512890442,9455.333513102069,0.0,1,8,8,1437.7852398587706,0.2666431584795678,27,3352.0600943624695,interpolation,0 days 00:00:21.945000,21.945,4366.102,0.0
2024-03-01 16:59:21.875,0 days 01:12:46.202000,7024.0,7168.0,-2.0,OnTrack,206.66668487109558,9560.666486897931,0.0,1,8,8,1444.0613407578517,0.26780708708328044,27,3353.0971278597567,interpolation,0 days 00:00:22.045000,22.045,4366.202,0.0
2024-03-01 16:59:21.975,0 days 01:12:46.302000,7124.081923183354,7134.092857707632,-0.43268409960920895,OnTrack,196.0,9666.0,0.0,1,8,8,1450.0386111111109,0.2689155963389714,27,3354.1341666666685,interpolation,0 days 00:00:22.145000,22.145,4366.302,0.0
2024-03-01 16:59:22.075,0 days 01:12:46.402000,7228.0,7096.0,1.0,OnTrack,187.75002111999999,9607.75014912,0.0,1,8,8,1455.4826342542226,0.26992521271662856,27,3354.689720800002,interpolation,0 days 00:00:22.245000,22.245,4366.402,0.0
2024-03-01 16:59:22.175,0 days 01:12:46.502000,7277.201912564338,7076.035464431229,1.48021885733322,OnTrack,179.5,9549.5,0.0,1,8,8,1460.3934659341264,0.2708359465547502,27,3355.24527777778,interpolation,0 days 00:00:22.345000,22.345,4366.502,0.0
2024-03-01 16:59:22.275,0 days 01:12:46.602000,7279.85910599746,7071.477979522712,1.1653884713494824,OnTrack,171.25002111999999,9491.25014912,0.0,1,8,8,1464.654624798074,0.2716261959096383,27,3355.800831911113,interpolation,0 days 00:00:22.445000,22.445,4366.602,0.0
2024-03-01 16:59:22.375,0 days 01:12:46.702000,7285.0,7066.0,1.0,OnTrack,163.0,9433.0,0.0,1,8,8,1468.1497222222222,0.27227437603455057,27,3356.356388888891,interpolation,0 days 00:00:22.545000,22.545,4366.702,0.0
2024-03-01 16:59:22.475,0 days 01:12:46.802000,7300.795956017882,7056.880282250166,1.1414678303122288,OnTrack,157.00001536,9223.0005376,0.0,1,8,8,1470.8787224168655,0.2727804802921395,27,3356.7341656995573,interpolation,0 days 00:00:22.645000,22.645,4366.802,0.0
2024-03-01 16:59:22.575,0 days 01:12:46.902000,7327.652188879118,7042.15042942879,1.66257255875846,OnTrack,151.0,9013.0,0.0,1,8,5,1474.8608333333334,0.2735189790628511,27,3357.1119444444457,interpolation,0 days 00:00:22.745000,22.745,4366.902,0.0
2024-03-01 16:59:22.675,0 days 01:12:47.002000,7368.0,7010.0,3.0,OnTrack,146.0,8494.0,0.0,1,8,5,1481.3497222222222,0.27472237007034694,27,3358.0897222222234,interpolation,0 days 00:00:22.845000,22.845,4367.002,0.0
2024-03-01 16:59:22.775,0 days 01:12:47.102000,7418.0,6963.0,5.0,OnTrack,142.3333270755609,8346.666415217993,0.0,1,8,4,1485.7525844639017,0.2755388988967154,27,3358.423056124445,interpolation,0 days 00:00:22.945000,22.945,4367.102,0.0
2024-03-01 16:59:22.875,0 days 01:12:47.202000,7452.184408336532,6928.387107102988,6.303376624969573,OnTrack,138.6666729244391,8199.333584782007,0.0,1,8,4,1487.7867917558576,0.27591615096628225,27,3358.756388320002,interpolation,0 days 00:00:23.045000,23.045,4367.202,0.0
2024-03-01 16:59:22.975,0 days 01:12:47.302000,7466.308573186625,6910.700790830006,6.683596059428064,OnTrack,135.0,8052.0,0.0,1,8,4,1490.3497222222222,0.2763914569129354,27,3359.0897222222234,interpolation,0 days 00:00:23.145000,23.145,4367.302,0.0
2024-03-01 16:59:23.075,0 days 01:12:47.402000,7471.528451443404,6893.41407914202,6.722017464172522,OnTrack,133.00000512,7950.50025984,0.99999744,1,8,4,1493.9242383802844,0.2770543655671621,27,3359.3688881742232,interpolation,0 days 00:00:23.245000,23.245,4367.402,0.0
2024-03-01 16:59:23.175,0 days 01:12:47.502000,7479.0,6860.0,7.0,OnTrack,131.0,7849.0,2.0,1,8,4,1497.663888888889,0.27774789906269454,27,3359.6480555555563,interpolation,0 days 00:00:23.345000,23.345,4367.502,0.0
2024-03-01 16:59:23.275,0 days 01:12:47.602000,7488.723218856412,6810.458553403949,7.517543666910499,OnTrack,129.66666894222416,7792.666762808971,7.333324231103344,1,8,4,1500.7221475098377,0.278315065643301,27,3359.855462608988,interpolation,0 days 00:00:23.445000,23.445,4367.602,0.0
2024-03-01 16:59:23.375,0 days 01:12:47.702000,7497.0,6761.0,8.0,OnTrack,128.33333105777584,7736.333237191029,12.666675768896656,1,8,4,1503.4042818621037,0.27881247843857015,27,3360.062870724347,interpolation,0 days 00:00:23.545000,23.545,4367.702,0.0
2024-03-01 16:59:23.475,0 days 01:12:47.802000,7500.1322354181275,6727.834600434295,8.172720534364492,OnTrack,127.0,7680.0,18.0,1,8,4,1507.5416666666667,0.2795797733874613,27,3360.2702777777786,interpolation,0 days 00:00:23.645000,23.645,4367.802,0.0
2024-03-01 16:59:23.575,0 days 01:12:47.902000,7498.679582191822,6707.919780334676,8.08137686889789,OnTrack,122.0,7811.0,18.0,0,8,4,1512.963888888889,0.28058534669509483,27,3360.6258333333335,interpolation,0 days 00:00:23.745000,23.745,4367.902,0.0
2024-03-01 16:59:23.675,0 days 01:12:48.002000,7496.0,6683.0,8.0,OnTrack,122.49999872,7866.99985664,29.99996928,0,8,4,1516.8167671372757,0.2812998787384812,27,3360.764721866667,interpolation,0 days 00:00:23.845000,23.845,4368.002,0.0
2024-03-01 16:59:23.775,0 days 01:12:48.102000,7492.653151654609,6650.03265390199,7.974261994244314,OnTrack,123.0,7923.0,42.0,0,8,4,1519.7972222222224,0.28185261633483794,27,3360.9036111111113,interpolation,0 days 00:00:23.945000,23.945,4368.102,0.0
2024-03-01 16:59:23.875,0 days 01:12:48.202000,7488.0,6614.0,8.0,OnTrack,123.99999829333187,8027.333155270959,46.66665870221543,0,8,4,1523.0777966846433,0.28246101229832227,27,3360.9295369927904,interpolation,0 days 00:00:24.045000,24.045,4368.202,0.0
2024-03-01 16:59:23.975,0 days 01:12:48.302000,7481.4015078805205,6579.884296253387,8.073051165636235,OnTrack,125.00000170666813,8131.666844729041,51.33334129778457,0,8,4,1526.5538405550046,0.2831056588636867,27,3360.9554630072103,interpolation,0 days 00:00:24.145000,24.145,4368.302,0.0
2024-03-01 16:59:24.075,0 days 01:12:48.402000,7473.0,6547.0,8.0,OnTrack,126.0,8236.0,56.0,0,8,4,1529.5972222222224,0.28367006645232307,27,3360.9813888888893,interpolation,0 days 00:00:24.245000,24.245,4368.402,0.0
2024-03-01 16:59:24.175,0 days 01:12:48.502000,7462.9378010622695,6514.661568577689,7.587431011938285,OnTrack,127.00000256,8249.50003456,56.50000128,0,8,4,1532.1032892879014,0.28413482684854185,27,3360.9813888888893,interpolation,0 days 00:00:24.345000,24.345,4368.502,0.0
2024-03-01 16:59:24.275,0 days 01:12:48.602000,7450.0,6481.0,7.0,OnTrack,128.0,8263.0,57.0,0,8,4,1535.2861111111113,0.28472509418492215,27,3360.9813888888893,interpolation,0 days 00:00:24.445000,24.445,4368.602,0.0
2024-03-01 16:59:24.375,0 days 01:12:48.702000,7432.971685745864,6444.14629228048,6.402362762734069,OnTrack,129.00000256,8652.50099712,61.00001024,0,8,4,1540.35981530517,0.2856660333975321,27,3361.1758338311115,interpolation,0 days 00:00:24.545000,24.545,4368.702,0.0
2024-03-01 16:59:24.475,0 days 01:12:48.802000,7412.559136525953,6405.3379541524855,5.774911498521724,OnTrack,130.0,9042.0,65.0,0,8,4,1545.3972222222224,0.2866002411315339,27,3361.370277777778,interpolation,0 days 00:00:24.645000,24.645,4368.802,0.0
2024-03-01 16:59:24.575,0 days 01:12:48.902000,7393.0,6372.0,5.0,OnTrack,132.5000064,9138.50024704,68.50000896,0,8,4,1548.4712557521614,0.28717033323358904,27,3361.4813891733334,interpolation,0 days 00:00:24.745000,24.745,4368.902,0.0
2024-03-01 16:59:24.675,0 days 01:12:49.002000,7375.000547161839,6345.369925884352,4.058020666332995,OnTrack,135.0,9235.0,72.0,0,8,4,1551.3972222222224,0.28771296569325944,27,3361.5924999999997,interpolation,0 days 00:00:24.845000,24.845,4369.002,0.0
2024-03-01 16:59:24.775,0 days 01:12:49.102000,7358.0,6323.0,3.0,OnTrack,137.5000064,9324.50022912,69.99999488,0,8,4,1555.9904893996616,0.28856480589441014,27,3361.8258339306667,interpolation,0 days 00:00:24.945000,24.945,4369.102,0.0
2024-03-01 16:59:24.875,0 days 01:12:49.202000,7341.437580503011,6302.4424905414,1.8769645034803053,OnTrack,140.0,9414.0,68.0,0,8,4,1560.7305555555556,0.28944387056705484,27,3362.059166666667,interpolation,0 days 00:00:25.045000,25.045,4369.202,0.0
2024-03-01 16:59:24.975,0 days 01:12:49.302000,7325.0,6283.0,1.0,OnTrack,141.2500032,9493.25020288,74.250016,0,8,4,1564.0970145342903,0.29006819416566815,27,3362.3702785742225,interpolation,0 days 00:00:25.145000,25.145,4369.302,0.0
2024-03-01 16:59:25.075,0 days 01:12:49.402000,7308.373969820094,6263.975130867248,0.6801923127851719,OnTrack,142.5,9572.5,80.5,0,8,4,1566.0898318634127,0.29043777029719264,27,3362.681388888889,interpolation,0 days 00:00:25.245000,25.245,4369.402,0.0
2024-03-01 16:59:25.175,0 days 01:12:49.502000,7282.0,6237.0,0.0,OnTrack,143.7500032,9651.75020288,86.750016,0,8,4,1568.6252497586106,0.29090797392489687,27,3362.9925007964443,interpolation,0 days 00:00:25.345000,25.345,4369.502,0.0
2024-03-01 16:59:25.275,0 days 01:12:49.602000,7236.318600576424,6193.706724255115,-1.9581183801913369,OnTrack,145.0,9731.0,93.0,0,8,4,1573.6194444444445,0.2918341677737247,27,3363.303611111111,interpolation,0 days 00:00:25.445000,25.445,4369.602,0.0
2024-03-01 16:59:25.375,0 days 01:12:49.702000,7190.0,6151.0,-4.0,OnTrack,155.0,10160.0,100.0,0,8,4,1580.5083333333334,0.2931117404186689,27,3363.881388888889,interpolation,0 days 00:00:25.545000,25.545,4369.702,0.0
2024-03-01 16:59:25.475,0 days 01:12:49.802000,7161.714426721364,6125.784523602066,-4.93148203163715,OnTrack,159.9999914666594,10467.33280881733,100.0,0,8,4,1585.9070723971518,0.2941129586784452,27,3364.166573587358,interpolation,0 days 00:00:25.645000,25.645,4369.802,0.0
2024-03-01 16:59:25.575,0 days 01:12:49.902000,7146.990522440863,6114.301717404218,-4.923314188897673,OnTrack,165.0000085333406,10774.66719118267,100.0,0,8,4,1589.605888286108,0.29479891922660234,27,3364.451759745976,interpolation,0 days 00:00:25.745000,25.745,4369.902,0.0
2024-03-01 16:59:25.675,0 days 01:12:50.002000,7119.0,6094.0,-5.0,OnTrack,170.0,11082.0,100.0,0,8,4,1593.7305555555556,0.2955638556565457,27,3364.736944444445,interpolation,0 days 00:00:25.845000,25.845,4370.002,0.0
2024-03-01 16:59:25.775,0 days 01:12:50.102000,7073.271455312182,6061.120755244287,-5.332290927225042,OnTrack,175.0000128,11283.50051584,100.0,0,8,4,1598.6354215374372,0.2964734831315478,27,3364.986945084445,interpolation,0 days 00:00:25.945000,25.945,4370.102,0.0
2024-03-01 16:59:25.875,0 days 01:12:50.202000,7009.804888377409,6015.663983137079,-5.9201869705727965,OnTrack,180.0,11485.0,100.0,0,8,4,1603.7305555555556,0.2974183965927551,27,3365.236944444445,interpolation,0 days 00:00:26.045000,26.045,4370.202,0.0
2024-03-01 16:59:25.975,0 days 01:12:50.302000,6945.935877253931,5970.125219461332,-6.547989528634153,OnTrack,182.33333731555217,11588.333509688739,100.0,0,8,4,1608.4261293337076,0.29828920997181246,27,3365.5480560865185,interpolation,0 days 00:00:26.145000,26.145,4370.302,0.0
2024-03-01 16:59:26.075,0 days 01:12:50.402000,6899.0,5937.0,-7.0,OnTrack,184.66666268444783,11691.666490311261,100.0,0,8,4,1612.9061495424935,0.29912004805903625,27,3365.8591661357045,interpolation,0 days 00:00:26.245000,26.245,4370.402,0.0
2024-03-01 16:59:26.175,0 days 01:12:50.502000,6868.9972566156175,5916.288324753087,-7.276218384670339,OnTrack,187.0,11795.0,100.0,0,8,4,1618.275,0.30011572335441955,27,3366.170277777778,interpolation,0 days 00:00:26.345000,26.345,4370.502,0.0
2024-03-01 16:59:26.275,0 days 01:12:50.602000,6850.506387323444,5903.978445926926,-7.454280626094453,OnTrack,191.49998848,11322.00121088,100.0,0,8,4,1624.7166804824928,0.30131035936969586,27,3366.5369435057783,interpolation,0 days 00:00:26.445000,26.445,4370.602,0.0
2024-03-01 16:59:26.375,0 days 01:12:50.702000,6811.0,5876.0,-8.0,OnTrack,196.0,10849.0,100.0,0,8,4,1631.3416666666667,0.3025389901777331,27,3366.903611111112,interpolation,0 days 00:00:26.545000,26.545,4370.702,0.0
2024-03-01 16:59:26.475,0 days 01:12:50.802000,6745.0568903813655,5828.341280258734,-8.991011654848272,OnTrack,199.33332764443958,11028.999692799738,100.0,0,8,4,1637.2603004265748,0.3036366250371511,27,3367.111018164543,interpolation,0 days 00:00:26.645000,26.645,4370.802,0.0
2024-03-01 16:59:26.575,0 days 01:12:50.902000,6676.0,5778.0,-10.0,OnTrack,202.66667235556042,11209.000307200262,100.0,0,8,4,1642.5154481912466,0.30461121370269245,27,3367.3184262799014,interpolation,0 days 00:00:26.745000,26.745,4370.902,0.0
2024-03-01 16:59:26.675,0 days 01:12:51.002000,6627.152270388369,5741.973872520679,-10.599649444815917,OnTrack,206.0,11389.0,100.0,0,8,4,1647.363888888889,0.30551037687774857,27,3367.5258333333327,interpolation,0 days 00:00:26.845000,26.845,4371.002,0.0
2024-03-01 16:59:26.775,0 days 01:12:51.102000,6598.513701546474,5720.26289782077,-10.78995998929602,OnTrack,207.50000384,11466.00019712,100.0,0,8,4,1651.8484779897383,0.3063420622847089,27,3367.6369447288885,interpolation,0 days 00:00:26.945000,26.945,4371.102,0.0
2024-03-01 16:59:26.875,0 days 01:12:51.202000,6578.368281931341,5704.670474210475,-10.835290539128113,OnTrack,209.0,11543.0,100.0,0,8,5,1656.652777777778,0.30723303934738305,27,3367.7480555555558,interpolation,0 days 00:00:27.045000,27.045,4371.202,0.0
2024-03-01 16:59:26.975,0 days 01:12:51.302000,6555.0,5687.0,-11.0,OnTrack,213.6666746311043,11369.999704746919,100.0,0,8,5,1662.4604456552381,0.30831009512964885,27,3367.8665742763455,interpolation,0 days 00:00:27.145000,27.145,4371.302,0.0
2024-03-01 16:59:27.075,0 days 01:12:51.402000,6528.40885575245,5667.251475189343,-11.284088371911677,OnTrack,218.3333253688957,11197.000295253081,100.0,0,8,5,1669.2035585026028,0.3095606330109405,27,3367.9850923903205,interpolation,0 days 00:00:27.245000,27.245,4371.402,0.0
2024-03-01 16:59:27.175,0 days 01:12:51.502000,6479.0,5627.0,-12.0,OnTrack,223.0,11024.0,100.0,0,8,5,1676.4750000000004,0.3109091516031581,27,3368.1036111111102,interpolation,0 days 00:00:27.345000,27.345,4371.502,0.0
2024-03-01 16:59:27.275,0 days 01:12:51.602000,6387.178583553961,5547.820674653471,-13.460179229401831,OnTrack,225.99999232,10943.50020608,100.0,0,8,5,1684.2068320389126,0.31234305150596386,27,3368.2036108551106,interpolation,0 days 00:00:27.445000,27.445,4371.602,0.0
2024-03-01 16:59:27.375,0 days 01:12:51.702000,6292.0,5464.0,-15.0,OnTrack,229.0,10863.0,100.0,0,8,5,1691.741666666667,0.3137404174324377,27,3368.3036111111105,interpolation,0 days 00:00:27.545000,27.545,4371.702,0.0
2024-03-01 16:59:27.475,0 days 01:12:51.802000,6232.519642923789,5409.824476889841,-15.95483625167735,OnTrack,230.33333105777584,10966.999822506516,100.0,0,8,5,1698.4219595999325,0.3149793051034988,27,3368.458610846577,interpolation,0 days 00:00:27.645000,27.645,4371.802,0.0
2024-03-01 16:59:27.575,0 days 01:12:51.902000,6208.737512325328,5385.2941053229915,-16.324687984433876,OnTrack,231.66666894222416,11071.000177493484,100.0,0,8,6,1704.312235320742,0.316071680848479,27,3368.6136113756443,interpolation,0 days 00:00:27.745000,27.745,4371.902,0.0
2024-03-01 16:59:27.675,0 days 01:12:52.002000,6197.586625564204,5370.116681094646,-16.532195724973466,OnTrack,233.0,11175.0,100.0,0,8,6,1709.799166666667,0.3170892547279977,27,3368.7686111111107,interpolation,0 days 00:00:27.845000,27.845,4372.002,0.0
2024-03-01 16:59:27.775,0 days 01:12:52.102000,6176.0,5344.0,-17.0,OnTrack,235.00000341333043,11256.666806044326,100.0,0,8,6,1714.9472658996915,0.3180439908051289,27,3368.9241669321477,interpolation,0 days 00:00:27.945000,27.945,4372.102,0.0
2024-03-01 16:59:27.875,0 days 01:12:52.202000,6143.9776356327175,5306.94406203905,-17.728100809513474,OnTrack,236.99999658666957,11338.333193955674,100.0,0,8,6,1720.2188323061036,0.3190216243749927,27,3369.0797219567407,interpolation,0 days 00:00:28.045000,28.045,4372.202,0.0
2024-03-01 16:59:27.975,0 days 01:12:52.302000,6101.561122266071,5258.0583796382,-18.72036569231251,OnTrack,239.0,11420.0,100.0,0,8,6,1728.3880555555559,0.3205366402683069,27,3369.235277777778,interpolation,0 days 00:00:28.145000,28.145,4372.302,0.0
2024-03-01 16:59:28.075,0 days 01:12:52.402000,6049.0,5192.0,-20.0,OnTrack,241.0,11499.0,100.0,0,8,6,1739.099166666667,0.3225230596710912,27,3369.5019444444433,interpolation,0 days 00:00:28.245000,28.245,4372.402,0.0
2024-03-01 16:59:28.175,0 days 01:12:52.502000,5986.335859064096,5107.878426432215,-21.57087131097836,OnTrack,242.6666695111087,11598.333502862077,100.0,0,8,6,1747.4440094491565,0.324070644925727,27,3369.6575002654804,interpolation,0 days 00:00:28.345000,28.345,4372.502,0.0
2024-03-01 16:59:28.275,0 days 01:12:52.602000,5928.0,5027.0,-23.0,OnTrack,244.3333304888913,11697.666497137923,100.0,0,8,6,1753.0102278478798,0.32510292291375836,27,3369.8130552900734,interpolation,0 days 00:00:28.445000,28.445,4372.602,0.0
2024-03-01 16:59:28.375,0 days 01:12:52.702000,5888.423723349345,4970.671061768512,-23.854406441817318,OnTrack,246.0,11797.0,100.0,0,8,6,1758.2325000000005,0.3260714146623718,27,3369.9686111111105,interpolation,0 days 00:00:28.545000,28.545,4372.702,0.0
2024-03-01 16:59:28.475,0 days 01:12:52.802000,5867.607029112132,4938.891611737754,-24.134090636430326,OnTrack,246.99999744,11734.00016128,100.0,0,8,6,1763.5165391568544,0.3270513613548636,27,3370.0797219377773,interpolation,0 days 00:00:28.645000,28.645,4372.802,0.0
2024-03-01 16:59:28.575,0 days 01:12:52.902000,5852.4868203188535,4913.666355838118,-24.346729512828162,OnTrack,248.0,11671.0,100.0,0,8,6,1769.2547222222227,0.32811553089428247,27,3370.190833333333,interpolation,0 days 00:00:28.745000,28.745,4372.902,0.0
2024-03-01 16:59:28.675,0 days 01:12:53.002000,5830.0,4877.0,-25.0,OnTrack,248.99999744,11737.49982976,100.0,0,8,6,1775.8393132323345,0.32933667025192737,27,3370.3297218666667,interpolation,0 days 00:00:28.845000,28.845,4373.002,0.0
2024-03-01 16:59:28.775,0 days 01:12:53.102000,5801.0,4830.0,-26.0,OnTrack,250.0,11804.0,100.0,0,8,6,1783.1436111111116,0.3306912821945733,27,3370.468611111111,interpolation,0 days 00:00:28.945000,28.945,4373.102,0.0
2024-03-01 16:59:28.875,0 days 01:12:53.202000,5770.607437602943,4779.311124518888,-26.783314040470938,OnTrack,249.00000256,11645.75040512,85.0000384,0,8,6,1791.0407725602697,0.33215584311330515,27,3371.001943079111,interpolation,0 days 00:00:29.045000,29.045,4373.202,0.0
2024-03-01 16:59:28.975,0 days 01:12:53.302000,5738.764095685523,4725.242049126406,-27.320686056319758,OnTrack,248.0,11487.5,70.0,0,8,6,1799.5308784469485,0.33373036800526495,27,3371.535277777778,interpolation,0 days 00:00:29.145000,29.145,4373.302,0.0
2024-03-01 16:59:29.075,0 days 01:12:53.402000,5700.0,4663.0,-28.0,OnTrack,247.00000256,11329.25040512,55.0000384,0,8,6,1808.027308681709,0.335306065773466,27,3372.068609745778,interpolation,0 days 00:00:29.245000,29.245,4373.402,0.0
2024-03-01 16:59:29.175,0 days 01:12:53.502000,5653.403483504031,4591.78617741274,-28.885903527915467,OnTrack,246.0,11171.0,40.0,0,8,6,1815.9436111111115,0.33677417646533997,27,3372.6019444444446,interpolation,0 days 00:00:29.345000,29.345,4373.502,0.0
2024-03-01 16:59:29.275,0 days 01:12:53.602000,5599.0,4518.0,-30.0,OnTrack,241.25001216,10968.5005184,36.2500096,0,8,6,1823.2797046724268,0.33813468504747207,27,3373.740830417778,interpolation,0 days 00:00:29.445000,29.445,4373.602,0.0
2024-03-01 16:59:29.375,0 days 01:12:53.702000,5536.815003290295,4448.040886397156,-31.36389277618747,OnTrack,236.5,10766.0,32.5,1,8,6,1830.0356644874453,0.3393876054515058,27,3374.879722222222,interpolation,0 days 00:00:29.545000,29.545,4373.702,0.0
2024-03-01 16:59:29.475,0 days 01:12:53.802000,5470.281786176752,4383.952860178767,-32.884129621842966,OnTrack,231.75001216,10563.5005184,28.7500096,1,8,6,1836.0511208854032,0.3405031964655053,27,3376.0186081955553,interpolation,0 days 00:00:29.645000,29.645,4373.802,0.0
2024-03-01 16:59:29.575,0 days 01:12:53.902000,5420.0,4338.0,-34.0,OnTrack,227.0,10361.0,25.0,1,8,6,1841.1658333333337,0.34145174082666796,27,3377.1574999999993,interpolation,0 days 00:00:29.745000,29.745,4373.902,0.0
2024-03-01 16:59:29.675,0 days 01:12:54.002000,5389.402902405138,4312.22630850472,-34.618052632969665,OnTrack,225.00000341333626,10216.666912995766,27.333329351107714,1,8,6,1845.3797494567157,0.3422332288219244,27,3378.0880539674054,interpolation,0 days 00:00:29.845000,29.845,4374.002,0.0
2024-03-01 16:59:29.775,0 days 01:12:54.102000,5374.461310149482,4303.163305135979,-34.80932009347696,OnTrack,222.99999658666374,10072.333087004234,29.666670648892286,1,8,6,1848.9595488647283,0.34289711727648214,27,3379.0186126992603,interpolation,0 days 00:00:29.945000,29.945,4374.102,0.0
2024-03-01 16:59:29.875,0 days 01:12:54.202000,5351.0,4290.0,-35.0,OnTrack,221.0,9928.0,32.0,1,8,6,1853.5050000000003,0.3437400897968723,27,3379.9491666666663,interpolation,0 days 00:00:30.045000,30.045,4374.202,0.0
2024-03-01 16:59:29.975,0 days 01:12:54.302000,5314.98974745496,4269.26787702241,-35.26112565264105,OnTrack,217.99999232,10025.5002496,41.00002304,0,8,6,1859.282785866633,0.34481160383790455,27,3381.560281902222,interpolation,0 days 00:00:30.145000,30.145,4374.302,0.0
2024-03-01 16:59:30.075,0 days 01:12:54.402000,5264.839167618209,4242.289476546089,-35.704395855299936,OnTrack,215.0,10123.0,50.0,0,8,6,1865.4494444444447,0.34595523591512234,27,3383.171388888889,interpolation,0 days 00:00:30.245000,30.245,4374.402,0.0
2024-03-01 16:59:30.175,0 days 01:12:54.502000,5191.0,4217.0,-37.0,OnTrack,212.99999488,10022.999744,55.50001408,0,8,6,1871.1616360243625,0.3470145852271651,27,3384.921393368889,interpolation,0 days 00:00:30.345000,30.345,4374.502,0.0
2024-03-01 16:59:30.275,0 days 01:12:54.602000,5099.0,4196.0,-39.0,OnTrack,211.0,9923.0,61.0,0,8,6,1877.1716666666669,0.34812917001256777,27,3386.671388888889,interpolation,0 days 00:00:30.445000,30.445,4374.602,0.0
2024-03-01 16:59:30.375,0 days 01:12:54.702000,5031.553692920197,4186.95759217961,-40.14658935017589,OnTrack,210.49999872,9988.50016768,66.0000128,0,8,6,1884.2319624672093,0.34943853077095305,27,3389.0047281955553,interpolation,0 days 00:00:30.545000,30.545,4374.702,0.0
2024-03-01 16:59:30.475,0 days 01:12:54.802000,4980.0,4185.0,-41.0,OnTrack,210.0,10054.0,71.0,0,8,6,1891.171666666667,0.3507255273232609,27,3391.3380555555555,interpolation,0 days 00:00:30.645000,30.645,4374.802,0.0
2024-03-01 16:59:30.575,0 days 01:12:54.902000,4928.558791378148,4183.97643419353,-42.38009698713941,OnTrack,210.50000128,10098.50011392,78.25001856,0,8,6,1896.8200658656906,0.351773046077125,27,3393.1130600995552,interpolation,0 days 00:00:30.745000,30.745,4374.902,0.0
2024-03-01 16:59:30.675,0 days 01:12:55.002000,4872.0,4184.0,-44.0,OnTrack,211.0,10143.0,85.5,0,8,6,1901.1771022248197,0.3525810763059808,27,3394.888055555555,interpolation,0 days 00:00:30.845000,30.845,4375.002,0.0
2024-03-01 16:59:30.775,0 days 01:12:55.102000,4805.093558810911,4185.183802659212,-45.57282872698764,OnTrack,211.50000128,10187.50011392,92.75001856,0,8,6,1905.8314479408743,0.3534442437721502,27,3396.6630600995554,interpolation,0 days 00:00:30.945000,30.945,4375.102,0.0
2024-03-01 16:59:30.875,0 days 01:12:55.202000,4741.0,4187.0,-47.0,OnTrack,212.0,10232.0,100.0,0,8,6,1912.3716666666671,0.35465715410802473,27,3398.4380555555554,interpolation,0 days 00:00:31.045000,31.045,4375.202,0.0
2024-03-01 16:59:30.975,0 days 01:12:55.302000,4692.879855756383,4188.920749851193,-48.182930650934786,OnTrack,214.5000064,10321.00022784,100.0,0,8,6,1920.797825374196,0.35621981973383565,27,3401.199173735111,interpolation,0 days 00:00:31.145000,31.145,4375.302,0.0
2024-03-01 16:59:31.075,0 days 01:12:55.402000,4655.670907582077,4190.604283592359,-49.25316889696708,OnTrack,217.0,10410.0,100.0,0,8,6,1929.2494444444449,0.35778720708813805,27,3403.9602777777773,interpolation,0 days 00:00:31.245000,31.245,4375.402,0.0
2024-03-01 16:59:31.175,0 days 01:12:55.502000,4599.0,4190.0,-51.0,OnTrack,221.50001152,10595.50047488,96.99999232,0,8,6,1935.866217086812,0.3590143146612241,27,3405.738060106666,pos,0 days 00:00:31.345000,31.345,4375.502,0.0
2024-03-01 16:59:31.275,0 days 01:12:55.602000,4517.80496634902,4186.766133953374,-53.55497083016178,OnTrack,226.0,10781.0,94.0,0,8,6,1941.8050000000003,0.3601156862636009,27,3407.5158333333325,interpolation,0 days 00:00:31.445000,31.445,4375.602,0.0
2024-03-01 16:59:31.375,0 days 01:12:55.702000,4440.0,4183.0,-56.0,OnTrack,227.00000256,10857.50019584,89.99998976,0,8,6,1948.2227784516,0.36130588954940224,27,3409.293615662222,interpolation,0 days 00:00:31.545000,31.545,4375.702,0.0
2024-03-01 16:59:31.475,0 days 01:12:55.802000,4393.4992943238,4180.798912687393,-57.417006122062205,OnTrack,228.0,10934.0,86.0,0,8,6,1954.4716666666668,0.36246477144946604,27,3411.0713888888886,interpolation,0 days 00:00:31.645000,31.645,4375.802,0.0
2024-03-01 16:59:31.575,0 days 01:12:55.902000,4367.4794790432215,4177.930448748419,-58.120771541570036,OnTrack,228.25000064,10940.50001664,87.50000384,0,8,6,1959.903908576906,0.36347220294925914,27,3412.4936147519998,interpolation,0 days 00:00:31.745000,31.745,4375.902,0.0
2024-03-01 16:59:31.675,0 days 01:12:56.002000,4297.0,4161.0,-60.0,OnTrack,228.5,10947.0,89.0,0,8,6,1964.5194485563018,0.3643281737327092,27,3413.915833333333,interpolation,0 days 00:00:31.845000,31.845,4376.002,0.0
2024-03-01 16:59:31.775,0 days 01:12:56.102000,4187.0,4132.0,-63.0,OnTrack,228.75000064,10953.50001664,90.50000384,0,8,6,1969.2000125348807,0.36519620348299137,27,3415.338059196444,interpolation,0 days 00:00:31.945000,31.945,4376.102,0.0
2024-03-01 16:59:31.875,0 days 01:12:56.202000,4132.055706762348,4116.279856647955,-64.90389779542721,OnTrack,229.0,10960.0,92.0,0,8,6,1974.8272222222224,0.36623979255517225,27,3416.7602777777774,interpolation,0 days 00:00:32.045000,32.045,4376.202,0.0
2024-03-01 16:59:31.975,0 days 01:12:56.302000,4091.0,4098.0,-67.0,OnTrack,231.00000341333043,11057.66683335097,94.6666712177739,0,8,6,1981.4011352411012,0.36745895163563136,27,3418.567688269824,interpolation,0 days 00:00:32.145000,32.145,4376.302,0.0
2024-03-01 16:59:32.075,0 days 01:12:56.402000,4006.9029741008762,4057.0959371641484,-70.9460940768627,OnTrack,232.99999658666957,11155.33316664903,97.3333287822261,0,8,6,1988.7358149633733,0.3688191980155251,27,3420.3750895079525,interpolation,0 days 00:00:32.245000,32.245,4376.402,0.0
2024-03-01 16:59:32.175,0 days 01:12:56.502000,3917.0,4011.0,-75.0,OnTrack,235.0,11253.0,100.0,0,8,6,1995.7161111111113,0.37011372251080954,27,3422.182499999999,interpolation,0 days 00:00:32.345000,32.345,4376.502,0.0
2024-03-01 16:59:32.275,0 days 01:12:56.602000,3858.526448632393,3977.144520367153,-77.41953774339656,OnTrack,236.49999616,11243.50002432,100.0,0,8,6,2002.1560828948193,0.37130804164090153,27,3423.8213846933327,interpolation,0 days 00:00:32.445000,32.445,4376.602,0.0
2024-03-01 16:59:32.375,0 days 01:12:56.702000,3827.163710950405,3953.734511759698,-78.49853867177485,OnTrack,238.0,11234.0,100.0,0,8,6,2008.9383333333333,0.37256583774868635,27,3425.4602777777773,interpolation,0 days 00:00:32.545000,32.545,4376.702,0.0
2024-03-01 16:59:32.475,0 days 01:12:56.802000,3797.0,3930.0,-80.0,OnTrack,239.6666638222198,11353.666462435382,100.0,0,8,6,2016.9453300499263,0.37405076806738785,27,3427.293607982219,interpolation,0 days 00:00:32.645000,32.645,4376.802,0.0
2024-03-01 16:59:32.575,0 days 01:12:56.902000,3763.7166625107448,3904.145980201394,-82.21775610164305,OnTrack,241.3333361777802,11473.333537564618,100.0,0,8,6,2025.7998879692213,0.3756928820807249,27,3429.126947573335,interpolation,0 days 00:00:32.745000,32.745,4376.902,0.0
2024-03-01 16:59:32.675,0 days 01:12:57.002000,3725.114678986047,3872.608060587746,-85.28490158375615,OnTrack,243.0,11593.0,100.0,0,8,6,2033.2383333333337,0.3770723722236751,27,3430.960277777777,interpolation,0 days 00:00:32.845000,32.845,4377.002,0.0
2024-03-01 16:59:32.775,0 days 01:12:57.102000,3668.0,3814.0,-90.0,OnTrack,244.50000384,11558.49991168,100.0,0,8,6,2038.8834752449104,0.37811928690024804,27,3432.0936140124436,interpolation,0 days 00:00:32.945000,32.945,4377.102,0.0
2024-03-01 16:59:32.875,0 days 01:12:57.202000,3596.0,3732.0,-96.0,OnTrack,246.0,11524.0,100.0,0,8,6,2044.1716666666669,0.379100003647264,27,3433.2269444444437,interpolation,0 days 00:00:33.045000,33.045,4377.202,0.0
2024-03-01 16:59:32.975,0 days 01:12:57.302000,3544.0727285573803,3670.063179129912,-100.30804925799629,OnTrack,247.00000256,11582.00014848,100.0,0,8,6,2050.539372518672,0.3802809207644923,27,3434.6158368888878,interpolation,0 days 00:00:33.145000,33.145,4377.302,0.0
2024-03-01 16:59:33.075,0 days 01:12:57.402000,3518.0444974365446,3635.432020065124,-102.42800825993855,OnTrack,248.0,11640.0,100.0,0,8,6,2057.949444444445,0.3816551489371525,27,3436.004722222221,interpolation,0 days 00:00:33.245000,33.245,4377.402,0.0
2024-03-01 16:59:33.175,0 days 01:12:57.502000,3497.7440175974366,3604.0848509677744,-104.08396313191153,OnTrack,249.50000384,11720.50020608,100.0,0,8,6,2066.364875171969,0.3832158250151552,27,3437.571392899554,interpolation,0 days 00:00:33.345000,33.345,4377.502,0.0
2024-03-01 16:59:33.275,0 days 01:12:57.602000,3463.0,3552.0,-107.0,OnTrack,251.0,11801.0,100.0,0,8,6,2074.682777777778,0.3847584141037428,27,3439.138055555554,interpolation,0 days 00:00:33.445000,33.445,4377.602,0.0
2024-03-01 16:59:33.375,0 days 01:12:57.702000,3416.0,3482.0,-111.0,OnTrack,247.699991552,11672.599671296,89.9999744,0,8,6,2081.800436687715,0.3860784130855881,27,3441.208060854754,interpolation,0 days 00:00:33.545000,33.545,4377.702,0.0
2024-03-01 16:59:33.475,0 days 01:12:57.802000,3369.8694169339683,3411.0201347054785,-115.02724453629777,OnTrack,244.4,11544.2,80.0,0,8,6,2087.71777901714,0.3871758084439364,27,3443.2780555555537,interpolation,0 days 00:00:33.645000,33.645,4377.802,0.0
2024-03-01 16:59:33.575,0 days 01:12:57.902000,3326.7958285583545,3341.882965857521,-118.90561294122294,OnTrack,241.099991552,11415.799671296,69.9999744,0,8,6,2092.4348653597935,0.3880506114161449,27,3445.348060854754,interpolation,0 days 00:00:33.745000,33.745,4377.902,0.0
2024-03-01 16:59:33.675,0 days 01:12:58.002000,3286.779234873158,3274.588493456126,-122.63510521477554,OnTrack,237.8,11287.4,60.0,0,8,6,2095.9516474128345,0.388702813044254,27,3447.418055555554,interpolation,0 days 00:00:33.845000,33.845,4378.002,0.0
2024-03-01 16:59:33.775,0 days 01:12:58.102000,3249.8196358783794,3209.1367175012942,-126.21572135695553,OnTrack,234.499991552,11158.999671296,49.9999744,0,8,6,2098.268161188214,0.38913242000682735,27,3449.488060854754,interpolation,0 days 00:00:33.945000,33.945,4378.102,0.0
2024-03-01 16:59:33.875,0 days 01:12:58.202000,3214.4450823988022,3145.7928518588005,-129.51937232951607,OnTrack,231.2,11030.6,40.0,0,8,6,2100.9262802988997,0.38962537907723616,27,3451.558055555554,interpolation,0 days 00:00:34.045000,34.045,4378.202,0.0
2024-03-01 16:59:33.975,0 days 01:12:58.302000,3179.1836252592143,3084.82211039442,-132.41796909421035,OnTrack,227.89999155200002,10902.199671296,29.9999744,0,8,6,2105.467929298141,0.3904676464759348,27,3453.628060854754,interpolation,0 days 00:00:34.145000,34.145,4378.302,0.0
2024-03-01 16:59:34.075,0 days 01:12:58.402000,3144.0352644596137,3026.224493108153,-134.91151165103832,OnTrack,224.6,10773.8,20.0,0,8,6,2111.8930616795715,0.39165921357812755,27,3455.698055555554,interpolation,0 days 00:00:34.245000,34.245,4378.402,0.0
2024-03-01 16:59:34.175,0 days 01:12:58.502000,3109.0,2970.0,-137.0,OnTrack,221.299991552,10645.399671296,9.9999744,0,8,6,2120.2017432367147,0.39320009258549254,27,3457.768060854754,interpolation,0 days 00:00:34.345000,34.345,4378.502,0.0
2024-03-01 16:59:34.275,0 days 01:12:58.602000,3074.077831880374,2916.148631069959,-138.68343414109535,OnTrack,218.0,10517.0,0.0,0,8,6,2130.3938888888893,0.39509026771946915,27,3459.838055555554,interpolation,0 days 00:00:34.445000,34.445,4378.602,0.0
2024-03-01 16:59:34.375,0 days 01:12:58.702000,3044.0,2871.0,-140.0,OnTrack,204.0,9266.0,0.0,1,8,6,2141.670555555556,0.39718157171520124,27,3465.089444444443,interpolation,0 days 00:00:34.545000,34.545,4378.702,0.0
2024-03-01 16:59:34.475,0 days 01:12:58.802000,3023.4977442581426,2840.883720472091,-140.98788350238965,OnTrack,193.75002624,9580.49919488,0.0,1,8,6,2149.2373839847182,0.3985848710231166,27,3467.9116594417765,interpolation,0 days 00:00:34.645000,34.645,4378.802,0.0
2024-03-01 16:59:34.575,0 days 01:12:58.902000,3012.5710646548014,2825.799792486234,-141.64708464826424,OnTrack,183.5,9895.0,0.0,1,8,6,2152.2954042125193,0.399151993392738,27,3470.7338888888876,interpolation,0 days 00:00:34.745000,34.745,4378.902,0.0
2024-03-01 16:59:34.675,0 days 01:12:59.002000,2998.1088527240586,2807.315968257258,-142.48274347000668,OnTrack,173.25002624,10209.49919488,0.0,1,8,6,2153.6632037882723,0.39940565742331424,27,3473.556103886221,interpolation,0 days 00:00:34.845000,34.845,4379.002,0.0
2024-03-01 16:59:34.775,0 days 01:12:59.102000,2967.0,2767.0,-144.0,OnTrack,163.0,10524.0,0.0,1,8,6,2156.159444444445,0.3998685954716646,27,3476.378333333332,interpolation,0 days 00:00:34.945000,34.945,4379.102,0.0
2024-03-01 16:59:34.875,0 days 01:12:59.202000,2923.0,2710.0,-146.0,OnTrack,154.66668088890103,10258.00045397372,0.0,1,8,6,2159.784100619599,0.4005408027973153,27,3480.615363139153,interpolation,0 days 00:00:35.045000,35.045,4379.202,0.0
2024-03-01 16:59:34.975,0 days 01:12:59.302000,2888.641698459944,2667.2044838210454,-147.28962414932323,OnTrack,146.33331911109897,9991.99954602628,0.0,1,8,6,2164.315806686234,0.4013812262384595,27,3484.8524146386217,interpolation,0 days 00:00:35.145000,35.145,4379.302,0.0
2024-03-01 16:59:35.075,0 days 01:12:59.402000,2862.0,2636.0,-148.0,OnTrack,138.0,9726.0,0.0,1,8,6,2168.426111111112,0.40214349902008145,27,3489.0894444444425,interpolation,0 days 00:00:35.245000,35.245,4379.402,0.0
2024-03-01 16:59:35.175,0 days 01:12:59.502000,2837.3943541790177,2608.6250375045884,-148.46110730604784,OnTrack,132.33332366223047,9288.999254187303,0.0,1,8,6,2171.8936532397847,0.40278656890264686,27,3493.0301919107083,interpolation,0 days 00:00:35.345000,35.345,4379.502,0.0
2024-03-01 16:59:35.275,0 days 01:12:59.602000,2815.4590720005563,2585.37252216903,-148.7134443963387,OnTrack,126.66667633776953,8852.000745812697,0.0,1,8,5,2174.8224912108594,0.4033297338939351,27,3496.9709192003993,interpolation,0 days 00:00:35.445000,35.445,4379.602,0.0
2024-03-01 16:59:35.375,0 days 01:12:59.702000,2800.0,2568.0,-149.0,OnTrack,121.0,8415.0,0.0,1,8,5,2177.837222222223,0.40388882810115845,27,3500.911666666665,interpolation,0 days 00:00:35.545000,35.545,4379.702,0.0
2024-03-01 16:59:35.475,0 days 01:12:59.802000,2791.6514426855992,2556.800393832173,-149.36127203120296,OnTrack,117.50000896,8135.50071552,0.0,1,8,5,2181.041909049258,0.4044831503920051,27,3505.1338780799983,interpolation,0 days 00:00:35.645000,35.645,4379.802,0.0
2024-03-01 16:59:35.575,0 days 01:12:59.902000,2762.0,2535.0,-150.0,OnTrack,114.0,7856.0,0.0,1,8,3,2184.1705555555563,0.4050633706940911,27,3509.35611111111,interpolation,0 days 00:00:35.745000,35.745,4379.902,0.0
2024-03-01 16:59:35.675,0 days 01:13:00.002000,2693.0,2492.0,-151.0,OnTrack,110.33333959111646,7615.000411307017,0.0,1,8,3,2186.957100751384,0.40558014690771715,27,3514.0079550237947,interpolation,0 days 00:00:35.845000,35.845,4380.002,0.0
2024-03-01 16:59:35.775,0 days 01:13:00.102000,2646.857492874977,2464.849515112765,-151.64773518585616,OnTrack,106.66666040888354,7373.999588692983,0.0,1,8,3,2189.604037145175,0.4060710320974999,27,3518.6598227539807,interpolation,0 days 00:00:35.945000,35.945,4380.102,0.0
2024-03-01 16:59:35.875,0 days 01:13:00.202000,2633.9401005740892,2459.723367269862,-151.8242833588945,OnTrack,103.0,7133.0,0.0,1,8,3,2193.326111111112,0.40676130595124277,27,3523.3116666666656,interpolation,0 days 00:00:36.045000,36.045,4380.202,0.0
2024-03-01 16:59:35.975,0 days 01:13:00.302000,2632.0526579861566,2463.9855357920283,-151.83868985248554,OnTrack,102.0,6821.0,0.0,1,8,3,2197.859444444445,0.40760203117565763,27,3530.200555555554,interpolation,0 days 00:00:36.145000,36.145,4380.302,0.0
2024-03-01 16:59:36.075,0 days 01:13:00.402000,2619.0,2465.0,-152.0,OnTrack,99.00000768,6733.00022528,0.0,1,8,3,2200.4057328443655,0.4080742507829624,27,3533.6672133475536,interpolation,0 days 00:00:36.245000,36.245,4380.402,0.0
2024-03-01 16:59:36.175,0 days 01:13:00.502000,2594.7821266156197,2462.7667598937765,-152.30821380143786,OnTrack,96.0,6645.0,0.0,1,8,3,2202.126111111112,0.40839330197510704,27,3537.1338888888868,interpolation,0 days 00:00:36.345000,36.345,4380.502,0.0
2024-03-01 16:59:36.275,0 days 01:13:00.602000,2561.6378528467903,2458.1127997695935,-152.72273641089313,OnTrack,94.00000512,6406.50061056,0.0,1,8,3,2204.648050647231,0.4088610059859447,27,3541.488877740087,interpolation,0 days 00:00:36.445000,36.445,4380.602,0.0
2024-03-01 16:59:36.375,0 days 01:13:00.702000,2533.0,2456.0,-153.0,OnTrack,92.0,6168.0,0.0,1,8,3,2207.262777777779,0.4093459178360066,27,3545.8438888888872,interpolation,0 days 00:00:36.545000,36.545,4380.702,0.0
2024-03-01 16:59:36.475,0 days 01:13:00.802000,2511.1073601636754,2457.2553364129562,-153.09941013854166,OnTrack,91.00000170666813,6101.333447111208,0.0,1,8,3,2209.2614662283536,0.40971658279103856,27,3549.2661052705116,interpolation,0 days 00:00:36.645000,36.645,4380.802,0.0
2024-03-01 16:59:36.575,0 days 01:13:00.902000,2495.0090788586967,2461.782096251185,-153.04711450794153,OnTrack,89.99999829333187,6034.666552888792,0.0,1,8,3,2210.8425085731405,0.41000979356606737,27,3552.6883391739293,interpolation,0 days 00:00:36.745000,36.745,4380.902,0.0
2024-03-01 16:59:36.675,0 days 01:13:01.002000,2479.0,2469.0,-153.0,OnTrack,89.0,5968.0,0.0,1,8,3,2213.1961111111123,0.4104462787914908,27,3556.1105555555537,interpolation,0 days 00:00:36.845000,36.845,4381.002,0.0
2024-03-01 16:59:36.775,0 days 01:13:01.102000,2462.129259371665,2478.8123339117806,-152.9842145638942,OnTrack,86.4999936,5979.00002816,6.000015359999999,0,8,3,2216.520670050781,0.4110628318563364,27,3561.982792810665,interpolation,0 days 00:00:36.945000,36.945,4381.102,0.0
2024-03-01 16:59:36.875,0 days 01:13:01.202000,2444.8632149204022,2490.8612865180635,-152.99457697002896,OnTrack,84.0,5990.0,12.0,0,8,3,2219.7294444444456,0.41165791220314757,27,3567.8549999999987,interpolation,0 days 00:00:37.045000,37.045,4381.202,0.0
2024-03-01 16:59:36.975,0 days 01:13:01.302000,2430.0,2503.0,-153.0,OnTrack,82.99999744,6026.00009216,16.00001024,0,8,3,2221.735760245718,0.41202999168158994,27,3571.166119587554,interpolation,0 days 00:00:37.145000,37.145,4381.302,0.0
2024-03-01 16:59:37.075,0 days 01:13:01.402000,2418.005967781689,2514.870666553098,-152.99530247726773,OnTrack,82.0,6062.0,20.0,0,8,3,2223.37388888889,0.4123337893443439,27,3574.4772222222205,interpolation,0 days 00:00:37.245000,37.245,4381.402,0.0
2024-03-01 16:59:37.175,0 days 01:13:01.502000,2403.0,2535.0,-153.0,OnTrack,80.99999744,6135.50018816,24.50001152,0,8,3,2225.4781391273673,0.4127240311650724,27,3578.616121706665,pos,0 days 00:00:37.345000,37.345,4381.502,0.0
2024-03-01 16:59:37.275,0 days 01:13:01.602000,2381.0,2569.0,-153.0,OnTrack,80.0,6209.0,29.0,0,8,3,2227.8183333333345,0.4131580297604369,27,3582.7549999999987,interpolation,0 days 00:00:37.445000,37.445,4381.602,0.0
2024-03-01 16:59:37.375,0 days 01:13:01.702000,2363.4000391071468,2599.3824711127195,-152.79365451151835,OnTrack,81.75000448,6341.25033856,32.000007679999996,0,8,3,2230.164339390087,0.4135931061873213,27,3586.3938982044433,interpolation,0 days 00:00:37.545000,37.545,4381.702,0.0
2024-03-01 16:59:37.475,0 days 01:13:01.802000,2351.5327574266025,2623.615977693278,-152.38501099614874,OnTrack,83.5,6473.5,35.0,0,8,3,2232.5161332745856,0.4140292559905542,27,3590.032777777776,interpolation,0 days 00:00:37.645000,37.645,4381.802,0.0
2024-03-01 16:59:37.575,0 days 01:13:01.902000,2342.0,2644.0,-152.0,OnTrack,85.25000448,6605.75033856,38.000007679999996,0,8,3,2234.935706228459,0.4144779756996645,27,3593.6716759822207,interpolation,0 days 00:00:37.745000,37.745,4381.902,0.0
2024-03-01 16:59:37.675,0 days 01:13:02.002000,2334.235410567366,2660.917782780386,-151.67627642129656,OnTrack,87.0,6738.0,41.0,0,8,3,2237.485000000001,0.4149507526654393,27,3597.310555555554,interpolation,0 days 00:00:37.845000,37.845,4382.002,0.0
2024-03-01 16:59:37.775,0 days 01:13:02.102000,2328.238989128702,2674.369326034436,-151.41384026003846,OnTrack,88.2500032,6944.00052736,46.0000128,0,8,3,2240.164040694047,0.41544759172912715,27,3601.0994541439986,interpolation,0 days 00:00:37.945000,37.945,4382.102,0.0
2024-03-01 16:59:37.875,0 days 01:13:02.202000,2323.65638492153,2685.71757459921,-151.21292126592925,OnTrack,89.5,7150.0,51.0,0,8,3,2242.97280087729,0.415968487803109,27,3604.888333333332,interpolation,0 days 00:00:38.045000,38.045,4382.202,0.0
2024-03-01 16:59:37.975,0 days 01:13:02.302000,2318.3615042566103,2703.1401556275396,-151.07489793013278,OnTrack,90.7500032,7356.00052736,56.0000128,0,8,3,2245.848786125889,0.41650185104065524,27,3608.6772319217766,interpolation,0 days 00:00:38.145000,38.145,4382.302,0.0
2024-03-01 16:59:38.075,0 days 01:13:02.402000,2312.0,2728.0,-151.0,OnTrack,92.0,7562.0,61.0,0,8,3,2248.7294444444456,0.4170360809181547,27,3612.46611111111,pos,0 days 00:00:38.245000,38.245,4382.402,0.0
2024-03-01 16:59:38.175,0 days 01:13:02.502000,2305.0,2758.0,-151.0,OnTrack,96.50001152,7825.00067328,65.50001152,0,8,3,2251.614805330975,0.4175711829061354,27,3615.688341582221,interpolation,0 days 00:00:38.345000,38.345,4382.502,0.0
2024-03-01 16:59:38.275,0 days 01:13:02.602000,2299.9302844985577,2779.357438760606,-151.1455334386009,OnTrack,101.0,8088.0,70.0,0,8,3,2254.3405555555564,0.4180766844434721,27,3618.910555555554,interpolation,0 days 00:00:38.445000,38.445,4382.602,0.0
2024-03-01 16:59:38.375,0 days 01:13:02.702000,2296.0,2807.0,-151.0,OnTrack,104.50000896,8313.000576,71.50000384,0,8,3,2256.74243934604,0.41852212362481905,27,3621.3772285368873,pos,0 days 00:00:38.545000,38.545,4382.702,0.0
2024-03-01 16:59:38.475,0 days 01:13:02.802000,2291.9901607763004,2858.1524986754575,-150.1150267233744,OnTrack,108.0,8538.0,73.0,0,8,3,2259.1405555555566,0.41896686409285266,27,3623.8438888888872,interpolation,0 days 00:00:38.645000,38.645,4382.802,0.0
2024-03-01 16:59:38.575,0 days 01:13:02.902000,2289.0,2914.0,-149.0,OnTrack,112.00000682666084,8811.000465919602,78.33334243554779,0,8,3,2261.855052189243,0.4194702786056901,27,3626.177226204439,interpolation,0 days 00:00:38.745000,38.745,4382.902,0.0
2024-03-01 16:59:38.675,0 days 01:13:03.002000,2288.128750843642,2955.7275691866503,-148.16430622115294,OnTrack,115.99999317333916,9083.999534080398,83.66665756445221,0,8,3,2264.912651769542,0.4200373229645102,27,3628.510551573335,interpolation,0 days 00:00:38.845000,38.845,4383.002,0.0
2024-03-01 16:59:38.775,0 days 01:13:03.102000,2289.376413307227,2983.3352062354106,-147.60794538683325,OnTrack,120.0,9357.0,89.0,0,8,3,2268.47388888889,0.42069776896664807,27,3630.843888888887,interpolation,0 days 00:00:38.945000,38.945,4383.102,0.0
2024-03-01 16:59:38.875,0 days 01:13:03.202000,2291.435869117198,3003.0252401664643,-147.24761185909688,OnTrack,124.99998719999999,9732.74903808,91.74999296,0,8,3,2272.565477399131,0.42145657080528454,27,3632.89110587022,interpolation,0 days 00:00:39.045000,39.045,4383.202,0.0
2024-03-01 16:59:38.975,0 days 01:13:03.302000,2293.0,3021.0,-147.0,OnTrack,130.0,10108.5,94.5,0,8,3,2277.187459198237,0.42231373625057034,27,3634.9383333333317,interpolation,0 days 00:00:39.145000,39.145,4383.302,0.0
2024-03-01 16:59:39.075,0 days 01:13:03.402000,2294.0688059556333,3037.2594857360173,-146.86510980954253,OnTrack,134.9999872,10484.24903808,97.24999296,0,8,3,2281.7304117182252,0.4231562453925277,27,3636.985550314665,interpolation,0 days 00:00:39.245000,39.245,4383.402,0.0
2024-03-01 16:59:39.175,0 days 01:13:03.502000,2298.0,3073.0,-146.0,OnTrack,140.0,10860.0,100.0,0,8,3,2285.585000000001,0.4238710945686063,27,3639.032777777776,interpolation,0 days 00:00:39.345000,39.345,4383.502,0.0
2024-03-01 16:59:39.275,0 days 01:13:03.602000,2308.1512951490026,3149.4178454174335,-143.56172928364796,OnTrack,145.99998464,11124.9993216,100.0,0,8,3,2288.751184572682,0.4244582764587695,27,3640.277219036443,interpolation,0 days 00:00:39.445000,39.445,4383.602,0.0
2024-03-01 16:59:39.375,0 days 01:13:03.702000,2319.0,3228.0,-141.0,OnTrack,152.0,11390.0,100.0,0,8,3,2292.3405555555564,0.4251239400010677,27,3641.521666666665,interpolation,0 days 00:00:39.545000,39.545,4383.702,0.0
2024-03-01 16:59:39.475,0 days 01:13:03.802000,2325.023423150352,3270.2334417593815,-139.7645144885697,OnTrack,156.49998848,11575.49952512,100.0,0,8,3,2297.4646338910125,0.42607422130441236,27,3643.0883293226652,interpolation,0 days 00:00:39.645000,39.645,4383.802,0.0
2024-03-01 16:59:39.575,0 days 01:13:03.902000,2327.2666249941153,3282.934348895323,-139.60279863532034,OnTrack,161.0,11761.0,100.0,0,8,3,2303.07388888889,0.42711448060593243,27,3644.6549999999984,interpolation,0 days 00:00:39.745000,39.745,4383.902,0.0
2024-03-01 16:59:39.675,0 days 01:13:04.002000,2332.0,3307.0,-139.0,OnTrack,165.49998848,11454.50078464,100.0,0,8,3,2308.11867994972,0.4280500577596257,27,3645.8216636799984,interpolation,0 days 00:00:39.845000,39.845,4384.002,0.0
2024-03-01 16:59:39.775,0 days 01:13:04.102000,2340.2686192635365,3349.24664307118,-137.70364188322384,OnTrack,170.0,11148.0,100.0,0,8,3,2312.518333333335,0.4288659914901302,27,3646.988333333332,interpolation,0 days 00:00:39.945000,39.945,4384.102,0.0
2024-03-01 16:59:39.875,0 days 01:13:04.202000,2351.4711928919332,3406.309499389008,-135.8214749633013,OnTrack,174.49998848,11248.49974272,100.0,0,8,3,2316.1920785884463,0.4295473025866112,27,3647.677220458665,interpolation,0 days 00:00:40.045000,40.045,4384.202,0.0
2024-03-01 16:59:39.975,0 days 01:13:04.302000,2362.0,3458.0,-134.0,OnTrack,179.0,11349.0,100.0,0,8,3,2320.47388888889,0.43034138183493675,27,3648.3661111111096,interpolation,0 days 00:00:40.145000,40.145,4384.302,0.0
2024-03-01 16:59:40.075,0 days 01:13:04.402000,2371.253756852123,3500.9534006394583,-132.34696656826807,OnTrack,182.49999104,11672.99917056,100.0,0,8,3,2326.697655943601,0.4314956049129761,27,3648.89944307911,interpolation,0 days 00:00:40.245000,40.245,4384.402,0.0
2024-03-01 16:59:40.175,0 days 01:13:04.502000,2379.0,3536.0,-131.0,OnTrack,186.0,11997.0,100.0,0,8,4,2332.87388888889,0.43264101259583637,27,3649.4327777777767,interpolation,0 days 00:00:40.345000,40.345,4384.502,0.0
2024-03-01 16:59:40.275,0 days 01:13:04.602000,2385.006265995332,3563.970096774242,-130.09672562709017,OnTrack,188.66666211555167,11577.000716800612,100.0,0,8,4,2337.0129698850947,0.4334086221104111,27,3649.4327777777767,interpolation,0 days 00:00:40.445000,40.445,4384.602,0.0
2024-03-01 16:59:40.375,0 days 01:13:04.702000,2393.0,3601.0,-129.0,OnTrack,191.33333788444833,11156.999283199388,100.0,0,8,4,2339.851328628354,0.43393500735851337,27,3649.4327777777767,interpolation,0 days 00:00:40.545000,40.545,4384.702,0.0
2024-03-01 16:59:40.475,0 days 01:13:04.802000,2406.7086471758857,3663.2260187150905,-127.07267966919096,OnTrack,194.0,10737.0,100.0,0,8,4,2345.8072222222236,0.4350395522066671,27,3649.4327777777767,interpolation,0 days 00:00:40.645000,40.645,4384.802,0.0
2024-03-01 16:59:40.575,0 days 01:13:04.902000,2421.0,3728.0,-125.0,OnTrack,200.0,10900.0,100.0,0,8,4,2354.6961111111123,0.4366880330388532,27,3648.7661111111097,interpolation,0 days 00:00:40.745000,40.745,4384.902,0.0
2024-03-01 16:59:40.675,0 days 01:13:05.002000,2430.7418509493527,3772.673790935215,-123.4671963577641,OnTrack,202.33332935110772,11075.333034097523,100.0,0,8,4,2360.9920242916896,0.4378556359112734,27,3648.1438899508144,interpolation,0 days 00:00:40.845000,40.845,4385.002,0.0
2024-03-01 16:59:40.775,0 days 01:13:05.102000,2440.0,3816.0,-122.0,OnTrack,204.66667064889228,11250.666965902477,100.0,0,8,5,2364.380040985044,0.43848395747631197,27,3647.5216656047382,interpolation,0 days 00:00:40.945000,40.945,4385.102,0.0
2024-03-01 16:59:40.875,0 days 01:13:05.202000,2452.8402471280006,3876.73123567362,-120.12414218422458,OnTrack,207.0,11426.0,100.0,0,8,5,2368.4961111111124,0.43924729953082214,27,3646.899444444443,interpolation,0 days 00:00:41.045000,41.045,4385.202,0.0
2024-03-01 16:59:40.975,0 days 01:13:05.302000,2469.2625923333544,3954.8674979560765,-117.83962291043782,OnTrack,210.33333902221736,11561.666898204247,100.0,0,8,5,2373.9462794252845,0.4402580555556085,27,3644.8023112357155,interpolation,0 days 00:00:41.145000,41.145,4385.302,0.0
2024-03-01 16:59:41.075,0 days 01:13:05.402000,2485.8036413720306,4032.570011260494,-115.63529218143216,OnTrack,213.66666097778264,11697.333101795753,100.0,0,8,5,2380.6055920331237,0.4414930523394338,27,3642.705188764282,interpolation,0 days 00:00:41.245000,41.245,4385.402,0.0
2024-03-01 16:59:41.175,0 days 01:13:05.502000,2499.0,4092.0,-114.0,OnTrack,217.0,11833.0,100.0,0,8,5,2387.7247222222236,0.4428133241760227,27,3640.6080555555545,interpolation,0 days 00:00:41.345000,41.345,4385.502,0.0
2024-03-01 16:59:41.275,0 days 01:13:05.602000,2508.8516682172612,4133.157464174595,-112.93374636614134,OnTrack,220.99998976,11356.50121984,100.0,0,8,5,2395.1786990080227,0.44419569468470455,27,3637.541396739555,interpolation,0 days 00:00:41.445000,41.445,4385.602,0.0
2024-03-01 16:59:41.375,0 days 01:13:05.702000,2517.07853643994,4164.302951273839,-112.26893688067535,OnTrack,225.0,10880.0,100.0,0,8,5,2402.724722222223,0.44559513558033664,27,3634.4747222222218,interpolation,0 days 00:00:41.545000,41.545,4385.702,0.0
2024-03-01 16:59:41.475,0 days 01:13:05.802000,2534.0,4235.0,-111.0,OnTrack,226.33333105777584,10907.333286684405,100.0,0,8,5,2410.119838096535,0.446966590092029,27,3631.067320630128,interpolation,0 days 00:00:41.645000,41.645,4385.802,0.0
2024-03-01 16:59:41.575,0 days 01:13:05.902000,2561.335966925333,4353.509242431077,-108.959339608759,OnTrack,227.66666894222416,10934.666713315595,100.0,0,8,5,2417.211096529711,0.4482816929973854,27,3627.6599015920933,interpolation,0 days 00:00:41.745000,41.745,4385.902,0.0
2024-03-01 16:59:41.675,0 days 01:13:06.002000,2588.0,4470.0,-107.0,OnTrack,229.0,10962.0,100.0,0,8,5,2423.0802777777785,0.4493701566860428,27,3624.2524999999996,interpolation,0 days 00:00:41.845000,41.845,4386.002,0.0
2024-03-01 16:59:41.775,0 days 01:13:06.102000,2602.905662008061,4534.6415941397,-105.97502546677065,OnTrack,231.00000341333043,11041.333468728773,100.0,0,8,5,2427.574416113883,0.45020361303777223,27,3621.252494880004,interpolation,0 days 00:00:41.945000,41.945,4386.102,0.0
2024-03-01 16:59:41.875,0 days 01:13:06.202000,2606.052952949517,4547.434024850176,-105.884416009071,OnTrack,232.99999658666957,11120.666531271227,100.0,0,8,6,2431.3945147895,0.4509120659752013,27,3618.252505119995,interpolation,0 days 00:00:42.045000,42.045,4386.202,0.0
2024-03-01 16:59:41.975,0 days 01:13:06.302000,2607.173767416214,4553.259443135564,-106.10159854683585,OnTrack,235.0,11200.0,100.0,0,8,6,2438.7469444444455,0.45227560415277085,27,3615.2524999999996,interpolation,0 days 00:00:42.145000,42.145,4386.302,0.0
2024-03-01 16:59:42.075,0 days 01:13:06.402000,2616.0,4597.0,-106.0,OnTrack,237.0,11308.0,100.0,0,8,6,2449.280277777779,0.45422905393891133,27,3609.1636111111106,interpolation,0 days 00:00:42.245000,42.245,4386.402,0.0
2024-03-01 16:59:42.175,0 days 01:13:06.502000,2632.531650700874,4678.655695443484,-105.57962036856345,OnTrack,238.6666695111087,11361.000090453255,100.0,0,8,6,2456.68016106638,0.45560139258709964,27,3605.6969385280045,interpolation,0 days 00:00:42.345000,42.345,4386.502,0.0
2024-03-01 16:59:42.275,0 days 01:13:06.602000,2650.0,4765.0,-105.0,OnTrack,240.3333304888913,11413.999909546745,100.0,0,8,6,2460.61538253545,0.4563311955178435,27,3602.2302836942167,interpolation,0 days 00:00:42.445000,42.445,4386.602,0.0
2024-03-01 16:59:42.375,0 days 01:13:06.702000,2661.6363283785427,4822.8063842035335,-104.42067924178342,OnTrack,242.0,11467.0,100.0,0,8,6,2465.4136111111125,0.45722104664932917,27,3598.7636111111105,interpolation,0 days 00:00:42.545000,42.545,4386.702,0.0
2024-03-01 16:59:42.475,0 days 01:13:06.802000,2673.0,4884.0,-104.0,OnTrack,242.99999744,11549.4997888,100.0,0,8,6,2471.7960629430354,0.45840469846889775,27,3594.208067217777,interpolation,0 days 00:00:42.645000,42.645,4386.802,0.0
2024-03-01 16:59:42.575,0 days 01:13:06.902000,2689.650379027871,4980.505999335315,-103.89630418073601,OnTrack,244.0,11632.0,100.0,0,8,6,2478.969166666668,0.459734979918413,27,3589.6524999999992,interpolation,0 days 00:00:42.745000,42.745,4386.902,0.0
2024-03-01 16:59:42.675,0 days 01:13:07.002000,2707.0,5086.0,-104.0,OnTrack,246.33332935110772,11734.333158684296,100.0,0,8,6,2486.1392121086083,0.46106469419706897,27,3584.3619534736663,interpolation,0 days 00:00:42.845000,42.845,4387.002,0.0
2024-03-01 16:59:42.775,0 days 01:13:07.102000,2720.4613974542353,5174.157619784577,-104.20149567380055,OnTrack,248.66667064889228,11836.666841315704,100.0,0,8,6,2493.404020577456,0.4624119826669887,27,3579.0713798596657,interpolation,0 days 00:00:42.945000,42.945,4387.102,0.0
2024-03-01 16:59:42.875,0 days 01:13:07.202000,2730.034571390576,5244.978858689047,-104.50079120213766,OnTrack,251.0,11939.0,100.0,0,8,6,2501.3500000000013,0.4638855970787275,27,3573.780833333333,interpolation,0 days 00:00:43.045000,43.045,4387.202,0.0
2024-03-01 16:59:42.975,0 days 01:13:07.302000,2736.182529828845,5300.526736658377,-104.89846750605714,OnTrack,252.50000384,12011.00018432,100.0,0,8,6,2510.0749796304253,0.46550368026794897,27,3567.680817717333,interpolation,0 days 00:00:43.145000,43.145,4387.302,0.0
2024-03-01 16:59:43.075,0 days 01:13:07.402000,2741.6833351116366,5353.179436738561,-105.39801012967976,OnTrack,254.0,12083.0,100.0,0,8,6,2518.2833333333347,0.46702595306404204,27,3561.580833333333,interpolation,0 days 00:00:43.245000,43.245,4387.402,0.0
2024-03-01 16:59:43.175,0 days 01:13:07.502000,2747.0,5405.0,-106.0,OnTrack,255.00000170666522,12042.999931733391,100.0,0,8,6,2524.679608370629,0.46821216845363367,27,3557.380826165339,interpolation,0 days 00:00:43.345000,43.345,4387.502,0.0
2024-03-01 16:59:43.275,0 days 01:13:07.602000,2752.1325244939353,5455.988426442693,-106.70443711701787,OnTrack,255.99999829333478,12003.000068266609,100.0,0,8,6,2529.63939154346,0.46913198054650745,27,3553.180840501327,interpolation,0 days 00:00:43.445000,43.445,4387.602,0.0
2024-03-01 16:59:43.375,0 days 01:13:07.702000,2756.3203387119165,5510.203716781668,-107.5756931397722,OnTrack,257.0,11963.0,100.0,0,8,6,2535.4166666666674,0.47020339986808063,27,3548.980833333333,interpolation,0 days 00:00:43.545000,43.545,4387.702,0.0
2024-03-01 16:59:43.475,0 days 01:13:07.802000,2755.0,5592.0,-109.0,OnTrack,257.99999744,12013.99986944,100.0,0,8,6,2542.3870268799456,0.4714960817036456,27,3543.5919582399997,interpolation,0 days 00:00:43.645000,43.645,4387.802,0.0
2024-03-01 16:59:43.575,0 days 01:13:07.902000,2747.4109306883856,5705.4363183771,-111.04173001590935,OnTrack,259.0,12065.0,100.0,0,8,6,2549.8055555555566,0.4728718782151819,27,3538.2030555555552,interpolation,0 days 00:00:43.745000,43.745,4387.902,0.0
2024-03-01 16:59:43.675,0 days 01:13:08.002000,2738.0,5816.0,-113.0,OnTrack,257.50000384,12076.49997056,97.00000768,0,8,6,2556.9271887235655,0.4741926142394558,27,3532.8141804622214,interpolation,0 days 00:00:43.845000,43.845,4388.002,0.0
2024-03-01 16:59:43.775,0 days 01:13:08.102000,2731.2140771577724,5889.1783729557355,-114.17392676477185,OnTrack,256.0,12088.0,94.0,0,8,6,2564.027777777779,0.47550944754667973,27,3527.425277777777,interpolation,0 days 00:00:43.945000,43.945,4388.102,0.0
2024-03-01 16:59:43.875,0 days 01:13:08.202000,2727.0531621617024,5924.971437244309,-114.5635103102249,OnTrack,253.33333788444833,11886.00034474696,69.33337543114703,0,8,6,2571.383028476446,0.4768735088983558,27,3521.85491691418,interpolation,0 days 00:00:44.045000,44.045,4388.202,0.0
2024-03-01 16:59:43.975,0 days 01:13:08.302000,2723.744443703234,5931.777607341408,-114.4077015923857,OnTrack,250.66666211555167,11683.99965525304,44.66662456885296,1,8,6,2578.9057443625634,0.4782686273545833,27,3516.2845275302625,interpolation,0 days 00:00:44.145000,44.145,4388.302,0.0
2024-03-01 16:59:44.075,0 days 01:13:08.402000,2710.6509994700787,5959.987628101339,-115.14021368801177,OnTrack,248.0,11482.0,20.0,1,8,6,2586.0722222222234,0.4795976800105012,27,3510.7141666666657,interpolation,0 days 00:00:44.245000,44.245,4388.402,0.0
2024-03-01 16:59:44.175,0 days 01:13:08.502000,2686.0,6018.0,-117.0,OnTrack,239.49997824,11208.99930112,14.9999872,1,8,6,2592.7952636653854,0.4808444955677187,27,3506.5197114844436,interpolation,0 days 00:00:44.345000,44.345,4388.502,0.0
2024-03-01 16:59:44.275,0 days 01:13:08.602000,2649.791445292997,6105.814723037387,-119.98706052835033,OnTrack,231.0,10936.0,10.0,1,8,6,2599.0747998482784,0.4820090612588771,27,3502.325277777777,interpolation,0 days 00:00:44.445000,44.445,4388.602,0.0
2024-03-01 16:59:44.375,0 days 01:13:08.702000,2612.0,6194.0,-123.0,OnTrack,222.49997824,10662.99930112,4.999987200000001,1,8,6,2604.7975220981416,0.4830703635267698,27,3498.1308225955545,interpolation,0 days 00:00:44.545000,44.545,4388.702,0.0
2024-03-01 16:59:44.475,0 days 01:13:08.802000,2582.6003287719386,6253.12403367434,-124.93742314188626,OnTrack,214.0,10390.0,0.0,1,8,6,2609.8500000000013,0.484007366236599,27,3493.936388888888,interpolation,0 days 00:00:44.645000,44.645,4388.802,0.0
2024-03-01 16:59:44.575,0 days 01:13:08.902000,2560.3728459371664,6286.94365888612,-125.9564715913673,OnTrack,203.49997312,10519.00033024,0.0,1,8,6,2614.232285291369,0.484820078983298,27,3491.0697148835543,interpolation,0 days 00:00:44.745000,44.745,4388.902,0.0
2024-03-01 16:59:44.675,0 days 01:13:09.002000,2538.0,6318.0,-127.0,OnTrack,193.0,10648.0,0.0,1,8,6,2618.427777777779,0.4855981502396586,27,3488.2030555555543,interpolation,0 days 00:00:44.845000,44.845,4389.002,0.0
2024-03-01 16:59:44.775,0 days 01:13:09.102000,2514.262192800173,6350.04993031188,-128.22515161428126,OnTrack,180.99997952001746,10697.000083626595,0.0,1,8,5,2622.919965101217,0.4864312447681023,27,3485.6845327387678,interpolation,0 days 00:00:44.945000,44.945,4389.102,0.0
2024-03-01 16:59:44.875,0 days 01:13:09.202000,2489.159424337685,6383.09344982176,-129.63192643421098,OnTrack,169.00002047998254,10745.999916373405,0.0,1,8,5,2627.6631346886643,0.48731088498483266,27,3483.166022816785,interpolation,0 days 00:00:45.045000,45.045,4389.202,0.0
2024-03-01 16:59:44.975,0 days 01:13:09.302000,2459.7269437063546,6417.46524442076,-131.09773803703524,OnTrack,157.0,10795.0,0.0,1,8,5,2632.3833333333346,0.48818626514619073,27,3480.647499999998,interpolation,0 days 00:00:45.145000,45.145,4389.302,0.0
2024-03-01 16:59:45.075,0 days 01:13:09.402000,2423.0,6453.5,-132.5,OnTrack,149.00001365334498,10311.334158791815,0.0,1,8,5,2637.034846127381,0.48904890723537686,27,3478.880836348445,interpolation,0 days 00:00:45.245000,45.245,4389.402,0.0
2024-03-01 16:59:45.175,0 days 01:13:09.502000,2378.9785932186223,6491.197716559482,-133.8387123231053,OnTrack,140.99998634665502,9827.665841208185,0.0,1,8,5,2641.5678784958727,0.48988957664462984,27,3477.1141636515513,interpolation,0 days 00:00:45.345000,45.345,4389.502,0.0
2024-03-01 16:59:45.275,0 days 01:13:09.602000,2329.879131990782,6529.1603857029995,-135.07770954404705,OnTrack,133.0,9344.0,0.0,1,8,5,2645.6833333333348,0.49065280459134925,27,3475.347499999998,interpolation,0 days 00:00:45.445000,45.445,4389.602,0.0
2024-03-01 16:59:45.375,0 days 01:13:09.702000,2289.0,6559.0,-136.0,OnTrack,127.24998528,8861.24876416,0.0,1,8,5,2649.33141057559,0.4913293554497708,27,3474.7919430222205,interpolation,0 days 00:00:45.545000,45.545,4389.702,0.0
2024-03-01 16:59:45.475,0 days 01:13:09.802000,2258.5575831789297,6579.318565369814,-136.56941859899248,OnTrack,121.5,8378.5,0.0,1,8,3,2652.5120728664224,0.49191922229203155,27,3474.2363888888867,interpolation,0 days 00:00:45.645000,45.645,4389.802,0.0
2024-03-01 16:59:45.575,0 days 01:13:09.902000,2238.5518815275714,6590.116081812442,-136.78596534102456,OnTrack,115.74998528,7895.74876416,0.0,1,8,3,2655.3339365907086,0.49244254847134084,27,3473.680831911109,interpolation,0 days 00:00:45.745000,45.745,4389.902,0.0
2024-03-01 16:59:45.675,0 days 01:13:10.002000,2227.0966846163633,6592.817261660393,-136.7169055245995,OnTrack,110.0,7413.0,0.0,1,8,3,2657.905555555557,0.49291946573560513,27,3473.125277777776,interpolation,0 days 00:00:45.845000,45.845,4390.002,0.0
2024-03-01 16:59:45.775,0 days 01:13:10.102000,2212.874787812128,6595.970335141737,-136.7658288743546,OnTrack,107.24999296,7211.7494848,0.0,1,8,3,2660.2269560944105,0.49334997896846944,27,3473.103055498665,interpolation,0 days 00:00:45.945000,45.945,4390.102,0.0
2024-03-01 16:59:45.875,0 days 01:13:10.202000,2194.0,6601.0,-137.0,OnTrack,104.5,7010.5,0.0,1,8,3,2662.2981144361906,0.49373408376148975,27,3473.0808333333316,interpolation,0 days 00:00:46.045000,46.045,4390.202,0.0
2024-03-01 16:59:45.975,0 days 01:13:10.302000,2170.472321179979,6607.9062562351855,-137.41941890153572,OnTrack,101.74999296,6809.249484800001,0.0,1,8,3,2664.3730046016535,0.4941188806364886,27,3473.058611054221,interpolation,0 days 00:00:46.145000,46.145,4390.302,0.0
2024-03-01 16:59:46.075,0 days 01:13:10.402000,2142.0,6613.0,-138.0,OnTrack,99.0,6608.0,0.0,1,8,3,2666.705555555557,0.4945514617594694,27,3473.0363888888874,interpolation,0 days 00:00:46.245000,46.245,4390.402,0.0
2024-03-01 16:59:46.175,0 days 01:13:10.502000,2108.291285107997,6612.592127447155,-138.71765771643112,OnTrack,95.3333270755609,6393.999634773645,0.0,1,8,3,2669.295791183283,0.4950318315600741,27,3473.569723132442,interpolation,0 days 00:00:46.345000,46.345,4390.502,0.0
2024-03-01 16:59:46.275,0 days 01:13:10.602000,2071.2167746458204,6607.31913703939,-139.50970261427275,OnTrack,91.6666729244391,6180.000365226355,0.0,1,8,3,2672.0635201444716,0.4955451182259596,27,3474.103054645333,interpolation,0 days 00:00:46.445000,46.445,4390.602,0.0
2024-03-01 16:59:46.375,0 days 01:13:10.702000,2042.0,6601.0,-140.0,OnTrack,88.0,5966.0,0.0,1,8,3,2674.527777777779,0.49600212489179313,27,3474.6363888888877,interpolation,0 days 00:00:46.545000,46.545,4390.702,0.0
2024-03-01 16:59:46.475,0 days 01:13:10.802000,2022.5115401575597,6594.271208274018,-140.1258610789931,OnTrack,86.00000512,5749.00055552,0.0,1,8,3,2676.608374032858,0.4963879799844699,27,3475.386386968888,interpolation,0 days 00:00:46.645000,46.645,4390.802,0.0
2024-03-01 16:59:46.575,0 days 01:13:10.902000,2011.2270042236803,6586.734467580706,-139.96681065572017,OnTrack,84.0,5532.0,0.0,1,8,3,2679.1944444444457,0.4968675773286908,27,3476.136388888888,interpolation,0 days 00:00:46.745000,46.745,4390.902,0.0
2024-03-01 16:59:46.675,0 days 01:13:11.002000,1999.0,6576.0,-140.0,OnTrack,83.0,5736.0,0.0,1,8,3,2682.8833333333346,0.497551696874048,27,3477.5586111111106,interpolation,0 days 00:00:46.845000,46.845,4391.002,0.0
2024-03-01 16:59:46.775,0 days 01:13:11.102000,1984.306120981858,6561.669507172608,-140.3049547306389,OnTrack,80.99999488,5724.24996992,7.250018559999999,1,8,3,2685.924602972846,0.4981157127785004,27,3478.8919478577773,interpolation,0 days 00:00:46.945000,46.945,4391.102,0.0
2024-03-01 16:59:46.875,0 days 01:13:11.202000,1968.0878438793206,6544.7184984529495,-140.80054564282858,OnTrack,79.0,5712.5,14.499999999999998,0,8,3,2688.0264787931815,0.4985055142536644,27,3480.2252777777776,interpolation,0 days 00:00:47.045000,47.045,4391.202,0.0
2024-03-01 16:59:46.975,0 days 01:13:11.302000,1956.0,6531.0,-141.0,OnTrack,76.99999488,5700.74996992,21.750018559999997,0,8,3,2689.6401258835904,0.4988047717122402,27,3481.5586145244442,interpolation,0 days 00:00:47.145000,47.145,4391.302,0.0
2024-03-01 16:59:47.075,0 days 01:13:11.402000,1948.9850564030519,6521.489511179017,-140.8221894281037,OnTrack,75.0,5689.0,29.0,0,8,3,2691.216666666668,0.4990971476542225,27,3482.891944444444,interpolation,0 days 00:00:47.245000,47.245,4391.402,0.0
2024-03-01 16:59:47.175,0 days 01:13:11.502000,1940.0,6505.0,-141.0,OnTrack,76.00000256,5934.0006272,30.500003839999998,0,8,3,2692.756117286237,0.4993826450735488,27,3483.9586138417776,interpolation,0 days 00:00:47.345000,47.345,4391.502,0.0
2024-03-01 16:59:47.275,0 days 01:13:11.602000,1924.0,6474.0,-142.0,OnTrack,77.0,6179.0,32.0,0,8,3,2694.63888888889,0.4997318127746141,27,3485.025277777778,interpolation,0 days 00:00:47.445000,47.445,4391.602,0.0
2024-03-01 16:59:47.375,0 days 01:13:11.702000,1912.9740888048868,6450.422792042704,-142.2242908780628,OnTrack,79.00000512,6304.50032128,35.000007679999996,0,8,3,2697.2454276647895,0.5002152060607864,27,3486.658615292444,interpolation,0 days 00:00:47.545000,47.545,4391.702,0.0
2024-03-01 16:59:47.475,0 days 01:13:11.802000,1905.0,6429.0,-142.0,OnTrack,81.0,6430.0,38.0,0,8,3,2700.03888888889,0.5007332648801671,27,3488.2919444444437,interpolation,0 days 00:00:47.645000,47.645,4391.802,0.0
2024-03-01 16:59:47.575,0 days 01:13:11.902000,1896.1573053343309,6400.807719649534,-141.92056979309243,OnTrack,82.00000256,6516.00022016,44.50001664,0,8,3,2702.482483132141,0.5011864394357266,27,3489.5975033422214,interpolation,0 days 00:00:47.745000,47.745,4391.902,0.0
2024-03-01 16:59:47.675,0 days 01:13:12.002000,1886.794217283036,6367.388768032404,-141.96419002814557,OnTrack,83.0,6602.0,51.0,0,8,3,2704.6500000000015,0.5015884143118637,27,3490.903055555555,interpolation,0 days 00:00:47.845000,47.845,4392.002,0.0
2024-03-01 16:59:47.775,0 days 01:13:12.102000,1879.0,6338.0,-142.0,OnTrack,86.00000511999563,6789.000319146395,53.666671217773896,0,8,3,2706.6152763157043,0.5019528828497071,27,3491.965279590635,interpolation,0 days 00:00:47.945000,47.945,4392.102,0.0
2024-03-01 16:59:47.875,0 days 01:13:12.202000,1873.1228623947018,6314.184216795051,-142.00618970279686,OnTrack,88.99999488000437,6975.999680853605,56.333328782226104,0,8,3,2708.4692594235257,0.5022967116065565,27,3493.027498187142,interpolation,0 days 00:00:48.045000,48.045,4392.202,0.0
2024-03-01 16:59:47.975,0 days 01:13:12.302000,1869.1628044671415,6295.941418417557,-141.98275913653612,OnTrack,92.0,7163.0,59.0,0,8,3,2710.757777777779,0.5027211267036796,27,3494.089722222222,interpolation,0 days 00:00:48.145000,48.145,4392.302,0.0
2024-03-01 16:59:48.075,0 days 01:13:12.402000,1866.1213443060105,6279.977910831285,-141.96794900200734,OnTrack,94.99999487999563,7550.33267228388,63.33332593777147,0,8,3,2713.5717754127536,0.5032429940845252,27,3495.3637941218744,interpolation,0 days 00:00:48.245000,48.245,4392.402,0.0
2024-03-01 16:59:48.175,0 days 01:13:12.502000,1863.0,6263.0,-142.0,OnTrack,98.00000512000437,7937.66732771612,67.66667406222854,0,8,3,2716.7956464412296,0.503840874164062,27,3496.637872544792,interpolation,0 days 00:00:48.345000,48.345,4392.502,0.0
2024-03-01 16:59:48.275,0 days 01:13:12.602000,1859.7987715491097,6245.007685923702,-142.07891213051414,OnTrack,101.0,8325.0,72.0,0,8,3,2719.735555555557,0.5043860923441875,27,3497.9119444444445,interpolation,0 days 00:00:48.445000,48.445,4392.602,0.0
2024-03-01 16:59:48.375,0 days 01:13:12.702000,1856.389141368382,6224.892100383333,-142.16276111563985,OnTrack,105.66667463110431,8529.000348159703,75.6666729244391,0,8,3,2722.275898157853,0.504857209278983,27,3498.871205340838,interpolation,0 days 00:00:48.545000,48.545,4392.702,0.0
2024-03-01 16:59:48.475,0 days 01:13:12.802000,1852.0,6196.0,-142.0,OnTrack,110.33332536889569,8732.999651840297,79.3333270755609,0,8,3,2724.6968876876826,0.5053061916979034,27,3499.8304613258288,interpolation,0 days 00:00:48.645000,48.645,4392.802,0.0
2024-03-01 16:59:48.575,0 days 01:13:12.902000,1846.5028285429787,6157.222505199778,-141.54870407637787,OnTrack,115.0,8937.0,83.0,0,8,3,2728.680000000001,0.5060448761815748,27,3500.7897222222223,interpolation,0 days 00:00:48.745000,48.745,4392.902,0.0
2024-03-01 16:59:48.675,0 days 01:13:13.002000,1841.0,6117.0,-141.0,OnTrack,121.0,9674.0,93.0,0,8,3,2734.057777777779,0.5070422070850473,27,3502.2563888888885,interpolation,0 days 00:00:48.845000,48.845,4393.002,0.0
2024-03-01 16:59:48.775,0 days 01:13:13.102000,1836.5938873737464,6083.772868418002,-140.54501442609296,OnTrack,126.0000128,10113.00112384,94.00000256,0,8,3,2738.1443172734935,0.5078000725632713,27,3502.9786129599997,interpolation,0 days 00:00:48.945000,48.945,4393.102,0.0
2024-03-01 16:59:48.875,0 days 01:13:13.202000,1833.1654002720106,6056.729471449248,-140.19305863247345,OnTrack,131.0,10552.0,95.0,0,8,3,2741.3355555555568,0.5083919007663997,27,3503.7008333333333,interpolation,0 days 00:00:49.045000,49.045,4393.202,0.0
2024-03-01 16:59:48.975,0 days 01:13:13.302000,1830.0,6031.0,-140.0,OnTrack,136.66667633776953,10670.000201386494,95.66666780444348,0,8,3,2744.475160199487,0.508974153299968,27,3504.1008340159997,interpolation,0 days 00:00:49.145000,49.145,4393.302,0.0
2024-03-01 16:59:49.075,0 days 01:13:13.402000,1826.9785973849862,6005.772823376863,-139.9751497111423,OnTrack,142.33332366223047,10787.999798613506,96.33333219555652,0,8,3,2747.6300784293576,0.5095592458007369,27,3504.5008326506677,interpolation,0 days 00:00:49.245000,49.245,4393.402,0.0
2024-03-01 16:59:49.175,0 days 01:13:13.502000,1823.9492168206098,5979.622907042981,-140.07072191075727,OnTrack,148.0,10906.0,97.0,0,8,3,2751.2022222222236,0.5102217144901263,27,3504.900833333334,interpolation,0 days 00:00:49.345000,49.345,4393.502,0.0
2024-03-01 16:59:49.275,0 days 01:13:13.602000,1820.0,5944.0,-140.0,OnTrack,153.49998592,11434.49864704,98.49999616,0,8,3,2755.2585343729693,0.5109739741834863,27,3505.1786104000007,interpolation,0 days 00:00:49.445000,49.445,4393.602,0.0
2024-03-01 16:59:49.375,0 days 01:13:13.702000,1814.9789697605584,5897.479053118637,-139.7151976343977,OnTrack,159.0,11963.0,100.0,0,8,3,2760.0355555555566,0.5118598923171112,27,3505.4563888888897,interpolation,0 days 00:00:49.545000,49.545,4393.702,0.0
2024-03-01 16:59:49.475,0 days 01:13:13.802000,1809.2504085651228,5843.755296807374,-139.27149816468025,OnTrack,163.49998848,11621.50087424,100.0,0,8,3,2765.7697359906315,0.5129233195523568,27,3505.590277435023,interpolation,0 days 00:00:49.645000,49.645,4393.802,0.0
2024-03-01 16:59:49.575,0 days 01:13:13.902000,1805.0,5805.0,-139.0,OnTrack,168.0,11280.0,100.0,0,8,3,2771.282222222223,0.5139456326900346,27,3505.7241666666673,interpolation,0 days 00:00:49.745000,49.745,4393.902,0.0
2024-03-01 16:59:49.675,0 days 01:13:14.002000,1802.592022797795,5784.908355266034,-138.95588592601226,OnTrack,172.9999872,11183.00024832,100.0,0,8,3,2775.394045628512,0.5147081871729772,27,3505.635278005334,interpolation,0 days 00:00:49.845000,49.845,4394.002,0.0
2024-03-01 16:59:49.775,0 days 01:13:14.102000,1797.0,5720.0,-139.0,OnTrack,178.0,11086.0,100.0,0,14,3,2779.1933333333345,0.5154127806306803,27,3505.5463888888894,interpolation,0 days 00:00:49.945000,49.945,4394.102,1.0
2024-03-01 16:59:49.875,0 days 01:13:14.202000,1785.0,5570.0,-139.0,OnTrack,182.24998912,11173.74977536,100.0,0,14,3,2783.768131450731,0.5162611956690407,27,3504.907501635556,interpolation,0 days 00:00:50.045000,50.045,4394.202,1.0
2024-03-01 16:59:49.975,0 days 01:13:14.302000,1777.4072395351357,5474.140212819143,-138.99676804121788,OnTrack,186.5,11261.5,100.0,0,12,4,2789.1184868267583,0.5172534409758518,27,3504.2686111111116,interpolation,0 days 00:00:50.145000,50.145,4394.302,1.0
2024-03-01 16:59:50.075,0 days 01:13:14.402000,1776.0242454993281,5455.625829238632,-138.99711777463517,OnTrack,190.74998912,11349.24977536,100.0,0,12,4,2794.922904389411,0.518329893973931,27,3503.6297238577777,interpolation,0 days 00:00:50.245000,50.245,4394.402,1.0
2024-03-01 16:59:50.175,0 days 01:13:14.502000,1776.6291287138563,5459.548531038803,-138.9989086207349,OnTrack,195.0,11437.0,100.0,0,12,4,2800.860000000001,0.5194309526591339,27,3502.9908333333333,interpolation,0 days 00:00:50.345000,50.345,4394.502,1.0
2024-03-01 16:59:50.275,0 days 01:13:14.602000,1775.0,5431.0,-139.0,OnTrack,198.9999931733275,11438.999996586665,100.0,0,12,4,2806.929712862827,0.5205566057566485,27,3501.9537980661744,interpolation,0 days 00:00:50.445000,50.445,4394.602,1.0
2024-03-01 16:59:50.375,0 days 01:13:14.702000,1771.1368593577595,5369.980236122221,-139.00039191243053,OnTrack,203.0000068266725,11441.000003413335,100.0,0,12,4,2813.109092386483,0.5217025969853479,27,3500.9167574893813,interpolation,0 days 00:00:50.545000,50.545,4394.702,1.0
2024-03-01 16:59:50.475,0 days 01:13:14.802000,1765.516537049362,5283.764040920065,-139.00018687651098,OnTrack,207.0,11443.0,100.0,0,12,4,2819.260000000001,0.5228433079817592,27,3499.8797222222224,interpolation,0 days 00:00:50.645000,50.645,4394.802,1.0
2024-03-01 16:59:50.575,0 days 01:13:14.902000,1761.0,5216.0,-139.0,OnTrack,210.25000832,11342.24974208,100.0,0,12,4,2825.359485943415,0.5239744826189487,27,3498.657496871111,pos,0 days 00:00:50.745000,50.745,4394.902,1.0
2024-03-01 16:59:50.675,0 days 01:13:15.002000,1758.0640735891852,5173.96284038304,-138.99993380033231,OnTrack,213.5,11241.5,100.0,0,12,5,2831.407487758149,0.5250961093137178,27,3497.4352777777776,interpolation,0 days 00:00:50.845000,50.845,4395.002,1.0
2024-03-01 16:59:50.775,0 days 01:13:15.102000,1756.3827530759952,5151.311565373369,-138.9999701185114,OnTrack,216.75000832,11140.74974208,100.0,0,12,5,2837.4928880938087,0.526224671717288,27,3496.2130524266663,interpolation,0 days 00:00:50.945000,50.945,4395.102,1.0
2024-03-01 16:59:50.875,0 days 01:13:15.202000,1754.0,5110.0,-139.0,OnTrack,220.0,11040.0,100.0,0,12,5,2843.7044444444455,0.5273766302702708,27,3494.990833333333,interpolation,0 days 00:00:51.045000,51.045,4395.202,1.0
2024-03-01 16:59:50.975,0 days 01:13:15.302000,1750.5898062819733,5043.687082634979,-139.0000052856156,OnTrack,223.50000896,11004.9999104,100.0,0,12,5,2850.042220416559,0.5285519967687516,27,3493.713052284444,interpolation,0 days 00:00:51.145000,51.145,4395.302,1.0
2024-03-01 16:59:51.075,0 days 01:13:15.402000,1747.0,4974.0,-139.0,OnTrack,227.0,10970.0,100.0,0,12,5,2856.315555555557,0.5297154124509349,27,3492.435277777777,interpolation,0 days 00:00:51.245000,51.245,4395.402,1.0
2024-03-01 16:59:51.175,0 days 01:13:15.502000,1744.078409232167,4922.5659388167605,-138.9999981677951,OnTrack,228.00000170666522,10977.6666797511,100.0,0,12,5,2862.3339185446243,0.5308315425041542,27,3491.320461060347,interpolation,0 days 00:00:51.345000,51.345,4395.502,1.0
2024-03-01 16:59:51.275,0 days 01:13:15.602000,1741.4650467231745,4882.111887503964,-138.9999992485971,OnTrack,228.99999829333478,10985.3333202489,100.0,0,12,5,2868.163785328146,0.5319127151644231,27,3490.2056500507633,interpolation,0 days 00:00:51.445000,51.445,4395.602,1.0
2024-03-01 16:59:51.375,0 days 01:13:15.702000,1737.0,4809.0,-139.0,OnTrack,230.0,10993.0,100.0,0,12,5,2874.2044444444455,0.5330329801257094,27,3489.090833333333,pos,0 days 00:00:51.545000,51.545,4395.702,1.0
2024-03-01 16:59:51.475,0 days 01:13:15.802000,1731.0,4707.0,-139.0,OnTrack,235.49998592,11146.99960576,100.0,0,12,5,2880.522371609598,0.5342046655816859,27,3487.701948,interpolation,0 days 00:00:51.645000,51.645,4395.802,1.0
2024-03-01 16:59:51.575,0 days 01:13:15.902000,1727.525312973003,4642.367513081597,-138.99999995896016,OnTrack,241.0,11301.0,100.0,0,12,6,2887.5933333333346,0.5355160043791898,27,3486.3130555555554,interpolation,0 days 00:00:51.745000,51.745,4395.902,1.0
2024-03-01 16:59:51.675,0 days 01:13:16.002000,1726.4546437088673,4613.774742338586,-138.99999998316923,OnTrack,242.99999488,11451.49961472,100.0,0,12,6,2895.892959023174,0.5370552039388921,27,3484.7463928995553,interpolation,0 days 00:00:51.845000,51.845,4396.002,1.0
2024-03-01 16:59:51.775,0 days 01:13:16.102000,1723.0,4547.0,-139.0,OnTrack,245.0,11602.0,100.0,0,12,6,2903.926666666668,0.5385450879083317,27,3483.1797222222217,interpolation,0 days 00:00:51.945000,51.945,4396.102,1.0
2024-03-01 16:59:51.875,0 days 01:13:16.202000,1717.0,4439.0,-139.0,OnTrack,246.6666638222198,11495.333515377934,100.0,0,12,6,2910.199706998054,0.5397084489172363,27,3482.1575017445934,interpolation,0 days 00:00:52.045000,52.045,4396.202,1.0
2024-03-01 16:59:51.975,0 days 01:13:16.302000,1712.2743007668992,4345.736047177767,-138.99999999908096,OnTrack,248.3333361777802,11388.666484622066,100.0,0,12,6,2915.0598578613344,0.5406097837904472,27,3481.1352760331833,interpolation,0 days 00:00:52.145000,52.145,4396.302,1.0
2024-03-01 16:59:52.075,0 days 01:13:16.402000,1709.2866609218274,4276.490889744059,-138.9999999996236,OnTrack,250.0,11282.0,100.0,0,12,6,2920.593333333335,0.5416359894686807,27,3480.113055555555,interpolation,0 days 00:00:52.245000,52.245,4396.402,1.0
2024-03-01 16:59:52.175,0 days 01:13:16.502000,1707.0,4231.0,-139.0,OnTrack,252.00000512,10911.9990528,100.0,0,12,6,2927.147903684906,0.542851561372306,27,3478.807496657777,interpolation,0 days 00:00:52.345000,52.345,4396.502,1.0
2024-03-01 16:59:52.275,0 days 01:13:16.602000,1705.0,4199.0,-139.0,OnTrack,254.0,10542.0,100.0,0,12,6,2934.704444444446,0.544252952789776,27,3477.5019444444433,pos,0 days 00:00:52.445000,52.445,4396.602,1.0
2024-03-01 16:59:52.375,0 days 01:13:16.702000,1701.8378354862534,4119.1754623505185,-138.99999999998954,OnTrack,257.00000511999565,10665.333543822042,100.0,0,12,7,2943.2439756381573,0.5458366438072535,27,3475.901941713779,interpolation,0 days 00:00:52.545000,52.545,4396.702,1.0
2024-03-01 16:59:52.475,0 days 01:13:16.802000,1698.0,4020.0,-139.0,OnTrack,259.99999488000435,10788.666456177958,100.0,0,12,7,2952.5144782013363,0.5475558964575185,27,3474.3019471751077,interpolation,0 days 00:00:52.645000,52.645,4396.802,1.0
2024-03-01 16:59:52.575,0 days 01:13:16.902000,1694.2144567520768,3940.166411473402,-139.00000000000188,OnTrack,263.0,10912.0,100.0,0,12,7,2961.004444444446,0.5491303954520067,27,3472.701944444443,interpolation,0 days 00:00:52.745000,52.745,4396.902,1.0
2024-03-01 16:59:52.675,0 days 01:13:17.002000,1690.0,3860.0,-139.0,OnTrack,264.6666638222198,10977.333221831015,100.0,0,12,7,2968.4618558103266,0.5505134029176246,27,3471.50935388721,interpolation,0 days 00:00:52.845000,52.845,4397.002,1.0
2024-03-01 16:59:52.775,0 days 01:13:17.102000,1684.8754240012872,3759.8260688090686,-138.99999999999935,OnTrack,266.3333361777802,11042.666778168985,100.0,0,12,7,2975.0612022623213,0.5517372787323699,27,3470.316757223898,interpolation,0 days 00:00:52.945000,52.945,4397.102,1.0
2024-03-01 16:59:52.875,0 days 01:13:17.202000,1679.1856283483064,3646.705125636545,-138.9999999999997,OnTrack,268.0,11108.0,100.0,0,12,7,2981.8488888888905,0.5529960830034831,27,3469.124166666665,interpolation,0 days 00:00:53.045000,53.045,4397.202,1.0
2024-03-01 16:59:52.975,0 days 01:13:17.302000,1675.0,3563.0,-139.0,OnTrack,270.00000341333043,11152.333408995491,100.0,0,12,7,2988.999398795381,0.5543221743371187,27,3467.853794128198,interpolation,0 days 00:00:53.145000,53.145,4397.302,1.0
2024-03-01 16:59:53.075,0 days 01:13:17.402000,1672.6634350169832,3515.771127336142,-139.0000000000001,OnTrack,271.99999658666957,11196.666591004509,100.0,0,12,7,2996.376132390447,0.5556902197798749,27,3466.583428094021,interpolation,0 days 00:00:53.245000,53.245,4397.402,1.0
2024-03-01 16:59:53.175,0 days 01:13:17.502000,1671.7828797245709,3496.9360751301597,-139.00000000000009,OnTrack,274.0,11241.0,100.0,0,12,7,3003.1600000000017,0.5569483157986492,27,3465.313055555554,interpolation,0 days 00:00:53.345000,53.345,4397.502,1.0
2024-03-01 16:59:53.275,0 days 01:13:17.602000,1670.0,3458.0,-139.0,OnTrack,274.9999982933319,11331.333179164312,100.0,0,12,7,3009.214405787111,0.5580711301363108,27,3464.094539116642,interpolation,0 days 00:00:53.445000,53.445,4397.602,1.0
2024-03-01 16:59:53.375,0 days 01:13:17.702000,1666.9217381436954,3390.880386666321,-139.0,OnTrack,276.0000017066681,11421.666820835688,100.0,0,12,7,3015.1582472054524,0.5591734398591759,27,3462.87601643891,interpolation,0 days 00:00:53.545000,53.545,4397.702,1.0
2024-03-01 16:59:53.475,0 days 01:13:17.802000,1663.0,3305.0,-139.0,OnTrack,277.0,11512.0,100.0,0,12,7,3024.7044444444464,0.5609438212156603,27,3461.657499999998,interpolation,0 days 00:00:53.645000,53.645,4397.802,1.0
2024-03-01 16:59:53.575,0 days 01:13:17.902000,1658.6866914132581,3209.7816048719155,-139.00000000000003,OnTrack,279.0,11603.0,100.0,0,12,7,3037.104444444446,0.5632434519765599,27,3459.6130555555533,interpolation,0 days 00:00:53.745000,53.745,4397.902,1.0
2024-03-01 16:59:53.675,0 days 01:13:18.002000,1654.0,3104.0,-139.0,OnTrack,280.49999616,11593.0000256,100.0,0,12,7,3044.1532726285686,0.5645506860185361,27,3458.6130581155535,interpolation,0 days 00:00:53.845000,53.845,4398.002,1.0
2024-03-01 16:59:53.775,0 days 01:13:18.102000,1648.9581133767574,2986.4299841021857,-139.00000000000003,OnTrack,282.0,11583.0,100.0,0,12,7,3049.63777777778,0.5655678099499424,27,3457.6130555555533,interpolation,0 days 00:00:53.945000,53.945,4398.102,1.0
2024-03-01 16:59:53.875,0 days 01:13:18.202000,1643.8045040967663,2863.413276688261,-139.0,OnTrack,283.49999616,11674.99976448,100.0,0,12,7,3058.7121666009357,0.5672506925043047,27,3456.1130593955536,interpolation,0 days 00:00:54.045000,54.045,4398.202,1.0
2024-03-01 16:59:53.975,0 days 01:13:18.302000,1640.0,2773.0,-139.0,OnTrack,285.0,11767.0,100.0,0,12,7,3068.6377777777793,0.56909143772874,27,3454.6130555555537,interpolation,0 days 00:00:54.145000,54.145,4398.302,1.0
2024-03-01 16:59:54.075,0 days 01:13:18.402000,1637.7880711465489,2721.531808608316,-139.0,OnTrack,286.3333310577758,11322.667424996203,100.0,0,12,7,3076.675755428098,0.5705821135884253,27,3453.44639088,interpolation,0 days 00:00:54.245000,54.245,4398.402,1.0
2024-03-01 16:59:54.175,0 days 01:13:18.502000,1636.8196143758462,2700.8497657275107,-139.0,OnTrack,287.6666689422242,10878.332575003797,100.0,0,12,7,3083.2735806329097,0.571805707281653,27,3452.279720231108,interpolation,0 days 00:00:54.345000,54.345,4398.502,1.0
2024-03-01 16:59:54.275,0 days 01:13:18.602000,1635.0,2662.0,-139.0,OnTrack,289.0,10434.0,100.0,0,12,7,3091.115555555557,0.5732600336331306,27,3451.113055555554,interpolation,0 days 00:00:54.445000,54.445,4398.602,1.0
2024-03-01 16:59:54.375,0 days 01:13:18.702000,1631.9801212836092,2596.8234910921456,-139.0,OnTrack,290.00000256,10446.500032,100.0,0,12,7,3100.649159269996,0.575028079468933,27,3449.652496260976,interpolation,0 days 00:00:54.545000,54.545,4398.702,1.0
2024-03-01 16:59:54.475,0 days 01:13:18.802000,1627.8333594961248,2507.1546626281574,-138.99999999999994,OnTrack,291.0,10459.0,100.0,0,12,7,3110.434722222224,0.5768428521768092,27,3448.1919444444425,interpolation,0 days 00:00:54.645000,54.645,4398.802,1.0
2024-03-01 16:59:54.575,0 days 01:13:18.902000,1623.0,2404.0,-139.0,OnTrack,292.000002047999,10488.20005980157,100.0,0,12,7,3119.032772686485,0.5784373958325657,27,3447.140831180657,interpolation,0 days 00:00:54.745000,54.745,4398.902,1.0
2024-03-01 16:59:54.675,0 days 01:13:19.002000,1617.5534233132666,2289.193908047483,-139.0000000000002,OnTrack,292.99999897600054,10517.399970099215,100.0,0,12,8,3126.4432226189674,0.5798116941081176,27,3446.0897232985576,interpolation,0 days 00:00:54.845000,54.845,4399.002,1.0
2024-03-01 16:59:54.775,0 days 01:13:19.102000,1611.7357821240437,2167.7777655438217,-139.0000000000004,OnTrack,294.00000102399946,10546.600029900785,100.0,0,12,8,3132.8686773356644,0.581003320988705,27,3445.0386100347723,interpolation,0 days 00:00:54.945000,54.945,4399.102,1.0
2024-03-01 16:59:54.875,0 days 01:13:19.202000,1607.0,2070.0,-139.0,OnTrack,294.999997952001,10575.79994019843,100.0,0,12,8,3139.5242372673756,0.5822376218233803,27,3443.9875021526727,interpolation,0 days 00:00:55.045000,55.045,4399.202,1.0
2024-03-01 16:59:54.975,0 days 01:13:19.302000,1603.588232108911,2000.902041813217,-138.99999999999886,OnTrack,296.0,10605.0,100.0,0,12,8,3146.6125000000015,0.5835521691638065,27,3442.9363888888874,interpolation,0 days 00:00:55.145000,55.145,4399.302,1.0
2024-03-01 16:59:55.075,0 days 01:13:19.402000,1601.1963952988879,1953.8454741565577,-138.99999999999767,OnTrack,296.99999744,10659.49986048,100.0,0,12,8,3154.1333929499165,0.5849469495490529,27,3441.7419475022207,interpolation,0 days 00:00:55.245000,55.245,4399.402,1.0
2024-03-01 16:59:55.175,0 days 01:13:19.502000,1598.0,1889.0,-139.0,OnTrack,298.0,10714.0,100.0,0,12,8,3163.168055555557,0.5866224647137531,27,3440.5474999999988,interpolation,0 days 00:00:55.345000,55.345,4399.502,1.0
2024-03-01 16:59:55.275,0 days 01:13:19.602000,1594.0,1806.0,-139.0,OnTrack,298.99999744,10733.49995008,100.0,0,12,8,3174.797457726489,0.5887791849527164,27,3438.875282058665,interpolation,0 days 00:00:55.445000,55.445,4399.602,1.0
2024-03-01 16:59:55.375,0 days 01:13:19.702000,1591.026588883351,1742.4816584969542,-138.99999999995828,OnTrack,300.0,10753.0,100.0,0,12,8,3186.5013888888902,0.5909497268982415,27,3437.203055555554,interpolation,0 days 00:00:55.545000,55.545,4399.702,1.0
2024-03-01 16:59:55.475,0 days 01:13:19.802000,1589.384797352368,1704.7176407647728,-138.9999999998683,OnTrack,300.99999744,10753.0,100.0,0,12,8,3195.75939953565,0.5926666628714693,27,3435.980836462221,interpolation,0 days 00:00:55.645000,55.645,4399.802,1.0
2024-03-01 16:59:55.575,0 days 01:13:19.902000,1586.8006071452007,1650.8448026502049,-138.99999999984414,OnTrack,302.0,10753.0,100.0,0,12,8,3203.279166666668,0.5940612344689928,27,3434.75861111111,interpolation,0 days 00:00:55.745000,55.745,4399.902,1.0
2024-03-01 16:59:55.675,0 days 01:13:20.002000,1581.0,1539.0,-139.0,OnTrack,302.9999982933319,10804.666578488814,100.0,0,12,8,3209.768195477356,0.595264651425559,27,3433.7808350020746,interpolation,0 days 00:00:55.845000,55.845,4400.002,1.0
2024-03-01 16:59:55.775,0 days 01:13:20.102000,1573.0,1388.0,-139.0,OnTrack,304.0000017066681,10856.333421511186,100.0,0,12,8,3215.66636857492,0.5963584917713871,27,3432.8030538868124,interpolation,0 days 00:00:55.945000,55.945,4400.102,1.0
2024-03-01 16:59:55.875,0 days 01:13:20.202000,1568.9027828876974,1310.7459838183217,-138.99999999782955,OnTrack,305.0,10908.0,100.0,0,12,8,3223.6125000000015,0.5978321343726185,27,3431.825277777777,interpolation,0 days 00:00:56.045000,56.045,4400.202,1.0
2024-03-01 16:59:55.975,0 days 01:13:20.302000,1566.0,1253.0,-139.0,OnTrack,305.50000128,10886.99994624,100.0,0,12,8,3234.046487280555,0.599767160026586,27,3430.41944084551,interpolation,0 days 00:00:56.145000,56.145,4400.302,1.0
2024-03-01 16:59:56.075,0 days 01:13:20.402000,1561.0,1151.0,-139.0,OnTrack,306.0,10866.0,100.0,0,12,8,3244.0975000000017,0.6016311614804435,27,3429.01361111111,interpolation,0 days 00:00:56.245000,56.245,4400.402,1.0
2024-03-01 16:59:56.175,0 days 01:13:20.502000,1556.5051605062963,1060.502875025283,-138.99999991767916,OnTrack,306.0,10892.50006784,100.0,0,12,8,3250.894917508118,0.6028917703833743,27,3428.035830830221,interpolation,0 days 00:00:56.345000,56.345,4400.502,1.0
2024-03-01 16:59:56.275,0 days 01:13:20.602000,1552.690080774032,985.8129808910691,-138.99999979901278,OnTrack,306.0,10919.0,100.0,0,12,8,3257.6975000000016,0.6041533371536881,27,3427.0580555555543,interpolation,0 days 00:00:56.445000,56.445,4400.602,1.0
2024-03-01 16:59:56.375,0 days 01:13:20.702000,1548.0,897.0,-139.0,OnTrack,307.00000256,10944.50006528,100.0,0,12,8,3267.7641469347955,0.6060202380367823,27,3425.3247177848875,interpolation,0 days 00:00:56.545000,56.545,4400.702,1.0
2024-03-01 16:59:56.475,0 days 01:13:20.802000,1542.1757927103931,789.075571626344,-139.00000057997377,OnTrack,308.0,10970.0,100.0,0,12,8,3278.230833333335,0.6079613278760381,27,3423.5913888888876,interpolation,0 days 00:00:56.645000,56.645,4400.802,1.0
2024-03-01 16:59:56.575,0 days 01:13:20.902000,1535.5369024165682,668.3849660635851,-139.00000121928173,OnTrack,307.66666609777826,10956.66664391113,100.0,0,12,8,3286.2337444777436,0.6094455005086534,27,3422.369164580741,interpolation,0 days 00:00:56.745000,56.745,4400.902,1.0
2024-03-01 16:59:56.675,0 days 01:13:21.002000,1530.0,573.0,-139.0,OnTrack,307.33333390222174,10943.33335608887,100.0,0,12,8,3292.200511956838,0.6105520619633357,27,3421.1469465303676,interpolation,0 days 00:00:56.845000,56.845,4401.002,1.0
2024-03-01 16:59:56.775,0 days 01:13:21.102000,1525.884532243164,509.26600870497384,-138.999996602473,OnTrack,307.0,10930.0,100.0,0,12,8,3298.6975000000016,0.6117569549921466,27,3419.924722222221,interpolation,0 days 00:00:56.945000,56.945,4401.102,1.0
2024-03-01 16:59:56.875,0 days 01:13:21.202000,1523.1904991460597,477.18299217850654,-138.99999102670074,OnTrack,296.0000187733493,10415.334211698528,66.66672355560411,0,12,8,3306.152355616663,0.6131394884836094,27,3418.9469461131853,interpolation,0 days 00:00:57.045000,57.045,4401.202,1.0
2024-03-01 16:59:56.975,0 days 01:13:21.302000,1521.1512164759256,434.7584795627859,-138.9999899375781,OnTrack,284.9999812266507,9900.665788301472,33.333276444395906,0,12,8,3314.4670703771694,0.6146814863732358,27,3417.969164997923,interpolation,0 days 00:00:57.145000,57.145,4401.302,1.0
2024-03-01 16:59:57.075,0 days 01:13:21.402000,1519.0,340.0,-139.0,OnTrack,274.0,9386.0,0.0,0,12,8,3323.053055555557,0.6162737924723364,27,3416.9913888888873,interpolation,0 days 00:00:57.245000,57.245,4401.402,1.0
2024-03-01 16:59:57.175,0 days 01:13:21.502000,1517.0,207.0,-139.0,OnTrack,259.49996288,9317.99982592,0.0,0,12,8,3331.8123143049606,0.6178982328644982,27,3416.524721027554,interpolation,0 days 00:00:57.345000,57.345,4401.502,1.0
2024-03-01 16:59:57.275,0 days 01:13:21.602000,1516.7301262502338,120.31359154332951,-138.9998626531283,OnTrack,245.0,9250.0,0.0,1,8,8,3339.38638888889,0.6193028760014783,27,3416.058055555554,interpolation,0 days 00:00:57.445000,57.445,4401.602,0.0
2024-03-01 16:59:57.375,0 days 01:13:21.702000,1518.4346188549166,84.90458308339174,-138.99966538084018,OnTrack,232.99996928000002,9530.0007168,0.0,1,8,8,3344.416988824144,0.6202358213528403,27,3416.080277834665,interpolation,0 days 00:00:57.545000,57.545,4401.702,0.0
2024-03-01 16:59:57.475,0 days 01:13:21.802000,1522.0,46.0,-139.0,OnTrack,221.0,9810.0,0.0,1,8,8,3349.2086111111125,0.621124447321044,27,3416.102499999999,interpolation,0 days 00:00:57.645000,57.645,4401.802,0.0
2024-03-01 16:59:57.575,0 days 01:13:21.902000,1527.4073566196414,-5.529033549894944,-139.00096514725686,OnTrack,213.4999808,10016.00052736,0.0,1,8,8,3356.065853329763,0.622396150961443,27,3416.3358339306656,interpolation,0 days 00:00:57.745000,57.745,4401.902,0.0
2024-03-01 16:59:57.675,0 days 01:13:22.002000,1534.0,-61.0,-139.0,OnTrack,206.0,10222.0,0.0,1,8,8,3362.941944444446,0.6236713502067716,27,3416.5691666666653,pos,0 days 00:00:57.845000,57.845,4402.002,0.0
2024-03-01 16:59:57.775,0 days 01:13:22.102000,1541.1212414272359,-111.73038178402207,-138.99454373561883,OnTrack,201.49998848,10117.99973376,0.0,1,8,8,3367.790254048812,0.624570489070043,27,3416.6358335039986,interpolation,0 days 00:00:57.945000,57.945,4402.102,0.0
2024-03-01 16:59:57.875,0 days 01:13:22.202000,1554.0,-171.0,-139.0,OnTrack,197.0,10014.0,0.0,1,8,8,3371.6975000000016,0.6252951038264748,27,3416.7024999999985,pos,0 days 00:00:58.045000,58.045,4402.202,0.0
2024-03-01 16:59:57.975,0 days 01:13:22.302000,1577.8651948169431,-252.0886757459726,-139.03177243903014,OnTrack,192.99998976,10226.500544,0.0,1,8,8,3375.750489812039,0.6260467473785211,27,3416.8136113955543,interpolation,0 days 00:00:58.145000,58.145,4402.302,0.0
2024-03-01 16:59:58.075,0 days 01:13:22.402000,1603.0,-328.0,-139.0,OnTrack,189.0,10439.0,0.0,1,8,7,3380.0975000000017,0.6268529182128907,27,3416.9247222222216,interpolation,0 days 00:00:58.245000,58.245,4402.402,0.0
2024-03-01 16:59:58.175,0 days 01:13:22.502000,1619.687589671107,-371.7375637401424,-138.81482163020036,OnTrack,183.6666575644522,10433.333323662231,0.0,1,8,5,3384.886893094977,0.6277411307683136,27,3416.6876847806416,interpolation,0 days 00:00:58.345000,58.345,4402.502,0.0
2024-03-01 16:59:58.275,0 days 01:13:22.602000,1629.847845663719,-388.44678345394215,-138.47798765801753,OnTrack,178.3333424355478,10427.666676337769,0.0,1,8,5,3390.083347331008,0.6287048344786994,27,3416.4506485526904,interpolation,0 days 00:00:58.445000,58.445,4402.602,0.0
2024-03-01 16:59:58.375,0 days 01:13:22.702000,1645.0,-409.0,-138.0,OnTrack,173.0,10422.0,0.0,1,8,5,3395.475277777779,0.6297047900525725,27,3416.2136111111104,interpolation,0 days 00:00:58.545000,58.545,4402.702,0.0
2024-03-01 16:59:58.475,0 days 01:13:22.802000,1667.0639148539162,-438.5425771770632,-137.38260896661086,OnTrack,170.00000512000437,10285.000233813533,15.333307164422115,1,8,5,3401.0273564993686,0.6307344457795969,27,3415.6802786880003,interpolation,0 days 00:00:58.645000,58.645,4402.802,0.0
2024-03-01 16:59:58.575,0 days 01:13:22.902000,1697.1588057257927,-475.89720640100273,-136.65585703600283,OnTrack,166.99999487999563,10147.999766186467,30.666692835577887,1,8,4,3406.6577738952356,0.6317786297344551,27,3415.1469435342206,interpolation,0 days 00:00:58.745000,58.745,4402.902,0.0
2024-03-01 16:59:58.675,0 days 01:13:23.002000,1742.0,-514.0,-136.0,OnTrack,164.0,10011.0,46.0,1,8,4,3411.875277777779,0.6327462371879559,27,3414.6136111111105,interpolation,0 days 00:00:58.845000,58.845,4403.002,0.0
2024-03-01 16:59:58.775,0 days 01:13:23.102000,1802.7067246376887,-551.6736373342244,-135.44508064439165,OnTrack,161.99999488,10123.00028672,58.00003072,1,8,4,3416.5980551204048,0.6336220955794059,27,3414.030276284444,interpolation,0 days 00:00:58.945000,58.945,4403.102,0.0
2024-03-01 16:59:58.875,0 days 01:13:23.202000,1861.0,-584.0,-135.0,OnTrack,160.0,10235.0,70.0,0,8,4,3420.7641666666677,0.6343947180201419,27,3413.4469444444444,interpolation,0 days 00:00:59.045000,59.045,4403.202,0.0
2024-03-01 16:59:58.975,0 days 01:13:23.302000,1898.600846448077,-606.0609695936517,-134.6736590976474,OnTrack,161.00000256,10379.00036864,74.00001024,0,8,4,3424.311764182335,0.635052634501942,27,3412.758053792,interpolation,0 days 00:00:59.145000,59.145,4403.302,0.0
2024-03-01 16:59:59.075,0 days 01:13:23.402000,1915.5092639819195,-617.8565461151798,-134.46605793733386,OnTrack,162.0,10523.0,78.0,0,8,4,3427.964166666668,0.6357299874942127,27,3412.069166666666,interpolation,0 days 00:00:59.245000,59.245,4403.402,0.0
2024-03-01 16:59:59.175,0 days 01:13:23.502000,1919.042024907999,-621.5206841339935,-134.27496922143877,OnTrack,163.6666695111087,10689.000283306425,80.33333731555216,0,8,4,3432.444766846943,0.6365609331395234,27,3410.7358310577793,interpolation,0 days 00:00:59.345000,59.345,4403.502,0.0
2024-03-01 16:59:59.275,0 days 01:13:23.602000,1953.0999878371574,-629.8571766218613,-133.4870260238053,OnTrack,165.3333304888913,10854.999716693575,82.66666268444784,0,8,4,3437.6333123400686,0.6375231701411621,27,3409.4025022755536,interpolation,0 days 00:00:59.445000,59.445,4403.602,0.0
2024-03-01 16:59:59.375,0 days 01:13:23.702000,2025.0,-645.0,-132.0,OnTrack,167.0,11021.0,85.0,0,8,4,3442.8086111111124,0.6384829504839635,27,3408.0691666666667,interpolation,0 days 00:00:59.545000,59.545,4403.702,0.0
2024-03-01 16:59:59.475,0 days 01:13:23.802000,2126.0,-665.0,-130.0,OnTrack,169.99999232,11193.24955904,88.7499904,0,8,4,3447.8504036632876,0.6394179715519519,27,3406.29139344,interpolation,0 days 00:00:59.645000,59.645,4403.802,0.0
2024-03-01 16:59:59.575,0 days 01:13:23.902000,2203.6478880132145,-678.1623108892209,-128.60367340642395,OnTrack,173.0,11365.5,92.5,0,8,4,3452.758741624681,0.6403282429197674,27,3404.513611111111,interpolation,0 days 00:00:59.745000,59.745,4403.902,0.0
2024-03-01 16:59:59.675,0 days 01:13:24.002000,2249.2016921613686,-682.5377983584908,-127.99712716350416,OnTrack,175.99999232,11537.74955904,96.2499904,0,8,4,3457.6642110937346,0.6412379823139359,27,3402.735837884444,interpolation,0 days 00:00:59.845000,59.845,4404.002,0.0
2024-03-01 16:59:59.775,0 days 01:13:24.102000,2268.2494454991784,-678.8487266395412,-128.0237150913184,OnTrack,179.0,11710.0,100.0,0,8,4,3462.697500000001,0.6421714263459799,27,3400.9580555555553,interpolation,0 days 00:00:59.945000,59.945,4404.102,0.0
2024-03-01 16:59:59.875,0 days 01:13:24.202000,2294.319518019899,-671.4287033107926,-127.74355529814609,OnTrack,182.49999104,11498.7505408,100.0,0,8,4,3467.858556802733,0.6431285654574567,27,3398.652505902222,interpolation,0 days 00:01:00.045000,60.045,4404.202,0.0
2024-03-01 16:59:59.975,0 days 01:13:24.302000,2333.0,-661.0,-127.0,OnTrack,186.0,11287.5,100.0,0,8,4,3473.147434351288,0.6441094094494961,27,3396.3469444444445,interpolation,0 days 00:01:00.145000,60.145,4404.302,0.0
2024-03-01 17:00:00.075,0 days 01:13:24.402000,2384.29089143948,-647.5626167071634,-125.79304919688008,OnTrack,189.49999104,11076.2505408,100.0,0,8,4,3478.572428386423,0.645115496801181,27,3394.041394791111,interpolation,0 days 00:01:00.245000,60.245,4404.402,0.0
2024-03-01 17:00:00.175,0 days 01:13:24.502000,2448.1921923383393,-631.1165534322827,-124.12270288878632,OnTrack,193.0,10865.0,100.0,0,8,4,3484.1419444444455,0.6461483863536288,27,3391.7358333333336,interpolation,0 days 00:01:00.345000,60.345,4404.502,0.0
2024-03-01 17:00:00.275,0 days 01:13:24.602000,2513.997397068029,-612.8622134412606,-122.39100513629941,OnTrack,195.4999936,10946.49979136,100.0,0,8,4,3489.855925493658,0.6472080675300778,27,3389.1802843200003,interpolation,0 days 00:01:00.445000,60.445,4404.602,0.0
2024-03-01 17:00:00.375,0 days 01:13:24.702000,2571.0,-594.0,-121.0,OnTrack,198.0,11028.0,100.0,0,8,4,3495.1419444444455,0.6481883813834591,27,3386.6247222222223,interpolation,0 days 00:01:00.545000,60.545,4404.702,0.0
2024-03-01 17:00:00.475,0 days 01:13:24.802000,2619.2000011342525,-574.5299131085008,-119.9496874798881,OnTrack,199.99999658666374,11116.999848106538,100.0,0,8,4,3499.427461567193,0.6489831480771554,27,3384.3802816083,interpolation,0 days 00:01:00.645000,60.645,4404.802,0.0
2024-03-01 17:00:00.575,0 days 01:13:24.902000,2660.1315954552047,-554.033496531233,-119.14327454099316,OnTrack,202.00000341333626,11206.000151893462,100.0,0,8,5,3503.1286187088526,0.6496695428202104,27,3382.1358295028117,interpolation,0 days 00:01:00.745000,60.745,4404.902,0.0
2024-03-01 17:00:00.675,0 days 01:13:25.002000,2703.0,-530.0,-118.0,OnTrack,204.0,11295.0,100.0,0,8,5,3508.7419444444454,0.6507105570567038,27,3379.891388888889,interpolation,0 days 00:01:00.845000,60.845,4405.002,0.0
2024-03-01 17:00:00.775,0 days 01:13:25.102000,2749.339425463293,-502.01096299425797,-116.4230698307723,OnTrack,207.50000896,11482.50048,100.0,0,8,5,3516.6835942177117,0.6521833685172599,27,3375.4969331946672,interpolation,0 days 00:01:00.945000,60.945,4405.102,0.0
2024-03-01 17:00:00.875,0 days 01:13:25.202000,2792.0,-475.0,-115.0,OnTrack,211.0,11670.0,100.0,0,8,5,3525.1530555555564,0.6537540647931274,27,3371.1025000000004,interpolation,0 days 00:01:01.045000,61.045,4405.202,0.0
2024-03-01 17:00:00.975,0 days 01:13:25.302000,2823.831851765035,-453.9007255032194,-114.31830647437303,OnTrack,213.00000512,11448.49943296,100.0,0,8,5,3532.349984034641,0.6550887646410707,27,3367.6112410624005,interpolation,0 days 00:01:01.145000,61.145,4405.302,0.0
2024-03-01 17:00:01.075,0 days 01:13:25.402000,2868.0,-419.0,-113.0,OnTrack,215.0,11227.0,100.0,0,8,5,3538.274305958606,0.6561874543937982,27,3364.1200000000003,interpolation,0 days 00:01:01.245000,61.245,4405.402,0.0
2024-03-01 17:00:01.175,0 days 01:13:25.502000,2941.0,-356.0,-110.0,OnTrack,217.00000512,11005.49943296,100.0,0,8,5,3543.7061587498433,0.6571948137298795,27,3360.6287410624004,interpolation,0 days 00:01:01.345000,61.345,4405.502,0.0
2024-03-01 17:00:01.275,0 days 01:13:25.602000,3002.8148631994186,-297.3927879437415,-107.31576876342564,OnTrack,219.0,10784.0,100.0,0,8,5,3549.4255555555565,0.6582554992805415,27,3357.1375000000003,interpolation,0 days 00:01:01.445000,61.445,4405.602,0.0
2024-03-01 17:00:01.375,0 days 01:13:25.702000,3046.7750573560998,-248.59373529791907,-105.28021837628981,OnTrack,221.00000512,10761.99994368,100.0,0,8,5,3555.4325549425203,0.6593695219072324,27,3353.4708239466668,interpolation,0 days 00:01:01.545000,61.545,4405.702,0.0
2024-03-01 17:00:01.475,0 days 01:13:25.802000,3080.59772283473,-205.49781500313702,-103.60455880100906,OnTrack,223.0,10740.0,100.0,0,8,5,3561.8144444444456,0.6605530694404009,27,3349.804166666667,interpolation,0 days 00:01:01.645000,61.645,4405.802,0.0
2024-03-01 17:00:01.575,0 days 01:13:25.902000,3112.0,-164.0,-102.0,OnTrack,224.33333560888696,10815.00012799989,100.0,0,8,5,3568.6586384572784,0.6618223532376166,27,3345.6856411192157,interpolation,0 days 00:01:01.745000,61.745,4405.902,0.0
2024-03-01 17:00:01.675,0 days 01:13:26.002000,3140.9818888519094,-124.10029028850809,-100.46654197326262,OnTrack,225.66666439111304,10889.99987200011,100.0,0,8,6,3575.7715590667403,0.6631414734822421,27,3341.567136658562,interpolation,0 days 00:01:01.845000,61.845,4406.002,0.0
2024-03-01 17:00:01.775,0 days 01:13:26.102000,3168.1339983061002,-84.56589154989584,-98.93608181518864,OnTrack,227.0,10965.0,100.0,0,8,6,3581.9922222222235,0.6642951209294634,27,3337.448611111111,interpolation,0 days 00:01:01.945000,61.945,4406.102,0.0
2024-03-01 17:00:01.875,0 days 01:13:26.202000,3197.0,-38.0,-97.0,OnTrack,228.6666638222198,11011.33325425771,100.0,0,8,6,3587.127056394391,0.6652473969467565,27,3334.18195001956,interpolation,0 days 00:01:02.045000,62.045,4406.202,0.0
2024-03-01 17:00:01.975,0 days 01:13:26.302000,3228.1705088971166,16.83019130382332,-94.59019292471106,OnTrack,230.3333361777802,11057.66674574229,100.0,0,8,6,3591.544953884219,0.6660667141214426,27,3330.9152722026624,interpolation,0 days 00:01:02.145000,62.145,4406.302,0.0
2024-03-01 17:00:02.075,0 days 01:13:26.402000,3259.0,75.0,-92.0,OnTrack,232.0,11104.0,100.0,0,8,6,3597.4588888888898,0.6671634775774671,27,3327.6486111111117,interpolation,0 days 00:01:02.245000,62.245,4406.402,0.0
2024-03-01 17:00:02.175,0 days 01:13:26.502000,3286.842948311202,131.58474372695594,-89.52276063654512,OnTrack,235.00000768,11237.50034176,100.0,0,8,6,3605.237761687385,0.6686061013817045,27,3322.515264636445,interpolation,0 days 00:01:02.345000,62.345,4406.502,0.0
2024-03-01 17:00:02.275,0 days 01:13:26.602000,3311.969441801667,186.8067525465523,-87.16879235918519,OnTrack,238.0,11371.0,100.0,0,8,6,3613.3255555555565,0.6701060158629193,27,3317.3819444444453,interpolation,0 days 00:01:02.445000,62.445,4406.602,0.0
2024-03-01 17:00:02.375,0 days 01:13:26.702000,3336.0,242.0,-85.0,OnTrack,239.6666695111087,11428.333431182138,100.0,0,8,6,3620.166416243902,0.6713746814814636,27,3313.2449929396216,interpolation,0 days 00:01:02.545000,62.545,4406.702,0.0
2024-03-01 17:00:02.475,0 days 01:13:26.802000,3359.204708111459,297.3868138725121,-83.02670097817747,OnTrack,241.3333304888913,11485.666568817862,100.0,0,8,6,3626.003146526822,0.6724571270057924,27,3309.1080626159355,interpolation,0 days 00:01:02.645000,62.645,4406.802,0.0
2024-03-01 17:00:02.575,0 days 01:13:26.902000,3382.0,354.0,-81.0,OnTrack,243.0,11543.0,100.0,0,8,6,3632.2930555555563,0.6736236163836744,27,3304.971111111112,interpolation,0 days 00:01:02.745000,62.745,4406.902,0.0
2024-03-01 17:00:02.675,0 days 01:13:27.002000,3404.802309529581,412.8723642183754,-78.67100177175001,OnTrack,244.6666638222198,11624.999860053214,100.0,0,8,6,3639.2789517462375,0.6749191794298471,27,3300.052600986872,interpolation,0 days 00:01:02.845000,62.845,4407.002,0.0
2024-03-01 17:00:02.775,0 days 01:13:27.102000,3431.0,481.0,-76.0,OnTrack,246.3333361777802,11707.000139946786,100.0,0,8,6,3646.849645702009,0.676323195615496,27,3295.1340656797965,interpolation,0 days 00:01:02.945000,62.945,4407.102,0.0
2024-03-01 17:00:02.875,0 days 01:13:27.202000,3463.981434711055,565.3790008172354,-72.94728839132246,OnTrack,248.0,11789.0,100.0,0,8,6,3654.3375000000005,0.6777118488474958,27,3290.215555555557,interpolation,0 days 00:01:03.045000,63.045,4407.202,0.0
2024-03-01 17:00:02.975,0 days 01:13:27.302000,3497.0,647.0,-70.0,OnTrack,249.50000384,11620.49956864,100.0,0,8,6,3661.63133038342,0.6790645195502776,27,3285.5210990933347,interpolation,0 days 00:01:03.145000,63.145,4407.302,0.0
2024-03-01 17:00:03.075,0 days 01:13:27.402000,3523.309082204085,706.8536308782122,-67.64526788031525,OnTrack,251.0,11452.0,100.0,0,8,6,3668.2819444444453,0.6802979031529879,27,3280.8266666666677,interpolation,0 days 00:01:03.245000,63.245,4407.402,0.0
2024-03-01 17:00:03.175,0 days 01:13:27.502000,3544.4865873420763,748.8000149736148,-65.80381758554157,OnTrack,252.50000384,10997.49883648,100.0,0,8,6,3673.8402925663486,0.681328721565965,27,3276.9599901013344,interpolation,0 days 00:01:03.345000,63.345,4407.502,0.0
2024-03-01 17:00:03.275,0 days 01:13:27.602000,3570.0,796.0,-64.0,OnTrack,254.0,10543.0,100.0,0,8,6,3679.570833333334,0.6823914738098642,27,3273.0933333333346,pos,0 days 00:01:03.445000,63.445,4407.602,0.0
2024-03-01 17:00:03.375,0 days 01:13:27.702000,3605.0,857.0,-62.0,OnTrack,254.50000128,10554.00002816,100.0,0,8,6,3686.7381409278446,0.6837206803435066,27,3268.176654080001,pos,0 days 00:01:03.545000,63.545,4407.702,0.0
2024-03-01 17:00:03.475,0 days 01:13:27.802000,3666.0,952.0,-59.0,OnTrack,255.0,10565.0,100.0,0,8,6,3693.737500000001,0.6850187401361608,27,3263.2600000000007,interpolation,0 days 00:01:03.645000,63.645,4407.802,0.0
2024-03-01 17:00:03.575,0 days 01:13:27.902000,3727.0334876474108,1038.1804828464092,-55.58601287912556,OnTrack,256.00000256,10598.00008448,100.0,0,8,6,3698.964340266569,0.6859880790602987,27,3259.2822120391115,interpolation,0 days 00:01:03.745000,63.745,4407.902,0.0
2024-03-01 17:00:03.675,0 days 01:13:28.002000,3782.9071196615846,1108.2538426914527,-52.00520275534072,OnTrack,257.0,10631.0,100.0,0,8,7,3705.159722222223,0.68713703800552,27,3255.304444444445,interpolation,0 days 00:01:03.845000,63.845,4408.002,0.0
2024-03-01 17:00:03.775,0 days 01:13:28.102000,3832.0,1166.0,-49.0,OnTrack,258.00000256,10699.00017408,100.0,0,8,7,3715.0648233252477,0.6889739795528051,27,3248.226648547556,interpolation,0 days 00:01:03.945000,63.945,4408.102,0.0
2024-03-01 17:00:03.875,0 days 01:13:28.202000,3874.041980705399,1212.048938290669,-46.69414237478968,OnTrack,259.0,10767.0,100.0,0,8,7,3725.3041666666677,0.6908729076914617,27,3241.1488888888894,interpolation,0 days 00:01:04.045000,64.045,4408.202,0.0
2024-03-01 17:00:03.975,0 days 01:13:28.302000,3911.0360279168412,1248.1723006475227,-44.956467825771085,OnTrack,259.6666678044435,10766.333332195556,100.0,0,8,7,3732.5024816165596,0.6922078646660919,27,3237.0599930216363,interpolation,0 days 00:01:04.145000,64.145,4408.302,0.0
2024-03-01 17:00:04.075,0 days 01:13:28.402000,3955.0,1285.0,-43.0,OnTrack,260.3333321955565,10765.666667804444,100.0,0,8,7,3737.207281713556,0.693080389103748,27,3232.971118089476,interpolation,0 days 00:01:04.245000,64.245,4408.402,0.0
2024-03-01 17:00:04.175,0 days 01:13:28.502000,4007.936883604416,1324.3036975738837,-40.69357550043147,OnTrack,261.0,10765.0,100.0,0,8,7,3742.7041666666673,0.6940998089204659,27,3228.882222222223,interpolation,0 days 00:01:04.345000,64.345,4408.502,0.0
2024-03-01 17:00:04.275,0 days 01:13:28.602000,4069.8466787300863,1366.0833933691724,-38.03719432706547,OnTrack,261.0,10847.4997888,100.0,0,8,7,3749.540667437127,0.6953676659743904,27,3223.7711241955567,interpolation,0 days 00:01:04.445000,64.445,4408.602,0.0
2024-03-01 17:00:04.375,0 days 01:13:28.702000,4135.083134490714,1406.5713924798752,-35.36221599016674,OnTrack,261.0,10930.0,100.0,0,8,7,3757.2041666666673,0.6967888932779694,27,3218.660000000001,interpolation,0 days 00:01:04.545000,64.545,4408.702,0.0
2024-03-01 17:00:04.475,0 days 01:13:28.802000,4198.0,1442.0,-33.0,OnTrack,261.333332764444,10902.000047786707,100.0,0,8,7,3765.181898517052,0.6982683963074334,27,3213.1785278735892,pos,0 days 00:01:04.645000,64.645,4408.802,0.0
2024-03-01 17:00:04.575,0 days 01:13:28.902000,4258.597275257946,1472.369215929547,-30.950546356565276,OnTrack,261.666667235556,10873.999952213293,100.0,0,8,7,3773.2975918442316,0.699773484857531,27,3207.697027681968,interpolation,0 days 00:01:04.745000,64.745,4408.902,0.0
2024-03-01 17:00:04.675,0 days 01:13:29.002000,4318.337959144925,1498.3535455689412,-29.126085192509997,OnTrack,262.0,10846.0,100.0,0,8,7,3780.4930555555566,0.7011079130582971,27,3202.215555555556,interpolation,0 days 00:01:04.845000,64.845,4409.002,0.0
2024-03-01 17:00:04.775,0 days 01:13:29.102000,4386.0,1524.0,-27.0,OnTrack,262.6666678044435,10857.66668657776,100.0,0,8,7,3786.5920104965367,0.7022389892189114,27,3197.393325103415,interpolation,0 days 00:01:04.945000,64.945,4409.102,0.0
2024-03-01 17:00:04.875,0 days 01:13:29.202000,4463.046381722514,1549.9830776162512,-24.484521810441585,OnTrack,263.3333321955565,10869.33331342224,100.0,0,8,7,3792.208404573069,0.7032805724917927,27,3192.57111934103,interpolation,0 days 00:01:05.045000,65.045,4409.202,0.0
2024-03-01 17:00:04.975,0 days 01:13:29.302000,4540.0,1573.0,-22.0,OnTrack,264.0,10881.0,100.0,0,8,7,3801.02638888889,0.704915903780647,27,3187.7488888888893,interpolation,0 days 00:01:05.145000,65.145,4409.302,0.0
2024-03-01 17:00:05.075,0 days 01:13:29.402000,4607.383750519997,1589.7479887335542,-19.966783944840508,OnTrack,265.0,10937.0,100.0,0,8,7,3812.8041666666672,0.7071001408832934,27,3179.482222222223,interpolation,0 days 00:01:05.245000,65.245,4409.402,0.0
2024-03-01 17:00:05.175,0 days 01:13:29.502000,4666.59300093213,1600.6229129934445,-18.356621619133925,OnTrack,265.25000064,10957.25005184,100.0,0,8,7,3822.4075136555916,0.7088811208948518,27,3174.882210446223,interpolation,0 days 00:01:05.345000,65.345,4409.502,0.0
2024-03-01 17:00:05.275,0 days 01:13:29.602000,4726.0,1608.0,-17.0,OnTrack,265.5,10977.5,100.0,0,8,7,3828.980614677198,0.7101001293870927,27,3170.282222222223,interpolation,0 days 00:01:05.445000,65.445,4409.602,0.0
2024-03-01 17:00:05.375,0 days 01:13:29.702000,4787.000129661871,1612.275122983473,-15.868666772307325,OnTrack,265.75000064,10997.75005184,100.0,0,8,7,3834.11552574153,0.7110524196643524,27,3165.6822104462226,interpolation,0 days 00:01:05.545000,65.545,4409.702,0.0
2024-03-01 17:00:05.475,0 days 01:13:29.802000,4842.0,1616.0,-15.0,OnTrack,266.0,11018.0,100.0,0,8,7,3839.404166666667,0.7120332197736103,27,3161.0822222222228,interpolation,0 days 00:01:05.645000,65.645,4409.802,0.0
2024-03-01 17:00:05.575,0 days 01:13:29.902000,4883.406221096646,1621.7263491057174,-14.431377747022129,OnTrack,266.0,10999.99995392,100.0,0,8,7,3844.846591608437,0.7130425397582862,27,3157.037767424001,interpolation,0 days 00:01:05.745000,65.745,4409.902,0.0
2024-03-01 17:00:05.675,0 days 01:13:30.002000,4990.0,1609.0,-13.0,OnTrack,266.0,10982.0,100.0,0,8,7,3851.2263888888892,0.7142256992804178,27,3152.9933333333342,interpolation,0 days 00:01:05.845000,65.845,4410.002,0.0
2024-03-01 17:00:05.775,0 days 01:13:30.102000,5208.0,1565.0,-10.0,OnTrack,266.6666678044435,11006.333374862186,100.0,0,8,7,3859.32726788967,0.7157280404530404,27,3147.0933232640095,interpolation,0 days 00:01:05.945000,65.945,4410.102,0.0
2024-03-01 17:00:05.875,0 days 01:13:30.202000,5342.029958222364,1535.5258893056275,-8.172991310700185,OnTrack,267.3333321955565,11030.666625137814,100.0,0,8,7,3868.8529550265207,0.7174946181271217,27,3141.193343402659,interpolation,0 days 00:01:06.045000,66.045,4410.202,0.0
2024-03-01 17:00:05.975,0 days 01:13:30.302000,5359.526997466686,1528.210963699209,-7.975911865561131,OnTrack,268.0,11055.0,100.0,0,8,7,3878.0263888888894,0.7191958689894589,27,3135.2933333333344,interpolation,0 days 00:01:06.145000,66.145,4410.302,0.0
2024-03-01 17:00:06.075,0 days 01:13:30.402000,5340.260537977666,1525.040556243186,-8.290876487641512,OnTrack,268.6666655288879,11079.999957333297,100.0,0,8,7,3886.551284909588,0.7207768458541903,27,3130.137786576601,interpolation,0 days 00:01:06.245000,66.245,4410.402,0.0
2024-03-01 17:00:06.175,0 days 01:13:30.502000,5364.0,1508.0,-8.0,OnTrack,269.3333344711121,11105.000042666703,100.0,0,8,7,3894.4689244685505,0.7222452045222149,27,3124.9822134234005,interpolation,0 days 00:01:06.345000,66.345,4410.502,0.0
2024-03-01 17:00:06.275,0 days 01:13:30.602000,5430.745383533692,1477.0892949696517,-7.103282402636597,OnTrack,270.0,11130.0,100.0,0,8,7,3902.02638888889,0.7236467672363615,27,3119.826666666667,interpolation,0 days 00:01:06.445000,66.445,4410.602,0.0
2024-03-01 17:00:06.375,0 days 01:13:30.702000,5516.0,1439.0,-6.0,OnTrack,270.33333390222174,11156.66671217774,100.0,0,8,7,3909.264949644019,0.724989187960324,27,3115.6007335285,interpolation,0 days 00:01:06.545000,66.545,4410.702,0.0
2024-03-01 17:00:06.475,0 days 01:13:30.802000,5595.26716082019,1400.4236739389046,-5.08942909653891,OnTrack,270.66666609777826,11183.33328782226,100.0,0,8,7,3916.219972149255,0.7262790253551458,27,3111.3748220270554,interpolation,0 days 00:01:06.645000,66.645,4410.802,0.0
2024-03-01 17:00:06.575,0 days 01:13:30.902000,5669.564738572998,1361.492546496977,-4.388633879880339,OnTrack,271.0,11210.0,100.0,0,8,7,3923.104166666668,0.7275557274096828,27,3107.1488888888885,interpolation,0 days 00:01:06.745000,66.745,4410.902,0.0
2024-03-01 17:00:06.675,0 days 01:13:31.002000,5745.0,1323.0,-4.0,OnTrack,271.333332764444,11189.333368604475,100.0,0,8,7,3929.9529022402776,0.728825853457936,27,3103.1563031103265,interpolation,0 days 00:01:06.845000,66.845,4411.002,0.0
2024-03-01 17:00:06.775,0 days 01:13:31.102000,5822.590828103004,1285.0782655126245,-3.940591819263079,OnTrack,271.666667235556,11168.666631395525,100.0,0,8,7,3936.8457589930936,0.7301041619594885,27,3099.163696889673,interpolation,0 days 00:01:06.945000,66.945,4411.102,0.0
2024-03-01 17:00:06.875,0 days 01:13:31.202000,5896.0,1250.0,-4.0,OnTrack,272.0,11148.0,100.0,0,8,7,3944.2597222222234,0.7314791117902857,27,3095.171111111111,interpolation,0 days 00:01:07.045000,67.045,4411.202,0.0
2024-03-01 17:00:06.975,0 days 01:13:31.302000,5958.890292808983,1220.037860427276,-3.967815204541184,OnTrack,271.3333321955565,10936.99963989364,84.33330659557836,0,8,7,3952.2743778386225,0.7329654624833091,27,3090.9636965230675,interpolation,0 days 00:01:07.145000,67.145,4411.302,0.0
2024-03-01 17:00:07.075,0 days 01:13:31.402000,6011.261706529953,1195.1918467944524,-3.844037432886633,OnTrack,270.6666678044435,10726.00036010636,68.66669340442162,0,8,7,3960.6845467256776,0.7345251627314568,27,3086.7563034769323,interpolation,0 days 00:01:07.245000,67.245,4411.402,0.0
2024-03-01 17:00:07.175,0 days 01:13:31.502000,6057.0022669859445,1173.7499097644024,-3.7982409447887644,OnTrack,270.0,10515.0,53.0,0,8,7,3968.259722222223,0.735930010037188,27,3082.548888888889,interpolation,0 days 00:01:07.345000,67.345,4411.502,0.0
2024-03-01 17:00:07.275,0 days 01:13:31.602000,6100.0,1154.0,-4.0,OnTrack,257.600025395213,10420.600193331298,42.40002170881112,0,8,7,3974.7947297119063,0.7371419539279934,27,3080.868892329531,interpolation,0 days 00:01:07.445000,67.445,4411.602,0.0
2024-03-01 17:00:07.375,0 days 01:13:31.702000,6140.254905572114,1135.9421175012449,-4.449314598520338,OnTrack,245.1999873023935,10326.19990333435,31.79998914559444,1,8,7,3980.289636113378,0.7381610068142102,27,3079.188887168568,interpolation,0 days 00:01:07.545000,67.545,4411.702,0.0
2024-03-01 17:00:07.475,0 days 01:13:31.802000,6199.0,1104.0,-5.0,OnTrack,232.80001269760652,10231.80009666565,21.20001085440556,1,8,7,3984.9627659640005,0.7390276578750302,27,3077.5088906092096,interpolation,0 days 00:01:07.645000,67.645,4411.802,0.0
2024-03-01 17:00:07.575,0 days 01:13:31.902000,6297.468299581369,1042.5973852281295,-5.505871464089205,OnTrack,220.399974604787,10137.399806668702,10.599978291188883,1,8,7,3990.124463128255,0.7399849157441727,27,3075.8288854482466,interpolation,0 days 00:01:07.745000,67.745,4411.902,0.0
2024-03-01 17:00:07.675,0 days 01:13:32.002000,6399.0,976.0,-6.0,OnTrack,208.0,10043.0,0.0,1,8,7,3995.9930555555566,0.7410732702336087,27,3074.1488888888885,interpolation,0 days 00:01:07.845000,67.845,4412.002,0.0
2024-03-01 17:00:07.775,0 days 01:13:32.102000,6466.935296939672,928.4735711299784,-6.51545661694443,OnTrack,199.49997824,10236.50049536,0.0,1,8,7,4002.5686033404395,0.7422927324881153,27,3072.848885560889,interpolation,0 days 00:01:07.945000,67.945,4412.102,0.0
2024-03-01 17:00:07.875,0 days 01:13:32.202000,6501.274190400385,900.0180986180644,-7.052241314922496,OnTrack,191.0,10430.0,0.0,1,8,7,4008.7263888888897,0.7434347190257152,27,3071.5488888888895,interpolation,0 days 00:01:08.045000,68.045,4412.202,0.0
2024-03-01 17:00:07.975,0 days 01:13:32.302000,6506.948162186367,887.830497176498,-7.5787316676577765,OnTrack,184.99998464,10377.24986496,0.0,1,8,7,4013.3418249961956,0.744290670545661,27,3071.5239582695117,interpolation,0 days 00:01:08.145000,68.145,4412.302,0.0
2024-03-01 17:00:08.075,0 days 01:13:32.402000,6513.546254618619,875.0921689676436,-7.905192146047519,OnTrack,179.0,10324.5,0.0,1,8,7,4016.41486440041,0.7448605782830311,27,3071.4990277777783,interpolation,0 days 00:01:08.245000,68.245,4412.402,0.0
2024-03-01 17:00:08.175,0 days 01:13:32.502000,6526.0,859.0,-8.0,OnTrack,172.99998464,10271.74986496,0.0,1,8,7,4019.8070901432675,0.7454896804335303,27,3071.4740971584006,interpolation,0 days 00:01:08.345000,68.345,4412.502,0.0
2024-03-01 17:00:08.275,0 days 01:13:32.602000,6544.309398330512,839.5539902735676,-7.86315522951522,OnTrack,167.0,10219.0,0.0,1,8,7,4025.3800000000006,0.7465231993798419,27,3071.449166666667,interpolation,0 days 00:01:08.445000,68.445,4412.602,0.0
2024-03-01 17:00:08.375,0 days 01:13:32.702000,6570.0,801.0,-8.0,OnTrack,162.0,9557.0,0.0,1,8,7,4032.580000000001,0.7478584688539126,27,3071.715833333333,interpolation,0 days 00:01:08.545000,68.545,4412.702,0.0
2024-03-01 17:00:08.475,0 days 01:13:32.802000,6604.597355398309,727.5838893909507,-8.915876476861161,OnTrack,159.5000064,9421.00034816,0.7499980799999999,1,8,5,4038.0851385381397,0.7488794193317608,27,3072.3908316053335,interpolation,0 days 00:01:08.645000,68.645,4412.802,0.0
2024-03-01 17:00:08.575,0 days 01:13:32.902000,6637.0,651.0,-10.0,OnTrack,157.0,9285.0,1.4999999999999998,1,8,4,4041.341820949826,0.7494833844166314,27,3073.0658333333336,interpolation,0 days 00:01:08.745000,68.745,4412.902,0.0
2024-03-01 17:00:08.675,0 days 01:13:33.002000,6656.1064692796335,602.9426733807273,-10.641585909317818,OnTrack,154.5000064,9149.00034816,2.2499980799999997,1,8,4,4044.0175734305967,0.7499796136677067,27,3073.740831605334,interpolation,0 days 00:01:08.845000,68.845,4413.002,0.0
2024-03-01 17:00:08.775,0 days 01:13:33.102000,6661.91676323721,583.4119095331332,-10.840634204814622,OnTrack,152.0,9013.0,3.0,1,8,4,4047.7800000000007,0.7506773710769509,27,3074.415833333334,interpolation,0 days 00:01:08.945000,68.945,4413.102,0.0
2024-03-01 17:00:08.875,0 days 01:13:33.202000,6661.518675576181,566.4251909189724,-11.119365397904112,OnTrack,150.00000512,8959.50013696,5.99999232,1,8,4,4052.629062130891,0.7515766494993467,27,3075.6491635093334,interpolation,0 days 00:01:09.045000,69.045,4413.202,0.0
2024-03-01 17:00:08.975,0 days 01:13:33.302000,6662.0,526.0,-12.0,OnTrack,148.0,8906.0,9.0,1,8,4,4057.646666666667,0.7525071848006774,27,3076.8824999999997,interpolation,0 days 00:01:09.145000,69.145,4413.302,0.0
2024-03-01 17:00:09.075,0 days 01:13:33.402000,6663.360736508666,462.1363367762161,-13.482538011102285,OnTrack,146.00000341333626,8879.333378844483,19.33331569776273,1,8,4,4061.914619416088,0.7532986941094382,27,3078.235460653904,interpolation,0 days 00:01:09.245000,69.245,4413.402,0.0
2024-03-01 17:00:09.175,0 days 01:13:33.502000,6664.0,397.0,-15.0,OnTrack,143.99999658666374,8852.666621155517,29.66668430223727,1,8,4,4065.4917301415617,0.7539620839368126,27,3079.5884282349843,interpolation,0 days 00:01:09.345000,69.345,4413.502,0.0
2024-03-01 17:00:09.275,0 days 01:13:33.602000,6662.31690537182,352.75678842373105,-15.985406535482184,OnTrack,142.0,8826.0,40.0,1,8,4,4068.7305555555563,0.7545627373683614,27,3080.9413888888885,interpolation,0 days 00:01:09.445000,69.445,4413.602,0.0
2024-03-01 17:00:09.375,0 days 01:13:33.702000,6658.311452624128,329.4067020474091,-16.438757617548834,OnTrack,142.4000008191996,8920.200192921502,45.80001187839392,1,8,4,4071.6898948821968,0.7551115589609003,27,3081.992502152674,interpolation,0 days 00:01:09.545000,69.545,4413.702,0.0
2024-03-01 17:00:09.475,0 days 01:13:33.802000,6652.150273564373,313.1032646473827,-16.67272989084107,OnTrack,142.7999995904002,9014.39990353925,51.59999406080304,0,8,4,4074.3697178179245,0.7556085430945103,27,3083.043610034774,interpolation,0 days 00:01:09.645000,69.645,4413.802,0.0
2024-03-01 17:00:09.575,0 days 01:13:33.902000,6644.0,290.0,-17.0,OnTrack,143.2000004095998,9108.60009646075,57.40000593919696,0,8,4,4076.9939869073546,0.7560952245399076,27,3084.094723298559,interpolation,0 days 00:01:09.745000,69.745,4413.902,0.0
2024-03-01 17:00:09.675,0 days 01:13:34.002000,6633.860631931013,260.09690810526115,-17.420567945025635,OnTrack,143.5999991808004,9202.7998070785,63.19998812160608,0,8,4,4080.906274431537,0.7568207742766896,27,3085.1458311806587,interpolation,0 days 00:01:09.845000,69.845,4414.002,0.0
2024-03-01 17:00:09.775,0 days 01:13:34.102000,6620.774993482448,223.40607308039498,-17.98536718065596,OnTrack,144.0,9297.0,69.0,0,8,4,4086.330555555556,0.7578267294160899,27,3086.1969444444444,interpolation,0 days 00:01:09.945000,69.945,4414.102,0.0
2024-03-01 17:00:09.875,0 days 01:13:34.202000,6599.0,180.0,-19.0,OnTrack,146.0,9750.0,76.0,0,8,4,4092.819444444445,0.7590301204235858,27,3087.9302777777775,interpolation,0 days 00:01:10.045000,70.045,4414.202,0.0
2024-03-01 17:00:09.975,0 days 01:13:34.302000,6567.578465807178,129.890773105047,-20.51540037935699,OnTrack,148.5000064,9947.00050432,77.00000256,0,8,4,4097.68900289837,0.7599331999729927,27,3088.735835395556,interpolation,0 days 00:01:10.145000,70.145,4414.302,0.0
2024-03-01 17:00:10.075,0 days 01:13:34.402000,6528.199754971391,75.12697073560769,-22.41506749683772,OnTrack,151.0,10144.0,78.0,0,8,4,4101.208333333334,0.7605858742089614,27,3089.5413888888897,interpolation,0 days 00:01:10.245000,70.245,4414.402,0.0
2024-03-01 17:00:10.175,0 days 01:13:34.502000,6491.0,28.0,-24.0,OnTrack,153.33333731555217,10219.333461902113,79.66666951110868,0,8,4,4104.093954358017,0.7611210244406275,27,3089.985834091852,interpolation,0 days 00:01:10.345000,70.345,4414.502,0.0
2024-03-01 17:00:10.275,0 days 01:13:34.602000,6457.668547661416,-9.441581739039208,-25.153698259916926,OnTrack,155.66666268444783,10294.666538097888,81.33333048889132,0,8,4,4106.765574011296,0.7616164872419261,27,3090.430277019261,interpolation,0 days 00:01:10.445000,70.445,4414.602,0.0
2024-03-01 17:00:10.375,0 days 01:13:34.702000,6428.205397955639,-37.19777448150994,-25.87616227658851,OnTrack,158.0,10370.0,83.0,0,8,4,4111.741666666667,0.7625393239951018,27,3090.8747222222237,interpolation,0 days 00:01:10.545000,70.545,4414.702,0.0
2024-03-01 17:00:10.475,0 days 01:13:34.802000,6402.139549272042,-58.8550799832257,-26.41054515496583,OnTrack,161.0,10693.0,87.0,0,8,4,4118.897222222222,0.7638663510650116,27,3091.496944444446,interpolation,0 days 00:01:10.645000,70.645,4414.802,0.0
2024-03-01 17:00:10.575,0 days 01:13:34.902000,6379.0,-78.0,-27.0,OnTrack,165.00001024,10936.25062272,90.25000832,0,8,4,4124.964105655966,0.7649914794333204,27,3091.2969439324456,interpolation,0 days 00:01:10.745000,70.745,4414.902,0.0
2024-03-01 17:00:10.675,0 days 01:13:35.002000,6358.786750139509,-94.63253453183285,-27.64452681169101,OnTrack,169.0,11179.5,93.5,0,8,4,4129.397558108759,0.7658136813395646,27,3091.0969444444454,interpolation,0 days 00:01:10.845000,70.845,4415.002,0.0
2024-03-01 17:00:10.775,0 days 01:13:35.102000,6341.499799690572,-108.75268357872423,-28.344125590038857,OnTrack,173.00001024,11422.75062272,96.75000832,0,8,4,4133.005865274277,0.7664828566744519,27,3090.896943932445,interpolation,0 days 00:01:10.945000,70.945,4415.102,0.0
2024-03-01 17:00:10.875,0 days 01:13:35.202000,6319.962949396349,-124.99649083625349,-29.12166157336728,OnTrack,177.0,11666.0,100.0,0,8,4,4136.597222222223,0.7671488885221023,27,3090.696944444445,interpolation,0 days 00:01:11.045000,71.045,4415.202,0.0
2024-03-01 17:00:10.975,0 days 01:13:35.302000,6287.0,-148.0,-30.0,OnTrack,178.50000384,11800.00034304,100.0,0,8,4,4140.171665728189,0.7678117837027004,27,3090.385832536889,pos,0 days 00:01:11.145000,71.145,4415.302,0.0
2024-03-01 17:00:11.075,0 days 01:13:35.402000,6242.610951501525,-177.76321106996377,-30.979140869937034,OnTrack,180.0,11934.0,100.0,0,8,4,4144.597222222223,0.7686325212710697,27,3090.0747222222226,interpolation,0 days 00:01:11.245000,71.245,4415.402,0.0
2024-03-01 17:00:11.175,0 days 01:13:35.502000,6194.0,-209.0,-32.0,OnTrack,185.50001408,11513.9989248,100.0,0,8,4,4150.742000054402,0.7697720954744385,27,3089.1747199182228,interpolation,0 days 00:01:11.345000,71.345,4415.502,0.0
2024-03-01 17:00:11.275,0 days 01:13:35.602000,6148.371341594501,-236.42424274396404,-33.00349320701054,OnTrack,191.0,11094.0,100.0,0,8,4,4157.330555555555,0.7709939700631762,27,3088.2747222222233,interpolation,0 days 00:01:11.445000,71.445,4415.602,0.0
2024-03-01 17:00:11.375,0 days 01:13:35.702000,6103.273773088321,-261.6098128548296,-33.994244713865214,OnTrack,195.33334072888258,11083.999982933348,100.0,0,8,4,4163.087575445836,0.7720616329688857,27,3087.31546132583,interpolation,0 days 00:01:11.545000,71.545,4415.702,0.0
2024-03-01 17:00:11.475,0 days 01:13:35.802000,6044.0,-294.0,-35.0,OnTrack,199.66665927111742,11074.000017066652,100.0,0,8,4,4168.134148862819,0.7729975406678239,27,3086.356205340839,interpolation,0 days 00:01:11.645000,71.645,4415.802,0.0
2024-03-01 17:00:11.575,0 days 01:13:35.902000,5972.0,-333.0,-36.0,OnTrack,204.0,11064.0,100.0,0,8,4,4173.197222222222,0.7739365083486284,27,3085.3969444444456,interpolation,0 days 00:01:11.745000,71.745,4415.902,0.0
2024-03-01 17:00:11.675,0 days 01:13:36.002000,5910.681128739512,-365.5975831383472,-36.84194392010419,OnTrack,205.6666638222198,11162.666498275412,100.0,0,8,4,4178.397891767618,0.7749009938053919,27,3084.3858350589658,interpolation,0 days 00:01:11.845000,71.845,4416.002,0.0
2024-03-01 17:00:11.775,0 days 01:13:36.102000,5862.523469187233,-390.50410250336273,-37.50316896278471,OnTrack,207.3333361777802,11261.333501724588,100.0,0,8,5,4183.762950187724,0.775895965851916,27,3083.3747204965925,interpolation,0 days 00:01:11.945000,71.945,4416.102,0.0
2024-03-01 17:00:11.875,0 days 01:13:36.202000,5819.0,-413.0,-38.0,OnTrack,209.0,11360.0,100.0,0,8,5,4189.452777777778,0.7769511676704887,27,3082.3636111111127,interpolation,0 days 00:01:12.045000,72.045,4416.202,0.0
2024-03-01 17:00:11.975,0 days 01:13:36.302000,5778.689543677549,-433.9653537850693,-38.33515785767369,OnTrack,212.6666729244391,11300.333231502309,100.0,0,8,5,4195.494172235489,0.77807156900385,27,3081.1191645428185,interpolation,0 days 00:01:12.145000,72.145,4416.302,0.0
2024-03-01 17:00:12.075,0 days 01:13:36.402000,5739.84679763738,-454.25523008601965,-38.56192560274513,OnTrack,216.3333270755609,11240.666768497691,100.0,0,8,5,4201.928937156571,0.7792649224999532,27,3079.8747243460743,interpolation,0 days 00:01:12.245000,72.245,4416.402,0.0
2024-03-01 17:00:12.175,0 days 01:13:36.502000,5692.0,-479.0,-39.0,OnTrack,220.0,11181.0,100.0,0,8,5,4209.008333333332,0.780577825501298,27,3078.63027777778,interpolation,0 days 00:01:12.345000,72.345,4416.502,0.0
2024-03-01 17:00:12.275,0 days 01:13:36.602000,5633.403866054715,-509.05472099862584,-39.702663570761814,OnTrack,222.99999232,11060.00030976,100.0,0,8,5,4216.774153732379,0.7820180286846263,27,3077.19694811378,interpolation,0 days 00:01:12.445000,72.445,4416.602,0.0
2024-03-01 17:00:12.375,0 days 01:13:36.702000,5566.284656064704,-543.4089502809077,-40.56972129783003,OnTrack,226.0,10939.0,100.0,0,8,5,4224.075,0.7833720005118535,27,3075.7636111111133,interpolation,0 days 00:01:12.545000,72.545,4416.702,0.0
2024-03-01 17:00:12.475,0 days 01:13:36.802000,5504.0,-576.0,-41.0,OnTrack,227.99999658666374,11004.999887359903,100.0,0,8,5,4229.759319499826,0.7844261808325457,27,3074.741390633485,interpolation,0 days 00:01:12.645000,72.645,4416.802,0.0
2024-03-01 17:00:12.575,0 days 01:13:36.902000,5448.0,-606.0,-41.0,OnTrack,230.00000341333626,11071.000112640097,100.0,0,8,5,4234.1897457482155,0.7852478215167951,27,3073.719164922074,interpolation,0 days 00:01:12.745000,72.745,4416.902,0.0
2024-03-01 17:00:12.675,0 days 01:13:37.002000,5393.627546695525,-634.5044538423215,-41.209902771139866,OnTrack,232.0,11137.0,100.0,0,8,5,4239.541666666666,0.7862403571598573,27,3072.6969444444458,interpolation,0 days 00:01:12.845000,72.845,4417.002,0.0
2024-03-01 17:00:12.775,0 days 01:13:37.102000,5339.946816921819,-661.9654479533372,-41.67201610255992,OnTrack,235.00000511999562,11234.66683335097,100.0,0,8,6,4246.177712367773,0.787471039000583,27,3071.156201074177,interpolation,0 days 00:01:12.945000,72.945,4417.102,0.0
2024-03-01 17:00:12.875,0 days 01:13:37.202000,5286.0,-690.0,-42.0,OnTrack,237.99999488000438,11332.33316664903,100.0,0,8,6,4253.8380203974375,0.7888916744830815,27,3069.6154655924934,interpolation,0 days 00:01:13.045000,73.045,4417.202,0.0
2024-03-01 17:00:12.975,0 days 01:13:37.302000,5231.6274599995895,-718.8776143066593,-42.12946413473941,OnTrack,241.0,11430.0,100.0,0,8,6,4260.9638888888885,0.7902131959654257,27,3068.0747222222244,interpolation,0 days 00:01:13.145000,73.145,4417.302,0.0
2024-03-01 17:00:13.075,0 days 01:13:37.402000,5168.0,-753.0,-42.0,OnTrack,242.99999488,11515.99977984,100.0,0,8,6,4267.295450372258,0.7913874099615292,27,3066.5191706488913,interpolation,0 days 00:01:13.245000,73.245,4417.402,0.0
2024-03-01 17:00:13.175,0 days 01:13:37.502000,5086.288423080649,-796.7688662067069,-41.55119908900366,OnTrack,245.0,11602.0,100.0,0,8,6,4272.832769682901,0.7924143284953743,27,3064.9636111111136,interpolation,0 days 00:01:13.345000,73.345,4417.502,0.0
2024-03-01 17:00:13.275,0 days 01:13:37.602000,5000.0,-843.0,-41.0,OnTrack,246.99999488,11687.99977984,100.0,0,8,6,4279.352279849877,0.7936233983442433,27,3063.4080595377804,interpolation,0 days 00:01:13.445000,73.445,4417.602,0.0
2024-03-01 17:00:13.375,0 days 01:13:37.702000,4922.642001516516,-884.5091884530989,-40.56334133123867,OnTrack,249.0,11774.0,100.0,0,8,6,4288.630555555555,0.7953440925556049,27,3061.8525000000027,interpolation,0 days 00:01:13.545000,73.545,4417.702,0.0
2024-03-01 17:00:13.475,0 days 01:13:37.802000,4854.214427630195,-921.2964315660035,-40.24122308271966,OnTrack,251.0,10654.0,100.0,0,8,6,4299.78611111111,0.7974129359999983,27,3059.31916666667,interpolation,0 days 00:01:13.645000,73.645,4417.802,0.0
2024-03-01 17:00:13.575,0 days 01:13:37.902000,4790.929639928778,-955.4354588959064,-40.04849329284082,OnTrack,252.2500032,10637.99995904,100.0,0,8,6,4307.530671545163,0.7988491964357882,27,3058.0524967573365,interpolation,0 days 00:01:13.745000,73.745,4417.902,0.0
2024-03-01 17:00:13.675,0 days 01:13:38.002000,4729.0,-989.0,-40.0,OnTrack,253.5,10622.0,100.0,0,8,6,4310.9827668740945,0.7994894016461083,27,3056.785833333336,interpolation,0 days 00:01:13.845000,73.845,4418.002,0.0
2024-03-01 17:00:13.775,0 days 01:13:38.102000,4668.425507843863,-1021.9900548782842,-40.095743204197234,OnTrack,254.7500032,10605.99995904,100.0,0,8,6,4314.525452337535,0.8001464071677147,27,3055.5191634240027,interpolation,0 days 00:01:13.945000,73.945,4418.102,0.0
2024-03-01 17:00:13.875,0 days 01:13:38.202000,4609.206163460365,-1054.405623530759,-40.33572290543249,OnTrack,256.0,10590.0,100.0,0,8,6,4322.541666666666,0.8016330469303949,27,3054.2525000000023,interpolation,0 days 00:01:14.045000,74.045,4418.202,0.0
2024-03-01 17:00:13.975,0 days 01:13:38.302000,4552.383737346685,-1085.618380417854,-40.6578411539515,OnTrack,259.0,10768.0,100.0,0,8,7,4334.052777777777,0.8037678296080759,27,3051.7191666666686,interpolation,0 days 00:01:14.145000,74.145,4418.302,0.0
2024-03-01 17:00:14.075,0 days 01:13:38.402000,4499.0,-1115.0,-41.0,OnTrack,260.6666638222198,10823.666571662141,100.0,0,8,7,4343.186432887576,0.80546170333791,27,3050.241391410967,interpolation,0 days 00:01:14.245000,74.245,4418.402,0.0
2024-03-01 17:00:14.175,0 days 01:13:38.502000,4449.054951420312,-1142.5504822771966,-41.362199443578,OnTrack,262.3333361777802,10879.333428337859,100.0,0,8,7,4349.319642348669,0.8065991321395043,27,3048.7636085890367,interpolation,0 days 00:01:14.345000,74.345,4418.502,0.0
2024-03-01 17:00:14.275,0 days 01:13:38.602000,4402.384044316863,-1168.3633792446842,-41.728137193115785,OnTrack,264.0,10935.0,100.0,0,8,7,4354.586111111111,0.8075758203304259,27,3047.285833333335,interpolation,0 days 00:01:14.445000,74.445,4418.602,0.0
2024-03-01 17:00:14.375,0 days 01:13:38.702000,4358.0,-1193.0,-42.0,OnTrack,265.00000256,10988.7501376,100.0,0,8,7,4359.341524097375,0.8084577311355869,27,3045.885829749335,interpolation,0 days 00:01:14.545000,74.545,4418.702,0.0
2024-03-01 17:00:14.475,0 days 01:13:38.802000,4315.738272863928,-1216.5538955804177,-42.16148573959558,OnTrack,266.0,11042.5,100.0,0,8,7,4363.585832612161,0.8092448555242437,27,3044.4858333333345,interpolation,0 days 00:01:14.645000,74.645,4418.802,0.0
2024-03-01 17:00:14.575,0 days 01:13:38.902000,4275.598862908642,-1239.0250659859362,-42.212594411902494,OnTrack,267.00000256,11096.2501376,100.0,0,8,7,4370.0303146804345,0.8104400111050717,27,3043.085829749334,interpolation,0 days 00:01:14.745000,74.745,4418.902,0.0
2024-03-01 17:00:14.675,0 days 01:13:39.002000,4221.410021499036,-1269.2337033984866,-42.65740587825816,OnTrack,268.0,11150.0,100.0,0,8,7,4381.386111111111,0.8125459900394669,27,3041.685833333334,interpolation,0 days 00:01:14.845000,74.845,4419.002,0.0
2024-03-01 17:00:14.775,0 days 01:13:39.102000,4137.0,-1316.0,-44.0,OnTrack,270.0,11168.0,100.0,0,8,7,4396.311111111111,0.8153138923867594,27,3038.6455555555567,interpolation,0 days 00:01:14.945000,74.945,4419.102,0.0
2024-03-01 17:00:14.875,0 days 01:13:39.202000,4032.0,-1374.0,-46.0,OnTrack,271.2499968,11201.49991424,100.0,0,8,7,4406.751868110139,0.8172501735127307,27,3037.40111429689,interpolation,0 days 00:01:15.045000,75.045,4419.202,0.0
2024-03-01 17:00:14.975,0 days 01:13:39.302000,3964.196935160318,-1411.290132206997,-47.21515259983956,OnTrack,272.5,11235.0,100.0,0,8,7,4411.366261945085,0.8181059317390006,27,3036.156666666667,interpolation,0 days 00:01:15.145000,75.145,4419.302,0.0
2024-03-01 17:00:15.075,0 days 01:13:39.402000,3932.43576942338,-1428.5721726460479,-47.6751074441827,OnTrack,273.7499968,11268.49991424,100.0,0,8,7,4414.5641601852585,0.818698995058624,27,3034.9122254080003,interpolation,0 days 00:01:15.245000,75.245,4419.402,0.0
2024-03-01 17:00:15.175,0 days 01:13:39.502000,3872.0,-1462.0,-49.0,OnTrack,275.0,11302.0,100.0,0,8,7,4420.755555555556,0.8198472146752713,27,3033.6677777777777,interpolation,0 days 00:01:15.345000,75.345,4419.502,0.0
2024-03-01 17:00:15.275,0 days 01:13:39.602000,3772.1035983166366,-1517.5992298647377,-51.45985146260669,OnTrack,276.49999616,11385.49978624,100.0,0,8,7,4429.940384656255,0.8215505788312047,27,3031.601116401778,interpolation,0 days 00:01:15.445000,75.445,4419.602,0.0
2024-03-01 17:00:15.375,0 days 01:13:39.702000,3671.0,-1574.0,-54.0,OnTrack,278.0,11469.0,100.0,0,8,7,4439.288888888889,0.8232842972103792,27,3029.5344444444454,interpolation,0 days 00:01:15.545000,75.545,4419.702,0.0
2024-03-01 17:00:15.475,0 days 01:13:39.802000,3606.9426406768025,-1609.832448165528,-55.5657837801772,OnTrack,278.49999872,11469.0,100.0,0,8,7,4445.971119873719,0.8245235443010365,27,3027.978892871112,interpolation,0 days 00:01:15.645000,75.645,4419.802,0.0
2024-03-01 17:00:15.575,0 days 01:13:39.902000,3579.9315203470433,-1625.0965743613206,-56.15720280313825,OnTrack,279.0,11469.0,100.0,0,8,7,4451.688888888889,0.8255839279712788,27,3026.423333333334,interpolation,0 days 00:01:15.745000,75.745,4419.902,0.0
2024-03-01 17:00:15.675,0 days 01:13:40.002000,3551.2046398437624,-1641.312413376453,-56.92002042453018,OnTrack,279.6666655288879,11494.666622862185,100.0,0,8,7,4458.143880236505,0.8267810325409819,27,3024.3158369301373,interpolation,0 days 00:01:15.845000,75.845,4420.002,0.0
2024-03-01 17:00:15.775,0 days 01:13:40.102000,3482.0,-1680.0,-59.0,OnTrack,280.3333344711121,11520.333377137815,100.0,0,8,7,4465.3758097778455,0.8281222234792016,27,3022.2083297365307,interpolation,0 days 00:01:15.945000,75.945,4420.102,0.0
2024-03-01 17:00:15.875,0 days 01:13:40.202000,3372.317600815757,-1741.159334231962,-62.397141529547724,OnTrack,281.0,11546.0,100.0,0,8,7,4473.6225,0.8296516059397241,27,3020.100833333334,interpolation,0 days 00:01:16.045000,76.045,4420.202,0.0
2024-03-01 17:00:15.975,0 days 01:13:40.302000,3263.0,-1802.0,-66.0,OnTrack,282.50000384,11601.0001408,100.0,0,8,7,4482.923685111277,0.8313765487941366,27,3016.6674912106682,interpolation,0 days 00:01:16.145000,76.145,4420.302,0.0
2024-03-01 17:00:16.075,0 days 01:13:40.402000,3194.889755261699,-1839.7315812317775,-68.69713039818356,OnTrack,284.0,11656.0,100.0,0,8,7,4492.555833333333,0.8331628701122803,27,3013.234166666669,interpolation,0 days 00:01:16.245000,76.245,4420.402,0.0
2024-03-01 17:00:16.175,0 days 01:13:40.502000,3160.0656343034784,-1858.8132304748283,-70.6691757766408,OnTrack,284.50000128,11326.49915648,100.0,0,8,7,4501.795606765148,0.8348764239193404,27,3009.2008230080023,interpolation,0 days 00:01:16.345000,76.345,4420.502,0.0
2024-03-01 17:00:16.275,0 days 01:13:40.602000,3111.0,-1886.0,-73.0,OnTrack,285.0,10997.0,100.0,0,8,7,4510.642910791686,0.8365171926685708,27,3005.1675000000023,interpolation,0 days 00:01:16.445000,76.445,4420.602,0.0
2024-03-01 17:00:16.375,0 days 01:13:40.702000,3039.771538940055,-1925.7510880167833,-75.87024797059794,OnTrack,285.50000128,10667.49915648,100.0,0,8,7,4519.185609721045,0.8381014711555916,27,3001.1341563413357,interpolation,0 days 00:01:16.545000,76.545,4420.702,0.0
2024-03-01 17:00:16.475,0 days 01:13:40.802000,2959.0,-1971.0,-79.0,OnTrack,286.0,10338.0,100.0,0,8,7,4527.511388888888,0.839645520984852,27,2997.1008333333357,interpolation,0 days 00:01:16.645000,76.645,4420.802,0.0
2024-03-01 17:00:16.575,0 days 01:13:40.902000,2881.3051320561917,-2014.680241424472,-82.10933639977159,OnTrack,287.00000256,10325.99996928,100.0,0,8,7,4535.620333551411,0.8411493579674626,27,2993.184156640002,interpolation,0 days 00:01:16.745000,76.745,4420.902,0.0
2024-03-01 17:00:16.675,0 days 01:13:41.002000,2806.0,-2057.0,-85.0,OnTrack,288.0,10314.0,100.0,0,8,8,4543.511388888888,0.842612786482787,27,2989.2675000000017,interpolation,0 days 00:01:16.845000,76.845,4421.002,0.0
2024-03-01 17:00:16.775,0 days 01:13:41.102000,2732.3976687227923,-2098.167463436386,-87.47373363077253,OnTrack,288.75000192,10342.25007232,100.0,0,8,8,4551.183663921585,0.8440356412949864,27,2985.0174891200018,interpolation,0 days 00:01:16.945000,76.945,4421.102,0.0
2024-03-01 17:00:16.875,0 days 01:13:41.202000,2652.0,-2143.0,-90.0,OnTrack,289.5,10370.5,100.0,0,8,8,4558.637080085608,0.845417907834065,27,2980.7675000000017,interpolation,0 days 00:01:17.045000,77.045,4421.202,0.0
2024-03-01 17:00:16.975,0 days 01:13:41.302000,2556.308855607056,-2196.3149779572154,-93.0482618155933,OnTrack,290.25000192,10398.75007232,100.0,0,8,8,4565.802687899269,0.8467467991363905,27,2976.5174891200018,interpolation,0 days 00:01:17.145000,77.145,4421.302,0.0
2024-03-01 17:00:17.075,0 days 01:13:41.402000,2450.985794889715,-2254.957691200844,-96.42843267474,OnTrack,291.0,10427.0,100.0,0,8,8,4572.6113888888885,0.8480095006071563,27,2972.2675000000017,interpolation,0 days 00:01:17.245000,77.245,4421.402,0.0
2024-03-01 17:00:17.175,0 days 01:13:41.502000,2370.0,-2300.0,-99.0,OnTrack,291.0,10410.99995904,100.0,0,8,8,4579.063252775746,0.8492060251764592,27,2968.356378876446,interpolation,0 days 00:01:17.345000,77.345,4421.502,0.0
2024-03-01 17:00:17.275,0 days 01:13:41.602000,2319.012972309595,-2328.287230551521,-100.57287933503568,OnTrack,291.0,10395.0,100.0,0,8,8,4585.544722222223,0.8504080402179872,27,2964.4452777777788,interpolation,0 days 00:01:17.445000,77.445,4421.602,0.0
2024-03-01 17:00:17.375,0 days 01:13:41.702000,2292.3541513377777,-2342.975321315139,-101.28900641376762,OnTrack,291.50000128,10426.50008064,100.0,0,8,8,4592.4423723280415,0.8516872376664761,27,2959.111930791112,interpolation,0 days 00:01:17.545000,77.545,4421.702,0.0
2024-03-01 17:00:17.475,0 days 01:13:41.802000,2256.0,-2363.0,-102.0,OnTrack,292.0,10458.0,100.0,0,8,8,4599.756132461447,0.8530436044229779,27,2953.7786111111122,interpolation,0 days 00:01:17.645000,77.645,4421.802,0.0
2024-03-01 17:00:17.575,0 days 01:13:41.902000,2204.2798997487016,-2391.517237382811,-102.84779728108273,OnTrack,292.50000128,10489.50008064,100.0,0,8,8,4608.103118035247,0.8545915870670339,27,2948.4452641244457,interpolation,0 days 00:01:17.745000,77.745,4421.902,0.0
2024-03-01 17:00:17.675,0 days 01:13:42.002000,2128.0,-2434.0,-104.0,OnTrack,293.0,10521.0,100.0,0,8,8,4618.100277777778,0.8564456012658687,27,2943.1119444444457,interpolation,0 days 00:01:17.845000,77.845,4422.002,0.0
2024-03-01 17:00:17.775,0 days 01:13:42.102000,2017.9664501700106,-2495.921254387994,-105.62420989973597,OnTrack,293.50000128,10545.50006272,100.0,0,8,8,4629.747714060203,0.8586056660046335,27,2935.2563687786683,interpolation,0 days 00:01:17.945000,77.945,4422.102,0.0
2024-03-01 17:00:17.875,0 days 01:13:42.202000,1884.1083507870396,-2571.6055102326964,-107.57724302026172,OnTrack,294.0,10570.0,100.0,0,8,8,4640.966944444444,0.8606863182066674,27,2927.400833333335,interpolation,0 days 00:01:18.045000,78.045,4422.202,0.0
2024-03-01 17:00:17.975,0 days 01:13:42.302000,1786.0,-2627.0,-109.0,OnTrack,294.50000128,10566.49999104,100.0,0,8,8,4649.679720647045,0.8623021382202427,27,2921.6508186133356,interpolation,0 days 00:01:18.145000,78.145,4422.302,0.0
2024-03-01 17:00:18.075,0 days 01:13:42.402000,1733.5703966637298,-2656.4292914925313,-109.74929834511818,OnTrack,295.0,10563.0,100.0,0,8,8,4657.355833333333,0.8637257047410105,27,2915.900833333336,interpolation,0 days 00:01:18.245000,78.245,4422.402,0.0
2024-03-01 17:00:18.175,0 days 01:13:42.502000,1717.9587452072367,-2664.960891896109,-109.91096897025744,OnTrack,295.0,10575.00003072,100.0,0,8,8,4665.4652409908595,0.86522962758794,27,2910.095262915558,interpolation,0 days 00:01:18.345000,78.345,4422.502,0.0
2024-03-01 17:00:18.275,0 days 01:13:42.602000,1686.0,-2683.0,-110.0,OnTrack,295.0,10587.0,100.0,0,8,8,4673.744722222222,0.8667650912753536,27,2904.2897222222246,interpolation,0 days 00:01:18.445000,78.445,4422.602,0.0
2024-03-01 17:00:18.375,0 days 01:13:42.702000,1628.833274736017,-2715.6141748815626,-110.10222322790023,OnTrack,295.50000128,10597.50002688,100.0,0,8,8,4681.931223452231,0.8682833114408915,27,2898.2897068622256,interpolation,0 days 00:01:18.545000,78.545,4422.702,0.0
2024-03-01 17:00:18.475,0 days 01:13:42.802000,1546.9168060863067,-2762.518112791663,-110.179166713955,OnTrack,296.0,10608.0,100.0,0,8,8,4690.189166666665,0.8698147808148976,27,2892.2897222222264,interpolation,0 days 00:01:18.645000,78.645,4422.802,0.0
2024-03-01 17:00:18.575,0 days 01:13:42.902000,1443.0,-2822.0,-110.0,OnTrack,296.25000064,10618.50002688,100.0,0,8,8,4698.683142242414,0.8713900233565365,27,2886.1508176177817,interpolation,0 days 00:01:18.745000,78.745,4422.902,0.0
2024-03-01 17:00:18.675,0 days 01:13:43.002000,1317.5410884557962,-2893.7745356789355,-109.52625153998281,OnTrack,296.5,10629.0,100.0,0,8,8,4707.413063201389,0.8730090229353655,27,2880.011944444448,interpolation,0 days 00:01:18.845000,78.845,4423.002,0.0
2024-03-01 17:00:18.775,0 days 01:13:43.102000,1200.0,-2961.0,-109.0,OnTrack,296.75000064,10639.50002688,100.0,0,8,8,4715.781078133,0.8745609055599141,27,2873.8730398400035,interpolation,0 days 00:01:18.945000,78.945,4423.102,0.0
2024-03-01 17:00:18.875,0 days 01:13:43.202000,1119.8366631789154,-3006.834673134726,-108.66332404614813,OnTrack,297.0,10650.0,100.0,0,8,8,4723.189166666666,0.8759347659043887,27,2867.73416666667,interpolation,0 days 00:01:19.045000,79.045,4423.202,0.0
2024-03-01 17:00:18.975,0 days 01:13:43.302000,1077.0510779925426,-3031.2785550831136,-108.51622367842721,OnTrack,297.50000128,10646.49999104,100.0,0,8,8,4729.6374046614155,0.8771306180371573,27,2862.7341538666697,interpolation,0 days 00:01:19.145000,79.145,4423.302,0.0
2024-03-01 17:00:19.075,0 days 01:13:43.402000,1050.2399538098985,-3046.5831594899437,-108.36101147149267,OnTrack,298.0,10643.0,100.0,0,8,8,4736.433611111111,0.878391002344346,27,2857.73416666667,interpolation,0 days 00:01:19.245000,79.245,4423.402,0.0
2024-03-01 17:00:19.175,0 days 01:13:43.502000,1018.0,-3065.0,-108.0,OnTrack,297.66666609777826,10615.666620017817,100.0,0,8,8,4744.885740632757,0.8799584843639496,27,2851.0378589420375,interpolation,0 days 00:01:19.345000,79.345,4423.502,0.0
2024-03-01 17:00:19.275,0 days 01:13:43.602000,980.3312165628467,-3086.5290766132816,-107.43318926394915,OnTrack,297.33333390222174,10588.333379982183,100.0,0,8,8,4754.557709471203,0.8817521905784137,27,2844.3415855024127,interpolation,0 days 00:01:19.445000,79.445,4423.602,0.0
2024-03-01 17:00:19.375,0 days 01:13:43.702000,916.0,-3123.0,-107.0,OnTrack,297.0,10561.0,100.0,0,8,8,4762.833611111111,0.8832869904159388,27,2837.6452777777804,interpolation,0 days 00:01:19.545000,79.545,4423.702,0.0
2024-03-01 17:00:19.475,0 days 01:13:43.802000,815.0,-3180.0,-107.0,OnTrack,295.00000512,10294.00068352,85.50003712,0,8,8,4769.277363601901,0.8844820106936357,27,2832.734179239114,interpolation,0 days 00:01:19.645000,79.645,4423.802,0.0
2024-03-01 17:00:19.575,0 days 01:13:43.902000,744.6943907846809,-3220.074983396356,-107.19407281935294,OnTrack,293.0,10027.0,71.0,0,8,8,4775.855833333333,0.8857020148350914,27,2827.8230555555583,interpolation,0 days 00:01:19.745000,79.745,4423.902,0.0
2024-03-01 17:00:19.675,0 days 01:13:44.002000,716.3103105745383,-3236.982633280355,-107.54236592133849,OnTrack,275.5000448,9355.00172032,35.50009088,0,8,8,4784.535753347578,0.8873117415340355,27,2821.6897379235584,interpolation,0 days 00:01:19.845000,79.845,4424.002,0.0
2024-03-01 17:00:19.775,0 days 01:13:44.102000,683.2710750771265,-3255.8989665241756,-107.8694760626548,OnTrack,258.0,8683.0,0.0,1,8,8,4793.055833333333,0.8888918252453715,27,2815.556388888892,interpolation,0 days 00:01:19.945000,79.945,4424.102,0.0
2024-03-01 17:00:19.875,0 days 01:13:44.202000,599.0,-3302.0,-108.0,OnTrack,247.00001877334935,8605.333465884558,0.0,1,8,8,4799.154606851318,0.8900228677603487,27,2812.2452834287483,interpolation,0 days 00:01:20.045000,80.045,4424.202,0.0
2024-03-01 17:00:19.975,0 days 01:13:44.302000,479.0,-3367.0,-108.0,OnTrack,235.99998122665065,8527.666534115442,0.0,1,8,8,4803.272967046111,0.8907866345174786,27,2808.934161015701,interpolation,0 days 00:01:20.145000,80.145,4424.302,0.0
2024-03-01 17:00:20.075,0 days 01:13:44.402000,416.28903926933907,-3401.184309738607,-108.26585169184976,OnTrack,225.0,8450.0,0.0,1,8,8,4808.055833333334,0.8916736366496856,27,2805.6230555555576,interpolation,0 days 00:01:20.245000,80.245,4424.402,0.0
2024-03-01 17:00:20.175,0 days 01:13:44.502000,411.4543025909759,-3403.572818750398,-108.77547398836448,OnTrack,225.0,8457.5000192,0.0,1,8,8,4813.94408538265,0.8927656370965033,27,2801.595267466669,interpolation,0 days 00:01:20.345000,80.345,4424.502,0.0
2024-03-01 17:00:20.275,0 days 01:13:44.602000,375.0,-3418.0,-109.0,OnTrack,225.0,8465.0,0.0,1,8,8,4820.555833333334,0.8939918128199473,27,2797.567500000003,interpolation,0 days 00:01:20.445000,80.445,4424.602,0.0
2024-03-01 17:00:20.375,0 days 01:13:44.702000,299.0,-3448.0,-109.0,OnTrack,198.49993216000001,8900.50111488,0.0,1,8,7,4827.509315324662,0.8952813645201585,27,2794.2230469937813,interpolation,0 days 00:01:20.545000,80.545,4424.702,0.0
2024-03-01 17:00:20.475,0 days 01:13:44.802000,225.3939765274101,-3470.942884563339,-109.66776979372061,OnTrack,172.0,9336.0,0.0,1,8,7,4833.933611111111,0.8964727764723872,27,2790.878611111115,interpolation,0 days 00:01:20.645000,80.645,4424.802,0.0
2024-03-01 17:00:20.575,0 days 01:13:44.902000,161.9125969988435,-3484.0189440251006,-110.99060788898173,OnTrack,166.99999146667395,9470.666896497582,0.0,1,8,7,4838.957937435574,0.8974045583569465,27,2789.271200960401,interpolation,0 days 00:01:20.745000,80.745,4424.902,0.0
2024-03-01 17:00:20.675,0 days 01:13:45.002000,113.0,-3493.0,-112.0,OnTrack,162.00000853332605,9605.333103502418,0.0,1,8,7,4842.730926029356,0.8981042745368485,27,2787.6637990396066,interpolation,0 days 00:01:20.845000,80.845,4425.002,0.0
2024-03-01 17:00:20.775,0 days 01:13:45.102000,79.39687908750102,-3498.8480276824525,-112.53452625267802,OnTrack,157.0,9740.0,0.0,1,8,7,4846.144722222221,0.8987373770156029,27,2786.056388888893,interpolation,0 days 00:01:20.945000,80.945,4425.102,0.0
2024-03-01 17:00:20.875,0 days 01:13:45.202000,61.1032342613465,-3501.563027072457,-112.59418664701572,OnTrack,154.00000512000437,9400.66724579605,0.0,1,8,7,4849.347974237261,0.8993314332146916,27,2785.0341684112645,interpolation,0 days 00:01:21.045000,81.045,4425.202,0.0
2024-03-01 17:00:20.975,0 days 01:13:45.302000,44.007972304518745,-3501.996512926233,-112.60675371784556,OnTrack,150.99999487999563,9061.33275420395,0.0,1,8,6,4852.439435038281,0.8999047572755093,27,2784.0119426998535,interpolation,0 days 00:01:21.145000,81.145,4425.302,0.0
2024-03-01 17:00:21.075,0 days 01:13:45.402000,14.0,-3501.0,-113.0,OnTrack,148.0,8722.0,0.0,1,8,6,4856.011388888888,0.9005671907393293,27,2782.9897222222253,interpolation,0 days 00:01:21.245000,81.245,4425.402,0.0
2024-03-01 17:00:21.175,0 days 01:13:45.502000,-28.920682652209713,-3498.5734882937572,-113.77392549347903,OnTrack,143.49998848,8586.9996544,0.0,1,8,4,4860.162592528408,0.9013370484477322,27,2782.123053336892,interpolation,0 days 00:01:21.345000,81.345,4425.502,0.0
2024-03-01 17:00:21.275,0 days 01:13:45.602000,-76.0,-3493.0,-115.0,OnTrack,139.0,8452.0,0.0,1,8,4,4865.278055555555,0.9022857320068833,27,2781.2563888888926,interpolation,0 days 00:01:21.445000,81.445,4425.602,0.0
2024-03-01 17:00:21.375,0 days 01:13:45.702000,-118.48387639126045,-3482.5625573112247,-116.74969332128035,OnTrack,137.0,8340.0,0.0,1,8,4,4871.328888888888,0.9034078838183681,27,2780.3730555555585,interpolation,0 days 00:01:21.545000,81.545,4425.702,0.0
2024-03-01 17:00:21.475,0 days 01:13:45.802000,-151.0,-3471.0,-118.0,OnTrack,136.00000170666812,8334.666675768896,15.666639928866072,1,8,4,4875.831090339259,0.9042428355076457,27,2780.2434261471635,interpolation,0 days 00:01:21.645000,81.645,4425.802,0.0
2024-03-01 17:00:21.575,0 days 01:13:45.902000,-171.0,-3461.0,-118.0,OnTrack,134.99999829333188,8329.333324231104,31.333360071133928,0,8,4,4878.682201446034,0.9047715857337651,27,2780.113796075065,interpolation,0 days 00:01:21.745000,81.745,4425.902,0.0
2024-03-01 17:00:21.675,0 days 01:13:46.002000,-195.42760914165922,-3446.25551798587,-118.38221420674012,OnTrack,134.0,8324.0,47.0,0,8,4,4881.751111111111,0.9053407275941063,27,2779.98416666667,interpolation,0 days 00:01:21.845000,81.845,4426.002,0.0
2024-03-01 17:00:21.775,0 days 01:13:46.102000,-225.0,-3425.0,-119.0,OnTrack,131.99999488,8384.0001536,52.0000128,0,8,4,4885.349339767765,0.9060080338282669,27,2780.2063894577814,interpolation,0 days 00:01:21.945000,81.945,4426.102,0.0
2024-03-01 17:00:21.875,0 days 01:13:46.202000,-257.6103752329683,-3396.518070687688,-119.43462655222908,OnTrack,130.0,8444.0,57.0,0,8,4,4888.973333333332,0.9066801182702574,27,2780.428611111115,interpolation,0 days 00:01:22.045000,82.045,4426.202,0.0
2024-03-01 17:00:21.975,0 days 01:13:46.302000,-290.0,-3364.0,-120.0,OnTrack,130.66666780444348,8498.333426062143,57.0,0,8,4,4892.1196116807005,0.9072636084694478,27,2780.850834053929,interpolation,0 days 00:01:22.145000,82.145,4426.302,0.0
2024-03-01 17:00:22.075,0 days 01:13:46.402000,-318.9101394605311,-3330.6360578879994,-121.01002647988537,OnTrack,131.33333219555652,8552.666573937857,57.0,0,8,4,4894.876406427299,0.9077748673404773,27,2781.273054834967,interpolation,0 days 00:01:22.245000,82.245,4426.402,0.0
2024-03-01 17:00:22.175,0 days 01:13:46.502000,-343.0,-3300.0,-122.0,OnTrack,132.0,8607.0,57.0,0,8,4,4897.773333333333,0.9083121142941217,27,2781.6952777777806,interpolation,0 days 00:01:22.345000,82.345,4426.502,0.0
2024-03-01 17:00:22.275,0 days 01:13:46.602000,-360.9287880038449,-3275.6655819843118,-122.50521456845874,OnTrack,133.59999672319833,8792.399620300606,64.79998402559183,0,8,4,4900.898626569584,0.9088917127185503,27,2782.2564432951776,interpolation,0 days 00:01:22.445000,82.445,4426.602,0.0
2024-03-01 17:00:22.375,0 days 01:13:46.702000,-377.0,-3252.0,-123.0,OnTrack,135.20000163840083,8977.800189849697,72.6000079872041,0,8,4,4904.252318139137,0.9095136685488658,27,2782.817611685749,interpolation,0 days 00:01:22.545000,82.545,4426.702,0.0
2024-03-01 17:00:22.475,0 days 01:13:46.802000,-395.51713251639956,-3223.370450206128,-123.95868610936222,OnTrack,136.79999836159917,9163.199810150303,80.3999920127959,0,8,4,4907.8661832127655,0.9101838746205639,27,2783.378777203146,interpolation,0 days 00:01:22.645000,82.645,4426.802,0.0
2024-03-01 17:00:22.575,0 days 01:13:46.902000,-414.0,-3194.0,-125.0,OnTrack,138.40000327680167,9348.600379699394,88.20001597440817,0,8,4,4911.931117500127,0.9109377333244552,27,2783.9399455937173,interpolation,0 days 00:01:22.745000,82.745,4426.902,0.0
2024-03-01 17:00:22.675,0 days 01:13:47.002000,-429.9684168977577,-3168.1117167789216,-125.74266877536802,OnTrack,140.0,9534.0,96.0,0,8,4,4916.478888888888,0.9117811361453533,27,2784.5011111111144,interpolation,0 days 00:01:22.845000,82.845,4427.002,0.0
2024-03-01 17:00:22.775,0 days 01:13:47.102000,-444.71550113628797,-3142.1743180083868,-126.26090651767082,OnTrack,146.333344142213,9860.33389027508,97.33333560888694,0,8,4,4921.509543948348,0.9127140917197252,27,2785.101112135114,interpolation,0 days 00:01:22.945000,82.945,4427.102,0.0
2024-03-01 17:00:22.875,0 days 01:13:47.202000,-466.0,-3095.0,-127.0,OnTrack,152.666655857787,10186.66610972492,98.66666439111306,0,8,4,4926.951862971974,0.9137233920614476,27,2785.701110087116,interpolation,0 days 00:01:23.045000,83.045,4427.202,0.0
2024-03-01 17:00:22.975,0 days 01:13:47.302000,-492.0,-3031.0,-128.0,OnTrack,159.0,10513.0,100.0,0,8,4,4932.378888888888,0.9147298562339261,27,2786.3011111111155,interpolation,0 days 00:01:23.145000,83.145,4427.302,0.0
2024-03-01 17:00:23.075,0 days 01:13:47.402000,-504.0251374991639,-2997.82989765211,-129.0559210810499,OnTrack,162.99998976,10716.7494784,100.0,0,8,4,4937.719397933726,0.9157202754983114,27,2786.606665884449,interpolation,0 days 00:01:23.245000,83.245,4427.402,0.0
2024-03-01 17:00:23.175,0 days 01:13:47.502000,-509.0,-2980.0,-130.0,OnTrack,167.0,10920.5,100.0,0,8,4,4942.973444793446,0.9166946599965227,27,2786.912222222227,interpolation,0 days 00:01:23.345000,83.345,4427.502,0.0
2024-03-01 17:00:23.275,0 days 01:13:47.602000,-516.9642515603416,-2954.0779768138905,-130.69863792805882,OnTrack,170.99998976,11124.249478400001,100.0,0,8,4,4947.791299923106,0.9175881509527907,27,2787.21777699556,interpolation,0 days 00:01:23.445000,83.445,4427.602,0.0
2024-03-01 17:00:23.375,0 days 01:13:47.702000,-527.4889023267522,-2920.17965504957,-131.2229911988448,OnTrack,175.0,11328.0,100.0,0,8,4,4951.823333333332,0.9183359080543332,27,2787.523333333338,interpolation,0 days 00:01:23.545000,83.545,4427.702,0.0
2024-03-01 17:00:23.475,0 days 01:13:47.802000,-538.0,-2879.0,-132.0,OnTrack,178.99998976,11487.9995904,100.0,0,8,4,4955.069503736207,0.9189379236441375,27,2787.701110656005,pos,0 days 00:01:23.645000,83.645,4427.802,0.0
2024-03-01 17:00:23.575,0 days 01:13:47.902000,-548.0685503337697,-2830.6548398070445,-133.10082139378756,OnTrack,183.0,11648.0,100.0,0,8,4,4959.956666666665,0.9198442680157833,27,2787.878888888894,interpolation,0 days 00:01:23.745000,83.745,4427.902,0.0
2024-03-01 17:00:23.675,0 days 01:13:48.002000,-557.4858849510454,-2775.9810657727294,-134.49502172529878,OnTrack,183.0,12066.0,100.0,0,8,4,4968.089999999998,0.9213526279772336,27,2788.367777777783,interpolation,0 days 00:01:23.845000,83.845,4428.002,0.0
2024-03-01 17:00:23.775,0 days 01:13:48.102000,-565.0,-2720.0,-136.0,OnTrack,186.50000896,11801.24932224,100.0,0,8,4,4974.539978710119,0.9225488029327935,27,2788.3900000568938,interpolation,0 days 00:01:23.945000,83.945,4428.102,0.0
2024-03-01 17:00:23.875,0 days 01:13:48.202000,-570.4022292403705,-2663.5485252211574,-137.58532287462157,OnTrack,190.0,11536.5,100.0,0,8,4,4978.484942375109,0.9232804125936518,27,2788.412222222227,interpolation,0 days 00:01:24.045000,84.045,4428.202,0.0
2024-03-01 17:00:23.975,0 days 01:13:48.302000,-574.0,-2603.0,-139.0,OnTrack,193.50000896,11271.74932224,100.0,0,8,4,4981.610235044537,0.9238600109129608,27,2788.4344445013376,interpolation,0 days 00:01:24.145000,84.145,4428.302,0.0
2024-03-01 17:00:24.075,0 days 01:13:48.402000,-576.1007396067316,-2534.7277829003233,-139.99304102697187,OnTrack,197.0,11007.0,100.0,0,8,4,4985.60111111111,0.9246001352166404,27,2788.4566666666706,interpolation,0 days 00:01:24.245000,84.245,4428.402,0.0
2024-03-01 17:00:24.175,0 days 01:13:48.502000,-577.0,-2469.0,-141.0,OnTrack,201.33334072888258,11151.666913564233,100.0,0,8,5,4990.4576114414995,0.9255007930835825,27,2788.367777626079,interpolation,0 days 00:01:24.345000,84.345,4428.502,0.0
2024-03-01 17:00:24.275,0 days 01:13:48.602000,-576.9933331192403,-2416.0847773769037,-142.45643096354723,OnTrack,205.66665927111742,11296.333086435767,100.0,0,8,5,4996.346394442887,0.9265928919976354,27,2788.2788890405977,interpolation,0 days 00:01:24.445000,84.445,4428.602,0.0
2024-03-01 17:00:24.375,0 days 01:13:48.702000,-576.0,-2365.0,-144.0,OnTrack,210.0,11441.0,100.0,0,8,5,5004.267777777776,0.9280619449642311,27,2788.190000000006,interpolation,0 days 00:01:24.545000,84.545,4428.702,0.0
2024-03-01 17:00:24.475,0 days 01:13:48.802000,-573.9392616778266,-2304.7635528382543,-145.26837319174476,OnTrack,212.0,11763.0,100.0,0,8,5,5013.689999999999,0.9298093346463484,27,2788.1011111111166,interpolation,0 days 00:01:24.645000,84.645,4428.802,0.0
2024-03-01 17:00:24.575,0 days 01:13:48.902000,-570.9649432471418,-2237.5048009389384,-146.2638247486733,OnTrack,214.5000064,11568.49950208,100.0,0,8,5,5020.422791021561,0.9310579583027913,27,2787.9899997155608,interpolation,0 days 00:01:24.745000,84.745,4428.902,0.0
2024-03-01 17:00:24.675,0 days 01:13:49.002000,-568.0,-2176.0,-147.0,OnTrack,217.0,11374.0,100.0,0,8,5,5025.745555555554,0.9320450867750008,27,2787.878888888894,interpolation,0 days 00:01:24.845000,84.845,4429.002,0.0
2024-03-01 17:00:24.775,0 days 01:13:49.102000,-565.1982586060001,-2122.37853687352,-147.47917317890474,OnTrack,219.66667121777388,11201.999706453584,100.0,0,8,5,5031.636210232996,0.9331375327990395,27,2787.619629187166,interpolation,0 days 00:01:24.945000,84.945,4429.102,0.0
2024-03-01 17:00:24.875,0 days 01:13:49.202000,-562.0,-2066.0,-148.0,OnTrack,222.33332878222612,11030.000293546416,100.0,0,8,5,5037.886305085537,0.9342966384749626,27,2787.3603708128444,interpolation,0 days 00:01:25.045000,85.045,4429.202,0.0
2024-03-01 17:00:24.975,0 days 01:13:49.302000,-557.8455051168582,-1996.2239778199448,-148.86113617789835,OnTrack,225.0,10858.0,100.0,0,8,5,5043.245555555554,0.9352905334133672,27,2787.1011111111166,interpolation,0 days 00:01:25.145000,85.145,4429.302,0.0
2024-03-01 17:00:25.075,0 days 01:13:49.402000,-552.9939074500641,-1916.9972085225927,-149.9954329718324,OnTrack,226.99999658666374,10924.999885653237,100.0,0,8,5,5047.505517116273,0.9360805607234703,27,2786.8566670838577,interpolation,0 days 00:01:25.245000,85.245,4429.402,0.0
2024-03-01 17:00:25.175,0 days 01:13:49.502000,-549.0,-1852.0,-151.0,OnTrack,229.00000341333626,10992.000114346763,100.0,0,8,5,5051.3237804947585,0.9367886732975332,27,2786.612221805042,interpolation,0 days 00:01:25.345000,85.345,4429.502,0.0
2024-03-01 17:00:25.275,0 days 01:13:49.602000,-546.1229136066415,-1805.1790500270138,-151.80768920923336,OnTrack,231.0,11059.0,100.0,0,8,5,5058.645555555555,0.9381465264551296,27,2786.367777777783,interpolation,0 days 00:01:25.445000,85.445,4429.602,0.0
2024-03-01 17:00:25.375,0 days 01:13:49.702000,-544.060515524601,-1771.749272077912,-152.43711896143742,OnTrack,235.0,11239.0,100.0,0,8,6,5069.089999999999,0.9400834914329483,27,2785.7455555555607,interpolation,0 days 00:01:25.545000,85.545,4429.702,0.0
2024-03-01 17:00:25.475,0 days 01:13:49.802000,-541.0,-1723.0,-153.0,OnTrack,236.33333105777584,11293.66657336881,100.0,0,8,6,5076.42627377367,0.9414440334361993,27,2785.2566675010426,pos,0 days 00:01:25.645000,85.645,4429.802,0.0
2024-03-01 17:00:25.575,0 days 01:13:49.902000,-536.6392311935956,-1654.1460982680187,-153.51495087747915,OnTrack,237.66666894222416,11348.33342663119,100.0,0,8,6,5080.323128499108,0.9421667210972782,27,2784.767776943411,interpolation,0 days 00:01:25.745000,85.745,4429.902,0.0
2024-03-01 17:00:25.675,0 days 01:13:50.002000,-532.0,-1578.0,-154.0,OnTrack,239.0,11403.0,100.0,0,8,6,5085.023333333333,0.9430383933246419,27,2784.2788888888927,interpolation,0 days 00:01:25.845000,85.845,4430.002,0.0
2024-03-01 17:00:25.775,0 days 01:13:50.102000,-528.1040973138253,-1507.3741383139763,-154.47317577368776,OnTrack,241.5000064,11512.50028032,100.0,0,8,6,5091.234077284254,0.9441902012147719,27,2783.417775573337,interpolation,0 days 00:01:25.945000,85.945,4430.102,0.0
2024-03-01 17:00:25.875,0 days 01:13:50.202000,-524.0,-1430.0,-155.0,OnTrack,244.0,11622.0,100.0,0,8,6,5098.578888888888,0.9455523265937257,27,2782.556666666671,interpolation,0 days 00:01:26.045000,86.045,4430.202,0.0
2024-03-01 17:00:25.975,0 days 01:13:50.302000,-518.7361849234528,-1333.609071848125,-155.6459944803944,OnTrack,246.5000064,11239.99902208,100.0,0,8,6,5106.681435493156,0.9470549770302416,27,2781.123329664005,interpolation,0 days 00:01:26.145000,86.145,4430.302,0.0
2024-03-01 17:00:26.075,0 days 01:13:50.402000,-512.6760531599001,-1224.5595037795756,-156.37832641353197,OnTrack,249.0,10858.0,100.0,0,8,6,5115.178888888888,0.9486308645478332,27,2779.690000000005,interpolation,0 days 00:01:26.245000,86.245,4430.402,0.0
2024-03-01 17:00:26.175,0 days 01:13:50.502000,-508.0,-1141.0,-157.0,OnTrack,249.0,10677.9995392,100.0,0,8,6,5123.70859085191,0.9502127326942422,27,2778.123329322671,interpolation,0 days 00:01:26.345000,86.345,4430.502,0.0
2024-03-01 17:00:26.275,0 days 01:13:50.602000,-505.0714227982611,-1089.288645323501,-157.47818277466575,OnTrack,249.0,10498.0,100.0,0,8,6,5131.778888888888,0.9517094025019407,27,2776.55666666667,interpolation,0 days 00:01:26.445000,86.445,4430.602,0.0
2024-03-01 17:00:26.375,0 days 01:13:50.702000,-503.5062455024155,-1062.0465334613057,-157.81242186256503,OnTrack,251.00000512,10553.25014144,100.0,0,8,6,5138.898300490459,0.9530297265276246,27,2774.98166263467,interpolation,0 days 00:01:26.545000,86.545,4430.702,0.0
2024-03-01 17:00:26.475,0 days 01:13:50.802000,-501.0,-1015.0,-158.0,OnTrack,253.0,10608.5,100.0,0,8,7,5145.066752754036,0.9541736912512102,27,2773.4066666666704,interpolation,0 days 00:01:26.645000,86.645,4430.802,0.0
2024-03-01 17:00:26.575,0 days 01:13:50.902000,-497.168606305788,-940.7700630904246,-158.040464307369,OnTrack,255.00000512,10663.75014144,100.0,0,8,7,5151.016305981038,0.9552770602523735,27,2771.8316626346705,interpolation,0 days 00:01:26.745000,86.745,4430.902,0.0
2024-03-01 17:00:26.675,0 days 01:13:51.002000,-492.17535671692895,-843.1611825043725,-157.96936474691447,OnTrack,257.0,10719.0,100.0,0,8,7,5157.478888888888,0.9564755727079988,27,2770.2566666666708,interpolation,0 days 00:01:26.845000,86.845,4431.002,0.0
2024-03-01 17:00:26.775,0 days 01:13:51.102000,-487.0,-745.0,-158.0,OnTrack,259.00000512,10766.00012032,100.0,0,8,7,5164.454567654605,0.9577692408908856,27,2768.2288836977814,interpolation,0 days 00:01:26.945000,86.945,4431.102,0.0
2024-03-01 17:00:26.875,0 days 01:13:51.202000,-481.8058267800462,-650.0909363916319,-158.16791966483834,OnTrack,261.0,10813.0,100.0,0,8,7,5171.978888888888,0.9591646570655024,27,2766.201111111114,interpolation,0 days 00:01:27.045000,87.045,4431.202,0.0
2024-03-01 17:00:26.975,0 days 01:13:51.302000,-476.5928370570678,-558.4339916792687,-158.4731237414295,OnTrack,262.0000017066652,10857.666742897713,100.0,0,8,7,5180.087547682452,0.9606684410325443,27,2763.6529586141305,interpolation,0 days 00:01:27.145000,87.145,4431.302,0.0
2024-03-01 17:00:27.075,0 days 01:13:51.402000,-471.83342880555546,-476.06005112727104,-158.7917659473059,OnTrack,262.9999982933348,10902.333257102287,100.0,0,8,7,5188.490222727526,0.9622267515170196,27,2761.1048191636537,interpolation,0 days 00:01:27.245000,87.245,4431.402,0.0
2024-03-01 17:00:27.175,0 days 01:13:51.502000,-468.0,-409.0,-159.0,OnTrack,264.0,10947.0,100.0,0,8,7,5195.445555555554,0.9635166464624735,27,2758.55666666667,interpolation,0 days 00:01:27.345000,87.345,4431.502,0.0
2024-03-01 17:00:27.275,0 days 01:13:51.602000,-465.09255064040127,-357.2538382974554,-159.09782589951178,OnTrack,265.3333310577758,10983.999936853279,100.0,0,8,7,5200.663236668794,0.9644842867841327,27,2756.378892605637,interpolation,0 days 00:01:27.445000,87.445,4431.602,0.0
2024-03-01 17:00:27.375,0 days 01:13:51.702000,-463.11108072675944,-320.82156601963743,-159.08524364584122,OnTrack,266.6666689422242,11021.000063146721,100.0,0,8,7,5204.968486665074,0.9652827130200042,27,2754.2011073943713,interpolation,0 days 00:01:27.545000,87.545,4431.702,0.0
2024-03-01 17:00:27.475,0 days 01:13:51.802000,-461.3240704497379,-287.4785107320008,-159.0300395692501,OnTrack,268.0,11058.0,100.0,0,8,7,5213.31222222222,0.9668300929351674,27,2752.023333333338,interpolation,0 days 00:01:27.645000,87.645,4431.802,0.0
2024-03-01 17:00:27.575,0 days 01:13:51.902000,-459.0,-245.0,-159.0,OnTrack,270.0,11126.0,100.0,0,8,7,5225.312222222221,0.9690555420586188,27,2747.1788888888923,interpolation,0 days 00:01:27.745000,87.745,4431.902,0.0
2024-03-01 17:00:27.675,0 days 01:13:52.002000,-456.1388693775457,-193.38603382363513,-158.99512493809095,OnTrack,270.6666655288879,11171.333255964379,100.0,0,8,7,5233.72358324744,0.9706154633936692,27,2744.5344489576373,interpolation,0 days 00:01:27.845000,87.845,4432.002,0.0
2024-03-01 17:00:27.775,0 days 01:13:52.102000,-451.0,-96.0,-159.0,OnTrack,271.3333344711121,11216.666744035621,100.0,0,8,7,5238.148630674159,0.9714361065534212,27,2741.8899954868148,interpolation,0 days 00:01:27.945000,87.945,4432.102,0.0
2024-03-01 17:00:27.875,0 days 01:13:52.202000,-443.0,60.0,-159.0,OnTrack,272.0,11262.0,100.0,0,8,7,5243.445555555554,0.9724184429562784,27,2739.24555555556,interpolation,0 days 00:01:28.045000,88.045,4432.202,0.0
2024-03-01 17:00:27.975,0 days 01:13:52.302000,-439.0825541158938,131.84641510460455,-158.99986010062193,OnTrack,273.33333560888696,11295.666724124396,100.0,0,8,7,5250.4241251027215,0.973712647246419,27,2735.0381409675165,interpolation,0 days 00:01:28.145000,88.145,4432.302,0.0
2024-03-01 17:00:28.075,0 days 01:13:52.402000,-437.0,166.0,-159.0,OnTrack,274.66666439111304,11329.333275875604,100.0,0,8,7,5258.923470774729,0.9752888856943922,27,2730.830747921381,interpolation,0 days 00:01:28.245000,88.245,4432.402,0.0
2024-03-01 17:00:28.175,0 days 01:13:52.502000,-433.3474004401812,232.71597938956393,-159.00005020655416,OnTrack,276.0,11363.0,100.0,0,8,7,5267.978888888887,0.9769682500531119,27,2726.6233333333375,interpolation,0 days 00:01:28.345000,88.345,4432.502,0.0
2024-03-01 17:00:28.275,0 days 01:13:52.602000,-428.42119367174627,326.2348756531022,-159.0000238824192,OnTrack,277.49999616,11447.9997824,100.0,0,8,7,5277.429489637393,0.9787209026490995,27,2721.5777906944045,interpolation,0 days 00:01:28.445000,88.445,4432.602,0.0
2024-03-01 17:00:28.375,0 days 01:13:52.702000,-424.0,412.0,-159.0,OnTrack,279.0,11533.0,100.0,0,14,7,5286.501388888887,0.9804033235022057,27,2716.5322222222267,interpolation,0 days 00:01:28.545000,88.545,4432.702,1.0
2024-03-01 17:00:28.475,0 days 01:13:52.802000,-420.38025462473956,484.25193378681195,-158.99999172129668,OnTrack,280.3333310577758,11593.333230364356,100.0,0,14,7,5294.420512841617,0.9818719574571311,27,2712.098896455122,interpolation,0 days 00:01:28.645000,88.645,4432.802,1.0
2024-03-01 17:00:28.575,0 days 01:13:52.902000,-417.3902793804421,545.8555306036736,-158.99999660464664,OnTrack,281.6666689422242,11653.666769635644,100.0,0,12,7,5301.377154015138,0.9831620950406125,27,2707.665547989331,interpolation,0 days 00:01:28.745000,88.745,4432.902,1.0
2024-03-01 17:00:28.675,0 days 01:13:53.002000,-414.0,614.0,-159.0,OnTrack,283.0,11714.0,100.0,0,12,7,5308.512499999998,0.9844853741629065,27,2703.2322222222265,interpolation,0 days 00:01:28.845000,88.845,4433.002,1.0
2024-03-01 17:00:28.775,0 days 01:13:53.102000,-410.0,692.0,-159.0,OnTrack,284.00000256,11711.4999936,100.0,0,12,7,5316.016835289856,0.9858770838623147,27,2698.232209422226,interpolation,0 days 00:01:28.945000,88.945,4433.102,1.0
2024-03-01 17:00:28.875,0 days 01:13:53.202000,-405.16385886179023,782.5541950077477,-158.99999981064772,OnTrack,285.0,11709.0,100.0,0,12,7,5324.345833333332,0.9874217306452381,27,2693.2322222222256,interpolation,0 days 00:01:29.045000,89.045,4433.202,1.0
2024-03-01 17:00:28.975,0 days 01:13:53.302000,-399.69051190545247,882.592986833291,-158.99999991440234,OnTrack,286.00000256,11148.9985664,100.0,0,12,7,5333.9553297124,0.9892038510863719,27,2686.872483719115,interpolation,0 days 00:01:29.145000,89.145,4433.302,1.0
2024-03-01 17:00:29.075,0 days 01:13:53.402000,-395.0,971.0,-159.0,OnTrack,287.0,10589.0,100.0,0,12,7,5343.558888888888,0.9909848704489824,27,2680.5127777777816,interpolation,0 days 00:01:29.245000,89.245,4433.402,1.0
2024-03-01 17:00:29.175,0 days 01:13:53.502000,-391.3289978353723,1044.2558205757653,-159.00000001556322,OnTrack,288.00000256,10499.99977216,100.0,0,12,7,5351.870272066282,0.9925262504828826,27,2675.096097244448,interpolation,0 days 00:01:29.345000,89.345,4433.502,1.0
2024-03-01 17:00:29.275,0 days 01:13:53.602000,-388.0,1114.0,-159.0,OnTrack,289.0,10411.0,100.0,0,12,7,5359.6144444444435,0.9939624389521186,27,2669.6794444444477,interpolation,0 days 00:01:29.445000,89.445,4433.602,1.0
2024-03-01 17:00:29.375,0 days 01:13:53.702000,-384.33550108231384,1191.8720897121173,-158.9999999922184,OnTrack,290.00000256,10415.25001088,100.0,0,12,7,5367.51653563211,0.9954279141110374,27,2669.6794444444477,interpolation,0 days 00:01:29.545000,89.545,4433.702,1.0
2024-03-01 17:00:29.475,0 days 01:13:53.802000,-380.33550108231384,1277.8720897121173,-158.9999999922184,OnTrack,291.0,10419.5,100.0,0,12,8,5375.576464712076,0.9969226609532116,27,2669.6794444444477,interpolation,0 days 00:01:29.645000,89.645,4433.802,1.0
2024-03-01 17:00:29.540,0 days 01:13:53.867000,-377.55570633754303,1338.1286465350008,-158.9999999963847,OnTrack,291.65000102399836,10422.262504351993,100.0,0,12,8,5380.899987026508,0.9979099299589054,27,2669.6794444444477,interpolation,0 days 00:01:29.710000,89.71,4433.867,1.0
