Date,SessionTime,X,Y,Z,Status,Speed,RPM,Throttle,Brake,DRS,nGear,Distance,RelativeDistance,DriverAhead,DistanceToDriverAhead,Source,Time,TimeSeconds,SessionTimeSeconds,DRSActive
2024-03-01 16:15:46.296,0 days 00:29:10.623000,-377.93468071844046,1337.3926549888247,-158.99995008531005,OnTrack,292.3075003071988,11047.489954534582,100.0,0,12,7,9.33232427575606,0.0017308054758262653,,199.84861111111115,interpolation,0 days 00:00:00,0.0,1750.623,1.0
2024-03-01 16:15:46.355,0 days 00:29:10.682000,-376.5572788653312,1364.4630771048155,-158.99985220386557,OnTrack,292.75000192,10981.99971584,100.0,0,12,7,14.265035583640557,0.0026456433543744747,,199.84861111111115,interpolation,0 days 00:00:00.059000,0.059,1750.682,1.0
2024-03-01 16:15:46.455,0 days 00:29:10.782000,-374.5598638299947,1402.1576927620388,-158.99963050966392,OnTrack,293.5,10871.0,100.0,0,12,7,21.25022642222463,0.003941141259919909,,199.84861111111115,interpolation,0 days 00:00:00.159000,0.159,1750.782,1.0
2024-03-01 16:15:46.555,0 days 00:29:10.882000,-371.5325168796609,1461.7734620382425,-158.9995935606303,OnTrack,294.25000192,10759.99971584,100.0,0,12,7,27.751175143026558,0.005146829929918268,,199.84861111111115,interpolation,0 days 00:00:00.259000,0.259,1750.882,1.0
2024-03-01 16:15:46.655,0 days 00:29:10.982000,-366.0,1576.0,-159.0,OnTrack,295.0,10649.0,100.0,0,12,7,35.03166666666667,0.006497095332563863,,199.84861111111115,interpolation,0 days 00:00:00.359000,0.359,1750.982,1.0
2024-03-01 16:15:46.755,0 days 00:29:11.082000,-359.0,1723.0,-159.0,OnTrack,295.50000128,10582.99983104,100.0,0,12,7,43.09177554556605,0.007991951294609261,,191.87636848000002,interpolation,0 days 00:00:00.459000,0.459,1751.082,1.0
2024-03-01 16:15:46.855,0 days 00:29:11.182000,-356.0,1788.0,-159.0,OnTrack,296.0,10517.0,100.0,0,12,7,51.476111111111116,0.009546939471103444,,183.9041666666667,interpolation,0 days 00:00:00.559000,0.559,1751.182,1.0
2024-03-01 16:15:46.955,0 days 00:29:11.282000,-353.48601774292234,1846.6616581933533,-159.0321826294605,OnTrack,296.700001792,10544.300069888,100.0,0,12,7,59.72945108579892,0.011077632747499282,,175.88439613610672,interpolation,0 days 00:00:00.659000,0.659,1751.282,1.0
2024-03-01 16:15:47.055,0 days 00:29:11.382000,-350.69943960464434,1915.2348479837608,-159.10205332465793,OnTrack,297.4,10571.6,100.0,0,12,8,67.8517109556445,0.012584015449537755,10,167.8646666666667,interpolation,0 days 00:00:00.759000,0.759,1751.382,1.0
2024-03-01 16:15:47.155,0 days 00:29:11.482000,-347.6402655851659,1993.7195693712222,-159.20961208559225,OnTrack,298.100001792,10598.900069888,100.0,0,12,8,75.84297389280187,0.014066103002617222,10,159.8448961361067,interpolation,0 days 00:00:00.859000,0.859,1751.482,1.0
2024-03-01 16:15:47.255,0 days 00:29:11.582000,-344.30849568448707,2082.115822355737,-159.35485891226347,OnTrack,298.8,10626.2,100.0,0,12,8,83.70315806694798,0.015523880230199995,10,151.82516666666672,interpolation,0 days 00:00:00.959000,0.959,1751.582,1.0
2024-03-01 16:15:47.355,0 days 00:29:11.682000,-340.73424475616827,2178.735079978165,-159.51746761300868,OnTrack,299.500001792,10653.500069888,100.0,0,12,8,91.43234396657681,0.01695736205996345,10,143.8053961361067,interpolation,0 days 00:00:01.059000,1.059,1751.682,1.0
2024-03-01 16:15:47.455,0 days 00:29:11.782000,-337.0982009964486,2273.446232355033,-159.5754816622691,OnTrack,300.2,10680.8,100.0,0,12,8,99.32829356940677,0.018421772468946926,10,135.7856666666667,interpolation,0 days 00:00:01.159000,1.159,1751.782,1.0
2024-03-01 16:15:47.555,0 days 00:29:11.882000,-333.43047895051404,2364.560769817628,-159.50857507652123,OnTrack,300.900001792,10708.100069888,100.0,0,12,8,107.68892885455415,0.019972365108608177,10,127.76589613610673,interpolation,0 days 00:00:01.259000,1.259,1751.882,1.0
2024-03-01 16:15:47.655,0 days 00:29:11.982000,-329.7310786183645,2452.0786923659507,-159.31674785576485,OnTrack,301.6,10735.4,100.0,0,12,8,116.51416420933272,0.021609124100919214,10,119.74616666666672,interpolation,0 days 00:00:01.359000,1.359,1751.982,1.0
2024-03-01 16:15:47.755,0 days 00:29:12.082000,-326.0,2536.0,-159.0,OnTrack,302.300001792,10762.700069888,100.0,0,12,8,125.80409000438395,0.023332066206335034,10,111.72639613610673,interpolation,0 days 00:00:01.459000,1.459,1752.082,1.0
2024-03-01 16:15:47.855,0 days 00:29:12.182000,-322.2372430954207,2616.324692719777,-158.55833150922678,OnTrack,303.0,10790.0,100.0,0,12,8,135.55861111111113,0.025141173781973638,10,103.70666666666673,interpolation,0 days 00:00:01.559000,1.559,1752.182,1.0
2024-03-01 16:15:47.955,0 days 00:29:12.282000,-318.3742860676707,2695.476752863944,-158.06949457965445,OnTrack,303.33333390222174,10814.66670876441,100.0,0,12,8,145.7778274160662,0.027036465353144024,10,94.17331706312505,interpolation,0 days 00:00:01.659000,1.659,1752.282,1.0
2024-03-01 16:15:48.055,0 days 00:29:12.382000,-314.0,2788.0,-158.0,OnTrack,303.66666609777826,10839.33329123559,100.0,0,12,8,156.27813219651162,0.028983888575358115,10,84.64001627020839,interpolation,0 days 00:00:01.759000,1.759,1752.382,1.0
2024-03-01 16:15:48.155,0 days 00:29:12.482000,-309.04586375711267,2896.3183916451544,-158.42759917029437,OnTrack,304.0,10864.0,100.0,0,12,8,165.95861111111114,0.030779264027273833,10,75.10666666666671,interpolation,0 days 00:00:01.859000,1.859,1752.482,1.0
2024-03-01 16:15:48.255,0 days 00:29:12.582000,-304.0,3008.0,-159.0,OnTrack,304.49999872,10860.50000896,100.0,0,12,8,174.63566295378416,0.032388540387541555,10,67.16224256000002,interpolation,0 days 00:00:01.959000,1.959,1752.582,1.0
2024-03-01 16:15:48.355,0 days 00:29:12.682000,-299.35053138965316,3110.6128972651286,-159.36491039857944,OnTrack,305.0,10857.0,100.0,0,12,8,182.90305555555557,0.033921839913269004,10,59.21777777777777,interpolation,0 days 00:00:02.059000,2.059,1752.682,1.0
2024-03-01 16:15:48.455,0 days 00:29:12.782000,-295.097457926072,3204.15708344054,-159.5223303660327,OnTrack,305.49999872,10865.49997824,100.0,0,12,8,191.35438323631703,0.03548925268158272,10,51.328909084444454,interpolation,0 days 00:00:02.159000,2.159,1752.782,1.0
2024-03-01 16:15:48.555,0 days 00:29:12.882000,-291.29565549945494,3287.872727895681,-159.41858515046954,OnTrack,306.0,10874.0,100.0,0,12,8,199.90305555555554,0.037074719326759244,10,43.440000000000026,interpolation,0 days 00:00:02.259000,2.259,1752.882,1.0
2024-03-01 16:15:48.655,0 days 00:29:12.982000,-288.0,3361.0,-159.0,OnTrack,306.49999872,10888.9999616,100.0,0,12,8,208.46230799275838,0.038662148197590014,10,35.57890901333336,interpolation,0 days 00:00:02.359000,2.359,1752.982,1.0
2024-03-01 16:15:48.755,0 days 00:29:13.082000,-285.2104914277073,3423.538899753496,-158.26657491462404,OnTrack,307.0,10904.0,100.0,0,12,8,216.9586111111111,0.040237902267744555,10,27.717777777777798,interpolation,0 days 00:00:02.459000,2.459,1753.082,1.0
2024-03-01 16:15:48.855,0 days 00:29:13.182000,-282.79936187818066,3479.0614613849148,-157.34550891137272,OnTrack,307.333332764444,10923.666633102193,100.0,0,12,8,225.31826082491065,0.041788312119899154,10,20.406679144306963,interpolation,0 days 00:00:02.559000,2.559,1753.182,1.0
2024-03-01 16:15:48.955,0 days 00:29:13.282000,-280.0,3549.0,-157.0,OnTrack,307.666667235556,10943.333366897807,100.0,0,12,8,233.46205264288895,0.04329868821229057,10,13.095543077915297,interpolation,0 days 00:00:02.659000,2.659,1753.282,1.0
2024-03-01 16:15:49.055,0 days 00:29:13.382000,-276.68463658041895,3636.926586405315,-157.35724850006153,OnTrack,308.0,10963.0,100.0,0,12,8,240.9141666666667,0.04468078332361708,10,5.7844444444444605,interpolation,0 days 00:00:02.759000,2.759,1753.382,1.0
2024-03-01 16:15:49.155,0 days 00:29:13.482000,-273.0,3737.0,-158.0,OnTrack,308.50000128,10975.500032,100.0,0,12,8,247.59538911179453,0.04591990618856957,10,131.38907154702198,interpolation,0 days 00:00:02.859000,2.859,1753.482,1.0
2024-03-01 16:15:49.255,0 days 00:29:13.582000,-269.0928186393055,3843.3790201831976,-158.51100008825804,OnTrack,309.0,10988.0,100.0,0,12,8,254.64749999999998,0.04722781532039742,10,256.99305555555503,interpolation,0 days 00:00:02.959000,2.959,1753.582,1.0
2024-03-01 16:15:49.355,0 days 00:29:13.682000,-264.9630924983355,3956.063646954907,-158.89024876483575,OnTrack,309.33333390222174,10994.000010239992,100.0,0,12,8,263.2124199823762,0.0488162953139636,10,248.726374780456,interpolation,0 days 00:00:03.059000,3.059,1753.682,1.0
2024-03-01 16:15:49.455,0 days 00:29:13.782000,-261.1018201081978,4062.216450249164,-159.07437305899558,OnTrack,309.66666609777826,10999.999989760008,100.0,0,12,8,272.99256652352597,0.050630155472228836,31,240.4597363306542,interpolation,0 days 00:00:03.159000,3.159,1753.782,1.0
2024-03-01 16:15:49.555,0 days 00:29:13.882000,-258.0,4149.0,-159.0,OnTrack,310.0,11006.0,100.0,0,12,8,282.2030555555556,0.052338364957950245,31,232.1930555555552,interpolation,0 days 00:00:03.259000,3.259,1753.882,1.0
2024-03-01 16:15:49.655,0 days 00:29:13.982000,-255.65763217374223,4216.414296207418,-158.66712958784913,OnTrack,310.24999936,11014.99997696,100.0,0,12,8,290.54629793245783,0.05388573184806168,31,225.16807353955517,interpolation,0 days 00:00:03.359000,3.359,1753.982,1.0
2024-03-01 16:15:49.755,0 days 00:29:14.082000,-253.93568800298087,4267.5554463292065,-158.16177359345303,OnTrack,310.5,11024.0,100.0,0,12,8,298.02237908925343,0.05527227198764069,31,218.14305555555515,interpolation,0 days 00:00:03.459000,3.459,1754.082,1.0
2024-03-01 16:15:49.855,0 days 00:29:14.182000,-252.0,4321.0,-158.0,OnTrack,310.74999936,11032.99997696,100.0,0,12,8,305.3637586711992,0.056633829902378016,31,211.11807353955513,interpolation,0 days 00:00:03.559000,3.559,1754.182,1.0
2024-03-01 16:15:49.955,0 days 00:29:14.282000,-249.711540962002,4379.844032973611,-158.26781969764426,OnTrack,311.0,11042.0,100.0,0,12,8,313.30305555555555,0.058106279649688265,31,204.0930555555551,interpolation,0 days 00:00:03.659000,3.659,1754.282,1.0
2024-03-01 16:15:50.055,0 days 00:29:14.382000,-247.06183205337754,4445.673035746073,-158.84387321549144,OnTrack,310.50000128,11052.99997184,100.0,0,12,8,321.84018844413055,0.05968960615172467,31,196.31529768888856,interpolation,0 days 00:00:03.759000,3.759,1754.382,1.0
2024-03-01 16:15:50.155,0 days 00:29:14.482000,-244.0,4528.0,-159.0,OnTrack,310.0,11064.0,100.0,0,12,8,330.5252777777778,0.06130037317315878,31,188.5374999999998,pos,0 days 00:00:03.859000,3.859,1754.482,1.0
2024-03-01 16:15:50.255,0 days 00:29:14.582000,-240.5175658794364,4628.410432466932,-158.61483933754835,OnTrack,310.49999872,11064.49999872,100.0,0,12,8,338.90826764180775,0.06285511177114687,31,180.67640901333309,interpolation,0 days 00:00:03.959000,3.959,1754.582,1.0
2024-03-01 16:15:50.355,0 days 00:29:14.682000,-237.0,4735.0,-158.0,OnTrack,311.0,11065.0,100.0,0,12,8,346.98924387825366,0.0643538378662524,31,172.81527777777748,interpolation,0 days 00:00:04.059000,4.059,1754.682,1.0
2024-03-01 16:15:50.455,0 days 00:29:14.782000,-233.83277267000403,4835.864369452329,-157.46709075921845,OnTrack,311.49999872,11065.49999872,100.0,0,12,8,355.5048593577978,0.06593317367440849,31,164.95418679111077,interpolation,0 days 00:00:04.159000,4.159,1754.782,1.0
2024-03-01 16:15:50.555,0 days 00:29:14.882000,-231.0,4925.0,-157.0,OnTrack,312.0,11066.0,100.0,0,12,8,365.19194444444446,0.06772977433008005,31,157.09305555555517,interpolation,0 days 00:00:04.259000,4.259,1754.882,1.0
2024-03-01 16:15:50.655,0 days 00:29:14.982000,-228.48579810053934,4996.40335081909,-156.58261610714095,OnTrack,312.0,11079.99996416,100.0,0,12,8,376.0503999426964,0.06974362143612348,31,147.6597463715552,interpolation,0 days 00:00:04.359000,4.359,1754.982,1.0
2024-03-01 16:15:50.755,0 days 00:29:15.082000,-226.0,5064.0,-156.0,OnTrack,312.0,11094.0,100.0,0,12,8,385.99194444444447,0.07158741502423283,31,138.22638888888855,interpolation,0 days 00:00:04.459000,4.459,1755.082,1.0
2024-03-01 16:15:50.855,0 days 00:29:15.182000,-223.25243872676003,5141.715525633131,-155.03721259793588,OnTrack,312.0,11098.9999872,100.0,0,12,8,392.9280835495965,0.07287381562386451,31,131.9375160995552,interpolation,0 days 00:00:04.559000,4.559,1755.182,1.0
2024-03-01 16:15:50.955,0 days 00:29:15.282000,-220.0,5237.0,-154.0,OnTrack,312.0,11104.0,100.0,0,12,8,399.85861111111114,0.07415917548700134,31,125.64861111111077,interpolation,0 days 00:00:04.659000,4.659,1755.282,1.0
2024-03-01 16:15:51.055,0 days 00:29:15.382000,-215.99956953890077,5357.303495382129,-153.19410830524387,OnTrack,312.49999872,11096.00002048,100.0,0,12,8,409.7831789872343,0.07599982053079046,31,116.14863543111082,interpolation,0 days 00:00:04.759000,4.759,1755.382,1.0
2024-03-01 16:15:51.155,0 days 00:29:15.482000,-211.50062226014649,5494.740701620841,-152.58883878385274,OnTrack,313.0,11088.0,100.0,0,12,8,420.7252777777778,0.07802918041414818,31,106.64861111111088,interpolation,0 days 00:00:04.859000,4.859,1755.482,1.0
2024-03-01 16:15:51.255,0 days 00:29:15.582000,-208.0,5602.0,-152.0,OnTrack,313.0,11086.00000512,100.0,0,12,8,430.70818440793255,0.07988064516714878,31,98.75974241777757,interpolation,0 days 00:00:04.959000,4.959,1755.582,1.0
2024-03-01 16:15:51.355,0 days 00:29:15.682000,-205.74717512053556,5671.196161106093,-151.39689353822436,OnTrack,313.0,11084.0,100.0,0,12,8,439.7320011029111,0.08155423374883744,31,90.87083333333317,interpolation,0 days 00:00:05.059000,5.059,1755.682,1.0
2024-03-01 16:15:51.455,0 days 00:29:15.782000,-204.52160198525678,5709.284819919463,-150.763088612287,OnTrack,313.0,11082.00000512,100.0,0,12,8,447.9468560642067,0.08307778946014785,31,82.98196463999986,interpolation,0 days 00:00:05.159000,5.159,1755.782,1.0
2024-03-01 16:15:51.555,0 days 00:29:15.882000,-203.0,5758.0,-150.0,OnTrack,313.0,11080.0,100.0,0,12,8,455.50305555555553,0.08447918862605958,31,75.09305555555545,interpolation,0 days 00:00:05.259000,5.259,1755.882,1.0
2024-03-01 16:15:51.655,0 days 00:29:15.982000,-200.9618212698701,5824.297407554115,-149.0911967468724,OnTrack,313.0,11093.666643342201,100.0,0,12,8,462.4005222016731,0.08575841689628191,31,68.77797374073002,interpolation,0 days 00:00:05.359000,5.359,1755.982,1.0
2024-03-01 16:15:51.755,0 days 00:29:16.082000,-198.3697619369824,5909.217167789522,-148.05485154625623,OnTrack,313.0,11107.333356657799,100.0,0,12,8,468.88791296346614,0.08696159105981863,31,62.462859592602925,interpolation,0 days 00:00:05.459000,5.459,1756.082,1.0
2024-03-01 16:15:51.855,0 days 00:29:16.182000,-195.0,6019.0,-147.0,OnTrack,313.0,11121.0,100.0,0,12,8,476.4566666666667,0.08836531857373622,31,56.14777777777749,interpolation,0 days 00:00:05.559000,5.559,1756.182,1.0
2024-03-01 16:15:51.955,0 days 00:29:16.282000,-190.81523198302784,6154.686018742437,-145.94481461536827,OnTrack,313.0,11097.9999607467,100.0,0,12,8,485.35544714617873,0.090015717501914,31,47.821837642283455,interpolation,0 days 00:00:05.659000,5.659,1756.282,1.0
2024-03-01 16:15:52.055,0 days 00:29:16.382000,-187.0,6279.0,-145.0,OnTrack,313.0,11075.0000392533,100.0,0,12,8,495.26593979361235,0.0918537521045987,31,39.495940135493775,interpolation,0 days 00:00:05.759000,5.759,1756.382,1.0
2024-03-01 16:15:52.155,0 days 00:29:16.482000,-184.73884616485054,6354.666719755857,-144.27626076153422,OnTrack,313.0,11052.0,100.0,0,12,8,504.2788888888889,0.09352532514326534,31,31.16999999999973,interpolation,0 days 00:00:05.859000,5.859,1756.482,1.0
2024-03-01 16:15:52.255,0 days 00:29:16.582000,-183.71190790958218,6392.790765132613,-143.71892948486848,OnTrack,313.0,11063.333313991094,100.0,0,12,8,512.0759786545349,0.09497140066133833,31,23.88482724820789,interpolation,0 days 00:00:05.959000,5.959,1756.582,1.0
2024-03-01 16:15:52.355,0 days 00:29:16.682000,-182.0,6460.0,-143.0,OnTrack,313.0,11074.666686008906,100.0,0,12,8,519.1684680894367,0.09628679853955592,31,16.599617196236075,interpolation,0 days 00:00:06.059000,6.059,1756.682,1.0
2024-03-01 16:15:52.455,0 days 00:29:16.782000,-179.28325659269728,6567.39912519218,-142.06480433202913,OnTrack,313.0,11086.0,100.0,0,12,8,528.6233333333333,0.09804033089160333,31,9.314444444444234,interpolation,0 days 00:00:06.159000,6.159,1756.782,1.0
2024-03-01 16:15:52.555,0 days 00:29:16.882000,-175.80220481034488,6705.125101871105,-140.9638299369769,OnTrack,313.50000128,11093.5000192,100.0,0,12,8,540.9518503607554,0.10032682074658114,31,55.94914716231081,interpolation,0 days 00:00:06.259000,6.259,1756.882,1.0
2024-03-01 16:15:52.655,0 days 00:29:16.982000,-173.0,6814.0,-140.0,OnTrack,314.0,11101.0,100.0,0,12,8,553.0455555555556,0.1025697615784344,31,102.58361111111071,interpolation,0 days 00:00:06.359000,6.359,1756.982,1.0
2024-03-01 16:15:52.755,0 days 00:29:17.082000,-171.11716682134835,6884.160881737818,-139.2238014601306,OnTrack,313.3333321955565,11082.666635377804,100.0,0,12,8,561.7962353850751,0.10419269324246594,31,96.58360087111944,interpolation,0 days 00:00:06.459000,6.459,1757.082,1.0
2024-03-01 16:15:52.855,0 days 00:29:17.182000,-169.91930436791168,6924.458761757413,-138.60920123159366,OnTrack,312.6666678044435,11064.333364622196,100.0,0,12,8,567.7123801099813,0.10528992211954742,16,90.58362135110198,interpolation,0 days 00:00:06.559000,6.559,1757.182,1.0
2024-03-01 16:15:52.955,0 days 00:29:17.282000,-168.0,6988.0,-138.0,OnTrack,312.0,11046.0,100.0,0,12,8,573.8455555555556,0.10642740227258718,16,84.58361111111071,interpolation,0 days 00:00:06.659000,6.659,1757.282,1.0
2024-03-01 16:15:53.055,0 days 00:29:17.382000,-165.1248504108574,7083.635701773288,-137.37016441299457,OnTrack,302.2000200704103,10786.000532480273,80.00004096002097,0,12,8,580.7042787856423,0.10769944505346761,16,78.11251325284191,interpolation,0 days 00:00:06.759000,6.759,1757.382,1.0
2024-03-01 16:15:53.155,0 days 00:29:17.482000,-161.45974332572547,7205.011345841477,-136.71429554406586,OnTrack,292.3999899647949,10525.999733759863,59.999979519989516,0,12,8,588.2886200337464,0.10910606348794012,16,71.64138226246726,interpolation,0 days 00:00:06.859000,6.859,1757.482,1.0
2024-03-01 16:15:53.255,0 days 00:29:17.582000,-158.0,7314.0,-136.0,OnTrack,282.6000100352051,10266.000266240137,40.000020480010484,0,12,8,596.4560780510678,0.11062082879637299,16,65.17028440419844,interpolation,0 days 00:00:06.959000,6.959,1757.582,1.0
2024-03-01 16:15:53.355,0 days 00:29:17.682000,-154.91150646024096,7404.247208083025,-135.22187890957034,OnTrack,272.7999799295897,10005.999467519727,19.999959039979032,0,12,8,604.3521876684006,0.11208526888220538,16,58.699153413823794,interpolation,0 days 00:00:07.059000,7.059,1757.682,1.0
2024-03-01 16:15:53.455,0 days 00:29:17.782000,-152.1942627064484,7475.752970090551,-134.3799322727769,OnTrack,263.0,9746.0,0.0,0,12,8,611.8344444444444,0.11347295437371341,16,52.22805555555499,interpolation,0 days 00:00:07.159000,7.159,1757.782,1.0
2024-03-01 16:15:53.555,0 days 00:29:17.882000,-149.6298875994316,7537.132247052801,-133.598019499595,OnTrack,251.99998122668268,9427.33278947602,0.0,0,12,8,618.9029249977046,0.11478389948083284,16,46.5391569576374,interpolation,0 days 00:00:07.259000,7.259,1757.882,1.0
2024-03-01 16:15:53.655,0 days 00:29:17.982000,-147.0,7597.0,-133.0,OnTrack,241.00001877331732,9108.667210523981,0.0,1,8,8,625.6109432996263,0.11602799199903545,16,40.85028748680608,interpolation,0 days 00:00:07.359000,7.359,1757.982,0.0
2024-03-01 16:15:53.755,0 days 00:29:18.082000,-144.3045999081536,7655.356228932149,-132.5858737739919,OnTrack,230.0,8790.0,0.0,1,8,8,632.2788888888889,0.11726465249189774,16,35.161388888888496,interpolation,0 days 00:00:07.459000,7.459,1758.082,0.0
2024-03-01 16:15:53.855,0 days 00:29:18.182000,-141.54368732389236,7712.200933849244,-132.35564082157066,OnTrack,210.0000512,8598.00049152,0.0,1,8,8,638.9600798384048,0.11850376951556399,16,30.14904060942168,interpolation,0 days 00:00:07.559000,7.559,1758.182,0.0
2024-03-01 16:15:53.955,0 days 00:29:18.282000,-139.01093107768492,7763.445171841718,-132.1975874583641,OnTrack,190.0,8406.0,0.0,1,8,8,644.8927777777778,0.11960406840965253,16,25.136666666665974,interpolation,0 days 00:00:07.659000,7.659,1758.282,0.0
2024-03-01 16:15:54.055,0 days 00:29:18.382000,-137.0,7805.0,-132.0,OnTrack,180.00001706668124,8580.333035804191,0.0,1,8,8,649.3151151703852,0.12042425055816193,16,22.492226735410622,interpolation,0 days 00:00:07.759000,7.759,1758.382,0.0
2024-03-01 16:15:54.155,0 days 00:29:18.482000,-135.5108940908375,7836.865418324089,-131.76287844647828,OnTrack,169.99998293331876,8754.666964195809,0.0,1,8,8,652.441653220343,0.12100410923187993,16,19.84777326458816,interpolation,0 days 00:00:07.859000,7.859,1758.482,0.0
2024-03-01 16:15:54.255,0 days 00:29:18.582000,-134.19937477208245,7862.204968741314,-131.46733030073426,OnTrack,160.0,8929.0,0.0,1,8,8,655.5594444444445,0.12158234568870521,16,17.203333333332807,interpolation,0 days 00:00:07.959000,7.959,1758.582,0.0
2024-03-01 16:15:54.355,0 days 00:29:18.682000,-131.0,7900.0,-131.0,OnTrack,150.66665073779137,9116.666986950839,0.0,1,8,8,658.8830366882239,0.12219875072189629,16,14.921847958126257,interpolation,0 days 00:00:08.059000,8.059,1758.682,0.0
2024-03-01 16:15:54.455,0 days 00:29:18.782000,-125.56852767145404,7953.41408642231,-130.34199485375058,OnTrack,141.33334926220863,9304.333013049163,0.0,1,8,8,662.3766798104575,0.12284669398531818,16,12.640374264094923,interpolation,0 days 00:00:08.159000,8.159,1758.782,0.0
2024-03-01 16:15:54.555,0 days 00:29:18.882000,-118.34837148385024,8018.325055631523,-129.55398617744268,OnTrack,132.0,9492.0,0.0,1,8,8,665.8261111111111,0.12348643756979344,16,10.358888888888373,interpolation,0 days 00:00:08.259000,8.259,1758.882,0.0
2024-03-01 16:15:54.655,0 days 00:29:18.982000,-112.0,8070.0,-129.0,OnTrack,125.00001194667686,9335.33360071134,0.0,1,8,8,669.1955791603723,0.124111350890201,16,8.521854987063866,interpolation,0 days 00:00:08.359000,8.359,1758.982,0.0
2024-03-01 16:15:54.755,0 days 00:29:19.082000,-106.96682237677594,8104.316789361848,-128.74070701560822,OnTrack,117.99998805332314,9178.66639928866,0.0,1,8,8,672.4849053988423,0.12472140083029075,16,6.684811679601703,interpolation,0 days 00:00:08.459000,8.459,1759.082,0.0
2024-03-01 16:15:54.855,0 days 00:29:19.182000,-103.24883861417806,8121.275423717066,-128.7761072242673,OnTrack,111.0,9022.0,0.0,1,8,8,675.6927777777778,0.1253163440529172,16,4.847777777777196,interpolation,0 days 00:00:08.559000,8.559,1759.182,0.0
2024-03-01 16:15:54.955,0 days 00:29:19.282000,-99.90643554449113,8131.09634621375,-128.9234538207927,OnTrack,106.24998784,8717.49922048,0.0,1,8,8,678.8190160830363,0.1258961471349357,16,3.7477749617772016,interpolation,0 days 00:00:08.659000,8.659,1759.282,0.0
2024-03-01 16:15:55.055,0 days 00:29:19.382000,-96.0,8144.0,-129.0,OnTrack,101.5,8413.0,0.0,1,8,6,681.8635883020195,0.12646080413917785,16,2.6477777777772076,interpolation,0 days 00:00:08.759000,8.759,1759.382,0.0
2024-03-01 16:15:55.155,0 days 00:29:19.482000,-91.52953198070463,8159.986385075813,-129.00574576188916,OnTrack,96.74998784,8108.49922048,0.0,1,8,6,684.6338807628802,0.12697459226089516,16,1.5477749617772134,interpolation,0 days 00:00:08.859000,8.859,1759.482,0.0
2024-03-01 16:15:55.255,0 days 00:29:19.582000,-82.0,8185.0,-129.0,OnTrack,92.0,7804.0,0.0,1,8,6,686.9372222222222,0.12740177801791858,16,0.44777777777721894,interpolation,0 days 00:00:08.959000,8.959,1759.582,0.0
2024-03-01 16:15:55.355,0 days 00:29:19.682000,-65.0,8221.0,-129.0,OnTrack,89.3333287822261,7657.666416924658,0.0,1,8,6,688.7736362663226,0.12774236578464143,16,0.44777777777721894,interpolation,0 days 00:00:09.059000,9.059,1759.682,0.0
2024-03-01 16:15:55.455,0 days 00:29:19.782000,-53.03123254420198,8244.074447516894,-128.7533174070902,OnTrack,86.6666712177739,7511.333583075342,0.0,1,8,6,690.3088343483523,0.12802708898631562,16,0.44777777777721894,interpolation,0 days 00:00:09.159000,9.159,1759.782,0.0
2024-03-01 16:15:55.555,0 days 00:29:19.882000,-46.23971782896733,8253.294630735887,-128.28524895067358,OnTrack,84.0,7365.0,0.0,1,8,2,692.5372222222222,0.12844037358942123,16,0.44777777777721894,interpolation,0 days 00:00:09.259000,9.259,1759.882,0.0
2024-03-01 16:15:55.655,0 days 00:29:19.982000,-33.0,8267.0,-128.0,OnTrack,82.00000512,7076.50073856,0.0,1,8,2,695.6245073273012,0.12901295227479648,16,0.44777777777721894,interpolation,0 days 00:00:09.359000,9.359,1759.982,0.0
2024-03-01 16:15:55.755,0 days 00:29:20.082000,-11.374513001956052,8288.247114716769,-127.9649377716898,OnTrack,80.0,6788.0,0.0,1,8,2,698.7594444444445,0.12959436866886867,,0.44777777777721894,interpolation,0 days 00:00:09.459000,9.459,1760.082,0.0
2024-03-01 16:15:55.855,0 days 00:29:20.182000,11.0,8309.0,-128.0,OnTrack,78.50000384,6704.50021376,0.0,1,8,2,701.1307246389682,0.13003415458115875,,0.44777777777721894,interpolation,0 days 00:00:09.559000,9.559,1760.182,0.0
2024-03-01 16:15:55.955,0 days 00:29:20.282000,26.486795840703635,8321.222680963507,-127.92512441918761,OnTrack,77.0,6621.0,0.0,1,8,2,702.7383721928386,0.13033231451508495,,0.44777777777721894,interpolation,0 days 00:00:09.659000,9.659,1760.282,0.0
2024-03-01 16:15:56.055,0 days 00:29:20.382000,42.0,8329.0,-128.0,OnTrack,75.50000384,6537.50021376,0.0,0,8,2,704.206546400511,0.13060460723477832,,0.44777777777721894,interpolation,0 days 00:00:09.759000,9.759,1760.382,0.0
2024-03-01 16:15:56.155,0 days 00:29:20.482000,64.45373795773429,8336.416799502207,-128.48431571318454,OnTrack,74.0,6454.0,0.0,0,8,2,706.1594444444445,0.13096679853121146,,0.44777777777721894,interpolation,0 days 00:00:09.859000,9.859,1760.482,0.0
2024-03-01 16:15:56.255,0 days 00:29:20.582000,92.04992526599828,8343.232098081146,-129.30237542415492,OnTrack,73.00000256,6314.0003584,0.0,0,8,2,708.5970463270144,0.13141888469555496,,0.44777777777721894,interpolation,0 days 00:00:09.959000,9.959,1760.582,0.0
2024-03-01 16:15:56.355,0 days 00:29:20.682000,114.0,8348.0,-130.0,OnTrack,72.0,6174.0,0.0,0,8,2,710.9594444444444,0.13185702330678517,,0.44777777777721894,interpolation,0 days 00:00:10.059000,10.059,1760.682,0.0
2024-03-01 16:15:56.455,0 days 00:29:20.782000,128.50585929935227,8350.479521402136,-130.5014925310011,OnTrack,72.0,6282.49972224,0.49999872,0,8,2,712.6866820409671,0.13217736282797826,,0.44777777777721894,interpolation,0 days 00:00:10.159000,10.159,1760.782,0.0
2024-03-01 16:15:56.555,0 days 00:29:20.882000,135.56750316405504,8350.670662287548,-130.80685301715826,OnTrack,72.0,6391.0,1.0,0,8,2,714.1594444444445,0.132450506490501,,0.44777777777721894,interpolation,0 days 00:00:10.259000,10.259,1760.882,0.0
2024-03-01 16:15:56.655,0 days 00:29:20.982000,144.5953954467303,8347.776472029185,-130.95878699473627,OnTrack,71.33333447111208,6410.333300337749,7.3333225244352205,0,8,2,715.758384214728,0.13274705144845028,,0.44777777777721894,interpolation,0 days 00:00:10.359000,10.359,1760.982,0.0
2024-03-01 16:15:56.755,0 days 00:29:21.082000,165.0,8341.0,-131.0,OnTrack,70.66666552888792,6429.666699662251,13.666677475564779,0,8,2,717.5134136600868,0.13307254534305857,,0.44777777777721894,interpolation,0 days 00:00:10.459000,10.459,1761.082,0.0
2024-03-01 16:15:56.855,0 days 00:29:21.182000,194.0,8331.0,-131.0,OnTrack,70.0,6449.0,20.0,0,8,2,719.603888888889,0.13346025218501748,,0.44777777777721894,interpolation,0 days 00:00:10.559000,10.559,1761.182,0.0
2024-03-01 16:15:56.955,0 days 00:29:21.282000,214.90740906120112,8321.729015066236,-131.3758369323317,OnTrack,71.00000256,6670.00056576,24.00001024,0,8,2,722.0597272427341,0.13391572054905856,,0.44777777777721894,interpolation,0 days 00:00:10.659000,10.659,1761.282,0.0
2024-03-01 16:15:57.055,0 days 00:29:21.382000,230.0,8313.0,-132.0,OnTrack,72.0,6891.0,28.0,0,8,2,724.4038888888889,0.1343504769605912,,0.44777777777721894,interpolation,0 days 00:00:10.759000,10.759,1761.382,0.0
2024-03-01 16:15:57.155,0 days 00:29:21.482000,244.3368909374875,8303.967149056902,-132.67546972719418,OnTrack,73.50000384,7007.00029696,31.00000768,0,8,2,726.1593831466103,0.1346760570609247,,0.44777777777721894,interpolation,0 days 00:00:10.859000,10.859,1761.482,0.0
2024-03-01 16:15:57.255,0 days 00:29:21.582000,258.72434880953773,8293.964915670887,-133.38220960895455,OnTrack,75.0,7123.0,34.0,0,8,2,727.7372222222223,0.13496868861029515,,0.44777777777721894,interpolation,0 days 00:00:10.959000,10.959,1761.582,0.0
2024-03-01 16:15:57.355,0 days 00:29:21.682000,278.0,8279.0,-134.0,OnTrack,77.00000341333042,7212.000151893204,37.333339022217366,0,8,2,729.5484524553865,0.1353046056994266,,0.44777777777721894,interpolation,0 days 00:00:11.059000,11.059,1761.682,0.0
2024-03-01 16:15:57.455,0 days 00:29:21.782000,302.9701197009642,8258.406848662955,-134.5088041901961,OnTrack,78.99999658666958,7300.999848106796,40.666660977782634,0,8,2,731.6115185655443,0.13568722915044934,,0.44777777777721894,interpolation,0 days 00:00:11.159000,11.159,1761.782,0.0
2024-03-01 16:15:57.555,0 days 00:29:21.882000,328.0,8237.0,-135.0,OnTrack,81.0,7390.0,44.0,0,8,2,734.0372222222222,0.13613710862823566,,0.44777777777721894,interpolation,0 days 00:00:11.259000,11.259,1761.882,0.0
2024-03-01 16:15:57.655,0 days 00:29:21.982000,347.4549329846773,8219.59399235139,-135.56496524986918,OnTrack,83.66666211555167,7572.333022150846,45.999996586663755,0,8,2,736.8440018526703,0.1366576637879441,,0.44777777777721894,interpolation,0 days 00:00:11.359000,11.359,1761.982,0.0
2024-03-01 16:15:57.755,0 days 00:29:22.082000,361.3349186549963,8206.188825717123,-136.20369993980358,OnTrack,86.33333788444833,7754.666977849154,48.000003413336245,0,8,2,739.9581500957609,0.13723522460477922,,0.44777777777721894,interpolation,0 days 00:00:11.459000,11.459,1762.082,0.0
2024-03-01 16:15:57.855,0 days 00:29:22.182000,370.61894532981415,8196.025368330596,-136.8937033359666,OnTrack,89.0,7937.0,50.0,0,8,2,742.9372222222222,0.13778773373294526,,0.44777777777721894,interpolation,0 days 00:00:11.559000,11.559,1762.182,0.0
2024-03-01 16:15:57.955,0 days 00:29:22.282000,381.1809729968991,8184.548806271607,-137.49997034411382,OnTrack,92.50000896,8117.50046208,53.50000896,0,8,2,745.7075126352072,0.13830152147485644,,0.44777777777721894,interpolation,0 days 00:00:11.659000,11.659,1762.282,0.0
2024-03-01 16:15:58.055,0 days 00:29:22.382000,394.0,8171.0,-138.0,OnTrack,96.0,8298.0,57.0,0,8,2,748.2705555555556,0.1387768723724716,,0.44777777777721894,interpolation,0 days 00:00:11.759000,11.759,1762.382,0.0
2024-03-01 16:15:58.155,0 days 00:29:22.482000,409.0760263391171,8155.378949515779,-138.3937923036251,OnTrack,99.50000896,8657.25091968,60.7500096,0,8,2,750.6279398174356,0.13921408109652852,,0.44777777777721894,interpolation,0 days 00:00:11.859000,11.859,1762.482,0.0
2024-03-01 16:15:58.255,0 days 00:29:22.582000,431.0,8132.0,-139.0,OnTrack,103.0,9016.5,64.5,0,8,2,752.7796412812941,0.13961314317002121,,0.44777777777721894,interpolation,0 days 00:00:11.959000,11.959,1762.582,0.0
2024-03-01 16:15:58.355,0 days 00:29:22.682000,462.0,8098.0,-140.0,OnTrack,106.50000896,9375.75091968,68.2500096,0,8,2,755.1288957702847,0.14004884411798524,,0.44777777777721894,interpolation,0 days 00:00:12.059000,12.059,1762.682,0.0
2024-03-01 16:15:58.455,0 days 00:29:22.782000,487.89888511581205,8070.313883006446,-140.57014151591045,OnTrack,110.0,9735.0,72.0,0,8,2,758.0788888888889,0.1405959601517255,,0.44777777777721894,interpolation,0 days 00:00:12.159000,12.159,1762.782,0.0
2024-03-01 16:15:58.555,0 days 00:29:22.882000,507.63328430169844,8050.502927908396,-140.68325873844617,OnTrack,116.00001023999127,9752.000029013308,73.33333560888694,0,8,2,761.6296508451135,0.1412544968737246,,0.44777777777721894,interpolation,0 days 00:00:12.259000,12.259,1762.882,0.0
2024-03-01 16:15:58.655,0 days 00:29:22.982000,529.0,8031.0,-141.0,OnTrack,121.99998976000873,9768.999970986692,74.66666439111306,0,8,2,765.6615074253092,0.14200225908606842,,0.44777777777721894,interpolation,0 days 00:00:12.359000,12.359,1762.982,0.0
2024-03-01 16:15:58.755,0 days 00:29:23.082000,553.2984926311801,8010.543916620895,-141.6304727922185,OnTrack,128.0,9786.0,76.0,0,8,2,769.4566666666666,0.14270612258271506,,0.44777777777721894,interpolation,0 days 00:00:12.459000,12.459,1763.082,0.0
2024-03-01 16:15:58.855,0 days 00:29:23.182000,580.1186737403259,7989.493311719102,-142.4821648788057,OnTrack,131.19999344639663,10081.99939379169,76.99999795199895,0,8,2,772.8954518529147,0.14334389170160547,,0.44777777777721894,interpolation,0 days 00:00:12.559000,12.559,1763.182,0.0
2024-03-01 16:15:58.955,0 days 00:29:23.282000,607.0,7970.0,-143.0,OnTrack,134.40000327680167,10378.000303104156,78.00000102400053,0,8,3,775.9778981973036,0.1439155729735121,,0.44777777777721894,interpolation,0 days 00:00:12.659000,12.659,1763.282,0.0
2024-03-01 16:15:59.055,0 days 00:29:23.382000,633.5323787559624,7952.4226190840445,-143.09146497217534,OnTrack,137.59999672319833,10673.999696895844,78.99999897599947,0,8,3,778.9267569188668,0.14446247861801254,,0.44777777777721894,interpolation,0 days 00:00:12.759000,12.759,1763.382,0.0
2024-03-01 16:15:59.155,0 days 00:29:23.482000,660.5435579717218,7936.53720713327,-142.86819523532725,OnTrack,140.80000655360337,10970.00060620831,80.00000204800105,0,8,3,783.0787663197427,0.14523252479240306,,0.44777777777721894,interpolation,0 days 00:00:12.859000,12.859,1763.482,0.0
2024-03-01 16:15:59.255,0 days 00:29:23.582000,693.0,7921.0,-143.0,OnTrack,144.0,11266.0,81.0,0,8,3,788.6566666666666,0.14626702168500993,,0.44777777777721894,interpolation,0 days 00:00:12.959000,12.959,1763.582,0.0
2024-03-01 16:15:59.355,0 days 00:29:23.682000,731.7294443282098,7905.587038139629,-143.59851356304796,OnTrack,148.0,11032.0,85.0,0,8,3,795.2344444444444,0.14748695934042577,,0.44777777777721894,interpolation,0 days 00:00:13.059000,13.059,1763.682,0.0
2024-03-01 16:15:59.455,0 days 00:29:23.782000,770.0,7892.0,-144.0,OnTrack,153.99998464,10712.0008192,83.50000384,0,8,3,800.2556303132808,0.14841820602025885,,0.44777777777721894,interpolation,0 days 00:00:13.159000,13.159,1763.782,0.0
2024-03-01 16:15:59.555,0 days 00:29:23.882000,801.0797760590187,7881.940564028959,-143.54072338638485,OnTrack,160.0,10392.0,82.0,0,8,3,804.1233333333332,0.14913552373963634,,0.44777777777721894,interpolation,0 days 00:00:13.259000,13.259,1763.882,0.0
2024-03-01 16:15:59.655,0 days 00:29:23.982000,845.0,7873.0,-143.0,OnTrack,162.99999232,10552.99958784,86.24998912,0,8,3,807.6666421755309,0.14979267818106,,0.44777777777721894,pos,0 days 00:00:13.359000,13.359,1763.982,0.0
2024-03-01 16:15:59.755,0 days 00:29:24.082000,917.0,7864.0,-143.0,OnTrack,166.0,10714.0,90.5,0,8,4,810.8855931234543,0.1503896760738096,,0.44777777777721894,interpolation,0 days 00:00:13.459000,13.459,1764.082,0.0
2024-03-01 16:15:59.855,0 days 00:29:24.182000,988.3285273596014,7862.323060110807,-142.59785150204004,OnTrack,168.99999232,10874.99958784,94.74998912,0,8,4,815.0233921603232,0.15115708674442743,,0.44777777777721894,interpolation,0 days 00:00:13.559000,13.559,1764.182,0.0
2024-03-01 16:15:59.955,0 days 00:29:24.282000,1052.4608799805922,7867.90740899054,-141.73466861160964,OnTrack,172.0,11036.0,99.0,0,8,4,821.3233333333332,0.1523254958521088,,0.44777777777721894,interpolation,0 days 00:00:13.659000,13.659,1764.282,0.0
2024-03-01 16:16:00.055,0 days 00:29:24.382000,1099.0,7873.0,-141.0,OnTrack,175.0,11616.0,99.0,0,8,4,829.101111111111,0.15376798970141808,,0.44777777777721894,interpolation,0 days 00:00:13.759000,13.759,1764.382,0.0
2024-03-01 16:16:00.155,0 days 00:29:24.482000,1126.2130533128038,7876.308665315248,-140.4921032760124,OnTrack,178.6666729244391,11744.66688625759,99.33333390222174,0,8,4,834.2513239841583,0.15472316618039003,,0.44777777777721894,interpolation,0 days 00:00:13.859000,13.859,1764.482,0.0
2024-03-01 16:16:00.255,0 days 00:29:24.582000,1140.471022637242,7878.769599644825,-140.082464934874,OnTrack,182.3333270755609,11873.33311374241,99.66666609777826,0,8,4,836.8546639213886,0.1552059907035906,,0.44777777777721894,interpolation,0 days 00:00:13.959000,13.959,1764.582,0.0
2024-03-01 16:16:00.355,0 days 00:29:24.682000,1180.0,7886.0,-139.0,OnTrack,186.0,12002.0,100.0,0,8,4,841.501111111111,0.15606773703831683,,0.44777777777721894,interpolation,0 days 00:00:14.059000,14.059,1764.682,0.0
2024-03-01 16:16:00.455,0 days 00:29:24.782000,1251.1710333585133,7898.936070676002,-137.11619365063254,OnTrack,189.49999104,11211.00202496,100.0,0,8,4,848.9556037009276,0.15745027328681377,,0.44777777777721894,interpolation,0 days 00:00:14.159000,14.159,1764.782,0.0
2024-03-01 16:16:00.555,0 days 00:29:24.882000,1326.0,7913.0,-135.0,OnTrack,193.0,10420.0,100.0,0,8,4,856.4586111111109,0.15884180726345096,,0.44777777777721894,interpolation,0 days 00:00:14.259000,14.259,1764.882,0.0
2024-03-01 16:16:00.655,0 days 00:29:24.982000,1376.5027772116778,7923.613976299166,-133.22037316133077,OnTrack,197.49998848,10639.49943808,100.0,0,8,4,861.2504495971893,0.15973051837612903,,0.44777777777721894,interpolation,0 days 00:00:14.359000,14.359,1764.982,0.0
2024-03-01 16:16:00.755,0 days 00:29:25.082000,1408.176076717191,7931.945551356174,-131.70277733355655,OnTrack,202.0,10859.0,100.0,0,8,5,865.4363888888887,0.16050685730665365,,0.44777777777721894,interpolation,0 days 00:00:14.459000,14.459,1765.082,0.0
2024-03-01 16:16:00.855,0 days 00:29:25.182000,1454.0,7945.0,-130.0,OnTrack,204.66666211555167,10955.999834453192,100.0,0,8,5,871.1216067834507,0.16156125768671076,,0.44777777777721894,interpolation,0 days 00:00:14.559000,14.559,1765.182,0.0
2024-03-01 16:16:00.955,0 days 00:29:25.282000,1519.0,7964.0,-128.0,OnTrack,207.33333788444833,11053.000165546808,100.0,0,8,5,877.9853899849519,0.16283423890757384,,0.44777777777721894,interpolation,0 days 00:00:14.659000,14.659,1765.282,0.0
2024-03-01 16:16:01.055,0 days 00:29:25.382000,1600.3488762062261,7989.276377316455,-125.47774174872754,OnTrack,210.0,11150.0,100.0,0,8,5,884.1030555555553,0.16396884254499586,,0.44777777777721894,interpolation,0 days 00:00:14.759000,14.759,1765.382,0.0
2024-03-01 16:16:01.155,0 days 00:29:25.482000,1692.722118355753,8019.014965609691,-122.53417183820785,OnTrack,212.33333731555217,11300.000255999781,100.0,0,8,5,889.1538946276003,0.1649055888115313,,0.44777777777721894,interpolation,0 days 00:00:14.859000,14.859,1765.482,0.0
2024-03-01 16:16:01.255,0 days 00:29:25.582000,1767.0,8042.0,-120.0,OnTrack,214.66666268444783,11449.999744000219,100.0,0,8,5,893.417269496677,0.16569628921486684,,0.44777777777721894,interpolation,0 days 00:00:14.959000,14.959,1765.582,0.0
2024-03-01 16:16:01.355,0 days 00:29:25.682000,1818.3292582463278,8056.362195911534,-118.0136771471594,OnTrack,217.0,11600.0,100.0,0,8,5,898.569722222222,0.1666518811047111,,0.44777777777721894,interpolation,0 days 00:00:15.059000,15.059,1765.682,0.0
2024-03-01 16:16:01.455,0 days 00:29:25.782000,1846.7098930947361,8062.101553344295,-116.57520327968605,OnTrack,220.33332764443958,11400.333674098069,100.0,0,8,5,904.8906140593049,0.1678241757957721,,0.44777777777721894,interpolation,0 days 00:00:15.159000,15.159,1765.782,0.0
2024-03-01 16:16:01.555,0 days 00:29:25.882000,1870.9855813957765,8063.790134104908,-115.34912777236967,OnTrack,223.66667235556042,11200.666325901931,100.0,0,8,5,912.1255266017415,0.1691659879612692,,0.44777777777721894,interpolation,0 days 00:00:15.259000,15.259,1765.882,0.0
2024-03-01 16:16:01.655,0 days 00:29:25.982000,1910.0,8066.0,-114.0,OnTrack,227.0,11001.0,100.0,0,8,5,918.7474999999998,0.17039412229091913,,0.44777777777721894,interpolation,0 days 00:00:15.359000,15.359,1765.982,0.0
2024-03-01 16:16:01.755,0 days 00:29:26.082000,1963.7531489074067,8068.731151029573,-112.52781996257704,OnTrack,228.33333560888696,10887.333139342387,100.0,0,8,5,924.5021189309789,0.1714613940297406,,0.44777777777721894,interpolation,0 days 00:00:15.459000,15.459,1766.082,0.0
2024-03-01 16:16:01.855,0 days 00:29:26.182000,2023.0,8071.0,-111.0,OnTrack,229.66666439111304,10773.666860657613,100.0,0,8,5,929.7565441841782,0.1724358981009486,,0.44777777777721894,pos,0 days 00:00:15.559000,15.559,1766.182,0.0
2024-03-01 16:16:01.955,0 days 00:29:26.282000,2078.4955251597835,8071.82295971766,-109.48395245216814,OnTrack,231.0,10660.0,100.0,0,8,5,936.7141666666664,0.1737262830828235,,0.44777777777721894,interpolation,0 days 00:00:15.659000,15.659,1766.282,0.0
2024-03-01 16:16:02.055,0 days 00:29:26.382000,2152.0,8070.0,-107.0,OnTrack,232.99999488,10757.4997504,100.0,0,8,5,945.7421348492182,0.17540064161390656,,0.44777777777721894,interpolation,0 days 00:00:15.759000,15.759,1766.382,0.0
2024-03-01 16:16:02.155,0 days 00:29:26.482000,2256.0,8065.0,-103.0,OnTrack,235.0,10855.0,100.0,0,8,6,954.9919444444441,0.17711614362870026,,0.44777777777721894,interpolation,0 days 00:00:15.859000,15.859,1766.482,0.0
2024-03-01 16:16:02.255,0 days 00:29:26.582000,2334.853609243527,8060.83639518203,-100.07314724898346,OnTrack,236.9999959039979,10940.59982469111,100.0,0,8,6,962.6149040005528,0.17852992434954282,,0.44777777777721894,interpolation,0 days 00:00:15.959000,15.959,1766.582,0.0
2024-03-01 16:16:02.355,0 days 00:29:26.682000,2379.2872225588926,8058.178088032026,-98.65097200364379,OnTrack,239.00000204800105,11026.200087654444,100.0,0,8,6,968.6110915768375,0.17964199825358362,,0.44777777777721894,interpolation,0 days 00:00:16.059000,16.059,1766.682,0.0
2024-03-01 16:16:02.455,0 days 00:29:26.782000,2424.5772245948115,8052.9307368660075,-97.4033107564822,OnTrack,240.99999795199895,11111.799912345556,100.0,0,8,6,973.3043495947339,0.18051242628810268,,0.44777777777721894,interpolation,0 days 00:00:16.159000,16.159,1766.782,0.0
2024-03-01 16:16:02.555,0 days 00:29:26.882000,2506.0,8041.0,-95.0,OnTrack,243.0000040960021,11197.40017530889,100.0,0,8,6,978.6381656307167,0.18150165445134941,,0.44777777777721894,interpolation,0 days 00:00:16.259000,16.259,1766.882,0.0
2024-03-01 16:16:02.655,0 days 00:29:26.982000,2623.5555487744577,8022.385877433999,-91.44103973419715,OnTrack,245.0,11283.0,100.0,0,8,6,984.9363888888887,0.18266974494854094,,0.44777777777721894,interpolation,0 days 00:00:16.359000,16.359,1766.982,0.0
2024-03-01 16:16:02.755,0 days 00:29:27.082000,2735.0,8004.0,-88.0,OnTrack,245.75000192,11379.50024704,100.0,0,8,6,992.199083863221,0.18401670974095458,,0.44777777777721894,interpolation,0 days 00:00:16.459000,16.459,1767.082,0.0
2024-03-01 16:16:02.855,0 days 00:29:27.182000,2798.0894827584398,7992.753998530001,-85.95045083833499,OnTrack,246.5,11476.0,100.0,0,8,6,1000.426176183908,0.18554253503570617,,0.44777777777721894,interpolation,0 days 00:00:16.559000,16.559,1767.182,0.0
2024-03-01 16:16:02.955,0 days 00:29:27.282000,2821.5791888369513,7987.238798938598,-85.06729989948931,OnTrack,247.25000192,11572.50024704,100.0,0,12,6,1008.4861914330838,0.1870373736328558,,0.44777777777721894,interpolation,0 days 00:00:16.659000,16.659,1767.282,1.0
2024-03-01 16:16:03.055,0 days 00:29:27.382000,2858.0,7979.0,-84.0,OnTrack,248.0,11669.0,100.0,0,12,6,1015.2474999999996,0.188291349549849,,0.44777777777721894,interpolation,0 days 00:00:16.759000,16.759,1767.382,1.0
2024-03-01 16:16:03.155,0 days 00:29:27.482000,2916.1070183820552,7966.628542057651,-82.52346109508812,OnTrack,251.6666729244391,11698.666717297734,100.0,0,12,6,1020.7101711206321,0.1893044756274319,,0.44777777777721894,interpolation,0 days 00:00:16.859000,16.859,1767.482,1.0
2024-03-01 16:16:03.255,0 days 00:29:27.582000,2992.413625128241,7950.848017179272,-80.7107200166764,OnTrack,255.3333270755609,11728.333282702266,100.0,0,12,6,1025.4046664376017,0.19017513313576132,,0.44777777777721894,interpolation,0 days 00:00:16.959000,16.959,1767.582,1.0
2024-03-01 16:16:03.355,0 days 00:29:27.682000,3066.0,7936.0,-79.0,OnTrack,259.0,11758.0,100.0,0,12,6,1032.5141666666664,0.19149368589531557,,0.44777777777721894,interpolation,0 days 00:00:17.059000,17.059,1767.682,1.0
2024-03-01 16:16:03.455,0 days 00:29:27.782000,3133.3794884392973,7922.808089997179,-77.46433862488261,OnTrack,260.99999488,11178.50148352,100.0,0,12,6,1042.56911658696,0.1933585120486902,,0.44777777777721894,interpolation,0 days 00:00:17.159000,17.159,1767.782,1.0
2024-03-01 16:16:03.555,0 days 00:29:27.882000,3194.0,7911.0,-76.0,OnTrack,263.0,10599.0,100.0,0,12,6,1052.9697222222221,0.19528744471899895,,0.44777777777721894,interpolation,0 days 00:00:17.259000,17.259,1767.882,1.0
2024-03-01 16:16:03.655,0 days 00:29:27.982000,3247.3094442359766,7900.303442837654,-74.50324823402795,OnTrack,264.6666638222198,10623.666624568854,100.0,0,12,6,1061.1159801313631,0.19679827818127618,,0.44777777777721894,interpolation,0 days 00:00:17.359000,17.359,1767.982,1.0
2024-03-01 16:16:03.755,0 days 00:29:28.082000,3308.0,7888.0,-73.0,OnTrack,266.3333361777802,10648.333375431148,100.0,0,12,7,1067.3600343551634,0.19795632230003715,,0.44777777777721894,interpolation,0 days 00:00:17.459000,17.459,1768.082,1.0
2024-03-01 16:16:03.855,0 days 00:29:28.182000,3390.763846144843,7871.371252976897,-71.51617197094973,OnTrack,268.0,10673.0,100.0,0,12,7,1073.8141666666663,0.19915332823514773,,0.44777777777721894,interpolation,0 days 00:00:17.559000,17.559,1768.182,1.0
2024-03-01 16:16:03.955,0 days 00:29:28.282000,3482.0,7853.0,-70.0,OnTrack,269.6666695111087,10756.000141653212,100.0,0,12,7,1080.830503779259,0.20045460263752424,,0.44777777777721894,interpolation,0 days 00:00:17.659000,17.659,1768.282,1.0
2024-03-01 16:16:04.055,0 days 00:29:28.382000,3568.107478894967,7835.469039300959,-68.39971994027368,OnTrack,271.3333304888913,10838.999858346788,100.0,0,12,7,1088.2420689330065,0.2018291774137002,,0.44777777777721894,interpolation,0 days 00:00:17.759000,17.759,1768.382,1.0
2024-03-01 16:16:04.155,0 days 00:29:28.482000,3643.0,7820.0,-67.0,OnTrack,273.0,10922.0,100.0,0,12,7,1095.0474999999997,0.203091336443762,,0.44777777777721894,interpolation,0 days 00:00:17.859000,17.859,1768.482,1.0
2024-03-01 16:16:04.255,0 days 00:29:28.582000,3700.591280485356,7807.814511217342,-66.08550838740814,OnTrack,274.2499968,10987.49983232,100.0,0,12,7,1101.0798223799768,0.20421011203478354,,0.44777777777721894,interpolation,0 days 00:00:17.959000,17.959,1768.582,1.0
2024-03-01 16:16:04.355,0 days 00:29:28.682000,3762.0,7795.0,-65.0,OnTrack,275.5,11053.0,100.0,0,12,7,1106.339097844077,0.2051855156430562,,0.44777777777721894,interpolation,0 days 00:00:18.059000,18.059,1768.682,1.0
2024-03-01 16:16:04.455,0 days 00:29:28.782000,3848.3448381928984,7777.643893394986,-63.0872297352775,OnTrack,276.7499968,11118.49983232,100.0,0,12,7,1112.9025388021469,0.20640279434178313,,0.44777777777721894,interpolation,0 days 00:00:18.159000,18.159,1768.782,1.0
2024-03-01 16:16:04.555,0 days 00:29:28.882000,3942.0,7759.0,-61.0,OnTrack,278.0,11184.0,100.0,0,12,7,1122.8474999999996,0.20824722160229311,,0.44777777777721894,interpolation,0 days 00:00:18.259000,18.259,1768.882,1.0
2024-03-01 16:16:04.655,0 days 00:29:28.982000,4025.3396903572566,7742.32212841275,-59.39111320092691,OnTrack,280.0,11261.0,100.0,0,12,7,1135.291944444444,0.2105552117611879,,0.44777777777721894,interpolation,0 days 00:00:18.359000,18.359,1768.982,1.0
2024-03-01 16:16:04.755,0 days 00:29:29.082000,4099.466951171677,7727.403116741517,-58.19297261717397,OnTrack,281.0000017066652,11293.66672241773,100.0,0,12,7,1144.94434346933,0.2123453794186207,,0.44777777777721894,interpolation,0 days 00:00:18.459000,18.459,1769.082,1.0
2024-03-01 16:16:04.855,0 days 00:29:29.182000,4171.0,7713.0,-57.0,OnTrack,281.9999982933348,11326.33327758227,100.0,0,12,7,1151.3842935014604,0.21353975505863304,,0.44777777777721894,interpolation,0 days 00:00:18.559000,18.559,1769.182,1.0
2024-03-01 16:16:04.955,0 days 00:29:29.282000,4241.041867454145,7698.90561841781,-55.74459932070765,OnTrack,283.0,11359.0,100.0,0,12,7,1157.3816666666662,0.21465204884613864,,0.44777777777721894,interpolation,0 days 00:00:18.659000,18.659,1769.282,1.0
2024-03-01 16:16:05.055,0 days 00:29:29.382000,4309.964545793275,7685.048521046456,-54.42160239963016,OnTrack,283.9999982933319,11385.99995391996,100.0,0,12,7,1163.398031976168,0.2157678649831013,,0.44777777777721894,interpolation,0 days 00:00:18.759000,18.759,1769.382,1.0
2024-03-01 16:16:05.155,0 days 00:29:29.482000,4380.0,7671.0,-53.0,OnTrack,285.0000017066681,11413.00004608004,100.0,0,12,7,1169.5401707978629,0.21690700751520256,,0.44777777777721894,interpolation,0 days 00:00:18.859000,18.859,1769.482,1.0
2024-03-01 16:16:05.255,0 days 00:29:29.582000,4451.520226142704,7656.68860359829,-51.474623889227985,OnTrack,286.0,11440.0,100.0,0,12,7,1176.448333333333,0.21818821948244538,,0.44777777777721894,interpolation,0 days 00:00:18.959000,18.959,1769.582,1.0
2024-03-01 16:16:05.355,0 days 00:29:29.682000,4526.301342035398,7641.750198961856,-49.83296840971068,OnTrack,287.33333560888696,11508.333449955457,100.0,0,12,7,1184.2293100825023,0.21963130662416902,,0.44777777777721894,interpolation,0 days 00:00:19.059000,19.059,1769.682,1.0
2024-03-01 16:16:05.455,0 days 00:29:29.782000,4615.0,7624.0,-48.0,OnTrack,288.66666439111304,11576.666550044543,100.0,0,12,7,1192.8626387637335,0.22123247393410717,,0.44777777777721894,interpolation,0 days 00:00:19.159000,19.159,1769.782,1.0
2024-03-01 16:16:05.555,0 days 00:29:29.882000,4719.392299663168,7603.0738775619575,-45.963213130549775,OnTrack,290.0,11645.0,100.0,0,12,7,1202.2261111111109,0.2229690562401561,,0.44777777777721894,interpolation,0 days 00:00:19.259000,19.259,1769.882,1.0
2024-03-01 16:16:05.655,0 days 00:29:29.982000,4820.0,7583.0,-44.0,OnTrack,290.99999744,11663.49995264,100.0,0,12,7,1212.2992486382846,0.2248372555306668,,0.44777777777721894,interpolation,0 days 00:00:19.359000,19.359,1769.982,1.0
2024-03-01 16:16:05.755,0 days 00:29:30.082000,4897.344859985591,7567.8065356664065,-42.38775280699064,OnTrack,292.0,11682.0,100.0,0,12,7,1221.6927777777773,0.2265794122744272,,0.44777777777721894,interpolation,0 days 00:00:19.459000,19.459,1770.082,1.0
2024-03-01 16:16:05.855,0 days 00:29:30.182000,4963.0,7555.0,-41.0,OnTrack,292.9999982933319,11702.333298631082,100.0,0,12,7,1229.0172256234541,0.2279378299701812,,0.44777777777721894,interpolation,0 days 00:00:19.559000,19.559,1770.182,1.0
2024-03-01 16:16:05.955,0 days 00:29:30.282000,5028.5385404232875,7542.086908439611,-39.71027002750637,OnTrack,294.0000017066681,11722.666701368918,100.0,0,12,7,1234.7060474496052,0.22899289874798623,,0.44777777777721894,interpolation,0 days 00:00:19.659000,19.659,1770.282,1.0
2024-03-01 16:16:06.055,0 days 00:29:30.382000,5095.375385037398,7528.851588650636,-38.47135431886999,OnTrack,295.0,11743.0,100.0,0,12,7,1241.359444444444,0.23022686100768064,,0.44777777777721894,interpolation,0 days 00:00:19.759000,19.759,1770.382,1.0
2024-03-01 16:16:06.155,0 days 00:29:30.482000,5172.0,7514.0,-37.0,OnTrack,295.50000128,11437.24921728,100.0,0,12,7,1249.4108650106916,0.23172010560489678,,0.44777777777721894,interpolation,0 days 00:00:19.859000,19.859,1770.482,1.0
2024-03-01 16:16:06.255,0 days 00:29:30.582000,5259.827303581731,7497.316467944609,-35.248998016838385,OnTrack,296.0,11131.5,100.0,0,12,7,1258.8602267020124,0.23347261724884905,,0.44777777777721894,interpolation,0 days 00:00:19.959000,19.959,1770.582,1.0
2024-03-01 16:16:06.355,0 days 00:29:30.682000,5354.625061714105,7479.528375676194,-33.3396764437791,OnTrack,296.50000128,10825.74921728,100.0,0,12,7,1268.634243728551,0.23528534060591239,,0.44777777777721894,interpolation,0 days 00:00:20.059000,20.059,1770.682,1.0
2024-03-01 16:16:06.455,0 days 00:29:30.782000,5431.0,7465.0,-32.0,OnTrack,297.0,10520.0,100.0,0,12,7,1277.6594444444438,0.23695918587295683,,0.44777777777721894,interpolation,0 days 00:00:20.159000,20.159,1770.782,1.0
2024-03-01 16:16:06.555,0 days 00:29:30.882000,5484.7199277087875,7454.458716659396,-31.351295517501942,OnTrack,297.75000192,10563.25011072,100.0,0,12,7,1285.9359212679824,0.23849417019020178,,0.44777777777721894,interpolation,0 days 00:00:20.259000,20.259,1770.882,1.0
2024-03-01 16:16:06.655,0 days 00:29:30.982000,5561.0,7440.0,-30.0,OnTrack,298.5,10606.5,100.0,0,12,8,1293.4635894482612,0.23989027783944805,,0.44777777777721894,interpolation,0 days 00:00:20.359000,20.359,1770.982,1.0
2024-03-01 16:16:06.755,0 days 00:29:31.082000,5692.0,7416.0,-27.0,OnTrack,299.25000192,10649.75011072,100.0,0,12,8,1300.589223526629,0.2412118228390804,,0.44777777777721894,interpolation,0 days 00:00:20.459000,20.459,1771.082,1.0
2024-03-01 16:16:06.855,0 days 00:29:31.182000,5799.38809656939,7396.1427003926365,-25.03597906464301,OnTrack,300.0,10693.0,100.0,0,12,8,1307.6594444444438,0.24252309072029254,,0.44777777777721894,interpolation,0 days 00:00:20.559000,20.559,1771.182,1.0
2024-03-01 16:16:06.955,0 days 00:29:31.282000,5873.9798574207625,7382.07562249634,-24.271135714118543,OnTrack,300.75000192,10713.50005248,100.0,0,12,8,1314.6743246009542,0.24382409491050214,,0.44777777777721894,interpolation,0 days 00:00:20.659000,20.659,1771.282,1.0
2024-03-01 16:16:07.055,0 days 00:29:31.382000,5939.0,7370.0,-23.0,OnTrack,301.5,10734.0,100.0,0,12,8,1321.6337921639702,0.24511482208746013,,0.44777777777721894,interpolation,0 days 00:00:20.759000,20.759,1771.382,1.0
2024-03-01 16:16:07.155,0 days 00:29:31.482000,6005.0,7358.0,-21.0,OnTrack,302.25000192,10754.50005248,100.0,0,12,8,1330.0227956272327,0.2466706759885789,,0.44777777777721894,interpolation,0 days 00:00:20.859000,20.859,1771.482,1.0
2024-03-01 16:16:07.255,0 days 00:29:31.582000,6112.063907811924,7338.379411340742,-18.641163502284147,OnTrack,303.0,10775.0,100.0,0,12,8,1341.3261111111105,0.24876702838230264,,0.44777777777721894,interpolation,0 days 00:00:20.959000,20.959,1771.582,1.0
2024-03-01 16:16:07.355,0 days 00:29:31.682000,6257.047289709591,7311.696835885443,-16.092718082857882,OnTrack,305.0,10763.0,100.0,0,12,8,1354.7969444444439,0.2512653762116688,,0.44777777777721894,interpolation,0 days 00:00:21.059000,21.059,1771.682,1.0
2024-03-01 16:16:07.455,0 days 00:29:31.782000,6381.0,7289.0,-14.0,OnTrack,304.3333344711121,10742.333368604475,100.0,0,12,8,1365.9537364234234,0.2533345538440875,,0.44777777777721894,interpolation,0 days 00:00:21.159000,21.159,1771.782,1.0
2024-03-01 16:16:07.555,0 days 00:29:31.882000,6474.097064705022,7272.1301819846885,-12.470564746070966,OnTrack,303.6666655288879,10721.666631395525,100.0,0,12,8,1374.343643536136,0.2548905753391914,,0.44777777777721894,interpolation,0 days 00:00:21.259000,21.259,1771.882,1.0
2024-03-01 16:16:07.655,0 days 00:29:31.982000,6536.338483824658,7261.087381839505,-11.504412321070786,OnTrack,303.0,10701.0,100.0,0,12,8,1381.7302777777772,0.2562605263412769,,0.44777777777721894,interpolation,0 days 00:00:21.359000,21.359,1771.982,1.0
2024-03-01 16:16:07.755,0 days 00:29:32.082000,6573.327125601325,7254.794751608711,-10.982116155044245,OnTrack,301.99999744,10721.0000512,49.999872,0,12,8,1388.4076669473322,0.25749893827354464,,0.44777777777721894,interpolation,0 days 00:00:21.459000,21.459,1772.082,1.0
2024-03-01 16:16:07.855,0 days 00:29:32.182000,6618.680027369992,7246.7912366385,-10.187120497031781,OnTrack,301.0,10741.0,0.0,0,12,8,1395.108055555555,0.2587416157620888,,0.44777777777721894,interpolation,0 days 00:00:21.559000,21.559,1772.182,1.0
2024-03-01 16:16:07.955,0 days 00:29:32.282000,6678.0,7236.0,-9.0,OnTrack,283.6666370844697,10324.66595612505,0.33333390222173676,0,12,8,1402.5638251016615,0.2601243888393621,,0.44777777777721894,interpolation,0 days 00:00:21.659000,21.659,1772.282,1.0
2024-03-01 16:16:08.055,0 days 00:29:32.382000,6751.287043491349,7222.421041693208,-7.420754663948903,OnTrack,266.3333629155303,9908.33404387495,0.6666660977782632,0,8,8,1410.4971263395269,0.2615957266131199,,0.44777777777721894,interpolation,0 days 00:00:21.759000,21.759,1772.382,0.0
2024-03-01 16:16:08.155,0 days 00:29:32.482000,6834.9008850788305,7206.732146245539,-5.550952671697952,OnTrack,249.0,9492.0,1.0,0,8,8,1417.2413888888884,0.26284654111612316,,0.44777777777721894,interpolation,0 days 00:00:21.859000,21.859,1772.482,0.0
2024-03-01 16:16:08.255,0 days 00:29:32.582000,6907.0,7193.0,-4.0,OnTrack,235.50003456,9273.50055936,1.0,0,8,8,1422.518770789435,0.26382530280737965,,0.44777777777721894,interpolation,0 days 00:00:21.959000,21.959,1772.582,0.0
2024-03-01 16:16:08.355,0 days 00:29:32.682000,6963.944152765852,7181.902380543523,-2.8694637916216417,OnTrack,222.0,9055.0,1.0,0,8,8,1427.108055555555,0.2646764475992469,,0.44777777777721894,interpolation,0 days 00:00:22.059000,22.059,1772.682,0.0
2024-03-01 16:16:08.455,0 days 00:29:32.782000,7016.0,7170.0,-2.0,OnTrack,210.7500288,9172.74969856,0.75000064,1,8,8,1431.7879256669364,0.2655443926658342,,0.44777777777721894,interpolation,0 days 00:00:22.159000,22.159,1772.782,0.0
2024-03-01 16:16:08.555,0 days 00:29:32.882000,7073.434198326064,7153.853570493318,-1.2322645785721968,OnTrack,199.5,9290.5,0.5,1,8,8,1436.5584290455777,0.2664291468949226,,0.44777777777721894,interpolation,0 days 00:00:22.259000,22.259,1772.882,0.0
2024-03-01 16:16:08.655,0 days 00:29:32.982000,7134.3092378847705,7134.148804728407,-0.5660376562778269,OnTrack,188.2500288,9408.24969856,0.25000064,1,8,8,1441.5203871725419,0.2673494089907523,,0.44777777777721894,interpolation,0 days 00:00:22.359000,22.359,1772.982,0.0
2024-03-01 16:16:08.755,0 days 00:29:33.082000,7187.0,7115.0,0.0,OnTrack,177.0,9526.0,0.0,1,8,8,1446.7747222222215,0.2683238963325003,,0.44777777777721894,interpolation,0 days 00:00:22.459000,22.459,1773.082,0.0
2024-03-01 16:16:08.855,0 days 00:29:33.182000,7229.568954972288,7097.09287603476,0.46606826357317954,OnTrack,169.5000192,9738.499456,0.0,1,8,8,1452.3213803903636,0.2693525989414416,,0.44777777777721894,interpolation,0 days 00:00:22.559000,22.559,1773.182,0.0
2024-03-01 16:16:08.955,0 days 00:29:33.282000,7262.016102801628,7080.427432832684,0.832167134441712,OnTrack,162.0,9951.0,0.0,1,8,8,1457.5747222222217,0.2703269020775412,,0.44777777777721894,interpolation,0 days 00:00:22.659000,22.659,1773.282,0.0
2024-03-01 16:16:09.055,0 days 00:29:33.382000,7290.455199230154,7063.2982732142655,1.2821824380893883,OnTrack,156.00001024000875,9593.667276516077,0.0,1,8,8,1461.948997671055,0.271138170489986,,0.44777777777721894,interpolation,0 days 00:00:22.759000,22.759,1773.382,0.0
2024-03-01 16:16:09.155,0 days 00:29:33.482000,7321.0,7044.0,2.0,OnTrack,149.99998975999125,9236.332723483923,0.0,1,8,6,1465.5236158731018,0.27180113167471076,,0.44777777777721894,interpolation,0 days 00:00:22.859000,22.859,1773.482,0.0
2024-03-01 16:16:09.255,0 days 00:29:33.582000,7354.0,7021.0,3.0,OnTrack,144.0,8879.0,0.0,1,8,6,1468.7747222222215,0.2724040932205465,,0.44777777777721894,interpolation,0 days 00:00:22.959000,22.959,1773.582,0.0
2024-03-01 16:16:09.355,0 days 00:29:33.682000,7391.552179299697,6985.102546992943,4.368463958808738,OnTrack,141.33332878222612,8699.333026702483,0.0,1,8,6,1471.781714353376,0.27296178049036085,,0.44777777777721894,interpolation,0 days 00:00:23.059000,23.059,1773.682,0.0
2024-03-01 16:16:09.455,0 days 00:29:33.782000,7431.632536557097,6938.439733440848,5.980447708614232,OnTrack,138.66667121777388,8519.666973297517,0.0,1,8,4,1474.7989161965472,0.2735213612890479,,0.44777777777721894,interpolation,0 days 00:00:23.159000,23.159,1773.782,0.0
2024-03-01 16:16:09.555,0 days 00:29:33.882000,7460.0,6903.0,7.0,OnTrack,136.0,8340.0,0.0,1,8,4,1479.3524999999993,0.2743658848556071,,0.44777777777721894,interpolation,0 days 00:00:23.259000,23.259,1773.882,0.0
2024-03-01 16:16:09.655,0 days 00:29:33.982000,7474.281045513966,6882.448105543287,7.287794911383678,OnTrack,130.0,7912.0,0.0,1,8,4,1485.130277777777,0.275437451715094,,0.44777777777721894,interpolation,0 days 00:00:23.359000,23.359,1773.982,0.0
2024-03-01 16:16:09.755,0 days 00:29:34.082000,7476.744138313655,6872.89427750674,6.991820437435367,OnTrack,129.66666609777826,7843.999883946765,0.0,1,8,4,1488.7333032164718,0.2761056814052082,,0.44777777777721894,interpolation,0 days 00:00:23.459000,23.459,1774.082,0.0
2024-03-01 16:16:09.855,0 days 00:29:34.182000,7481.0,6851.0,7.0,OnTrack,129.33333390222174,7776.000116053235,0.0,1,8,4,1490.2633466464838,0.2763894486071041,,0.44777777777721894,interpolation,0 days 00:00:23.559000,23.559,1774.182,0.0
2024-03-01 16:16:09.955,0 days 00:29:34.282000,7489.317072558697,6812.875540290172,7.460320078358373,OnTrack,129.0,7708.0,0.0,1,8,4,1493.730277777777,0.2770324377713302,,0.44777777777721894,interpolation,0 days 00:00:23.659000,23.659,1774.282,0.0
2024-03-01 16:16:10.055,0 days 00:29:34.382000,7497.0,6767.0,8.0,OnTrack,121.0,7494.0,0.0,1,8,4,1499.1080555555548,0.2780298192328526,,0.44777777777721894,interpolation,0 days 00:00:23.759000,23.759,1774.382,0.0
2024-03-01 16:16:10.155,0 days 00:29:34.482000,7499.353426334172,6721.852480752241,8.2462590924144,OnTrack,119.49999616,7494.50000128,4.50001152,1,8,4,1502.2308463535658,0.27860898292812825,,0.44777777777721894,interpolation,0 days 00:00:23.859000,23.859,1774.482,0.0
2024-03-01 16:16:10.255,0 days 00:29:34.582000,7496.377351561206,6677.432982546892,8.199097355601571,OnTrack,118.0,7495.0,9.0,0,8,4,1504.3524999999993,0.27900247222838687,,0.44777777777721894,interpolation,0 days 00:00:23.959000,23.959,1774.582,0.0
2024-03-01 16:16:10.355,0 days 00:29:34.682000,7491.212601007637,6637.7969930680965,8.052386940987958,OnTrack,116.99999744,7505.50002688,16.00001792,0,8,4,1507.4212288838396,0.2795716094121187,,0.44777777777721894,interpolation,0 days 00:00:24.059000,24.059,1774.682,0.0
2024-03-01 16:16:10.455,0 days 00:29:34.782000,7487.0,6607.0,8.0,OnTrack,116.0,7516.0,23.0,0,8,4,1510.7969444444439,0.28019768141781454,,0.44777777777721894,interpolation,0 days 00:00:24.159000,24.159,1774.782,0.0
2024-03-01 16:16:10.555,0 days 00:29:34.882000,7483.739548538293,6585.042003342602,8.041936532637699,OnTrack,116.33333390222174,7529.000022186648,31.00001365332168,0,8,4,1513.839624112276,0.28076198742290587,,0.44777777777721894,interpolation,0 days 00:00:24.259000,24.259,1774.882,0.0
2024-03-01 16:16:10.655,0 days 00:29:34.982000,7480.3117955266225,6568.629347753848,8.132776691846875,OnTrack,116.66666609777826,7541.999977813352,38.99998634667831,0,8,4,1516.6571398158867,0.2812845337322647,,0.44777777777721894,interpolation,0 days 00:00:24.359000,24.359,1774.982,0.0
2024-03-01 16:16:10.755,0 days 00:29:35.082000,7470.0,6538.0,8.0,OnTrack,117.0,7555.0,47.0,0,8,4,1519.8969444444438,0.28188539922150635,,0.44777777777721894,interpolation,0 days 00:00:24.459000,24.459,1775.082,0.0
2024-03-01 16:16:10.855,0 days 00:29:35.182000,7451.684699399293,6489.860271011801,7.598186144941275,OnTrack,118.66666382221979,7662.333150150955,48.999996586663755,0,8,4,1523.6669079079443,0.28258458982113466,,0.44777777777721894,interpolation,0 days 00:00:24.559000,24.559,1775.182,0.0
2024-03-01 16:16:10.955,0 days 00:29:35.282000,7431.0,6439.0,7.0,OnTrack,120.33333617778021,7769.666849849045,51.000003413336245,0,8,4,1527.88924176013,0.28336767861404283,,0.44777777777721894,interpolation,0 days 00:00:24.659000,24.659,1775.282,0.0
2024-03-01 16:16:11.055,0 days 00:29:35.382000,7413.580008077617,6400.209026175356,6.278106438505474,OnTrack,122.0,7877.0,53.0,0,8,4,1532.0969444444438,0.2841480538594229,,0.44777777777721894,interpolation,0 days 00:00:24.759000,24.759,1775.382,0.0
2024-03-01 16:16:11.155,0 days 00:29:35.482000,7399.424723632146,6373.487349537863,5.432505460457696,OnTrack,124.33333731555216,8023.000249173121,56.000005119995635,0,8,4,1536.2122319970879,0.2849112894715007,,0.44777777777721894,interpolation,0 days 00:00:24.859000,24.859,1775.482,0.0
2024-03-01 16:16:11.255,0 days 00:29:35.582000,7388.192263457658,6357.48545150524,4.497058606079509,OnTrack,126.66666268444784,8168.999750826879,58.999994880004365,0,8,4,1540.16818880428,0.2856449750466803,,0.44777777777721894,interpolation,0 days 00:00:24.959000,24.959,1775.582,0.0
2024-03-01 16:16:11.355,0 days 00:29:35.682000,7377.831317815886,6344.106179126428,3.674936156938014,OnTrack,129.0,8315.0,62.0,0,8,4,1543.5636111111105,0.2862747019344046,,0.44777777777721894,interpolation,0 days 00:00:25.059000,25.059,1775.682,0.0
2024-03-01 16:16:11.455,0 days 00:29:35.782000,7368.0,6332.0,3.0,OnTrack,130.9999959039979,8536.799545753367,65.79999221759601,0,8,4,1546.3315906751973,0.2867880610982029,,0.44777777777721894,interpolation,0 days 00:00:25.159000,25.159,1775.782,0.0
2024-03-01 16:16:11.555,0 days 00:29:35.882000,7358.698310009997,6321.166914125955,2.472250135265465,OnTrack,133.00000204800105,8758.600227123316,69.600003891202,0,8,4,1548.472155840724,0.2871850577948867,,0.44777777777721894,interpolation,0 days 00:00:25.259000,25.259,1775.882,0.0
2024-03-01 16:16:11.655,0 days 00:29:35.982000,7348.0,6309.0,2.0,OnTrack,134.99999795199895,8980.399772876684,73.399996108798,0,8,4,1550.301979224091,0.28752442323463606,,0.44777777777721894,interpolation,0 days 00:00:25.359000,25.359,1775.982,0.0
2024-03-01 16:16:11.755,0 days 00:29:36.082000,7333.978822124127,6292.892336117835,1.4915630314691932,OnTrack,137.0000040960021,9202.200454246633,77.20000778240399,0,8,4,1553.7212629919532,0.28815857555231694,,0.44777777777721894,interpolation,0 days 00:00:25.459000,25.459,1776.082,0.0
2024-03-01 16:16:11.855,0 days 00:29:36.182000,7316.63477638238,6272.843922479464,0.9469392296730458,OnTrack,139.0,9424.0,81.0,0,8,4,1559.046666666666,0.289146243529642,,0.44777777777721894,interpolation,0 days 00:00:25.559000,25.559,1776.182,0.0
2024-03-01 16:16:11.955,0 days 00:29:36.282000,7293.4733424494425,6247.87354760136,0.1788458130403751,OnTrack,152.0,9844.0,100.0,0,8,4,1565.8022222222214,0.29039915247304204,,0.44777777777721894,interpolation,0 days 00:00:25.659000,25.659,1776.282,0.0
2024-03-01 16:16:12.055,0 days 00:29:36.382000,7262.0,6217.0,-1.0,OnTrack,156.66665870221541,10192.999404372826,100.0,0,8,4,1571.1317495044696,0.2913875852290323,,0.44777777777721894,pos,0 days 00:00:25.759000,25.759,1776.382,0.0
2024-03-01 16:16:12.155,0 days 00:29:36.482000,7222.214749034054,6180.223279675383,-2.5895982094480807,OnTrack,161.33334129778459,10542.000595627174,100.0,0,8,4,1574.8513439827136,0.2920774342206198,,0.44777777777721894,interpolation,0 days 00:00:25.859000,25.859,1776.482,0.0
2024-03-01 16:16:12.255,0 days 00:29:36.582000,7176.0,6140.0,-4.0,OnTrack,166.0,10891.0,100.0,0,8,4,1578.7133333333327,0.2927936922628954,,0.44777777777721894,interpolation,0 days 00:00:25.959000,25.959,1776.582,0.0
2024-03-01 16:16:12.355,0 days 00:29:36.682000,7125.238163346237,6098.78677434634,-4.6412565563518955,OnTrack,169.00000511999562,10934.000073386604,100.0,0,8,4,1583.0098205562836,0.29359053379910527,,0.44777777777721894,interpolation,0 days 00:00:26.059000,26.059,1776.682,0.0
2024-03-01 16:16:12.455,0 days 00:29:36.782000,7072.0,6058.0,-5.0,OnTrack,171.99999488000438,10976.999926613396,100.0,0,8,4,1587.6761220267088,0.29445596237811955,,0.44777777777721894,interpolation,0 days 00:00:26.159000,26.159,1776.782,0.0
2024-03-01 16:16:12.555,0 days 00:29:36.882000,7018.356270888519,6019.056074246572,-5.562862452440552,OnTrack,175.0,11020.0,100.0,0,8,4,1592.3244444444438,0.29531805649918663,,0.44777777777721894,interpolation,0 days 00:00:26.259000,26.259,1776.882,0.0
2024-03-01 16:16:12.655,0 days 00:29:36.982000,6964.7678505086915,5981.988689357891,-6.296405762954049,OnTrack,177.66666211555167,11314.332831004016,100.0,0,8,4,1596.890100581847,0.29616481904299224,,0.44777777777721894,interpolation,0 days 00:00:26.359000,26.359,1776.982,0.0
2024-03-01 16:16:12.755,0 days 00:29:37.082000,6914.0,5947.0,-7.0,OnTrack,180.33333788444833,11608.667168995984,100.0,0,8,4,1601.460278831906,0.2970124202736153,,0.44777777777721894,interpolation,0 days 00:00:26.459000,26.459,1777.082,0.0
2024-03-01 16:16:12.855,0 days 00:29:37.182000,6866.513598578718,5914.12369878974,-7.640206670450488,OnTrack,183.0,11903.0,100.0,0,8,4,1606.557777777777,0.29795782024342254,,0.44777777777721894,interpolation,0 days 00:00:26.559000,26.559,1777.182,0.0
2024-03-01 16:16:12.955,0 days 00:29:37.282000,6822.308646244847,5883.3597857271125,-8.217025774305515,OnTrack,188.66667633776953,11520.666014151668,100.0,0,8,4,1612.2697912585309,0.2990171902265431,,0.44777777777721894,interpolation,0 days 00:00:26.659000,26.659,1777.282,0.0
2024-03-01 16:16:13.055,0 days 00:29:37.382000,6781.385142998386,5854.70826081212,-8.730457311565079,OnTrack,194.33332366223047,11138.333985848332,100.0,0,8,4,1618.4627399637236,0.3001657561372138,,0.44777777777721894,interpolation,0 days 00:00:26.759000,26.759,1777.382,0.0
2024-03-01 16:16:13.155,0 days 00:29:37.482000,6743.8204968633945,5828.1215668277655,-9.19267611292129,OnTrack,200.0,10756.0,100.0,0,8,4,1624.3355555555547,0.3012549490418437,,0.44777777777721894,interpolation,0 days 00:00:26.859000,26.859,1777.482,0.0
2024-03-01 16:16:13.255,0 days 00:29:37.582000,6709.6921158639325,5803.552146557058,-9.615857009066264,OnTrack,200.99999829333188,10804.333250844375,100.0,0,8,4,1629.75465707697,0.30225999454928393,,0.44777777777721894,interpolation,0 days 00:00:26.959000,26.959,1777.582,0.0
2024-03-01 16:16:13.355,0 days 00:29:37.682000,6679.0,5781.0,-10.0,OnTrack,202.00000170666812,10852.666749155625,100.0,0,8,5,1634.8192796864048,0.303199297158836,,0.44777777777721894,interpolation,0 days 00:00:27.059000,27.059,1777.682,0.0
2024-03-01 16:16:13.455,0 days 00:29:37.782000,6651.744149271597,5760.465127156587,-10.345105085722496,OnTrack,203.0,10901.0,100.0,0,8,5,1640.1244444444437,0.3041832115559415,,0.44777777777721894,interpolation,0 days 00:00:27.159000,27.159,1777.782,0.0
2024-03-01 16:16:13.555,0 days 00:29:37.882000,6626.531087453298,5741.008946755286,-10.660261014863934,OnTrack,208.50001408,11142.50061824,100.0,0,8,5,1645.7693853428095,0.3052301420235195,,0.44777777777721894,interpolation,0 days 00:00:27.259000,27.259,1777.882,0.0
2024-03-01 16:16:13.655,0 days 00:29:37.982000,6595.0,5717.0,-11.0,OnTrack,214.0,11384.0,100.0,0,8,5,1652.0133333333326,0.3063881664398857,,0.44777777777721894,interpolation,0 days 00:00:27.359000,27.359,1777.982,0.0
2024-03-01 16:16:13.755,0 days 00:29:38.082000,6555.757424955401,5687.499715230215,-11.373410696692563,OnTrack,215.50000384,11596.00054272,100.0,0,8,5,1659.1156411100837,0.3077053852620969,,0.44777777777721894,interpolation,0 days 00:00:27.459000,27.459,1778.082,0.0
2024-03-01 16:16:13.855,0 days 00:29:38.182000,6500.0,5644.0,-12.0,OnTrack,217.0,11808.0,100.0,0,8,5,1666.4799999999993,0.30907120499960095,,0.44777777777721894,interpolation,0 days 00:00:27.559000,27.559,1778.182,0.0
2024-03-01 16:16:13.955,0 days 00:29:38.282000,6425.0,5583.0,-13.0,OnTrack,220.6666729244391,11497.666137031563,100.0,0,8,5,1673.5102494686791,0.31037505963615986,,0.44777777777721894,interpolation,0 days 00:00:27.659000,27.659,1778.282,0.0
2024-03-01 16:16:14.055,0 days 00:29:38.382000,6367.211061426683,5534.542990227827,-13.777764916519995,OnTrack,224.3333270755609,11187.333862968437,100.0,0,8,5,1680.219101949477,0.3116193068640923,,0.44777777777721894,interpolation,0 days 00:00:27.759000,27.759,1778.382,0.0
2024-03-01 16:16:14.155,0 days 00:29:38.482000,6328.653957247362,5499.938422485184,-14.304158074561489,OnTrack,228.0,10877.0,100.0,0,8,5,1686.6833333333327,0.3128181858084567,,0.44777777777721894,interpolation,0 days 00:00:27.859000,27.859,1778.482,0.0
2024-03-01 16:16:14.255,0 days 00:29:38.582000,6285.0,5457.0,-15.0,OnTrack,230.4999936,10877.99999744,100.0,0,8,5,1692.9156618496115,0.3139740552365205,,0.44777777777721894,interpolation,0 days 00:00:27.959000,27.959,1778.582,0.0
2024-03-01 16:16:14.355,0 days 00:29:38.682000,6232.1944292013695,5402.03002557587,-15.93542708804855,OnTrack,233.0,10879.0,100.0,0,8,5,1699.627777777777,0.3152189077148071,,0.44777777777721894,interpolation,0 days 00:00:28.059000,28.059,1778.682,0.0
2024-03-01 16:16:14.455,0 days 00:29:38.782000,6173.556294972374,5338.806772881712,-17.052102120945992,OnTrack,235.4999936,10890.99996928,100.0,0,8,5,1707.5312388461798,0.3166847112264477,,0.44777777777721894,interpolation,0 days 00:00:28.159000,28.159,1778.782,0.0
2024-03-01 16:16:14.555,0 days 00:29:38.882000,6129.0,5290.0,-18.0,OnTrack,238.0,10903.0,100.0,0,8,6,1715.4944444444438,0.318161595167398,,0.44777777777721894,interpolation,0 days 00:00:28.259000,28.259,1778.882,0.0
2024-03-01 16:16:14.655,0 days 00:29:38.982000,6101.8446283923995,5259.388019289374,-18.72078291007325,OnTrack,239.99999488,11031.99966976,100.0,0,8,6,1722.3856314875427,0.31943965880049785,,0.44777777777721894,interpolation,0 days 00:00:28.359000,28.359,1778.982,0.0
2024-03-01 16:16:14.755,0 days 00:29:39.082000,6088.1194271215,5242.3320999850885,-19.272117289857906,OnTrack,242.0,11161.0,100.0,0,8,6,1728.9388888888882,0.320655048821204,,0.44777777777721894,interpolation,0 days 00:00:28.459000,28.459,1779.082,0.0
2024-03-01 16:16:14.855,0 days 00:29:39.182000,6064.0,5211.0,-20.0,OnTrack,243.49999616,11216.49985792,100.0,0,8,6,1735.8881678907633,0.32194388639200466,,0.44777777777721894,pos,0 days 00:00:28.559000,28.559,1779.182,0.0
2024-03-01 16:16:14.955,0 days 00:29:39.282000,6025.515634660128,5160.753036069722,-20.96209688869038,OnTrack,245.0,11272.0,100.0,0,8,6,1742.5499999999993,0.3231794130574952,,0.44777777777721894,interpolation,0 days 00:00:28.659000,28.659,1779.282,0.0
2024-03-01 16:16:15.055,0 days 00:29:39.382000,5982.0,5103.0,-22.0,OnTrack,246.6666638222198,11347.333204764334,100.0,0,8,6,1748.24077734565,0.324234844512781,,0.44777777777721894,interpolation,0 days 00:00:28.759000,28.759,1779.382,0.0
2024-03-01 16:16:15.155,0 days 00:29:39.482000,5942.786764917731,5049.149683596579,-22.955301377999813,OnTrack,248.3333361777802,11422.666795235666,100.0,0,8,6,1753.2391570399564,0.32516186147978016,,0.44777777777721894,interpolation,0 days 00:00:28.859000,28.859,1779.482,0.0
2024-03-01 16:16:15.255,0 days 00:29:39.582000,5898.0,4983.0,-24.0,OnTrack,250.0,11498.0,100.0,0,8,6,1759.2166666666658,0.326270471306015,,0.44777777777721894,interpolation,0 days 00:00:28.959000,28.959,1779.582,0.0
2024-03-01 16:16:15.355,0 days 00:29:39.682000,5837.763775833491,4888.348862350803,-25.306094843310735,OnTrack,251.00000170666522,11567.000117759899,100.0,0,8,6,1766.451966274171,0.3276123552579524,,0.44777777777721894,interpolation,0 days 00:00:29.059000,29.059,1779.682,0.0
2024-03-01 16:16:15.455,0 days 00:29:39.782000,5766.751082050551,4773.135996337458,-26.7955335972555,OnTrack,251.99999829333478,11635.999882240101,100.0,0,8,6,1774.6127346439123,0.32912587988096537,,0.44777777777721894,interpolation,0 days 00:00:29.159000,29.159,1779.782,0.0
2024-03-01 16:16:15.555,0 days 00:29:39.882000,5713.0,4685.0,-28.0,OnTrack,253.0,11705.0,100.0,0,8,6,1781.7055555555546,0.33044133923601776,,0.44777777777721894,interpolation,0 days 00:00:29.259000,29.259,1779.882,0.0
2024-03-01 16:16:15.655,0 days 00:29:39.982000,5681.183567165843,4631.880680330112,-28.841440941607964,OnTrack,252.00000256,11612.5002368,99.00000256,0,8,6,1787.398109249518,0.33149710013906986,,0.44777777777721894,interpolation,0 days 00:00:29.359000,29.359,1779.982,0.0
2024-03-01 16:16:15.755,0 days 00:29:40.082000,5671.301783548079,4613.778037327791,-29.319856422079383,OnTrack,251.0,11520.0,98.0,0,8,6,1792.8611111111102,0.33251028755702705,,0.44777777777721894,interpolation,0 days 00:00:29.459000,29.459,1780.082,0.0
2024-03-01 16:16:15.855,0 days 00:29:40.182000,5663.769108156275,4602.536375661575,-29.638343691511118,OnTrack,247.00001024,11124.00101376,49.000125440000005,0,8,6,1799.265162292722,0.3336980052707589,,0.44777777777721894,interpolation,0 days 00:00:29.559000,29.559,1780.182,0.0
2024-03-01 16:16:15.955,0 days 00:29:40.282000,5639.0,4570.0,-30.0,OnTrack,243.0,10728.0,0.0,1,8,6,1806.3611111111102,0.33501404473832813,,0.44777777777721894,interpolation,0 days 00:00:29.659000,29.659,1780.282,0.0
2024-03-01 16:16:16.055,0 days 00:29:40.382000,5596.994459079253,4516.168910343066,-30.404825347546044,OnTrack,236.750016,10495.5005952,0.0,1,8,6,1813.8996676430465,0.3364121717793266,,0.44777777777721894,interpolation,0 days 00:00:29.759000,29.759,1780.382,0.0
2024-03-01 16:16:16.155,0 days 00:29:40.482000,5550.0,4459.0,-31.0,OnTrack,230.5,10263.0,0.0,1,8,6,1821.8809090835466,0.3378924007106118,,0.44777777777721894,interpolation,0 days 00:00:29.859000,29.859,1780.482,0.0
2024-03-01 16:16:16.255,0 days 00:29:40.582000,5510.264137368213,4416.450162280031,-31.932704223212653,OnTrack,224.25001600000002,10030.5005952,0.0,1,8,6,1829.3688809991581,0.33928114615187793,,0.44777777777721894,interpolation,0 days 00:00:29.959000,29.959,1780.582,0.0
2024-03-01 16:16:16.355,0 days 00:29:40.682000,5471.0,4380.0,-33.0,OnTrack,218.0,9798.0,0.0,1,8,6,1835.4277777777768,0.34040485032374673,,0.44777777777721894,interpolation,0 days 00:00:30.059000,30.059,1780.682,0.0
2024-03-01 16:16:16.455,0 days 00:29:40.782000,5425.420716711467,4341.130115976751,-33.99894931317805,OnTrack,216.50000384,9835.99990272,1.4999961599999998,1,8,6,1840.0575373764582,0.3412635017195168,,0.44777777777721894,interpolation,0 days 00:00:30.159000,30.159,1780.782,0.0
2024-03-01 16:16:16.555,0 days 00:29:40.882000,5367.0,4300.0,-35.0,OnTrack,215.0,9874.0,3.0,0,8,6,1844.9833333333324,0.34217705705289814,,0.44777777777721894,interpolation,0 days 00:00:30.259000,30.259,1780.882,0.0
2024-03-01 16:16:16.655,0 days 00:29:40.982000,5296.0,4259.0,-36.0,OnTrack,214.00000256,9727.50037504,12.49997568,0,8,6,1851.9302413376136,0.34346545489019864,,0.44777777777721894,interpolation,0 days 00:00:30.359000,30.359,1780.982,0.0
2024-03-01 16:16:16.755,0 days 00:29:41.082000,5253.15155107509,4231.515333352158,-36.55734766586734,OnTrack,213.0,9581.0,22.0,0,8,6,1859.1833333333325,0.34481063868063705,,0.44777777777721894,interpolation,0 days 00:00:30.459000,30.459,1781.082,0.0
2024-03-01 16:16:16.855,0 days 00:29:41.182000,5245.2431603762425,4219.776881041116,-36.59844234621619,OnTrack,210.75000576,9557.50006016,32.49997312,0,8,6,1865.0275358565489,0.34589452490556155,,0.44777777777721894,interpolation,0 days 00:00:30.559000,30.559,1781.182,0.0
2024-03-01 16:16:16.955,0 days 00:29:41.282000,5219.713189489274,4213.149988209515,-37.09031585345694,OnTrack,208.5,9534.0,43.0,0,8,6,1869.4629087520389,0.3467171246639935,,0.44777777777721894,interpolation,0 days 00:00:30.659000,30.659,1781.282,0.0
2024-03-01 16:16:17.055,0 days 00:29:41.382000,5124.0,4201.0,-39.0,OnTrack,206.25000576,9510.50006016,53.49997312,0,8,6,1873.8584678261755,0.3475323404119715,,0.44777777777721894,interpolation,0 days 00:00:30.759000,30.759,1781.382,0.0
2024-03-01 16:16:17.155,0 days 00:29:41.482000,4974.0,4185.0,-42.0,OnTrack,204.0,9487.0,64.0,0,8,6,1879.5833333333323,0.3485940939768253,,0.44777777777721894,interpolation,0 days 00:00:30.859000,30.859,1781.482,0.0
2024-03-01 16:16:17.255,0 days 00:29:41.582000,4865.091149702766,4175.188438337135,-44.12535719899038,OnTrack,204.99999744,9561.999808,76.99996672,0,8,6,1886.6374466510367,0.34990237448622635,,0.44777777777721894,interpolation,0 days 00:00:30.959000,30.959,1781.582,0.0
2024-03-01 16:16:17.355,0 days 00:29:41.682000,4813.169694421495,4173.238381466546,-45.04858016465523,OnTrack,206.0,9637.0,90.0,0,8,6,1893.3166666666657,0.35114112597360564,,0.44777777777721894,interpolation,0 days 00:00:31.059000,31.059,1781.682,0.0
2024-03-01 16:16:17.455,0 days 00:29:41.782000,4808.702485257165,4178.007544482713,-44.985450266683024,OnTrack,207.99999488,9706.49982208,94.99998719999999,0,8,6,1897.9167116382857,0.35199426639079096,,0.44777777777721894,interpolation,0 days 00:00:31.159000,31.159,1781.782,0.0
2024-03-01 16:16:17.555,0 days 00:29:41.882000,4794.49033595632,4182.642182861389,-45.23066235203094,OnTrack,210.0,9776.0,100.0,0,8,6,1902.649999999999,0.3528721185927768,,0.44777777777721894,interpolation,0 days 00:00:31.259000,31.259,1781.882,0.0
2024-03-01 16:16:17.655,0 days 00:29:41.982000,4761.0,4186.0,-46.0,OnTrack,211.99999488,9844.99982336,100.0,0,8,6,1909.728854612544,0.3541849877091876,,0.44777777777721894,interpolation,0 days 00:00:31.359000,31.359,1781.982,0.0
2024-03-01 16:16:17.755,0 days 00:29:42.082000,4708.231477388202,4188.080995898543,-47.293463210590204,OnTrack,214.0,9914.0,100.0,0,8,6,1916.9166666666658,0.3555180644535098,,0.44777777777721894,interpolation,0 days 00:00:31.459000,31.459,1782.082,0.0
2024-03-01 16:16:17.855,0 days 00:29:42.182000,4642.0,4189.0,-49.0,OnTrack,216.4999936,10050.99964928,100.0,0,8,6,1921.9766812624734,0.35645651244474996,,0.44777777777721894,interpolation,0 days 00:00:31.559000,31.559,1782.182,0.0
2024-03-01 16:16:17.955,0 days 00:29:42.282000,4568.120799714467,4188.871841747352,-51.00855838442782,OnTrack,219.0,10188.0,100.0,0,8,6,1926.6499999999992,0.3573232424706454,,0.44777777777721894,interpolation,0 days 00:00:31.659000,31.659,1782.282,0.0
2024-03-01 16:16:18.055,0 days 00:29:42.382000,4498.0,4187.0,-53.0,OnTrack,220.6666638222198,10231.999924906602,91.66668088890103,0,8,6,1932.6776248099113,0.35844114683390504,,0.44777777777721894,interpolation,0 days 00:00:31.759000,31.759,1782.382,0.0
2024-03-01 16:16:18.155,0 days 00:29:42.482000,4443.043724325,4182.6879536173465,-54.65518648284285,OnTrack,222.3333361777802,10276.000075093398,83.33331911109897,0,8,6,1939.8182192238419,0.3597654664296559,,0.44777777777721894,interpolation,0 days 00:00:31.859000,31.859,1782.482,0.0
2024-03-01 16:16:18.255,0 days 00:29:42.582000,4399.0,4178.0,-56.0,OnTrack,224.0,10320.0,75.0,0,8,6,1946.6233333333325,0.36102756667567154,,0.44777777777721894,interpolation,0 days 00:00:31.959000,31.959,1782.582,0.0
2024-03-01 16:16:18.355,0 days 00:29:42.682000,4361.616854335536,4175.00043654857,-57.060322718515096,OnTrack,225.00000256,10370.75012992,77.5000064,0,8,6,1952.8516386315168,0.3621826899436466,,0.44777777777721894,interpolation,0 days 00:00:32.059000,32.059,1782.682,0.0
2024-03-01 16:16:18.455,0 days 00:29:42.782000,4303.0,4163.0,-59.0,OnTrack,226.0,10421.5,80.0,0,8,6,1958.5030713407102,0.3632308244051491,,0.44777777777721894,pos,0 days 00:00:32.159000,32.159,1782.782,0.0
2024-03-01 16:16:18.555,0 days 00:29:42.882000,4195.255149661788,4131.309427091233,-62.982877206066576,OnTrack,227.00000256,10472.25012992,82.5000064,0,8,6,1963.9146642302135,0.36423447733547293,,0.44777777777721894,interpolation,0 days 00:00:32.259000,32.259,1782.882,0.0
2024-03-01 16:16:18.655,0 days 00:29:42.982000,4088.0,4097.0,-67.0,OnTrack,228.0,10523.0,85.0,0,8,6,1969.4233333333325,0.3652561343596467,,0.44777777777721894,interpolation,0 days 00:00:32.359000,32.359,1782.982,0.0
2024-03-01 16:16:18.755,0 days 00:29:43.082000,4030.852247693736,4077.143000904034,-69.04241404508544,OnTrack,229.6666695111087,10595.66679068434,90.00000853332605,0,8,6,1975.0291350589832,0.3662958059394651,,0.44777777777721894,interpolation,0 days 00:00:32.459000,32.459,1783.082,0.0
2024-03-01 16:16:18.855,0 days 00:29:43.182000,4014.492042871772,4068.095521493625,-69.53199391368474,OnTrack,231.3333304888913,10668.33320931566,94.99999146667395,0,8,6,1980.844626011772,0.36737436721619365,,0.44777777777721894,interpolation,0 days 00:00:32.559000,32.559,1783.182,0.0
2024-03-01 16:16:18.955,0 days 00:29:43.282000,3983.0,4048.0,-71.0,OnTrack,233.0,10741.0,100.0,0,8,6,1987.5455555555548,0.3686171450285373,,0.44777777777721894,interpolation,0 days 00:00:32.659000,32.659,1783.282,0.0
2024-03-01 16:16:19.055,0 days 00:29:43.382000,3927.0561737714456,4013.213490809877,-73.86831119641084,OnTrack,233.49999872,10818.99980032,100.0,0,8,6,1995.2444690808584,0.37004501243795906,,0.44777777777721894,interpolation,0 days 00:00:32.759000,32.759,1783.382,0.0
2024-03-01 16:16:19.155,0 days 00:29:43.482000,3854.014681372078,3968.1173967294903,-77.71405395734499,OnTrack,234.0,10897.0,100.0,0,8,6,2003.1455555555544,0.3715103755491518,,0.44777777777721894,interpolation,0 days 00:00:32.859000,32.859,1783.482,0.0
2024-03-01 16:16:19.255,0 days 00:29:43.582000,3808.0,3939.0,-80.0,OnTrack,235.99999488,10925.24992768,100.0,0,8,6,2010.452844203537,0.37286561084013153,,0.44777777777721894,interpolation,0 days 00:00:32.959000,32.959,1783.582,0.0
2024-03-01 16:16:19.355,0 days 00:29:43.682000,3787.0,3923.0,-81.0,OnTrack,238.0,10953.5,100.0,0,8,6,2017.1664098516276,0.37411073218854207,,0.44777777777721894,interpolation,0 days 00:00:33.059000,33.059,1783.682,0.0
2024-03-01 16:16:19.455,0 days 00:29:43.782000,3734.8179398874363,3876.6616678493847,-84.89435190014349,OnTrack,239.99999488,10981.74992768,100.0,0,8,6,2023.5917361561246,0.3753023956609189,,0.44777777777721894,interpolation,0 days 00:00:33.159000,33.159,1783.782,0.0
2024-03-01 16:16:19.555,0 days 00:29:43.882000,3670.0,3816.0,-90.0,OnTrack,242.0,11010.0,100.0,0,8,6,2030.0344444444431,0.37649728285676376,,0.44777777777721894,interpolation,0 days 00:00:33.259000,33.259,1783.882,0.0
2024-03-01 16:16:19.655,0 days 00:29:43.982000,3620.458436301684,3764.2725773015536,-93.93717584252087,OnTrack,243.99999658666374,11121.333143324282,100.0,0,8,6,2036.49446874342,0.3776953815404632,,0.44777777777721894,interpolation,0 days 00:00:33.359000,33.359,1783.982,0.0
2024-03-01 16:16:19.755,0 days 00:29:44.082000,3583.9483036328334,3719.6326748553033,-96.8940899861786,OnTrack,246.00000341333626,11232.666856675718,100.0,0,8,6,2042.9559568547602,0.3788937517079195,,0.44777777777721894,interpolation,0 days 00:00:33.459000,33.459,1784.082,0.0
2024-03-01 16:16:19.855,0 days 00:29:44.182000,3547.0,3671.0,-100.0,OnTrack,248.0,11344.0,100.0,0,8,6,2049.323333333332,0.38007466760305075,,0.44777777777721894,interpolation,0 days 00:00:33.559000,33.559,1784.182,0.0
2024-03-01 16:16:19.955,0 days 00:29:44.282000,3507.36860323165,3616.52784674727,-103.44311451519138,OnTrack,248.66666780444348,11430.000146773207,100.0,0,8,6,2055.5807450321245,0.38123518904580694,,0.44777777777721894,interpolation,0 days 00:00:33.659000,33.659,1784.282,0.0
2024-03-01 16:16:20.055,0 days 00:29:44.382000,3466.0,3557.0,-107.0,OnTrack,249.33333219555652,11515.999853226793,100.0,0,8,6,2061.839486333555,0.38239595708131524,,0.44777777777721894,interpolation,0 days 00:00:33.759000,33.759,1784.382,0.0
2024-03-01 16:16:20.155,0 days 00:29:44.482000,3423.840076977268,3493.2002446610795,-110.4472229226731,OnTrack,250.0,11602.0,100.0,0,8,6,2068.7677777777762,0.38368090222632384,,0.44777777777721894,interpolation,0 days 00:00:33.859000,33.859,1784.482,0.0
2024-03-01 16:16:20.255,0 days 00:29:44.582000,3381.7614676783487,3426.8191296036052,-113.78337427895204,OnTrack,252.33332935110772,11661.999897599913,100.0,0,8,6,2076.476906877415,0.3851106642518643,,0.44777777777721894,interpolation,0 days 00:00:33.959000,33.959,1784.582,0.0
2024-03-01 16:16:20.355,0 days 00:29:44.682000,3345.0,3368.0,-117.0,OnTrack,254.66667064889228,11722.000102400087,100.0,0,8,6,2084.675216615031,0.3866311514281672,,0.44777777777721894,interpolation,0 days 00:00:34.059000,34.059,1784.682,0.0
2024-03-01 16:16:20.455,0 days 00:29:44.782000,3314.428316392932,3318.433422034673,-120.0956910671301,OnTrack,257.0,11782.0,100.0,0,8,6,2091.6122222222207,0.3879177127322951,,0.44777777777721894,interpolation,0 days 00:00:34.159000,34.159,1784.782,0.0
2024-03-01 16:16:20.555,0 days 00:29:44.882000,3286.0,3271.0,-123.0,OnTrack,257.50000128,11737.99988736,100.0,0,8,6,2096.996258774995,0.38891625496810217,,0.44777777777721894,pos,0 days 00:00:34.259000,34.259,1784.882,0.0
2024-03-01 16:16:20.655,0 days 00:29:44.982000,3255.668633964062,3218.5803381883597,-125.64247931826743,OnTrack,258.0,11694.0,100.0,0,8,6,2103.078888888888,0.39004436080727684,,0.44777777777721894,interpolation,0 days 00:00:34.359000,34.359,1784.982,0.0
2024-03-01 16:16:20.755,0 days 00:29:45.082000,3214.0,3147.0,-129.0,OnTrack,244.49996544,11350.99912192,49.999872,1,8,6,2112.111792598141,0.39171963469839116,,0.44777777777721894,interpolation,0 days 00:00:34.459000,34.459,1785.082,0.0
2024-03-01 16:16:20.855,0 days 00:29:45.182000,3151.5598798226947,3042.0845488351697,-134.04943302326535,OnTrack,231.0,11008.0,0.0,1,8,6,2120.9813888888875,0.39336462102492437,,0.44777777777721894,interpolation,0 days 00:00:34.559000,34.559,1785.182,0.0
2024-03-01 16:16:20.955,0 days 00:29:45.282000,3087.0,2936.0,-139.0,OnTrack,219.66664732446094,10447.999044267483,0.0,1,8,6,2126.5742800687945,0.3944018981698078,,0.44777777777721894,interpolation,0 days 00:00:34.659000,34.659,1785.282,0.0
2024-03-01 16:16:21.055,0 days 00:29:45.382000,3038.9720870997726,2860.912368800623,-142.06092254214056,OnTrack,208.33335267553906,9888.000955732517,0.0,1,8,6,2129.577617866779,0.39495890769422093,,0.44777777777721894,interpolation,0 days 00:00:34.759000,34.759,1785.382,0.0
2024-03-01 16:16:21.155,0 days 00:29:45.482000,3007.4761411220106,2816.8216552370377,-143.23220064968703,OnTrack,197.0,9328.0,0.0,1,8,6,2134.114722222221,0.39580037492475806,,0.44777777777721894,interpolation,0 days 00:00:34.859000,34.859,1785.482,0.0
2024-03-01 16:16:21.255,0 days 00:29:45.582000,2986.242124583244,2790.570114054934,-143.53737843239,OnTrack,186.50002688,9232.00024576,0.0,1,8,6,2140.8727556752697,0.3970537434276872,,0.44777777777721894,interpolation,0 days 00:00:34.959000,34.959,1785.582,0.0
2024-03-01 16:16:21.355,0 days 00:29:45.682000,2969.0,2769.0,-144.0,OnTrack,176.0,9136.0,0.0,1,8,6,2147.80361111111,0.39833916409954234,,0.44777777777721894,interpolation,0 days 00:00:35.059000,35.059,1785.682,0.0
2024-03-01 16:16:21.455,0 days 00:29:45.782000,2955.74976737228,2752.1113130722356,-144.6200653525171,OnTrack,167.50002176,9147.99996928,0.0,1,8,6,2152.8590412407525,0.3992767618396652,,0.44777777777721894,interpolation,0 days 00:00:35.159000,35.159,1785.782,0.0
2024-03-01 16:16:21.555,0 days 00:29:45.882000,2945.244202666973,2738.41757924247,-145.36062687357466,OnTrack,159.0,9160.0,0.0,1,8,6,2156.636944444443,0.3999774249712578,,0.44777777777721894,interpolation,0 days 00:00:35.259000,35.259,1785.882,0.0
2024-03-01 16:16:21.655,0 days 00:29:45.982000,2930.0,2719.0,-146.0,OnTrack,152.25001728,9341.49953536,0.0,1,8,6,2159.735128649063,0.40055202504172527,,0.44777777777721894,interpolation,0 days 00:00:35.359000,35.359,1785.982,0.0
2024-03-01 16:16:21.755,0 days 00:29:46.082000,2908.7699481097607,2692.3721165370716,-146.50123749376826,OnTrack,145.5,9523.0,0.0,1,8,6,2162.153625580103,0.401000567934988,,0.44777777777721894,interpolation,0 days 00:00:35.459000,35.459,1786.082,0.0
2024-03-01 16:16:21.855,0 days 00:29:46.182000,2884.0,2662.0,-147.0,OnTrack,138.75001728,9704.49953536,0.0,1,8,6,2164.7471002579814,0.40148156281271097,,0.44777777777721894,interpolation,0 days 00:00:35.559000,35.559,1786.182,0.0
2024-03-01 16:16:21.955,0 days 00:29:46.282000,2858.1361086744646,2631.3497215351026,-147.63194816381596,OnTrack,132.0,9886.0,0.0,1,8,6,2168.370277777776,0.40215352997821574,,0.44777777777721894,interpolation,0 days 00:00:35.659000,35.659,1786.282,0.0
2024-03-01 16:16:22.055,0 days 00:29:46.382000,2831.60866195564,2601.0640924124823,-148.36425971233865,OnTrack,125.50001664,9301.50149632,0.0,1,8,6,2173.023121038245,0.40301646255057627,,0.44777777777721894,interpolation,0 days 00:00:35.759000,35.759,1786.382,0.0
2024-03-01 16:16:22.155,0 days 00:29:46.482000,2807.0,2575.0,-149.0,OnTrack,119.0,8717.0,0.0,1,8,4,2177.6258333333317,0.40387009765889376,,0.44777777777721894,interpolation,0 days 00:00:35.859000,35.859,1786.482,0.0
2024-03-01 16:16:22.255,0 days 00:29:46.582000,2784.740515037226,2553.8002621501805,-149.5063464178208,OnTrack,115.50000896,8356.50092288,0.0,1,8,4,2181.098523180111,0.40451415485462,,0.44777777777721894,interpolation,0 days 00:00:35.959000,35.959,1786.582,0.0
2024-03-01 16:16:22.355,0 days 00:29:46.682000,2764.0,2536.0,-150.0,OnTrack,112.0,7996.0,0.0,1,8,3,2183.848055555554,0.4050240927383411,,0.44777777777721894,interpolation,0 days 00:00:36.059000,36.059,1786.682,0.0
2024-03-01 16:16:22.455,0 days 00:29:46.782000,2743.9482478210093,2520.1343346864355,-150.59766178073681,OnTrack,108.66667235556041,7776.667040995875,0.0,1,8,3,2186.2812317210555,0.4054753580937298,,0.44777777777721894,interpolation,0 days 00:00:36.159000,36.159,1786.782,0.0
2024-03-01 16:16:22.555,0 days 00:29:46.882000,2716.0,2503.0,-151.0,OnTrack,105.33332764443959,7557.332959004125,0.0,1,8,3,2188.4480199402838,0.4058772182096002,,0.44777777777721894,interpolation,0 days 00:00:36.259000,36.259,1786.882,0.0
2024-03-01 16:16:22.655,0 days 00:29:46.982000,2675.0,2483.0,-151.0,OnTrack,102.0,7338.0,0.0,1,8,3,2190.6480555555536,0.4062852445037372,,0.44777777777721894,interpolation,0 days 00:00:36.359000,36.359,1786.982,0.0
2024-03-01 16:16:22.755,0 days 00:29:47.082000,2641.528364970717,2469.7720056439894,-151.15156723017714,OnTrack,99.3333287822261,7233.666488604596,0.0,1,8,3,2192.9313044431638,0.4067087038221855,,0.44777777777721894,interpolation,0 days 00:00:36.459000,36.459,1787.082,0.0
2024-03-01 16:16:22.855,0 days 00:29:47.182000,2617.852880289959,2463.9833186302226,-151.5263134172512,OnTrack,96.6666712177739,7129.333511395404,0.0,1,8,3,2195.321273122084,0.4071519557661063,,0.44777777777721894,interpolation,0 days 00:00:36.559000,36.559,1787.182,0.0
2024-03-01 16:16:22.955,0 days 00:29:47.282000,2597.0,2460.0,-152.0,OnTrack,94.0,7025.0,0.0,1,8,3,2197.9591666666647,0.4076411887220879,,0.44777777777721894,interpolation,0 days 00:00:36.659000,36.659,1787.282,0.0
2024-03-01 16:16:23.055,0 days 00:29:47.382000,2577.8074604904486,2456.883055119237,-152.55192044553607,OnTrack,92.25000448,6886.75035392,0.0,1,8,3,2200.868487964323,0.4081807616177711,,0.44777777777721894,interpolation,0 days 00:00:36.759000,36.759,1787.382,0.0
2024-03-01 16:16:23.155,0 days 00:29:47.482000,2557.0,2456.0,-153.0,OnTrack,90.5,6748.5,0.0,1,8,3,2204.0492668065854,0.4087706799783968,,0.44777777777721894,interpolation,0 days 00:00:36.859000,36.859,1787.482,0.0
2024-03-01 16:16:23.255,0 days 00:29:47.582000,2531.302356767347,2458.718350654358,-153.16216390953252,OnTrack,88.75000448,6610.25035392,0.0,1,8,3,2207.0849807308864,0.4093336940923482,,0.44777777777721894,interpolation,0 days 00:00:36.959000,36.959,1787.582,0.0
2024-03-01 16:16:23.355,0 days 00:29:47.682000,2502.354922827741,2464.264852300293,-153.0796628934019,OnTrack,87.0,6472.0,0.0,1,8,3,2209.5591666666646,0.4097925652630577,,0.44777777777721894,interpolation,0 days 00:00:37.059000,37.059,1787.682,0.0
2024-03-01 16:16:23.455,0 days 00:29:47.782000,2480.0,2468.0,-153.0,OnTrack,85.00000341333624,6331.000240640205,0.0,1,8,3,2211.4717992783208,0.4101472887916966,,0.44777777777721894,interpolation,0 days 00:00:37.159000,37.159,1787.782,0.0
2024-03-01 16:16:23.555,0 days 00:29:47.882000,2465.8779635218452,2469.150546889549,-152.96442552618993,OnTrack,82.99999658666376,6189.999759359795,0.0,1,8,3,2212.972534419041,0.4104256203758306,,0.44777777777721894,interpolation,0 days 00:00:37.259000,37.259,1787.882,0.0
2024-03-01 16:16:23.655,0 days 00:29:47.982000,2459.9888133932764,2467.7164929689397,-152.9729394719717,OnTrack,81.0,6049.0,0.0,1,8,3,2214.9591666666647,0.4107940681355781,,0.44777777777721894,interpolation,0 days 00:00:37.359000,37.359,1787.982,0.0
2024-03-01 16:16:23.755,0 days 00:29:48.082000,2449.855256568069,2477.1741925638603,-152.99498368176762,OnTrack,80.49999872,5969.49979648,0.0,1,8,3,2217.581352632133,0.4112803879090409,,0.44777777777721894,interpolation,0 days 00:00:37.459000,37.459,1788.082,0.0
2024-03-01 16:16:23.855,0 days 00:29:48.182000,2423.0,2511.0,-153.0,OnTrack,80.0,5890.0,0.0,1,8,3,2220.292499999998,0.4117832067751045,,0.44777777777721894,interpolation,0 days 00:00:37.559000,37.559,1788.182,0.0
2024-03-01 16:16:23.955,0 days 00:29:48.282000,2384.0,2563.0,-153.0,OnTrack,79.24999808,5932.5001088,5.500014080000001,1,8,3,2222.5460710681377,0.41220116194143236,,0.44777777777721894,interpolation,0 days 00:00:37.659000,37.659,1788.282,0.0
2024-03-01 16:16:24.055,0 days 00:29:48.382000,2360.316853830032,2596.010891176137,-153.0670527527598,OnTrack,78.5,5975.0,11.0,1,8,3,2224.342042760042,0.41253424912817455,,0.44777777777721894,interpolation,0 days 00:00:37.759000,37.759,1788.382,0.0
2024-03-01 16:16:24.155,0 days 00:29:48.482000,2356.5274709332343,2603.8388216764215,-153.2131697086126,OnTrack,77.74999808,6017.5001088,16.50001408,0,8,3,2226.0382529279236,0.41284883419401386,,0.44777777777721894,interpolation,0 days 00:00:37.859000,37.859,1788.482,0.0
2024-03-01 16:16:24.255,0 days 00:29:48.582000,2359.7243525698186,2603.747341338494,-153.2527018101591,OnTrack,77.0,6060.0,22.0,0,8,3,2227.992499999998,0.41321127568592064,,0.44777777777721894,interpolation,0 days 00:00:37.959000,37.959,1788.582,0.0
2024-03-01 16:16:24.355,0 days 00:29:48.682000,2357.0,2613.0,-153.0,OnTrack,78.00000256,6154.50024192,24.5000064,0,8,3,2230.204803987803,0.41362157731530497,,0.44777777777721894,interpolation,0 days 00:00:38.059000,38.059,1788.682,0.0
2024-03-01 16:16:24.455,0 days 00:29:48.782000,2348.354413223777,2631.5967976609377,-152.4550642781352,OnTrack,79.0,6249.0,27.0,0,8,3,2232.381388888887,0.4140252543580309,,0.44777777777721894,interpolation,0 days 00:00:38.159000,38.159,1788.782,0.0
2024-03-01 16:16:24.555,0 days 00:29:48.882000,2338.0,2653.0,-152.0,OnTrack,80.50000384,6368.50030592,32.75001472,0,8,3,2234.228523643014,0.41436783042510317,,0.44777777777721894,interpolation,0 days 00:00:38.259000,38.259,1788.882,0.0
2024-03-01 16:16:24.655,0 days 00:29:48.982000,2330.149168087519,2670.6718726958798,-152.01691252102955,OnTrack,82.0,6488.0,38.5,0,8,3,2235.746189335571,0.41464930200855166,,0.44777777777721894,interpolation,0 days 00:00:38.359000,38.359,1788.982,0.0
2024-03-01 16:16:24.755,0 days 00:29:49.082000,2324.1398876492294,2686.7433531156967,-152.342838178245,OnTrack,83.50000384,6607.50030592,44.250014719999996,0,8,3,2237.71236849279,0.41501395646667094,,0.44777777777721894,interpolation,0 days 00:00:38.459000,38.459,1789.082,0.0
2024-03-01 16:16:24.855,0 days 00:29:49.182000,2316.0,2714.0,-152.0,OnTrack,85.0,6727.0,50.0,0,8,3,2240.9049999999984,0.41560607306396147,,0.44777777777721894,interpolation,0 days 00:00:38.559000,38.559,1789.182,0.0
2024-03-01 16:16:24.955,0 days 00:29:49.282000,2306.0,2751.0,-151.0,OnTrack,90.0,7036.0,50.0,0,8,3,2244.9049999999984,0.41634792704360624,,0.44777777777721894,interpolation,0 days 00:00:38.659000,38.659,1789.282,0.0
2024-03-01 16:16:25.055,0 days 00:29:49.382000,2299.7349665111024,2776.307089498209,-150.390216863326,OnTrack,92.4999936,7257.49943296,53.99998976,0,8,3,2247.1976496925845,0.41677312986820036,,0.44777777777721894,interpolation,0 days 00:00:38.759000,38.759,1789.382,0.0
2024-03-01 16:16:25.155,0 days 00:29:49.482000,2297.4477028622896,2790.3347608948416,-150.24910272220728,OnTrack,95.0,7479.0,58.0,0,8,3,2249.1272222222206,0.41713099513323126,,0.44777777777721894,interpolation,0 days 00:00:38.859000,38.859,1789.482,0.0
2024-03-01 16:16:25.255,0 days 00:29:49.582000,2295.0,2817.0,-150.0,OnTrack,98.49999104,7787.99920896,59.99999488,0,8,3,2252.4570640475986,0.41774855923566734,,0.44777777777721894,interpolation,0 days 00:00:38.959000,38.959,1789.582,0.0
2024-03-01 16:16:25.355,0 days 00:29:49.682000,2291.7021599465743,2860.2889507062437,-149.54679959267722,OnTrack,102.0,8097.0,62.0,0,8,3,2255.9272222222207,0.41839214689862736,,0.44777777777721894,interpolation,0 days 00:00:39.059000,39.059,1789.682,0.0
2024-03-01 16:16:25.455,0 days 00:29:49.782000,2289.0,2908.0,-149.0,OnTrack,104.66666211555167,8411.99946239954,63.999996586663755,0,8,3,2258.277674167606,0.4188280699310393,,0.44777777777721894,interpolation,0 days 00:00:39.159000,39.159,1789.782,0.0
2024-03-01 16:16:25.555,0 days 00:29:49.882000,2288.3393374582683,2947.931534867699,-148.47009972172958,OnTrack,107.33333788444833,8727.00053760046,66.00000341333624,0,8,3,2259.913006334447,0.4191313643500424,,0.44777777777721894,interpolation,0 days 00:00:39.259000,39.259,1789.882,0.0
2024-03-01 16:16:25.655,0 days 00:29:49.982000,2289.720172321378,2980.08355530934,-147.95709875786596,OnTrack,110.0,9042.0,68.0,0,8,3,2263.260555555554,0.4197522125279761,,0.44777777777721894,interpolation,0 days 00:00:39.359000,39.359,1789.982,0.0
2024-03-01 16:16:25.755,0 days 00:29:50.082000,2291.9909210237993,3006.943798096311,-147.46554841506935,OnTrack,114.0,9780.0,78.0,0,8,3,2268.327222222221,0.42069189423552616,,0.44777777777721894,interpolation,0 days 00:00:39.459000,39.459,1790.082,0.0
2024-03-01 16:16:25.855,0 days 00:29:50.182000,2294.0,3031.0,-147.0,OnTrack,119.6666569955473,10032.332902684077,78.99999829333187,0,8,3,2272.726797195617,0.421507854786216,,0.44777777777721894,interpolation,0 days 00:00:39.559000,39.559,1790.182,0.0
2024-03-01 16:16:25.955,0 days 00:29:50.282000,2295.747409249981,3052.252161020406,-146.5604535126579,OnTrack,125.3333430044527,10284.667097315923,80.00000170666813,0,8,3,2276.243850769145,0.42216013983375233,,0.44777777777721894,interpolation,0 days 00:00:39.659000,39.659,1790.282,0.0
2024-03-01 16:16:26.055,0 days 00:29:50.382000,2297.233148773742,3070.7002811575303,-146.146908953043,OnTrack,131.0,10537.0,81.0,0,8,3,2279.9716666666654,0.42285151359849205,,0.44777777777721894,interpolation,0 days 00:00:39.759000,39.759,1790.382,0.0
2024-03-01 16:16:26.155,0 days 00:29:50.482000,2300.1023139106323,3096.5482607158892,-145.40990991690663,OnTrack,136.50001408,10602.50016768,85.75001216,0,8,3,2284.092504572461,0.42361577859846333,,0.44777777777721894,interpolation,0 days 00:00:39.859000,39.859,1790.482,0.0
2024-03-01 16:16:26.255,0 days 00:29:50.582000,2306.0,3140.0,-144.0,OnTrack,142.0,10668.0,90.5,0,8,3,2288.6063222892585,0.4244529270076128,,0.44777777777721894,interpolation,0 days 00:00:39.959000,39.959,1790.582,0.0
2024-03-01 16:16:26.355,0 days 00:29:50.682000,2314.926207041847,3201.055499009863,-141.9171792023231,OnTrack,147.50001408,10733.50016768,95.25001216,0,8,3,2293.05283395476,0.42527759260125997,,0.44777777777721894,interpolation,0 days 00:00:40.059000,40.059,1790.682,0.0
2024-03-01 16:16:26.455,0 days 00:29:50.782000,2324.0,3261.0,-140.0,OnTrack,153.0,10799.0,100.0,0,8,3,2296.9716666666654,0.4260043930119823,,0.44777777777721894,interpolation,0 days 00:00:40.159000,40.159,1790.782,0.0
2024-03-01 16:16:26.555,0 days 00:29:50.882000,2330.3404438382904,3301.1187452249346,-139.0870148691548,OnTrack,155.5000064,10504.49924608,100.0,0,8,3,2300.3628605539316,0.42663333568223616,,0.44777777777721894,interpolation,0 days 00:00:40.259000,40.259,1790.882,0.0
2024-03-01 16:16:26.655,0 days 00:29:50.982000,2334.634060196128,3325.4251689432976,-138.92559946964843,OnTrack,158.0,10210.0,100.0,0,8,3,2303.993888888888,0.4273067588873587,,0.44777777777721894,interpolation,0 days 00:00:40.359000,40.359,1790.982,0.0
2024-03-01 16:16:26.755,0 days 00:29:51.082000,2341.0,3358.0,-138.0,OnTrack,164.00001023999127,10527.333874915093,100.0,0,8,3,2308.6322968514437,0.4281670142389182,,0.44777777777721894,interpolation,0 days 00:00:40.459000,40.459,1791.082,0.0
2024-03-01 16:16:26.855,0 days 00:29:51.182000,2350.1247919193356,3402.8567137514533,-136.0575895331839,OnTrack,169.99998976000873,10844.666125084907,100.0,0,8,3,2314.1343897420556,0.4291874516157371,,0.44777777777721894,interpolation,0 days 00:00:40.559000,40.559,1791.182,0.0
2024-03-01 16:16:26.955,0 days 00:29:51.282000,2360.0,3450.0,-134.0,OnTrack,176.0,11162.0,100.0,0,8,3,2319.6383333333324,0.43020823222996935,,0.44777777777721894,interpolation,0 days 00:00:40.659000,40.659,1791.282,0.0
2024-03-01 16:16:27.055,0 days 00:29:51.382000,2368.617188287861,3489.4345485479876,-132.7288633312483,OnTrack,179.99998976,11425.49932544,100.0,0,8,3,2325.0004240626704,0.4312027043166633,,0.44777777777721894,interpolation,0 days 00:00:40.759000,40.759,1791.382,0.0
2024-03-01 16:16:27.155,0 days 00:29:51.482000,2376.3010795040595,3522.918428447127,-132.07240687538663,OnTrack,184.0,11689.0,100.0,0,8,4,2329.8605555555546,0.4321040812890615,,0.44777777777721894,interpolation,0 days 00:00:40.859000,40.859,1791.482,0.0
2024-03-01 16:16:27.255,0 days 00:29:51.582000,2385.0,3561.0,-131.0,OnTrack,187.49999104,11696.4999808,100.0,0,8,4,2333.858516761907,0.432845557146911,,0.44777777777721894,interpolation,0 days 00:00:40.959000,40.959,1791.582,0.0
2024-03-01 16:16:27.355,0 days 00:29:51.682000,2395.0386691716794,3605.4373142557833,-129.33987181248918,OnTrack,191.0,11704.0,100.0,0,8,4,2338.3494444444436,0.43367846029030765,,0.44777777777721894,interpolation,0 days 00:00:41.059000,41.059,1791.682,0.0
2024-03-01 16:16:27.455,0 days 00:29:51.782000,2406.4020588990334,3656.4104627246434,-127.1746385307349,OnTrack,193.99999232,11158.50139648,100.0,0,8,4,2344.6883884396457,0.434854102997704,,0.44777777777721894,interpolation,0 days 00:00:41.159000,41.159,1791.782,0.0
2024-03-01 16:16:27.555,0 days 00:29:51.882000,2419.0,3715.0,-125.0,OnTrack,197.0,10613.0,100.0,0,8,4,2351.4280555555547,0.4361040652155586,,0.44777777777721894,interpolation,0 days 00:00:41.259000,41.259,1791.882,0.0
2024-03-01 16:16:27.655,0 days 00:29:51.982000,2432.8174642006265,3781.3860194361678,-122.89857328415971,OnTrack,198.49999616,10762.999616,100.0,0,8,4,2357.1210186752646,0.4371599020521406,,0.44777777777721894,interpolation,0 days 00:00:41.359000,41.359,1791.982,0.0
2024-03-01 16:16:27.755,0 days 00:29:52.082000,2446.0,3845.0,-121.0,OnTrack,200.0,10913.0,100.0,0,8,5,2362.539166666666,0.4381647707145719,,0.44777777777721894,interpolation,0 days 00:00:41.459000,41.459,1792.082,0.0
2024-03-01 16:16:27.855,0 days 00:29:52.182000,2456.693155897208,3895.2734206583546,-119.43392176430699,OnTrack,204.9999872,10988.49980672,100.0,0,8,5,2368.454274619856,0.4392618073083475,,0.44777777777721894,interpolation,0 days 00:00:41.559000,41.559,1792.182,0.0
2024-03-01 16:16:27.955,0 days 00:29:52.282000,2467.0,3943.0,-118.0,OnTrack,210.0,11064.0,100.0,0,8,5,2374.2058333333325,0.44032851148853575,,0.44777777777721894,interpolation,0 days 00:00:41.659000,41.659,1792.282,0.0
2024-03-01 16:16:28.055,0 days 00:29:52.382000,2479.0236004161266,3998.9734566137063,-116.49789612999831,OnTrack,212.66666211555167,11244.99969109307,100.0,0,8,5,2379.1332141389303,0.4412423607535002,,0.44777777777721894,interpolation,0 days 00:00:41.759000,41.759,1792.382,0.0
2024-03-01 16:16:28.155,0 days 00:29:52.482000,2492.0,4058.0,-115.0,OnTrack,215.33333788444833,11426.00030890693,100.0,0,8,5,2383.7526751849036,0.4420991021436926,,0.44777777777721894,interpolation,0 days 00:00:41.859000,41.859,1792.482,0.0
2024-03-01 16:16:28.255,0 days 00:29:52.582000,2505.1652416060347,4114.885839659411,-113.5787014557031,OnTrack,218.0,11607.0,100.0,0,8,5,2391.1613888888883,0.44347314808002997,,0.44777777777721894,interpolation,0 days 00:00:41.959000,41.959,1792.582,0.0
2024-03-01 16:16:28.355,0 days 00:29:52.682000,2518.7346314264073,4171.04926845552,-112.23778971846211,OnTrack,221.0,11749.0,100.0,0,8,5,2400.983611111111,0.44529481174115776,,0.44777777777721894,interpolation,0 days 00:00:42.059000,42.059,1792.682,0.0
2024-03-01 16:16:28.455,0 days 00:29:52.782000,2534.0,4235.0,-111.0,OnTrack,222.99999658666374,11498.667093902586,100.0,0,8,5,2407.867120762212,0.4465714514983059,,0.44777777777721894,interpolation,0 days 00:00:42.159000,42.159,1792.782,0.0
2024-03-01 16:16:28.555,0 days 00:29:52.882000,2551.1766513142657,4308.156312633188,-109.86912148286986,OnTrack,225.00000341333626,11248.332906097414,100.0,0,8,5,2411.583836829416,0.4472607666497221,,0.44777777777721894,interpolation,0 days 00:00:42.259000,42.259,1792.882,0.0
2024-03-01 16:16:28.655,0 days 00:29:52.982000,2569.5686097264966,4387.508696498057,-108.8531432450683,OnTrack,227.0,10998.0,100.0,0,8,5,2416.116944444444,0.4481014926308137,,0.44777777777721894,interpolation,0 days 00:00:42.359000,42.359,1792.982,0.0
2024-03-01 16:16:28.755,0 days 00:29:53.082000,2585.0,4455.0,-108.0,OnTrack,229.33333731555217,10927.999880533434,100.0,0,8,5,2422.1303662232885,0.4492167628502933,,0.44777777777721894,interpolation,0 days 00:00:42.459000,42.459,1793.082,0.0
2024-03-01 16:16:28.855,0 days 00:29:53.182000,2596.7748393652437,4507.620682464453,-107.31768090747022,OnTrack,231.66666268444783,10858.000119466566,100.0,0,8,5,2429.4372529936363,0.45057192360764237,,0.44777777777721894,interpolation,0 days 00:00:42.559000,42.559,1793.182,0.0
2024-03-01 16:16:28.955,0 days 00:29:53.282000,2604.893127822226,4545.370743891415,-106.80618596747887,OnTrack,234.0,10788.0,100.0,0,8,5,2436.916944444444,0.4519591333249665,,0.44777777777721894,interpolation,0 days 00:00:42.659000,42.659,1793.282,0.0
2024-03-01 16:16:29.055,0 days 00:29:53.382000,2612.564852368095,4582.18543337267,-106.3915980437481,OnTrack,235.6666638222198,10865.666534115442,100.0,0,8,5,2444.382576388837,0.4533437355170943,,0.44777777777721894,interpolation,0 days 00:00:42.759000,42.759,1793.382,0.0
2024-03-01 16:16:29.155,0 days 00:29:53.482000,2623.0,4632.0,-106.0,OnTrack,237.3333361777802,10943.333465884558,100.0,0,8,6,2451.710843776179,0.45470286159839435,,0.44777777777721894,interpolation,0 days 00:00:42.859000,42.859,1793.482,0.0
2024-03-01 16:16:29.255,0 days 00:29:53.582000,2636.1985707179397,4694.8144437734045,-105.63139183623457,OnTrack,239.0,11021.0,100.0,0,8,6,2458.1613888888887,0.4558992022390798,,0.44777777777721894,interpolation,0 days 00:00:42.959000,42.959,1793.582,0.0
2024-03-01 16:16:29.355,0 days 00:29:53.682000,2652.0,4774.0,-105.0,OnTrack,240.50000384,11074.50013696,100.0,0,8,6,2463.610896281821,0.45690988692571743,,0.44777777777721894,interpolation,0 days 00:00:43.059000,43.059,1793.682,0.0
2024-03-01 16:16:29.455,0 days 00:29:53.782000,2669.0,4865.0,-104.0,OnTrack,242.0,11128.0,100.0,0,8,6,2468.9169444444447,0.4578939651621247,,0.44777777777721894,interpolation,0 days 00:00:43.159000,43.159,1793.782,0.0
2024-03-01 16:16:29.555,0 days 00:29:53.882000,2679.7361925650157,4920.246776305941,-103.7110917312209,OnTrack,244.33333731555217,11204.666797511,100.0,0,8,6,2474.9372220031314,0.4590105068784942,,0.44777777777721894,interpolation,0 days 00:00:43.259000,43.259,1793.882,0.0
2024-03-01 16:16:29.655,0 days 00:29:53.982000,2689.0,4972.0,-104.0,OnTrack,246.66666268444783,11281.333202489,100.0,0,8,6,2481.578697032184,0.46024225804874763,,0.44777777777721894,interpolation,0 days 00:00:43.359000,43.359,1793.982,0.0
2024-03-01 16:16:29.755,0 days 00:29:54.082000,2702.8265806699674,5060.447327333402,-104.55349870883123,OnTrack,249.0,11358.0,100.0,0,8,6,2488.2836111111114,0.4614857748469048,,0.44777777777721894,interpolation,0 days 00:00:43.459000,43.459,1794.082,0.0
2024-03-01 16:16:29.855,0 days 00:29:54.182000,2716.0,5148.0,-105.0,OnTrack,249.74999808,11418.24984576,100.0,0,8,6,2494.9589253035574,0.46272380194666607,,0.44777777777721894,interpolation,0 days 00:00:43.559000,43.559,1794.182,0.0
2024-03-01 16:16:29.955,0 days 00:29:54.282000,2723.304323415181,5197.069259693644,-104.96791601579173,OnTrack,250.5,11478.5,100.0,0,8,6,2501.6047079649143,0.4639563520254615,,0.44777777777721894,interpolation,0 days 00:00:43.659000,43.659,1794.282,0.0
2024-03-01 16:16:30.055,0 days 00:29:54.382000,2729.0,5244.0,-105.0,OnTrack,251.24999808,11538.74984576,100.0,0,8,6,2508.5899063593724,0.46525185133234576,,0.44777777777721894,interpolation,0 days 00:00:43.759000,43.759,1794.382,0.0
2024-03-01 16:16:30.155,0 days 00:29:54.482000,2737.3474788389462,5325.137114504731,-105.63900519641838,OnTrack,252.0,11599.0,100.0,0,8,6,2516.2836111111114,0.4666787527044181,,0.44777777777721894,interpolation,0 days 00:00:43.859000,43.859,1794.482,0.0
2024-03-01 16:16:30.255,0 days 00:29:54.582000,2747.458113712029,5434.588349307985,-106.80295641531363,OnTrack,253.99999488,11674.99980544,100.0,0,8,6,2524.6857434367976,0.46823704153024626,,0.44777777777721894,interpolation,0 days 00:00:43.959000,43.959,1794.582,0.0
2024-03-01 16:16:30.355,0 days 00:29:54.682000,2754.0,5537.0,-108.0,OnTrack,256.0,11751.0,100.0,0,8,6,2533.350277777778,0.46984399635090246,,0.44777777777721894,interpolation,0 days 00:00:44.059000,44.059,1794.682,0.0
2024-03-01 16:16:30.455,0 days 00:29:54.782000,2756.084482383085,5626.4797523439365,-109.148159921314,OnTrack,255.50000128,11612.00035584,82.25004544000001,0,8,6,2541.831013812747,0.4714168632953671,,0.44777777777721894,interpolation,0 days 00:00:44.159000,44.159,1794.782,0.0
2024-03-01 16:16:30.555,0 days 00:29:54.882000,2753.711560861284,5703.027606339797,-110.24743617925563,OnTrack,255.0,11473.0,64.5,0,8,6,2550.1280383846624,0.47295565846983845,,0.44777777777721894,interpolation,0 days 00:00:44.259000,44.259,1794.882,0.0
2024-03-01 16:16:30.655,0 days 00:29:54.982000,2746.96730016741,5768.320363989816,-111.32775013235268,OnTrack,254.50000128,11334.00035584,46.75004544,0,8,6,2557.7972540273536,0.4743780180061595,,0.44777777777721894,interpolation,0 days 00:00:44.359000,44.359,1794.982,0.0
2024-03-01 16:16:30.755,0 days 00:29:55.082000,2736.368091342276,5832.418888818958,-112.56863085095947,OnTrack,254.0,11195.0,29.0,0,8,6,2564.3947222222223,0.47560160751514535,,0.44777777777721894,interpolation,0 days 00:00:44.459000,44.459,1795.082,0.0
2024-03-01 16:16:30.855,0 days 00:29:55.182000,2722.0,5897.0,-114.0,OnTrack,249.0000128,11179.50003968,14.500037120000002,0,8,6,2569.9203754113696,0.4766264144672717,,0.44777777777721894,interpolation,0 days 00:00:44.559000,44.559,1795.182,0.0
2024-03-01 16:16:30.955,0 days 00:29:55.282000,2703.863026140584,5962.063697532942,-115.62185757947438,OnTrack,244.0,11164.0,0.0,1,8,6,2575.2391666666667,0.4776128560821823,,0.44777777777721894,interpolation,0 days 00:00:44.659000,44.659,1795.282,0.0
2024-03-01 16:16:31.055,0 days 00:29:55.382000,2682.592453054439,6026.427890824387,-117.38564397405274,OnTrack,239.25001216,10691.75120896,0.0,1,8,6,2581.215938012856,0.47872132898433156,,0.44777777777721894,interpolation,0 days 00:00:44.759000,44.759,1795.382,0.0
2024-03-01 16:16:31.155,0 days 00:29:55.482000,2662.0,6083.0,-119.0,OnTrack,234.5,10219.5,0.0,1,8,6,2587.8507506522365,0.479951844524512,,0.44777777777721894,interpolation,0 days 00:00:44.859000,44.859,1795.482,0.0
2024-03-01 16:16:31.255,0 days 00:29:55.582000,2642.7209567730106,6130.597922361712,-120.41636554473332,OnTrack,229.75001216,9747.25120896,0.0,1,8,6,2594.4453642188314,0.48117490460416146,,0.44777777777721894,interpolation,0 days 00:00:44.959000,44.959,1795.582,0.0
2024-03-01 16:16:31.355,0 days 00:29:55.682000,2624.7553233734716,6169.221657909526,-121.63474060825273,OnTrack,225.0,9275.0,0.0,1,8,6,2600.3016666666667,0.482261034923394,,0.44777777777721894,interpolation,0 days 00:00:45.059000,45.059,1795.682,0.0
2024-03-01 16:16:31.455,0 days 00:29:55.782000,2607.1620282871972,6202.984564502575,-122.78574536764577,OnTrack,213.80002293761174,9346.999852543924,0.0,1,8,6,2605.419598027356,0.48321022436026306,,0.44777777777721894,interpolation,0 days 00:00:45.159000,45.159,1795.782,0.0
2024-03-01 16:16:31.555,0 days 00:29:55.882000,2589.0,6236.0,-124.0,OnTrack,202.59998853119413,9419.000073728037,0.0,1,8,6,2609.799210708653,0.4840224826344938,,0.44777777777721894,interpolation,0 days 00:00:45.259000,45.259,1795.882,0.0
2024-03-01 16:16:31.655,0 days 00:29:55.982000,2570.269238511881,6268.267964401799,-125.27750450531542,OnTrack,191.40001146880587,9490.999926271963,0.0,1,8,6,2613.5384303619558,0.48471597137963585,,0.44777777777721894,interpolation,0 days 00:00:45.359000,45.359,1795.982,0.0
2024-03-01 16:16:31.755,0 days 00:29:56.082000,2550.180683803649,6300.503851270006,-126.61578519350078,OnTrack,180.19997706238826,9563.000147456076,0.0,1,8,6,2617.225123284186,0.485399718333657,,0.44777777777721894,interpolation,0 days 00:00:45.459000,45.459,1796.082,0.0
2024-03-01 16:16:31.855,0 days 00:29:56.182000,2524.0,6337.0,-128.0,OnTrack,169.0,9635.0,0.0,1,8,6,2620.9572222222223,0.4860918864460596,,0.44777777777721894,interpolation,0 days 00:00:45.559000,45.559,1796.182,0.0
2024-03-01 16:16:31.955,0 days 00:29:56.282000,2490.9381351616767,6378.471796828222,-129.42767526005227,OnTrack,161.99998208,9594.9998976,0.0,1,8,5,2624.7347653928628,0.4867924828046645,,0.44777777777721894,interpolation,0 days 00:00:45.659000,45.659,1796.282,0.0
2024-03-01 16:16:32.055,0 days 00:29:56.382000,2456.0,6419.0,-131.0,OnTrack,155.0,9555.0,0.0,1,8,5,2629.5683333333336,0.4876889332077949,,0.44777777777721894,interpolation,0 days 00:00:45.759000,45.759,1796.382,0.0
2024-03-01 16:16:32.155,0 days 00:29:56.482000,2424.190505226292,6452.665367760665,-132.81816324618558,OnTrack,142.0,9551.0,0.0,1,8,5,2635.8794444444447,0.4888594139312344,,0.44777777777721894,interpolation,0 days 00:00:45.859000,45.859,1796.482,0.0
2024-03-01 16:16:32.255,0 days 00:29:56.582000,2393.0,6482.0,-134.0,OnTrack,135.00001792,9400.50038528,0.0,1,8,5,2640.1331623794877,0.4896483233258338,,0.44777777777721894,interpolation,0 days 00:00:45.959000,45.959,1796.582,0.0
2024-03-01 16:16:32.355,0 days 00:29:56.682000,2359.0,6510.0,-134.0,OnTrack,128.0,9250.0,0.0,1,8,5,2642.990555555556,0.4901782654506029,,0.44777777777721894,interpolation,0 days 00:00:46.059000,46.059,1796.682,0.0
2024-03-01 16:16:32.455,0 days 00:29:56.782000,2316.67753256931,6539.449373859748,-134.83808132718258,OnTrack,124.00000682667249,8924.667221902697,0.0,1,8,5,2645.7017698861464,0.49068109673580745,,0.44777777777721894,interpolation,0 days 00:00:46.159000,46.159,1796.782,0.0
2024-03-01 16:16:32.555,0 days 00:29:56.882000,2277.0,6565.0,-136.0,OnTrack,119.99999317332751,8599.332778097303,0.0,1,8,3,2648.2710742581735,0.4911576089041341,,0.44777777777721894,interpolation,0 days 00:00:46.259000,46.259,1796.882,0.0
2024-03-01 16:16:32.655,0 days 00:29:56.982000,2251.85362865591,6580.839758200684,-136.6348607470656,OnTrack,116.0,8274.0,0.0,1,8,3,2650.7238888888896,0.49161251647791615,,0.44777777777721894,interpolation,0 days 00:00:46.359000,46.359,1796.982,0.0
2024-03-01 16:16:32.755,0 days 00:29:57.082000,2241.2384185370397,6586.968648461797,-136.7426635683794,OnTrack,110.9999872,7934.24913024,0.0,1,8,3,2653.064480019183,0.4920466106890985,,0.44777777777721894,interpolation,0 days 00:00:46.459000,46.459,1797.082,0.0
2024-03-01 16:16:32.855,0 days 00:29:57.182000,2233.00399914965,6589.363214492013,-136.72913460550353,OnTrack,106.0,7594.5,0.0,1,8,3,2655.2928236814614,0.4924598870925678,,0.44777777777721894,interpolation,0 days 00:00:46.559000,46.559,1797.182,0.0
2024-03-01 16:16:32.955,0 days 00:29:57.282000,2215.0,6594.0,-137.0,OnTrack,100.9999872,7254.74913024,0.0,1,8,3,2657.9033802674558,0.4929440500406699,,0.44777777777721894,interpolation,0 days 00:00:46.659000,46.659,1797.282,0.0
2024-03-01 16:16:33.055,0 days 00:29:57.382000,2187.2264210880903,6600.879004985762,-137.55525975186882,OnTrack,96.0,6915.0,0.0,1,8,3,2661.390555555556,0.49359079375696885,,0.44777777777721894,interpolation,0 days 00:00:46.759000,46.759,1797.382,0.0
2024-03-01 16:16:33.155,0 days 00:29:57.482000,2151.8643227499715,6609.293152214636,-138.3372511834306,OnTrack,91.0,6452.0,0.0,1,8,3,2665.4350000000004,0.49434089055860964,,0.44777777777721894,interpolation,0 days 00:00:46.859000,46.859,1797.482,0.0
2024-03-01 16:16:33.255,0 days 00:29:57.582000,2122.0,6615.0,-139.0,OnTrack,89.66666894222416,6335.333532444614,0.0,1,8,3,2668.1203770110656,0.49483892996423595,,0.44777777777721894,interpolation,0 days 00:00:46.959000,46.959,1797.582,0.0
2024-03-01 16:16:33.355,0 days 00:29:57.682000,2099.814490840283,6617.2924783476265,-139.48584411436045,OnTrack,88.33333105777584,6218.666467555386,0.0,1,8,3,2669.436125923567,0.495082953355974,,0.44777777777721894,interpolation,0 days 00:00:47.059000,47.059,1797.682,0.0
2024-03-01 16:16:33.455,0 days 00:29:57.782000,2085.3077952708213,6616.170587257516,-139.79478352651188,OnTrack,87.0,6102.0,0.0,1,8,3,2671.2350000000006,0.49541657882909457,,0.44777777777721894,interpolation,0 days 00:00:47.159000,47.159,1797.782,0.0
2024-03-01 16:16:33.555,0 days 00:29:57.882000,2072.3972020659485,6612.213402538647,-139.9563311754074,OnTrack,83.99999232,6021.9997952,0.0,1,8,3,2673.8258147518936,0.4958970803876481,,0.44777777777721894,interpolation,0 days 00:00:47.259000,47.259,1797.882,0.0
2024-03-01 16:16:33.655,0 days 00:29:57.982000,2055.0,6606.0,-140.0,OnTrack,81.0,5942.0,0.0,1,8,3,2676.6350000000007,0.496418081701615,,0.44777777777721894,pos,0 days 00:00:47.359000,47.359,1797.982,0.0
2024-03-01 16:16:33.755,0 days 00:29:58.082000,2033.1161890729759,6597.530379641576,-139.9257900002897,OnTrack,80.24999808,5929.74996864,3.25000832,1,8,3,2679.0890408610708,0.49687321669636386,,0.44777777777721894,interpolation,0 days 00:00:47.459000,47.459,1798.082,0.0
2024-03-01 16:16:33.855,0 days 00:29:58.182000,2008.0,6583.0,-140.0,OnTrack,79.5,5917.5,6.5,0,8,3,2681.187912205788,0.49726248071132423,,0.44777777777721894,interpolation,0 days 00:00:47.559000,47.559,1798.182,0.0
2024-03-01 16:16:33.955,0 days 00:29:58.282000,1980.9056634961973,6558.604319611903,-140.48892882285443,OnTrack,78.74999808,5905.24996864,9.75000832,0,8,3,2683.1770052076126,0.49763138485114594,,0.44777777777721894,interpolation,0 days 00:00:47.659000,47.659,1798.282,0.0
2024-03-01 16:16:34.055,0 days 00:29:58.382000,1958.0,6534.0,-141.0,OnTrack,78.0,5893.0,13.0,0,8,3,2685.301666666667,0.4980254319908453,,0.44777777777721894,interpolation,0 days 00:00:47.759000,47.759,1798.382,0.0
2024-03-01 16:16:34.155,0 days 00:29:58.482000,1945.449829949839,6518.84370268701,-141.14063706258372,OnTrack,78.0,6023.000221866478,18.333342435547788,0,8,3,2687.561918339544,0.4984446261654758,,0.44777777777721894,interpolation,0 days 00:00:47.859000,47.859,1798.482,0.0
2024-03-01 16:16:34.255,0 days 00:29:58.582000,1941.653384347813,6511.371525365099,-140.98743876647364,OnTrack,78.0,6152.999778133522,23.666657564452212,0,8,3,2689.9270912803195,0.49888327940514143,,0.44777777777721894,interpolation,0 days 00:00:47.959000,47.959,1798.582,0.0
2024-03-01 16:16:34.355,0 days 00:29:58.682000,1937.0,6501.0,-141.0,OnTrack,78.0,6283.0,29.0,0,8,3,2692.213333333334,0.4993072938465065,,0.44777777777721894,interpolation,0 days 00:00:48.059000,48.059,1798.682,0.0
2024-03-01 16:16:34.455,0 days 00:29:58.782000,1929.8878915063,6485.965206221428,-141.25492030340612,OnTrack,78.99999829333187,6391.333148444287,32.66666040888355,0,8,3,2694.3899752865264,0.49971098147031584,,0.44777777777721894,interpolation,0 days 00:00:48.159000,48.159,1798.782,0.0
2024-03-01 16:16:34.555,0 days 00:29:58.882000,1920.7295600434634,6466.833166692081,-141.69755081017365,OnTrack,80.00000170666813,6499.666851555713,36.33333959111645,0,8,3,2696.468020474837,0.5000963829935233,,0.44777777777721894,interpolation,0 days 00:00:48.259000,48.259,1798.882,0.0
2024-03-01 16:16:34.655,0 days 00:29:58.982000,1912.0,6447.0,-142.0,OnTrack,81.0,6608.0,40.0,0,8,3,2698.513333333334,0.500475713864447,,0.44777777777721894,interpolation,0 days 00:00:48.359000,48.359,1798.982,0.0
2024-03-01 16:16:34.755,0 days 00:29:59.082000,1904.1117083286704,6427.031723011846,-142.10761956596843,OnTrack,84.00000511999563,6749.666908444238,42.666671217773896,0,8,3,2700.5369158521444,0.5008510145506269,,0.44777777777721894,interpolation,0 days 00:00:48.459000,48.459,1799.082,0.0
2024-03-01 16:16:34.855,0 days 00:29:59.182000,1896.8581379453342,6406.073912183248,-142.04947942814974,OnTrack,86.99999488000437,6891.333091555762,45.333328782226104,0,8,3,2702.6492449030725,0.5012427744788143,,0.44777777777721894,interpolation,0 days 00:00:48.559000,48.559,1799.182,0.0
2024-03-01 16:16:34.955,0 days 00:29:59.282000,1889.0,6379.0,-142.0,OnTrack,90.0,7033.0,48.0,0,8,3,2705.513333333334,0.5017739583288253,,0.44777777777721894,interpolation,0 days 00:00:48.659000,48.659,1799.282,0.0
2024-03-01 16:16:35.055,0 days 00:29:59.382000,1880.3307452934755,6344.955554168395,-141.98825149926762,OnTrack,92.99999232,7263.99940864,50.499993599999996,0,8,3,2709.239649407974,0.5024650539311718,,0.44777777777721894,interpolation,0 days 00:00:48.759000,48.759,1799.382,0.0
2024-03-01 16:16:35.155,0 days 00:29:59.482000,1872.0,6309.0,-142.0,OnTrack,96.0,7495.0,53.0,0,8,3,2712.9800000000005,0.5031587524241622,,0.44777777777721894,interpolation,0 days 00:00:48.859000,48.859,1799.482,0.0
2024-03-01 16:16:35.255,0 days 00:29:59.582000,1865.1573902938126,6276.192762806388,-142.0210115762446,OnTrack,98.74999296,7743.49936384,57.74998784,0,8,3,2715.8861155237737,0.5036977307658169,,0.44777777777721894,interpolation,0 days 00:00:48.959000,48.959,1799.582,0.0
2024-03-01 16:16:35.355,0 days 00:29:59.682000,1859.8029161749134,6246.533842587557,-142.05128622800143,OnTrack,101.5,7992.0,62.5,0,8,3,2717.9580257379857,0.5040819944752868,,0.44777777777721894,interpolation,0 days 00:00:49.059000,49.059,1799.682,0.0
2024-03-01 16:16:35.455,0 days 00:29:59.782000,1855.2969839685577,6218.608001074948,-142.05591776575756,OnTrack,104.24999296,8240.49936384,67.24998784,0,8,3,2719.91868868676,0.5044456258781095,,0.44777777777721894,interpolation,0 days 00:00:49.159000,49.159,1799.782,0.0
2024-03-01 16:16:35.555,0 days 00:29:59.882000,1851.0,6191.0,-142.0,OnTrack,107.0,8489.0,72.0,0,8,3,2722.4911111111114,0.5049227163313175,,0.44777777777721894,interpolation,0 days 00:00:49.259000,49.259,1799.882,0.0
2024-03-01 16:16:35.655,0 days 00:29:59.982000,1846.9119642692403,6163.709839362713,-141.8835329307288,OnTrack,113.33332252443522,8978.665830968175,77.33332423110335,0,8,3,2725.6752666694997,0.505513260949517,,0.44777777777721894,interpolation,0 days 00:00:49.359000,49.359,1799.982,0.0
2024-03-01 16:16:35.755,0 days 00:30:00.082000,1843.0328767762787,6136.737519163085,-141.70651655794393,OnTrack,119.66667747556478,9468.334169031825,82.66667576889665,0,8,3,2729.4503294892966,0.5062133972935858,,0.44777777777721894,interpolation,0 days 00:00:49.459000,49.459,1800.082,0.0
2024-03-01 16:16:35.855,0 days 00:30:00.182000,1839.1373508951779,6108.146439381916,-141.4262419061871,OnTrack,126.0,9958.0,88.0,0,8,3,2733.6911111111112,0.5069999074743228,,0.44777777777721894,interpolation,0 days 00:00:49.559000,49.559,1800.182,0.0
2024-03-01 16:16:35.955,0 days 00:30:00.282000,1835.0,6076.0,-141.0,OnTrack,131.50001408,10192.50060032,88.50000128,0,8,3,2738.3767964821895,0.5078689310592971,,0.44777777777721894,interpolation,0 days 00:00:49.659000,49.659,1800.282,0.0
2024-03-01 16:16:36.055,0 days 00:30:00.382000,1830.620824090745,6040.298201017335,-140.42779083938268,OnTrack,137.0,10427.0,89.0,0,8,3,2742.8244444444445,0.5086938073945116,,0.44777777777721894,interpolation,0 days 00:00:49.759000,49.759,1800.382,0.0
2024-03-01 16:16:36.155,0 days 00:30:00.482000,1826.0,6001.0,-140.0,OnTrack,140.6666729244391,10446.333366328861,92.6666729244391,0,8,3,2746.3512073651073,0.509347893171501,,0.44777777777721894,interpolation,0 days 00:00:49.859000,49.859,1800.482,0.0
2024-03-01 16:16:36.255,0 days 00:30:00.582000,1821.137704560353,5958.064354514072,-140.00701305751687,OnTrack,144.3333270755609,10465.666633671139,96.3333270755609,0,8,3,2749.1847269856466,0.5098734076232256,,0.44777777777721894,interpolation,0 days 00:00:49.959000,49.959,1800.582,0.0
2024-03-01 16:16:36.355,0 days 00:30:00.682000,1817.0,5920.0,-140.0,OnTrack,148.0,10485.0,100.0,0,8,3,2752.691111111111,0.5105237138776353,,0.44777777777721894,interpolation,0 days 00:00:50.059000,50.059,1800.682,0.0
2024-03-01 16:16:36.455,0 days 00:30:00.782000,1814.552948547137,5895.315671898235,-139.5301308155161,OnTrack,155.99997952,10375.0002816,100.0,0,8,3,2757.09800169165,0.5113410312063933,,0.44777777777721894,interpolation,0 days 00:00:50.159000,50.159,1800.782,0.0
2024-03-01 16:16:36.555,0 days 00:30:00.882000,1812.0,5868.0,-139.0,OnTrack,164.0,10265.0,100.0,0,8,3,2761.802222222222,0.5122134923868262,,0.44777777777721894,interpolation,0 days 00:00:50.259000,50.259,1800.882,0.0
2024-03-01 16:16:36.655,0 days 00:30:00.982000,1807.5446041568266,5822.041614096522,-138.81220204938663,OnTrack,168.74998784,10563.24923648,100.0,0,8,3,2766.200502900031,0.513029212892933,,0.44777777777721894,interpolation,0 days 00:00:50.359000,50.359,1800.982,0.0
2024-03-01 16:16:36.755,0 days 00:30:01.082000,1801.5282654519065,5760.640891747959,-138.91522514975316,OnTrack,173.5,10861.5,100.0,0,8,3,2770.292888763581,0.5137882010777121,,0.44777777777721894,interpolation,0 days 00:00:50.459000,50.459,1801.082,0.0
2024-03-01 16:16:36.855,0 days 00:30:01.182000,1796.0,5703.0,-139.0,OnTrack,178.24998784,11159.74923648,100.0,0,8,3,2775.2232486631237,0.5147026028558512,,0.44777777777721894,interpolation,0 days 00:00:50.559000,50.559,1801.182,0.0
2024-03-01 16:16:36.955,0 days 00:30:01.282000,1791.3013087384095,5652.319283641102,-139.01501531368257,OnTrack,183.0,11458.0,100.0,0,8,3,2782.1355555555556,0.5159845834500204,,0.44777777777721894,interpolation,0 days 00:00:50.659000,50.659,1801.282,0.0
2024-03-01 16:16:37.055,0 days 00:30:01.382000,1787.0,5602.0,-139.0,OnTrack,187.0,11665.0,100.0,0,8,3,2790.4466666666667,0.5175259911632824,,0.44777777777721894,interpolation,0 days 00:00:50.759000,50.759,1801.382,0.0
2024-03-01 16:16:37.155,0 days 00:30:01.482000,1782.6638821176366,5545.443406405431,-138.99468296815138,OnTrack,191.00000682666084,11351.99946581379,100.0,0,8,3,2796.6582052948074,0.5186780048260332,,0.44777777777721894,interpolation,0 days 00:00:50.859000,50.859,1801.482,0.0
2024-03-01 16:16:37.255,0 days 00:30:01.582000,1778.4165970113922,5484.914129643453,-138.99760380645978,OnTrack,194.99999317333916,11039.00053418621,100.0,0,12,4,2800.7305043539714,0.5194332676418694,,0.44777777777721894,interpolation,0 days 00:00:50.959000,50.959,1801.582,1.0
2024-03-01 16:16:37.355,0 days 00:30:01.682000,1775.0,5434.0,-139.0,OnTrack,199.0,10726.0,100.0,0,12,4,2805.9244444444444,0.5203965539234078,,0.44777777777721894,interpolation,0 days 00:00:51.059000,51.059,1801.682,1.0
2024-03-01 16:16:37.455,0 days 00:30:01.782000,1772.537734269633,5394.965667451032,-139.00041112214043,OnTrack,202.99998976,10922.49949696,100.0,0,12,4,2812.78344089277,0.5216686473762978,,0.44777777777721894,interpolation,0 days 00:00:51.159000,51.159,1801.782,1.0
2024-03-01 16:16:37.555,0 days 00:30:01.882000,1770.0,5356.0,-139.0,OnTrack,207.0,11119.0,100.0,0,12,5,2819.724444444444,0.5229559501531822,,0.44777777777721894,interpolation,0 days 00:00:51.259000,51.259,1801.882,1.0
2024-03-01 16:16:37.655,0 days 00:30:01.982000,1766.3569973708122,5305.291865650357,-138.99992946069762,OnTrack,209.99999487999563,11309.666341261944,100.0,0,12,5,2825.164264532993,0.5239648381984926,,0.44777777777721894,interpolation,0 days 00:00:51.359000,51.359,1801.982,1.0
2024-03-01 16:16:37.755,0 days 00:30:02.082000,1762.0,5241.0,-139.0,OnTrack,213.00000512000437,11500.333658738055,100.0,0,12,5,2829.396732572715,0.5247498065132393,,0.44777777777721894,interpolation,0 days 00:00:51.459000,51.459,1802.082,1.0
2024-03-01 16:16:37.855,0 days 00:30:02.182000,1757.3202815054956,5161.283138646822,-139.00001211367373,OnTrack,216.0,11691.0,100.0,0,12,5,2834.184444444444,0.525637752289598,,0.44777777777721894,interpolation,0 days 00:00:51.559000,51.559,1802.182,1.0
2024-03-01 16:16:37.955,0 days 00:30:02.282000,1753.0,5085.0,-139.0,OnTrack,219.25000832,11443.74936704,100.0,0,12,5,2839.821224884885,0.526683169290129,,0.44777777777721894,interpolation,0 days 00:00:51.659000,51.659,1802.282,1.0
2024-03-01 16:16:38.055,0 days 00:30:02.382000,1749.7213135962163,5031.00930246871,-138.99999785725993,OnTrack,222.5,11196.5,100.0,0,12,5,2846.3070161735513,0.5278860468097897,,0.44777777777721894,interpolation,0 days 00:00:51.759000,51.759,1802.382,1.0
2024-03-01 16:16:38.155,0 days 00:30:02.482000,1747.0,4987.0,-139.0,OnTrack,225.75000832,10949.24936704,100.0,0,12,5,2853.0926652776666,0.5291445370078798,,0.44777777777721894,interpolation,0 days 00:00:51.859000,51.859,1802.482,1.0
2024-03-01 16:16:38.255,0 days 00:30:02.582000,1744.3518369172084,4940.661046540925,-139.00000074276684,OnTrack,229.0,10702.0,100.0,0,12,5,2859.628888888889,0.5303567678823383,,0.44777777777721894,interpolation,0 days 00:00:51.959000,51.959,1802.582,1.0
2024-03-01 16:16:38.355,0 days 00:30:02.682000,1741.5240498970522,4888.437520329429,-139.00000030462996,OnTrack,232.00000511999562,10743.666737777718,100.0,0,12,5,2865.9157539383195,0.5315227518464407,,0.44777777777721894,interpolation,0 days 00:00:52.059000,52.059,1802.682,1.0
2024-03-01 16:16:38.455,0 days 00:30:02.782000,1737.0,4809.0,-139.0,OnTrack,234.99999488000438,10785.333262222282,100.0,0,12,5,2871.9974982969243,0.5326506934103439,,0.44777777777721894,interpolation,0 days 00:00:52.159000,52.159,1802.782,1.0
2024-03-01 16:16:38.555,0 days 00:30:02.882000,1731.0,4706.0,-139.0,OnTrack,238.0,10827.0,100.0,0,12,5,2878.1399999999994,0.5337899032436942,,0.44777777777721894,interpolation,0 days 00:00:52.259000,52.259,1802.882,1.0
2024-03-01 16:16:38.655,0 days 00:30:02.982000,1726.3625431819796,4622.675697792796,-139.00000001696588,OnTrack,239.6666638222198,10956.6664453687,100.0,0,12,5,2884.387498396788,0.5349485861308148,,0.44777777777721894,interpolation,0 days 00:00:52.359000,52.359,1802.982,1.0
2024-03-01 16:16:38.755,0 days 00:30:03.082000,1723.383542236766,4564.269727712069,-139.00000000762464,OnTrack,241.3333361777802,11086.3335546313,100.0,0,12,6,2890.7225448817176,0.5361235059923348,,0.44777777777721894,interpolation,0 days 00:00:52.459000,52.459,1803.082,1.0
2024-03-01 16:16:38.855,0 days 00:30:03.182000,1721.0,4519.0,-139.0,OnTrack,243.0,11216.0,100.0,0,12,6,2897.0399999999995,0.5372951632975158,,0.44777777777721894,interpolation,0 days 00:00:52.559000,52.559,1803.182,1.0
2024-03-01 16:16:38.955,0 days 00:30:03.282000,1719.034751184712,4484.902843084321,-138.99999999876263,OnTrack,245.5000064,11310.50024192,100.0,0,12,6,2903.3224158624275,0.5384603220998472,,0.44777777777721894,interpolation,0 days 00:00:52.659000,52.659,1803.282,1.0
2024-03-01 16:16:39.055,0 days 00:30:03.382000,1716.0,4424.0,-139.0,OnTrack,248.0,11405.0,100.0,0,12,6,2910.8177777777773,0.5398504381162922,,0.44777777777721894,pos,0 days 00:00:52.759000,52.759,1803.382,1.0
2024-03-01 16:16:39.155,0 days 00:30:03.482000,1711.0,4313.0,-139.0,OnTrack,251.00000768,11554.00038144,100.0,0,12,6,2920.7742121393053,0.541696993229835,,0.44777777777721894,interpolation,0 days 00:00:52.859000,52.859,1803.482,1.0
2024-03-01 16:16:39.255,0 days 00:30:03.582000,1707.5870290672385,4240.02310921573,-138.99999999996453,OnTrack,254.0,11703.0,100.0,0,12,6,2930.573333333333,0.5435143724935377,,0.44777777777721894,interpolation,0 days 00:00:52.959000,52.959,1803.582,1.0
2024-03-01 16:16:39.355,0 days 00:30:03.682000,1705.0,4185.0,-139.0,OnTrack,256.33333731555217,11447.66623089815,100.0,0,12,6,2937.596958043015,0.54481699847914,,0.44777777777721894,interpolation,0 days 00:00:53.059000,53.059,1803.682,1.0
2024-03-01 16:16:39.455,0 days 00:30:03.782000,1701.885782314087,4113.174708879556,-139.00000000001256,OnTrack,258.66666268444783,11192.33376910185,100.0,0,12,6,2942.362320547235,0.5457007992636914,,0.44777777777721894,interpolation,0 days 00:00:53.159000,53.159,1803.782,1.0
2024-03-01 16:16:39.555,0 days 00:30:03.882000,1698.347067350436,4028.5341849159663,-139.00000000000566,OnTrack,261.0,10937.0,100.0,0,12,6,2947.9733333333324,0.5467414373049924,,0.44777777777721894,interpolation,0 days 00:00:53.259000,53.259,1803.882,1.0
2024-03-01 16:16:39.655,0 days 00:30:03.982000,1695.0,3955.0,-139.0,OnTrack,262.99999488,10818.50030336,100.0,0,12,6,2954.9472451452993,0.5480348433628421,,0.44777777777721894,interpolation,0 days 00:00:53.359000,53.359,1803.982,1.0
2024-03-01 16:16:39.755,0 days 00:30:04.082000,1691.947270552162,3896.559062367078,-138.99999999999903,OnTrack,265.0,10700.0,100.0,0,12,6,2962.695555555555,0.549471872091185,,0.44777777777721894,interpolation,0 days 00:00:53.459000,53.459,1804.082,1.0
2024-03-01 16:16:39.855,0 days 00:30:04.182000,1688.0,3823.0,-139.0,OnTrack,266.6666638222198,10754.999906133253,100.0,0,12,6,2970.6296133809947,0.5509433501843184,,0.44777777777721894,interpolation,0 days 00:00:53.559000,53.559,1804.182,1.0
2024-03-01 16:16:39.955,0 days 00:30:04.282000,1681.969309336591,3704.1114408815665,-139.00000000000017,OnTrack,268.3333361777802,10810.000093866747,100.0,0,12,6,2978.7095466705705,0.5524418828508524,,0.44777777777721894,interpolation,0 days 00:00:53.659000,53.659,1804.282,1.0
2024-03-01 16:16:40.055,0 days 00:30:04.382000,1676.0,3585.0,-139.0,OnTrack,270.0,10865.0,100.0,0,12,7,2986.695555555555,0.5539229959690535,,0.44777777777721894,interpolation,0 days 00:00:53.759000,53.759,1804.382,1.0
2024-03-01 16:16:40.155,0 days 00:30:04.482000,1672.236873428291,3510.772292343525,-138.99999999999991,OnTrack,271.75000448,10923.7501504,100.0,0,12,7,2994.5477686168842,0.5553792948461949,,0.44777777777721894,interpolation,0 days 00:00:53.859000,53.859,1804.482,1.0
2024-03-01 16:16:40.255,0 days 00:30:04.582000,1670.6799296214645,3481.4283179121403,-138.99999999999994,OnTrack,273.5,10982.5,100.0,0,12,7,3002.266105448103,0.5568107645698145,,0.44777777777721894,interpolation,0 days 00:00:53.959000,53.959,1804.582,1.0
2024-03-01 16:16:40.355,0 days 00:30:04.682000,1669.5330210039056,3458.6201845246856,-138.99999999999997,OnTrack,275.25000448,11041.2501504,100.0,0,12,7,3009.8936511730476,0.5582253958575575,,0.44777777777721894,interpolation,0 days 00:00:54.059000,54.059,1804.682,1.0
2024-03-01 16:16:40.455,0 days 00:30:04.782000,1667.0,3404.0,-139.0,OnTrack,277.0,11100.0,100.0,0,12,7,3017.473333333333,0.5596311502013201,,0.44777777777721894,pos,0 days 00:00:54.159000,54.159,1804.782,1.0
2024-03-01 16:16:40.555,0 days 00:30:04.882000,1663.0808666097475,3317.5677643380836,-139.0,OnTrack,278.4000028671985,11161.600126156736,100.0,0,12,7,3025.0052295451046,0.5610280419960636,,0.44777777777721894,interpolation,0 days 00:00:54.259000,54.259,1804.882,1.0
2024-03-01 16:16:40.655,0 days 00:30:04.982000,1658.0995905417499,3206.1826608370043,-139.0,OnTrack,279.79999856640075,11223.199936921632,100.0,0,12,7,3032.4892626819424,0.5624160569376527,,0.44777777777721894,interpolation,0 days 00:00:54.359000,54.359,1804.982,1.0
2024-03-01 16:16:40.755,0 days 00:30:05.082000,1654.0,3111.0,-139.0,OnTrack,281.20000143359925,11284.800063078368,100.0,0,12,7,3039.949774297201,0.563799709495644,,0.44777777777721894,pos,0 days 00:00:54.459000,54.459,1805.082,1.0
2024-03-01 16:16:40.855,0 days 00:30:05.182000,1651.1060680105657,3038.879035363536,-139.0,OnTrack,282.5999971328015,11346.399873843264,100.0,0,12,7,3047.5322762530304,0.5652059868085432,,0.44777777777721894,interpolation,0 days 00:00:54.559000,54.559,1805.182,1.0
2024-03-01 16:16:40.955,0 days 00:30:05.282000,1649.0916623837372,2983.506168189243,-139.0,OnTrack,284.0,11408.0,100.0,0,12,7,3055.2611111111105,0.5666394035329142,,0.44777777777721894,interpolation,0 days 00:00:54.659000,54.659,1805.282,1.0
2024-03-01 16:16:41.055,0 days 00:30:05.382000,1646.0,2907.0,-139.0,OnTrack,284.49999872,11444.49990656,100.0,0,12,7,3063.136199728374,0.5680999449906072,,0.44777777777721894,interpolation,0 days 00:00:54.759000,54.759,1805.382,1.0
2024-03-01 16:16:41.155,0 days 00:30:05.482000,1641.504952009221,2803.046996708359,-139.00000000000003,OnTrack,285.0,11481.0,100.0,0,12,7,3071.1576227459327,0.5695876261376047,,0.44777777777721894,interpolation,0 days 00:00:54.859000,54.859,1805.482,1.0
2024-03-01 16:16:41.255,0 days 00:30:05.582000,1637.0,2701.0,-139.0,OnTrack,285.49999872,11517.49990656,100.0,0,12,7,3079.175193714971,0.571074592870221,,0.44777777777721894,interpolation,0 days 00:00:54.959000,54.959,1805.582,1.0
2024-03-01 16:16:41.355,0 days 00:30:05.682000,1633.8786255609375,2630.2118515606026,-138.9999999999999,OnTrack,286.0,11554.0,100.0,0,12,7,3087.0388888888883,0.5725330212600921,,0.44777777777721894,interpolation,0 days 00:00:55.059000,55.059,1805.682,1.0
2024-03-01 16:16:41.455,0 days 00:30:05.782000,1631.8312064829604,2584.303450998828,-138.99999999999972,OnTrack,287.49999616,11600.49988096,100.0,0,12,7,3094.7486277436556,0.5739628963729498,,0.44777777777721894,interpolation,0 days 00:00:55.159000,55.159,1805.782,1.0
2024-03-01 16:16:41.555,0 days 00:30:05.882000,1629.0,2525.0,-139.0,OnTrack,289.0,11647.0,100.0,0,12,7,3103.094444444444,0.5755107407061663,,0.44777777777721894,interpolation,0 days 00:00:55.259000,55.259,1805.882,1.0
2024-03-01 16:16:41.655,0 days 00:30:05.982000,1625.0,2444.0,-139.0,OnTrack,290.99999488,11180.00119552,100.0,0,12,7,3112.8662087475404,0.577323046265267,,0.44777777777721894,interpolation,0 days 00:00:55.359000,55.359,1805.982,1.0
2024-03-01 16:16:41.755,0 days 00:30:06.082000,1619.3789197726462,2329.769394841823,-138.9999999999952,OnTrack,293.0,10713.0,100.0,0,12,7,3122.6277777777773,0.5791334609734314,,0.44777777777721894,interpolation,0 days 00:00:55.459000,55.459,1806.082,1.0
2024-03-01 16:16:41.855,0 days 00:30:06.182000,1612.5005569675457,2189.402544385831,-138.9999999999883,OnTrack,293.9999982933319,10655.000098986751,100.0,0,12,7,3130.942808638677,0.5806755956571883,,0.44777777777721894,interpolation,0 days 00:00:55.559000,55.559,1806.182,1.0
2024-03-01 16:16:41.955,0 days 00:30:06.282000,1607.0,2077.0,-139.0,OnTrack,295.0000017066681,10596.999901013249,100.0,0,12,7,3138.0798948697297,0.5819992646130819,,0.44777777777721894,interpolation,0 days 00:00:55.659000,55.659,1806.282,1.0
2024-03-01 16:16:42.055,0 days 00:30:06.382000,1603.316432521171,2001.578566411544,-139.0000000000338,OnTrack,296.0,10539.0,100.0,0,12,7,3145.6499999999996,0.5834032427673869,,0.44777777777721894,interpolation,0 days 00:00:55.759000,55.759,1806.382,1.0
2024-03-01 16:16:42.155,0 days 00:30:06.482000,1601.1831573952181,1957.7294438666272,-139.000000000071,OnTrack,296.0,10570.00007936,100.0,0,12,7,3153.9217099409225,0.5849373430019219,,0.44777777777721894,interpolation,0 days 00:00:55.859000,55.859,1806.482,1.0
2024-03-01 16:16:42.255,0 days 00:30:06.582000,1599.0,1913.0,-139.0,OnTrack,296.0,10601.0,100.0,0,12,8,3162.0944444444435,0.5864530869059263,,0.44777777777721894,interpolation,0 days 00:00:55.959000,55.959,1806.582,1.0
2024-03-01 16:16:42.355,0 days 00:30:06.682000,1596.5002659306406,1861.9814904436523,-138.99999999980224,OnTrack,298.00000512,10659.00014848,100.0,0,12,8,3169.367791653622,0.5878020272990431,,0.44777777777721894,interpolation,0 days 00:00:56.059000,56.059,1806.682,1.0
2024-03-01 16:16:42.455,0 days 00:30:06.782000,1593.622725643971,1803.4431111474325,-138.99999999958584,OnTrack,300.0,10717.0,100.0,0,12,8,3178.7611111111105,0.5895441451544463,,0.44777777777721894,interpolation,0 days 00:00:56.159000,56.159,1806.782,1.0
2024-03-01 16:16:42.555,0 days 00:30:06.882000,1590.0,1730.0,-139.0,OnTrack,300.0,10759.0,100.0,0,12,8,3192.0944444444435,0.5920169917532621,,0.44777777777721894,interpolation,0 days 00:00:56.259000,56.259,1806.882,1.0
2024-03-01 16:16:42.655,0 days 00:30:06.982000,1585.5708588285647,1640.4213403477056,-139.00000000115296,OnTrack,301.2499968,10777.49995264,100.0,0,12,8,3202.1707850427442,0.5938857850965384,,0.44777777777721894,interpolation,0 days 00:00:56.359000,56.359,1806.982,1.0
2024-03-01 16:16:42.755,0 days 00:30:07.082000,1581.0,1547.0,-139.0,OnTrack,302.5,10796.0,100.0,0,12,8,3207.7907475061015,0.5949280829762624,,0.44777777777721894,interpolation,0 days 00:00:56.459000,56.459,1807.082,1.0
2024-03-01 16:16:42.855,0 days 00:30:07.182000,1576.9521213846406,1462.028846766334,-138.99999999349654,OnTrack,303.7499968,10814.49995264,100.0,0,12,8,3212.3403015141785,0.5957718591628876,,0.44777777777721894,interpolation,0 days 00:00:56.559000,56.559,1807.182,1.0
2024-03-01 16:16:42.955,0 days 00:30:07.282000,1572.0,1361.0,-139.0,OnTrack,305.0,10833.0,100.0,0,12,8,3219.205555555555,0.5970451131708544,,0.44777777777721894,interpolation,0 days 00:00:56.659000,56.659,1807.282,1.0
2024-03-01 16:16:43.055,0 days 00:30:07.382000,1564.7164128635918,1219.4055790542889,-139.00000003786772,OnTrack,305.6666655288879,10871.666600675499,100.0,0,12,8,3228.3864393302088,0.5987478319620751,,0.44777777777721894,interpolation,0 days 00:00:56.759000,56.759,1807.382,1.0
2024-03-01 16:16:43.155,0 days 00:30:07.482000,1558.0,1090.0,-139.0,OnTrack,306.3333344711121,10910.333399324501,100.0,0,12,8,3239.461965660918,0.6008019377833493,,0.44777777777721894,interpolation,0 days 00:00:56.859000,56.859,1807.482,1.0
2024-03-01 16:16:43.255,0 days 00:30:07.582000,1554.7494014338097,1025.537678907933,-138.99999977929718,OnTrack,307.0,10949.0,100.0,0,12,8,3249.9055555555547,0.6027388424646279,,0.44777777777721894,interpolation,0 days 00:00:56.959000,56.959,1807.582,1.0
2024-03-01 16:16:43.355,0 days 00:30:07.682000,1554.1150979104896,1010.6360287600959,-138.99999951027237,OnTrack,307.25000064,10967.00004608,100.0,0,12,8,3259.2962347670396,0.6044804706507798,,0.44777777777721894,interpolation,0 days 00:00:57.059000,57.059,1807.682,1.0
2024-03-01 16:16:43.455,0 days 00:30:07.782000,1551.0,953.0,-139.0,OnTrack,307.5,10985.0,100.0,0,12,8,3267.633907135064,0.6060268045075781,,0.44777777777721894,interpolation,0 days 00:00:57.159000,57.159,1807.782,1.0
2024-03-01 16:16:43.555,0 days 00:30:07.882000,1544.5545971468428,837.2471631265382,-139.00000138299183,OnTrack,307.75000064,11003.00004608,100.0,0,12,8,3275.663003073331,0.6075159087012665,,0.44777777777721894,interpolation,0 days 00:00:57.259000,57.259,1807.882,1.0
2024-03-01 16:16:43.655,0 days 00:30:07.982000,1535.593011392969,677.6673510258573,-139.00000290049843,OnTrack,308.0,11021.0,100.0,0,12,8,3284.1277777777773,0.6090858154015888,,0.44777777777721894,interpolation,0 days 00:00:57.359000,57.359,1807.982,1.0
2024-03-01 16:16:43.755,0 days 00:30:08.082000,1529.0,560.0,-139.0,OnTrack,304.3333270755609,10884.99976789353,83.33330488891316,0,12,8,3293.0283179279168,0.6107365406844311,,0.44777777777721894,interpolation,0 days 00:00:57.459000,57.459,1808.082,1.0
2024-03-01 16:16:43.855,0 days 00:30:08.182000,1525.5896933465401,498.5350892637507,-138.99999192273944,OnTrack,300.6666729244391,10749.00023210647,66.66669511108684,0,12,8,3302.1857848286304,0.6124349165003711,,0.44777777777721894,interpolation,0 days 00:00:57.559000,57.559,1808.182,1.0
2024-03-01 16:16:43.955,0 days 00:30:08.282000,1524.7712900539773,480.2489534009194,-138.99998308673938,OnTrack,297.0,10613.0,50.0,0,12,8,3310.527777777777,0.6139820516672442,,0.44777777777721894,interpolation,0 days 00:00:57.659000,57.659,1808.282,1.0
2024-03-01 16:16:44.055,0 days 00:30:08.382000,1523.0,427.0,-139.0,OnTrack,281.00002730668996,10058.667612729696,33.333361777802054,0,12,8,3317.8754637997454,0.6153447791963884,,0.44777777777721894,interpolation,0 days 00:00:57.759000,57.759,1808.382,1.0
2024-03-01 16:16:44.155,0 days 00:30:08.482000,1519.6850278557731,325.76469700645396,-139.00004708049883,OnTrack,264.99997269331004,9504.332387270304,16.666638222197953,0,12,8,3324.26295933631,0.6165294264423293,,0.44777777777721894,interpolation,0 days 00:00:57.859000,57.859,1808.482,1.0
2024-03-01 16:16:44.255,0 days 00:30:08.582000,1517.0,216.0,-139.0,OnTrack,249.0,8950.0,0.0,1,8,8,3329.8944444444437,0.6175738613520242,,0.44777777777721894,interpolation,0 days 00:00:57.959000,57.959,1808.582,0.0
2024-03-01 16:16:44.355,0 days 00:30:08.682000,1517.118542811384,137.16286456035752,-138.99973443026767,OnTrack,236.333311715574,8916.333275875604,0.0,1,8,8,3334.8040179919785,0.6184844080206735,,0.44777777777721894,interpolation,0 days 00:00:58.059000,58.059,1808.682,0.0
2024-03-01 16:16:44.455,0 days 00:30:08.782000,1519.7332861795721,85.66760532876233,-138.99941172373966,OnTrack,223.666688284426,8882.666724124396,0.0,1,8,8,3339.1652284929514,0.6192932533622274,,0.44777777777721894,interpolation,0 days 00:00:58.159000,58.159,1808.782,0.0
2024-03-01 16:16:44.555,0 days 00:30:08.882000,1523.0,40.0,-139.0,OnTrack,211.0,8849.0,0.0,1,8,8,3344.0197222222214,0.6201935847352823,,0.44777777777721894,interpolation,0 days 00:00:58.259000,58.259,1808.882,0.0
2024-03-01 16:16:44.655,0 days 00:30:08.982000,1527.0,-5.0,-139.0,OnTrack,205.00001024000875,8809.666733795613,0.0,1,8,8,3349.5410482578413,0.6212175891583924,,0.44777777777721894,interpolation,0 days 00:00:58.359000,58.359,1808.982,0.0
2024-03-01 16:16:44.755,0 days 00:30:09.082000,1534.0654320311774,-58.77840202091487,-138.98944799389324,OnTrack,198.99998975999125,8770.333266204387,0.0,1,8,8,3355.5727036563635,0.6223362410487022,,0.44777777777721894,interpolation,0 days 00:00:58.459000,58.459,1809.082,0.0
2024-03-01 16:16:44.855,0 days 00:30:09.182000,1543.0,-114.0,-139.0,OnTrack,193.0,8731.0,0.0,1,8,8,3361.175277777777,0.6233753140257586,,0.44777777777721894,interpolation,0 days 00:00:58.559000,58.559,1809.182,0.0
2024-03-01 16:16:44.955,0 days 00:30:09.282000,1552.2187148475664,-161.75524525562457,-139.06497266678397,OnTrack,186.99998464,8996.50067968,0.0,1,8,8,3366.1922685106224,0.6243057826610091,,0.44777777777721894,interpolation,0 days 00:00:58.659000,58.659,1809.282,0.0
2024-03-01 16:16:45.055,0 days 00:30:09.382000,1561.7215765738777,-202.04413778778854,-139.18436599424516,OnTrack,181.0,9262.0,0.0,1,8,7,3371.2308333333326,0.6252402525023657,,0.44777777777721894,interpolation,0 days 00:00:58.759000,58.759,1809.382,0.0
2024-03-01 16:16:45.155,0 days 00:30:09.482000,1572.1136500132498,-239.0609614260582,-139.21157632458377,OnTrack,174.99998464,9100.49958656,0.0,1,8,7,3376.8982326932373,0.6262913481947111,,0.44777777777721894,interpolation,0 days 00:00:58.859000,58.859,1809.482,0.0
2024-03-01 16:16:45.255,0 days 00:30:09.582000,1584.0,-277.0,-139.0,OnTrack,169.0,8939.0,0.0,1,8,7,3382.4974999999995,0.6273298078783651,,0.44777777777721894,pos,0 days 00:00:58.959000,58.959,1809.582,0.0
2024-03-01 16:16:45.355,0 days 00:30:09.682000,1597.3806265341286,-315.86125350961385,-138.54963702049392,OnTrack,167.3333304888913,8881.999902720083,0.0,1,8,7,3387.331784033935,0.628226391090692,,0.44777777777721894,interpolation,0 days 00:00:59.059000,59.059,1809.682,0.0
2024-03-01 16:16:45.455,0 days 00:30:09.782000,1618.0,-360.0,-138.0,OnTrack,165.6666695111087,8825.000097279917,0.0,0,8,5,3391.461897111261,0.6289923762963914,,0.44777777777721894,interpolation,0 days 00:00:59.159000,59.159,1809.782,0.0
2024-03-01 16:16:45.555,0 days 00:30:09.882000,1651.6025907819803,-413.7715175162589,-137.49060155245292,OnTrack,164.0,8768.0,0.0,0,8,5,3395.253055555555,0.6296954977912322,,0.44777777777721894,interpolation,0 days 00:00:59.259000,59.259,1809.882,0.0
2024-03-01 16:16:45.655,0 days 00:30:09.982000,1689.0,-465.0,-137.0,OnTrack,163.50000128,8693.50019072,3.99998976,0,8,5,3398.7660823646156,0.6303470360209573,,0.44777777777721894,interpolation,0 days 00:00:59.359000,59.359,1809.982,0.0
2024-03-01 16:16:45.755,0 days 00:30:10.082000,1721.0038287739906,-501.5096413928327,-136.50675366478868,OnTrack,163.0,8619.0,8.0,0,8,5,3402.4974999999995,0.631039077776589,,0.44777777777721894,interpolation,0 days 00:00:59.459000,59.459,1810.082,0.0
2024-03-01 16:16:45.855,0 days 00:30:10.182000,1747.6140771039522,-523.3004416947574,-136.010862546819,OnTrack,162.00000170666812,8667.666583608818,21.33331057775836,0,8,5,3406.943756740149,0.6318636960908897,,0.44777777777721894,interpolation,0 days 00:00:59.559000,59.559,1810.182,0.0
2024-03-01 16:16:45.955,0 days 00:30:10.282000,1774.6672868819378,-538.9410211493032,-135.50954015543977,OnTrack,160.99999829333188,8716.333416391182,34.66668942224164,0,8,5,3411.964769485809,0.6327949106626933,,0.44777777777721894,interpolation,0 days 00:00:59.659000,59.659,1810.282,0.0
2024-03-01 16:16:46.055,0 days 00:30:10.382000,1808.0,-557.0,-135.0,OnTrack,160.0,8765.0,48.0,0,8,5,3416.7197222222217,0.6336767808153259,,0.44777777777721894,interpolation,0 days 00:00:59.759000,59.759,1810.382,0.0
2024-03-01 16:16:46.155,0 days 00:30:10.482000,1847.6122164581393,-577.4773782468475,-134.4822420804997,OnTrack,160.75000192,8793.7500736,52.75001216,0,8,5,3421.068535011184,0.6344833268338812,,0.44777777777721894,interpolation,0 days 00:00:59.859000,59.859,1810.482,0.0
2024-03-01 16:16:46.255,0 days 00:30:10.582000,1891.0,-598.0,-134.0,OnTrack,161.5,8822.5,57.5,0,8,5,3425.011163320965,0.635214540459349,,0.44777777777721894,interpolation,0 days 00:00:59.959000,59.959,1810.582,0.0
2024-03-01 16:16:46.355,0 days 00:30:10.682000,1935.6594143692278,-616.1947093696117,-133.59700736156222,OnTrack,162.25000192,8851.2500736,62.25001216,0,8,5,3428.883091945375,0.6359326418740786,,0.44777777777721894,interpolation,0 days 00:01:00.059000,60.059,1810.682,0.0
2024-03-01 16:16:46.455,0 days 00:30:10.782000,1977.0,-631.0,-133.0,OnTrack,163.0,8880.0,67.0,0,8,5,3433.019722222222,0.6366998357823783,,0.44777777777721894,interpolation,0 days 00:01:00.159000,60.159,1810.782,0.0
2024-03-01 16:16:46.555,0 days 00:30:10.882000,2013.0,-642.0,-132.0,OnTrack,164.00000256,9007.5003264,67.0,0,8,5,3437.4210965107113,0.6375161300403338,,0.44777777777721894,interpolation,0 days 00:01:00.259000,60.259,1810.882,0.0
2024-03-01 16:16:46.655,0 days 00:30:10.982000,2059.071551499983,-653.0684963228937,-130.98272288593358,OnTrack,165.0,9135.0,67.0,0,8,5,3442.186388888889,0.6383999178190642,,0.44777777777721894,interpolation,0 days 00:01:00.359000,60.359,1810.982,0.0
2024-03-01 16:16:46.755,0 days 00:30:11.082000,2116.323843876123,-664.0346849799552,-130.00254376107424,OnTrack,168.25000832,9272.500352,74.75001984,0,8,5,3447.414867301484,0.6393696096985317,,0.44777777777721894,interpolation,0 days 00:01:00.459000,60.459,1811.082,0.0
2024-03-01 16:16:46.855,0 days 00:30:11.182000,2176.0,-670.0,-129.0,OnTrack,171.5,9410.0,82.5,0,8,5,3453.1064782090125,0.6404251957491167,,0.44777777777721894,interpolation,0 days 00:01:00.559000,60.559,1811.182,0.0
2024-03-01 16:16:46.955,0 days 00:30:11.282000,2236.640547822733,-670.1480179012667,-127.96518121588196,OnTrack,174.75000832,9547.500352,90.25001984,0,8,5,3458.776961192479,0.6414768633410649,,0.44777777777721894,interpolation,0 days 00:01:00.659000,60.659,1811.282,0.0
2024-03-01 16:16:47.055,0 days 00:30:11.382000,2292.0,-667.0,-127.0,OnTrack,178.0,9685.0,98.0,0,8,5,3463.9419444444443,0.6424347791861321,,0.44777777777721894,interpolation,0 days 00:01:00.759000,60.759,1811.382,0.0
2024-03-01 16:16:47.155,0 days 00:30:11.482000,2335.832869187481,-663.0772076124446,-126.20636894363412,OnTrack,180.25000576,9831.2503744,98.50000128,0,8,5,3468.6014808544714,0.6432989530934017,,0.44777777777721894,interpolation,0 days 00:01:00.859000,60.859,1811.482,0.0
2024-03-01 16:16:47.255,0 days 00:30:11.582000,2368.1391553851745,-658.3796407386003,-125.58428804678431,OnTrack,182.5,9977.5,99.0,0,8,5,3472.7555227090293,0.6440693762137554,,0.44777777777721894,interpolation,0 days 00:01:00.959000,60.959,1811.582,0.0
2024-03-01 16:16:47.355,0 days 00:30:11.682000,2400.625863890281,-650.492253495456,-124.92006312654232,OnTrack,184.75000576,10123.7503744,99.50000128,0,8,5,3477.1777993672968,0.6448895470982619,,0.44777777777721894,interpolation,0 days 00:01:01.059000,61.059,1811.682,0.0
2024-03-01 16:16:47.455,0 days 00:30:11.782000,2445.0,-637.0,-124.0,OnTrack,187.0,10270.0,100.0,0,8,5,3482.641944444444,0.6459029465409714,,0.44777777777721894,interpolation,0 days 00:01:01.159000,61.159,1811.782,0.0
2024-03-01 16:16:47.555,0 days 00:30:11.882000,2501.2615637143313,-617.9028802522326,-122.82409866715736,OnTrack,190.6666729244391,10496.33371960856,100.0,0,8,5,3489.1480138934594,0.6471095849191206,,0.44777777777721894,interpolation,0 days 00:01:01.259000,61.259,1811.882,0.0
2024-03-01 16:16:47.655,0 days 00:30:11.982000,2566.916455329072,-593.8793317142167,-121.4251610846532,OnTrack,194.3333270755609,10722.66628039144,100.0,0,8,5,3496.373847859232,0.6484497133400609,,0.44777777777721894,interpolation,0 days 00:01:01.359000,61.359,1811.982,0.0
2024-03-01 16:16:47.755,0 days 00:30:12.082000,2627.0,-569.0,-120.0,OnTrack,198.0,10949.0,100.0,0,8,5,3502.386944444444,0.6495649232479929,,0.44777777777721894,interpolation,0 days 00:01:01.459000,61.459,1812.082,0.0
2024-03-01 16:16:47.855,0 days 00:30:12.182000,2679.0180724832,-543.9433295188808,-118.58141770573039,OnTrack,200.99999232,10972.49993984,100.0,0,8,5,3506.8651488420155,0.6503954666864932,,0.44777777777721894,interpolation,0 days 00:01:01.559000,61.559,1812.182,0.0
2024-03-01 16:16:47.955,0 days 00:30:12.282000,2723.6531416763346,-518.6762121294131,-117.19563768153775,OnTrack,204.0,10996.0,100.0,0,8,5,3511.4536111111106,0.6512464589351876,,0.44777777777721894,interpolation,0 days 00:01:01.659000,61.659,1812.282,0.0
2024-03-01 16:16:48.055,0 days 00:30:12.382000,2765.0,-493.0,-116.0,OnTrack,206.66666211555167,11157.66639075532,100.0,0,8,5,3517.7973884682006,0.652422998054772,,0.44777777777721894,interpolation,0 days 00:01:01.759000,61.759,1812.382,0.0
2024-03-01 16:16:48.155,0 days 00:30:12.482000,2803.7411093634137,-466.8815853282216,-115.02072787228359,OnTrack,209.33333788444833,11319.33360924468,100.0,0,8,5,3525.5523891597018,0.6538612675860564,,0.44777777777721894,interpolation,0 days 00:01:01.859000,61.859,1812.482,0.0
2024-03-01 16:16:48.255,0 days 00:30:12.582000,2841.0,-440.0,-114.0,OnTrack,212.0,11481.0,100.0,0,8,5,3532.6536111111104,0.6551782850273048,,0.44777777777721894,interpolation,0 days 00:01:01.959000,61.959,1812.582,0.0
2024-03-01 16:16:48.355,0 days 00:30:12.682000,2877.900202143185,-412.0342759012575,-112.6799950847608,OnTrack,213.00000256,11481.0,100.0,0,8,5,3538.756970325091,0.6563102353578281,,0.44777777777721894,interpolation,0 days 00:01:02.059000,62.059,1812.682,0.0
2024-03-01 16:16:48.455,0 days 00:30:12.782000,2916.1500943006445,-380.6677085627935,-111.04491827765534,OnTrack,214.0,11481.0,100.0,0,8,5,3544.5424999999996,0.657383239911249,,0.44777777777721894,interpolation,0 days 00:01:02.159000,62.159,1812.782,0.0
2024-03-01 16:16:48.555,0 days 00:30:12.882000,2966.0,-332.0,-109.0,OnTrack,216.5000064,11249.24940672,100.0,0,8,5,3550.6903550764237,0.6585234425999301,,0.44777777777721894,interpolation,0 days 00:01:02.259000,62.259,1812.882,0.0
2024-03-01 16:16:48.655,0 days 00:30:12.982000,3029.1583152428134,-263.71442202050116,-106.52944524114403,OnTrack,219.0,11017.5,100.0,0,8,5,3557.200472600485,0.6597308317482251,,0.44777777777721894,interpolation,0 days 00:01:02.359000,62.359,1812.982,0.0
2024-03-01 16:16:48.755,0 days 00:30:13.082000,3089.0,-195.0,-104.0,OnTrack,221.5000064,10785.74940672,100.0,0,8,5,3563.603857904304,0.6609184259659344,,0.44777777777721894,interpolation,0 days 00:01:02.459000,62.459,1813.082,0.0
2024-03-01 16:16:48.855,0 days 00:30:13.182000,3128.9000142424784,-145.0457593141996,-101.77841027548058,OnTrack,224.0,10554.0,100.0,0,8,5,3569.4313888888883,0.6619992202290387,,0.44777777777721894,interpolation,0 days 00:01:02.559000,62.559,1813.182,0.0
2024-03-01 16:16:48.955,0 days 00:30:13.282000,3151.7611421913484,-110.69415341352219,-99.83592070539939,OnTrack,226.00000341333043,10555.666669511109,100.0,0,8,5,3574.683125228309,0.6629732256048998,,0.44777777777721894,interpolation,0 days 00:01:02.659000,62.659,1813.282,0.0
2024-03-01 16:16:49.055,0 days 00:30:13.382000,3175.0,-73.0,-98.0,OnTrack,227.99999658666957,10557.333330488891,100.0,0,8,5,3579.5040812326183,0.6638673369542721,,0.44777777777721894,interpolation,0 days 00:01:02.759000,62.759,1813.382,0.0
2024-03-01 16:16:49.155,0 days 00:30:13.482000,3201.519342165177,-28.805784857166355,-96.24189309154946,OnTrack,230.0,10559.0,100.0,0,8,5,3584.7647222222217,0.6648429938176769,,0.44777777777721894,interpolation,0 days 00:01:02.859000,62.859,1813.482,0.0
2024-03-01 16:16:49.255,0 days 00:30:13.582000,3231.163671488189,22.323731571974285,-94.45503138097038,OnTrack,231.99999488,10683.99968,100.0,0,8,5,3590.610062415989,0.6659270910389579,,0.44777777777721894,interpolation,0 days 00:01:02.959000,62.959,1813.582,0.0
2024-03-01 16:16:49.355,0 days 00:30:13.682000,3263.0,83.0,-92.0,OnTrack,234.0,10809.0,100.0,0,8,6,3597.7647222222213,0.6672540192515223,,0.44777777777721894,interpolation,0 days 00:01:03.059000,63.059,1813.682,0.0
2024-03-01 16:16:49.455,0 days 00:30:13.782000,3296.8728289096207,153.65826444078223,-88.77022925829289,OnTrack,234.99999744,10883.999808,100.0,0,8,6,3606.9531889292384,0.6689581443998809,,0.44777777777721894,interpolation,0 days 00:01:03.159000,63.159,1813.782,0.0
2024-03-01 16:16:49.555,0 days 00:30:13.882000,3329.5,226.0,-85.5,OnTrack,236.0,10959.0,100.0,0,8,6,3616.120277777777,0.6706583047358922,,0.44777777777721894,interpolation,0 days 00:01:03.259000,63.259,1813.882,0.0
2024-03-01 16:16:49.655,0 days 00:30:13.982000,3357.599355054086,291.72668178333237,-82.92359306927231,OnTrack,237.49999616,11010.499868160001,100.0,0,8,6,3623.210616047716,0.6719733036515377,,0.44777777777721894,interpolation,0 days 00:01:03.359000,63.359,1813.982,0.0
2024-03-01 16:16:49.755,0 days 00:30:14.082000,3381.5914936127015,351.5788807605484,-80.94631412171951,OnTrack,239.0,11062.0,100.0,0,8,6,3628.224276344293,0.6729031546124382,,0.44777777777721894,interpolation,0 days 00:01:03.459000,63.459,1814.082,0.0
2024-03-01 16:16:49.855,0 days 00:30:14.182000,3404.0,410.0,-79.0,OnTrack,240.49999616,11113.499868160001,100.0,0,8,6,3632.563687601163,0.6737079569899943,,0.44777777777721894,interpolation,0 days 00:01:03.559000,63.559,1814.182,0.0
2024-03-01 16:16:49.955,0 days 00:30:14.282000,3425.2454694498865,467.73060288804857,-76.98995732938863,OnTrack,242.0,11165.0,100.0,0,8,6,3637.631388888888,0.6746478305819817,,0.44777777777721894,interpolation,0 days 00:01:03.659000,63.659,1814.282,0.0
2024-03-01 16:16:50.055,0 days 00:30:14.382000,3446.7448640660673,526.8684311966069,-74.82966570059936,OnTrack,243.99999488,11242.24980224,100.0,0,8,6,3643.4273283143402,0.6757227657641197,,0.44777777777721894,interpolation,0 days 00:01:03.759000,63.759,1814.382,0.0
2024-03-01 16:16:50.155,0 days 00:30:14.482000,3477.0,600.0,-72.0,OnTrack,246.0,11319.5,100.0,0,8,6,3649.9515652280907,0.6769327735437725,,0.44777777777721894,interpolation,0 days 00:01:03.859000,63.859,1814.482,0.0
2024-03-01 16:16:50.255,0 days 00:30:14.582000,3517.4278538651574,689.2230725511268,-68.41443893233101,OnTrack,247.99999488,11396.74980224,100.0,0,8,6,3657.2601228611343,0.6782882441851565,,0.44777777777721894,interpolation,0 days 00:01:03.959000,63.959,1814.582,0.0
2024-03-01 16:16:50.355,0 days 00:30:14.682000,3559.0,775.0,-65.0,OnTrack,250.0,11474.0,100.0,0,8,6,3665.4091666666664,0.679799594329515,,0.44777777777721894,interpolation,0 days 00:01:04.059000,64.059,1814.682,0.0
2024-03-01 16:16:50.455,0 days 00:30:14.782000,3592.6880127429877,837.7931334966322,-62.683700705414594,OnTrack,251.49999616,11532.99984896,100.0,0,8,6,3674.3986131986917,0.6814668085006617,,0.44777777777721894,interpolation,0 days 00:01:04.159000,64.159,1814.782,0.0
2024-03-01 16:16:50.555,0 days 00:30:14.882000,3619.335046299478,880.3327025120449,-61.31603820166454,OnTrack,253.0,11592.0,100.0,0,8,6,3682.2758333333327,0.6829277452770169,,0.44777777777721894,interpolation,0 days 00:01:04.259000,64.259,1814.882,0.0
2024-03-01 16:16:50.655,0 days 00:30:14.982000,3644.0,919.0,-60.0,OnTrack,253.0,11641.999872,100.0,0,8,6,3687.0880252320558,0.6838202312047376,,0.44777777777721894,interpolation,0 days 00:01:04.359000,64.359,1814.982,0.0
2024-03-01 16:16:50.755,0 days 00:30:15.082000,3667.526019416054,956.5252274741118,-58.58608478441203,OnTrack,253.0,11692.0,100.0,0,8,6,3693.5202777777768,0.6850131792420183,,0.44777777777721894,interpolation,0 days 00:01:04.459000,64.459,1815.082,0.0
2024-03-01 16:16:50.855,0 days 00:30:15.182000,3689.9131045476415,992.9083849343806,-57.07429255490065,OnTrack,255.0,11272.0,100.0,0,8,6,3704.8536111111107,0.687115098851012,,0.44777777777721894,interpolation,0 days 00:01:04.559000,64.559,1815.182,0.0
2024-03-01 16:16:50.955,0 days 00:30:15.282000,3722.593637405408,1038.087349927459,-55.02535404793895,OnTrack,255.33333390222174,11017.332898702593,100.0,0,8,6,3712.6643478080755,0.6885637053766621,,0.44777777777721894,interpolation,0 days 00:01:04.659000,64.659,1815.282,0.0
2024-03-01 16:16:51.055,0 days 00:30:15.382000,3777.0,1102.0,-52.0,OnTrack,255.66666609777826,10762.667101297407,100.0,0,8,6,3716.491273274259,0.6892734603483851,,0.44777777777721894,pos,0 days 00:01:04.759000,64.759,1815.382,0.0
2024-03-01 16:16:51.155,0 days 00:30:15.482000,3853.1321923314163,1184.6463351520033,-47.99823041108381,OnTrack,256.0,10508.0,100.0,0,8,6,3721.9913888888887,0.69029353101269,,0.44777777777721894,interpolation,0 days 00:01:04.859000,64.859,1815.482,0.0
2024-03-01 16:16:51.255,0 days 00:30:15.582000,3932.0,1265.0,-44.0,OnTrack,256.99999744,10504.50000896,100.0,0,8,6,3730.1074573174033,0.6917987654283806,,0.44777777777721894,pos,0 days 00:01:04.959000,64.959,1815.582,0.0
2024-03-01 16:16:51.355,0 days 00:30:15.682000,3994.6132086060916,1322.0346391605196,-40.98526348555818,OnTrack,258.0,10501.0,100.0,0,8,7,3739.1913888888885,0.6934835031251624,,0.44777777777721894,interpolation,0 days 00:01:05.059000,65.059,1815.682,0.0
2024-03-01 16:16:51.455,0 days 00:30:15.782000,4040.971818149691,1355.750252633563,-38.95402086775833,OnTrack,258.0,10510.74997504,100.0,0,8,7,3747.5949178044916,0.6950420509674374,,0.44777777777721894,interpolation,0 days 00:01:05.159000,65.159,1815.782,0.0
2024-03-01 16:16:51.555,0 days 00:30:15.882000,4082.2195186184454,1379.0907397898245,-37.320767816079325,OnTrack,258.0,10520.5,100.0,0,8,7,3755.3181301165578,0.6964744249147743,,0.44777777777721894,interpolation,0 days 00:01:05.259000,65.259,1815.882,0.0
2024-03-01 16:16:51.655,0 days 00:30:15.982000,4129.5,1405.0,-35.5,OnTrack,258.0,10530.24997504,100.0,0,8,7,3762.144601788117,0.697740486208894,,0.44777777777721894,interpolation,0 days 00:01:05.359000,65.359,1815.982,0.0
2024-03-01 16:16:51.755,0 days 00:30:16.082000,4182.813262294355,1433.478033264089,-33.49171741952034,OnTrack,258.0,10540.0,100.0,0,8,7,3767.8580555555554,0.6988001233126165,,0.44777777777721894,interpolation,0 days 00:01:05.459000,65.459,1816.082,0.0
2024-03-01 16:16:51.855,0 days 00:30:16.182000,4242.766177916549,1464.17590533379,-31.305630267567224,OnTrack,259.49999616,10576.99990528,100.0,0,8,7,3772.458432913257,0.6996533253752861,,0.44777777777721894,interpolation,0 days 00:01:05.559000,65.559,1816.182,0.0
2024-03-01 16:16:51.955,0 days 00:30:16.282000,4313.0,1495.0,-29.0,OnTrack,261.0,10614.0,100.0,0,8,7,3779.4580555555553,0.7009514998535864,,0.44777777777721894,interpolation,0 days 00:01:05.659000,65.659,1816.282,0.0
2024-03-01 16:16:52.055,0 days 00:30:16.382000,4394.121607174153,1525.6013794413127,-26.584536909178418,OnTrack,263.0,10641.0,100.0,0,8,7,3791.1469444444438,0.7031193620385482,,0.44777777777721894,interpolation,0 days 00:01:05.759000,65.759,1816.382,0.0
2024-03-01 16:16:52.155,0 days 00:30:16.482000,4483.016746942999,1555.1871528791983,-24.12322874042744,OnTrack,263.0,10655.333357795535,100.0,0,8,7,3800.1920650084658,0.7047969017102448,,0.44777777777721894,interpolation,0 days 00:01:05.859000,65.859,1816.482,0.0
2024-03-01 16:16:52.255,0 days 00:30:16.582000,4561.0,1579.0,-22.0,OnTrack,263.0,10669.666642204465,100.0,0,8,7,3805.917613337411,0.7058587819136138,,0.44777777777721894,interpolation,0 days 00:01:05.959000,65.959,1816.582,0.0
2024-03-01 16:16:52.355,0 days 00:30:16.682000,4624.957145738932,1596.2470381443486,-20.278837777989892,OnTrack,263.0,10684.0,100.0,0,8,7,3811.6024999999995,0.7069131208622316,,0.44777777777721894,interpolation,0 days 00:01:06.059000,66.059,1816.682,0.0
2024-03-01 16:16:52.455,0 days 00:30:16.782000,4674.888184159794,1606.9282673122434,-18.959742074397127,OnTrack,263.49999872,10729.74988288,100.0,0,8,7,3817.793137443062,0.70806125811815,,0.44777777777721894,interpolation,0 days 00:01:06.159000,66.159,1816.782,0.0
2024-03-01 16:16:52.555,0 days 00:30:16.882000,4728.875130500758,1612.6453628240165,-17.660775333605795,OnTrack,264.0,10775.5,100.0,0,8,7,3824.4895890588887,0.709303205438325,,0.44777777777721894,interpolation,0 days 00:01:06.259000,66.259,1816.882,0.0
2024-03-01 16:16:52.655,0 days 00:30:16.982000,4805.0,1615.0,-16.0,OnTrack,264.49999872,10821.24988288,100.0,0,8,7,3831.367462225272,0.7105787998333184,,0.44777777777721894,interpolation,0 days 00:01:06.359000,66.359,1816.982,0.0
2024-03-01 16:16:52.755,0 days 00:30:17.082000,4903.262792657517,1613.992178840194,-13.977416073579745,OnTrack,265.0,10867.0,100.0,0,8,7,3838.1024999999995,0.7118279034773781,,0.44777777777721894,interpolation,0 days 00:01:06.459000,66.459,1817.082,0.0
2024-03-01 16:16:52.855,0 days 00:30:17.182000,5011.0,1606.0,-12.0,OnTrack,265.6666655288879,10874.333320817766,100.0,0,8,7,3844.6946334164613,0.713050503579716,,0.44777777777721894,interpolation,0 days 00:01:06.559000,66.559,1817.182,0.0
2024-03-01 16:16:52.955,0 days 00:30:17.282000,5115.5481135541395,1587.401564134821,-10.47472822491575,OnTrack,266.3333344711121,10881.666679182234,100.0,0,8,7,3851.301580279147,0.7142758510355621,,0.44777777777721894,interpolation,0 days 00:01:06.659000,66.659,1817.282,0.0
2024-03-01 16:16:53.055,0 days 00:30:17.382000,5216.907133319934,1558.1968712446567,-9.401600748326993,OnTrack,267.0,10889.0,100.0,0,8,7,3858.8691666666664,0.7156793620550339,,0.44777777777721894,interpolation,0 days 00:01:06.759000,66.759,1817.382,0.0
2024-03-01 16:16:53.155,0 days 00:30:17.482000,5301.312586425762,1529.3937427321644,-8.62767289757474,OnTrack,266.49999872,10863.49993472,100.0,0,8,7,3867.555120372169,0.7172902893858932,,0.44777777777721894,interpolation,0 days 00:01:06.859000,66.859,1817.482,0.0
2024-03-01 16:16:53.255,0 days 00:30:17.582000,5355.0,1512.0,-8.0,OnTrack,266.0,10838.0,100.0,0,8,7,3876.6024999999995,0.718968248031459,,0.44777777777721894,interpolation,0 days 00:01:06.959000,66.959,1817.582,0.0
2024-03-01 16:16:53.355,0 days 00:30:17.682000,5377.969374042648,1506.0156430481652,-7.518582055602774,OnTrack,267.0000017066652,10858.000034133303,100.0,0,8,7,3885.254545743832,0.7205728866732415,,0.44777777777721894,interpolation,0 days 00:01:07.059000,67.059,1817.682,0.0
2024-03-01 16:16:53.455,0 days 00:30:17.782000,5370.220708553708,1511.440671876659,-7.183419064383063,OnTrack,267.9999982933348,10877.999965866697,100.0,0,8,7,3893.4157426332495,0.7220864907710114,,0.44777777777721894,interpolation,0 days 00:01:07.159000,67.159,1817.782,0.0
2024-03-01 16:16:53.555,0 days 00:30:17.882000,5390.861688787914,1500.8953647668234,-6.75654654097182,OnTrack,269.0,10898.0,100.0,0,8,7,3900.513611111111,0.7234028862653356,,0.44777777777721894,interpolation,0 days 00:01:07.259000,67.259,1817.882,0.0
2024-03-01 16:16:53.655,0 days 00:30:17.982000,5499.0,1447.0,-6.0,OnTrack,269.99999744,10956.49985024,100.0,0,8,7,3906.4526521217367,0.724504361567587,,0.44777777777721894,interpolation,0 days 00:01:07.359000,67.359,1817.982,0.0
2024-03-01 16:16:53.755,0 days 00:30:18.082000,5676.0,1359.0,-5.0,OnTrack,271.0,11015.0,100.0,0,8,7,3912.5580555555553,0.7256366910262658,,0.44777777777721894,interpolation,0 days 00:01:07.459000,67.459,1818.082,0.0
2024-03-01 16:16:53.855,0 days 00:30:18.182000,5810.04840813311,1292.3676152912872,-4.273867243479721,OnTrack,271.6666655288879,11006.333348124457,100.0,0,8,7,3920.1548879678658,0.7270456261157077,,0.44777777777721894,interpolation,0 days 00:01:07.559000,67.559,1818.182,0.0
2024-03-01 16:16:53.955,0 days 00:30:18.282000,5882.5097730373645,1256.348173625032,-3.9078214060775625,OnTrack,272.3333344711121,10997.666651875543,100.0,0,8,7,3928.9100851187886,0.7286693955779544,,0.44777777777721894,interpolation,0 days 00:01:07.659000,67.659,1818.282,0.0
2024-03-01 16:16:54.055,0 days 00:30:18.382000,5901.929195376825,1246.7829917600213,-3.863054430408706,OnTrack,273.0,10989.0,100.0,0,8,7,3936.824722222221,0.7301372718361107,,0.44777777777721894,interpolation,0 days 00:01:07.759000,67.759,1818.382,0.0
2024-03-01 16:16:54.155,0 days 00:30:18.482000,5919.577541642257,1238.719842493793,-3.9067167799766396,OnTrack,273.50000128,10949.99990016,100.0,0,8,7,3943.565738292623,0.7313874842357798,,0.44777777777721894,interpolation,0 days 00:01:07.859000,67.859,1818.482,0.0
2024-03-01 16:16:54.255,0 days 00:30:18.582000,5944.0,1228.0,-4.0,OnTrack,274.0,10911.0,100.0,0,8,7,3952.046944444444,0.7329604383697588,,0.44777777777721894,interpolation,0 days 00:01:07.959000,67.959,1818.582,0.0
2024-03-01 16:16:54.355,0 days 00:30:18.682000,5975.196570450055,1214.6234642786424,-4.142904090478788,OnTrack,270.0,10962.0,100.0,0,8,7,3963.9719444444445,0.7351720905465748,,0.44777777777721894,interpolation,0 days 00:01:08.059000,68.059,1818.682,0.0
2024-03-01 16:16:54.455,0 days 00:30:18.782000,6013.167252992422,1198.5902353297197,-4.335429051413001,OnTrack,262.33334641778896,10542.000716800612,66.66672355560411,0,8,7,3972.0784988111614,0.7366755604511138,,0.44777777777721894,interpolation,0 days 00:01:08.159000,68.159,1818.782,0.0
2024-03-01 16:16:54.555,0 days 00:30:18.882000,6066.054309038577,1173.5118887159372,-4.610239486640714,OnTrack,254.66665358221107,10121.999283199388,33.333276444395906,1,8,7,3975.9600231101495,0.7373954415131867,,0.44777777777721894,interpolation,0 days 00:01:08.259000,68.259,1818.882,0.0
2024-03-01 16:16:54.655,0 days 00:30:18.982000,6142.0,1133.0,-5.0,OnTrack,247.0,9702.0,0.0,1,8,7,3980.4386111111107,0.7382260560961124,,0.44777777777721894,pos,0 days 00:01:08.359000,68.359,1818.982,0.0
2024-03-01 16:16:54.755,0 days 00:30:19.082000,6241.004325876692,1077.054569181908,-5.504710591490856,OnTrack,233.49996544,9645.49985536,0.0,1,8,7,3986.318004452474,0.7393164689331592,,0.44777777777721894,interpolation,0 days 00:01:08.459000,68.459,1819.082,0.0
2024-03-01 16:16:54.855,0 days 00:30:19.182000,6334.0,1023.0,-6.0,OnTrack,220.0,9589.0,0.0,1,8,7,3992.660833333333,0.7404928321450269,,0.44777777777721894,interpolation,0 days 00:01:08.559000,68.559,1819.182,0.0
2024-03-01 16:16:54.955,0 days 00:30:19.282000,6391.919735701272,988.1606961926153,-6.361496964414148,OnTrack,207.99997952001746,9543.333255395622,0.0,1,8,7,3998.529853108333,0.7415813210642015,,0.44777777777721894,interpolation,0 days 00:01:08.659000,68.659,1819.282,0.0
2024-03-01 16:16:55.055,0 days 00:30:19.382000,6414.76353298051,972.5366577597538,-6.589201484733302,OnTrack,196.00002047998254,9497.666744604378,0.0,1,8,7,4003.943897838488,0.7425854287214615,,0.44777777777721894,interpolation,0 days 00:01:08.759000,68.759,1819.382,0.0
2024-03-01 16:16:55.155,0 days 00:30:19.482000,6425.975563769493,960.3942904470154,-6.772305262685803,OnTrack,184.0,9452.0,0.0,1,8,7,4009.0163888888883,0.7435261906395744,,0.44777777777721894,interpolation,0 days 00:01:08.859000,68.859,1819.482,0.0
2024-03-01 16:16:55.255,0 days 00:30:19.582000,6449.0,936.0,-7.0,OnTrack,181.00000512000437,9665.999634773021,0.0,1,8,7,4013.766168476982,0.7444071013620401,,0.44777777777721894,interpolation,0 days 00:01:08.959000,68.959,1819.582,0.0
2024-03-01 16:16:55.355,0 days 00:30:19.682000,6483.83684167203,899.3537864187075,-7.272285696675889,OnTrack,177.99999487999563,9880.000365226979,0.0,1,8,6,4018.2299306189902,0.7452349662893492,,0.44777777777721894,interpolation,0 days 00:01:09.059000,69.059,1819.682,0.0
2024-03-01 16:16:55.455,0 days 00:30:19.782000,6527.380794791615,853.1994636871885,-7.594647893088012,OnTrack,175.0,10094.0,0.0,1,8,6,4022.6274999999996,0.7460505548758656,,0.44777777777721894,interpolation,0 days 00:01:09.159000,69.159,1819.782,0.0
2024-03-01 16:16:55.555,0 days 00:30:19.882000,6561.0,814.0,-8.0,OnTrack,164.9999744,9872.99943424,0.0,1,8,6,4026.9955670295913,0.7468606718531801,,0.44777777777721894,interpolation,0 days 00:01:09.259000,69.259,1819.882,0.0
2024-03-01 16:16:55.655,0 days 00:30:19.982000,6581.589131504841,784.499237437991,-8.493827613958612,OnTrack,155.0,9652.0,0.0,1,8,5,4031.238611111111,0.7476476016376009,,0.44777777777721894,interpolation,0 days 00:01:09.359000,69.359,1819.982,0.0
2024-03-01 16:16:55.755,0 days 00:30:20.082000,6596.0,757.0,-9.0,OnTrack,152.99999658666957,9555.99983616014,0.0,1,8,5,4035.26119982568,0.7483936449991953,,0.44777777777721894,interpolation,0 days 00:01:09.459000,69.459,1820.082,0.0
2024-03-01 16:16:55.855,0 days 00:30:20.182000,6611.08441617933,723.8051116848649,-9.442386423160308,OnTrack,151.00000341333043,9460.00016383986,0.0,1,8,5,4039.0835777865123,0.7491025565746826,,0.44777777777721894,interpolation,0 days 00:01:09.559000,69.559,1820.182,0.0
2024-03-01 16:16:55.955,0 days 00:30:20.282000,6626.842380042835,684.9145724925856,-9.820986883439538,OnTrack,149.0,9364.0,0.0,1,8,4,4042.8275,0.7497969174730718,,0.44777777777721894,interpolation,0 days 00:01:09.659000,69.659,1820.282,0.0
2024-03-01 16:16:56.055,0 days 00:30:20.382000,6641.179153884925,640.5667470540138,-10.289093901999001,OnTrack,146.5000064,9220.50036736,0.0,1,8,4,4046.513213932895,0.7504804828603093,,0.44777777777721894,interpolation,0 days 00:01:09.759000,69.759,1820.382,0.0
2024-03-01 16:16:56.155,0 days 00:30:20.482000,6652.0,591.0,-11.0,OnTrack,144.0,9077.0,0.0,0,8,4,4050.8275,0.7512806254323613,,0.44777777777721894,interpolation,0 days 00:01:09.859000,69.859,1820.482,0.0
2024-03-01 16:16:56.255,0 days 00:30:20.582000,6659.304918388064,536.2143313305448,-11.95370517744254,OnTrack,143.00000256,8969.00027648,0.0,0,8,4,4056.4570566961197,0.7523247026920243,,0.44777777777721894,interpolation,0 days 00:01:09.959000,69.959,1820.582,0.0
2024-03-01 16:16:56.355,0 days 00:30:20.682000,6663.386468716257,478.6557239339846,-13.08470779178708,OnTrack,142.0,8861.0,0.0,1,8,4,4061.8719444444446,0.7533289666983805,,0.44777777777721894,interpolation,0 days 00:01:10.059000,70.059,1820.682,0.0
2024-03-01 16:16:56.455,0 days 00:30:20.782000,6666.0,433.0,-14.0,OnTrack,140.3333361777802,8789.333455644548,4.999991466659385,1,8,4,4065.542110573072,0.7540096485355003,,0.44777777777721894,interpolation,0 days 00:01:10.159000,70.159,1820.782,0.0
2024-03-01 16:16:56.555,0 days 00:30:20.882000,6667.438068910638,401.6931173701913,-14.634080830275147,OnTrack,138.6666638222198,8717.666544355452,10.000008533340615,1,8,4,4067.840584852612,0.7544359316083474,,0.44777777777721894,interpolation,0 days 00:01:10.259000,70.259,1820.882,0.0
2024-03-01 16:16:56.655,0 days 00:30:20.982000,6667.70067544817,384.73507604455824,-14.986950282612522,OnTrack,137.0,8646.0,15.0,0,8,4,4071.005277777778,0.7550228666185693,,0.44777777777721894,interpolation,0 days 00:01:10.359000,70.359,1820.982,0.0
2024-03-01 16:16:56.755,0 days 00:30:21.082000,6664.3629442616175,367.65949669664616,-15.346344593643636,OnTrack,137.0,8646.50000128,20.0000128,0,8,4,4075.4092139431245,0.7558396360111603,,0.44777777777721894,interpolation,0 days 00:01:10.459000,70.459,1821.082,0.0
2024-03-01 16:16:56.855,0 days 00:30:21.182000,6655.0,336.0,-16.0,OnTrack,137.0,8647.0,25.0,0,8,4,4080.1386111111115,0.7567167665387583,,0.44777777777721894,interpolation,0 days 00:01:10.559000,70.559,1821.182,0.0
2024-03-01 16:16:56.955,0 days 00:30:21.282000,6639.611842663319,289.75658595462,-16.947916501681625,OnTrack,137.0,8763.00029696,36.50002944,0,8,4,4084.279780569521,0.7574848022995344,,0.44777777777721894,interpolation,0 days 00:01:10.659000,70.659,1821.282,0.0
2024-03-01 16:16:57.055,0 days 00:30:21.382000,6619.4473692370175,232.5383527061136,-18.109368508563826,OnTrack,137.0,8879.0,48.0,0,8,4,4087.7497222222223,0.7581283498055823,,0.44777777777721894,interpolation,0 days 00:01:10.759000,70.759,1821.382,0.0
2024-03-01 16:16:57.155,0 days 00:30:21.482000,6602.0,186.0,-19.0,OnTrack,138.33333560888696,8833.333255395622,50.666671217773896,0,8,4,4090.4655139108436,0.7586320300236048,,0.44777777777721894,interpolation,0 days 00:01:10.859000,70.859,1821.482,0.0
2024-03-01 16:16:57.255,0 days 00:30:21.582000,6588.518644726481,153.75066293924093,-19.539084559231203,OnTrack,139.66666439111304,8787.666744604378,53.333328782226104,0,8,4,4092.8176960670467,0.759068273946962,,0.44777777777721894,interpolation,0 days 00:01:10.959000,70.959,1821.582,0.0
2024-03-01 16:16:57.355,0 days 00:30:21.682000,6579.003303416457,135.7903415238364,-19.726622186257423,OnTrack,141.0,8742.0,56.0,0,8,4,4097.149722222222,0.7598717066577475,,0.44777777777721894,interpolation,0 days 00:01:11.059000,71.059,1821.682,0.0
2024-03-01 16:16:57.455,0 days 00:30:21.782000,6566.486310398206,119.43484934651366,-20.050848720154935,OnTrack,141.0,9284.0,62.0,0,8,4,4103.416388888889,0.7610339445591909,,0.44777777777721894,interpolation,0 days 00:01:11.159000,71.159,1821.782,0.0
2024-03-01 16:16:57.555,0 days 00:30:21.882000,6544.0,92.0,-21.0,OnTrack,145.00001024,9594.25079424,68.00001535999999,0,8,4,4109.003373714871,0.7620701262910332,,0.44777777777721894,interpolation,0 days 00:01:11.259000,71.259,1821.882,0.0
2024-03-01 16:16:57.655,0 days 00:30:21.982000,6511.544372221841,53.48579348429543,-22.57407602579262,OnTrack,149.0,9904.5,74.0,0,8,4,4113.474892120645,0.7628994297221279,,0.44777777777721894,interpolation,0 days 00:01:11.359000,71.359,1821.982,0.0
2024-03-01 16:16:57.755,0 days 00:30:22.082000,6480.0,17.0,-24.0,OnTrack,153.00001024,10214.75079424,80.00001535999999,0,8,4,4117.289195184136,0.7636068436989332,,0.44777777777721894,interpolation,0 days 00:01:11.459000,71.459,1822.082,0.0
2024-03-01 16:16:57.855,0 days 00:30:22.182000,6460.247456270761,-4.34961025228619,-24.504695125089352,OnTrack,157.0,10525.0,86.0,0,8,4,4120.904444444444,0.7642773404617252,,0.44777777777721894,interpolation,0 days 00:01:11.559000,71.559,1822.182,0.0
2024-03-01 16:16:57.955,0 days 00:30:22.282000,6438.0,-25.0,-25.0,OnTrack,161.00000682666084,10691.333617208647,90.66667463110431,0,8,4,4124.320676921818,0.7649109268764079,,0.44777777777721894,interpolation,0 days 00:01:11.659000,71.659,1822.282,0.0
2024-03-01 16:16:58.055,0 days 00:30:22.382000,6398.970890153595,-59.38813197057829,-26.39775322367126,OnTrack,164.99999317333916,10857.666382791353,95.33332536889569,0,8,4,4127.717311029687,0.765540878508988,,0.44777777777721894,interpolation,0 days 00:01:11.759000,71.759,1822.382,0.0
2024-03-01 16:16:58.155,0 days 00:30:22.482000,6356.0,-96.0,-28.0,OnTrack,169.0,11024.0,100.0,0,8,4,4132.171111111112,0.7663668958377248,,0.44777777777721894,interpolation,0 days 00:01:11.859000,71.859,1822.482,0.0
2024-03-01 16:16:58.255,0 days 00:30:22.582000,6321.927202807666,-123.32159792424406,-29.108785532883083,OnTrack,171.4999936,11278.49934848,100.0,0,8,4,4137.8614849548585,0.7674222524581373,,0.44777777777721894,interpolation,0 days 00:01:11.959000,71.959,1822.582,0.0
2024-03-01 16:16:58.355,0 days 00:30:22.682000,6288.0,-148.0,-30.0,OnTrack,174.0,11533.0,100.0,0,8,4,4143.771111111111,0.7685182723786945,,0.44777777777721894,interpolation,0 days 00:01:12.059000,72.059,1822.682,0.0
2024-03-01 16:16:58.455,0 days 00:30:22.782000,6245.465893000412,-176.68228048395747,-30.949533579030238,OnTrack,177.49999104,11751.99943936,100.0,0,8,4,4148.882549346078,0.7694662575777742,,0.44777777777721894,interpolation,0 days 00:01:12.159000,72.159,1822.782,0.0
2024-03-01 16:16:58.555,0 days 00:30:22.882000,6195.260777622804,-208.69527300321886,-31.95476869739133,OnTrack,181.0,11971.0,100.0,0,8,4,4153.826666666667,0.7703832108553015,,0.44777777777721894,interpolation,0 days 00:01:12.259000,72.259,1822.882,0.0
2024-03-01 16:16:58.655,0 days 00:30:22.982000,6143.0,-240.0,-33.0,OnTrack,183.99999232,11701.75068928,100.0,0,8,4,4159.234227110881,0.771386115914229,,0.44777777777721894,pos,0 days 00:01:12.359000,72.359,1822.982,0.0
2024-03-01 16:16:58.755,0 days 00:30:23.082000,6089.619446362382,-269.9233019945917,-34.0826099410776,OnTrack,187.0,11432.5,100.0,0,8,4,4165.105286052289,0.772474983024332,,0.44777777777721894,interpolation,0 days 00:01:12.459000,72.459,1823.082,0.0
2024-03-01 16:16:58.855,0 days 00:30:23.182000,6036.174778546313,-298.1734432075437,-35.162602463962294,OnTrack,189.99999232,11163.25068928,100.0,0,8,4,4170.698118963104,0.7735122493624265,,0.44777777777721894,interpolation,0 days 00:01:12.559000,72.559,1823.182,0.0
2024-03-01 16:16:58.955,0 days 00:30:23.282000,5989.0,-323.0,-36.0,OnTrack,193.0,10894.0,100.0,0,8,4,4175.271111111111,0.7743603724683971,,0.44777777777721894,interpolation,0 days 00:01:12.659000,72.659,1823.282,0.0
2024-03-01 16:16:59.055,0 days 00:30:23.382000,5949.15078336984,-344.1112336051206,-36.55480608296719,OnTrack,197.9999872,10923.9999232,100.0,0,8,4,4178.824215668988,0.7750193436574857,,0.44777777777721894,interpolation,0 days 00:01:12.759000,72.759,1823.382,0.0
2024-03-01 16:16:59.155,0 days 00:30:23.482000,5910.0,-365.0,-37.0,OnTrack,203.0,10954.0,100.0,0,8,5,4184.293333333334,0.7760336653335959,,0.44777777777721894,interpolation,0 days 00:01:12.859000,72.859,1823.482,0.0
2024-03-01 16:16:59.255,0 days 00:30:23.582000,5864.920521234651,-389.1591551617328,-37.50856103823458,OnTrack,206.0,11115.0,100.0,0,8,5,4193.448888888889,0.7777316866647828,,0.44777777777721894,interpolation,0 days 00:01:12.959000,72.959,1823.582,0.0
2024-03-01 16:16:59.355,0 days 00:30:23.682000,5818.0,-414.0,-38.0,OnTrack,209.33333902221736,11322.667021084142,100.0,0,8,5,4199.298615275129,0.7788165973646493,,0.44777777777721894,interpolation,0 days 00:01:13.059000,73.059,1823.682,0.0
2024-03-01 16:16:59.455,0 days 00:30:23.782000,5773.326089222259,-436.9338354244826,-38.39382768762533,OnTrack,212.66666097778264,11530.332978915858,100.0,0,8,5,4201.817575115254,0.7792837724601395,,0.44777777777721894,interpolation,0 days 00:01:13.159000,73.159,1823.782,0.0
2024-03-01 16:16:59.555,0 days 00:30:23.882000,5713.0,-468.0,-39.0,OnTrack,216.0,11738.0,100.0,0,8,5,4207.848888888889,0.7804023609915038,,0.44777777777721894,pos,0 days 00:01:13.259000,73.259,1823.882,0.0
2024-03-01 16:16:59.655,0 days 00:30:23.982000,5627.0,-513.0,-40.0,OnTrack,218.0,11796.0,100.0,0,8,5,4217.537777777778,0.7821992961866433,,0.44777777777721894,interpolation,0 days 00:01:13.359000,73.359,1823.982,0.0
2024-03-01 16:16:59.755,0 days 00:30:24.082000,5562.58867061545,-546.5067114896028,-40.622986724845845,OnTrack,219.75000448,11489.749216,100.0,0,8,5,4224.912951402938,0.7835671216627423,,0.44777777777721894,interpolation,0 days 00:01:13.459000,73.459,1824.082,0.0
2024-03-01 16:16:59.855,0 days 00:30:24.182000,5527.643149076021,-564.2822587818127,-40.74048602295555,OnTrack,221.5,11183.5,100.0,0,8,5,4228.979111136484,0.7843212458577928,,0.44777777777721894,interpolation,0 days 00:01:13.559000,73.559,1824.182,0.0
2024-03-01 16:16:59.955,0 days 00:30:24.282000,5495.37605299858,-580.6666766831162,-40.73774230958748,OnTrack,223.25000448,10877.249216,100.0,0,8,5,4232.324629790671,0.784941717439689,,0.44777777777721894,interpolation,0 days 00:01:13.659000,73.659,1824.282,0.0
2024-03-01 16:17:00.055,0 days 00:30:24.382000,5439.0,-610.0,-41.0,OnTrack,225.0,10571.0,100.0,0,8,5,4237.5377777777785,0.7859085660848673,,0.44777777777721894,pos,0 days 00:01:13.759000,73.759,1824.382,0.0
2024-03-01 16:17:00.155,0 days 00:30:24.482000,5358.514990080281,-652.2822287324643,-41.52725909419312,OnTrack,229.6666746311043,10683.666858950946,100.0,0,8,6,4244.618608480576,0.7872218016938825,,0.44777777777721894,interpolation,0 days 00:01:13.859000,73.859,1824.482,0.0
2024-03-01 16:17:00.255,0 days 00:30:24.582000,5270.0,-699.0,-42.0,OnTrack,234.3333253688957,10796.333141049054,100.0,0,8,6,4253.239783362893,0.7888207149177975,,0.44777777777721894,interpolation,0 days 00:01:13.959000,73.959,1824.582,0.0
2024-03-01 16:17:00.355,0 days 00:30:24.682000,5189.534006519742,-741.6399509220984,-42.09870312525382,OnTrack,239.0,10909.0,100.0,0,8,6,4261.437777777778,0.7903411436132447,,0.44777777777721894,interpolation,0 days 00:01:14.059000,74.059,1824.682,0.0
2024-03-01 16:17:00.455,0 days 00:30:24.782000,5117.117009639505,-780.2020814987594,-41.82336846995456,OnTrack,240.49999616,11011.99973632,100.0,0,8,6,4268.885241749334,0.7917223763096345,,0.44777777777721894,interpolation,0 days 00:01:14.159000,74.159,1824.782,0.0
2024-03-01 16:17:00.555,0 days 00:30:24.882000,5053.1415079395165,-814.4131713260407,-41.386349579678026,OnTrack,242.0,11115.0,100.0,0,8,6,4275.582251539785,0.792964427150826,,0.44777777777721894,interpolation,0 days 00:01:14.259000,74.259,1824.882,0.0
2024-03-01 16:17:00.655,0 days 00:30:24.982000,4998.0,-844.0,-41.0,OnTrack,243.49999616,11217.99973632,100.0,0,8,6,4282.012545160343,0.794157011879,,0.44777777777721894,interpolation,0 days 00:01:14.359000,74.359,1824.982,0.0
2024-03-01 16:17:00.755,0 days 00:30:25.082000,4951.692485820957,-868.9625675206372,-40.664319730920475,OnTrack,245.0,11321.0,100.0,0,8,6,4288.660000000001,0.7953898720858272,,0.44777777777721894,interpolation,0 days 00:01:14.459000,74.459,1825.082,0.0
2024-03-01 16:17:00.855,0 days 00:30:25.182000,4914.21896540239,-889.3008738879525,-40.37930877243946,OnTrack,246.99999488,11415.9997568,100.0,0,8,6,4295.524547988996,0.796662995146852,,0.44777777777721894,interpolation,0 days 00:01:14.559000,74.559,1825.182,0.0
2024-03-01 16:17:00.955,0 days 00:30:25.282000,4876.135962282627,-909.9887433112914,-40.15464342773871,OnTrack,249.0,11511.0,100.0,0,8,6,4302.493333333333,0.7979554504320985,,0.44777777777721894,interpolation,0 days 00:01:14.659000,74.659,1825.282,0.0
2024-03-01 16:17:01.055,0 days 00:30:25.382000,4828.0,-936.0,-40.0,OnTrack,251.4999936,11594.99978496,100.0,0,8,6,4309.453358585682,0.7992462810400692,,0.44777777777721894,interpolation,0 days 00:01:14.759000,74.759,1825.382,0.0
2024-03-01 16:17:01.155,0 days 00:30:25.482000,4769.811078554512,-967.334643954078,-39.91537848922333,OnTrack,254.0,11679.0,100.0,0,8,6,4316.533888888888,0.8005594609359264,,0.44777777777721894,interpolation,0 days 00:01:14.859000,74.859,1825.482,0.0
2024-03-01 16:17:01.255,0 days 00:30:25.582000,4702.316488931516,-1003.662221450551,-39.90564541006914,OnTrack,255.49999616,11729.99986944,100.0,0,8,6,4323.864045610506,0.8019189374197644,,0.44777777777721894,interpolation,0 days 00:01:14.959000,74.959,1825.582,0.0
2024-03-01 16:17:01.355,0 days 00:30:25.682000,4630.0,-1043.0,-40.0,OnTrack,257.0,11781.0,100.0,0,8,6,4330.8116666666665,0.8032074675021585,,0.44777777777721894,interpolation,0 days 00:01:15.059000,75.059,1825.682,0.0
2024-03-01 16:17:01.455,0 days 00:30:25.782000,4553.60891039762,-1085.0175224955872,-40.20330882350974,OnTrack,257.9999982933319,11410.667298702761,100.0,0,8,6,4336.744443769058,0.8043077810780974,,0.44777777777721894,interpolation,0 days 00:01:15.159000,75.159,1825.782,0.0
2024-03-01 16:17:01.555,0 days 00:30:25.882000,4475.076234591234,-1128.5934740737735,-40.52259532998654,OnTrack,259.0000017066681,11040.332701297239,100.0,0,8,6,4342.270029692961,0.8053325755549765,,0.44777777777721894,interpolation,0 days 00:01:15.259000,75.259,1825.882,0.0
2024-03-01 16:17:01.655,0 days 00:30:25.982000,4406.0,-1167.0,-41.0,OnTrack,260.0,10670.0,100.0,0,8,6,4351.033888888889,0.8069579515103628,,0.44777777777721894,interpolation,0 days 00:01:15.359000,75.359,1825.982,0.0
2024-03-01 16:17:01.755,0 days 00:30:26.082000,4348.313201296809,-1199.115796892933,-41.642546211018555,OnTrack,261.0,10645.0,100.0,0,8,6,4362.633888888889,0.8091093280513324,,0.44777777777721894,interpolation,0 days 00:01:15.459000,75.459,1826.082,0.0
2024-03-01 16:17:01.855,0 days 00:30:26.182000,4300.448298103935,-1225.7769503899553,-42.403227095040556,OnTrack,263.4999936,10678.49991424,100.0,0,8,7,4371.011077209958,0.8106629906748872,,0.44777777777721894,interpolation,0 days 00:01:15.559000,75.559,1826.182,0.0
2024-03-01 16:17:01.955,0 days 00:30:26.282000,4253.0,-1252.0,-43.0,OnTrack,266.0,10712.0,100.0,0,8,7,4377.411666666667,0.8118500663650201,,0.44777777777721894,interpolation,0 days 00:01:15.659000,75.659,1826.282,0.0
2024-03-01 16:17:02.055,0 days 00:30:26.382000,4204.400750555582,-1278.6210399220106,-43.38585757654243,OnTrack,266.6666655288879,10733.666629688858,100.0,0,8,7,4384.091532982637,0.8130889377175193,,0.44777777777721894,interpolation,0 days 00:01:15.759000,75.759,1826.382,0.0
2024-03-01 16:17:02.155,0 days 00:30:26.482000,4151.01171538958,-1307.7448450400464,-43.724708523654705,OnTrack,267.3333344711121,10755.333370311142,100.0,0,8,7,4391.047064643081,0.814378934928231,,0.44777777777721894,interpolation,0 days 00:01:15.859000,75.859,1826.482,0.0
2024-03-01 16:17:02.255,0 days 00:30:26.582000,4071.0,-1352.0,-45.0,OnTrack,268.0,10777.0,100.0,0,8,7,4398.256111111112,0.815715949881169,,0.44777777777721894,interpolation,0 days 00:01:15.959000,75.959,1826.582,0.0
2024-03-01 16:17:02.355,0 days 00:30:26.682000,3960.726807267215,-1413.4912581331464,-47.375639026148676,OnTrack,269.50000384,10829.00013312,100.0,0,8,7,4405.715066290748,0.8170993137771702,,0.44777777777721894,interpolation,0 days 00:01:16.059000,76.059,1826.682,0.0
2024-03-01 16:17:02.455,0 days 00:30:26.782000,3847.0,-1477.0,-50.0,OnTrack,271.0,10881.0,100.0,0,8,7,4413.423853802482,0.8185290124506243,,0.44777777777721894,interpolation,0 days 00:01:16.159000,76.159,1826.782,0.0
2024-03-01 16:17:02.555,0 days 00:30:26.882000,3756.627441007129,-1527.3076061610748,-52.02145731945326,OnTrack,272.50000384,10933.00013312,100.0,0,8,7,4421.159920048532,0.8199637703334811,,0.44777777777721894,interpolation,0 days 00:01:16.259000,76.259,1826.882,0.0
2024-03-01 16:17:02.655,0 days 00:30:26.982000,3689.6091302886025,-1564.4140766163714,-53.44001098450846,OnTrack,274.0,10985.0,100.0,0,8,7,4428.700555555557,0.8213622829484654,,0.44777777777721894,interpolation,0 days 00:01:16.359000,76.359,1826.982,0.0
2024-03-01 16:17:02.755,0 days 00:30:27.082000,3634.5362544257746,-1594.813508763482,-54.63855915730942,OnTrack,274.6666678044435,11037.666756551034,100.0,0,8,7,4436.045837539863,0.822724564616383,,0.44777777777721894,interpolation,0 days 00:01:16.459000,76.459,1827.082,0.0
2024-03-01 16:17:02.855,0 days 00:30:27.182000,3580.0,-1625.0,-56.0,OnTrack,275.3333321955565,11090.333243448966,100.0,0,8,7,4443.19758340789,0.8240509523997841,,0.44777777777721894,interpolation,0 days 00:01:16.559000,76.559,1827.182,0.0
2024-03-01 16:17:02.955,0 days 00:30:27.282000,3526.000367011279,-1654.9735503259258,-57.52433351258019,OnTrack,276.0,11143.0,100.0,0,8,7,4450.167222222224,0.8253435659725591,,0.44777777777721894,interpolation,0 days 00:01:16.659000,76.659,1827.282,0.0
2024-03-01 16:17:03.055,0 days 00:30:27.382000,3472.537355459612,-1684.7341597412585,-59.211559695049985,OnTrack,277.3333310577758,11189.33325425771,100.0,0,8,7,4456.956575235881,0.826602743110658,,0.44777777777721894,interpolation,0 days 00:01:16.759000,76.759,1827.382,0.0
2024-03-01 16:17:03.155,0 days 00:30:27.482000,3419.35624232458,-1714.4122950794413,-61.051654735880135,OnTrack,278.6666689422242,11235.66674574229,100.0,0,8,7,4463.78242847888,0.8278686897088552,,0.44777777777721894,interpolation,0 days 00:01:16.859000,76.859,1827.482,0.0
2024-03-01 16:17:03.255,0 days 00:30:27.582000,3364.9286973087314,-1744.7907533331988,-62.98447607382546,OnTrack,280.0,11282.0,100.0,0,8,7,4471.945000000002,0.8293825487506251,,0.44777777777721894,interpolation,0 days 00:01:16.959000,76.959,1827.582,0.0
2024-03-01 16:17:03.355,0 days 00:30:27.682000,3309.0,-1776.0,-65.0,OnTrack,281.00000256,11274.4999808,100.0,0,8,7,4481.661089891045,0.8311845287386892,,0.44777777777721894,interpolation,0 days 00:01:17.059000,77.059,1827.682,0.0
2024-03-01 16:17:03.455,0 days 00:30:27.782000,3251.5701503983837,-1808.040035079845,-67.09822651440376,OnTrack,282.0,11267.0,100.0,0,8,7,4490.745000000002,0.8328692624549553,,0.44777777777721894,interpolation,0 days 00:01:17.159000,77.159,1827.782,0.0
2024-03-01 16:17:03.555,0 days 00:30:27.882000,3192.6391485038844,-1840.9108585727336,-69.27915561703674,OnTrack,282.0,11313.00011776,100.0,0,8,7,4497.011224686822,0.8340314183852718,,0.44777777777721894,interpolation,0 days 00:01:17.259000,77.259,1827.882,0.0
2024-03-01 16:17:03.655,0 days 00:30:27.982000,3130.263572357442,-1875.7012527792556,-71.69550691115134,OnTrack,282.0,11359.0,100.0,0,8,7,4503.278333333335,0.8351937382578422,,0.44777777777721894,interpolation,0 days 00:01:17.359000,77.359,1827.982,0.0
2024-03-01 16:17:03.755,0 days 00:30:28.082000,3062.5,-1913.5,-74.5,OnTrack,283.00000256,11411.00013312,100.0,0,8,7,4512.365023662737,0.8368789876035091,,0.44777777777721894,interpolation,0 days 00:01:17.459000,77.459,1828.082,0.0
2024-03-01 16:17:03.855,0 days 00:30:28.182000,2989.3484314315583,-1954.3071002349677,-77.69263488358273,OnTrack,284.0,11463.0,100.0,0,8,7,4522.211666666669,0.8387051804281609,,0.44777777777721894,interpolation,0 days 00:01:17.559000,77.559,1828.182,0.0
2024-03-01 16:17:03.955,0 days 00:30:28.282000,2912.377615822132,-1997.2396216095865,-81.13537442018429,OnTrack,285.50000384,11498.50009088,100.0,0,8,7,4530.758827214072,0.8402903666948494,,0.44777777777721894,interpolation,0 days 00:01:17.659000,77.659,1828.282,0.0
2024-03-01 16:17:04.055,0 days 00:30:28.382000,2841.0,-2037.0,-84.0,OnTrack,287.0,11534.0,100.0,0,8,7,4538.235833333335,0.8416770783812002,,0.44777777777721894,interpolation,0 days 00:01:17.759000,77.759,1828.382,0.0
2024-03-01 16:17:04.155,0 days 00:30:28.482000,2776.784317071269,-2072.7053125728125,-86.14847589480775,OnTrack,287.6666678044435,11542.666681457766,100.0,0,8,7,4544.872177140288,0.8429078778970699,,0.44777777777721894,interpolation,0 days 00:01:17.859000,77.859,1828.482,0.0
2024-03-01 16:17:04.255,0 days 00:30:28.582000,2715.0,-2107.0,-88.0,OnTrack,288.3333321955565,11551.333318542234,100.0,0,8,7,4550.8766522201595,0.84402148883049,,0.44777777777721894,interpolation,0 days 00:01:17.959000,77.959,1828.582,0.0
2024-03-01 16:17:04.355,0 days 00:30:28.682000,2650.9164817502547,-2142.5285029535376,-89.97377021096929,OnTrack,289.0,11560.0,100.0,0,8,7,4557.502500000001,0.845250341716489,,0.44777777777721894,interpolation,0 days 00:01:18.059000,78.059,1828.682,0.0
2024-03-01 16:17:04.455,0 days 00:30:28.782000,2589.0,-2177.0,-92.0,OnTrack,289.24999936,11581.99994368,100.0,0,8,7,4564.958514172522,0.846633160163032,,0.44777777777721894,interpolation,0 days 00:01:18.159000,78.159,1828.782,0.0
2024-03-01 16:17:04.555,0 days 00:30:28.882000,2533.716792427202,-2208.123669705962,-94.00890283937647,OnTrack,289.5,11604.0,100.0,0,8,7,4573.244771087502,0.8481699583302165,,0.44777777777721894,interpolation,0 days 00:01:18.259000,78.259,1828.882,0.0
2024-03-01 16:17:04.655,0 days 00:30:28.982000,2477.0,-2240.0,-96.0,OnTrack,289.74999936,11625.99994368,100.0,0,8,7,4581.715406769845,0.8497409520279832,,0.44777777777721894,pos,0 days 00:01:18.359000,78.359,1828.982,0.0
2024-03-01 16:17:04.755,0 days 00:30:29.082000,2410.782763686532,-2276.729478810691,-97.97281275277184,OnTrack,290.0,11648.0,100.0,0,8,7,4589.724722222224,0.8512263876636276,,0.44777777777721894,interpolation,0 days 00:01:18.459000,78.459,1829.082,0.0
2024-03-01 16:17:04.855,0 days 00:30:29.182000,2333.637648425704,-2319.229005010339,-99.94249826431533,OnTrack,290.333332764444,11654.999988053323,100.0,0,8,7,4597.27263542946,0.8526262500263279,,0.44777777777721894,interpolation,0 days 00:01:18.559000,78.559,1829.182,0.0
2024-03-01 16:17:04.955,0 days 00:30:29.282000,2237.0,-2373.0,-102.0,OnTrack,290.666667235556,11662.000011946677,100.0,0,8,7,4604.511851517766,0.8539688603424824,,0.44777777777721894,interpolation,0 days 00:01:18.659000,78.659,1829.282,0.0
2024-03-01 16:17:05.055,0 days 00:30:29.382000,2119.4423687313165,-2438.959372041072,-104.16047528165939,OnTrack,291.0,11669.0,100.0,0,8,7,4612.358055555557,0.8554240447651175,,0.44777777777721894,interpolation,0 days 00:01:18.759000,78.759,1829.382,0.0
2024-03-01 16:17:05.155,0 days 00:30:29.482000,2011.0,-2500.0,-106.0,OnTrack,291.6666678044435,11684.666693404422,100.0,0,8,7,4620.963955723553,0.8570201250871308,,0.44777777777721894,interpolation,0 days 00:01:18.859000,78.859,1829.482,0.0
2024-03-01 16:17:05.255,0 days 00:30:29.582000,1941.7081391863985,-2539.014762743229,-107.09465004572844,OnTrack,292.3333321955565,11700.333306595578,100.0,0,8,7,4630.101445900767,0.8587147959501136,,0.44777777777721894,interpolation,0 days 00:01:18.959000,78.959,1829.582,0.0
2024-03-01 16:17:05.355,0 days 00:30:29.682000,1905.8361065840434,-2559.2295943282893,-107.55005621058005,OnTrack,293.0,11716.0,100.0,0,8,7,4638.402500000001,0.8602543384548044,,0.44777777777721894,interpolation,0 days 00:01:19.059000,79.059,1829.682,0.0
2024-03-01 16:17:05.455,0 days 00:30:29.782000,1869.0,-2580.0,-108.0,OnTrack,293.333332764444,11735.666633102193,100.0,0,8,7,4645.639015021884,0.8615964478217399,,0.44777777777721894,interpolation,0 days 00:01:19.159000,79.159,1829.782,0.0
2024-03-01 16:17:05.555,0 days 00:30:29.882000,1825.4691984096598,-2604.5518807824947,-108.55011112406982,OnTrack,293.666667235556,11755.333366897807,100.0,0,8,7,4652.294466116121,0.862830791041888,,0.44777777777721894,interpolation,0 days 00:01:19.259000,79.259,1829.882,0.0
2024-03-01 16:17:05.655,0 days 00:30:29.982000,1775.2437018130227,-2632.885236675773,-109.20038958278954,OnTrack,294.0,11775.0,100.0,0,8,7,4661.269166666668,0.8644952703717736,,0.44777777777721894,interpolation,0 days 00:01:19.359000,79.359,1829.982,0.0
2024-03-01 16:17:05.755,0 days 00:30:30.082000,1711.396354309874,-2669.0259742311637,-109.75047325011445,OnTrack,294.50000128,11040.998120960001,100.0,0,8,7,4673.046609622274,0.8666795561034375,,0.44777777777721894,interpolation,0 days 00:01:19.459000,79.459,1830.082,0.0
2024-03-01 16:17:05.855,0 days 00:30:30.182000,1627.0,-2717.0,-110.0,OnTrack,295.0,10307.0,100.0,0,8,7,4684.213611111112,0.868750627227236,,0.44777777777721894,interpolation,0 days 00:01:19.559000,79.559,1830.182,0.0
2024-03-01 16:17:05.955,0 days 00:30:30.282000,1527.0,-2774.0,-110.0,OnTrack,295.50000128,10364.00014592,100.0,0,8,7,4691.3572222123985,0.8700755063083669,,0.44777777777721894,interpolation,0 days 00:01:19.659000,79.659,1830.282,0.0
2024-03-01 16:17:06.055,0 days 00:30:30.382000,1441.0683690885023,-2823.1821765778805,-110.05665268779654,OnTrack,296.0,10421.0,100.0,0,8,7,4697.369166666667,0.8711905025380675,,0.44777777777721894,interpolation,0 days 00:01:19.759000,79.759,1830.382,0.0
2024-03-01 16:17:06.155,0 days 00:30:30.482000,1370.0,-2864.0,-110.0,OnTrack,296.0,10479.000098986582,100.0,0,8,7,4705.141302927366,0.8726319500919029,,0.44777777777721894,interpolation,0 days 00:01:19.859000,79.859,1830.482,0.0
2024-03-01 16:17:06.255,0 days 00:30:30.582000,1309.644474992625,-2898.7142257682463,-109.6090542282131,OnTrack,296.0,10536.999901013418,100.0,0,8,7,4714.419582926085,0.8743527323272299,,0.44777777777721894,interpolation,0 days 00:01:19.959000,79.959,1830.582,0.0
2024-03-01 16:17:06.355,0 days 00:30:30.682000,1241.0,-2938.0,-109.0,OnTrack,296.0,10595.0,100.0,0,8,8,4723.680277777779,0.876070253159731,,0.44777777777721894,interpolation,0 days 00:01:20.059000,80.059,1830.682,0.0
2024-03-01 16:17:06.455,0 days 00:30:30.782000,1145.0647809557472,-2992.5324688126398,-108.2890219429249,OnTrack,296.24999936,10567.75006976,100.0,0,8,8,4732.6693241712355,0.8777373931197803,,0.44777777777721894,interpolation,0 days 00:01:20.159000,80.159,1830.782,0.0
2024-03-01 16:17:06.555,0 days 00:30:30.882000,1029.2474975133673,-3058.1630080255136,-107.52486529646114,OnTrack,296.5,10540.5,100.0,0,8,8,4741.386814154526,0.8793541692789346,,0.44777777777721894,interpolation,0 days 00:01:20.259000,80.259,1830.882,0.0
2024-03-01 16:17:06.655,0 days 00:30:30.982000,938.0,-3110.0,-107.0,OnTrack,296.74999936,10513.25006976,100.0,0,8,8,4749.500993709441,0.880859053377526,,0.44777777777721894,interpolation,0 days 00:01:20.359000,80.359,1830.982,0.0
2024-03-01 16:17:06.755,0 days 00:30:31.082000,878.7308922046537,-3143.8948630371387,-106.76317079386608,OnTrack,297.0,10486.0,100.0,0,8,8,4756.68027777778,0.8821905484918005,,0.44777777777721894,interpolation,0 days 00:01:20.459000,80.459,1831.082,0.0
2024-03-01 16:17:06.855,0 days 00:30:31.182000,851.4401741273291,-3159.8475971369317,-106.81437767805943,OnTrack,296.00000256,10356.50033152,80.50004992,0,8,8,4762.924592843869,0.8833486409872836,,0.44777777777721894,interpolation,0 days 00:01:20.559000,80.559,1831.182,0.0
2024-03-01 16:17:06.955,0 days 00:30:31.282000,828.1793689863398,-3173.376532668258,-106.95839572322305,OnTrack,295.0,10227.0,61.0,0,8,8,4769.791388888891,0.8846221809806359,,0.44777777777721894,interpolation,0 days 00:01:20.659000,80.659,1831.282,0.0
2024-03-01 16:17:07.055,0 days 00:30:31.382000,781.0,-3200.0,-107.0,OnTrack,282.500032,9586.00164096,30.50007808,0,8,8,4778.837981636246,0.8862999936885987,,0.44777777777721894,interpolation,0 days 00:01:20.759000,80.759,1831.382,0.0
2024-03-01 16:17:07.155,0 days 00:30:31.482000,709.9020671683096,-3239.7179991321573,-106.9391905083903,OnTrack,270.0,8945.0,0.0,0,8,8,4787.791388888891,0.8879605238890373,,0.44777777777721894,interpolation,0 days 00:01:20.859000,80.859,1831.482,0.0
2024-03-01 16:17:07.255,0 days 00:30:31.582000,634.0,-3282.0,-107.0,OnTrack,255.2000303104155,8907.00007782404,0.0,0,8,8,4794.378444129812,0.8891821821751916,,0.44777777777721894,interpolation,0 days 00:01:20.959000,80.959,1831.582,0.0
2024-03-01 16:17:07.355,0 days 00:30:31.682000,572.408228003803,-3316.3154725388017,-107.40646122643525,OnTrack,240.39998484479224,8868.99996108798,0.0,1,8,8,4798.599214810616,0.8899649810568722,,0.44777777777721894,interpolation,0 days 00:01:21.059000,81.059,1831.682,0.0
2024-03-01 16:17:07.455,0 days 00:30:31.782000,516.0,-3347.0,-108.0,OnTrack,225.60001515520776,8831.00003891202,0.0,1,8,8,4801.040988187625,0.8904178408811532,,0.44777777777721894,interpolation,0 days 00:01:21.159000,81.159,1831.782,0.0
2024-03-01 16:17:07.555,0 days 00:30:31.882000,455.64856480887266,-3378.3891656350324,-108.62204213299819,OnTrack,210.7999696895845,8792.99992217596,0.0,1,8,8,4805.227802197554,0.8911943420399779,,0.44777777777721894,interpolation,0 days 00:01:21.259000,81.259,1831.882,0.0
2024-03-01 16:17:07.655,0 days 00:30:31.982000,403.0,-3405.0,-109.0,OnTrack,196.0,8755.0,0.0,1,8,8,4811.746944444446,0.8924034049449098,,0.44777777777721894,interpolation,0 days 00:01:21.359000,81.359,1831.982,0.0
2024-03-01 16:17:07.755,0 days 00:30:32.082000,369.70038314296096,-3421.349533651003,-108.86128597557556,OnTrack,188.0,8893.0,0.0,1,8,8,4820.050277777779,0.8939433701643225,,0.44777777777721894,interpolation,0 days 00:01:21.459000,81.459,1832.082,0.0
2024-03-01 16:17:07.855,0 days 00:30:32.182000,330.0,-3437.0,-109.0,OnTrack,183.50001152,8636.50065664,0.0,1,8,8,4826.848521799309,0.8952041962598145,,0.44777777777721894,interpolation,0 days 00:01:21.559000,81.559,1832.182,0.0
2024-03-01 16:17:07.955,0 days 00:30:32.282000,266.0,-3459.0,-110.0,OnTrack,179.0,8380.0,0.0,1,8,7,4831.983611111113,0.8961565678702627,,0.44777777777721894,interpolation,0 days 00:01:21.659000,81.659,1832.282,0.0
2024-03-01 16:17:08.055,0 days 00:30:32.382000,224.8053239650837,-3472.267816115849,-110.59984035289733,OnTrack,169.50002432,8939.9985664,0.0,1,8,7,4835.845562024592,0.896872818783852,,0.44777777777721894,interpolation,0 days 00:01:21.759000,81.759,1832.382,0.0
2024-03-01 16:17:08.155,0 days 00:30:32.482000,189.0,-3480.0,-111.0,OnTrack,160.0,9500.0,0.0,1,8,6,4839.094722222224,0.8974754193896312,,0.44777777777721894,interpolation,0 days 00:01:21.859000,81.859,1832.482,0.0
2024-03-01 16:17:08.255,0 days 00:30:32.582000,133.3172729352918,-3487.906710024392,-111.61119774329754,OnTrack,156.50000896,9416.50021376,0.0,1,8,6,4842.391366568675,0.8980868265716031,,0.44777777777721894,interpolation,0 days 00:01:21.959000,81.959,1832.582,0.0
2024-03-01 16:17:08.355,0 days 00:30:32.682000,62.721647548966274,-3495.6275329039413,-112.38157701484486,OnTrack,153.0,9333.0,0.0,1,8,5,4845.894722222224,0.8987365711550273,,0.44777777777721894,interpolation,0 days 00:01:22.059000,82.059,1832.682,0.0
2024-03-01 16:17:08.455,0 days 00:30:32.782000,7.0,-3501.0,-113.0,OnTrack,149.0000068266725,9100.66706318256,0.0,1,8,5,4849.763946709149,0.8994541710509685,,0.44777777777721894,interpolation,0 days 00:01:22.159000,82.159,1832.782,0.0
2024-03-01 16:17:08.555,0 days 00:30:32.882000,-28.88321576986849,-3503.6637017180983,-113.41461066182649,OnTrack,144.9999931733275,8868.33293681744,0.0,1,8,4,4853.979965950729,0.9002360887141247,,0.44777777777721894,interpolation,0 days 00:01:22.259000,82.259,1832.882,0.0
2024-03-01 16:17:08.655,0 days 00:30:32.982000,-44.9279997606392,-3503.618638058236,-113.62540900032428,OnTrack,141.0,8636.0,0.0,1,8,4,4858.428055555557,0.9010610469579141,,0.44777777777721894,interpolation,0 days 00:01:22.359000,82.359,1832.982,0.0
2024-03-01 16:17:08.755,0 days 00:30:33.082000,-57.00878387109032,-3500.264255369255,-114.02350283865994,OnTrack,138.99999488,8529.99972864,0.0,1,8,4,4863.089147372503,0.901925509336387,,0.44777777777721894,interpolation,0 days 00:01:22.459000,82.459,1833.082,0.0
2024-03-01 16:17:08.855,0 days 00:30:33.182000,-81.0,-3493.0,-115.0,OnTrack,137.0,8424.0,0.0,1,8,4,4867.561388888891,0.9027549468781031,,0.44777777777721894,interpolation,0 days 00:01:22.559000,82.559,1833.182,0.0
2024-03-01 16:17:08.955,0 days 00:30:33.282000,-116.90164814736829,-3481.82587195047,-116.55490048434444,OnTrack,135.24999552,8405.74995328,8.50002176,1,8,4,4871.443021117363,0.9034748479571554,,0.44777777777721894,interpolation,0 days 00:01:22.659000,82.659,1833.282,0.0
2024-03-01 16:17:09.055,0 days 00:30:33.382000,-154.0,-3469.0,-118.0,OnTrack,133.5,8387.5,17.0,1,8,4,4874.734004310104,0.9040852052017749,,0.44777777777721894,interpolation,0 days 00:01:22.759000,82.759,1833.382,0.0
2024-03-01 16:17:09.155,0 days 00:30:33.482000,-181.58132724469993,-3456.7805129279272,-118.6470942552734,OnTrack,131.74999552,8369.24995328,25.50002176,1,8,4,4877.688696432237,0.9046331927291325,,0.44777777777721894,interpolation,0 days 00:01:22.859000,82.859,1833.482,0.0
2024-03-01 16:17:09.255,0 days 00:30:33.582000,-209.0,-3438.0,-119.0,OnTrack,130.0,8351.0,34.0,1,8,4,4880.561388888891,0.9051659723119486,,0.44777777777721894,interpolation,0 days 00:01:22.959000,82.959,1833.582,0.0
2024-03-01 16:17:09.355,0 days 00:30:33.682000,-245.61038838443184,-3405.491050481966,-119.56253398401506,OnTrack,130.66666780444348,8444.666826524308,41.66667975109995,1,8,4,4883.352111096512,0.9056835494059003,,0.44777777777721894,interpolation,0 days 00:01:23.059000,83.059,1833.682,0.0
2024-03-01 16:17:09.455,0 days 00:30:33.782000,-288.5895784734978,-3362.555004030149,-120.29953114180346,OnTrack,131.33333219555652,8538.333173475692,49.33332024890005,0,8,4,4886.298662719516,0.9062300271678387,,0.44777777777721894,interpolation,0 days 00:01:23.159000,83.159,1833.782,0.0
2024-03-01 16:17:09.555,0 days 00:30:33.882000,-321.0,-3329.0,-121.0,OnTrack,132.0,8632.0,57.0,0,8,4,4890.8280555555575,0.9070700641930368,,0.44777777777721894,interpolation,0 days 00:01:23.259000,83.259,1833.882,0.0
2024-03-01 16:17:09.655,0 days 00:30:33.982000,-340.01871013265406,-3308.127411853733,-121.62877513299745,OnTrack,132.0,8987.0,62.0,0,8,4,4896.694722222224,0.9081581166965158,,0.44777777777721894,interpolation,0 days 00:01:23.359000,83.359,1833.982,0.0
2024-03-01 16:17:09.755,0 days 00:30:34.082000,-348.4367188184728,-3296.5561743603685,-122.22238508510225,OnTrack,134.5000064,9117.50033408,64.5000064,0,8,4,4900.998602589433,0.908956329391098,,0.44777777777721894,interpolation,0 days 00:01:23.459000,83.459,1834.082,0.0
2024-03-01 16:17:09.855,0 days 00:30:34.182000,-363.0,-3274.0,-123.0,OnTrack,137.0,9248.0,67.0,0,8,4,4904.305833333336,0.9095696999633399,,0.44777777777721894,interpolation,0 days 00:01:23.559000,83.559,1834.182,0.0
2024-03-01 16:17:09.955,0 days 00:30:34.282000,-386.49953504445307,-3237.0778581635786,-123.99814804794681,OnTrack,141.00000819199582,9430.800374374208,70.60000737279623,0,8,4,4907.665978310738,0.9101928841942573,,0.44777777777721894,interpolation,0 days 00:01:23.659000,83.659,1834.282,0.0
2024-03-01 16:17:10.055,0 days 00:30:34.382000,-416.9011790370551,-3188.5524425252356,-125.14393575075468,OnTrack,144.9999959040021,9613.599812812896,74.19999631360189,0,8,4,4911.079003113845,0.9108258757024601,,0.44777777777721894,interpolation,0 days 00:01:23.759000,83.759,1834.382,0.0
2024-03-01 16:17:10.155,0 days 00:30:34.482000,-442.0,-3145.0,-126.0,OnTrack,149.0000040959979,9796.400187187104,77.80000368639811,0,8,4,4914.61931205628,0.9114824737719898,,0.44777777777721894,interpolation,0 days 00:01:23.859000,83.859,1834.482,0.0
2024-03-01 16:17:10.255,0 days 00:30:34.582000,-459.7618321887603,-3109.1832525521313,-126.49344657106181,OnTrack,152.99999180800418,9979.199625625792,81.39999262720377,0,8,4,4918.733081262652,0.9122454277862613,,0.44777777777721894,interpolation,0 days 00:01:23.959000,83.959,1834.582,0.0
2024-03-01 16:17:10.355,0 days 00:30:34.682000,-474.0,-3076.0,-127.0,OnTrack,157.0,10162.0,85.0,0,8,4,4923.4947222222245,0.9131285383601357,,0.44777777777721894,interpolation,0 days 00:01:24.059000,84.059,1834.682,0.0
2024-03-01 16:17:10.455,0 days 00:30:34.782000,-488.527827830383,-3040.348042161976,-127.89538482287456,OnTrack,159.4999936,10887.99814144,92.4999808,0,8,4,4928.904186175919,0.914131796450584,,0.44777777777721894,interpolation,0 days 00:01:24.159000,84.159,1834.782,0.0
2024-03-01 16:17:10.555,0 days 00:30:34.882000,-503.0,-3001.0,-129.0,OnTrack,162.0,11614.0,100.0,0,8,4,4934.294722222225,0.9151315441051766,,0.44777777777721894,interpolation,0 days 00:01:24.259000,84.259,1834.882,0.0
2024-03-01 16:17:10.655,0 days 00:30:34.982000,-517.0712008289418,-2956.728494476014,-130.13424449169088,OnTrack,165.99998976,11779.74957568,100.0,0,8,4,4938.999468867639,0.9160041028607069,,0.44777777777721894,interpolation,0 days 00:01:24.359000,84.359,1834.982,0.0
2024-03-01 16:17:10.755,0 days 00:30:35.082000,-530.518019725214,-2908.3762958731063,-131.29904925459493,OnTrack,170.0,11945.5,100.0,0,8,4,4943.018474288888,0.9167494816521988,,0.44777777777721894,interpolation,0 days 00:01:24.459000,84.459,1835.082,0.0
2024-03-01 16:17:10.855,0 days 00:30:35.182000,-542.0,-2861.0,-132.5,OnTrack,173.99998976,12111.24957568,100.0,0,8,4,4947.137941940628,0.9175134925200641,,0.44777777777721894,interpolation,0 days 00:01:24.559000,84.559,1835.182,0.0
2024-03-01 16:17:10.955,0 days 00:30:35.282000,-551.2937333490181,-2815.442368509861,-133.73802767502087,OnTrack,178.0,12277.0,100.0,0,8,4,4952.14416666667,0.9184419644540666,,0.44777777777721894,interpolation,0 days 00:01:24.659000,84.659,1835.282,0.0
2024-03-01 16:17:11.055,0 days 00:30:35.382000,-559.0,-2769.0,-135.0,OnTrack,178.49999872,11730.50139904,99.50000128,0,8,4,4958.037097203403,0.9195348879466779,,0.44777777777721894,interpolation,0 days 00:01:24.759000,84.759,1835.382,0.0
2024-03-01 16:17:11.155,0 days 00:30:35.482000,-565.719580180678,-2718.969493067728,-136.27278469527982,OnTrack,179.0,11184.0,99.0,0,8,4,4964.077500000003,0.9206551621600068,,0.44777777777721894,interpolation,0 days 00:01:24.859000,84.859,1835.482,0.0
2024-03-01 16:17:11.255,0 days 00:30:35.582000,-571.3192875533159,-2663.890401149614,-137.5729604601891,OnTrack,182.39999303679645,11094.800182681694,99.19999959039978,0,8,4,4969.526019308331,0.9216656635930203,,0.44777777777721894,interpolation,0 days 00:01:24.959000,84.959,1835.582,0.0
2024-03-01 16:17:11.355,0 days 00:30:35.682000,-575.0,-2595.0,-139.0,OnTrack,185.80000348160178,11005.599908659153,99.40000020480011,0,8,4,4974.3827109213635,0.922566402593279,,0.44777777777721894,interpolation,0 days 00:01:25.059000,85.059,1835.682,0.0
2024-03-01 16:17:11.455,0 days 00:30:35.782000,-576.6285298191593,-2510.837828100405,-140.57048218380794,OnTrack,189.19999651839822,10916.400091340847,99.59999979519989,0,8,4,4978.752782313852,0.9233768913067412,,0.44777777777721894,interpolation,0 days 00:01:25.159000,85.159,1835.782,0.0
2024-03-01 16:17:11.555,0 days 00:30:35.882000,-577.0,-2432.0,-142.0,OnTrack,192.60000696320355,10827.199817318306,99.80000040960022,0,8,4,4983.267826867514,0.9242142672493431,,0.44777777777721894,interpolation,0 days 00:01:25.259000,85.259,1835.882,0.0
2024-03-01 16:17:11.655,0 days 00:30:35.982000,-576.9095335317281,-2379.0826302479554,-143.00414643696317,OnTrack,196.0,10738.0,100.0,0,8,4,4988.033055555558,0.9250980432158792,,0.44777777777721894,interpolation,0 days 00:01:25.359000,85.359,1835.982,0.0
2024-03-01 16:17:11.755,0 days 00:30:36.082000,-576.3571304143436,-2352.0857188442715,-143.58292149469742,OnTrack,199.6666729244391,10886.666920390895,100.0,0,8,5,4993.048517174055,0.9260282282562384,,0.44777777777721894,interpolation,0 days 00:01:25.459000,85.459,1836.082,0.0
2024-03-01 16:17:11.855,0 days 00:30:36.182000,-575.1261620897875,-2328.045948018452,-144.12023580508298,OnTrack,203.3333270755609,11035.333079609105,100.0,0,8,5,4998.603382446754,0.9270584529834742,,0.44777777777721894,interpolation,0 days 00:01:25.559000,85.559,1836.182,0.0
2024-03-01 16:17:11.955,0 days 00:30:36.282000,-573.0,-2284.0,-145.0,OnTrack,207.0,11184.0,100.0,0,8,5,5006.433055555559,0.9285105715222453,,0.44777777777721894,interpolation,0 days 00:01:25.659000,85.659,1836.282,0.0
2024-03-01 16:17:12.055,0 days 00:30:36.382000,-569.9786441449813,-2219.947874788916,-146.22221407944855,OnTrack,214.0,11506.0,100.0,0,8,5,5015.94416666667,0.9302745354294005,,0.44777777777721894,interpolation,0 days 00:01:25.759000,85.759,1836.382,0.0
2024-03-01 16:17:12.155,0 days 00:30:36.482000,-566.1453891269038,-2138.7979053357376,-147.70976757001014,OnTrack,215.6666695111087,11284.999622826988,100.0,0,8,5,5021.841697548705,0.9313683121181294,,0.44777777777721894,interpolation,0 days 00:01:25.859000,85.859,1836.482,0.0
2024-03-01 16:17:12.255,0 days 00:30:36.582000,-562.0,-2058.0,-149.0,OnTrack,217.3333304888913,11064.000377173012,100.0,0,8,5,5024.398162639241,0.9318424430684386,,0.44777777777721894,interpolation,0 days 00:01:25.959000,85.959,1836.582,0.0
2024-03-01 16:17:12.355,0 days 00:30:36.682000,-557.62577051351,-1980.4624619510646,-150.0158016856069,OnTrack,219.0,10843.0,100.0,0,8,5,5030.544166666669,0.9329823024551038,,0.44777777777721894,interpolation,0 days 00:01:26.059000,86.059,1836.682,0.0
2024-03-01 16:17:12.455,0 days 00:30:36.782000,-553.0227006674338,-1906.18529118893,-150.7571726268308,OnTrack,223.0,10101.0,100.0,0,8,5,5040.455277777781,0.9348204517602237,,0.44777777777721894,interpolation,0 days 00:01:26.159000,86.159,1836.782,0.0
2024-03-01 16:17:12.555,0 days 00:30:36.882000,-548.6582804876407,-1839.0654748323307,-151.36995725463933,OnTrack,225.25000576,10245.00036864,100.0,0,8,5,5048.254814395098,0.9362669810799591,,0.44777777777721894,interpolation,0 days 00:01:26.259000,86.259,1836.882,0.0
2024-03-01 16:17:12.655,0 days 00:30:36.982000,-545.0,-1783.0,-152.0,OnTrack,227.5,10389.0,100.0,0,8,5,5052.963241165043,0.9371402223642464,,0.44777777777721894,interpolation,0 days 00:01:26.359000,86.359,1836.982,0.0
2024-03-01 16:17:12.755,0 days 00:30:37.082000,-542.0478592045117,-1737.9888666919383,-152.64730086291286,OnTrack,229.75000576,10533.00036864,100.0,0,8,5,5056.57326819335,0.9378097505936399,,0.44777777777721894,interpolation,0 days 00:01:26.459000,86.459,1837.082,0.0
2024-03-01 16:17:12.855,0 days 00:30:37.182000,-539.5505259935046,-1699.4621322126447,-153.31256240304702,OnTrack,232.0,10677.0,100.0,0,8,5,5061.077500000002,0.9386451211663921,,0.44777777777721894,interpolation,0 days 00:01:26.559000,86.559,1837.182,0.0
2024-03-01 16:17:12.955,0 days 00:30:37.282000,-536.0,-1640.0,-154.0,OnTrack,234.5000064,10792.0002944,100.0,0,8,6,5066.4759827084645,0.9396463426367211,,0.44777777777721894,interpolation,0 days 00:01:26.659000,86.659,1837.282,0.0
2024-03-01 16:17:13.055,0 days 00:30:37.382000,-531.1449465426726,-1555.032480562051,-154.71031622063518,OnTrack,237.0,10907.0,100.0,0,8,6,5074.244166666669,0.9410870571827228,,0.44777777777721894,interpolation,0 days 00:01:26.759000,86.759,1837.382,0.0
2024-03-01 16:17:13.155,0 days 00:30:37.482000,-525.3718939145847,-1451.717233884611,-155.42133493004138,OnTrack,239.0,11085.0,100.0,0,8,6,5084.866388888891,0.9430570916397795,,0.44777777777721894,interpolation,0 days 00:01:26.859000,86.859,1837.482,0.0
2024-03-01 16:17:13.255,0 days 00:30:37.582000,-521.0,-1373.0,-156.0,OnTrack,239.99999829333188,11085.0,100.0,0,8,6,5092.395102392997,0.944453393158436,,0.44777777777721894,interpolation,0 days 00:01:26.959000,86.959,1837.582,0.0
2024-03-01 16:17:13.355,0 days 00:30:37.682000,-518.4157891339515,-1326.0383655999694,-156.42413552268243,OnTrack,241.00000170666812,11085.0,100.0,0,8,6,5096.483725784366,0.9452116835419748,,0.44777777777721894,interpolation,0 days 00:01:27.059000,87.059,1837.682,0.0
2024-03-01 16:17:13.455,0 days 00:30:37.782000,-517.2181052915605,-1303.7899219167286,-156.7149838782235,OnTrack,242.0,11085.0,100.0,0,8,6,5100.9997222222255,0.9460492360243468,,0.44777777777721894,interpolation,0 days 00:01:27.159000,87.159,1837.782,0.0
2024-03-01 16:17:13.555,0 days 00:30:37.882000,-515.0,-1264.0,-157.0,OnTrack,244.5000064,11219.00034304,100.0,0,8,6,5106.587727622087,0.9470856070353874,,0.44777777777721894,interpolation,0 days 00:01:27.259000,87.259,1837.882,0.0
2024-03-01 16:17:13.655,0 days 00:30:37.982000,-511.3603131265327,-1199.6261189673587,-157.3004264856699,OnTrack,247.0,11353.0,100.0,0,8,6,5114.721944444447,0.948594207315628,,0.44777777777721894,interpolation,0 days 00:01:27.359000,87.359,1837.982,0.0
2024-03-01 16:17:13.755,0 days 00:30:38.082000,-506.2990446711584,-1110.6682788188045,-157.61626333523327,OnTrack,250.0,11588.0,100.0,0,8,6,5125.833055555559,0.9506549128146415,,0.44777777777721894,interpolation,0 days 00:01:27.459000,87.459,1838.082,0.0
2024-03-01 16:17:13.855,0 days 00:30:38.182000,-501.588253880205,-1025.626299260848,-157.87396851717995,OnTrack,251.99999488,11628.49989632,100.0,0,8,6,5133.659039953671,0.952106347232236,,0.44777777777721894,interpolation,0 days 00:01:27.559000,87.559,1838.182,0.0
2024-03-01 16:17:13.955,0 days 00:30:38.282000,-499.0,-973.0,-158.0,OnTrack,254.0,11669.0,100.0,0,8,6,5139.94416666667,0.9532720087983881,,0.44777777777721894,interpolation,0 days 00:01:27.659000,87.659,1838.282,0.0
2024-03-01 16:17:14.055,0 days 00:30:38.382000,-498.0,-945.0,-158.0,OnTrack,255.33333105777584,11331.33390961827,100.0,0,8,6,5147.47622033447,0.9546689297954771,,0.44777777777721894,interpolation,0 days 00:01:27.759000,87.759,1838.382,0.0
2024-03-01 16:17:14.155,0 days 00:30:38.482000,-495.3825392837145,-894.8897737526854,-157.9078219883496,OnTrack,256.6666689422242,10993.66609038173,100.0,0,8,6,5155.877081056761,0.9562269827852952,,0.44777777777721894,interpolation,0 days 00:01:27.859000,87.859,1838.482,0.0
2024-03-01 16:17:14.255,0 days 00:30:38.582000,-490.869731785724,-817.7720439065146,-157.7886792855346,OnTrack,258.0,10656.0,100.0,0,8,6,5162.877500000004,0.9575253049483516,,0.44777777777721894,interpolation,0 days 00:01:27.959000,87.959,1838.582,0.0
2024-03-01 16:17:14.355,0 days 00:30:38.682000,-486.0,-731.0,-158.0,OnTrack,259.6666695111087,10670.333357795535,100.0,0,8,6,5168.0993518199175,0.9584937678367812,,0.44777777777721894,interpolation,0 days 00:01:28.059000,88.059,1838.682,0.0
2024-03-01 16:17:14.455,0 days 00:30:38.782000,-481.0297489883271,-637.4658550976405,-158.60135578815908,OnTrack,261.3333304888913,10684.666642204465,100.0,0,8,6,5172.334860841139,0.9592793001425847,,0.44777777777721894,interpolation,0 days 00:01:28.159000,88.159,1838.782,0.0
2024-03-01 16:17:14.555,0 days 00:30:38.882000,-476.0,-543.0,-159.0,OnTrack,263.0,10699.0,100.0,0,8,6,5180.337777777782,0.9607635490871386,,0.44777777777721894,interpolation,0 days 00:01:28.259000,88.259,1838.882,0.0
2024-03-01 16:17:14.655,0 days 00:30:38.982000,-470.9517742843134,-453.4328255076419,-158.60318598551092,OnTrack,263.0,10622.0,100.0,0,8,6,5192.026666666671,0.9629314112721005,,0.44777777777721894,interpolation,0 days 00:01:28.359000,88.359,1838.982,0.0
2024-03-01 16:17:14.755,0 days 00:30:39.082000,-466.0,-367.0,-158.0,OnTrack,264.2000024575987,10677.200113049543,100.0,0,8,7,5202.1598116134855,0.9648107397483785,,0.44777777777721894,interpolation,0 days 00:01:28.459000,88.459,1839.082,0.0
2024-03-01 16:17:14.855,0 days 00:30:39.182000,-461.25960530579295,-281.9371918565084,-157.7795282987755,OnTrack,265.3999987712006,10732.39994347523,100.0,0,8,7,5209.863477045308,0.9662394884629907,,0.44777777777721894,interpolation,0 days 00:01:28.559000,88.559,1839.182,0.0
2024-03-01 16:17:14.955,0 days 00:30:39.282000,-456.730590201692,-198.24440107716703,-157.94177088183736,OnTrack,266.6000012287994,10787.60005652477,100.0,0,8,7,5215.517559270088,0.9672881143129134,,0.44777777777721894,interpolation,0 days 00:01:28.659000,88.659,1839.282,0.0
2024-03-01 16:17:15.055,0 days 00:30:39.382000,-452.43648169412927,-116.90617831228022,-158.41773665830448,OnTrack,267.7999975424013,10842.799886950457,100.0,0,8,7,5221.400885476888,0.9683792565529292,,0.44777777777721894,interpolation,0 days 00:01:28.759000,88.759,1839.382,0.0
2024-03-01 16:17:15.155,0 days 00:30:39.482000,-448.5184425444487,-43.82985770917301,-158.79347696347656,OnTrack,269.0,10898.0,100.0,0,8,7,5227.893333333337,0.969583368622915,,0.44777777777721894,interpolation,0 days 00:01:28.859000,88.859,1839.482,0.0
2024-03-01 16:17:15.255,0 days 00:30:39.582000,-445.0,20.0,-159.0,OnTrack,270.49999616,10928.49992192,100.0,0,8,7,5234.99483635694,0.9709004381927948,,0.44777777777721894,interpolation,0 days 00:01:28.959000,88.959,1839.582,0.0
2024-03-01 16:17:15.355,0 days 00:30:39.682000,-441.8811540607831,74.5833948152388,-159.03730576787484,OnTrack,272.0,10959.0,100.0,0,8,7,5243.004444444448,0.9723859281015731,,0.44777777777721894,interpolation,0 days 00:01:29.059000,89.059,1839.682,0.0
2024-03-01 16:17:15.455,0 days 00:30:39.782000,-439.0,126.0,-159.0,OnTrack,273.99999488,11020.99984128,100.0,0,8,7,5252.221052754848,0.9740952724900471,,0.44777777777721894,interpolation,0 days 00:01:29.159000,89.159,1839.782,0.0
2024-03-01 16:17:15.555,0 days 00:30:39.882000,-436.1946330908525,180.32948881774018,-158.98268842927445,OnTrack,276.0,11083.0,100.0,0,8,7,5261.404444444449,0.975798456407939,,0.44777777777721894,interpolation,0 days 00:01:29.259000,89.259,1839.882,0.0
2024-03-01 16:17:15.655,0 days 00:30:39.982000,-433.4650533333405,237.57186126845937,-158.98537105569815,OnTrack,276.6666655288879,11138.999904426586,100.0,0,8,7,5269.314214253583,0.977265429960684,,0.44777777777721894,interpolation,0 days 00:01:29.359000,89.359,1839.982,0.0
2024-03-01 16:17:15.755,0 days 00:30:40.082000,-430.0029469091583,308.02830308494885,-158.99536815427274,OnTrack,277.3333344711121,11195.000095573414,100.0,0,14,7,5276.140844856328,0.978531520730737,,0.44777777777721894,interpolation,0 days 00:01:29.459000,89.459,1840.082,1.0
2024-03-01 16:17:15.855,0 days 00:30:40.182000,-425.0,402.0,-159.0,OnTrack,278.0,11251.0,100.0,0,14,7,5283.026666666671,0.9798085893090188,,0.44777777777721894,interpolation,0 days 00:01:29.559000,89.559,1840.182,1.0
2024-03-01 16:17:15.955,0 days 00:30:40.282000,-419.0,511.0,-159.0,OnTrack,280.00000341333043,11303.666756551034,100.0,0,14,7,5290.162151873447,0.9811319613333549,,0.44777777777721894,interpolation,0 days 00:01:29.659000,89.659,1840.282,1.0
2024-03-01 16:17:16.055,0 days 00:30:40.382000,-415.265654568873,584.1068517215472,-158.999768574464,OnTrack,281.99999658666957,11356.333243448966,100.0,0,14,7,5297.539848199567,0.9825002546783903,,0.44777777777721894,interpolation,0 days 00:01:29.759000,89.759,1840.382,1.0
2024-03-01 16:17:16.155,0 days 00:30:40.482000,-412.0,652.0,-159.0,OnTrack,284.0,11409.0,100.0,0,12,7,5305.115555555559,0.9839052718410569,,0.44777777777721894,interpolation,0 days 00:01:29.859000,89.859,1840.482,1.0
2024-03-01 16:17:16.255,0 days 00:30:40.582000,-406.86229076098226,753.845754778386,-159.0006551536058,OnTrack,284.49999872,11441.99991552,100.0,0,12,7,5312.881817156471,0.9853456298599566,,0.44777777777721894,interpolation,0 days 00:01:29.959000,89.959,1840.582,1.0
2024-03-01 16:17:16.355,0 days 00:30:40.682000,-400.3002274607979,881.2668559252041,-159.0013744068287,OnTrack,285.0,11475.0,100.0,0,12,7,5320.948888888893,0.9868417771771509,,0.44777777777721894,interpolation,0 days 00:01:30.059000,90.059,1840.682,1.0
2024-03-01 16:17:16.455,0 days 00:30:40.782000,-395.0,984.0,-159.0,OnTrack,285.9999982933319,11514.333266204387,100.0,0,12,7,5329.426864506089,0.988414132164888,,0.44777777777721894,interpolation,0 days 00:01:30.159000,90.159,1840.782,1.0
2024-03-01 16:17:16.555,0 days 00:30:40.882000,-391.40930440313605,1053.6680126539773,-158.99617230834951,OnTrack,287.0000017066681,11553.666733795613,100.0,0,12,7,5338.197295799423,0.9900407270044281,,0.44777777777721894,interpolation,0 days 00:01:30.259000,90.259,1840.882,1.0
2024-03-01 16:17:16.655,0 days 00:30:40.982000,-389.5281406702061,1090.270893887136,-158.9898913318773,OnTrack,288.0,11593.0,100.0,0,12,7,5346.548888888893,0.9915896426468774,,0.44777777777721894,interpolation,0 days 00:01:30.359000,90.359,1840.982,1.0
2024-03-01 16:17:16.755,0 days 00:30:41.082000,-387.882906602173,1122.9883281767263,-158.9886646894664,OnTrack,288.6666678044435,11608.3333595022,100.0,0,12,7,5354.363194271703,0.9930389110334767,,0.44777777777721894,interpolation,0 days 00:01:30.459000,90.459,1841.082,1.0
2024-03-01 16:17:16.855,0 days 00:30:41.182000,-385.0,1181.0,-159.0,OnTrack,289.3333321955565,11623.6666404978,100.0,0,12,7,5361.72065005389,0.9944034504964955,,0.44777777777721894,interpolation,0 days 00:01:30.559000,90.559,1841.182,1.0
2024-03-01 16:17:16.955,0 days 00:30:41.282000,-381.0,1262.0,-159.0,OnTrack,290.0,11639.0,100.0,0,12,7,5369.104444444449,0.9957728748098743,,0.44777777777721894,interpolation,0 days 00:01:30.659000,90.659,1841.282,1.0
2024-03-01 16:17:17.053,0 days 00:30:41.380000,-376.6969411181976,1350.2824785026419,-158.85012689483773,OnTrack,290.65333136497827,11364.60082670912,100.0,0,12,7,5376.4441516193065,0.9971341225541483,,0.44777777777721894,interpolation,0 days 00:01:30.757000,90.757,1841.38,1.0
