Date,SessionTime,X,Y,Z,Status,Speed,RPM,Throttle,Brake,DRS,nGear,Distance,RelativeDistance,DriverAhead,DistanceToDriverAhead,Source,Time,TimeSeconds,SessionTimeSeconds,DRSActive
2024-03-01 16:59:09.798,0 days 01:12:34.125000,-374.6732925835342,1388.0978986761504,-158.0385767105961,OnTrack,297.82000128,10716.83969536,100.0,0,12,7,6.2572359415839465,0.0011633109986151544,,50.65888888888889,interpolation,0 days 00:00:00,0.0,4354.125,1.0
2024-03-01 16:59:09.816,0 days 01:12:34.143000,-374.0,1402.0,-158.0,OnTrack,298.0,10674.0,100.0,0,12,7,7.615555555555552,0.0014158423337477504,,50.65888888888889,interpolation,0 days 00:00:00.018000,0.018,4354.143,1.0
2024-03-01 16:59:09.916,0 days 01:12:34.243000,-370.98113549357805,1467.2637078970974,-157.9553921667606,OnTrack,299.5,10715.5,100.0,0,12,7,13.858561831934306,0.0025765078310274344,,50.65888888888889,interpolation,0 days 00:00:00.118000,0.118,4354.243,1.0
2024-03-01 16:59:10.016,0 days 01:12:34.343000,-368.0,1535.0,-158.0,OnTrack,301.0,10757.0,100.0,0,12,7,20.993333333333332,0.003902965429505399,,50.65888888888889,pos,0 days 00:00:00.218000,0.218,4354.343,1.0
2024-03-01 16:59:10.116,0 days 01:12:34.443000,-363.77356553639106,1629.838988583115,-157.91944438835662,OnTrack,301.5,10807.5,100.0,0,12,8,32.37185332274264,0.006018397478930645,81,50.424722222222215,interpolation,0 days 00:00:00.318000,0.318,4354.443,1.0
2024-03-01 16:59:10.216,0 days 01:12:34.543000,-359.0,1736.0,-158.0,OnTrack,302.0,10858.0,100.0,0,12,8,44.56611111111111,0.008285487027349785,81,50.19055555555555,interpolation,0 days 00:00:00.418000,0.418,4354.543,1.0
2024-03-01 16:59:10.316,0 days 01:12:34.643000,-354.3774712880753,1837.7023606042117,-158.5279415030995,OnTrack,303.6666666666667,10901.0,100.0,0,12,8,54.148096009387686,0.010066917122809434,81,49.90537037037036,interpolation,0 days 00:00:00.518000,0.518,4354.643,1.0
2024-03-01 16:59:10.416,0 days 01:12:34.743000,-350.0,1939.0,-159.0,OnTrack,305.3333333333333,10944.0,100.0,0,12,8,61.44765597537899,0.011424011289109802,81,49.62018518518518,interpolation,0 days 00:00:00.618000,0.618,4354.743,1.0
2024-03-01 16:59:10.516,0 days 01:12:34.843000,-346.0,2041.0,-159.0,OnTrack,307.0,10987.0,100.0,0,12,8,68.44388888888889,0.012724712552917215,81,49.334999999999994,interpolation,0 days 00:00:00.718000,0.718,4354.843,1.0
2024-03-01 16:59:10.616,0 days 01:12:34.943000,-342.6078296976953,2126.021364381389,-159.05049926932068,OnTrack,307.75,11002.5,100.0,0,12,8,75.46664608538445,0.014030345065987986,81,48.96,interpolation,0 days 00:00:00.818000,0.818,4354.943,1.0
2024-03-01 16:59:10.716,0 days 01:12:35.043000,-339.7771975866994,2194.1964267671224,-159.17589309115698,OnTrack,308.5,11018.0,100.0,0,12,8,82.51592756486563,0.01534090882832211,81,48.58500000000001,interpolation,0 days 00:00:00.918000,0.918,4355.043,1.0
2024-03-01 16:59:10.816,0 days 01:12:35.143000,-337.0,2264.0,-159.0,OnTrack,309.25,11033.5,100.0,0,12,8,90.27918970635845,0.01678421196067053,81,48.210000000000015,interpolation,0 days 00:00:01.018000,1.018,4355.143,1.0
2024-03-01 16:59:10.916,0 days 01:12:35.243000,-334.19155342667614,2338.5112037886747,-158.46012340593924,OnTrack,310.0,11049.0,100.0,0,12,8,99.44388888888888,0.018488062583784187,81,47.83500000000002,interpolation,0 days 00:00:01.118000,1.118,4355.243,1.0
2024-03-01 16:59:11.016,0 days 01:12:35.343000,-331.0,2419.0,-158.0,OnTrack,310.5,11063.0,100.0,0,12,8,110.01002511245693,0.02045246069766308,81,47.06833333333335,interpolation,0 days 00:00:01.218000,1.218,4355.343,1.0
2024-03-01 16:59:11.116,0 days 01:12:35.443000,-327.0734818532438,2506.736350500829,-158.06336647320762,OnTrack,311.0,11077.0,100.0,0,12,8,120.17722222222221,0.022342690238837157,81,46.30166666666668,interpolation,0 days 00:00:01.318000,1.318,4355.443,1.0
2024-03-01 16:59:11.216,0 days 01:12:35.543000,-322.5213817908805,2600.7256237560705,-158.56571544100782,OnTrack,312.0,11093.5,100.0,0,12,8,128.14510406334438,0.023824035143836388,81,45.226666666666674,interpolation,0 days 00:00:01.418000,1.418,4355.543,1.0
2024-03-01 16:59:11.316,0 days 01:12:35.643000,-318.0,2695.0,-159.0,OnTrack,313.0,11110.0,100.0,0,12,8,133.9136706358235,0.02489649541266076,81,44.15166666666667,interpolation,0 days 00:00:01.518000,1.518,4355.643,1.0
2024-03-01 16:59:11.416,0 days 01:12:35.743000,-313.6187204051611,2788.5648375124483,-159.28171190026998,OnTrack,314.0,11126.5,100.0,0,12,8,140.68901300150193,0.026156129916930664,81,43.07666666666667,interpolation,0 days 00:00:01.618000,1.618,4355.743,1.0
2024-03-01 16:59:11.516,0 days 01:12:35.843000,-309.0,2887.0,-159.0,OnTrack,315.0,11143.0,100.0,0,12,8,151.6772222222222,0.028198997528266503,81,42.001666666666665,interpolation,0 days 00:00:01.718000,1.718,4355.843,1.0
2024-03-01 16:59:11.616,0 days 01:12:35.943000,-304.0,2992.0,-158.0,OnTrack,315.0,11143.0,100.0,0,12,8,165.6772222222222,0.03080180076801288,81,39.468333333333334,interpolation,0 days 00:00:01.818000,1.818,4355.943,1.0
2024-03-01 16:59:11.716,0 days 01:12:36.043000,-300.020952915662,3080.252611138619,-157.8176408199782,OnTrack,315.3333333333333,11170.333333333334,100.0,0,12,8,175.4825196497467,0.03262474790451556,81,37.93499999999998,interpolation,0 days 00:00:01.918000,1.918,4356.043,1.0
2024-03-01 16:59:11.816,0 days 01:12:36.143000,-296.9824733964203,3153.7769229768987,-158.5229333018336,OnTrack,315.6666666666667,11197.666666666666,100.0,0,12,8,180.76292840460076,0.03360645254839551,81,36.401666666666635,interpolation,0 days 00:00:02.018000,2.018,4356.143,1.0
2024-03-01 16:59:11.916,0 days 01:12:36.243000,-293.0,3248.0,-159.0,OnTrack,316.0,11225.0,100.0,0,12,8,186.7438888888889,0.034718399928774096,81,34.86833333333328,interpolation,0 days 00:00:02.118000,2.118,4356.243,1.0
2024-03-01 16:59:12.016,0 days 01:12:36.343000,-287.7594375445269,3368.8263831865956,-159.06286038799936,OnTrack,316.5,11227.0,100.0,0,12,8,194.2963122953453,0.036122505079507025,81,32.31277777777774,interpolation,0 days 00:00:02.218000,2.218,4356.343,1.0
2024-03-01 16:59:12.116,0 days 01:12:36.443000,-283.0,3477.0,-159.0,OnTrack,317.0,11229.0,100.0,0,12,8,203.4201986239699,0.0378187680005943,81,29.757222222222197,interpolation,0 days 00:00:02.318000,2.318,4356.443,1.0
2024-03-01 16:59:12.216,0 days 01:12:36.543000,-280.46090133641866,3533.2647779035296,-159.09990437017046,OnTrack,317.5,11231.0,100.0,0,12,8,213.03926341838735,0.039607091787040014,81,27.201666666666654,interpolation,0 days 00:00:02.418000,2.418,4356.543,1.0
2024-03-01 16:59:12.316,0 days 01:12:36.643000,-280.14214155378295,3537.620716897185,-159.3625734985107,OnTrack,318.0,11233.0,100.0,0,12,8,222.07722222222222,0.04128737953384828,81,24.64611111111111,interpolation,0 days 00:00:02.518000,2.518,4356.643,1.0
2024-03-01 16:59:12.416,0 days 01:12:36.743000,-281.18340835628254,3512.2983059078006,-159.70292095623395,OnTrack,318.3333333333333,11233.0,100.0,0,12,8,230.53407503547453,0.04285963124101909,81,21.923888888888882,interpolation,0 days 00:00:02.618000,2.618,4356.743,1.0
2024-03-01 16:59:12.516,0 days 01:12:36.843000,-278.4228015401726,3590.6811614193366,-159.61042555675579,OnTrack,318.6666666666667,11233.0,100.0,0,12,8,238.54136348970502,0.044348302407465866,81,19.201666666666654,interpolation,0 days 00:00:02.718000,2.718,4356.843,1.0
2024-03-01 16:59:12.616,0 days 01:12:36.943000,-271.0,3795.0,-159.0,OnTrack,319.0,11233.0,100.0,0,12,8,246.88833333333332,0.0459001252753988,81,16.479444444444425,pos,0 days 00:00:02.818000,2.818,4356.943,1.0
2024-03-01 16:59:12.716,0 days 01:12:37.043000,-260.0,4096.0,-158.0,OnTrack,319.0,11252.0,100.0,0,12,8,255.70652485094092,0.0475395550933083,81,13.042407407407362,interpolation,0 days 00:00:02.918000,2.918,4357.043,1.0
2024-03-01 16:59:12.816,0 days 01:12:37.143000,-251.9327457946129,4318.153130225645,-157.3805558978823,OnTrack,319.0,11271.0,100.0,0,12,8,265.0500840777969,0.049276658395195655,81,9.605370370370299,interpolation,0 days 00:00:03.018000,3.018,4357.143,1.0
2024-03-01 16:59:12.916,0 days 01:12:37.243000,-247.88322253776923,4432.204868594986,-157.27002209332457,OnTrack,319.0,11290.0,100.0,0,12,8,275.24388888888893,0.051171834694313696,81,6.168333333333237,interpolation,0 days 00:00:03.118000,3.118,4357.243,1.0
2024-03-01 16:59:13.016,0 days 01:12:37.343000,-247.29779095884362,4452.565086782369,-157.58872361407623,OnTrack,319.0,11304.0,100.0,0,12,8,286.34208587394454,0.05323515062774557,81,263.42958333333326,interpolation,0 days 00:00:03.218000,3.218,4357.343,1.0
2024-03-01 16:59:13.116,0 days 01:12:37.443000,-246.85459842622737,4465.693457506643,-157.85860817901016,OnTrack,319.0,11318.0,100.0,0,12,8,296.5105555555556,0.055125616758499855,81,520.6908333333332,interpolation,0 days 00:00:03.318000,3.318,4357.443,1.0
2024-03-01 16:59:13.216,0 days 01:12:37.543000,-246.0,4486.0,-158.0,OnTrack,319.6666666666667,11321.333333333334,100.0,0,12,8,303.9151784563141,0.05650224364958518,81,517.3352777777776,interpolation,0 days 00:00:03.418000,3.418,4357.543,1.0
2024-03-01 16:59:13.316,0 days 01:12:37.643000,-244.7339956801616,4513.48471426244,-158.0128990770457,OnTrack,320.3333333333333,11324.666666666666,100.0,0,12,8,309.38680981667204,0.05751949935183071,44,513.979722222222,interpolation,0 days 00:00:03.518000,3.518,4357.643,1.0
2024-03-01 16:59:13.416,0 days 01:12:37.743000,-243.0,4557.0,-158.0,OnTrack,321.0,11328.0,100.0,0,12,8,317.9105555555556,0.05910418742496932,44,510.62416666666644,interpolation,0 days 00:00:03.618000,3.618,4357.743,1.0
2024-03-01 16:59:13.516,0 days 01:12:37.843000,-240.74142749280338,4625.398256918725,-158.06399735871585,OnTrack,320.5,11342.0,100.0,0,12,8,330.3172624055028,0.061410774338085464,44,505.3352777777776,interpolation,0 days 00:00:03.718000,3.718,4357.843,1.0
2024-03-01 16:59:13.616,0 days 01:12:37.943000,-237.99710558189523,4715.252420683068,-158.15792671533993,OnTrack,320.0,11356.0,100.0,0,12,8,342.7994444444445,0.06373139318451843,44,500.0463888888887,interpolation,0 days 00:00:03.818000,3.818,4357.943,1.0
2024-03-01 16:59:13.716,0 days 01:12:38.043000,-235.0,4806.0,-158.0,OnTrack,320.3333333333333,11349.0,100.0,0,12,8,351.5496157503119,0.06535817705760755,44,497.1130555555554,interpolation,0 days 00:00:03.918000,3.918,4358.043,1.0
2024-03-01 16:59:13.816,0 days 01:12:38.143000,-231.78893856803612,4894.213895440662,-157.54325229392458,OnTrack,320.6666666666667,11342.0,100.0,0,12,8,357.27283150335506,0.0664222059507353,44,494.1797222222221,interpolation,0 days 00:00:04.018000,4.018,4358.143,1.0
2024-03-01 16:59:13.916,0 days 01:12:38.243000,-229.0,4967.0,-157.0,OnTrack,321.0,11335.0,100.0,0,12,8,364.19944444444445,0.06770996385098789,44,491.24638888888876,pos,0 days 00:00:04.118000,4.118,4358.243,1.0
2024-03-01 16:59:14.016,0 days 01:12:38.343000,-227.26926300988802,5011.464206672961,-156.58255952111267,OnTrack,321.0,11349.75,100.0,0,12,8,373.0345169736322,0.0693525320940139,44,487.6795138888888,interpolation,0 days 00:00:04.218000,4.218,4358.343,1.0
2024-03-01 16:59:14.116,0 days 01:12:38.443000,-225.0,5085.0,-156.0,OnTrack,321.0,11364.5,100.0,0,12,8,383.7780490909182,0.07134991067981328,44,484.1126388888888,pos,0 days 00:00:04.318000,4.318,4358.443,1.0
2024-03-01 16:59:14.216,0 days 01:12:38.543000,-221.0,5227.0,-155.0,OnTrack,321.0,11379.25,100.0,0,12,8,394.5183205516341,0.07334668306222089,44,480.54576388888876,interpolation,0 days 00:00:04.418000,4.418,4358.543,1.0
2024-03-01 16:59:14.316,0 days 01:12:38.643000,-217.69637520086786,5329.458466555119,-153.81421723080302,OnTrack,321.0,11394.0,100.0,0,12,8,403.3436111111111,0.0749874326950716,44,476.9788888888888,interpolation,0 days 00:00:04.518000,4.518,4358.643,1.0
2024-03-01 16:59:14.416,0 days 01:12:38.743000,-215.2278902222329,5387.180123461625,-152.59224637035285,OnTrack,321.0,11395.666666666666,100.0,0,12,8,410.2539207693494,0.07627215957836542,44,474.5122222222221,interpolation,0 days 00:00:04.618000,4.618,4358.743,1.0
2024-03-01 16:59:14.516,0 days 01:12:38.843000,-212.0,5477.0,-152.0,OnTrack,321.0,11397.333333333334,100.0,0,12,8,415.96192015103435,0.07733335952715967,44,472.04555555555544,interpolation,0 days 00:00:04.718000,4.718,4358.843,1.0
2024-03-01 16:59:14.616,0 days 01:12:38.943000,-208.0,5602.0,-152.0,OnTrack,321.0,11399.0,100.0,0,12,8,424.74361111111114,0.07896600336154107,44,469.57888888888874,interpolation,0 days 00:00:04.818000,4.818,4358.943,1.0
2024-03-01 16:59:14.716,0 days 01:12:39.043000,-204.74622401925336,5703.835825041357,-151.70145710022405,OnTrack,321.5,11382.5,100.0,0,12,8,437.3116569765556,0.08130258553981676,44,465.65111111111094,interpolation,0 days 00:00:04.918000,4.918,4359.043,1.0
2024-03-01 16:59:14.816,0 days 01:12:39.143000,-202.49172898624397,5772.783375600139,-150.95590566217595,OnTrack,322.0,11366.0,100.0,0,12,8,449.7880555555556,0.08362212915708737,44,461.72333333333313,interpolation,0 days 00:00:05.018000,5.018,4359.143,1.0
2024-03-01 16:59:14.916,0 days 01:12:39.243000,-200.4913694601126,5832.0892383588525,-149.98240139303982,OnTrack,321.75,11376.75,100.0,0,12,8,458.2948046562996,0.08520365730845353,44,459.65666666666647,interpolation,0 days 00:00:05.118000,5.118,4359.243,1.0
2024-03-01 16:59:15.016,0 days 01:12:39.343000,-198.0,5905.0,-149.0,OnTrack,321.5,11387.5,100.0,0,12,8,462.8319042787875,0.0860471699939152,44,457.5899999999998,interpolation,0 days 00:00:05.218000,5.218,4359.343,1.0
2024-03-01 16:59:15.116,0 days 01:12:39.443000,-195.0176206059063,5991.5156605235825,-148.00870148305648,OnTrack,321.25,11398.25,100.0,0,12,8,467.9804128729927,0.08700435248311944,44,455.52333333333314,interpolation,0 days 00:00:05.318000,5.318,4359.443,1.0
2024-03-01 16:59:15.216,0 days 01:12:39.543000,-192.0,6084.0,-147.0,OnTrack,321.0,11409.0,100.0,0,12,8,478.3213888888889,0.08892689004571332,44,453.4566666666665,interpolation,0 days 00:00:05.418000,5.418,4359.543,1.0
2024-03-01 16:59:15.316,0 days 01:12:39.643000,-189.40290690444988,6174.816798499653,-145.96538970862144,OnTrack,322.0,11323.0,100.0,0,12,8,492.63250000000005,0.09158753335745407,44,449.36777777777763,interpolation,0 days 00:00:05.518000,5.518,4359.643,1.0
2024-03-01 16:59:15.416,0 days 01:12:39.743000,-187.17408558157635,6264.027414416584,-144.9250435732971,OnTrack,322.0,11314.333333333334,100.0,0,12,8,503.5797897973921,0.09362279345396081,44,447.1899999999998,interpolation,0 days 00:00:05.618000,5.618,4359.743,1.0
2024-03-01 16:59:15.516,0 days 01:12:39.843000,-185.0,6352.0,-144.0,OnTrack,322.0,11305.666666666666,100.0,0,12,8,510.60327389008273,0.09492856110758668,44,445.012222222222,pos,0 days 00:00:05.718000,5.718,4359.843,1.0
2024-03-01 16:59:15.616,0 days 01:12:39.943000,-182.82839388693986,6438.795914272261,-143.2104321596787,OnTrack,322.0,11297.0,100.0,0,12,8,517.6769444444445,0.09624365915300036,44,442.8344444444442,interpolation,0 days 00:00:05.818000,5.818,4359.943,1.0
2024-03-01 16:59:15.716,0 days 01:12:40.043000,-180.65926724239577,6524.415157233362,-142.55634005233316,OnTrack,322.0,11309.5,100.0,0,12,8,525.4631300970723,0.09769122409885223,44,440.63999999999976,interpolation,0 days 00:00:05.918000,5.918,4360.043,1.0
2024-03-01 16:59:15.816,0 days 01:12:40.143000,-178.41050697665383,6610.5768215777825,-141.87407791882103,OnTrack,322.0,11322.0,100.0,0,12,8,533.961830847966,0.09927125594514231,44,438.4455555555553,interpolation,0 days 00:00:06.018000,6.018,4360.143,1.0
2024-03-01 16:59:15.916,0 days 01:12:40.243000,-176.0,6699.0,-141.0,OnTrack,322.0,11334.5,100.0,0,12,8,543.2625328415434,0.10100039146519937,44,436.25111111111084,pos,0 days 00:00:06.118000,6.118,4360.243,1.0
2024-03-01 16:59:16.016,0 days 01:12:40.343000,-173.4277463124342,6789.684692500014,-139.93410629587012,OnTrack,322.0,11347.0,100.0,0,12,8,553.4547222222224,0.10289526743235222,44,434.0566666666664,interpolation,0 days 00:00:06.218000,6.218,4360.343,1.0
2024-03-01 16:59:16.116,0 days 01:12:40.443000,-171.0,6880.0,-139.0,OnTrack,321.5,11337.5,100.0,0,12,8,564.5383989900029,0.10495588384660086,44,431.68999999999966,interpolation,0 days 00:00:06.318000,6.318,4360.443,1.0
2024-03-01 16:59:16.216,0 days 01:12:40.543000,-169.0230151487409,6967.3150234221375,-138.52128430595843,OnTrack,321.0,11328.0,100.0,0,12,8,574.8547222222223,0.10687383809882167,44,429.3233333333329,interpolation,0 days 00:00:06.418000,6.418,4360.543,1.0
2024-03-01 16:59:16.316,0 days 01:12:40.643000,-166.0,7076.0,-138.0,OnTrack,318.6666666666667,11336.333333333334,66.66666666666666,0,12,8,582.7448509962177,0.10834072757989105,44,427.9455555555552,interpolation,0 days 00:00:06.518000,6.518,4360.643,1.0
2024-03-01 16:59:16.416,0 days 01:12:40.743000,-161.0,7218.0,-137.0,OnTrack,316.3333333333333,11344.666666666666,33.33333333333333,0,12,8,588.7133980769073,0.10945036712833373,44,426.56777777777745,interpolation,0 days 00:00:06.618000,6.618,4360.743,1.0
2024-03-01 16:59:16.516,0 days 01:12:40.843000,-157.41805576059687,7318.763639916721,-135.8921589945568,OnTrack,314.0,11353.0,0.0,0,12,8,595.7880555555557,0.1107656486572996,44,425.1899999999997,interpolation,0 days 00:00:06.718000,6.718,4360.843,1.0
2024-03-01 16:59:16.616,0 days 01:12:40.943000,-155.0,7387.0,-135.0,OnTrack,297.0,10808.333333333334,0.0,0,12,8,604.4734413643422,0.11238038796598221,44,425.08972222222195,interpolation,0 days 00:00:06.818000,6.818,4360.943,1.0
2024-03-01 16:59:16.716,0 days 01:12:41.043000,-152.9258224373367,7443.843454701199,-134.58523326807935,OnTrack,280.0,10263.666666666666,0.0,0,12,8,614.267855250667,0.11420131169417817,44,424.98944444444425,interpolation,0 days 00:00:06.918000,6.918,4361.043,1.0
2024-03-01 16:59:16.816,0 days 01:12:41.143000,-150.99451243585773,7494.032693628049,-134.51587296129173,OnTrack,263.0,9719.0,0.0,1,8,8,622.1611111111113,0.11566878254601469,44,424.8891666666665,interpolation,0 days 00:00:07.018000,7.018,4361.143,0.0
2024-03-01 16:59:16.916,0 days 01:12:41.243000,-148.0,7566.0,-134.0,OnTrack,246.5,9536.0,0.0,1,8,8,627.6515138304596,0.11668952811640268,44,425.6891666666665,interpolation,0 days 00:00:07.118000,7.118,4361.243,0.0
2024-03-01 16:59:17.016,0 days 01:12:41.343000,-144.0,7658.0,-133.0,OnTrack,230.0,9353.0,0.0,1,8,8,632.3833333333336,0.11756924205440093,44,426.4891666666665,interpolation,0 days 00:00:07.218000,7.218,4361.343,0.0
2024-03-01 16:59:17.116,0 days 01:12:41.443000,-140.54688577606703,7731.127822740208,-132.0821126894792,OnTrack,217.0,9725.0,0.0,1,8,8,638.000839544355,0.11861361800906822,44,428.21138888888873,interpolation,0 days 00:00:07.318000,7.318,4361.443,0.0
2024-03-01 16:59:17.216,0 days 01:12:41.543000,-137.89299808689623,7780.4199067499685,-131.3656231490139,OnTrack,204.0,10097.0,0.0,1,8,8,643.7166666666669,0.11967627324848135,44,429.93361111111096,interpolation,0 days 00:00:07.418000,7.418,4361.543,0.0
2024-03-01 16:59:17.316,0 days 01:12:41.643000,-136.0,7815.0,-131.0,OnTrack,191.5,10170.0,0.0,1,8,8,648.7434489034122,0.12061082504071707,44,432.48916666666645,interpolation,0 days 00:00:07.518000,7.518,4361.643,0.0
2024-03-01 16:59:17.416,0 days 01:12:41.743000,-134.86150199391608,7836.3887349377,-131.01015480688352,OnTrack,179.0,10243.0,0.0,1,8,8,653.6611111111114,0.12152508983544405,44,435.04472222222194,interpolation,0 days 00:00:07.618000,7.618,4361.743,0.0
2024-03-01 16:59:17.516,0 days 01:12:41.843000,-133.0,7864.0,-131.0,OnTrack,168.5,10185.5,0.0,1,8,8,659.0495781462848,0.12252688408233092,44,438.9113888888886,interpolation,0 days 00:00:07.718000,7.718,4361.843,0.0
2024-03-01 16:59:17.616,0 days 01:12:41.943000,-128.93798994960724,7917.247683623837,-130.57344800968502,OnTrack,158.0,10128.0,0.0,1,8,8,664.1944444444447,0.12348338941582465,44,442.7780555555553,interpolation,0 days 00:00:07.818000,7.818,4361.943,0.0
2024-03-01 16:59:17.716,0 days 01:12:42.043000,-124.0,7976.0,-130.0,OnTrack,151.66666666666666,9721.333333333334,0.0,1,8,8,668.381304441103,0.1242617874703723,44,446.381759259259,interpolation,0 days 00:00:07.918000,7.918,4362.043,0.0
2024-03-01 16:59:17.816,0 days 01:12:42.143000,-119.51055830844061,8020.1251633192915,-129.54915713500634,OnTrack,145.33333333333334,9314.666666666666,0.0,1,8,8,671.7351077126128,0.1248853081861264,44,449.9854629629627,interpolation,0 days 00:00:08.018000,8.018,4362.143,0.0
2024-03-01 16:59:17.916,0 days 01:12:42.243000,-115.3721845755901,8051.234953440202,-129.2192208712293,OnTrack,139.0,8908.0,0.0,1,8,7,675.0055555555558,0.1254933319176288,44,453.5891666666664,interpolation,0 days 00:00:08.118000,8.118,4362.243,0.0
2024-03-01 16:59:18.016,0 days 01:12:42.343000,-111.0,8079.0,-129.0,OnTrack,128.5,8481.0,0.0,1,8,7,678.3175988257748,0.1261090888429078,44,458.1169444444442,pos,0 days 00:00:08.218000,8.218,4362.343,0.0
2024-03-01 16:59:18.116,0 days 01:12:42.443000,-106.29652528052452,8105.032066352642,-128.88979599523668,OnTrack,118.0,8054.0,0.0,1,8,4,681.5611111111114,0.12671210486322432,44,462.64472222222196,interpolation,0 days 00:00:08.318000,8.318,4362.443,0.0
2024-03-01 16:59:18.216,0 days 01:12:42.543000,-100.94001646984042,8129.787011115851,-128.88900456835444,OnTrack,114.0,7678.0,0.0,1,8,4,684.6259659994068,0.12728190587983917,44,467.70027777777756,interpolation,0 days 00:00:08.418000,8.418,4362.543,0.0
2024-03-01 16:59:18.316,0 days 01:12:42.643000,-93.0,8156.0,-129.0,OnTrack,110.0,7302.0,0.0,1,8,3,687.5121634906611,0.12781849189275238,44,472.75583333333316,interpolation,0 days 00:00:08.518000,8.518,4362.643,0.0
2024-03-01 16:59:18.416,0 days 01:12:42.743000,-82.15472862900518,8184.126896290836,-129.22317800564056,OnTrack,106.0,6926.0,0.0,1,8,3,690.2561681254741,0.1283286421894217,44,477.81138888888876,interpolation,0 days 00:00:08.618000,8.618,4362.743,0.0
2024-03-01 16:59:18.516,0 days 01:12:42.843000,-68.0,8214.0,-129.0,OnTrack,102.0,6550.0,0.0,1,8,3,692.8944444444446,0.12881913605730472,44,482.86694444444436,interpolation,0 days 00:00:08.718000,8.718,4362.843,0.0
2024-03-01 16:59:18.616,0 days 01:12:42.943000,-51.0,8244.0,-128.0,OnTrack,97.25,6300.0,0.0,1,8,3,695.4269924475732,0.12928997349640162,44,488.61694444444436,interpolation,0 days 00:00:08.818000,8.818,4362.943,0.0
2024-03-01 16:59:18.716,0 days 01:12:43.043000,-36.365084769211364,8265.417184862361,-127.59162062524149,OnTrack,92.5,6050.0,0.0,1,8,3,697.8538121348595,0.12974115450671225,44,494.3669444444443,interpolation,0 days 00:00:08.918000,8.918,4363.043,0.0
2024-03-01 16:59:18.816,0 days 01:12:43.143000,-24.43079770444849,8278.116787292583,-127.86583188533197,OnTrack,87.75,5800.0,0.0,1,8,3,700.106503532494,0.1301599625401345,44,500.11694444444424,interpolation,0 days 00:00:09.018000,9.018,4363.143,0.0
2024-03-01 16:59:18.916,0 days 01:12:43.243000,-12.0,8290.0,-128.0,OnTrack,83.0,5550.0,0.0,1,8,3,702.1166666666669,0.13053368104856622,44,505.86694444444424,interpolation,0 days 00:00:09.118000,9.118,4363.243,0.0
2024-03-01 16:59:19.016,0 days 01:12:43.343000,1.4601675399824439,8302.383695178529,-127.85701863721829,OnTrack,80.5,5478.5,0.0,1,8,3,703.8843015373784,0.13086231003200738,44,510.57805555555535,interpolation,0 days 00:00:09.218000,9.218,4363.343,0.0
2024-03-01 16:59:19.116,0 days 01:12:43.443000,18.0,8315.0,-128.0,OnTrack,78.0,5407.0,0.0,1,8,3,705.5833333333336,0.131178184707932,44,515.2891666666665,interpolation,0 days 00:00:09.318000,9.318,4363.443,0.0
2024-03-01 16:59:19.216,0 days 01:12:43.543000,39.66979246455383,8327.581041636247,-128.99205629135844,OnTrack,77.0,5366.0,0.5,1,8,3,707.3876872432385,0.1315136402938141,44,521.2891666666665,interpolation,0 days 00:00:09.418000,9.418,4363.543,0.0
2024-03-01 16:59:19.316,0 days 01:12:43.643000,63.0,8338.0,-130.0,OnTrack,76.0,5325.0,1.0,1,8,3,709.8055555555558,0.1319631571135698,44,527.2891666666665,interpolation,0 days 00:00:09.518000,9.518,4363.643,0.0
2024-03-01 16:59:19.416,0 days 01:12:43.743000,84.52107767269457,8344.130055003981,-130.1906436146312,OnTrack,73.0,5158.0,2.0,1,8,3,713.0500000000002,0.1325663464357967,44,537.0669444444442,interpolation,0 days 00:00:09.618000,9.618,4363.743,0.0
2024-03-01 16:59:19.516,0 days 01:12:43.843000,104.0,8347.0,-130.0,OnTrack,72.0,5128.5,2.0,0,8,3,715.3502281576368,0.13299399224300046,44,543.3169444444441,interpolation,0 days 00:00:09.718000,9.718,4363.843,0.0
2024-03-01 16:59:19.616,0 days 01:12:43.943000,121.20374149927873,8347.638628339868,-129.86408202085448,OnTrack,71.0,5099.0,2.0,0,8,3,716.9944444444446,0.133299675920011,44,549.5669444444441,interpolation,0 days 00:00:09.818000,9.818,4363.943,0.0
2024-03-01 16:59:19.716,0 days 01:12:44.043000,136.37833834213626,8346.24350347003,-129.80995388412677,OnTrack,71.25,5204.0,6.0,0,8,3,718.5659868573044,0.13359184846883887,44,554.5891666666663,interpolation,0 days 00:00:09.918000,9.918,4364.043,0.0
2024-03-01 16:59:19.816,0 days 01:12:44.143000,151.0,8344.0,-130.0,OnTrack,71.5,5309.0,10.0,0,8,3,720.064855396216,0.13387050988948407,44,559.6113888888885,interpolation,0 days 00:00:10.018000,10.018,4364.143,0.0
2024-03-01 16:59:19.916,0 days 01:12:44.243000,165.3147601250779,8341.105679353182,-130.4612842982702,OnTrack,71.75,5414.0,14.0,0,8,3,721.6285184592418,0.13416121755279234,44,564.6336111111107,interpolation,0 days 00:00:10.118000,10.118,4364.243,0.0
2024-03-01 16:59:20.016,0 days 01:12:44.343000,182.0,8336.0,-131.0,OnTrack,72.0,5519.0,18.0,0,8,3,723.3944444444446,0.13448952882960932,44,569.6558333333329,pos,0 days 00:00:10.218000,10.218,4364.343,0.0
2024-03-01 16:59:20.116,0 days 01:12:44.443000,203.7331009073962,8327.122420410882,-131.42234032625208,OnTrack,73.5,5587.5,22.0,0,8,3,725.3626333518239,0.13485544371993502,44,575.905833333333,interpolation,0 days 00:00:10.318000,10.318,4364.443,0.0
2024-03-01 16:59:20.216,0 days 01:12:44.543000,230.0,8313.0,-132.0,OnTrack,75.0,5656.0,26.0,0,8,3,727.5611111111112,0.1352641726509624,44,582.1558333333332,interpolation,0 days 00:00:10.418000,10.418,4364.543,0.0
2024-03-01 16:59:20.316,0 days 01:12:44.643000,260.2866344305449,8292.15979818153,-133.00467374421743,OnTrack,76.25,5837.25,31.5,0,8,3,730.0179036520376,0.1357209260498844,44,589.5891666666665,interpolation,0 days 00:00:10.518000,10.518,4364.643,0.0
2024-03-01 16:59:20.416,0 days 01:12:44.743000,287.0,8272.0,-134.0,OnTrack,77.5,6018.5,37.0,0,8,3,732.7330109746031,0.136225703916701,44,597.0224999999998,interpolation,0 days 00:00:10.618000,10.618,4364.743,0.0
2024-03-01 16:59:20.516,0 days 01:12:44.843000,302.54709250933456,8259.918790499943,-134.54961720844352,OnTrack,78.75,6199.75,42.5,0,8,3,735.5288350320892,0.1367454881963143,44,604.455833333333,interpolation,0 days 00:00:10.718000,10.718,4364.843,0.0
2024-03-01 16:59:20.616,0 days 01:12:44.943000,309.24540867617253,8254.028160843092,-134.7300001659227,OnTrack,80.0,6381.0,48.0,0,8,3,738.2277777777779,0.1372472608336263,44,611.8891666666663,interpolation,0 days 00:00:10.818000,10.818,4364.943,0.0
2024-03-01 16:59:20.716,0 days 01:12:45.043000,321.0,8243.0,-135.0,OnTrack,83.25,6653.75,52.75,0,8,3,740.8298392116687,0.137731021828637,44,617.7356249999996,interpolation,0 days 00:00:10.918000,10.918,4365.043,0.0
2024-03-01 16:59:20.816,0 days 01:12:45.143000,340.1283869297289,8224.94627979909,-135.43609229015604,OnTrack,86.5,6926.5,57.5,0,8,3,743.3350193337621,0.13819677118134652,44,623.582083333333,interpolation,0 days 00:00:11.018000,11.018,4365.143,0.0
2024-03-01 16:59:20.916,0 days 01:12:45.243000,361.0,8205.0,-136.0,OnTrack,89.75,7199.25,62.25,0,8,3,745.8634536778632,0.1386668438315117,44,629.4285416666663,interpolation,0 days 00:00:11.118000,11.118,4365.243,0.0
2024-03-01 16:59:21.016,0 days 01:12:45.343000,377.9842697454544,8188.294160362377,-136.6534460931411,OnTrack,93.0,7472.0,67.0,0,8,3,748.5352777777779,0.13916357471888957,44,635.2749999999996,interpolation,0 days 00:00:11.218000,11.218,4365.343,0.0
2024-03-01 16:59:21.116,0 days 01:12:45.443000,391.7155561911544,8174.206114141867,-137.37099121282282,OnTrack,97.5,7681.75,70.75,0,8,3,751.3504916335056,0.13968696384348012,44,639.3249999999996,interpolation,0 days 00:00:11.318000,11.318,4365.443,0.0
2024-03-01 16:59:21.216,0 days 01:12:45.543000,406.0,8159.0,-138.0,OnTrack,102.0,7891.5,74.5,0,8,3,754.3090952450467,0.14023701120528326,44,643.3749999999995,interpolation,0 days 00:00:11.418000,11.418,4365.543,0.0
2024-03-01 16:59:21.316,0 days 01:12:45.643000,421.47195470124,8142.053177568294,-138.5150333584138,OnTrack,106.5,8101.25,78.25,0,8,3,757.1557901229535,0.14076625310891078,44,647.4249999999996,interpolation,0 days 00:00:11.518000,11.518,4365.643,0.0
2024-03-01 16:59:21.416,0 days 01:12:45.743000,442.0,8120.0,-139.0,OnTrack,111.0,8311.0,82.0,0,8,3,759.6352777777779,0.1412272258589742,44,651.4749999999996,interpolation,0 days 00:00:11.618000,11.618,4365.743,0.0
2024-03-01 16:59:21.516,0 days 01:12:45.843000,471.45271560140577,8089.474820448369,-139.53880863669443,OnTrack,117.0,8583.5,84.5,0,8,3,761.7475582095199,0.14161992945547358,44,654.4527777777773,interpolation,0 days 00:00:11.718000,11.718,4365.843,0.0
2024-03-01 16:59:21.616,0 days 01:12:45.943000,507.370981264599,8053.032246260856,-140.15613119590458,OnTrack,123.0,8856.0,87.0,0,8,3,765.1019444444446,0.14224355855258947,44,657.4305555555551,interpolation,0 days 00:00:11.818000,11.818,4365.943,0.0
2024-03-01 16:59:21.716,0 days 01:12:46.043000,535.0,8026.0,-141.0,OnTrack,128.0,9696.0,90.0,0,8,3,770.7908333333335,0.14330120558334353,44,661.8749999999997,interpolation,0 days 00:00:11.918000,11.918,4366.043,0.0
2024-03-01 16:59:21.816,0 days 01:12:46.143000,556.0,8008.0,-142.0,OnTrack,133.0,10162.333333333334,89.66666666666667,0,8,3,775.7127437028976,0.14421626017303227,44,663.44537037037,interpolation,0 days 00:00:12.018000,12.018,4366.143,0.0
2024-03-01 16:59:21.916,0 days 01:12:46.243000,595.0873495008049,7981.435865132142,-142.58560490063485,OnTrack,138.0,10628.666666666666,89.33333333333333,0,8,3,779.5504373754244,0.14492974313903273,44,665.0157407407404,interpolation,0 days 00:00:12.118000,12.118,4366.243,0.0
2024-03-01 16:59:22.016,0 days 01:12:46.343000,651.1723327029113,7946.39517819643,-142.74746345145715,OnTrack,143.0,11095.0,89.0,0,8,3,783.5019444444446,0.1456643856676847,44,666.5861111111108,interpolation,0 days 00:00:12.218000,12.218,4366.343,0.0
2024-03-01 16:59:22.116,0 days 01:12:46.443000,693.0,7921.0,-143.0,OnTrack,146.75,10794.25,87.75,0,8,3,787.7669355698965,0.14645730943331442,44,666.7249999999997,interpolation,0 days 00:00:12.318000,12.318,4366.443,0.0
2024-03-01 16:59:22.216,0 days 01:12:46.543000,715.3611664534151,7908.270689474901,-143.42895237649512,OnTrack,150.5,10493.5,86.5,0,8,3,792.34541075178,0.1473085144359219,44,666.8638888888886,interpolation,0 days 00:00:12.418000,12.418,4366.543,0.0
2024-03-01 16:59:22.316,0 days 01:12:46.643000,723.5131836938306,7905.783941523088,-143.94364198105592,OnTrack,154.25,10192.75,85.25,0,8,3,796.8910416688848,0.14815361321290269,44,667.0027777777776,interpolation,0 days 00:00:12.518000,12.518,4366.643,0.0
2024-03-01 16:59:22.416,0 days 01:12:46.743000,749.0,7899.0,-144.0,OnTrack,158.0,9892.0,84.0,0,8,3,801.0575000000001,0.14892821830165237,44,667.1416666666665,interpolation,0 days 00:00:12.618000,12.618,4366.743,0.0
2024-03-01 16:59:22.516,0 days 01:12:46.843000,797.0789131675922,7885.495584622115,-143.5073487619848,OnTrack,161.5,10127.0,87.0,0,8,3,804.8447857451263,0.1496323297021709,44,666.8305555555555,interpolation,0 days 00:00:12.718000,12.718,4366.843,0.0
2024-03-01 16:59:22.616,0 days 01:12:46.943000,851.0,7872.0,-143.0,OnTrack,165.0,10362.0,90.0,0,8,3,808.3908333333335,0.1502915914272338,44,666.5194444444444,interpolation,0 days 00:00:12.818000,12.818,4366.943,0.0
2024-03-01 16:59:22.716,0 days 01:12:47.043000,894.0133373006167,7865.242550744227,-143.01226544703522,OnTrack,168.0,10566.0,93.0,0,8,3,811.833577193693,0.15093164748961674,44,665.9638888888887,interpolation,0 days 00:00:12.918000,12.918,4367.043,0.0
2024-03-01 16:59:22.816,0 days 01:12:47.143000,935.0,7863.0,-143.0,OnTrack,171.0,10770.0,96.0,0,8,3,815.9908333333335,0.15170454175738185,44,665.4083333333332,interpolation,0 days 00:00:13.018000,13.018,4367.143,0.0
2024-03-01 16:59:22.916,0 days 01:12:47.243000,982.8410630287078,7863.049110912525,-142.4190585558038,OnTrack,174.0,11126.5,93.0,0,8,3,821.6804177593842,0.15276231809859153,44,664.0083333333332,interpolation,0 days 00:00:13.118000,13.118,4367.243,0.0
2024-03-01 16:59:23.016,0 days 01:12:47.343000,1037.9713704497904,7865.720735940508,-141.3193134246676,OnTrack,177.0,11483.0,90.0,0,8,4,827.7908333333335,0.15389833305945377,44,662.6083333333332,interpolation,0 days 00:00:13.218000,13.218,4367.343,0.0
2024-03-01 16:59:23.116,0 days 01:12:47.443000,1103.0,7873.0,-140.0,OnTrack,180.0,11451.0,93.0,0,8,4,833.2105829166698,0.1549059431861768,44,661.1566666666666,interpolation,0 days 00:00:13.318000,13.318,4367.443,0.0
2024-03-01 16:59:23.216,0 days 01:12:47.543000,1178.3618001952132,7885.217758937649,-138.510991102717,OnTrack,183.0,11419.0,96.0,0,8,4,838.0083333333334,0.15579791463817583,44,659.705,interpolation,0 days 00:00:13.418000,13.418,4367.543,0.0
2024-03-01 16:59:23.316,0 days 01:12:47.643000,1248.0,7898.0,-137.0,OnTrack,186.66666666666666,11612.333333333334,97.33333333333333,0,8,4,842.252751407265,0.15658701357486635,44,657.967962962963,interpolation,0 days 00:00:13.518000,13.518,4367.643,0.0
2024-03-01 16:59:23.416,0 days 01:12:47.743000,1295.8578283789313,7906.972710433603,-135.6147399590304,OnTrack,190.33333333333334,11805.666666666666,98.66666666666667,0,8,4,846.3900169149757,0.1573561912939492,44,656.2309259259259,interpolation,0 days 00:00:13.618000,13.618,4367.743,0.0
2024-03-01 16:59:23.516,0 days 01:12:47.843000,1326.242814383964,7913.081500197844,-134.33060944446484,OnTrack,194.0,11999.0,100.0,0,8,4,853.0972222222223,0.15860315812990247,44,654.4938888888889,interpolation,0 days 00:00:13.718000,13.718,4367.843,0.0
2024-03-01 16:59:23.616,0 days 01:12:47.943000,1365.0,7922.0,-133.0,OnTrack,201.0,11019.0,100.0,0,8,4,862.0305555555557,0.1602639944828835,44,650.9827777777778,interpolation,0 days 00:00:13.818000,13.818,4367.943,0.0
2024-03-01 16:59:23.716,0 days 01:12:48.043000,1416.4368701701242,7934.673810116459,-131.59831034221094,OnTrack,203.0,10758.5,100.0,0,8,4,868.4500159330275,0.16145746535916256,44,648.7050000000002,interpolation,0 days 00:00:13.918000,13.918,4368.043,0.0
2024-03-01 16:59:23.816,0 days 01:12:48.143000,1473.0,7950.0,-130.0,OnTrack,205.0,10498.0,100.0,0,8,4,873.4194444444445,0.16238135426124858,44,646.4272222222224,interpolation,0 days 00:00:14.018000,14.018,4368.143,0.0
2024-03-01 16:59:23.916,0 days 01:12:48.243000,1527.1359645952903,7966.8756391034,-128.07952850226948,OnTrack,207.0,10691.333333333334,100.0,0,8,4,878.79268638808,0.163380317942594,44,644.2235185185187,interpolation,0 days 00:00:14.118000,14.118,4368.243,0.0
2024-03-01 16:59:24.016,0 days 01:12:48.343000,1582.0,7985.0,-126.0,OnTrack,209.0,10884.666666666666,100.0,0,8,5,884.467513777712,0.16443535073650367,44,642.0198148148149,interpolation,0 days 00:00:14.218000,14.218,4368.343,0.0
2024-03-01 16:59:24.116,0 days 01:12:48.443000,1640.747342258135,8004.072355263137,-123.92451864417214,OnTrack,211.0,11078.0,100.0,0,8,5,889.8305555555556,0.16543241805895129,44,639.8161111111112,interpolation,0 days 00:00:14.318000,14.318,4368.443,0.0
2024-03-01 16:59:24.216,0 days 01:12:48.543000,1696.0,8022.0,-122.0,OnTrack,214.0,11132.0,100.0,0,8,5,894.7795826885691,0.16635251404862272,44,637.8383333333335,interpolation,0 days 00:00:14.418000,14.418,4368.543,0.0
2024-03-01 16:59:24.316,0 days 01:12:48.643000,1740.3799818559023,8036.690229317787,-120.37335963269774,OnTrack,217.0,11186.0,100.0,0,8,5,899.475,0.16722546029077656,44,635.8605555555557,interpolation,0 days 00:00:14.518000,14.518,4368.643,0.0
2024-03-01 16:59:24.416,0 days 01:12:48.743000,1773.8872878258408,8048.143043216493,-119.04459754226531,OnTrack,218.66666666666666,11333.333333333334,100.0,0,8,5,904.0772123130967,0.16808107837067146,44,633.4753703703705,interpolation,0 days 00:00:14.618000,14.618,4368.743,0.0
2024-03-01 16:59:24.516,0 days 01:12:48.843000,1818.4509498828588,8057.274335506953,-117.44353668070023,OnTrack,220.33333333333334,11480.666666666666,100.0,0,8,5,909.0017371264179,0.16899661902340887,44,631.0901851851853,interpolation,0 days 00:00:14.718000,14.718,4368.843,0.0
2024-03-01 16:59:24.616,0 days 01:12:48.943000,1896.0,8065.0,-115.0,OnTrack,222.0,11628.0,100.0,0,8,5,916.7416666666668,0.17043558428646377,44,628.705,interpolation,0 days 00:00:14.818000,14.818,4368.943,0.0
2024-03-01 16:59:24.716,0 days 01:12:49.043000,1997.0,8071.0,-112.0,OnTrack,227.0,11643.0,100.0,0,8,5,926.8305555555556,0.1723112551925667,44,624.6161111111112,interpolation,0 days 00:00:14.918000,14.918,4369.043,0.0
2024-03-01 16:59:24.816,0 days 01:12:49.143000,2064.2446137162183,8073.3541251646675,-110.15960289343897,OnTrack,228.66666666666666,11273.666666666666,100.0,0,8,5,933.9766791549418,0.1736398233108603,44,622.5716666666667,interpolation,0 days 00:00:15.018000,15.018,4369.143,0.0
2024-03-01 16:59:24.916,0 days 01:12:49.243000,2098.881241434649,8072.057381958351,-109.34085612940459,OnTrack,230.33333333333334,10904.333333333334,100.0,0,8,5,937.9094722397281,0.17437098663816986,44,620.5272222222222,interpolation,0 days 00:00:15.118000,15.118,4369.243,0.0
2024-03-01 16:59:25.016,0 days 01:12:49.343000,2165.0,8069.0,-107.0,OnTrack,232.0,10535.0,100.0,0,8,5,942.2972222222223,0.17518673305742938,44,618.4827777777778,interpolation,0 days 00:00:15.218000,15.218,4369.343,0.0
2024-03-01 16:59:25.116,0 days 01:12:49.443000,2269.0,8064.0,-103.0,OnTrack,234.0,10617.666666666666,100.0,0,8,5,947.7513072075428,0.17620072663383257,44,615.7272222222223,interpolation,0 days 00:00:15.318000,15.318,4369.443,0.0
2024-03-01 16:59:25.216,0 days 01:12:49.543000,2385.1862478157345,8054.0753015478895,-99.06238696766934,OnTrack,236.0,10700.333333333334,100.0,0,8,5,954.4488705456067,0.17744590088774106,44,612.9716666666667,interpolation,0 days 00:00:15.418000,15.418,4369.543,0.0
2024-03-01 16:59:25.316,0 days 01:12:49.643000,2483.0,8044.0,-96.0,OnTrack,238.0,10783.0,100.0,0,8,5,963.4527777777778,0.1791198579530461,44,610.2161111111112,interpolation,0 days 00:00:15.518000,15.518,4369.643,0.0
2024-03-01 16:59:25.416,0 days 01:12:49.743000,2536.1649901157225,8039.045201569708,-94.33875785664364,OnTrack,242.0,10936.0,100.0,0,8,5,974.2083333333334,0.18111947187056554,44,606.3494444444445,interpolation,0 days 00:00:15.618000,15.618,4369.743,0.0
2024-03-01 16:59:25.516,0 days 01:12:49.843000,2544.681218162901,8039.210906257014,-94.07866053760029,OnTrack,243.66666666666666,10997.666666666666,100.0,0,8,6,982.324470322467,0.18262837955981856,44,604.3531481481482,interpolation,0 days 00:00:15.718000,15.718,4369.843,0.0
2024-03-01 16:59:25.616,0 days 01:12:49.943000,2555.85683712863,8037.021157815815,-93.7792329497568,OnTrack,245.33333333333334,11059.333333333334,100.0,0,14,6,987.6222831323356,0.18361331987018256,44,602.3568518518518,interpolation,0 days 00:00:15.818000,15.818,4369.943,1.0
2024-03-01 16:59:25.716,0 days 01:12:50.043000,2617.0,8025.0,-92.0,OnTrack,247.0,11121.0,100.0,0,14,6,993.4194444444446,0.18469109631621755,44,600.3605555555555,pos,0 days 00:00:15.918000,15.918,4370.043,1.0
2024-03-01 16:59:25.816,0 days 01:12:50.143000,2728.1107067770117,8003.147432809574,-88.74096168832993,OnTrack,249.0,11239.5,100.0,0,14,6,1000.2689025367972,0.18596451001002343,44,598.3883333333333,interpolation,0 days 00:00:16.018000,16.018,4370.143,1.0
2024-03-01 16:59:25.916,0 days 01:12:50.243000,2876.7183868882685,7973.913679018503,-84.35951157028465,OnTrack,251.0,11358.0,100.0,0,14,6,1007.3638888888889,0.1872835709716792,44,596.4161111111111,interpolation,0 days 00:00:16.118000,16.118,4370.243,1.0
2024-03-01 16:59:26.016,0 days 01:12:50.343000,2988.0,7952.0,-81.0,OnTrack,253.0,11406.333333333334,100.0,0,14,6,1013.8976349802165,0.18849828922126402,44,594.6012962962963,interpolation,0 days 00:00:16.218000,16.218,4370.343,1.0
2024-03-01 16:59:26.116,0 days 01:12:50.443000,3049.485103238797,7939.8565934378785,-79.01981687332275,OnTrack,255.0,11454.666666666666,100.0,0,14,6,1020.1002939738328,0.18965145357295163,44,592.7864814814815,interpolation,0 days 00:00:16.318000,16.318,4370.443,1.0
2024-03-01 16:59:26.216,0 days 01:12:50.543000,3061.173696604662,7937.483459332143,-78.41896219025296,OnTrack,257.0,11503.0,100.0,0,12,6,1027.3527777777779,0.19099979559731708,44,590.9716666666666,interpolation,0 days 00:00:16.418000,16.418,4370.543,1.0
2024-03-01 16:59:26.316,0 days 01:12:50.643000,3071.2754416681955,7935.368595560335,-78.10862641205667,OnTrack,257.5,11415.5,100.0,0,12,6,1035.885237198349,0.19258610367037898,44,588.905,interpolation,0 days 00:00:16.518000,16.518,4370.643,1.0
2024-03-01 16:59:26.416,0 days 01:12:50.743000,3128.0,7924.0,-77.0,OnTrack,258.0,11328.0,100.0,0,12,6,1044.5527777777777,0.1941975252918626,44,586.8383333333334,interpolation,0 days 00:00:16.618000,16.618,4370.743,1.0
2024-03-01 16:59:26.516,0 days 01:12:50.843000,3231.3473716000753,7903.377672651141,-75.09308295408296,OnTrack,260.3333333333333,11094.0,100.0,0,12,6,1052.2105050582968,0.19562120796149327,44,585.3087037037038,interpolation,0 days 00:00:16.718000,16.718,4370.843,1.0
2024-03-01 16:59:26.616,0 days 01:12:50.943000,3343.0,7881.0,-73.0,OnTrack,262.6666666666667,10860.0,100.0,0,12,6,1058.932570916387,0.19687093758958085,44,583.7790740740742,interpolation,0 days 00:00:16.818000,16.818,4370.943,1.0
2024-03-01 16:59:26.716,0 days 01:12:51.043000,3424.6403287313524,7864.365368532826,-71.33287586344562,OnTrack,265.0,10626.0,100.0,0,12,6,1065.1638888888888,0.1980294300614892,44,582.2494444444446,interpolation,0 days 00:00:16.918000,16.918,4371.043,1.0
2024-03-01 16:59:26.816,0 days 01:12:51.143000,3480.05900183443,7852.770977409588,-70.06098797785067,OnTrack,267.0,10612.5,100.0,0,12,6,1070.978611611602,0.1991104714286967,44,580.9161111111114,interpolation,0 days 00:00:17.018000,17.018,4371.143,1.0
2024-03-01 16:59:26.916,0 days 01:12:51.243000,3532.0,7842.0,-69.0,OnTrack,269.0,10599.0,100.0,0,12,7,1077.1194444444443,0.20025214139955833,44,579.5827777777781,interpolation,0 days 00:00:17.118000,17.118,4371.243,1.0
2024-03-01 16:59:27.016,0 days 01:12:51.343000,3584.2540060847537,7831.349628267319,-68.11918904872377,OnTrack,270.3333333333333,10708.0,100.0,0,12,7,1084.3290927473336,0.20159251968242914,44,578.1012962962967,interpolation,0 days 00:00:17.218000,17.218,4371.343,1.0
2024-03-01 16:59:27.116,0 days 01:12:51.443000,3650.0,7818.0,-67.0,OnTrack,271.6666666666667,10817.0,100.0,0,12,7,1092.5443646765596,0.20311985799619967,44,576.6198148148152,interpolation,0 days 00:00:17.318000,17.318,4371.443,1.0
2024-03-01 16:59:27.216,0 days 01:12:51.543000,3742.4169616570503,7799.131252986506,-65.22387772980672,OnTrack,273.0,10926.0,100.0,0,12,7,1101.386111111111,0.2047636670151187,44,575.1383333333338,interpolation,0 days 00:00:17.418000,17.418,4371.543,1.0
2024-03-01 16:59:27.316,0 days 01:12:51.643000,3855.0311147147613,7776.094902648774,-62.93517456141909,OnTrack,275.0,10967.5,100.0,0,12,7,1110.791140854359,0.2065121985783785,44,573.5383333333339,interpolation,0 days 00:00:17.518000,17.518,4371.643,1.0
2024-03-01 16:59:27.416,0 days 01:12:51.743000,3949.0,7757.0,-61.0,OnTrack,277.0,11009.0,100.0,0,12,7,1119.8527777777774,0.20819688843135556,44,571.938333333334,interpolation,0 days 00:00:17.618000,17.618,4371.743,1.0
2024-03-01 16:59:27.516,0 days 01:12:51.843000,4017.849907462753,7743.198046622668,-59.56270489066443,OnTrack,277.6666666666667,11057.333333333334,100.0,0,12,7,1127.6643457528412,0.20964917231942662,44,570.7500000000006,interpolation,0 days 00:00:17.718000,17.718,4371.843,1.0
2024-03-01 16:59:27.616,0 days 01:12:51.943000,4061.5808371030203,7734.68904251678,-58.62328923341235,OnTrack,278.3333333333333,11105.666666666666,100.0,0,12,7,1134.4411777023076,0.2109090837589472,44,569.5616666666673,interpolation,0 days 00:00:17.818000,17.818,4371.943,1.0
2024-03-01 16:59:27.716,0 days 01:12:52.043000,4098.521348191778,7727.585517152503,-57.8722289594541,OnTrack,279.0,11154.0,100.0,0,12,7,1141.4752777777774,0.21221682507788525,44,568.3733333333339,interpolation,0 days 00:00:17.918000,17.918,4372.043,1.0
2024-03-01 16:59:27.816,0 days 01:12:52.143000,4147.0,7718.0,-57.0,OnTrack,280.6666666666667,11185.0,100.0,0,12,7,1148.9819811070288,0.21361243020254173,44,567.2066666666673,interpolation,0 days 00:00:18.018000,18.018,4372.143,1.0
2024-03-01 16:59:27.916,0 days 01:12:52.243000,4207.016792527687,7705.932491059273,-56.00660235505005,OnTrack,282.3333333333333,11216.0,100.0,0,12,7,1156.7558391154435,0.2150577032603724,44,566.0400000000005,interpolation,0 days 00:00:18.118000,18.118,4372.243,1.0
2024-03-01 16:59:28.016,0 days 01:12:52.343000,4280.608963294216,7691.010602955503,-54.819113939216635,OnTrack,284.0,11247.0,100.0,0,12,7,1163.5641666666663,0.2163234701894851,44,564.8733333333339,interpolation,0 days 00:00:18.218000,18.218,4372.343,1.0
2024-03-01 16:59:28.116,0 days 01:12:52.443000,4380.0,7671.0,-53.0,OnTrack,285.5,11277.0,100.0,0,12,7,1169.2015172898614,0.21737153550845928,44,563.8511111111118,interpolation,0 days 00:00:18.318000,18.318,4372.443,1.0
2024-03-01 16:59:28.216,0 days 01:12:52.543000,4507.22716102583,7645.528291004675,-50.47633770528654,OnTrack,287.0,11307.0,100.0,0,12,7,1176.3197222222218,0.21869491314125403,44,562.8288888888897,interpolation,0 days 00:00:18.418000,18.418,4372.543,1.0
2024-03-01 16:59:28.316,0 days 01:12:52.643000,4630.0,7621.0,-48.0,OnTrack,288.0,11380.0,100.0,0,12,7,1187.570612700941,0.22078661701182847,44,561.1566666666674,interpolation,0 days 00:00:18.518000,18.518,4372.643,1.0
2024-03-01 16:59:28.416,0 days 01:12:52.743000,4716.028070550792,7603.819651016436,-46.32285982906409,OnTrack,289.0,11453.0,100.0,0,12,7,1198.7974999999997,0.22287385834284684,44,559.4844444444452,interpolation,0 days 00:00:18.618000,18.618,4372.743,1.0
2024-03-01 16:59:28.516,0 days 01:12:52.843000,4765.31137267821,7593.987244053988,-45.44491719247884,OnTrack,290.0,11490.5,100.0,0,12,7,1205.8436953933785,0.22418384835697344,44,558.5288888888897,interpolation,0 days 00:00:18.718000,18.718,4372.843,1.0
2024-03-01 16:59:28.616,0 days 01:12:52.943000,4806.1889884665225,7585.911215064546,-44.71951595965417,OnTrack,291.0,11528.0,100.0,0,12,7,1211.7308333333328,0.22527835276432678,44,557.5733333333342,interpolation,0 days 00:00:18.818000,18.818,4372.943,1.0
2024-03-01 16:59:28.716,0 days 01:12:53.043000,4867.0,7574.0,-43.5,OnTrack,292.0,11519.5,100.0,0,12,7,1219.4805482721176,0.22671913727502535,44,556.3788888888896,pos,0 days 00:00:18.918000,18.918,4373.043,1.0
2024-03-01 16:59:28.816,0 days 01:12:53.143000,4947.744407278642,7558.253598860352,-41.78636931351635,OnTrack,293.0,11511.0,100.0,0,12,7,1228.008611111111,0.22830462795974624,44,555.184444444445,interpolation,0 days 00:00:19.018000,19.018,4373.143,1.0
2024-03-01 16:59:28.916,0 days 01:12:53.243000,5043.307369613694,7539.643655144825,-39.70342835286089,OnTrack,293.8,11323.2,100.0,0,12,7,1236.2307927516906,0.22983325088916653,44,553.824444444445,interpolation,0 days 00:00:19.118000,19.118,4373.243,1.0
2024-03-01 16:59:29.016,0 days 01:12:53.343000,5123.0,7524.0,-38.0,OnTrack,294.6,11135.4,100.0,0,12,7,1244.1470931938568,0.2313050060632862,44,552.464444444445,interpolation,0 days 00:00:19.218000,19.218,4373.343,1.0
2024-03-01 16:59:29.116,0 days 01:12:53.443000,5181.707510124503,7512.294266975525,-36.800887429600316,OnTrack,295.4,10947.6,100.0,0,12,7,1251.819428842467,0.23273140464061653,44,551.1044444444449,interpolation,0 days 00:00:19.318000,19.318,4373.443,1.0
2024-03-01 16:59:29.216,0 days 01:12:53.543000,5230.189066641557,7502.560177528803,-35.89324585304291,OnTrack,296.2,10759.8,100.0,0,12,7,1259.619296224606,0.2341815132186039,44,549.7444444444449,interpolation,0 days 00:00:19.418000,19.418,4373.543,1.0
2024-03-01 16:59:29.316,0 days 01:12:53.643000,5333.0,7483.0,-34.0,OnTrack,297.0,10572.0,100.0,0,12,7,1267.608611111111,0.235666842837886,44,548.3844444444449,interpolation,0 days 00:00:19.518000,19.518,4373.643,1.0
2024-03-01 16:59:29.416,0 days 01:12:53.743000,5500.899587028616,7451.647435711724,-30.908302902310854,OnTrack,298.0,10603.5,100.0,0,12,7,1275.7873735019816,0.2371873934984627,44,546.3288888888893,interpolation,0 days 00:00:19.618000,19.618,4373.743,1.0
2024-03-01 16:59:29.516,0 days 01:12:53.843000,5660.0,7422.0,-28.0,OnTrack,299.0,10635.0,100.0,0,12,8,1284.1555833972184,0.23874316520033412,44,544.2733333333338,interpolation,0 days 00:00:19.718000,19.718,4373.843,1.0
2024-03-01 16:59:29.616,0 days 01:12:53.943000,5736.413411186746,7407.555208200853,-26.656936733091953,OnTrack,300.0,10666.5,100.0,0,12,8,1292.6114182605124,0.24031522765583002,44,542.2177777777782,interpolation,0 days 00:00:19.818000,19.818,4373.943,1.0
2024-03-01 16:59:29.716,0 days 01:12:54.043000,5745.008845985362,7405.615989292722,-26.582831078560382,OnTrack,301.0,10698.0,100.0,0,12,8,1301.0530555555554,0.24188465057728012,44,540.1622222222227,interpolation,0 days 00:00:19.918000,19.918,4374.043,1.0
2024-03-01 16:59:29.816,0 days 01:12:54.143000,5775.0,7400.0,-26.0,OnTrack,301.5,10693.5,100.0,0,12,8,1309.4804952823474,0.24345143396468455,44,537.9009722222227,interpolation,0 days 00:00:20.018000,20.018,4374.143,1.0
2024-03-01 16:59:29.916,0 days 01:12:54.243000,5841.255746369126,7388.010196918993,-24.612164508296843,OnTrack,302.0,10689.0,100.0,0,12,8,1317.914722222222,0.2450194791935318,44,535.6397222222226,interpolation,0 days 00:00:20.118000,20.118,4374.243,1.0
2024-03-01 16:59:30.016,0 days 01:12:54.343000,5937.158216996159,7370.767781845752,-22.594715084175792,OnTrack,302.5,10730.5,100.0,0,12,8,1326.3767211565132,0.24659268763931058,44,533.1952777777782,interpolation,0 days 00:00:20.218000,20.218,4374.343,1.0
2024-03-01 16:59:30.116,0 days 01:12:54.443000,6023.0,7355.0,-21.0,OnTrack,303.0,10772.0,100.0,0,12,8,1334.7480555555553,0.24814904023179826,44,530.7508333333337,interpolation,0 days 00:00:20.318000,20.318,4374.443,1.0
2024-03-01 16:59:30.216,0 days 01:12:54.543000,6092.163159516755,7341.828064658954,-20.003411532502057,OnTrack,304.0,10803.0,100.0,0,12,8,1342.9102888896834,0.2496665179007721,44,528.1397222222226,interpolation,0 days 00:00:20.418000,20.418,4374.543,1.0
2024-03-01 16:59:30.316,0 days 01:12:54.643000,6155.0,7330.0,-19.0,OnTrack,305.0,10834.0,100.0,0,12,8,1351.6924999999997,0.2512992584386341,44,525.5286111111116,interpolation,0 days 00:00:20.518000,20.518,4374.643,1.0
2024-03-01 16:59:30.416,0 days 01:12:54.743000,6221.8628259033185,7318.263830200529,-17.38481572081186,OnTrack,305.5,10883.0,100.0,0,12,8,1361.9237677276067,0.2532013996377861,44,522.3286111111116,interpolation,0 days 00:00:20.618000,20.618,4374.743,1.0
2024-03-01 16:59:30.516,0 days 01:12:54.843000,6324.0,7300.0,-15.0,OnTrack,306.0,10932.0,100.0,0,12,8,1372.0924999999997,0.25509191458797886,44,519.1286111111117,interpolation,0 days 00:00:20.718000,20.718,4374.843,1.0
2024-03-01 16:59:30.616,0 days 01:12:54.943000,6475.0,7272.0,-12.0,OnTrack,299.5,10661.25,75.0,0,12,8,1380.6871047446757,0.2566897763789633,44,517.4286111111116,interpolation,0 days 00:00:20.818000,20.818,4374.943,1.0
2024-03-01 16:59:30.716,0 days 01:12:55.043000,6568.902973009805,7254.7302101609885,-10.258660459119994,OnTrack,293.0,10390.5,50.0,0,12,8,1387.7075819616339,0.25799498501073936,44,515.7286111111117,interpolation,0 days 00:00:20.918000,20.918,4375.043,1.0
2024-03-01 16:59:30.816,0 days 01:12:55.143000,6601.444625141939,7249.088997257784,-9.811748052148927,OnTrack,286.5,10119.75,25.0,0,12,8,1393.9205181977754,0.2591500600510084,44,514.0286111111118,interpolation,0 days 00:00:21.018000,21.018,4375.143,1.0
2024-03-01 16:59:30.916,0 days 01:12:55.243000,6653.0,7240.0,-9.0,OnTrack,280.0,9849.0,0.0,0,12,8,1400.0924999999997,0.2602975210674716,44,512.3286111111117,interpolation,0 days 00:00:21.118000,21.118,4375.243,1.0
2024-03-01 16:59:31.016,0 days 01:12:55.343000,6736.965006771408,7224.95047864072,-7.5468710902520915,OnTrack,264.6666666666667,9682.333333333334,0.0,0,12,8,1406.2235273683075,0.2614373680601291,44,511.887870370371,interpolation,0 days 00:00:21.218000,21.218,4375.343,1.0
2024-03-01 16:59:31.116,0 days 01:12:55.443000,6825.0,7209.0,-6.0,OnTrack,249.33333333333334,9515.666666666666,0.0,1,8,8,1412.3057981868258,0.2625681505023758,44,511.4471296296302,interpolation,0 days 00:00:21.318000,21.318,4375.443,0.0
2024-03-01 16:59:31.216,0 days 01:12:55.543000,6888.765334229614,7197.208130897901,-4.907025406338522,OnTrack,234.0,9349.0,0.0,1,8,8,1418.2924999999998,0.2636811652791419,44,511.00638888888943,interpolation,0 days 00:00:21.418000,21.418,4375.543,0.0
2024-03-01 16:59:31.316,0 days 01:12:55.643000,6932.76246641496,7188.563732182016,-4.147639597642358,OnTrack,221.0,9295.5,0.0,1,8,8,1424.175830771851,0.2647749618786757,44,511.50638888888943,interpolation,0 days 00:00:21.518000,21.518,4375.643,0.0
2024-03-01 16:59:31.416,0 days 01:12:55.743000,6984.0,7177.0,-3.0,OnTrack,208.0,9242.0,0.0,1,8,8,1429.8480555555552,0.2658295108103611,44,512.0063888888894,interpolation,0 days 00:00:21.618000,21.618,4375.743,0.0
2024-03-01 16:59:31.516,0 days 01:12:55.843000,7046.9793458447575,7161.505805553459,-1.3438001337308099,OnTrack,198.5,9291.0,0.0,1,8,8,1435.2014394042894,0.26682478258358194,44,513.0897222222227,interpolation,0 days 00:00:21.718000,21.718,4375.843,0.0
2024-03-01 16:59:31.616,0 days 01:12:55.943000,7109.0,7144.0,0.0,OnTrack,189.0,9340.0,0.0,1,8,8,1440.3480555555552,0.2677816132401709,44,514.173055555556,interpolation,0 days 00:00:21.818000,21.818,4375.943,0.0
2024-03-01 16:59:31.716,0 days 01:12:56.043000,7157.361458516497,7126.401434497226,0.21044040002721703,OnTrack,181.33333333333334,9554.0,0.0,1,8,8,1445.399977246854,0.26872083882196074,44,516.0397222222226,interpolation,0 days 00:00:21.918000,21.918,4376.043,0.0
2024-03-01 16:59:31.816,0 days 01:12:56.143000,7191.0,7113.0,0.0,OnTrack,173.66666666666666,9768.0,0.0,1,8,8,1450.3443016179565,0.2696400604999223,44,517.9063888888894,interpolation,0 days 00:00:22.018000,22.018,4376.143,0.0
2024-03-01 16:59:31.916,0 days 01:12:56.243000,7208.851903056262,7108.085587463178,0.08115773356750752,OnTrack,166.0,9982.0,0.0,1,8,8,1455.1036111111107,0.2705248852261893,44,519.7730555555561,interpolation,0 days 00:00:22.118000,22.118,4376.243,0.0
2024-03-01 16:59:32.016,0 days 01:12:56.343000,7256.0,7082.0,1.0,OnTrack,160.0,9520.333333333334,0.0,1,8,8,1459.6650027339615,0.27137291414716835,44,522.3508333333339,pos,0 days 00:00:22.218000,22.218,4376.343,0.0
2024-03-01 16:59:32.116,0 days 01:12:56.443000,7361.0,7016.0,3.0,OnTrack,154.0,9058.666666666666,0.0,1,8,5,1464.0357136554242,0.27218549275762394,44,524.9286111111116,interpolation,0 days 00:00:22.318000,22.318,4376.443,0.0
2024-03-01 16:59:32.216,0 days 01:12:56.543000,7424.689671892162,6975.575007814592,4.265487838406809,OnTrack,148.0,8597.0,0.0,1,8,5,1468.2591666666663,0.2729706939848081,44,527.5063888888894,interpolation,0 days 00:00:22.418000,22.418,4376.543,0.0
2024-03-01 16:59:32.316,0 days 01:12:56.643000,7430.542061767426,6971.639870951465,4.493853415395978,OnTrack,144.0,8327.5,0.0,1,8,5,1472.3425988624954,0.2737298633097073,44,530.2286111111115,interpolation,0 days 00:00:22.518000,22.518,4376.643,0.0
2024-03-01 16:59:32.416,0 days 01:12:56.743000,7416.623420758977,6975.884798612606,4.475292284687156,OnTrack,140.0,8058.0,0.0,1,8,4,1476.036944444444,0.2744166957846672,44,532.9508333333335,interpolation,0 days 00:00:22.618000,22.618,4376.743,0.0
2024-03-01 16:59:32.516,0 days 01:12:56.843000,7421.0,6960.0,5.0,OnTrack,137.0,7935.5,0.0,1,8,4,1479.0931376140447,0.27498488646203345,44,535.8258333333337,interpolation,0 days 00:00:22.718000,22.718,4376.843,0.0
2024-03-01 16:59:32.616,0 days 01:12:56.943000,7443.671799490493,6923.985475113646,6.067976561334507,OnTrack,134.0,7813.0,0.0,1,8,4,1481.5111783712978,0.2754344353418061,44,538.7008333333338,interpolation,0 days 00:00:22.818000,22.818,4376.943,0.0
2024-03-01 16:59:32.716,0 days 01:12:57.043000,7469.0,6884.0,7.0,OnTrack,131.0,7690.5,0.0,1,8,4,1484.392102165124,0.2759700408978084,44,541.5758333333339,interpolation,0 days 00:00:22.918000,22.918,4377.043,0.0
2024-03-01 16:59:32.816,0 days 01:12:57.143000,7481.345782298071,6856.2023507055255,7.116848347305808,OnTrack,128.0,7568.0,0.0,1,8,4,1488.836944444444,0.2767964016038639,44,544.450833333334,interpolation,0 days 00:00:23.018000,23.018,4377.143,0.0
2024-03-01 16:59:32.916,0 days 01:12:57.243000,7487.0,6831.0,7.0,OnTrack,125.0,7648.0,4.0,1,8,4,1494.3924999999997,0.2778292600323347,44,549.8286111111115,interpolation,0 days 00:00:23.118000,23.118,4377.243,0.0
2024-03-01 16:59:33.016,0 days 01:12:57.343000,7492.253506721083,6798.800420653206,7.230933354830648,OnTrack,123.5,7466.5,4.0,1,8,4,1498.3395514986582,0.2785630742057743,44,553.3286111111116,interpolation,0 days 00:00:23.218000,23.218,4377.343,0.0
2024-03-01 16:59:33.116,0 days 01:12:57.443000,7496.71092475391,6760.335884493978,7.727854224729956,OnTrack,122.0,7285.0,4.0,0,8,4,1501.1702777777775,0.27908934731506907,44,556.8286111111117,interpolation,0 days 00:00:23.318000,23.318,4377.443,0.0
2024-03-01 16:59:33.216,0 days 01:12:57.543000,7498.0,6720.0,8.0,OnTrack,121.33333333333333,7351.666666666667,14.0,0,8,4,1503.830058243177,0.27958383911595164,44,559.7397222222228,interpolation,0 days 00:00:23.418000,23.418,4377.543,0.0
2024-03-01 16:59:33.316,0 days 01:12:57.643000,7496.0,6679.0,8.0,OnTrack,120.66666666666667,7418.333333333333,24.0,0,8,4,1506.3781704355183,0.2800575701637705,44,562.6508333333338,interpolation,0 days 00:00:23.518000,23.518,4377.643,0.0
2024-03-01 16:59:33.416,0 days 01:12:57.743000,7492.358763513425,6640.1856808929,7.934389180422153,OnTrack,120.0,7485.0,34.0,0,8,4,1509.1702777777775,0.280576663452067,44,565.5619444444449,interpolation,0 days 00:00:23.618000,23.618,4377.743,0.0
2024-03-01 16:59:33.516,0 days 01:12:57.843000,7487.350928927374,6604.032006313361,7.837589857638962,OnTrack,121.77777777777777,7582.888888888889,37.333333333333336,0,8,4,1512.265657203618,0.28115213942334,44,567.8903395061733,interpolation,0 days 00:00:23.718000,23.718,4377.843,0.0
2024-03-01 16:59:33.616,0 days 01:12:57.943000,7480.9764962418485,6570.538976261388,7.709602031650428,OnTrack,123.55555555555556,7680.777777777777,40.666666666666664,0,8,4,1515.6643087130406,0.2817839980775895,44,570.2187345679017,interpolation,0 days 00:00:23.818000,23.818,4377.943,0.0
2024-03-01 16:59:33.716,0 days 01:12:58.043000,7473.235465456845,6539.706590736976,7.550425702456553,OnTrack,125.33333333333333,7778.666666666667,44.0,0,8,4,1519.3662323060437,0.28247223941481536,44,572.5471296296301,interpolation,0 days 00:00:23.918000,23.918,4378.043,0.0
2024-03-01 16:59:33.816,0 days 01:12:58.143000,7464.041030300276,6511.146526433014,7.344175553360764,OnTrack,127.11111111111111,7876.555555555556,47.333333333333336,0,8,4,1523.3714279826283,0.28321686343501773,44,574.8755246913586,interpolation,0 days 00:00:24.018000,24.018,4378.143,0.0
2024-03-01 16:59:33.916,0 days 01:12:58.243000,7452.872350472902,6482.528831577474,6.9955391961850415,OnTrack,128.88888888888889,7974.444444444444,50.66666666666667,0,8,4,1527.6302578096534,0.2840086417258255,44,577.2039197530869,interpolation,0 days 00:00:24.118000,24.118,4378.243,0.0
2024-03-01 16:59:34.016,0 days 01:12:58.343000,7439.64261881373,6453.465178886792,6.488631151566341,OnTrack,130.66666666666666,8072.333333333333,54.0,0,8,4,1531.8448957131473,0.28479220409650924,44,579.5323148148153,interpolation,0 days 00:00:24.218000,24.218,4378.343,0.0
2024-03-01 16:59:34.116,0 days 01:12:58.443000,7424.351835322765,6423.955568360968,5.823451419504661,OnTrack,132.44444444444446,8170.222222222223,57.33333333333333,0,8,4,1535.9657042682584,0.28555832222919625,44,581.8607098765438,interpolation,0 days 00:00:24.318000,24.318,4378.443,0.0
2024-03-01 16:59:34.216,0 days 01:12:58.543000,7407.0,6394.0,5.0,OnTrack,134.22222222222223,8268.111111111111,60.66666666666667,0,8,4,1539.9926834749867,0.28630699612388655,44,584.1891049382722,interpolation,0 days 00:00:24.418000,24.418,4378.543,0.0
2024-03-01 16:59:34.316,0 days 01:12:58.643000,7387.58711284544,6363.59847380389,4.018276893052361,OnTrack,136.0,8366.0,64.0,0,8,4,1543.925833333333,0.2870382257805802,44,586.5175000000006,interpolation,0 days 00:00:24.518000,24.518,4378.643,0.0
2024-03-01 16:59:34.416,0 days 01:12:58.743000,7365.0,6332.0,3.0,OnTrack,138.5,8631.5,71.0,0,8,4,1547.7651538432967,0.28775201119927724,44,588.2587500000005,interpolation,0 days 00:00:24.618000,24.618,4378.743,0.0
2024-03-01 16:59:34.516,0 days 01:12:58.843000,7338.125487604597,6298.453588815693,2.0668872221811734,OnTrack,141.0,8897.0,78.0,0,8,4,1551.7199999999998,0.2884872745128033,44,590.0000000000005,interpolation,0 days 00:00:24.718000,24.718,4378.843,0.0
2024-03-01 16:59:34.616,0 days 01:12:58.943000,7308.017542710134,6264.012908398234,1.1682549534582782,OnTrack,145.0,9088.0,81.66666666666667,0,8,4,1555.999726798565,0.28928293785398435,44,590.2962962962969,interpolation,0 days 00:00:24.818000,24.818,4378.943,0.0
2024-03-01 16:59:34.716,0 days 01:12:59.043000,7281.0,6235.0,0.0,OnTrack,149.0,9279.0,85.33333333333333,0,8,4,1560.5805761221995,0.29013458424400906,44,590.5925925925932,interpolation,0 days 00:00:24.918000,24.918,4379.043,0.0
2024-03-01 16:59:34.816,0 days 01:12:59.143000,7258.126837317776,6212.468542557872,-1.4885617633340489,OnTrack,153.0,9470.0,89.0,0,8,4,1565.3199999999997,0.29101571194569975,44,590.8888888888896,interpolation,0 days 00:00:25.018000,25.018,4379.143,0.0
2024-03-01 16:59:34.916,0 days 01:12:59.243000,7231.0,6188.0,-3.0,OnTrack,157.0,9743.0,92.66666666666667,0,8,4,1570.1942405584552,0.29192190402547485,44,590.0888888888896,interpolation,0 days 00:00:25.118000,25.118,4379.243,0.0
2024-03-01 16:59:35.016,0 days 01:12:59.343000,7191.221433383207,6153.175836254541,-4.236884373453983,OnTrack,161.0,10016.0,96.33333333333333,0,8,4,1575.1632418175504,0.2928457134951518,44,589.2888888888897,interpolation,0 days 00:00:25.218000,25.218,4379.343,0.0
2024-03-01 16:59:35.116,0 days 01:12:59.443000,7149.0,6117.0,-5.0,OnTrack,165.0,10289.0,100.0,0,8,4,1579.9866666666665,0.2937424581968627,44,588.4888888888897,interpolation,0 days 00:00:25.318000,25.318,4379.443,0.0
2024-03-01 16:59:35.216,0 days 01:12:59.543000,7114.544562382981,6088.476439914888,-5.09013199594205,OnTrack,168.66666666666666,10602.0,100.0,0,8,4,1584.6244587156125,0.29460469106616743,44,587.0629629629638,interpolation,0 days 00:00:25.418000,25.418,4379.543,0.0
2024-03-01 16:59:35.316,0 days 01:12:59.643000,7087.307154834268,6067.117804529836,-4.701564902656411,OnTrack,172.33333333333334,10915.0,100.0,0,8,4,1589.1135526618539,0.2954392787995105,44,585.6370370370379,interpolation,0 days 00:00:25.518000,25.518,4379.643,0.0
2024-03-01 16:59:35.416,0 days 01:12:59.743000,7064.0,6050.0,-5.0,OnTrack,176.0,11228.0,100.0,0,8,4,1593.6755555555553,0.29628742136461467,44,584.2111111111119,interpolation,0 days 00:00:25.618000,25.618,4379.743,0.0
2024-03-01 16:59:35.516,0 days 01:12:59.843000,7039.0,6033.0,-6.0,OnTrack,176.0,11334.5,100.0,0,8,4,1598.3474017159729,0.29715598538760973,44,582.4888888888897,interpolation,0 days 00:00:25.718000,25.718,4379.843,0.0
2024-03-01 16:59:35.616,0 days 01:12:59.943000,6981.856483981361,5994.30383713873,-6.623251384317576,OnTrack,176.0,11441.0,100.0,0,8,4,1603.4533333333331,0.29810525219872325,44,580.7666666666676,interpolation,0 days 00:00:25.818000,25.818,4379.943,0.0
2024-03-01 16:59:35.716,0 days 01:13:00.043000,6918.0,5951.0,-7.0,OnTrack,182.33333333333334,11592.0,100.0,0,8,4,1609.3175925978642,0.2991955031281828,44,578.0407407407416,interpolation,0 days 00:00:25.918000,25.918,4380.043,0.0
2024-03-01 16:59:35.816,0 days 01:13:00.143000,6877.936181936133,5923.812619784919,-7.440209693658392,OnTrack,188.66666666666666,11743.0,100.0,0,8,4,1615.6585774261289,0.300374384260625,44,575.3148148148158,interpolation,0 days 00:00:26.018000,26.018,4380.143,0.0
2024-03-01 16:59:35.916,0 days 01:13:00.243000,6861.665029789757,5912.741696493486,-7.943880465292752,OnTrack,195.0,11894.0,100.0,0,8,4,1620.7866666666664,0.3013277704955521,44,572.5888888888899,interpolation,0 days 00:00:26.118000,26.118,4380.243,0.0
2024-03-01 16:59:36.016,0 days 01:13:00.343000,6842.311362748502,5898.79992495531,-8.475611004280736,OnTrack,198.0,11654.0,100.0,0,8,4,1624.4202553524215,0.30200330738149417,44,570.3888888888898,interpolation,0 days 00:00:26.218000,26.218,4380.343,0.0
2024-03-01 16:59:36.116,0 days 01:13:00.443000,6793.0,5863.0,-9.0,OnTrack,201.0,11414.0,100.0,0,8,4,1629.7199999999998,0.3029886068485331,44,568.1888888888898,interpolation,0 days 00:00:26.318000,26.318,4380.443,0.0
2024-03-01 16:59:36.216,0 days 01:13:00.543000,6713.730941544251,5805.341921627558,-9.517047452450548,OnTrack,205.0,10853.0,100.0,0,8,4,1638.8311111111109,0.3046824946712252,44,563.3444444444456,interpolation,0 days 00:00:26.418000,26.418,4380.543,0.0
2024-03-01 16:59:36.316,0 days 01:13:00.643000,6635.0,5748.0,-10.0,OnTrack,209.5,10999.5,100.0,0,8,4,1645.6608814017595,0.30595224811688415,44,559.9386111111123,interpolation,0 days 00:00:26.518000,26.518,4380.643,0.0
2024-03-01 16:59:36.416,0 days 01:13:00.743000,6587.3029879859905,5713.148545279349,-10.422104281015976,OnTrack,214.0,11146.0,100.0,0,8,4,1650.7794444444442,0.3069038632933373,44,556.5327777777791,interpolation,0 days 00:00:26.618000,26.618,4380.743,0.0
2024-03-01 16:59:36.516,0 days 01:13:00.843000,6570.639905502223,5700.787557465603,-10.783360295498476,OnTrack,216.0,11204.666666666666,100.0,0,8,5,1655.77239022478,0.3078321243971185,44,553.6216666666679,interpolation,0 days 00:00:26.718000,26.718,4380.843,0.0
2024-03-01 16:59:36.616,0 days 01:13:00.943000,6557.656870267343,5690.032790919055,-11.252936162231737,OnTrack,218.0,11263.333333333334,100.0,0,8,5,1660.6469055085372,0.3087383675523154,44,550.7105555555569,interpolation,0 days 00:00:26.818000,26.818,4380.943,0.0
2024-03-01 16:59:36.716,0 days 01:13:01.043000,6521.0,5660.0,-12.0,OnTrack,220.0,11322.0,100.0,0,8,5,1665.446111111111,0.30963060954450017,44,547.7994444444457,interpolation,0 days 00:00:26.918000,26.918,4381.043,0.0
2024-03-01 16:59:36.816,0 days 01:13:01.143000,6460.669294700192,5610.689184708436,-13.02455180880326,OnTrack,222.33333333333334,11416.666666666666,100.0,0,8,5,1670.1771938718634,0.3105101865114427,44,544.0920370370384,interpolation,0 days 00:00:27.018000,27.018,4381.143,0.0
2024-03-01 16:59:36.916,0 days 01:13:01.243000,6397.0,5558.0,-14.0,OnTrack,224.66666666666666,11511.333333333334,100.0,0,8,5,1675.2475636035,0.3114528418517439,44,540.384629629631,interpolation,0 days 00:00:27.118000,27.118,4381.243,0.0
2024-03-01 16:59:37.016,0 days 01:13:01.343000,6350.32736153151,5517.832100830327,-14.5997529849487,OnTrack,227.0,11606.0,100.0,0,8,5,1683.1016666666662,0.3129130336301803,44,536.6772222222237,interpolation,0 days 00:00:27.218000,27.218,4381.343,0.0
2024-03-01 16:59:37.116,0 days 01:13:01.443000,6312.0,5483.0,-15.0,OnTrack,229.0,11827.0,100.0,0,8,5,1693.279444444444,0.31480523027113877,44,530.1438888888906,interpolation,0 days 00:00:27.318000,27.318,4381.443,0.0
2024-03-01 16:59:37.216,0 days 01:13:01.543000,6273.366536110745,5446.318210309595,-15.376930281504517,OnTrack,231.5,11834.0,100.0,0,8,5,1700.5761380386346,0.3161617915373099,44,525.8661111111128,interpolation,0 days 00:00:27.418000,27.418,4381.543,0.0
2024-03-01 16:59:37.316,0 days 01:13:01.643000,6230.0,5402.0,-16.0,OnTrack,234.0,11841.0,100.0,0,8,5,1706.279444444444,0.3172221189937604,44,521.588333333335,interpolation,0 days 00:00:27.518000,27.518,4381.643,0.0
2024-03-01 16:59:37.416,0 days 01:13:01.743000,6177.473421804017,5344.258637312098,-17.138665326024192,OnTrack,235.75,11629.25,100.0,0,8,5,1712.5445160320585,0.3183868867527237,44,517.3105555555571,interpolation,0 days 00:00:27.618000,27.618,4381.743,0.0
2024-03-01 16:59:37.516,0 days 01:13:01.843000,6118.1267940481275,5275.926748047732,-18.68595002769295,OnTrack,237.5,11417.5,100.0,0,8,5,1719.3713528014775,0.3196560948141997,44,513.0327777777793,interpolation,0 days 00:00:27.718000,27.718,4381.843,0.0
2024-03-01 16:59:37.616,0 days 01:13:01.943000,6066.0,5214.0,-20.0,OnTrack,239.25,11205.75,100.0,0,8,5,1726.3466798368247,0.3209529093717634,44,508.7550000000015,interpolation,0 days 00:00:27.818000,27.818,4381.943,0.0
2024-03-01 16:59:37.716,0 days 01:13:02.043000,6023.433008223564,5161.3109899648025,-20.973840106492197,OnTrack,241.0,10994.0,100.0,0,8,5,1733.0572222222218,0.3222004966189896,44,504.47722222222365,interpolation,0 days 00:00:27.918000,27.918,4382.043,0.0
2024-03-01 16:59:37.816,0 days 01:13:02.143000,5990.425818718819,5117.859717942143,-21.607470347169553,OnTrack,242.6,11026.6,100.0,0,8,5,1739.5029799576685,0.32339885655587824,44,500.63944444444587,interpolation,0 days 00:00:28.018000,28.018,4382.143,0.0
2024-03-01 16:59:37.916,0 days 01:13:02.243000,5957.9557198546645,5071.978586948409,-22.187365414262118,OnTrack,244.2,11059.2,100.0,0,8,6,1745.6839530431657,0.32454798918242944,44,496.8016666666681,interpolation,0 days 00:00:28.118000,28.118,4382.243,0.0
2024-03-01 16:59:38.016,0 days 01:13:02.343000,5917.0,5012.0,-23.0,OnTrack,245.8,11091.8,100.0,0,8,6,1751.6342369852805,0.3256542333482829,44,492.9638888888903,interpolation,0 days 00:00:28.218000,28.218,4382.343,0.0
2024-03-01 16:59:38.116,0 days 01:13:02.443000,5871.0,4943.0,-24.0,OnTrack,247.4,11124.4,100.0,0,8,6,1757.5584058708412,0.3267556223460073,44,489.12611111111255,interpolation,0 days 00:00:28.318000,28.318,4382.443,0.0
2024-03-01 16:59:38.216,0 days 01:13:02.543000,5840.603659208084,4895.434688431436,-24.915122181850847,OnTrack,249.0,11157.0,100.0,0,8,6,1763.4905555555551,0.3278584950901526,44,485.2883333333348,interpolation,0 days 00:00:28.418000,28.418,4382.543,0.0
2024-03-01 16:59:38.316,0 days 01:13:02.643000,5805.0,4837.0,-26.0,OnTrack,250.5,11218.0,100.0,0,8,6,1769.430686039422,0.3289628515807187,44,481.0938888888902,interpolation,0 days 00:00:28.518000,28.518,4382.643,0.0
2024-03-01 16:59:38.416,0 days 01:13:02.743000,5739.936739145469,4730.3158784867055,-27.55464054864963,OnTrack,252.0,11279.0,100.0,0,8,6,1777.4905555555551,0.33046129832989896,44,476.89944444444563,interpolation,0 days 00:00:28.618000,28.618,4382.743,0.0
2024-03-01 16:59:38.516,0 days 01:13:02.843000,5672.0,4619.0,-29.0,OnTrack,254.0,11375.0,81.0,0,8,6,1788.7794444444442,0.3325600666565516,44,470.4105555555568,interpolation,0 days 00:00:28.718000,28.718,4382.843,0.0
2024-03-01 16:59:38.616,0 days 01:13:02.943000,5627.775905919104,4546.670040648334,-29.757034526251402,OnTrack,253.0,11281.666666666666,55.33333333333333,0,8,6,1797.2825161463697,0.3341409111260921,44,467.0142592592606,interpolation,0 days 00:00:28.818000,28.818,4382.943,0.0
2024-03-01 16:59:38.716,0 days 01:13:03.043000,5607.264456902782,4513.326000431707,-29.825744127403816,OnTrack,252.0,11188.333333333334,29.666666666666664,0,8,6,1802.5948452468842,0.335128550225622,44,463.6179629629644,interpolation,0 days 00:00:28.918000,28.918,4383.043,0.0
2024-03-01 16:59:38.816,0 days 01:13:03.143000,5604.5454379906705,4510.999536204887,-29.410051032978124,OnTrack,251.0,11095.0,4.0,0,8,6,1808.3016666666663,0.3361895311741979,44,460.22166666666817,interpolation,0 days 00:00:29.018000,29.018,4383.143,0.0
2024-03-01 16:59:38.916,0 days 01:13:03.243000,5584.0973775509665,4491.880344308145,-29.733494884611787,OnTrack,245.75,10842.5,4.75,0,8,6,1815.0005164997667,0.33743494460621,44,457.4716666666681,interpolation,0 days 00:00:29.118000,29.118,4383.243,0.0
2024-03-01 16:59:39.016,0 days 01:13:03.343000,5540.0,4448.0,-31.0,OnTrack,240.5,10590.0,5.5,1,8,6,1822.6913947461867,0.3388647905216583,44,454.72166666666806,interpolation,0 days 00:00:29.218000,29.218,4383.343,0.0
2024-03-01 16:59:39.116,0 days 01:13:03.443000,5475.0,4384.0,-33.0,OnTrack,235.25,10337.5,6.25,1,8,6,1830.2151867306238,0.3402635726753919,44,451.971666666668,interpolation,0 days 00:00:29.318000,29.318,4383.443,0.0
2024-03-01 16:59:39.216,0 days 01:13:03.543000,5405.577461146197,4327.729182039158,-34.47610304761246,OnTrack,230.0,10085.0,7.0,1,8,6,1836.4127777777774,0.3414157948222601,44,449.22166666666794,interpolation,0 days 00:00:29.418000,29.418,4383.543,0.0
2024-03-01 16:59:39.316,0 days 01:13:03.643000,5336.845195108356,4283.795724105047,-35.304531248449436,OnTrack,228.0,10085.0,9.0,1,8,6,1841.2841678876475,0.3423214569622628,44,447.57722222222344,interpolation,0 days 00:00:29.518000,29.518,4383.643,0.0
2024-03-01 16:59:39.416,0 days 01:13:03.743000,5283.0,4252.0,-36.0,OnTrack,226.0,10085.0,11.0,0,8,6,1846.4572222222218,0.3432832028609353,44,445.93277777777894,interpolation,0 days 00:00:29.618000,29.618,4383.743,0.0
2024-03-01 16:59:39.516,0 days 01:13:03.843000,5246.4079967254675,4232.308738861419,-36.64829476262262,OnTrack,223.0,10086.0,35.0,0,8,6,1853.5598059434906,0.344603676283813,44,443.96611111111247,interpolation,0 days 00:00:29.718000,29.718,4383.843,0.0
2024-03-01 16:59:39.616,0 days 01:13:03.943000,5222.404360576542,4223.0286569708815,-37.27126409273129,OnTrack,220.0,10087.0,59.0,0,8,6,1861.1238888888884,0.3460099491120981,44,441.999444444446,interpolation,0 days 00:00:29.818000,29.818,4383.943,0.0
2024-03-01 16:59:39.716,0 days 01:13:04.043000,5183.0,4214.0,-38.0,OnTrack,219.0,10021.5,67.5,0,8,6,1867.681440895851,0.34722909322699297,44,440.66611111111274,interpolation,0 days 00:00:29.918000,29.918,4384.043,0.0
2024-03-01 16:59:39.816,0 days 01:13:04.143000,5123.530042519576,4203.529466891037,-38.8563512645731,OnTrack,218.0,9956.0,76.0,0,8,6,1873.2349999999997,0.34826158048616446,44,439.3327777777795,interpolation,0 days 00:00:30.018000,30.018,4384.143,0.0
2024-03-01 16:59:39.916,0 days 01:13:04.243000,5048.839689468268,4192.365641059278,-39.845662364067195,OnTrack,218.5,9956.0,84.0,0,8,6,1877.7871042369557,0.3491078827472796,44,438.44388888889046,interpolation,0 days 00:00:30.118000,30.118,4384.243,0.0
2024-03-01 16:59:40.016,0 days 01:13:04.343000,4988.0,4185.0,-41.0,OnTrack,219.0,9956.0,92.0,0,8,6,1882.968333333333,0.35007114845284526,44,437.5550000000014,interpolation,0 days 00:00:30.218000,30.218,4384.343,0.0
2024-03-01 16:59:40.116,0 days 01:13:04.443000,4945.856125833164,4182.1811194630345,-42.32470859526097,OnTrack,220.5,10140.0,96.0,0,8,6,1890.409267015747,0.3514545260453685,44,436.3550000000015,interpolation,0 days 00:00:30.318000,30.318,4384.443,0.0
2024-03-01 16:59:40.216,0 days 01:13:04.543000,4886.0,4183.0,-44.0,OnTrack,222.0,10324.0,100.0,0,8,6,1897.768333333333,0.3528226833062914,44,435.15500000000156,interpolation,0 days 00:00:30.418000,30.418,4384.543,0.0
2024-03-01 16:59:40.316,0 days 01:13:04.643000,4785.0,4186.0,-46.0,OnTrack,223.66666666666666,10351.666666666666,100.0,0,8,6,1902.7039603352282,0.3537402880170566,44,434.4216666666683,interpolation,0 days 00:00:30.518000,30.518,4384.643,0.0
2024-03-01 16:59:40.416,0 days 01:13:04.743000,4720.714394001662,4187.895283311447,-47.088198540000924,OnTrack,225.33333333333334,10379.333333333334,100.0,0,8,6,1906.060230726367,0.3543642674061652,44,433.68833333333504,interpolation,0 days 00:00:30.618000,30.618,4384.743,0.0
2024-03-01 16:59:40.516,0 days 01:13:04.843000,4693.98441897573,4188.390570884963,-47.40174179551933,OnTrack,227.0,10407.0,100.0,0,8,6,1912.9016666666662,0.3556361896654458,44,432.95500000000175,interpolation,0 days 00:00:30.718000,30.718,4384.843,0.0
2024-03-01 16:59:40.616,0 days 01:13:04.943000,4632.0,4189.0,-49.0,OnTrack,228.0,10413.0,100.0,0,8,6,1923.0349999999996,0.35752012343897654,44,431.710555555557,interpolation,0 days 00:00:30.818000,30.818,4384.943,0.0
2024-03-01 16:59:40.716,0 days 01:13:05.043000,4530.0,4189.0,-52.0,OnTrack,230.66666666666666,10535.666666666666,100.0,0,8,6,1930.2360418315113,0.3588589016538771,44,431.06611111111255,interpolation,0 days 00:00:30.918000,30.918,4385.043,0.0
2024-03-01 16:59:40.816,0 days 01:13:05.143000,4432.227072141338,4182.535047398844,-55.04455013420734,OnTrack,233.33333333333334,10658.333333333334,100.0,0,8,6,1934.1384411576157,0.3595844143402177,44,430.42166666666805,interpolation,0 days 00:00:31.018000,31.018,4385.143,0.0
2024-03-01 16:59:40.916,0 days 01:13:05.243000,4346.05495419795,4168.629226612219,-57.907452950538286,OnTrack,236.0,10781.0,100.0,0,8,6,1938.7683333333332,0.36044517850840585,44,429.7772222222236,interpolation,0 days 00:00:31.118000,31.118,4385.243,0.0
2024-03-01 16:59:41.016,0 days 01:13:05.343000,4274.855359155588,4153.408792519485,-60.3166292916001,OnTrack,237.0,10804.0,92.33333333333333,0,8,6,1944.7967443534753,0.3615659476322451,44,429.1274074074088,interpolation,0 days 00:00:31.218000,31.218,4385.343,0.0
2024-03-01 16:59:41.116,0 days 01:13:05.443000,4222.0,4143.0,-62.0,OnTrack,238.0,10827.0,84.66666666666667,0,8,6,1952.1011477955817,0.3629239422710686,44,428.47759259259396,interpolation,0 days 00:00:31.318000,31.318,4385.443,0.0
2024-03-01 16:59:41.216,0 days 01:13:05.543000,4187.488876731188,4137.402849053764,-62.95756507573803,OnTrack,239.0,10850.0,77.0,0,8,6,1959.9463888888888,0.3643824864806579,44,427.82777777777915,interpolation,0 days 00:00:31.418000,31.418,4385.543,0.0
2024-03-01 16:59:41.316,0 days 01:13:05.643000,4171.3219893491505,4136.617339680776,-63.189324518814175,OnTrack,239.0,10803.0,88.5,0,8,6,1968.2099424655994,0.3659188010536065,44,427.3611111111122,interpolation,0 days 00:00:31.518000,31.518,4385.643,0.0
2024-03-01 16:59:41.416,0 days 01:13:05.743000,4142.9941072925385,4125.773160467401,-64.07642170248322,OnTrack,239.0,10756.0,100.0,0,8,6,1975.8797222222222,0.36734472445351213,44,426.8944444444453,interpolation,0 days 00:00:31.618000,31.618,4385.743,0.0
2024-03-01 16:59:41.516,0 days 01:13:05.843000,4072.0,4090.0,-67.0,OnTrack,240.0,10826.75,100.0,0,8,6,1981.943641855264,0.3684720951439724,44,426.58333333333417,pos,0 days 00:00:31.718000,31.718,4385.843,0.0
2024-03-01 16:59:41.616,0 days 01:13:05.943000,3958.3396674715377,4029.297858278574,-71.96005941136451,OnTrack,241.0,10897.5,100.0,0,8,6,1986.4017013647258,0.3693009131249873,44,426.27222222222304,interpolation,0 days 00:00:31.818000,31.818,4385.943,0.0
2024-03-01 16:59:41.716,0 days 01:13:06.043000,3848.0,3968.0,-77.0,OnTrack,242.0,10968.25,100.0,0,8,6,1990.9987713029354,0.37015557516273817,44,425.9611111111119,interpolation,0 days 00:00:31.918000,31.918,4386.043,0.0
2024-03-01 16:59:41.816,0 days 01:13:06.143000,3786.9678878782397,3930.439689861156,-80.16322182932977,OnTrack,243.0,11039.0,100.0,0,8,6,1997.479722222222,0.37136047802340655,44,425.6500000000008,interpolation,0 days 00:00:32.018000,32.018,4386.143,0.0
2024-03-01 16:59:41.916,0 days 01:13:06.243000,3767.3737120575975,3912.002277221569,-81.79866951151709,OnTrack,244.5,11104.0,100.0,0,8,6,2005.8445541225856,0.3729156217069922,44,425.28333333333444,interpolation,0 days 00:00:32.118000,32.118,4386.243,0.0
2024-03-01 16:59:42.016,0 days 01:13:06.343000,3742.0,3885.0,-84.0,OnTrack,246.0,11169.0,100.0,0,8,6,2013.8797222222217,0.37440947610425224,44,424.9166666666681,interpolation,0 days 00:00:32.218000,32.218,4386.343,0.0
2024-03-01 16:59:42.116,0 days 01:13:06.443000,3702.9772132412745,3844.8182548097566,-87.11615433376724,OnTrack,246.5,11185.5,100.0,0,8,6,2019.3716817393283,0.3754305111059438,44,424.6944444444457,interpolation,0 days 00:00:32.318000,32.318,4386.443,0.0
2024-03-01 16:59:42.216,0 days 01:13:06.543000,3653.8626267925,3795.021878313574,-90.91458502467755,OnTrack,247.0,11202.0,100.0,0,8,6,2024.8574999999998,0.37645040435891053,44,424.4722222222233,interpolation,0 days 00:00:32.418000,32.418,4386.543,0.0
2024-03-01 16:59:42.316,0 days 01:13:06.643000,3616.0,3757.0,-94.0,OnTrack,248.0,11249.5,100.0,0,8,6,2032.874244330331,0.37794083350999663,44,424.2388888888901,interpolation,0 days 00:00:32.518000,32.518,4386.643,0.0
2024-03-01 16:59:42.416,0 days 01:13:06.743000,3592.946644301537,3734.3174930358864,-96.1398493902949,OnTrack,249.0,11297.0,100.0,0,8,6,2041.4575,0.3795365853431813,44,424.00555555555684,interpolation,0 days 00:00:32.618000,32.618,4386.743,0.0
2024-03-01 16:59:42.516,0 days 01:13:06.843000,3537.0,3658.0,-101.0,OnTrack,251.0,11397.5,100.0,0,8,6,2048.642852278685,0.38087244664244424,44,423.75555555555707,interpolation,0 days 00:00:32.718000,32.718,4386.843,0.0
2024-03-01 16:59:42.616,0 days 01:13:06.943000,3416.0,3482.0,-111.0,OnTrack,253.0,11498.0,100.0,0,8,6,2055.513055555555,0.3821497171672123,44,423.5055555555573,interpolation,0 days 00:00:32.818000,32.818,4386.943,0.0
2024-03-01 16:59:42.716,0 days 01:13:07.043000,3323.2020773788545,3343.8792165240275,-118.6618993019369,OnTrack,254.33333333333334,11515.0,100.0,0,8,6,2063.1508642197778,0.38356969667691254,44,423.32722222222384,interpolation,0 days 00:00:32.918000,32.918,4387.043,0.0
2024-03-01 16:59:42.816,0 days 01:13:07.143000,3274.148883894221,3266.5647208729756,-122.73936650988938,OnTrack,255.66666666666666,11532.0,100.0,0,8,6,2071.3006781636504,0.38508486540094405,44,423.14888888889044,interpolation,0 days 00:00:33.018000,33.018,4387.143,0.0
2024-03-01 16:59:42.916,0 days 01:13:07.243000,3263.022088583926,3242.0381217688573,-123.7337966547705,OnTrack,257.0,11549.0,100.0,0,8,6,2078.4288888888887,0.38641010325589004,44,422.970555555557,interpolation,0 days 00:00:33.118000,33.118,4387.243,0.0
2024-03-01 16:59:43.016,0 days 01:13:07.343000,3254.911884413442,3222.1893178678924,-124.65354451925597,OnTrack,258.3333333333333,11573.666666666666,100.0,0,8,6,2084.2798936704307,0.38749788998454493,44,422.8150000000016,interpolation,0 days 00:00:33.218000,33.218,4387.343,0.0
2024-03-01 16:59:43.116,0 days 01:13:07.443000,3244.0,3199.0,-126.0,OnTrack,259.6666666666667,11598.333333333334,100.0,0,8,6,2089.2624276241386,0.3884242153786063,44,422.65944444444614,interpolation,0 days 00:00:33.318000,33.318,4387.443,0.0
2024-03-01 16:59:43.216,0 days 01:13:07.543000,3230.2864353436007,3172.4701681651795,-127.77316309700262,OnTrack,261.0,11623.0,100.0,0,8,6,2095.8288888888883,0.38964501585386047,44,422.50388888889074,interpolation,0 days 00:00:33.418000,33.418,4387.543,0.0
2024-03-01 16:59:43.316,0 days 01:13:07.643000,3213.7711904442426,3142.599822363431,-129.9730338102638,OnTrack,260.0,11725.5,82.0,0,8,6,2104.3880083951162,0.3912362804238738,44,422.4372222222237,interpolation,0 days 00:00:33.518000,33.518,4387.643,0.0
2024-03-01 16:59:43.416,0 days 01:13:07.743000,3188.870350322764,3100.679565379968,-132.43638761839307,OnTrack,259.0,11828.0,64.0,0,8,6,2113.095555555555,0.3928551398495477,44,422.3705555555566,interpolation,0 days 00:00:33.618000,33.618,4387.743,0.0
2024-03-01 16:59:43.516,0 days 01:13:07.843000,3150.0,3038.0,-135.0,OnTrack,247.5,11128.0,32.0,0,8,6,2120.107299782937,0.3941587248917835,44,423.00944444444553,interpolation,0 days 00:00:33.718000,33.718,4387.843,0.0
2024-03-01 16:59:43.616,0 days 01:13:07.943000,3097.1601394759514,2954.5611262235293,-137.6638709550846,OnTrack,236.0,10428.0,0.0,0,8,6,2126.2066666666665,0.3952926857407388,44,423.64833333333445,interpolation,0 days 00:00:33.818000,33.818,4387.943,0.0
2024-03-01 16:59:43.716,0 days 01:13:08.043000,3046.0,2875.0,-140.0,OnTrack,224.0,10428.0,0.0,1,8,6,2132.1770817961497,0.3964026725865709,44,424.8705555555571,interpolation,0 days 00:00:33.918000,33.918,4388.043,0.0
2024-03-01 16:59:43.816,0 days 01:13:08.143000,3012.1688128215283,2823.953677278858,-141.58038665109936,OnTrack,212.0,10428.0,0.0,1,8,6,2137.984444444444,0.3974823456090968,44,426.0927777777797,interpolation,0 days 00:00:34.018000,34.018,4388.143,0.0
2024-03-01 16:59:43.916,0 days 01:13:08.243000,2995.666577940536,2801.4221580601034,-142.40503090838266,OnTrack,201.33333333333334,10336.0,0.0,1,8,6,2143.5946538846074,0.39852536498813335,44,428.1075925925945,interpolation,0 days 00:00:34.118000,34.118,4388.243,0.0
2024-03-01 16:59:44.016,0 days 01:13:08.343000,2984.3310540892767,2788.4295598112976,-143.02715971147464,OnTrack,190.66666666666666,10244.0,0.0,1,8,6,2148.98113590778,0.3995267901924726,44,430.1224074074092,interpolation,0 days 00:00:34.218000,34.218,4388.343,0.0
2024-03-01 16:59:44.116,0 days 01:13:08.443000,2966.0,2766.0,-144.0,OnTrack,180.0,10152.0,0.0,1,8,6,2153.984444444444,0.40045697788309265,44,432.13722222222395,interpolation,0 days 00:00:34.318000,34.318,4388.443,0.0
2024-03-01 16:59:44.216,0 days 01:13:08.543000,2940.67341567271,2734.1334786262123,-145.3235517739588,OnTrack,170.75,10124.75,0.0,1,8,6,2158.5780050136195,0.4013109874781941,44,434.10944444444624,interpolation,0 days 00:00:34.418000,34.418,4388.543,0.0
2024-03-01 16:59:44.316,0 days 01:13:08.643000,2909.7920108801104,2694.8200523502846,-146.8841713367622,OnTrack,161.5,10097.5,0.0,1,8,5,2162.7618176153055,0.402088818977777,44,436.0816666666685,interpolation,0 days 00:00:34.518000,34.518,4388.643,0.0
2024-03-01 16:59:44.416,0 days 01:13:08.743000,2882.0,2660.0,-148.0,OnTrack,152.25,10070.25,0.0,1,8,5,2166.529165853783,0.4027892237063743,44,438.0538888888908,interpolation,0 days 00:00:34.618000,34.618,4388.743,0.0
2024-03-01 16:59:44.516,0 days 01:13:08.843000,2858.7380780522944,2631.663357857634,-148.557395230789,OnTrack,143.0,10043.0,0.0,1,8,5,2169.8733333333325,0.40341095298851903,44,440.0261111111131,interpolation,0 days 00:00:34.718000,34.718,4388.843,0.0
2024-03-01 16:59:44.616,0 days 01:13:08.943000,2838.9168597605412,2608.761206814991,-148.66781382701976,OnTrack,137.0,9763.0,0.0,1,8,5,2172.7943200539535,0.4039540068242111,44,441.4038888888906,interpolation,0 days 00:00:34.818000,34.818,4388.943,0.0
2024-03-01 16:59:44.716,0 days 01:13:09.043000,2816.0,2585.0,-149.0,OnTrack,131.0,9483.0,0.0,1,8,3,2175.695555555555,0.4044933886215565,44,442.7816666666681,interpolation,0 days 00:00:34.918000,34.918,4389.043,0.0
2024-03-01 16:59:44.816,0 days 01:13:09.143000,2788.8981023388574,2559.3308075634786,-149.66541168894378,OnTrack,125.33333333333333,8943.666666666666,0.0,1,8,3,2178.980469378044,0.40510410178866085,44,444.0557407407423,interpolation,0 days 00:00:35.018000,35.018,4389.143,0.0
2024-03-01 16:59:44.916,0 days 01:13:09.243000,2758.929038684904,2533.0571377518477,-150.55339167006218,OnTrack,119.66666666666667,8404.333333333334,0.0,1,8,3,2182.5521230686727,0.405768124059891,44,445.3298148148165,interpolation,0 days 00:00:35.118000,35.118,4389.243,0.0
2024-03-01 16:59:45.016,0 days 01:13:09.343000,2734.0,2514.0,-151.0,OnTrack,114.0,7865.0,0.0,1,8,3,2185.8288888888883,0.40637732239508717,44,446.60388888889065,interpolation,0 days 00:00:35.218000,35.218,4389.343,0.0
2024-03-01 16:59:45.116,0 days 01:13:09.443000,2713.0,2502.0,-151.0,OnTrack,110.75,7655.25,0.0,1,8,3,2188.7138293785865,0.4069136747131631,44,447.4038888888907,interpolation,0 days 00:00:35.318000,35.318,4389.443,0.0
2024-03-01 16:59:45.216,0 days 01:13:09.543000,2681.3560451167805,2488.2798474526603,-151.18590490303365,OnTrack,107.5,7445.5,0.0,1,8,3,2191.2069445377683,0.4073771810141187,44,448.2038888888908,interpolation,0 days 00:00:35.418000,35.418,4389.543,0.0
2024-03-01 16:59:45.316,0 days 01:13:09.643000,2639.2115675019086,2472.4555093653576,-151.61516794274814,OnTrack,104.25,7235.75,0.0,1,8,3,2193.5360318725097,0.40781019216129843,44,449.00388888889086,interpolation,0 days 00:00:35.518000,35.518,4389.643,0.0
2024-03-01 16:59:45.416,0 days 01:13:09.743000,2602.0,2461.0,-152.0,OnTrack,101.0,7026.0,0.0,1,8,3,2195.928888888888,0.40825505901804704,44,449.8038888888909,interpolation,0 days 00:00:35.618000,35.618,4389.743,0.0
2024-03-01 16:59:45.516,0 days 01:13:09.843000,2572.2935682486495,2454.992149543277,-152.29243646717828,OnTrack,98.5,6838.75,0.0,1,8,3,2198.3855155869037,0.40871178158436433,44,450.33166666666875,interpolation,0 days 00:00:35.718000,35.718,4389.843,0.0
2024-03-01 16:59:45.616,0 days 01:13:09.943000,2550.0922722478576,2454.4319579951875,-152.49247734428297,OnTrack,96.0,6651.5,0.0,1,8,3,2200.9059119665562,0.40918035986025036,44,450.8594444444466,interpolation,0 days 00:00:35.818000,35.818,4389.943,0.0
2024-03-01 16:59:45.716,0 days 01:13:10.043000,2532.594840123137,2456.4057874495047,-152.69627954924619,OnTrack,93.5,6464.25,0.0,1,8,3,2203.4655745851524,0.40965623829998893,44,451.3872222222244,interpolation,0 days 00:00:35.918000,35.918,4390.043,0.0
2024-03-01 16:59:45.816,0 days 01:13:10.143000,2517.0,2458.0,-153.0,OnTrack,91.0,6277.0,0.0,1,8,3,2206.039999999999,0.4101348613578638,44,451.91500000000224,interpolation,0 days 00:00:36.018000,36.018,4390.143,0.0
2024-03-01 16:59:45.916,0 days 01:13:10.243000,2503.3077518784467,2459.214595646674,-153.40363869654436,OnTrack,89.66666666666667,6161.666666666667,0.0,1,8,3,2208.6291882110954,0.41061622903387485,44,452.2705555555579,interpolation,0 days 00:00:36.118000,36.118,4390.243,0.0
2024-03-01 16:59:46.016,0 days 01:13:10.343000,2490.5590955163107,2461.215688606003,-153.85045462955543,OnTrack,88.33333333333333,6046.333333333333,0.0,0,8,3,2211.224414838365,0.41109871933911296,44,452.62611111111363,interpolation,0 days 00:00:36.218000,36.218,4390.343,0.0
2024-03-01 16:59:46.116,0 days 01:13:10.443000,2473.0,2471.0,-154.0,OnTrack,87.0,5931.0,0.0,0,8,3,2213.773333333332,0.4115726002902951,44,452.9816666666693,pos,0 days 00:00:36.318000,36.318,4390.443,0.0
2024-03-01 16:59:46.216,0 days 01:13:10.543000,2449.671455267136,2489.7336559862147,-153.79553321752334,OnTrack,85.33333333333333,5839.0,0.0,0,8,3,2216.2672192265827,0.412036249881903,44,453.15944444444705,interpolation,0 days 00:00:36.418000,36.418,4390.543,0.0
2024-03-01 16:59:46.316,0 days 01:13:10.643000,2422.272798434575,2515.6334280628803,-153.31210307231262,OnTrack,83.66666666666667,5747.0,0.0,0,8,3,2218.7029979536533,0.4124890965077691,44,453.33722222222485,interpolation,0 days 00:00:36.518000,36.518,4390.643,0.0
2024-03-01 16:59:46.416,0 days 01:13:10.743000,2401.0,2538.0,-153.0,OnTrack,82.0,5655.0,0.0,0,8,3,2221.062222222221,0.41292771054844873,44,453.5150000000026,pos,0 days 00:00:36.618000,36.618,4390.743,0.0
2024-03-01 16:59:46.516,0 days 01:13:10.843000,2387.552379679145,2555.0501615559756,-152.934272022277,OnTrack,80.5,5834.0,7.000000000000001,0,8,3,2223.341817499306,0.4133515204036279,44,453.6538888888913,interpolation,0 days 00:00:36.718000,36.718,4390.843,0.0
2024-03-01 16:59:46.616,0 days 01:13:10.943000,2380.8040887172992,2567.6504371592277,-153.05470363905772,OnTrack,79.0,6013.0,14.0,0,8,3,2225.45111111111,0.41374366870694074,44,453.79277777778,interpolation,0 days 00:00:36.818000,36.818,4390.943,0.0
2024-03-01 16:59:46.716,0 days 01:13:11.043000,2374.0,2581.0,-153.0,OnTrack,80.0,6046.0,16.0,0,8,3,2227.2994303838336,0.4140872980920215,44,453.83722222222445,interpolation,0 days 00:00:36.918000,36.918,4391.043,0.0
2024-03-01 16:59:46.816,0 days 01:13:11.143000,2366.0142532437867,2595.965383379968,-152.709944988408,OnTrack,81.0,6079.0,18.0,0,8,3,2229.05111111111,0.41441296096858976,44,453.88166666666893,interpolation,0 days 00:00:37.018000,37.018,4391.143,0.0
2024-03-01 16:59:46.916,0 days 01:13:11.243000,2356.6804272567633,2613.352855411464,-152.24856317308252,OnTrack,81.75,6113.25,21.5,0,8,3,2230.870489086574,0.4147512097463656,44,453.63166666666893,interpolation,0 days 00:00:37.118000,37.118,4391.243,0.0
2024-03-01 16:59:47.016,0 days 01:13:11.343000,2345.0,2638.0,-152.0,OnTrack,82.5,6147.5,25.0,0,8,3,2232.7575643102246,0.4151020444253486,44,453.38166666666893,interpolation,0 days 00:00:37.218000,37.218,4391.343,0.0
2024-03-01 16:59:47.116,0 days 01:13:11.443000,2332.0,2668.0,-152.0,OnTrack,83.25,6181.75,28.5,0,8,3,2235.1247462676515,0.41554213791591,44,453.13166666666893,interpolation,0 days 00:00:37.318000,37.318,4391.443,0.0
2024-03-01 16:59:47.216,0 days 01:13:11.543000,2324.8410786796885,2687.0744767463057,-152.07888774770356,OnTrack,84.0,6216.0,32.0,0,8,3,2238.3844444444435,0.41614816312842073,44,452.88166666666893,interpolation,0 days 00:00:37.418000,37.418,4391.543,0.0
2024-03-01 16:59:47.316,0 days 01:13:11.643000,2320.0,2703.0,-152.0,OnTrack,87.0,6689.0,43.0,0,8,3,2242.2511111111103,0.4168670325946364,44,452.43722222222414,interpolation,0 days 00:00:37.518000,37.518,4391.643,0.0
2024-03-01 16:59:47.416,0 days 01:13:11.743000,2312.760092128461,2726.266188742162,-151.5549526065522,OnTrack,89.66666666666667,6910.333333333333,44.666666666666664,0,8,3,2245.0114686627057,0.4173802231359329,44,452.1261111111132,interpolation,0 days 00:00:37.618000,37.618,4391.743,0.0
2024-03-01 16:59:47.516,0 days 01:13:11.843000,2305.0,2756.0,-151.0,OnTrack,92.33333333333333,7131.666666666667,46.333333333333336,0,8,3,2246.627508965351,0.4176806684884534,44,451.81500000000216,interpolation,0 days 00:00:37.718000,37.718,4391.843,0.0
2024-03-01 16:59:47.616,0 days 01:13:11.943000,2298.5983685495457,2791.3283908007247,-150.5913966129833,OnTrack,95.0,7353.0,48.0,0,8,3,2248.5844444444433,0.41804449120309306,44,451.5038888888912,interpolation,0 days 00:00:37.818000,37.818,4391.943,0.0
2024-03-01 16:59:47.716,0 days 01:13:12.043000,2293.5695880837,2830.6103654285535,-150.30544930934576,OnTrack,98.0,7559.5,52.0,0,8,3,2251.129809236836,0.4185177114693771,44,451.0038888888912,interpolation,0 days 00:00:37.918000,37.918,4392.043,0.0
2024-03-01 16:59:47.816,0 days 01:13:12.143000,2290.0,2864.0,-150.0,OnTrack,101.0,7766.0,56.0,0,8,3,2254.1955555555546,0.4190876782158486,44,450.5038888888912,pos,0 days 00:00:38.018000,38.018,4392.143,0.0
2024-03-01 16:59:47.916,0 days 01:13:12.243000,2287.9039944576903,2889.856315602991,-149.6513557914062,OnTrack,105.0,7889.0,61.5,0,8,3,2257.713635613624,0.4197417403710506,44,449.9395833333356,interpolation,0 days 00:00:38.118000,38.118,4392.243,0.0
2024-03-01 16:59:48.016,0 days 01:13:12.343000,2287.2815714567714,2908.1793122375266,-149.25951668356433,OnTrack,109.0,8012.0,67.0,0,8,3,2261.4319444444436,0.4204330279618532,44,449.37527777777996,interpolation,0 days 00:00:38.218000,38.218,4392.343,0.0
2024-03-01 16:59:48.116,0 days 01:13:12.443000,2287.7683627274673,2927.6626527533,-148.73791923394032,OnTrack,113.66666666666667,8567.0,78.0,0,8,3,2265.098377081415,0.4211146710151262,44,448.72342592592804,interpolation,0 days 00:00:38.318000,38.318,4392.443,0.0
2024-03-01 16:59:48.216,0 days 01:13:12.543000,2289.0,2957.0,-148.0,OnTrack,118.33333333333333,9122.0,89.0,0,8,3,2268.7228961576398,0.42178852172899184,44,448.0715740740761,interpolation,0 days 00:00:38.418000,38.418,4392.543,0.0
2024-03-01 16:59:48.316,0 days 01:13:12.643000,2290.9764832743717,2996.1913539776297,-147.04575898174346,OnTrack,123.0,9677.0,100.0,0,8,3,2272.365277777777,0.42246569334908374,44,447.4197222222242,interpolation,0 days 00:00:38.518000,38.518,4392.643,0.0
2024-03-01 16:59:48.416,0 days 01:13:12.743000,2294.0,3040.0,-146.0,OnTrack,128.33333333333334,9986.333333333334,100.0,0,8,3,2276.035484676946,0.42314803809249074,44,446.79750000000195,interpolation,0 days 00:00:38.618000,38.618,4392.743,0.0
2024-03-01 16:59:48.516,0 days 01:13:12.843000,2298.372737626304,3083.1892233809253,-144.98752687559917,OnTrack,133.66666666666666,10295.666666666666,100.0,0,8,3,2279.70207392299,0.4238297102616638,44,446.1752777777797,interpolation,0 days 00:00:38.718000,38.718,4392.843,0.0
2024-03-01 16:59:48.616,0 days 01:13:12.943000,2303.854044132386,3125.23575899333,-144.001402054574,OnTrack,139.0,10605.0,100.0,0,8,3,2283.176388888888,0.4244756358508879,44,445.5530555555574,interpolation,0 days 00:00:38.818000,38.818,4392.943,0.0
2024-03-01 16:59:48.716,0 days 01:13:13.043000,2309.0,3163.0,-143.0,OnTrack,145.0,10951.5,100.0,0,8,3,2286.426986964455,0.42507996922247354,44,444.8863888888907,pos,0 days 00:00:38.918000,38.918,4393.043,0.0
2024-03-01 16:59:48.816,0 days 01:13:13.143000,2313.569950743958,3195.9586759155973,-141.9763830868694,OnTrack,151.0,11298.0,100.0,0,8,3,2289.8874999999994,0.4257233288324806,44,444.21972222222394,interpolation,0 days 00:00:39.018000,39.018,4393.143,0.0
2024-03-01 16:59:48.916,0 days 01:13:13.243000,2317.8992489688253,3225.8385334703335,-140.94582862455758,OnTrack,155.5,11498.0,100.0,0,8,3,2293.9915598458265,0.4264863331369686,44,443.4141666666685,interpolation,0 days 00:00:39.118000,39.118,4393.243,0.0
2024-03-01 16:59:49.016,0 days 01:13:13.343000,2324.0,3263.0,-140.0,OnTrack,160.0,11698.0,100.0,0,8,3,2298.776388888888,0.4273759023180338,44,442.6086111111131,interpolation,0 days 00:00:39.218000,39.218,4393.343,0.0
2024-03-01 16:59:49.116,0 days 01:13:13.443000,2332.207553008056,3309.169804553014,-139.15417436613336,OnTrack,162.5,11201.0,100.0,0,8,3,2304.279209516135,0.4283989565577725,44,442.0419444444465,interpolation,0 days 00:00:39.318000,39.318,4393.443,0.0
2024-03-01 16:59:49.216,0 days 01:13:13.543000,2342.0,3361.0,-138.0,OnTrack,165.0,10704.0,100.0,0,8,3,2309.776388888888,0.42942096200640595,44,441.47527777777987,interpolation,0 days 00:00:39.418000,39.418,4393.543,0.0
2024-03-01 16:59:49.316,0 days 01:13:13.643000,2352.8554329828394,3415.1426392115827,-136.1291251786424,OnTrack,171.0,10564.0,100.0,0,8,3,2314.5442941684687,0.43030738481415565,44,440.97527777777964,interpolation,0 days 00:00:39.518000,39.518,4393.643,0.0
2024-03-01 16:59:49.416,0 days 01:13:13.743000,2364.2454918799167,3469.3349244749675,-133.73740765905774,OnTrack,177.0,10424.0,100.0,0,8,3,2319.6097222222215,0.43124912142479926,44,440.4752777777794,interpolation,0 days 00:00:39.618000,39.618,4393.743,0.0
2024-03-01 16:59:49.516,0 days 01:13:13.843000,2373.0,3510.0,-132.0,OnTrack,182.5,10900.5,100.0,0,8,3,2325.9994699174927,0.4324370682821145,44,439.80583333333493,interpolation,0 days 00:00:39.718000,39.718,4393.843,0.0
2024-03-01 16:59:49.616,0 days 01:13:13.943000,2378.5905918559965,3534.8750449027166,-131.11276196405998,OnTrack,188.0,11377.0,100.0,0,8,3,2332.195277777777,0.43358895890865695,44,439.13638888889045,interpolation,0 days 00:00:39.818000,39.818,4393.943,0.0
2024-03-01 16:59:49.716,0 days 01:13:14.043000,2387.0,3572.0,-130.0,OnTrack,189.5,11492.5,100.0,0,8,3,2336.6788863265706,0.43442252682698235,44,438.8475000000019,interpolation,0 days 00:00:39.918000,39.918,4394.043,0.0
2024-03-01 16:59:49.816,0 days 01:13:14.143000,2404.2109569841014,3649.414806108733,-127.58602055658216,OnTrack,191.0,11608.0,100.0,0,8,3,2340.6841666666655,0.43516716658736027,44,438.55861111111335,interpolation,0 days 00:00:40.018000,40.018,4394.143,0.0
2024-03-01 16:59:49.916,0 days 01:13:14.243000,2422.0,3730.0,-125.0,OnTrack,193.5,11494.0,100.0,0,8,4,2345.4449899008546,0.4360522727400608,44,438.3919444444467,interpolation,0 days 00:00:40.118000,40.118,4394.243,0.0
2024-03-01 16:59:50.016,0 days 01:13:14.343000,2432.1436662393926,3776.6361184448856,-123.37111469644695,OnTrack,196.0,11380.0,100.0,0,8,4,2350.9613560291377,0.4370778452850838,44,438.2252777777801,interpolation,0 days 00:00:40.218000,40.218,4394.343,0.0
2024-03-01 16:59:50.116,0 days 01:13:14.443000,2434.6419557022805,3789.3231614433917,-122.69936464592304,OnTrack,198.5,11266.0,100.0,0,8,4,2356.922460809518,0.43818610120185814,44,438.05861111111346,interpolation,0 days 00:00:40.318000,40.318,4394.443,0.0
2024-03-01 16:59:50.216,0 days 01:13:14.543000,2438.3192673140275,3807.8486237202005,-121.92793227243759,OnTrack,201.0,11152.0,100.0,0,8,4,2363.0174999999986,0.43931925746981276,44,437.89194444444684,interpolation,0 days 00:00:40.418000,40.418,4394.543,0.0
2024-03-01 16:59:50.316,0 days 01:13:14.643000,2452.0,3872.0,-120.0,OnTrack,204.66666666666666,11129.333333333334,100.0,0,8,4,2369.246473600579,0.4404773140889475,44,437.74379629629874,interpolation,0 days 00:00:40.518000,40.518,4394.643,0.0
2024-03-01 16:59:50.416,0 days 01:13:14.743000,2475.6841537601963,3981.7772902827883,-116.9155678286102,OnTrack,208.33333333333334,11106.666666666666,100.0,0,8,4,2375.582239527506,0.4416552249518674,44,437.5956481481506,interpolation,0 days 00:00:40.618000,40.618,4394.743,0.0
2024-03-01 16:59:50.516,0 days 01:13:14.843000,2499.0,4089.0,-114.0,OnTrack,212.0,11084.0,100.0,0,8,4,2381.861944444443,0.44282271325918565,44,437.4475000000025,interpolation,0 days 00:00:40.718000,40.718,4394.843,0.0
2024-03-01 16:59:50.616,0 days 01:13:14.943000,2511.575810124793,4145.487634583067,-112.57866075590113,OnTrack,214.5,11161.75,100.0,0,8,4,2388.0584459897004,0.4439747328518349,44,437.39194444444684,interpolation,0 days 00:00:40.818000,40.818,4394.943,0.0
2024-03-01 16:59:50.716,0 days 01:13:15.043000,2515.5774446352043,4161.100485649809,-112.40503058583684,OnTrack,217.0,11239.5,100.0,0,8,5,2394.171744163277,0.4451112837298149,44,437.3363888888912,interpolation,0 days 00:00:40.918000,40.918,4395.043,0.0
2024-03-01 16:59:50.816,0 days 01:13:15.143000,2524.0,4195.0,-112.0,OnTrack,219.5,11317.25,100.0,0,8,5,2400.2968091441035,0.44625002222808297,44,437.2808333333355,interpolation,0 days 00:00:41.018000,41.018,4395.143,0.0
2024-03-01 16:59:50.916,0 days 01:13:15.243000,2539.0093145415112,4257.046368282588,-111.11705201226073,OnTrack,222.0,11395.0,100.0,0,8,5,2406.52861111111,0.447408604681596,44,437.22527777777987,interpolation,0 days 00:00:41.118000,41.118,4395.243,0.0
2024-03-01 16:59:51.016,0 days 01:13:15.343000,2556.0,4328.0,-110.0,OnTrack,224.5,11465.0,100.0,0,8,5,2412.867150064295,0.4485870310903538,44,437.2252777777801,interpolation,0 days 00:00:41.218000,41.218,4395.343,0.0
2024-03-01 16:59:51.116,0 days 01:13:15.443000,2570.3666681157288,4388.6213046546645,-108.89265734059882,OnTrack,227.0,11535.0,100.0,0,8,5,2419.139722222221,0.44975319331422464,44,437.2252777777803,interpolation,0 days 00:00:41.318000,41.318,4395.443,0.0
2024-03-01 16:59:51.216,0 days 01:13:15.543000,2582.30621240342,4439.925064029921,-107.82756835848602,OnTrack,228.0,11665.333333333334,100.0,0,8,5,2425.1736238034478,0.4508749832130766,44,437.22527777778015,interpolation,0 days 00:00:41.418000,41.418,4395.543,0.0
2024-03-01 16:59:51.316,0 days 01:13:15.643000,2593.0,4488.0,-107.0,OnTrack,229.0,11795.666666666666,100.0,0,8,5,2431.024765651629,0.4519627954244096,44,437.22527777778004,interpolation,0 days 00:00:41.518000,41.518,4395.643,0.0
2024-03-01 16:59:51.416,0 days 01:13:15.743000,2602.644926436392,4533.860904739659,-106.44249692282524,OnTrack,230.0,11926.0,100.0,0,8,5,2437.02861111111,0.4530789974539006,44,437.22527777777987,interpolation,0 days 00:00:41.618000,41.618,4395.743,0.0
2024-03-01 16:59:51.516,0 days 01:13:15.843000,2614.0,4589.0,-106.0,OnTrack,233.0,11646.0,100.0,0,8,5,2443.2410704530193,0.45423398383260877,44,437.3641666666688,interpolation,0 days 00:00:41.718000,41.718,4395.843,0.0
2024-03-01 16:59:51.616,0 days 01:13:15.943000,2629.8242289782315,4664.909507532124,-105.51745010456258,OnTrack,236.0,11366.0,100.0,0,8,5,2450.1397222222213,0.45551654334509173,44,437.5030555555577,interpolation,0 days 00:00:41.818000,41.818,4395.943,0.0
2024-03-01 16:59:51.716,0 days 01:13:16.043000,2646.0,4743.0,-105.0,OnTrack,237.0,11150.0,100.0,0,8,5,2458.2021449635804,0.45701546477590704,44,437.73638888889127,interpolation,0 days 00:00:41.918000,41.918,4396.043,0.0
2024-03-01 16:59:51.816,0 days 01:13:16.143000,2658.4096996942208,4804.6820500675985,-104.45280244979928,OnTrack,238.0,10934.0,100.0,0,8,5,2466.0063888888876,0.4584663870168042,44,437.96972222222485,interpolation,0 days 00:00:42.018000,42.018,4396.143,0.0
2024-03-01 16:59:51.916,0 days 01:13:16.243000,2669.0,4860.0,-104.0,OnTrack,240.33333333333334,10974.0,100.0,0,8,5,2472.130504209933,0.4596049489595326,44,438.080833333336,interpolation,0 days 00:00:42.118000,42.118,4396.243,0.0
2024-03-01 16:59:52.016,0 days 01:13:16.343000,2679.7175728564443,4918.998192062291,-103.76573519664183,OnTrack,242.66666666666666,11014.0,100.0,0,8,6,2476.9079756976384,0.46049315026424664,44,438.1919444444472,interpolation,0 days 00:00:42.218000,42.218,4396.343,0.0
2024-03-01 16:59:52.116,0 days 01:13:16.443000,2690.7252481280866,4983.061597362207,-103.75525044325778,OnTrack,245.0,11054.0,100.0,0,8,6,2482.339722222221,0.46150299079650836,44,438.30305555555833,interpolation,0 days 00:00:42.318000,42.318,4396.443,0.0
2024-03-01 16:59:52.216,0 days 01:13:16.543000,2703.0,5060.5,-104.0,OnTrack,246.5,11093.0,100.0,0,8,6,2488.759231969505,0.4626964708513522,44,438.46972222222485,interpolation,0 days 00:00:42.418000,42.418,4396.543,0.0
2024-03-01 16:59:52.316,0 days 01:13:16.643000,2716.704656669348,5152.698356901376,-104.50522621671968,OnTrack,248.0,11132.0,100.0,0,8,6,2496.117499999999,0.4640644796991159,44,438.63638888889136,interpolation,0 days 00:00:42.518000,42.518,4396.643,0.0
2024-03-01 16:59:52.416,0 days 01:13:16.743000,2729.0,5238.0,-105.0,OnTrack,249.66666666666666,11208.0,100.0,0,8,6,2504.365521374215,0.46559790661013767,44,438.9697222222247,interpolation,0 days 00:00:42.618000,42.618,4396.743,0.0
2024-03-01 16:59:52.516,0 days 01:13:16.843000,2737.0468118558288,5294.74826122954,-105.21339225642431,OnTrack,251.33333333333334,11284.0,100.0,0,8,6,2513.268481495786,0.4672530961421204,44,439.30305555555805,interpolation,0 days 00:00:42.718000,42.718,4396.843,0.0
2024-03-01 16:59:52.616,0 days 01:13:16.943000,2741.3567748077267,5330.5448215226825,-105.27917673063165,OnTrack,253.0,11360.0,100.0,0,8,6,2521.417499999999,0.46876811698237186,44,439.63638888889136,interpolation,0 days 00:00:42.818000,42.818,4396.943,0.0
2024-03-01 16:59:52.716,0 days 01:13:17.043000,2745.0,5391.0,-106.0,OnTrack,254.33333333333334,11403.333333333334,100.0,0,8,6,2528.5777646949778,0.4700993141356241,44,439.9215740740765,interpolation,0 days 00:00:42.918000,42.918,4397.043,0.0
2024-03-01 16:59:52.816,0 days 01:13:17.143000,2748.4881752431984,5483.715555435792,-107.50963717901857,OnTrack,255.66666666666666,11446.666666666666,100.0,0,8,6,2534.913092380632,0.47127714352312955,44,440.2067592592616,interpolation,0 days 00:00:43.018000,43.018,4397.143,0.0
2024-03-01 16:59:52.916,0 days 01:13:17.243000,2751.48803541285,5600.143925634169,-109.59749274152304,OnTrack,257.0,11490.0,100.0,0,8,6,2541.406388888888,0.4724843416080098,44,440.49194444444674,interpolation,0 days 00:00:43.118000,43.118,4397.243,0.0
2024-03-01 16:59:53.016,0 days 01:13:17.343000,2752.0,5689.0,-111.0,OnTrack,257.6666666666667,11493.333333333334,100.0,0,8,6,2548.221472697149,0.47375136462338724,44,440.8808333333357,interpolation,0 days 00:00:43.218000,43.218,4397.343,0.0
2024-03-01 16:59:53.116,0 days 01:13:17.443000,2749.6908072927927,5741.736303863981,-111.50656558477223,OnTrack,258.3333333333333,11496.666666666666,100.0,0,8,6,2555.217657894057,0.47505205701598574,44,441.26972222222474,interpolation,0 days 00:00:43.318000,43.318,4397.443,0.0
2024-03-01 16:59:53.216,0 days 01:13:17.543000,2743.0,5787.0,-112.0,OnTrack,259.0,11500.0,100.0,0,8,6,2561.5508333333323,0.4762294862696448,44,441.6586111111137,interpolation,0 days 00:00:43.418000,43.418,4397.543,0.0
2024-03-01 16:59:53.316,0 days 01:13:17.643000,2730.367120830395,5853.43825118194,-113.3631137498435,OnTrack,253.66666666666666,11181.666666666666,66.66666666666666,0,8,6,2567.0803145442333,0.47725749709891974,44,442.5400925925953,interpolation,0 days 00:00:43.518000,43.518,4397.643,0.0
2024-03-01 16:59:53.416,0 days 01:13:17.743000,2715.0,5924.0,-115.0,OnTrack,248.33333333333334,10863.333333333334,33.33333333333333,0,8,6,2572.330837408146,0.4782336455218165,44,443.4215740740768,interpolation,0 days 00:00:43.618000,43.618,4397.743,0.0
2024-03-01 16:59:53.516,0 days 01:13:17.843000,2700.1064677248405,5981.634189044382,-116.31475191616667,OnTrack,243.0,10545.0,0.0,0,8,6,2580.4508333333324,0.4797432706433024,44,444.30305555555833,interpolation,0 days 00:00:43.718000,43.718,4397.843,0.0
2024-03-01 16:59:53.616,0 days 01:13:17.943000,2684.3820652530144,6029.660819448098,-117.42094102773686,OnTrack,233.0,10108.0,0.0,0,8,6,2590.8063888888883,0.48166851875397204,44,446.3475000000021,interpolation,0 days 00:00:43.818000,43.818,4397.943,0.0
2024-03-01 16:59:53.716,0 days 01:13:18.043000,2660.0,6088.0,-119.0,OnTrack,224.0,10373.0,0.0,1,8,6,2596.4455403671595,0.4827169188780481,44,447.8363888888914,interpolation,0 days 00:00:43.918000,43.918,4398.043,0.0
2024-03-01 16:59:53.816,0 days 01:13:18.143000,2625.65579985617,6159.971765830087,-121.16550152532778,OnTrack,215.0,10638.0,0.0,1,8,6,2600.3619444444435,0.4834450352509417,44,449.3252777777807,interpolation,0 days 00:00:44.018000,44.018,4398.143,0.0
2024-03-01 16:59:53.916,0 days 01:13:18.243000,2583.896029636428,6240.707983285763,-123.77790821241453,OnTrack,206.5,10984.0,0.0,1,8,6,2606.7079243473336,0.48462484504027087,44,452.2252777777803,interpolation,0 days 00:00:44.118000,44.118,4398.243,0.0
2024-03-01 16:59:54.016,0 days 01:13:18.343000,2550.0,6301.0,-126.0,OnTrack,198.0,11330.0,0.0,1,8,6,2613.5619444444437,0.48589910687698834,44,455.12527777777996,interpolation,0 days 00:00:44.218000,44.218,4398.343,0.0
2024-03-01 16:59:54.116,0 days 01:13:18.443000,2526.5142496850995,6335.979732169639,-127.692240925634,OnTrack,189.0,11397.333333333334,0.0,1,8,6,2619.0024691043877,0.48691057939204707,44,458.1845370370391,interpolation,0 days 00:00:44.318000,44.318,4398.443,0.0
2024-03-01 16:59:54.216,0 days 01:13:18.543000,2509.0,6358.0,-129.0,OnTrack,180.0,11464.666666666666,0.0,1,8,6,2623.1649325684,0.48768444177700837,44,461.2437962962983,interpolation,0 days 00:00:44.418000,44.418,4398.543,0.0
2024-03-01 16:59:54.316,0 days 01:13:18.643000,2493.0184722529757,6379.4136236964105,-130.06864623378152,OnTrack,171.0,11532.0,0.0,1,8,6,2626.861944444444,0.4883717699547474,44,464.3030555555574,interpolation,0 days 00:00:44.518000,44.518,4398.643,0.0
2024-03-01 16:59:54.416,0 days 01:13:18.743000,2478.569666444028,6400.220603258872,-130.8981796269785,OnTrack,163.33333333333334,11121.666666666666,0.0,1,8,6,2630.228940360609,0.4889977433746622,44,467.4675925925946,interpolation,0 days 00:00:44.618000,44.618,4398.743,0.0
2024-03-01 16:59:54.516,0 days 01:13:18.843000,2454.8360274130655,6426.667281191896,-131.77862320668623,OnTrack,155.66666666666666,10711.333333333334,0.0,1,8,4,2633.3453223308848,0.4895771240238423,44,470.6321296296317,interpolation,0 days 00:00:44.718000,44.718,4398.843,0.0
2024-03-01 16:59:54.616,0 days 01:13:18.943000,2411.0,6465.0,-133.0,OnTrack,148.0,10301.0,0.0,1,8,4,2636.6874999999995,0.49019848337134087,44,473.7966666666689,pos,0 days 00:00:44.818000,44.818,4398.943,0.0
2024-03-01 16:59:54.716,0 days 01:13:19.043000,2347.0615842048305,6515.218759683183,-134.56231000691977,OnTrack,142.0,9860.5,0.0,1,8,3,2640.334874568872,0.49087658325308575,44,479.0522222222244,interpolation,0 days 00:00:44.918000,44.918,4399.043,0.0
2024-03-01 16:59:54.816,0 days 01:13:19.143000,2286.0,6561.0,-136.0,OnTrack,136.0,9420.0,0.0,1,8,3,2644.287446037501,0.49161142366907706,44,484.30777777777985,interpolation,0 days 00:00:45.018000,45.018,4399.143,0.0
2024-03-01 16:59:54.916,0 days 01:13:19.243000,2250.7944673579514,6586.020160709008,-136.84751675179515,OnTrack,130.0,8979.5,0.0,1,8,3,2648.2289333762687,0.49234420338441737,44,489.5633333333353,interpolation,0 days 00:00:45.118000,45.118,4399.243,0.0
2024-03-01 16:59:55.016,0 days 01:13:19.343000,2241.444986278684,6590.279241810207,-137.1048602623052,OnTrack,124.0,8539.0,0.0,1,8,3,2651.843055555555,0.4930161211642092,44,494.8188888888908,interpolation,0 days 00:00:45.218000,45.218,4399.343,0.0
2024-03-01 16:59:55.116,0 days 01:13:19.443000,2238.3730120600744,6587.648702006303,-137.05977364166267,OnTrack,118.5,8135.0,0.0,1,8,3,2655.12981257536,0.49362717700845266,44,499.9577777777797,interpolation,0 days 00:00:45.318000,45.318,4399.443,0.0
2024-03-01 16:59:55.216,0 days 01:13:19.543000,2222.0,6592.0,-137.0,OnTrack,113.0,7731.0,0.0,1,8,3,2658.120833333333,0.4941832511883812,44,505.0966666666686,interpolation,0 days 00:00:45.418000,45.418,4399.543,0.0
2024-03-01 16:59:55.316,0 days 01:13:19.643000,2194.0,6602.0,-137.0,OnTrack,108.33333333333333,7451.333333333333,0.0,1,8,3,2660.847746727123,0.4946902239752287,44,510.3077777777797,interpolation,0 days 00:00:45.518000,45.518,4399.643,0.0
2024-03-01 16:59:55.416,0 days 01:13:19.743000,2164.4172600426714,6609.649928212288,-137.50653533033537,OnTrack,103.66666666666667,7171.666666666667,0.0,1,8,3,2663.3451728509135,0.49515453174708784,44,515.5188888888907,interpolation,0 days 00:00:45.618000,45.618,4399.743,0.0
2024-03-01 16:59:55.516,0 days 01:13:19.843000,2135.3118521457022,6613.738862596854,-138.4537774476282,OnTrack,99.0,6892.0,0.0,1,8,3,2665.8208333333328,0.49561479297024164,44,520.7300000000018,interpolation,0 days 00:00:45.718000,45.718,4399.843,0.0
2024-03-01 16:59:55.616,0 days 01:13:19.943000,2109.0,6615.0,-139.0,OnTrack,96.0,6583.0,0.0,1,8,3,2668.309348623074,0.4960774440886914,44,526.5355555555575,interpolation,0 days 00:00:45.818000,45.818,4399.943,0.0
2024-03-01 16:59:55.716,0 days 01:13:20.043000,2085.867738910875,6613.55553927045,-139.00491598040958,OnTrack,93.0,6274.0,0.0,1,8,3,2670.9874999999993,0.49657535130871944,44,532.3411111111132,interpolation,0 days 00:00:45.918000,45.918,4400.043,0.0
2024-03-01 16:59:55.816,0 days 01:13:20.143000,2066.0,6610.0,-139.0,OnTrack,90.0,6045.0,0.0,1,8,3,2674.032068743969,0.49714138083660764,44,539.6077777777798,interpolation,0 days 00:00:46.018000,46.018,4400.143,0.0
2024-03-01 16:59:55.916,0 days 01:13:20.243000,2049.48171438905,6604.927901780447,-139.5167266699143,OnTrack,87.0,5816.0,0.0,1,8,3,2676.7874999999995,0.49765365550804297,44,546.8744444444465,interpolation,0 days 00:00:46.118000,46.118,4400.243,0.0
2024-03-01 16:59:56.016,0 days 01:13:20.343000,2031.0,6596.0,-140.0,OnTrack,85.0,5760.666666666667,0.3333333333333333,1,8,3,2678.5982389131073,0.4979902981587124,44,551.8952777777798,pos,0 days 00:00:46.218000,46.218,4400.343,0.0
2024-03-01 16:59:56.116,0 days 01:13:20.443000,2007.0,6582.0,-140.0,OnTrack,83.0,5705.333333333333,0.6666666666666666,1,8,3,2679.778104364395,0.49820965227436065,44,556.9161111111131,interpolation,0 days 00:00:46.318000,46.318,4400.443,0.0
2024-03-01 16:59:56.216,0 days 01:13:20.543000,1988.0298118537503,6569.665567002359,-140.14837943521906,OnTrack,81.0,5650.0,1.0,1,8,3,2682.2099999999996,0.4986617769771519,44,561.9369444444465,interpolation,0 days 00:00:46.418000,46.418,4400.543,0.0
2024-03-01 16:59:56.316,0 days 01:13:20.643000,1974.4637833201573,6558.079386122038,-140.52751299637288,OnTrack,81.0,5583.0,1.0,1,8,3,2685.8099999999995,0.49933106923880094,44,571.9369444444465,interpolation,0 days 00:00:46.518000,46.518,4400.643,0.0
2024-03-01 16:59:56.416,0 days 01:13:20.743000,1958.0,6535.0,-141.0,OnTrack,79.33333333333333,5649.666666666667,4.333333333333334,0,8,3,2688.1916676577507,0.4997738558313433,44,577.092500000002,interpolation,0 days 00:00:46.618000,46.618,4400.743,0.0
2024-03-01 16:59:56.516,0 days 01:13:20.843000,1937.2548165776966,6498.387176189102,-141.5429404494386,OnTrack,77.66666666666667,5716.333333333333,7.666666666666667,0,8,3,2689.2650302717593,0.49997340952342656,44,582.2480555555576,interpolation,0 days 00:00:46.718000,46.718,4400.843,0.0
2024-03-01 16:59:56.616,0 days 01:13:20.943000,1918.0,6461.0,-142.0,OnTrack,76.0,5783.0,11.0,0,8,3,2690.876666666666,0.5002730361255663,44,587.4036111111132,interpolation,0 days 00:00:46.818000,46.818,4400.943,0.0
2024-03-01 16:59:56.716,0 days 01:13:21.043000,1906.0073172136636,6435.597556743357,-142.2148443069956,OnTrack,77.5,5898.0,17.0,0,8,3,2693.3343384041655,0.5007299529798945,44,595.0036111111131,interpolation,0 days 00:00:46.918000,46.918,4401.043,0.0
2024-03-01 16:59:56.816,0 days 01:13:21.143000,1901.2767682186886,6422.1798464191725,-142.1874733704255,OnTrack,79.0,6013.0,23.0,0,8,3,2696.143333333333,0.5012521859157566,44,602.603611111113,interpolation,0 days 00:00:47.018000,47.018,4401.143,0.0
2024-03-01 16:59:56.916,0 days 01:13:21.243000,1899.4078351143687,6413.172212885401,-142.0663657486426,OnTrack,79.66666666666667,6130.333333333333,28.0,0,8,3,2698.808939303244,0.5017477607624974,44,608.3221296296315,interpolation,0 days 00:00:47.118000,47.118,4401.243,0.0
2024-03-01 16:59:57.016,0 days 01:13:21.343000,1896.0,6401.0,-142.0,OnTrack,80.33333333333333,6247.666666666667,33.0,0,8,3,2701.2904174494024,0.5022091035737961,44,614.04064814815,interpolation,0 days 00:00:47.218000,47.218,4401.343,0.0
2024-03-01 16:59:57.116,0 days 01:13:21.443000,1891.053262875582,6385.663207762971,-141.98837612449773,OnTrack,81.0,6365.0,38.0,0,8,3,2703.343333333333,0.5025907704390548,44,619.7591666666685,interpolation,0 days 00:00:47.318000,47.318,4401.443,0.0
2024-03-01 16:59:57.216,0 days 01:13:21.543000,1885.0,6365.0,-142.0,OnTrack,83.0,6518.333333333333,39.333333333333336,0,8,3,2704.9269476733725,0.5028851873343951,44,623.2702777777795,interpolation,0 days 00:00:47.418000,47.418,4401.543,0.0
2024-03-01 16:59:57.316,0 days 01:13:21.643000,1878.2725876321404,6336.848540536785,-142.00337750437117,OnTrack,85.0,6671.666666666667,40.666666666666664,0,8,3,2706.3142682471125,0.5031431103689591,44,626.7813888888904,interpolation,0 days 00:00:47.518000,47.518,4401.643,0.0
2024-03-01 16:59:57.416,0 days 01:13:21.743000,1872.0,6308.0,-142.0,OnTrack,87.0,6825.0,42.0,0,8,3,2709.143333333333,0.5036690746383783,44,630.2925000000014,interpolation,0 days 00:00:47.618000,47.618,4401.743,0.0
2024-03-01 16:59:57.516,0 days 01:13:21.843000,1867.3112113315758,6285.245549016325,-141.9913588492753,OnTrack,92.0,7293.0,51.0,0,8,3,2713.232222222222,0.5044292584417328,44,636.025833333335,interpolation,0 days 00:00:47.718000,47.718,4401.843,0.0
2024-03-01 16:59:57.616,0 days 01:13:21.943000,1863.0,6263.0,-142.0,OnTrack,95.66666666666667,7370.333333333333,54.333333333333336,0,8,3,2715.851394738144,0.5049162006352967,44,638.3147222222238,interpolation,0 days 00:00:47.818000,47.818,4401.943,0.0
2024-03-01 16:59:57.716,0 days 01:13:22.043000,1857.8601443784046,6235.678165365265,-142.04846939997705,OnTrack,99.33333333333333,7447.666666666667,57.666666666666664,0,8,3,2717.077382921495,0.5051441296364051,44,640.6036111111129,interpolation,0 days 00:00:47.918000,47.918,4402.043,0.0
2024-03-01 16:59:57.816,0 days 01:13:22.143000,1853.0,6208.0,-142.0,OnTrack,103.0,7525.0,61.0,0,8,3,2720.0988888888887,0.5057058714593227,44,642.8925000000017,interpolation,0 days 00:00:48.018000,48.018,4402.143,0.0
2024-03-01 16:59:57.916,0 days 01:13:22.243000,1849.5279223979983,6184.685458792086,-141.7178247508624,OnTrack,107.0,8244.0,76.0,0,8,3,2724.854444444444,0.5065899982740937,44,646.8925000000017,interpolation,0 days 00:00:48.118000,48.118,4402.243,0.0
2024-03-01 16:59:58.016,0 days 01:13:22.343000,1847.1385828897908,6164.384852032003,-141.26279269985375,OnTrack,112.0,8491.5,80.0,0,8,3,2727.7865728366905,0.507135123508286,44,648.4925000000019,interpolation,0 days 00:00:48.218000,48.218,4402.343,0.0
2024-03-01 16:59:58.116,0 days 01:13:22.443000,1844.0,6139.0,-141.0,OnTrack,117.0,8739.0,84.0,0,8,3,2730.054444444444,0.5075567537631424,44,650.092500000002,pos,0 days 00:00:48.318000,48.318,4402.443,0.0
2024-03-01 16:59:58.216,0 days 01:13:22.543000,1839.806841919436,6107.181199165658,-140.99029632168816,OnTrack,122.33333333333333,9374.333333333334,89.33333333333333,0,8,3,2733.410139402722,0.5081806261709286,44,651.2776851851871,interpolation,0 days 00:00:48.418000,48.418,4402.543,0.0
2024-03-01 16:59:58.316,0 days 01:13:22.643000,1835.0,6071.0,-141.0,OnTrack,127.66666666666667,10009.666666666666,94.66666666666667,0,8,3,2737.6860646167893,0.5089755827423634,44,652.4628703703721,interpolation,0 days 00:00:48.518000,48.518,4402.643,0.0
2024-03-01 16:59:58.416,0 days 01:13:22.743000,1830.0203655935943,6032.527952974047,-140.79542937001744,OnTrack,133.0,10645.0,100.0,0,8,3,2741.876666666666,0.5097546764989281,44,653.6480555555572,interpolation,0 days 00:00:48.618000,48.618,4402.743,0.0
2024-03-01 16:59:58.516,0 days 01:13:22.843000,1824.9187478381045,5991.79713427048,-140.40508839734824,OnTrack,137.25,10913.75,100.0,0,8,3,2745.814354173759,0.5104867497703975,44,653.9980555555572,interpolation,0 days 00:00:48.718000,48.718,4402.843,0.0
2024-03-01 16:59:58.616,0 days 01:13:22.943000,1820.0,5949.0,-140.0,OnTrack,141.5,11182.5,100.0,0,8,3,2749.4991271380704,0.5111718025567716,44,654.3480555555573,interpolation,0 days 00:00:48.818000,48.818,4402.943,0.0
2024-03-01 16:59:58.716,0 days 01:13:23.043000,1815.3149306968837,5904.168626016833,-139.6086678517014,OnTrack,145.75,11451.25,100.0,0,8,3,2753.1226698666787,0.5118454717534416,44,654.6980555555573,interpolation,0 days 00:00:48.918000,48.918,4403.043,0.0
2024-03-01 16:59:58.816,0 days 01:13:23.143000,1810.9028922726977,5858.480435089533,-139.24583942408609,OnTrack,150.0,11720.0,100.0,0,8,3,2756.876666666666,0.5125433942557992,44,655.0480555555573,interpolation,0 days 00:00:49.018000,49.018,4403.143,0.0
2024-03-01 16:59:58.916,0 days 01:13:23.243000,1807.0,5819.0,-139.0,OnTrack,158.0,11720.5,100.0,0,8,3,2760.7611175380316,0.513265570063844,44,654.8813888888906,interpolation,0 days 00:00:49.118000,49.118,4403.243,0.0
2024-03-01 16:59:59.016,0 days 01:13:23.343000,1803.645606625703,5786.904755573662,-138.8858972020917,OnTrack,166.0,11721.0,100.0,0,14,3,2766.0988888888883,0.5142579392470608,44,654.7147222222238,interpolation,0 days 00:00:49.218000,49.218,4403.343,1.0
2024-03-01 16:59:59.116,0 days 01:13:23.443000,1800.8397121498067,5762.194701810522,-138.90353103036125,OnTrack,170.0,10881.0,100.0,0,14,3,2773.6544444444435,0.5156626267097809,44,654.3591666666689,interpolation,0 days 00:00:49.318000,49.318,4403.443,1.0
2024-03-01 16:59:59.216,0 days 01:13:23.543000,1796.8639615990069,5720.637297142121,-138.96939934345016,OnTrack,174.66666666666666,11124.0,100.0,0,14,3,2780.07738526134,0.5168567446502752,44,653.8554629629652,interpolation,0 days 00:00:49.418000,49.418,4403.543,1.0
2024-03-01 16:59:59.316,0 days 01:13:23.643000,1790.0,5638.0,-139.0,OnTrack,179.33333333333334,11367.0,100.0,0,12,4,2785.0492894399704,0.5177810938148354,44,653.3517592592616,interpolation,0 days 00:00:49.518000,49.518,4403.643,1.0
2024-03-01 16:59:59.416,0 days 01:13:23.743000,1781.0,5524.0,-139.0,OnTrack,184.0,11610.0,100.0,0,12,4,2790.009999999999,0.5187033619231989,44,652.848055555558,interpolation,0 days 00:00:49.618000,49.618,4403.743,1.0
2024-03-01 16:59:59.516,0 days 01:13:23.843000,1774.377020589112,5436.940733350226,-138.99740148675602,OnTrack,187.25,11511.25,100.0,0,12,4,2795.1994895493744,0.5196681633668949,44,652.348055555558,interpolation,0 days 00:00:49.718000,49.718,4403.843,1.0
2024-03-01 16:59:59.616,0 days 01:13:23.943000,1770.8832421168372,5386.539489171049,-138.99687150804758,OnTrack,190.5,11412.5,100.0,0,12,4,2800.6177580880976,0.5206754981459237,44,651.848055555558,interpolation,0 days 00:00:49.818000,49.818,4403.943,1.0
2024-03-01 16:59:59.716,0 days 01:13:24.043000,1769.991577930969,5366.304885215576,-138.99810235144886,OnTrack,193.75,11313.75,100.0,0,12,4,2806.204369804993,0.5217141303656337,44,651.348055555558,interpolation,0 days 00:00:49.918000,49.918,4404.043,1.0
2024-03-01 16:59:59.816,0 days 01:13:24.143000,1768.5395243103123,5337.288827417052,-138.99924775185798,OnTrack,197.0,11215.0,100.0,0,12,4,2811.8988888888875,0.5227728241313737,44,650.848055555558,interpolation,0 days 00:00:50.018000,50.018,4404.143,1.0
2024-03-01 16:59:59.916,0 days 01:13:24.243000,1766.0,5293.0,-139.0,OnTrack,201.5,11240.5,100.0,0,12,4,2817.701315339781,0.5238515794431433,44,650.2369444444469,interpolation,0 days 00:00:50.118000,50.118,4404.243,1.0
2024-03-01 17:00:00.016,0 days 01:13:24.343000,1762.373005000032,5233.438402964422,-139.00035909587498,OnTrack,206.0,11266.0,100.0,0,12,4,2823.6116491576736,0.5249503963009429,44,649.6258333333358,interpolation,0 days 00:00:50.218000,50.218,4404.343,1.0
2024-03-01 17:00:00.116,0 days 01:13:24.443000,1757.6585393104083,5158.604036310315,-139.0003250394829,OnTrack,210.5,11291.5,100.0,0,12,4,2829.6378250633957,0.5260707498845638,44,649.0147222222247,interpolation,0 days 00:00:50.318000,50.318,4404.443,1.0
2024-03-01 17:00:00.216,0 days 01:13:24.543000,1752.8648039655807,5082.467651501051,-139.0001284633494,OnTrack,215.0,11317.0,100.0,0,12,4,2835.7877777777762,0.527214115373798,44,648.4036111111136,interpolation,0 days 00:00:50.418000,50.418,4404.543,1.0
2024-03-01 17:00:00.316,0 days 01:13:24.643000,1749.0,5019.0,-139.0,OnTrack,218.0,11443.0,100.0,0,12,4,2842.061507300818,0.5283804927686455,44,647.7647222222247,interpolation,0 days 00:00:50.518000,50.518,4404.643,1.0
2024-03-01 17:00:00.416,0 days 01:13:24.743000,1746.0641274136665,4968.201081807165,-138.99993964943482,OnTrack,221.0,11569.0,100.0,0,12,4,2848.065555555554,0.5294967325007185,44,647.1258333333358,interpolation,0 days 00:00:50.618000,50.618,4404.743,1.0
2024-03-01 17:00:00.516,0 days 01:13:24.843000,1744.05718620658,4930.070896922542,-138.99994741165378,OnTrack,224.33333333333334,11678.333333333334,100.0,0,12,5,2853.4064644650216,0.5304896850016293,44,646.5258333333358,interpolation,0 days 00:00:50.718000,50.718,4404.843,1.0
2024-03-01 17:00:00.616,0 days 01:13:24.943000,1742.2716518962036,4895.655263576648,-138.99998146804583,OnTrack,227.66666666666666,11787.666666666666,100.0,0,12,5,2858.2360881006007,0.5313875821477324,44,645.9258333333356,interpolation,0 days 00:00:50.818000,50.818,4404.943,1.0
2024-03-01 17:00:00.716,0 days 01:13:25.043000,1740.0,4856.0,-139.0,OnTrack,231.0,11897.0,100.0,0,12,5,2863.465555555554,0.5323598160644395,44,645.3258333333356,interpolation,0 days 00:00:50.918000,50.918,4405.043,1.0
2024-03-01 17:00:00.816,0 days 01:13:25.143000,1737.2422305179696,4811.105106192597,-139.00000300751623,OnTrack,233.66666666666666,11535.333333333334,100.0,0,12,5,2869.246722456256,0.5334346189172011,44,644.5999074074097,interpolation,0 days 00:00:51.018000,51.018,4405.143,1.0
2024-03-01 17:00:00.916,0 days 01:13:25.243000,1733.0,4740.0,-139.0,OnTrack,236.33333333333334,11173.666666666666,100.0,0,12,5,2875.5340652972686,0.5346035272254857,44,643.8739814814836,interpolation,0 days 00:00:51.118000,51.118,4405.243,1.0
2024-03-01 17:00:01.016,0 days 01:13:25.343000,1727.0,4635.0,-139.0,OnTrack,239.0,10812.0,100.0,0,12,5,2882.054444444443,0.5358157603661028,44,643.1480555555577,interpolation,0 days 00:00:51.218000,51.218,4405.343,1.0
2024-03-01 17:00:01.116,0 days 01:13:25.443000,1723.5924628152409,4575.820918730228,-139.00000008636079,OnTrack,241.5,10901.75,100.0,0,12,5,2888.762336858498,0.5370628549451866,44,642.3168055555577,interpolation,0 days 00:00:51.318000,51.318,4405.443,1.0
2024-03-01 17:00:01.216,0 days 01:13:25.543000,1721.0,4527.0,-139.0,OnTrack,244.0,10991.5,100.0,0,12,5,2895.6577425394357,0.5383448109627372,44,641.4855555555578,interpolation,0 days 00:00:51.418000,51.418,4405.543,1.0
2024-03-01 17:00:01.316,0 days 01:13:25.643000,1716.7201806801377,4439.788450838083,-138.99999996869715,OnTrack,246.5,11081.25,100.0,0,12,5,2902.6508741728762,0.5396449356535581,44,640.6543055555578,interpolation,0 days 00:00:51.518000,51.518,4405.643,1.0
2024-03-01 17:00:01.416,0 days 01:13:25.743000,1711.1865064285694,4323.831409297938,-138.99999998453387,OnTrack,249.0,11171.0,100.0,0,12,5,2909.651944444443,0.5409465362524528,44,639.8230555555579,interpolation,0 days 00:00:51.618000,51.618,4405.743,1.0
2024-03-01 17:00:01.516,0 days 01:13:25.843000,1707.0,4237.0,-139.0,OnTrack,251.5,11295.0,100.0,0,12,6,2916.6609533541355,0.5422496127594212,44,638.961944444447,interpolation,0 days 00:00:51.718000,51.718,4405.843,1.0
2024-03-01 17:00:01.616,0 days 01:13:25.943000,1704.594167406424,4188.93945976445,-139.00000000717725,OnTrack,254.0,11419.0,100.0,0,12,6,2923.763055555554,0.5435699966607686,44,638.1008333333361,interpolation,0 days 00:00:51.818000,51.818,4405.943,1.0
2024-03-01 17:00:01.716,0 days 01:13:26.043000,1703.969008647841,4179.649788591288,-139.00000000606553,OnTrack,256.0,11488.333333333334,100.0,0,12,6,2931.0434057023012,0.5449235194428,44,637.1230555555584,interpolation,0 days 00:00:51.918000,51.918,4406.043,1.0
2024-03-01 17:00:01.816,0 days 01:13:26.143000,1702.8593455653377,4155.5352231224815,-139.00000000192102,OnTrack,258.0,11557.666666666666,100.0,0,12,6,2938.583705386043,0.5463253706174788,44,636.1452777777805,interpolation,0 days 00:00:52.018000,52.018,4406.143,1.0
2024-03-01 17:00:01.916,0 days 01:13:26.243000,1699.0,4063.0,-139.0,OnTrack,260.0,11627.0,100.0,0,12,6,2946.874166666665,0.547866687723207,44,635.1675000000027,pos,0 days 00:00:52.118000,52.118,4406.243,1.0
2024-03-01 17:00:02.016,0 days 01:13:26.343000,1693.0,3918.0,-139.0,OnTrack,261.5,11137.0,100.0,0,12,6,2955.9964919724625,0.5495626604274892,44,634.1341666666692,interpolation,0 days 00:00:52.218000,52.218,4406.343,1.0
2024-03-01 17:00:02.116,0 days 01:13:26.443000,1688.513532563777,3816.2709979457686,-139.0000000001071,OnTrack,263.0,10647.0,100.0,0,12,6,2964.4074999999984,0.5511263889234609,44,633.1008333333357,interpolation,0 days 00:00:52.318000,52.318,4406.443,1.0
2024-03-01 17:00:02.216,0 days 01:13:26.543000,1685.8264888304677,3765.047498864335,-139.00000000004826,OnTrack,265.0,10669.666666666666,100.0,0,12,6,2970.5640094458367,0.5522709734042578,44,632.4119444444468,interpolation,0 days 00:00:52.418000,52.418,4406.543,1.0
2024-03-01 17:00:02.316,0 days 01:13:26.643000,1683.0,3712.0,-139.0,OnTrack,267.0,10692.333333333334,100.0,0,12,6,2975.1579449762844,0.5531250527101033,44,631.723055555558,interpolation,0 days 00:00:52.518000,52.518,4406.643,1.0
2024-03-01 17:00:02.416,0 days 01:13:26.743000,1679.710919617858,3648.40687290556,-138.99999999999173,OnTrack,269.0,10715.0,100.0,0,12,6,2982.340833333332,0.5544604559305646,44,631.0341666666691,interpolation,0 days 00:00:52.618000,52.618,4406.743,1.0
2024-03-01 17:00:02.516,0 days 01:13:26.843000,1676.0,3577.0,-139.0,OnTrack,271.0,10804.0,100.0,0,12,7,2992.804592098014,0.5564058205886103,44,629.8633333333357,interpolation,0 days 00:00:52.718000,52.718,4406.843,1.0
2024-03-01 17:00:02.616,0 days 01:13:26.943000,1671.9079934623846,3500.511263702304,-139.00000000000148,OnTrack,273.0,10893.0,100.0,0,12,7,3003.6499999999983,0.5584221393617285,44,628.6925000000024,interpolation,0 days 00:00:52.818000,52.818,4406.943,1.0
2024-03-01 17:00:02.716,0 days 01:13:27.043000,1668.0,3426.0,-139.0,OnTrack,274.5,10951.25,100.0,0,12,7,3011.9778357689506,0.5599704049274075,44,628.0036111111134,interpolation,0 days 00:00:52.918000,52.918,4407.043,1.0
2024-03-01 17:00:02.816,0 days 01:13:27.143000,1664.841119607834,3360.5255448806156,-138.99999999999952,OnTrack,276.0,11009.5,100.0,0,12,7,3017.788099404872,0.5610506172856471,44,627.3147222222244,interpolation,0 days 00:00:53.018000,53.018,4407.143,1.0
2024-03-01 17:00:02.916,0 days 01:13:27.243000,1662.2346073883152,3300.678213329065,-138.9999999999998,OnTrack,277.5,11067.75,100.0,0,12,7,3022.7293133383564,0.5619692606881009,44,626.6258333333354,interpolation,0 days 00:00:53.118000,53.118,4407.243,1.0
2024-03-01 17:00:03.016,0 days 01:13:27.343000,1659.0,3226.0,-139.0,OnTrack,279.0,11126.0,100.0,0,12,7,3028.4499999999985,0.563032819386422,44,625.9369444444465,interpolation,0 days 00:00:53.218000,53.218,4407.343,1.0
2024-03-01 17:00:03.116,0 days 01:13:27.443000,1654.9405545599757,3133.0812547933338,-139.00000000000003,OnTrack,280.5,11165.0,100.0,0,12,7,3034.950159389798,0.5642412933806106,44,625.0758333333356,interpolation,0 days 00:00:53.318000,53.318,4407.443,1.0
2024-03-01 17:00:03.216,0 days 01:13:27.543000,1651.0,3039.0,-139.0,OnTrack,282.0,11204.0,100.0,0,12,7,3044.116666666665,0.5659454801547097,44,624.2147222222247,interpolation,0 days 00:00:53.418000,53.418,4407.543,1.0
2024-03-01 17:00:03.316,0 days 01:13:27.643000,1648.0,2961.0,-139.0,OnTrack,283.0,11229.0,100.0,0,12,7,3056.694444444443,0.5682838716367675,44,622.9258333333355,interpolation,0 days 00:00:53.518000,53.518,4407.643,1.0
2024-03-01 17:00:03.416,0 days 01:13:27.743000,1645.2081667988164,2900.075702236144,-138.99999999999997,OnTrack,284.0,11321.0,100.0,0,12,7,3065.8318125334035,0.5699826410128176,44,622.0925000000025,interpolation,0 days 00:00:53.618000,53.618,4407.743,1.0
2024-03-01 17:00:03.516,0 days 01:13:27.843000,1642.0,2834.0,-139.0,OnTrack,285.0,11413.0,100.0,0,12,7,3072.527777777776,0.5712275181579093,44,621.2591666666694,interpolation,0 days 00:00:53.718000,53.718,4407.843,1.0
2024-03-01 17:00:03.616,0 days 01:13:27.943000,1637.8730632089946,2740.3800461912656,-139.00000000000045,OnTrack,287.0,11423.5,100.0,0,12,7,3078.9232878733224,0.5724165363290892,44,620.548055555558,interpolation,0 days 00:00:53.818000,53.818,4407.943,1.0
2024-03-01 17:00:03.716,0 days 01:13:28.043000,1633.0648150529423,2625.826154055728,-139.00000000000094,OnTrack,289.0,11434.0,100.0,0,12,7,3085.372222222221,0.5736154868445338,44,619.8369444444465,interpolation,0 days 00:00:53.918000,53.918,4408.043,1.0
2024-03-01 17:00:03.816,0 days 01:13:28.143000,1629.0,2530.0,-139.0,OnTrack,290.3333333333333,11480.666666666666,100.0,0,12,7,3092.228460226651,0.5748901610224196,44,618.9554629629652,pos,0 days 00:00:54.018000,54.018,4408.143,1.0
2024-03-01 17:00:03.916,0 days 01:13:28.243000,1625.9160742457468,2459.5118295806105,-138.99999999999744,OnTrack,291.6666666666667,11527.333333333334,100.0,0,12,7,3099.602920477325,0.5762611802389793,44,618.0739814814838,interpolation,0 days 00:00:54.118000,54.118,4408.243,1.0
2024-03-01 17:00:04.016,0 days 01:13:28.343000,1623.5140509625828,2407.7450609765856,-138.99999999999463,OnTrack,293.0,11574.0,100.0,0,12,7,3108.1611111111097,0.577852272118121,44,617.1925000000024,interpolation,0 days 00:00:54.218000,54.218,4408.343,1.0
2024-03-01 17:00:04.116,0 days 01:13:28.443000,1620.0,2335.0,-139.0,OnTrack,294.0,11249.0,100.0,0,12,7,3118.0139495829167,0.579684057824915,44,616.0591666666692,interpolation,0 days 00:00:54.318000,54.318,4408.443,1.0
2024-03-01 17:00:04.216,0 days 01:13:28.543000,1615.0749314687582,2234.6599970757375,-139.00000000001504,OnTrack,295.0,10924.0,100.0,0,12,7,3127.8277777777757,0.5815085909549074,44,614.925833333336,interpolation,0 days 00:00:54.418000,54.418,4408.543,1.0
2024-03-01 17:00:04.316,0 days 01:13:28.643000,1609.0730974319565,2113.4811679996847,-139.00000000003146,OnTrack,296.0,10752.5,100.0,0,12,7,3136.2689375807167,0.583077925103644,44,613.9258333333357,interpolation,0 days 00:00:54.518000,54.518,4408.643,1.0
2024-03-01 17:00:04.416,0 days 01:13:28.743000,1604.0,2012.0,-139.0,OnTrack,297.0,10581.0,100.0,0,12,7,3144.327777777776,0.5845761804874657,44,612.9258333333355,interpolation,0 days 00:00:54.618000,54.618,4408.743,1.0
2024-03-01 17:00:04.516,0 days 01:13:28.843000,1600.1898878132645,1936.9725396903002,-138.9999999999124,OnTrack,298.0,10631.333333333334,100.0,0,12,7,3152.9946471549915,0.5861874773227138,44,611.7999074074097,interpolation,0 days 00:00:54.718000,54.718,4408.843,1.0
2024-03-01 17:00:04.616,0 days 01:13:28.943000,1597.6427608717504,1888.398787070585,-138.99999999976876,OnTrack,299.0,10681.666666666666,100.0,0,12,8,3162.1408762620613,0.587887894090667,44,610.673981481484,interpolation,0 days 00:00:54.818000,54.818,4408.943,1.0
2024-03-01 17:00:04.716,0 days 01:13:29.043000,1595.274253494361,1843.3756409155774,-138.9999999997407,OnTrack,300.0,10732.0,100.0,0,12,8,3170.9944444444427,0.5895339009441254,44,609.5480555555582,interpolation,0 days 00:00:54.918000,54.918,4409.043,1.0
2024-03-01 17:00:04.816,0 days 01:13:29.143000,1592.0,1779.0,-139.0,OnTrack,301.0,10747.333333333334,100.0,0,12,8,3179.426680934252,0.5911015761194099,44,608.5369444444472,interpolation,0 days 00:00:55.018000,55.018,4409.143,1.0
2024-03-01 17:00:04.916,0 days 01:13:29.243000,1587.8200003886684,1695.2718643238536,-139.00000000054666,OnTrack,302.0,10762.666666666666,100.0,0,12,8,3187.385802474176,0.5925812923572422,44,607.525833333336,interpolation,0 days 00:00:55.118000,55.118,4409.243,1.0
2024-03-01 17:00:05.016,0 days 01:13:29.343000,1583.0,1595.0,-139.0,OnTrack,303.0,10778.0,100.0,0,12,8,3194.5611111111093,0.5939152863976985,44,606.5147222222249,interpolation,0 days 00:00:55.218000,55.218,4409.343,1.0
2024-03-01 17:00:05.116,0 days 01:13:29.443000,1577.8057441736305,1480.993173141304,-138.9999999969794,OnTrack,303.5,10775.5,100.0,0,12,8,3200.9008241179954,0.5950939310800831,44,605.6480555555581,interpolation,0 days 00:00:55.318000,55.318,4409.443,1.0
2024-03-01 17:00:05.216,0 days 01:13:29.543000,1573.0,1376.0,-139.0,OnTrack,304.0,10773.0,100.0,0,12,8,3208.0722222222203,0.5964271980957394,44,604.7813888888913,interpolation,0 days 00:00:55.418000,55.418,4409.543,1.0
2024-03-01 17:00:05.316,0 days 01:13:29.643000,1569.3455345695484,1302.769096828324,-139.00000001757692,OnTrack,305.0,10799.333333333334,100.0,0,12,8,3217.742586151171,0.5982250591360108,44,603.4147222222247,interpolation,0 days 00:00:55.518000,55.518,4409.643,1.0
2024-03-01 17:00:05.416,0 days 01:13:29.743000,1566.0,1240.0,-139.0,OnTrack,306.0,10825.666666666666,100.0,0,12,8,3229.2665859674667,0.600367537997203,44,602.0480555555581,interpolation,0 days 00:00:55.618000,55.618,4409.743,1.0
2024-03-01 17:00:05.516,0 days 01:13:29.843000,1562.1210484090793,1166.3922458887523,-138.99999989755906,OnTrack,307.0,10852.0,100.0,0,12,8,3238.77222222222,0.602134773771469,44,600.6813888888914,interpolation,0 days 00:00:55.718000,55.718,4409.843,1.0
2024-03-01 17:00:05.616,0 days 01:13:29.943000,1557.0,1070.0,-139.0,OnTrack,307.5,10887.5,100.0,0,12,8,3245.6141583698395,0.603406789026552,44,599.7480555555578,interpolation,0 days 00:00:55.818000,55.818,4409.943,1.0
2024-03-01 17:00:05.716,0 days 01:13:30.043000,1549.9281749759753,938.8774278391619,-139.00000059706875,OnTrack,308.0,10923.0,100.0,0,12,8,3252.4611111111094,0.6046797369392211,44,598.8147222222242,interpolation,0 days 00:00:55.918000,55.918,4410.043,1.0
2024-03-01 17:00:05.816,0 days 01:13:30.143000,1543.0,813.0,-139.0,OnTrack,308.6666666666667,10963.333333333334,100.0,0,12,8,3261.981797146816,0.6064497706862456,44,597.4147222222242,interpolation,0 days 00:00:56.018000,56.018,4410.143,1.0
2024-03-01 17:00:05.916,0 days 01:13:30.243000,1538.3099017350696,732.3431870762769,-138.99999652002845,OnTrack,309.3333333333333,11003.666666666666,100.0,0,12,8,3273.5558523605205,0.6086015555724765,44,596.0147222222243,interpolation,0 days 00:00:56.118000,56.118,4410.243,1.0
2024-03-01 17:00:06.016,0 days 01:13:30.343000,1535.4529998589198,687.7190864322351,-138.99999227810497,OnTrack,310.0,11044.0,100.0,0,12,8,3283.4611111111094,0.610443086970088,44,594.6147222222244,interpolation,0 days 00:00:56.218000,56.218,4410.343,1.0
2024-03-01 17:00:06.116,0 days 01:13:30.443000,1532.0,624.0,-139.0,OnTrack,306.5,10901.5,75.0,0,12,8,3291.07721563464,0.6118590313649517,44,594.0369444444467,interpolation,0 days 00:00:56.318000,56.318,4410.443,1.0
2024-03-01 17:00:06.216,0 days 01:13:30.543000,1527.5460176900501,531.9979310592099,-139.0000218066862,OnTrack,303.0,10759.0,50.0,0,12,8,3296.4041659311133,0.6128493887570681,44,593.459166666669,interpolation,0 days 00:00:56.418000,56.418,4410.543,1.0
2024-03-01 17:00:06.316,0 days 01:13:30.643000,1523.0,435.0,-139.0,OnTrack,299.5,10616.5,25.0,0,12,8,3301.837366595362,0.6138594996350035,44,592.8813888888914,interpolation,0 days 00:00:56.518000,56.518,4410.643,1.0
2024-03-01 17:00:06.416,0 days 01:13:30.743000,1519.2708940007797,356.2933272125056,-138.9998768817779,OnTrack,296.0,10474.0,0.0,0,12,8,3309.7722222222205,0.6153347044873256,44,592.3036111111137,interpolation,0 days 00:00:56.618000,56.618,4410.743,1.0
2024-03-01 17:00:06.516,0 days 01:13:30.843000,1516.358699692389,295.87791269672664,-138.99965245201994,OnTrack,281.5,10263.0,0.0,0,12,8,3320.2087328116895,0.617275003314034,44,592.4591666666693,interpolation,0 days 00:00:56.718000,56.718,4410.843,1.0
2024-03-01 17:00:06.616,0 days 01:13:30.943000,1515.2671555378038,237.2735418325844,-138.999601796252,OnTrack,267.0,10052.0,0.0,1,8,8,3330.5388888888874,0.6191955292929494,44,592.6147222222248,interpolation,0 days 00:00:56.818000,56.818,4410.943,0.0
2024-03-01 17:00:06.716,0 days 01:13:31.043000,1517.0,164.0,-139.0,OnTrack,256.6666666666667,10148.333333333334,0.0,1,8,8,3338.154680978934,0.6206114156018928,44,593.5480555555581,interpolation,0 days 00:00:56.918000,56.918,4411.043,0.0
2024-03-01 17:00:06.816,0 days 01:13:31.143000,1521.557233078977,76.05728719897346,-139.0008470632639,OnTrack,246.33333333333334,10244.666666666666,0.0,1,8,8,3343.461804502258,0.621598086909053,44,594.4813888888913,interpolation,0 days 00:00:57.018000,57.018,4411.143,0.0
2024-03-01 17:00:06.916,0 days 01:13:31.243000,1527.0,-6.0,-139.0,OnTrack,236.0,10341.0,0.0,1,8,8,3348.8944444444433,0.622608093540617,44,595.4147222222246,interpolation,0 days 00:00:57.118000,57.118,4411.243,0.0
2024-03-01 17:00:07.016,0 days 01:13:31.343000,1531.389445988334,-61.61726502642506,-138.99531582416458,OnTrack,226.33333333333334,10733.0,0.0,1,8,8,3354.8583003802614,0.6237168609371262,44,597.2813888888912,interpolation,0 days 00:00:57.218000,57.218,4411.343,0.0
2024-03-01 17:00:07.116,0 days 01:13:31.443000,1534.7255710439786,-90.79450788030178,-138.98679453575758,OnTrack,216.66666666666666,11125.0,0.0,1,8,8,3361.232792366095,0.6249019715365879,44,599.1480555555578,interpolation,0 days 00:00:57.318000,57.318,4411.443,0.0
2024-03-01 17:00:07.216,0 days 01:13:31.543000,1541.4489105776338,-121.07449679402758,-138.98487597947178,OnTrack,207.0,11517.0,0.0,1,8,8,3367.294444444443,0.6260289206557121,44,601.0147222222245,interpolation,0 days 00:00:57.418000,57.418,4411.543,0.0
2024-03-01 17:00:07.316,0 days 01:13:31.643000,1556.0,-180.0,-139.0,OnTrack,201.6,11320.4,0.2,1,8,8,3372.92267790642,0.6270752909620609,44,601.7613888888911,pos,0 days 00:00:57.518000,57.518,4411.643,0.0
2024-03-01 17:00:07.416,0 days 01:13:31.743000,1578.0,-262.0,-139.0,OnTrack,196.2,11123.8,0.4,1,8,6,3378.117492752027,0.6280410824556342,44,602.5080555555579,interpolation,0 days 00:00:57.618000,57.618,4411.743,0.0
2024-03-01 17:00:07.516,0 days 01:13:31.843000,1605.1758630731895,-333.64822066247206,-138.79187540725744,OnTrack,190.8,10927.2,0.6000000000000001,1,8,6,3382.8866097670407,0.6289277305425919,44,603.2547222222246,interpolation,0 days 00:00:57.718000,57.718,4411.843,0.0
2024-03-01 17:00:07.616,0 days 01:13:31.943000,1635.7133454989068,-389.7984637316985,-138.3818200903977,OnTrack,185.4,10730.6,0.8,1,8,6,3387.2763534289397,0.6297438476157953,44,604.0013888888914,interpolation,0 days 00:00:57.818000,57.818,4411.943,0.0
2024-03-01 17:00:07.716,0 days 01:13:32.043000,1661.0,-433.0,-138.0,OnTrack,180.0,10534.0,1.0,1,8,6,3391.294444444443,0.6304908690667059,44,604.748055555558,interpolation,0 days 00:00:57.918000,57.918,4412.043,0.0
2024-03-01 17:00:07.816,0 days 01:13:32.143000,1679.6004113476417,-463.67771010814437,-137.68477632423614,OnTrack,177.0,10347.333333333334,1.3333333333333333,1,8,6,3394.9408828135493,0.6311687948953234,44,605.1925000000024,interpolation,0 days 00:00:58.018000,58.018,4412.143,0.0
2024-03-01 17:00:07.916,0 days 01:13:32.243000,1691.514579541833,-481.83159405613196,-137.43614906310611,OnTrack,174.0,10160.666666666666,1.6666666666666665,1,8,4,3398.390740559599,0.6318101735323294,44,605.6369444444467,interpolation,0 days 00:00:58.118000,58.118,4412.243,0.0
2024-03-01 17:00:08.016,0 days 01:13:32.343000,1700.256905179389,-490.49562785918613,-137.2105245644694,OnTrack,171.0,9974.0,2.0,1,8,4,3402.694444444443,0.632610294561928,44,606.0813888888911,interpolation,0 days 00:00:58.218000,58.218,4412.343,0.0
2024-03-01 17:00:08.116,0 days 01:13:32.443000,1726.9138998039575,-507.8737608127099,-136.74633957628134,OnTrack,168.66666666666666,10024.333333333334,15.666666666666668,1,8,4,3408.0270646986933,0.6336017060815066,44,606.1811111111133,interpolation,0 days 00:00:58.318000,58.318,4412.443,0.0
2024-03-01 17:00:08.216,0 days 01:13:32.543000,1775.0,-537.0,-136.0,OnTrack,166.33333333333334,10074.666666666666,29.333333333333336,1,8,4,3414.0852506437323,0.6347280107961304,44,606.2808333333355,pos,0 days 00:00:58.418000,58.418,4412.543,0.0
2024-03-01 17:00:08.316,0 days 01:13:32.643000,1841.0,-575.0,-135.0,OnTrack,164.0,10125.0,43.0,1,8,4,3419.048888888887,0.6356508232036603,44,606.3805555555577,interpolation,0 days 00:00:58.518000,58.518,4412.643,0.0
2024-03-01 17:00:08.416,0 days 01:13:32.743000,1903.822773185611,-604.6277765859588,-133.9173036871909,OnTrack,162.5,10093.0,51.0,1,8,4,3422.614625649213,0.6363137454316501,44,606.4027777777801,interpolation,0 days 00:00:58.618000,58.618,4412.743,0.0
2024-03-01 17:00:08.516,0 days 01:13:32.843000,1959.3541333182377,-623.9930491785709,-132.826038007603,OnTrack,161.0,10061.0,59.0,0,8,4,3426.2044444444427,0.6369811448595306,44,606.4250000000025,interpolation,0 days 00:00:58.718000,58.718,4412.843,0.0
2024-03-01 17:00:08.616,0 days 01:13:32.943000,2004.0,-639.0,-132.0,OnTrack,162.66666666666666,10246.333333333334,65.33333333333333,0,8,4,3431.24032879431,0.6379173888667322,44,605.9583333333358,interpolation,0 days 00:00:58.818000,58.818,4412.943,0.0
2024-03-01 17:00:08.716,0 days 01:13:33.043000,2037.1613628981931,-650.6326543823795,-131.4848222705361,OnTrack,164.33333333333334,10431.666666666666,71.66666666666667,0,8,4,3437.406072095776,0.6390636900553394,44,605.4916666666691,interpolation,0 days 00:00:58.918000,58.918,4413.043,0.0
2024-03-01 17:00:08.816,0 days 01:13:33.143000,2058.8382220128187,-658.8910123257097,-131.2805048192114,OnTrack,166.0,10617.0,78.0,0,8,4,3442.8044444444427,0.6400673258438013,44,605.0250000000024,interpolation,0 days 00:00:59.018000,59.018,4413.143,0.0
2024-03-01 17:00:08.916,0 days 01:13:33.243000,2087.0959701210345,-664.203864106185,-130.93593495828097,OnTrack,168.0,10659.0,79.0,0,8,4,3447.119242475212,0.6408695094361827,44,604.491666666669,interpolation,0 days 00:00:59.118000,59.118,4413.243,0.0
2024-03-01 17:00:09.016,0 days 01:13:33.343000,2140.0,-667.0,-130.0,OnTrack,170.0,10701.0,80.0,0,8,4,3450.547465018775,0.6415068657749652,44,603.9583333333354,interpolation,0 days 00:00:59.218000,59.218,4413.343,0.0
2024-03-01 17:00:09.116,0 days 01:13:33.443000,2217.5503116497166,-667.2794200071545,-128.47269994436851,OnTrack,172.0,10743.0,81.0,0,8,4,3454.2711111111093,0.642199145640165,44,603.425000000002,interpolation,0 days 00:00:59.318000,59.318,4413.443,0.0
2024-03-01 17:00:09.216,0 days 01:13:33.543000,2294.0,-666.0,-127.0,OnTrack,175.33333333333334,10950.0,87.33333333333333,0,8,4,3458.487181600186,0.6429829743493056,44,602.3842592592614,interpolation,0 days 00:00:59.418000,59.418,4413.543,0.0
2024-03-01 17:00:09.316,0 days 01:13:33.643000,2343.602159980669,-664.1196158508877,-126.22786537550806,OnTrack,178.66666666666666,11157.0,93.66666666666667,0,8,4,3463.2046350114333,0.6438600174223161,44,601.3435185185208,interpolation,0 days 00:00:59.518000,59.518,4413.643,0.0
2024-03-01 17:00:09.416,0 days 01:13:33.743000,2366.356791591723,-661.6382675598177,-126.15629607089262,OnTrack,182.0,11364.0,100.0,0,8,4,3468.4772222222205,0.6448402679276076,44,600.3027777777802,interpolation,0 days 00:00:59.618000,59.618,4413.743,0.0
2024-03-01 17:00:09.516,0 days 01:13:33.843000,2388.4330274069152,-654.5877854888387,-126.0065787308309,OnTrack,185.25,11509.75,100.0,0,8,4,3474.3139016662403,0.6459253913680545,44,598.7444444444469,interpolation,0 days 00:00:59.718000,59.718,4413.843,0.0
2024-03-01 17:00:09.616,0 days 01:13:33.943000,2436.0,-639.0,-125.0,OnTrack,188.5,11655.5,100.0,0,8,4,3480.714673343494,0.6471153877436568,44,597.1861111111136,interpolation,0 days 00:00:59.818000,59.818,4413.943,0.0
2024-03-01 17:00:09.716,0 days 01:13:34.043000,2509.057709370976,-614.8749110933013,-123.13655987839996,OnTrack,191.75,11801.25,100.0,0,8,4,3486.955052793444,0.6482755648757693,44,595.6277777777804,interpolation,0 days 00:00:59.918000,59.918,4414.043,0.0
2024-03-01 17:00:09.816,0 days 01:13:34.143000,2589.0,-586.0,-121.0,OnTrack,195.0,11947.0,100.0,0,8,4,3492.3105555555535,0.6492712305857473,44,594.0694444444471,interpolation,0 days 00:01:00.018000,60.018,4414.143,0.0
2024-03-01 17:00:09.916,0 days 01:13:34.243000,2657.220716367229,-556.1627479513533,-119.17406199876936,OnTrack,197.5,11757.0,100.0,0,8,4,3496.7811816298226,0.6501023848735903,44,592.8694444444468,interpolation,0 days 00:01:00.118000,60.118,4414.243,0.0
2024-03-01 17:00:10.016,0 days 01:13:34.343000,2713.7198584726625,-525.3631549473608,-117.65874587470805,OnTrack,200.0,11567.0,100.0,0,8,4,3501.1994444444426,0.6509238040713006,44,591.6694444444465,interpolation,0 days 00:01:00.218000,60.218,4414.343,0.0
2024-03-01 17:00:10.116,0 days 01:13:34.443000,2762.1090713417652,-494.6319844696881,-116.31405681329271,OnTrack,202.0,11136.5,100.0,0,8,4,3506.397857427607,0.6518902645108805,44,590.1972222222244,interpolation,0 days 00:01:00.318000,60.318,4414.443,0.0
2024-03-01 17:00:10.216,0 days 01:13:34.543000,2806.0,-465.0,-115.0,OnTrack,204.0,10706.0,100.0,0,8,4,3512.5327777777757,0.6530308352653809,44,588.7250000000022,interpolation,0 days 00:01:00.418000,60.418,4414.543,0.0
2024-03-01 17:00:10.316,0 days 01:13:34.643000,2845.3926444473677,-436.4672015382964,-113.7165754348299,OnTrack,207.0,10814.5,100.0,0,8,4,3519.760562693409,0.6543745854078523,44,586.9916666666686,interpolation,0 days 00:01:00.518000,60.518,4414.643,0.0
2024-03-01 17:00:10.416,0 days 01:13:34.743000,2880.287004683869,-409.03358908457767,-112.4637831177825,OnTrack,210.0,10923.0,100.0,0,8,4,3526.5327777777757,0.6556336385051272,44,585.258333333335,interpolation,0 days 00:01:00.618000,60.618,4414.743,0.0
2024-03-01 17:00:10.516,0 days 01:13:34.843000,2912.787862578435,-381.33318208856997,-111.22909924184381,OnTrack,212.5,11059.0,100.0,0,8,4,3531.3009886341433,0.6565201181240379,44,584.058333333335,interpolation,0 days 00:01:00.718000,60.718,4414.843,0.0
2024-03-01 17:00:10.616,0 days 01:13:34.943000,2945.0,-352.0,-110.0,OnTrack,215.0,11195.0,100.0,0,8,5,3536.088333333331,0.657410155002097,44,582.8583333333349,interpolation,0 days 00:01:00.818000,60.818,4414.943,0.0
2024-03-01 17:00:10.716,0 days 01:13:35.043000,2976.923416948563,-321.03404281886765,-108.77648539225103,OnTrack,217.0,11272.333333333334,100.0,0,8,5,3542.9179499461543,0.6586798798768172,44,581.3916666666684,interpolation,0 days 00:01:00.918000,60.918,4415.043,0.0
2024-03-01 17:00:10.816,0 days 01:13:35.143000,3009.235434509229,-287.523779969995,-107.52008776334057,OnTrack,219.0,11349.666666666666,100.0,0,8,5,3551.2880995652913,0.660236012201521,44,579.9250000000019,interpolation,0 days 00:01:01.018000,61.018,4415.143,0.0
2024-03-01 17:00:10.916,0 days 01:13:35.243000,3046.0,-246.0,-106.0,OnTrack,221.0,11427.0,100.0,0,8,5,3558.1883333333312,0.6615188658305539,44,578.4583333333353,interpolation,0 days 00:01:01.118000,61.118,4415.243,0.0
2024-03-01 17:00:11.016,0 days 01:13:35.343000,3087.894441441784,-195.5511629995837,-104.17775405306213,OnTrack,223.0,11461.0,100.0,0,8,5,3563.1169072051175,0.6624351592620406,44,577.4583333333353,interpolation,0 days 00:01:01.218000,61.218,4415.343,0.0
2024-03-01 17:00:11.116,0 days 01:13:35.443000,3131.0,-139.0,-102.0,OnTrack,225.0,11495.0,100.0,0,8,5,3568.1883333333312,0.6633780110018013,44,576.4583333333353,interpolation,0 days 00:01:01.318000,61.318,4415.443,0.0
2024-03-01 17:00:11.216,0 days 01:13:35.543000,3171.39791684007,-79.16924203250281,-99.41338791828677,OnTrack,226.5,11605.0,100.0,0,8,5,3575.5171238706525,0.6647405395556556,44,575.2250000000015,interpolation,0 days 00:01:01.418000,61.418,4415.543,0.0
2024-03-01 17:00:11.316,0 days 01:13:35.643000,3208.4136535078237,-17.873457380378696,-96.52751932992689,OnTrack,228.0,11715.0,100.0,0,8,5,3583.3883333333315,0.6662039116620974,44,573.9916666666677,interpolation,0 days 00:01:01.518000,61.518,4415.643,0.0
2024-03-01 17:00:11.416,0 days 01:13:35.743000,3238.0,34.0,-94.0,OnTrack,229.66666666666666,11366.333333333334,100.0,0,8,5,3590.087016237619,0.6674492940596198,44,573.2398148148159,interpolation,0 days 00:01:01.618000,61.618,4415.743,0.0
2024-03-01 17:00:11.516,0 days 01:13:35.843000,3259.482424769667,74.63658040643075,-91.9404303281968,OnTrack,231.33333333333334,11017.666666666666,100.0,0,8,5,3595.7847013006117,0.668508576426835,44,572.487962962964,interpolation,0 days 00:01:01.718000,61.718,4415.843,0.0
2024-03-01 17:00:11.616,0 days 01:13:35.943000,3279.0,115.0,-90.0,OnTrack,233.0,10669.0,100.0,0,8,5,3601.5105555555538,0.6695730958557691,44,571.7361111111122,interpolation,0 days 00:01:01.818000,61.818,4415.943,0.0
2024-03-01 17:00:11.716,0 days 01:13:36.043000,3302.691797874175,166.05397494179417,-87.82989870089236,OnTrack,234.66666666666666,10727.666666666666,100.0,0,8,5,3607.4361059630965,0.6706747416984857,44,570.9842592592605,interpolation,0 days 00:01:01.918000,61.918,4416.043,0.0
2024-03-01 17:00:11.816,0 days 01:13:36.143000,3330.1580351396738,227.3281078518799,-85.4522726675095,OnTrack,236.33333333333334,10786.333333333334,100.0,0,8,5,3613.576393741975,0.6718163103359029,44,570.2324074074089,interpolation,0 days 00:01:02.018000,62.018,4416.143,0.0
2024-03-01 17:00:11.916,0 days 01:13:36.243000,3359.0,296.0,-83.0,OnTrack,238.0,10845.0,100.0,0,8,5,3620.0216666666643,0.6730145801394336,44,569.4805555555572,interpolation,0 days 00:01:02.118000,62.118,4416.243,0.0
2024-03-01 17:00:12.016,0 days 01:13:36.343000,3388.817905108834,371.59924918932734,-80.49522716177808,OnTrack,240.0,10898.0,100.0,0,8,5,3626.7869661099203,0.6742723475186307,44,568.7694444444459,interpolation,0 days 00:01:02.218000,62.218,4416.343,0.0
2024-03-01 17:00:12.116,0 days 01:13:36.443000,3417.0,445.0,-78.0,OnTrack,242.0,10951.0,100.0,0,8,6,3633.9203934585316,0.6755985552195923,44,568.0583333333344,interpolation,0 days 00:01:02.318000,62.318,4416.443,0.0
2024-03-01 17:00:12.216,0 days 01:13:36.543000,3440.9345342073198,507.0763970121562,-75.57636436182202,OnTrack,244.0,11004.0,100.0,0,8,6,3641.710555555553,0.6770468594441835,44,567.3472222222231,interpolation,0 days 00:01:02.418000,62.418,4416.543,0.0
2024-03-01 17:00:12.316,0 days 01:13:36.643000,3460.6215077307943,557.828440225796,-73.22432024724415,OnTrack,245.5,11059.0,100.0,0,8,6,3650.2055532952177,0.678626202846929,44,566.6472222222235,interpolation,0 days 00:01:02.518000,62.518,4416.643,0.0
2024-03-01 17:00:12.416,0 days 01:13:36.743000,3479.9977273888717,605.9162633265378,-71.0101160090442,OnTrack,247.0,11114.0,100.0,0,8,6,3658.17722222222,0.680108251826171,44,565.9472222222239,interpolation,0 days 00:01:02.618000,62.618,4416.743,0.0
2024-03-01 17:00:12.516,0 days 01:13:36.843000,3503.0,660.0,-69.0,OnTrack,248.33333333333334,11164.0,100.0,0,8,6,3664.3973978812564,0.6812646727802518,44,565.5250000000015,interpolation,0 days 00:01:02.718000,62.718,4416.843,0.0
2024-03-01 17:00:12.616,0 days 01:13:36.943000,3532.0,723.0,-67.0,OnTrack,249.66666666666666,11214.0,100.0,0,8,6,3669.2357774726584,0.6821641977856534,44,565.102777777779,interpolation,0 days 00:01:02.818000,62.818,4416.943,0.0
2024-03-01 17:00:12.716,0 days 01:13:37.043000,3581.2278468618742,812.438451562891,-63.84627672952787,OnTrack,251.0,11264.0,100.0,0,8,6,3674.9105555555534,0.683219221412725,44,564.6805555555566,interpolation,0 days 00:01:02.918000,62.918,4417.043,0.0
2024-03-01 17:00:12.816,0 days 01:13:37.143000,3627.0,893.0,-61.0,OnTrack,252.33333333333334,11316.666666666666,100.0,0,8,6,3681.7914331159927,0.6844984764417685,44,564.2657407407419,interpolation,0 days 00:01:03.018000,63.018,4417.143,0.0
2024-03-01 17:00:12.916,0 days 01:13:37.243000,3643.2612201068696,926.4489109643029,-60.11631382923012,OnTrack,253.66666666666666,11369.333333333334,100.0,0,8,6,3689.7012690551937,0.685969029770941,44,563.8509259259272,interpolation,0 days 00:01:03.118000,63.118,4417.243,0.0
2024-03-01 17:00:13.016,0 days 01:13:37.343000,3643.2058108983433,930.3397000390158,-60.39114172136819,OnTrack,255.0,11422.0,100.0,0,8,6,3697.57722222222,0.6874332838008858,44,563.4361111111125,interpolation,0 days 00:01:03.218000,63.218,4417.343,0.0
2024-03-01 17:00:13.116,0 days 01:13:37.443000,3706.0,1010.0,-57.0,OnTrack,255.5,11455.25,100.0,0,8,6,3705.242153332204,0.6888583057669929,44,563.2138888888901,pos,0 days 00:01:03.318000,63.318,4417.443,0.0
2024-03-01 17:00:13.216,0 days 01:13:37.543000,3830.0,1164.0,-50.0,OnTrack,256.0,11488.5,100.0,0,8,6,3712.6960623851473,0.6902440956692626,44,562.9916666666677,interpolation,0 days 00:01:03.418000,63.418,4417.543,0.0
2024-03-01 17:00:13.316,0 days 01:13:37.643000,3926.1759976380913,1278.4320796952038,-44.5583445644613,OnTrack,256.5,11521.75,100.0,0,8,6,3719.7294402455154,0.6915517027179288,44,562.7694444444453,interpolation,0 days 00:01:03.518000,63.518,4417.643,0.0
2024-03-01 17:00:13.416,0 days 01:13:37.743000,3979.689614731995,1334.3115384936411,-41.536238576586705,OnTrack,257.0,11555.0,100.0,0,8,6,3726.1327777777756,0.6927421761232256,44,562.5472222222229,interpolation,0 days 00:01:03.618000,63.618,4417.743,0.0
2024-03-01 17:00:13.516,0 days 01:13:37.843000,3997.73063342101,1340.21304393669,-40.574191871951875,OnTrack,258.0,11594.5,100.0,0,8,6,3731.906074981928,0.6938155158851533,44,562.369444444445,interpolation,0 days 00:01:03.718000,63.718,4417.843,0.0
2024-03-01 17:00:13.616,0 days 01:13:37.943000,4023.437525671576,1347.5843378597322,-39.51527450751094,OnTrack,259.0,11634.0,100.0,0,8,6,3737.6438888888865,0.694882258787017,44,562.1916666666671,interpolation,0 days 00:01:03.818000,63.818,4417.943,0.0
2024-03-01 17:00:13.716,0 days 01:13:38.043000,4064.0,1365.0,-38.0,OnTrack,259.0,11637.666666666666,100.0,0,8,6,3743.9407765295655,0.6960529416121226,44,562.1027777777784,interpolation,0 days 00:01:03.918000,63.918,4418.043,0.0
2024-03-01 17:00:13.816,0 days 01:13:38.143000,4119.418056406283,1392.4600303574932,-36.02836834941907,OnTrack,259.0,11641.333333333334,100.0,0,8,6,3751.069441206358,0.6973782638632527,44,562.0138888888897,interpolation,0 days 00:01:04.018000,64.018,4418.143,0.0
2024-03-01 17:00:13.916,0 days 01:13:38.243000,4189.691694890424,1429.9644289322123,-33.600379555768136,OnTrack,259.0,11645.0,100.0,0,8,6,3760.666111111109,0.6991624241146,44,561.9250000000011,interpolation,0 days 00:01:04.118000,64.118,4418.243,0.0
2024-03-01 17:00:14.016,0 days 01:13:38.343000,4261.869485929352,1468.4866130408247,-31.122200984233135,OnTrack,260.0,11505.0,100.0,0,8,6,3772.221666666664,0.7013107696458192,44,561.8805555555568,interpolation,0 days 00:01:04.218000,64.218,4418.343,0.0
2024-03-01 17:00:14.116,0 days 01:13:38.443000,4323.0,1499.0,-29.0,OnTrack,260.3333333333333,11172.666666666666,100.0,0,8,6,3781.045129823014,0.7029511795378998,44,561.9583333333347,interpolation,0 days 00:01:04.318000,64.318,4418.443,0.0
2024-03-01 17:00:14.216,0 days 01:13:38.543000,4373.083237102369,1521.504589809738,-27.23377660306874,OnTrack,260.6666666666667,10840.333333333334,100.0,0,8,7,3786.840375106791,0.7040285997664526,44,562.0361111111125,interpolation,0 days 00:01:04.418000,64.418,4418.543,0.0
2024-03-01 17:00:14.316,0 days 01:13:38.643000,4415.7738896664005,1537.279567060651,-25.73805688267697,OnTrack,261.0,10508.0,100.0,0,8,7,3792.5216666666643,0.7050848343434515,44,562.1138888888904,interpolation,0 days 00:01:04.518000,64.518,4418.643,0.0
2024-03-01 17:00:14.416,0 days 01:13:38.743000,4473.0,1554.0,-24.0,OnTrack,261.25,10518.75,100.0,0,8,7,3798.5747176809277,0.7062101843998996,44,562.2638888888905,interpolation,0 days 00:01:04.618000,64.618,4418.743,0.0
2024-03-01 17:00:14.516,0 days 01:13:38.843000,4548.416223109254,1572.9450601196154,-21.934132919523826,OnTrack,261.5,10529.5,100.0,0,8,7,3804.999528149577,0.7074046499357967,44,562.4138888888906,interpolation,0 days 00:01:04.718000,64.718,4418.843,0.0
2024-03-01 17:00:14.616,0 days 01:13:38.943000,4637.487129180179,1592.9470778607506,-19.671680952756315,OnTrack,261.75,10540.25,100.0,0,8,7,3811.7354078767708,0.7086569477626883,44,562.5638888888907,interpolation,0 days 00:01:04.818000,64.818,4418.943,0.0
2024-03-01 17:00:14.716,0 days 01:13:39.043000,4713.0,1607.0,-18.0,OnTrack,262.0,10551.0,100.0,0,8,7,3818.721666666664,0.7099557946921197,44,562.7138888888908,interpolation,0 days 00:01:04.918000,64.918,4419.043,0.0
2024-03-01 17:00:14.816,0 days 01:13:39.143000,4770.419359311696,1613.936145021621,-17.05031671651682,OnTrack,263.5,10604.0,100.0,0,8,7,3825.9583045192558,0.7113011907240909,44,562.8520833333348,interpolation,0 days 00:01:05.018000,65.018,4419.143,0.0
2024-03-01 17:00:14.916,0 days 01:13:39.243000,4829.0,1616.0,-16.0,OnTrack,265.0,10657.0,100.0,0,8,7,3833.370277777776,0.7126791841533902,44,562.9902777777788,interpolation,0 days 00:01:05.118000,65.118,4419.243,0.0
2024-03-01 17:00:15.016,0 days 01:13:39.343000,4907.996714949645,1615.4360520095233,-14.026418748142756,OnTrack,265.3333333333333,10655.0,100.0,0,8,7,3840.882542785452,0.7140758232748053,44,563.2569444444458,interpolation,0 days 00:01:05.218000,65.218,4419.343,0.0
2024-03-01 17:00:15.116,0 days 01:13:39.443000,5005.0,1607.0,-12.0,OnTrack,265.6666666666667,10653.0,100.0,0,8,7,3848.5847414231444,0.7155077738153306,44,563.5236111111129,interpolation,0 days 00:01:05.318000,65.318,4419.443,0.0
2024-03-01 17:00:15.216,0 days 01:13:39.543000,5117.600350990431,1585.4475429212375,-10.79117079462664,OnTrack,266.0,10651.0,100.0,0,8,7,3857.0147222222204,0.7170750296249617,44,563.7902777777799,interpolation,0 days 00:01:05.418000,65.418,4419.543,0.0
2024-03-01 17:00:15.316,0 days 01:13:39.643000,5222.0,1560.0,-10.0,OnTrack,266.5,10675.5,100.0,0,8,7,3866.262126145611,0.7187942562600365,44,564.1569444444465,interpolation,0 days 00:01:05.518000,65.518,4419.643,0.0
2024-03-01 17:00:15.416,0 days 01:13:39.743000,5294.401179107772,1539.8786904630515,-9.226556484097415,OnTrack,267.0,10700.0,100.0,0,8,7,3874.81472222222,0.7203843080297821,44,564.523611111113,interpolation,0 days 00:01:05.618000,65.618,4419.743,0.0
2024-03-01 17:00:15.516,0 days 01:13:39.843000,5334.803888313744,1525.0836143103916,-8.470840246918884,OnTrack,267.5,10700.0,100.0,0,8,7,3881.1602794809505,0.7215640392434265,44,564.7680555555569,interpolation,0 days 00:01:05.718000,65.718,4419.843,0.0
2024-03-01 17:00:15.616,0 days 01:13:39.943000,5368.054653362846,1508.746731002536,-7.729703886280911,OnTrack,268.0,10700.0,100.0,0,8,7,3886.725833333332,0.7225987565004236,44,565.0125000000007,interpolation,0 days 00:01:05.818000,65.818,4419.943,0.0
2024-03-01 17:00:15.716,0 days 01:13:40.043000,5419.0,1484.0,-7.0,OnTrack,268.6666666666667,10724.333333333334,100.0,0,8,7,3892.938419190893,0.7237537664002281,44,565.2987037037047,interpolation,0 days 00:01:05.918000,65.918,4420.043,0.0
2024-03-01 17:00:15.816,0 days 01:13:40.143000,5487.6399282252105,1450.8434213027845,-6.281728588076158,OnTrack,269.3333333333333,10748.666666666666,100.0,0,8,7,3899.8531642445528,0.72503931788792,44,565.5849074074089,interpolation,0 days 00:01:06.018000,66.018,4420.143,0.0
2024-03-01 17:00:15.916,0 days 01:13:40.243000,5569.751809243084,1411.2435881985803,-5.5882804531831995,OnTrack,270.0,10773.0,100.0,0,8,7,3907.8008333333314,0.7265169049488274,44,565.8711111111129,interpolation,0 days 00:01:06.118000,66.118,4420.243,0.0
2024-03-01 17:00:16.016,0 days 01:13:40.343000,5640.0,1377.0,-5.0,OnTrack,270.5,10806.5,100.0,0,8,7,3916.836554212652,0.7281967766329803,44,566.3044444444454,interpolation,0 days 00:01:06.218000,66.218,4420.343,0.0
2024-03-01 17:00:16.116,0 days 01:13:40.443000,5694.161914940065,1350.0792298569236,-4.530277894079264,OnTrack,271.0,10840.0,100.0,0,8,7,3925.867499999999,0.7298757605582146,44,566.7377777777779,interpolation,0 days 00:01:06.318000,66.318,4420.443,0.0
2024-03-01 17:00:16.216,0 days 01:13:40.543000,5736.43454891864,1328.569490546353,-4.185057590242242,OnTrack,271.8,10797.6,92.4,0,8,7,3933.8008438128554,0.7313506843423663,44,567.0066666666668,interpolation,0 days 00:01:06.418000,66.418,4420.543,0.0
2024-03-01 17:00:16.316,0 days 01:13:40.643000,5792.0,1301.0,-4.0,OnTrack,272.6,10755.2,84.8,0,8,7,3940.636585651222,0.7326215479854357,44,567.2755555555557,pos,0 days 00:01:06.518000,66.518,4420.643,0.0
2024-03-01 17:00:16.416,0 days 01:13:40.743000,5865.055306016959,1265.4589514180652,-3.9810486390350817,OnTrack,273.4,10712.8,77.2,0,8,7,3946.5715411806086,0.7337249423768383,44,567.5444444444445,interpolation,0 days 00:01:06.618000,66.618,4420.743,0.0
2024-03-01 17:00:16.516,0 days 01:13:40.843000,5943.0,1228.0,-4.0,OnTrack,274.2,10670.4,69.6,0,8,7,3952.7866104402665,0.7348804139771444,44,567.8133333333334,interpolation,0 days 00:01:06.718000,66.718,4420.843,0.0
2024-03-01 17:00:16.616,0 days 01:13:40.943000,6013.233614979619,1194.676800945257,-3.928650575547272,OnTrack,275.0,10628.0,62.0,0,8,7,3959.47861111111,0.7361245540504627,44,568.0822222222223,interpolation,0 days 00:01:06.818000,66.818,4420.943,0.0
2024-03-01 17:00:16.716,0 days 01:13:41.043000,6080.0,1163.0,-4.0,OnTrack,269.5,10264.0,31.0,0,8,7,3966.6475431931367,0.7374573625967928,44,568.7488888888888,interpolation,0 days 00:01:06.918000,66.918,4421.043,0.0
2024-03-01 17:00:16.816,0 days 01:13:41.143000,6147.543004105326,1130.4802429103947,-4.447047907681286,OnTrack,264.0,9900.0,0.0,1,8,7,3974.1452777777768,0.7388513003016257,44,569.4155555555553,interpolation,0 days 00:01:07.018000,67.018,4421.143,0.0
2024-03-01 17:00:16.916,0 days 01:13:41.243000,6217.0,1094.0,-5.0,OnTrack,248.0,10098.333333333334,0.0,1,8,7,3981.823685956459,0.7402788278504522,44,571.9155555555554,interpolation,0 days 00:01:07.118000,67.118,4421.243,0.0
2024-03-01 17:00:17.016,0 days 01:13:41.343000,6289.508360388427,1050.4417415923763,-5.38906197836501,OnTrack,232.0,10296.666666666666,0.0,1,8,7,3989.46307455483,0.7416991010928466,44,574.4155555555557,interpolation,0 days 00:01:07.218000,67.218,4421.343,0.0
2024-03-01 17:00:17.116,0 days 01:13:41.443000,6362.21483390415,1002.0175665397456,-5.650287788814041,OnTrack,216.0,10495.0,0.0,1,8,7,3995.7452777777767,0.7428670538715201,44,576.9155555555558,interpolation,0 days 00:01:07.318000,67.318,4421.443,0.0
2024-03-01 17:00:17.216,0 days 01:13:41.543000,6418.0,962.0,-6.0,OnTrack,207.0,10149.0,0.0,1,8,7,4000.450600201276,0.7437418416178012,44,578.9822222222231,interpolation,0 days 00:01:07.418000,67.418,4421.543,0.0
2024-03-01 17:00:17.316,0 days 01:13:41.643000,6454.010636526665,932.6011181735862,-6.474252188770091,OnTrack,198.0,9803.0,0.0,1,8,7,4004.5452777777764,0.7445031016222178,44,581.0488888888904,interpolation,0 days 00:01:07.518000,67.518,4421.643,0.0
2024-03-01 17:00:17.416,0 days 01:13:41.743000,6481.0,907.0,-7.0,OnTrack,190.5,9794.75,0.0,1,8,7,4008.9955464597283,0.7453304711752979,44,584.5211111111125,interpolation,0 days 00:01:07.618000,67.618,4421.743,0.0
2024-03-01 17:00:17.516,0 days 01:13:41.843000,6509.721346935864,878.375724418738,-7.504199078565413,OnTrack,183.0,9786.5,0.0,1,8,7,4013.8014062471298,0.746223950277042,44,587.9933333333347,interpolation,0 days 00:01:07.718000,67.718,4421.843,0.0
2024-03-01 17:00:17.616,0 days 01:13:41.943000,6539.0,844.0,-8.0,OnTrack,175.5,9778.25,0.0,1,8,7,4018.645868466522,0.7471246061312894,44,591.4655555555569,interpolation,0 days 00:01:07.818000,67.818,4421.943,0.0
2024-03-01 17:00:17.716,0 days 01:13:42.043000,6567.6612818581525,801.1445353139867,-8.500553339837436,OnTrack,168.0,9770.0,0.0,1,8,7,4023.2119444444425,0.7479735059418795,44,594.937777777779,interpolation,0 days 00:01:07.918000,67.918,4422.043,0.0
2024-03-01 17:00:17.816,0 days 01:13:42.143000,6595.705192510324,749.8093303606986,-9.005859098077725,OnTrack,165.33333333333334,9539.666666666666,0.0,1,8,7,4027.499634180894,0.7487706497088127,44,598.4118518518532,interpolation,0 days 00:01:08.018000,68.018,4422.143,0.0
2024-03-01 17:00:17.916,0 days 01:13:42.243000,6619.646506907333,699.069460227061,-9.50823530727915,OnTrack,162.66666666666666,9309.333333333334,0.0,1,8,4,4031.555219384905,0.7495246418736746,44,601.8859259259274,interpolation,0 days 00:01:08.118000,68.118,4422.243,0.0
2024-03-01 17:00:18.016,0 days 01:13:42.343000,6636.0,658.0,-10.0,OnTrack,160.0,9079.0,0.0,1,8,4,4035.656388888887,0.7502871088216541,44,605.3600000000015,interpolation,0 days 00:01:08.218000,68.218,4422.343,0.0
2024-03-01 17:00:18.116,0 days 01:13:42.443000,6644.765671788325,626.6009496795157,-10.481153176240278,OnTrack,155.5,8933.0,0.0,1,8,4,4039.849423927949,0.7510666549062284,44,609.3600000000013,interpolation,0 days 00:01:08.318000,68.318,4422.443,0.0
2024-03-01 17:00:18.216,0 days 01:13:42.543000,6650.0,600.0,-11.0,OnTrack,151.0,8787.0,0.0,1,8,4,4044.045277777776,0.7518467250486449,44,613.360000000001,interpolation,0 days 00:01:08.418000,68.418,4422.543,0.0
2024-03-01 17:00:18.316,0 days 01:13:42.643000,6655.759462362719,573.3248416958448,-11.604845635279185,OnTrack,149.0,8705.5,0.0,1,8,4,4048.154903714054,0.7526107641701514,44,617.4711111111119,interpolation,0 days 00:01:08.518000,68.518,4422.643,0.0
2024-03-01 17:00:18.416,0 days 01:13:42.743000,6662.044058876481,546.5754747670503,-12.295690082077833,OnTrack,147.0,8624.0,0.0,1,8,4,4052.211944444443,0.753365026938497,44,621.5822222222228,interpolation,0 days 00:01:08.618000,68.618,4422.743,0.0
2024-03-01 17:00:18.516,0 days 01:13:42.843000,6666.306625952004,511.7883704547307,-13.088689487837566,OnTrack,144.5,8626.0,1.0,1,8,4,4056.2500426766023,0.7541157680214313,44,625.8599999999999,interpolation,0 days 00:01:08.718000,68.718,4422.843,0.0
2024-03-01 17:00:18.616,0 days 01:13:42.943000,6666.0,461.0,-14.0,OnTrack,142.0,8628.0,2.0,0,8,4,4060.100833333332,0.7548316859069256,44,630.137777777777,interpolation,0 days 00:01:08.818000,68.818,4422.943,0.0
2024-03-01 17:00:18.716,0 days 01:13:43.043000,6661.124181020472,394.2103634028585,-15.029621618565137,OnTrack,141.5,8620.75,12.25,0,8,4,4063.5959513374332,0.755481479082952,44,634.4988888888885,interpolation,0 days 00:01:08.918000,68.918,4423.043,0.0
2024-03-01 17:00:18.816,0 days 01:13:43.143000,6654.0,330.0,-16.0,OnTrack,141.0,8613.5,22.5,0,8,4,4066.735396688904,0.7560651475495103,44,638.8599999999999,interpolation,0 days 00:01:09.018000,69.018,4423.143,0.0
2024-03-01 17:00:18.916,0 days 01:13:43.243000,6646.9482879251655,286.94944912811854,-16.73358080077162,OnTrack,140.5,8606.25,32.75,0,8,4,4070.4464492514776,0.7567550860947057,44,643.2211111111113,interpolation,0 days 00:01:09.118000,69.118,4423.243,0.0
2024-03-01 17:00:19.016,0 days 01:13:43.343000,6639.969044795967,265.0587107872142,-17.23036402087999,OnTrack,140.0,8599.0,43.0,0,8,4,4075.6563888888872,0.7577236895066437,44,647.5822222222228,interpolation,0 days 00:01:09.218000,69.218,4423.343,0.0
2024-03-01 17:00:19.116,0 days 01:13:43.443000,6632.505279268786,251.3886170527027,-17.61196523054836,OnTrack,143.0,8936.0,59.0,0,8,4,4082.011944444443,0.7589052795488144,44,654.4711111111114,interpolation,0 days 00:01:09.318000,69.318,4423.443,0.0
2024-03-01 17:00:19.216,0 days 01:13:43.543000,6624.0,233.0,-18.0,OnTrack,144.66666666666666,9074.666666666666,62.666666666666664,0,8,4,4087.3934998304694,0.7599057888197875,44,658.8859259259266,interpolation,0 days 00:01:09.418000,69.418,4423.543,0.0
2024-03-01 17:00:19.316,0 days 01:13:43.643000,6614.453206989607,209.89285962910594,-18.39446832923489,OnTrack,146.33333333333334,9213.333333333334,66.33333333333333,0,8,4,4091.5580870535455,0.7606800460423895,44,663.3007407407417,interpolation,0 days 00:01:09.518000,69.518,4423.643,0.0
2024-03-01 17:00:19.416,0 days 01:13:43.743000,6597.0,175.0,-19.0,OnTrack,148.0,9352.0,70.0,0,8,4,4095.167499999998,0.7613510883074331,44,667.7155555555569,pos,0 days 00:01:09.618000,69.618,4423.743,0.0
2024-03-01 17:00:19.516,0 days 01:13:43.843000,6567.0,125.0,-20.0,OnTrack,150.5,9445.0,71.5,0,8,4,4098.332037086153,0.761939421691729,44,670.826666666668,interpolation,0 days 00:01:09.718000,69.718,4423.843,0.0
2024-03-01 17:00:19.616,0 days 01:13:43.943000,6537.80026589113,82.36739352332819,-21.267120217004592,OnTrack,153.0,9538.0,73.0,0,8,4,4101.967499999998,0.7626153070238813,44,673.937777777779,interpolation,0 days 00:01:09.818000,69.818,4423.943,0.0
2024-03-01 17:00:19.716,0 days 01:13:44.043000,6510.905839130756,49.465515594163314,-22.720241695215375,OnTrack,153.0,9901.5,76.5,0,8,4,4106.989690429519,0.7635490051324941,44,677.4377777777786,interpolation,0 days 00:01:09.918000,69.918,4424.043,0.0
2024-03-01 17:00:19.816,0 days 01:13:44.143000,6482.0,18.0,-24.0,OnTrack,153.0,10265.0,80.0,0,8,4,4112.167499999999,0.7645116350985538,44,680.9377777777781,interpolation,0 days 00:01:10.018000,70.018,4424.143,0.0
2024-03-01 17:00:19.916,0 days 01:13:44.243000,6450.363298895975,-13.411540550065558,-25.046501365576866,OnTrack,158.33333333333334,10453.666666666666,86.66666666666667,0,8,4,4116.26982033672,0.7652743160030464,44,682.182222222223,interpolation,0 days 00:01:10.118000,70.118,4424.243,0.0
2024-03-01 17:00:20.016,0 days 01:13:44.343000,6416.0,-45.0,-26.0,OnTrack,163.66666666666666,10642.333333333334,93.33333333333333,0,8,4,4119.53955876142,0.7658822078433987,44,683.4266666666678,interpolation,0 days 00:01:10.218000,70.218,4424.343,0.0
2024-03-01 17:00:20.116,0 days 01:13:44.443000,6378.914367493398,-76.99627229376996,-27.00075011132343,OnTrack,169.0,10831.0,100.0,0,8,4,4123.434166666665,0.7666062719914924,44,684.6711111111126,interpolation,0 days 00:01:10.318000,70.318,4424.443,0.0
2024-03-01 17:00:20.216,0 days 01:13:44.543000,6344.0,-106.0,-28.0,OnTrack,172.0,11030.5,97.0,0,8,4,4128.196553861576,0.7674916689071953,44,686.0600000000013,interpolation,0 days 00:01:10.418000,70.418,4424.543,0.0
2024-03-01 17:00:20.316,0 days 01:13:44.643000,6316.150496143643,-128.6108256873146,-28.948997966482537,OnTrack,175.0,11230.0,94.0,0,8,4,4133.156388888888,0.7684137742413164,44,687.44888888889,interpolation,0 days 00:01:10.518000,70.518,4424.643,0.0
2024-03-01 17:00:20.416,0 days 01:13:44.743000,6282.0,-153.0,-30.0,OnTrack,179.33333333333334,11271.666666666666,96.0,0,8,4,4137.643340291337,0.769247963644665,44,687.0340740740749,interpolation,0 days 00:01:10.618000,70.618,4424.743,0.0
2024-03-01 17:00:20.516,0 days 01:13:44.843000,6228.1826556447395,-187.33877358234236,-31.305262089781344,OnTrack,183.66666666666666,11313.333333333334,98.0,0,8,4,4141.9440778129165,0.7700475331842698,44,686.6192592592597,interpolation,0 days 00:01:10.718000,70.718,4424.843,0.0
2024-03-01 17:00:20.616,0 days 01:13:44.943000,6158.526514200366,-229.41991857326096,-32.789388222275214,OnTrack,188.0,11355.0,100.0,0,8,4,4147.77861111111,0.7711322576250516,44,686.2044444444446,interpolation,0 days 00:01:10.818000,70.818,4424.943,0.0
2024-03-01 17:00:20.716,0 days 01:13:45.043000,6096.0,-266.0,-34.0,OnTrack,191.0,11417.5,100.0,0,8,4,4155.433606994427,0.7725554324882902,44,684.7655555555557,pos,0 days 00:01:10.918000,70.918,4425.043,0.0
2024-03-01 17:00:20.816,0 days 01:13:45.143000,6044.431203365584,-294.8717673993496,-34.861700637345216,OnTrack,194.0,11480.0,100.0,0,8,4,4162.8674999999985,0.7739375011167782,44,683.3266666666668,interpolation,0 days 00:01:11.018000,71.018,4425.143,0.0
2024-03-01 17:00:20.916,0 days 01:13:45.243000,6002.690480130768,-316.86962805097914,-35.42578269928922,OnTrack,197.33333333333334,11223.333333333334,100.0,0,8,4,4168.038724664961,0.7748989068533081,44,682.0822222222226,interpolation,0 days 00:01:11.118000,71.118,4425.243,0.0
2024-03-01 17:00:21.016,0 days 01:13:45.343000,5964.0,-337.0,-36.0,OnTrack,200.66666666666666,10966.666666666666,100.0,0,8,4,4171.488871477004,0.7755403392318787,44,680.8377777777783,interpolation,0 days 00:01:11.218000,71.218,4425.343,0.0
2024-03-01 17:00:21.116,0 days 01:13:45.443000,5927.2301303744225,-356.0972819817946,-36.635644579222756,OnTrack,204.0,10710.0,100.0,0,8,4,4176.467499999998,0.7764659385496745,44,679.5933333333342,interpolation,0 days 00:01:11.318000,71.318,4425.443,0.0
2024-03-01 17:00:21.216,0 days 01:13:45.543000,5890.330631292343,-375.25118404972847,-37.32258140786247,OnTrack,208.0,10741.5,100.0,0,8,4,4183.51620626755,0.7777763953717605,44,677.1600000000008,interpolation,0 days 00:01:11.418000,71.418,4425.543,0.0
2024-03-01 17:00:21.316,0 days 01:13:45.643000,5841.0,-401.0,-38.0,OnTrack,212.0,10773.0,100.0,0,8,4,4190.600833333331,0.7790935303917041,44,674.7266666666674,interpolation,0 days 00:01:11.518000,71.518,4425.643,0.0
2024-03-01 17:00:21.416,0 days 01:13:45.743000,5777.187975541133,-434.433451044663,-38.65776522275714,OnTrack,214.5,11016.5,100.0,0,8,4,4195.687224251015,0.7800391643030732,44,672.9600000000005,interpolation,0 days 00:01:11.618000,71.618,4425.743,0.0
2024-03-01 17:00:21.516,0 days 01:13:45.843000,5725.0,-462.0,-39.0,OnTrack,217.0,11260.0,100.0,0,8,5,4200.184999999999,0.7808753661095806,44,671.1933333333336,interpolation,0 days 00:01:11.718000,71.718,4425.843,0.0
2024-03-01 17:00:21.616,0 days 01:13:45.943000,5693.0,-479.0,-39.0,OnTrack,219.66666666666666,11375.0,100.0,0,8,5,4205.503781559677,0.7818642048149403,44,668.8340740740745,pos,0 days 00:01:11.818000,71.818,4425.943,0.0
2024-03-01 17:00:21.716,0 days 01:13:46.043000,5595.0,-529.0,-40.0,OnTrack,222.33333333333334,11490.0,100.0,0,8,5,4211.541417235693,0.7829866889362221,44,666.4748148148152,interpolation,0 days 00:01:11.918000,71.918,4426.043,0.0
2024-03-01 17:00:21.816,0 days 01:13:46.143000,5527.8276559484975,-563.5818848935296,-40.63232413221914,OnTrack,225.0,11605.0,100.0,0,8,5,4217.684999999999,0.7841288701592637,44,664.115555555556,interpolation,0 days 00:01:12.018000,72.018,4426.143,0.0
2024-03-01 17:00:21.916,0 days 01:13:46.243000,5501.416584441928,-577.7722133728124,-40.73799636506869,OnTrack,228.0,11670.5,100.0,0,8,5,4223.832379204264,0.7852717571956074,44,661.31,interpolation,0 days 00:01:12.118000,72.118,4426.243,0.0
2024-03-01 17:00:22.016,0 days 01:13:46.343000,5461.0,-599.0,-41.0,OnTrack,231.0,11736.0,100.0,0,8,5,4230.5183333333325,0.7865147731290313,44,658.5044444444438,interpolation,0 days 00:01:12.218000,72.218,4426.343,0.0
2024-03-01 17:00:22.116,0 days 01:13:46.443000,5397.45015177691,-631.8367237960654,-41.532165004443556,OnTrack,233.0,11456.0,100.0,0,8,5,4238.277640872048,0.7879573410433139,44,655.0711111111109,interpolation,0 days 00:01:12.318000,72.318,4426.443,0.0
2024-03-01 17:00:22.216,0 days 01:13:46.543000,5335.0,-664.0,-42.0,OnTrack,235.0,11176.0,100.0,0,8,5,4246.184999999999,0.7894274338973187,44,651.637777777778,interpolation,0 days 00:01:12.418000,72.418,4426.543,0.0
2024-03-01 17:00:22.316,0 days 01:13:46.643000,5297.882504896611,-683.2074438507948,-42.06901360826996,OnTrack,237.2,11159.8,100.0,0,8,5,4253.31510889677,0.7907530246499089,44,648.8052222222225,interpolation,0 days 00:01:12.518000,72.518,4426.643,0.0
2024-03-01 17:00:22.416,0 days 01:13:46.743000,5242.0,-713.0,-42.0,OnTrack,239.4,11143.6,100.0,0,8,5,4259.6679675623645,0.7919341133010844,44,645.9726666666669,pos,0 days 00:01:12.618000,72.618,4426.743,0.0
2024-03-01 17:00:22.516,0 days 01:13:46.843000,5136.0,-770.0,-42.0,OnTrack,241.6,11127.4,100.0,0,8,5,4265.443188460839,0.7930078107057134,44,643.1401111111114,interpolation,0 days 00:01:12.718000,72.718,4426.843,0.0
2024-03-01 17:00:22.616,0 days 01:13:46.943000,5056.35320030547,-812.695977794874,-41.746495183947026,OnTrack,243.8,11111.2,100.0,0,8,5,4271.838440244483,0.7941967808529605,44,640.3075555555558,interpolation,0 days 00:01:12.818000,72.818,4426.943,0.0
2024-03-01 17:00:22.716,0 days 01:13:47.043000,5010.654150230176,-837.0115963874473,-41.26154271319223,OnTrack,246.0,11095.0,100.0,0,8,5,4279.0533333333315,0.7955381342176804,44,637.4750000000004,interpolation,0 days 00:01:12.918000,72.918,4427.043,0.0
2024-03-01 17:00:22.816,0 days 01:13:47.143000,4968.0,-860.0,-41.0,OnTrack,247.66666666666666,11179.0,100.0,0,8,5,4287.087867727387,0.7970318707998731,44,634.4083333333334,interpolation,0 days 00:01:13.018000,73.018,4427.143,0.0
2024-03-01 17:00:22.916,0 days 01:13:47.243000,4923.2403010229755,-884.503364784254,-41.037676224936746,OnTrack,249.33333333333334,11263.0,100.0,0,8,5,4295.779539861105,0.7986477788276201,44,631.3416666666666,interpolation,0 days 00:01:13.118000,73.118,4427.243,0.0
2024-03-01 17:00:23.016,0 days 01:13:47.343000,4871.0,-913.0,-41.0,OnTrack,251.0,11347.0,100.0,0,8,6,4304.153333333332,0.8002045885975114,44,628.2749999999996,interpolation,0 days 00:01:13.218000,73.218,4427.343,0.0
2024-03-01 17:00:23.116,0 days 01:13:47.443000,4805.904043631972,-947.9682149070295,-40.5123999371873,OnTrack,252.75,11355.5,100.0,0,8,6,4312.046746242551,0.8016720886469952,44,625.969444444444,interpolation,0 days 00:01:13.318000,73.318,4427.443,0.0
2024-03-01 17:00:23.216,0 days 01:13:47.543000,4735.0,-986.0,-40.0,OnTrack,254.5,11364.0,100.0,0,8,6,4319.4597785887645,0.8030502789760716,44,623.6638888888883,interpolation,0 days 00:01:13.418000,73.418,4427.543,0.0
2024-03-01 17:00:23.316,0 days 01:13:47.643000,4665.335437185191,-1023.6873457735692,-39.88792415193946,OnTrack,256.25,11372.5,100.0,0,8,6,4326.386254973928,0.8043380114885952,44,621.3583333333327,interpolation,0 days 00:01:13.518000,73.518,4427.643,0.0
2024-03-01 17:00:23.416,0 days 01:13:47.743000,4597.0,-1061.0,-40.0,OnTrack,258.0,11381.0,100.0,0,8,6,4332.819999999999,0.8055341380884208,44,619.052777777777,interpolation,0 days 00:01:13.618000,73.618,4427.743,0.0
2024-03-01 17:00:23.516,0 days 01:13:47.843000,4530.083333256879,-1097.9077104515547,-40.160055151175946,OnTrack,259.5,11109.5,100.0,0,8,6,4338.761013666978,0.8066386587755487,44,617.3194444444439,interpolation,0 days 00:01:13.718000,73.718,4427.843,0.0
2024-03-01 17:00:23.616,0 days 01:13:47.943000,4463.973626700054,-1134.6873317354518,-40.40985575591902,OnTrack,261.0,10838.0,100.0,0,8,6,4344.419999999998,0.8076907464870676,44,615.5861111111108,interpolation,0 days 00:01:13.818000,73.818,4427.943,0.0
2024-03-01 17:00:23.716,0 days 01:13:48.043000,4395.0,-1173.0,-41.0,OnTrack,262.0,10611.0,100.0,0,8,6,4350.0076630241965,0.8087295741600673,44,613.8083333333325,interpolation,0 days 00:01:13.918000,73.918,4428.043,0.0
2024-03-01 17:00:23.816,0 days 01:13:48.143000,4322.550636635969,-1213.1225726874231,-41.97225446155819,OnTrack,263.0,10384.0,100.0,0,8,6,4356.108888888888,0.8098638806205704,44,612.0305555555542,interpolation,0 days 00:01:14.018000,74.018,4428.143,0.0
2024-03-01 17:00:23.916,0 days 01:13:48.243000,4254.0,-1251.0,-43.0,OnTrack,264.3333333333333,10476.333333333334,100.0,0,8,6,4363.308563743387,0.8112024046945997,44,609.9564814814806,interpolation,0 days 00:01:14.118000,74.118,4428.243,0.0
2024-03-01 17:00:24.016,0 days 01:13:48.343000,4196.722553484131,-1282.577232140009,-43.756617474731875,OnTrack,265.6666666666667,10568.666666666666,100.0,0,8,6,4371.477683783629,0.8127211627022154,44,607.882407407407,interpolation,0 days 00:01:14.218000,74.218,4428.343,0.0
2024-03-01 17:00:24.116,0 days 01:13:48.443000,4148.719709065129,-1308.9841495305045,-44.302499510441514,OnTrack,267.0,10661.0,100.0,0,8,7,4379.842222222221,0.8142762518269975,44,605.8083333333334,interpolation,0 days 00:01:14.318000,74.318,4428.443,0.0
2024-03-01 17:00:24.216,0 days 01:13:48.543000,4098.0,-1337.0,-45.0,OnTrack,268.3333333333333,10714.333333333334,100.0,0,8,7,4388.2731739340925,0.8158436881434121,44,604.0009259259259,interpolation,0 days 00:01:14.418000,74.418,4428.543,0.0
2024-03-01 17:00:24.316,0 days 01:13:48.643000,4042.564858730946,-1367.754652401633,-45.90951094967771,OnTrack,269.6666666666667,10767.666666666666,100.0,0,8,7,4396.614626601891,0.8173944852882649,44,602.1935185185184,interpolation,0 days 00:01:14.518000,74.518,4428.643,0.0
2024-03-01 17:00:24.416,0 days 01:13:48.743000,3981.0,-1402.0,-47.0,OnTrack,271.0,10821.0,100.0,0,8,7,4403.931111111109,0.8187547259728467,44,600.386111111111,interpolation,0 days 00:01:14.618000,74.618,4428.743,0.0
2024-03-01 17:00:24.516,0 days 01:13:48.843000,3911.8911385491924,-1440.4879360596974,-48.240434791492234,OnTrack,271.5,10853.0,100.0,0,8,7,4410.066716740928,0.8198954241307823,44,599.0527777777775,interpolation,0 days 00:01:14.718000,74.718,4428.843,0.0
2024-03-01 17:00:24.616,0 days 01:13:48.943000,3837.233666735562,-1482.0860673834088,-49.61179965595182,OnTrack,272.0,10885.0,100.0,0,8,7,4416.019999999999,0.8210022259131992,44,597.719444444444,interpolation,0 days 00:01:14.818000,74.818,4428.943,0.0
2024-03-01 17:00:24.716,0 days 01:13:49.043000,3769.0,-1520.0,-51.0,OnTrack,273.5,10927.0,100.0,0,8,7,4422.789517396972,0.822260777471225,44,596.1083333333327,interpolation,0 days 00:01:14.918000,74.918,4429.043,0.0
2024-03-01 17:00:24.816,0 days 01:13:49.143000,3709.1855511324684,-1553.0973291163891,-52.38601996071275,OnTrack,275.0,10969.0,100.0,0,8,7,4431.297777777777,0.8238425865914939,44,594.4972222222214,interpolation,0 days 00:01:15.018000,75.018,4429.143,0.0
2024-03-01 17:00:24.916,0 days 01:13:49.243000,3648.0,-1587.0,-54.0,OnTrack,277.0,11022.5,100.0,0,8,7,4442.467289988343,0.82591916106064,44,592.3972222222219,interpolation,0 days 00:01:15.118000,75.118,4429.243,0.0
2024-03-01 17:00:25.016,0 days 01:13:49.343000,3575.6530264696303,-1627.3299579182585,-56.07208057977172,OnTrack,279.0,11076.0,100.0,0,8,7,4452.997777777776,0.8278769316131006,44,590.2972222222224,interpolation,0 days 00:01:15.218000,75.218,4429.343,0.0
2024-03-01 17:00:25.116,0 days 01:13:49.443000,3494.5363262366313,-1672.7236721215822,-58.53664554708458,OnTrack,279.3333333333333,11081.0,100.0,0,8,7,4459.588964895185,0.8291023289833126,44,589.2083333333336,interpolation,0 days 00:01:15.318000,75.318,4429.443,0.0
2024-03-01 17:00:25.216,0 days 01:13:49.543000,3419.0,-1715.0,-61.0,OnTrack,279.6666666666667,11086.0,100.0,0,8,7,4463.430959203935,0.8298166115000198,44,588.1194444444449,pos,0 days 00:01:15.418000,75.418,4429.543,0.0
2024-03-01 17:00:25.316,0 days 01:13:49.643000,3351.4357189641705,-1752.7954247664143,-63.3965284574806,OnTrack,280.0,11091.0,100.0,0,8,7,4471.664444444443,0.8313473359327626,44,587.030555555556,interpolation,0 days 00:01:15.518000,75.518,4429.643,0.0
2024-03-01 17:00:25.416,0 days 01:13:49.743000,3283.0,-1791.0,-66.0,OnTrack,281.0,11210.0,100.0,0,8,7,4484.153333333332,0.8336692016799648,44,584.9861111111113,interpolation,0 days 00:01:15.618000,75.618,4429.743,0.0
2024-03-01 17:00:25.516,0 days 01:13:49.843000,3204.849359978346,-1834.5037792799344,-69.08418370803179,OnTrack,281.6666666666667,11204.0,100.0,0,8,7,4492.940341128354,0.8353028339911476,44,584.0083333333338,interpolation,0 days 00:01:15.718000,75.718,4429.843,0.0
2024-03-01 17:00:25.616,0 days 01:13:49.943000,3132.0,-1875.0,-72.0,OnTrack,282.3333333333333,11198.0,100.0,0,8,7,4497.542571737568,0.8361584554725565,44,583.0305555555564,interpolation,0 days 00:01:15.818000,75.818,4429.943,0.0
2024-03-01 17:00:25.716,0 days 01:13:50.043000,3079.4681211657553,-1904.1818995539797,-74.09836929432862,OnTrack,283.0,11192.0,100.0,0,8,7,4503.019999999998,0.8371767889030515,44,582.0527777777788,interpolation,0 days 00:01:15.918000,75.918,4430.043,0.0
2024-03-01 17:00:25.816,0 days 01:13:50.143000,3041.2140988765373,-1925.4269402841312,-75.61898334063736,OnTrack,284.0,11248.0,100.0,0,8,7,4510.21595937333,0.8385146222151939,44,580.9138888888897,interpolation,0 days 00:01:16.018000,76.018,4430.143,0.0
2024-03-01 17:00:25.916,0 days 01:13:50.243000,2981.0,-1959.0,-78.0,OnTrack,285.0,11304.0,100.0,0,8,7,4518.853333333332,0.8401204354241933,44,579.7750000000005,pos,0 days 00:01:16.118000,76.118,4430.243,0.0
2024-03-01 17:00:26.016,0 days 01:13:50.343000,2892.7861380909985,-2008.2785756292367,-81.48111347649234,OnTrack,285.5,11313.5,100.0,0,8,7,4528.655005355769,0.84194270854526,44,578.5416666666665,interpolation,0 days 00:01:16.218000,76.218,4430.343,0.0
2024-03-01 17:00:26.116,0 days 01:13:50.443000,2784.0881915612263,-2069.0457333749982,-85.75747485391516,OnTrack,286.0,11323.0,100.0,0,8,7,4537.919999999999,0.8436652055507052,44,577.3083333333325,interpolation,0 days 00:01:16.318000,76.318,4430.443,0.0
2024-03-01 17:00:26.216,0 days 01:13:50.543000,2700.0,-2116.0,-89.0,OnTrack,286.6666666666667,11355.333333333334,100.0,0,8,7,4544.947341825379,0.8449716904128413,44,576.441666666666,interpolation,0 days 00:01:16.418000,76.418,4430.543,0.0
2024-03-01 17:00:26.316,0 days 01:13:50.643000,2648.037164858863,-2144.924484888582,-90.90384312018463,OnTrack,287.3333333333333,11387.666666666666,100.0,0,8,7,4550.27380299524,0.8459619568692195,44,575.5749999999995,interpolation,0 days 00:01:16.518000,76.518,4430.643,0.0
2024-03-01 17:00:26.416,0 days 01:13:50.743000,2620.8122042608547,-2159.9653839487364,-91.72506075347604,OnTrack,288.0,11420.0,100.0,0,8,7,4557.119999999999,0.8472347642795003,44,574.708333333333,interpolation,0 days 00:01:16.618000,76.618,4430.743,0.0
2024-03-01 17:00:26.516,0 days 01:13:50.843000,2574.0,-2186.0,-93.0,OnTrack,288.6666666666667,11445.0,100.0,0,8,7,4566.022699506471,0.8488899053593526,44,573.608333333333,pos,0 days 00:01:16.718000,76.718,4430.843,0.0
2024-03-01 17:00:26.616,0 days 01:13:50.943000,2500.2129945511388,-2227.174571407631,-94.98472002079595,OnTrack,289.3333333333333,11470.0,100.0,0,8,7,4576.551057871437,0.8508472800208912,44,572.5083333333329,interpolation,0 days 00:01:16.818000,76.818,4430.943,0.0
2024-03-01 17:00:26.716,0 days 01:13:51.043000,2403.371803508882,-2281.2731372420635,-97.55883125102402,OnTrack,290.0,11495.0,100.0,0,8,7,4586.119999999999,0.8526262852761177,44,571.4083333333328,interpolation,0 days 00:01:16.918000,76.918,4431.043,0.0
2024-03-01 17:00:26.816,0 days 01:13:51.143000,2307.0,-2335.0,-100.0,OnTrack,290.0,11498.5,100.0,0,8,7,4594.298677837081,0.8541468202169177,44,570.6027777777772,interpolation,0 days 00:01:17.018000,77.018,4431.143,0.0
2024-03-01 17:00:26.916,0 days 01:13:51.243000,2215.018159472206,-2386.1392214431994,-102.18783793566692,OnTrack,290.0,11502.0,100.0,0,8,7,4602.23111111111,0.855621574718683,44,569.7972222222215,interpolation,0 days 00:01:17.118000,77.118,4431.243,0.0
2024-03-01 17:00:27.016,0 days 01:13:51.343000,2127.4262819255014,-2434.6908015716617,-104.12234505802473,OnTrack,290.6666666666667,11506.666666666666,100.0,0,8,7,4611.0613195505175,0.8572632386568062,44,568.9675925925918,interpolation,0 days 00:01:17.218000,77.218,4431.343,0.0
2024-03-01 17:00:27.116,0 days 01:13:51.443000,2048.1212634160456,-2478.6469809142936,-105.7456796513702,OnTrack,291.3333333333333,11511.333333333334,100.0,0,8,7,4620.430591346591,0.8590051222985838,44,568.1379629629622,interpolation,0 days 00:01:17.318000,77.318,4431.443,0.0
2024-03-01 17:00:27.216,0 days 01:13:51.543000,1981.0,-2516.0,-107.0,OnTrack,292.0,11516.0,100.0,0,8,7,4628.186666666666,0.8604470892964985,44,567.3083333333325,interpolation,0 days 00:01:17.418000,77.418,4431.543,0.0
2024-03-01 17:00:27.316,0 days 01:13:51.643000,1926.0624916773647,-2546.7498588287817,-107.88530610391413,OnTrack,292.6666666666667,11539.0,100.0,0,8,7,4633.97083737522,0.8615224506007463,44,566.7305555555544,interpolation,0 days 00:01:17.518000,77.518,4431.643,0.0
2024-03-01 17:00:27.416,0 days 01:13:51.743000,1880.2266667113881,-2572.6254297532255,-108.45172272784222,OnTrack,293.3333333333333,11562.0,100.0,0,8,7,4638.690122788384,0.8623998342695084,44,566.1527777777761,interpolation,0 days 00:01:17.618000,77.618,4431.743,0.0
2024-03-01 17:00:27.516,0 days 01:13:51.843000,1825.0,-2604.0,-109.0,OnTrack,294.0,11585.0,100.0,0,8,7,4647.786666666666,0.8640910138321435,44,565.574999999998,interpolation,0 days 00:01:17.718000,77.718,4431.843,0.0
2024-03-01 17:00:27.616,0 days 01:13:51.943000,1757.3003882458715,-2642.6024596254347,-109.58026319839728,OnTrack,294.0,11589.0,100.0,0,8,7,4660.853333333333,0.8665202968559068,44,564.5083333333323,interpolation,0 days 00:01:17.818000,77.818,4431.943,0.0
2024-03-01 17:00:27.716,0 days 01:13:52.043000,1683.0,-2685.0,-110.0,OnTrack,294.3333333333333,11608.333333333334,100.0,0,8,7,4670.005096732358,0.8682217425290766,44,563.9972222222214,interpolation,0 days 00:01:17.918000,77.918,4432.043,0.0
2024-03-01 17:00:27.816,0 days 01:13:52.143000,1607.9710038133826,-2727.759812494165,-110.06669808177415,OnTrack,294.6666666666667,11627.666666666666,100.0,0,8,7,4674.805400517573,0.8691141886893567,44,563.4861111111104,interpolation,0 days 00:01:18.018000,78.018,4432.143,0.0
2024-03-01 17:00:27.916,0 days 01:13:52.243000,1541.0,-2766.0,-110.0,OnTrack,295.0,11647.0,100.0,0,8,7,4680.519999999999,0.8701766156926932,44,562.9749999999995,interpolation,0 days 00:01:18.118000,78.118,4432.243,0.0
2024-03-01 17:00:28.016,0 days 01:13:52.343000,1490.8735888738336,-2794.838665409571,-110.01954831095787,OnTrack,295.3333333333333,11647.333333333334,100.0,0,8,7,4688.026525558258,0.8715721877671415,44,562.3824074074064,interpolation,0 days 00:01:18.218000,78.218,4432.343,0.0
2024-03-01 17:00:28.116,0 days 01:13:52.443000,1442.0,-2823.0,-110.0,OnTrack,295.6666666666667,11647.666666666666,100.0,0,8,7,4697.148949503604,0.8732681788099477,44,561.7898148148133,pos,0 days 00:01:18.318000,78.318,4432.443,0.0
2024-03-01 17:00:28.216,0 days 01:13:52.543000,1378.7874629436164,-2859.2081950484057,-109.81601205247865,OnTrack,296.0,11648.0,100.0,0,8,7,4706.831111111111,0.875068233209931,44,561.1972222222203,interpolation,0 days 00:01:18.418000,78.418,4432.543,0.0
2024-03-01 17:00:28.316,0 days 01:13:52.643000,1301.7531412162398,-2903.1560087817247,-109.4726159024849,OnTrack,296.0,11649.5,100.0,0,8,7,4716.896984494548,0.8769396251994516,44,560.6329166666651,interpolation,0 days 00:01:18.518000,78.518,4432.643,0.0
2024-03-01 17:00:28.416,0 days 01:13:52.743000,1214.0,-2953.0,-109.0,OnTrack,296.0,11651.0,100.0,0,8,7,4726.482222222221,0.8787216600431178,44,560.0686111111099,interpolation,0 days 00:01:18.618000,78.618,4432.743,0.0
2024-03-01 17:00:28.516,0 days 01:13:52.843000,1116.0451975107271,-3008.432930076309,-108.40319572759343,OnTrack,296.0,11649.0,100.0,0,8,7,4734.72247686244,0.8802536430055392,44,559.7315740740729,interpolation,0 days 00:01:18.718000,78.718,4432.843,0.0
2024-03-01 17:00:28.616,0 days 01:13:52.943000,1029.0,-3058.0,-108.0,OnTrack,296.0,11647.0,100.0,0,8,7,4741.877348369536,0.8815838374868705,44,559.394537037036,interpolation,0 days 00:01:18.818000,78.818,4432.943,0.0
2024-03-01 17:00:28.716,0 days 01:13:53.043000,967.0,-3094.0,-108.0,OnTrack,296.0,11645.0,100.0,0,8,7,4749.504444444443,0.8830018253707006,44,559.057499999999,interpolation,0 days 00:01:18.918000,78.918,4433.043,0.0
2024-03-01 17:00:28.816,0 days 01:13:53.143000,888.191369486304,-3138.954350203894,-107.75394066005762,OnTrack,295.5,11651.5,50.0,0,8,7,4757.863367699809,0.8845558705514048,44,558.7797222222216,interpolation,0 days 00:01:19.018000,79.018,4433.143,0.0
2024-03-01 17:00:28.916,0 days 01:13:53.243000,791.9072599203837,-3193.1736170368645,-107.24261165020813,OnTrack,295.0,11658.0,0.0,0,8,7,4765.893333333332,0.8860487577346894,44,558.5019444444442,interpolation,0 days 00:01:19.118000,79.118,4433.243,0.0
2024-03-01 17:00:29.016,0 days 01:13:53.343000,716.0,-3236.0,-107.0,OnTrack,286.0,11156.666666666666,0.0,0,8,7,4772.533556542709,0.8872832716262614,44,558.9259259259258,interpolation,0 days 00:01:19.218000,79.218,4433.343,0.0
2024-03-01 17:00:29.116,0 days 01:13:53.443000,666.7782788741811,-3263.9905499714414,-107.11510309202313,OnTrack,277.0,10655.333333333334,0.0,0,8,7,4778.027334686774,0.8883046447371057,44,559.3499074074074,interpolation,0 days 00:01:19.318000,79.318,4433.443,0.0
2024-03-01 17:00:29.216,0 days 01:13:53.543000,638.9763975158814,-3279.982573828788,-107.5414262513396,OnTrack,268.0,10154.0,0.0,1,8,7,4783.834444444443,0.8893842707435929,44,559.7738888888889,interpolation,0 days 00:01:19.418000,79.418,4433.543,0.0
2024-03-01 17:00:29.316,0 days 01:13:53.643000,601.0,-3301.0,-108.0,OnTrack,246.5,10266.0,0.0,1,8,7,4790.198180683193,0.8905673816935293,44,561.5516666666667,interpolation,0 days 00:01:19.518000,79.518,4433.643,0.0
2024-03-01 17:00:29.416,0 days 01:13:53.743000,547.5833333784572,-3329.8801644168484,-108.44432918695853,OnTrack,225.0,10378.0,0.0,1,8,7,4796.334444444443,0.8917082022076522,44,563.3294444444446,interpolation,0 days 00:01:19.618000,79.618,4433.743,0.0
2024-03-01 17:00:29.516,0 days 01:13:53.843000,482.45650007013813,-3364.59764816732,-108.84216327149254,OnTrack,214.25,10237.75,0.0,1,8,7,4801.459136769615,0.8926609569066996,44,566.4127777777776,interpolation,0 days 00:01:19.718000,79.718,4433.843,0.0
2024-03-01 17:00:29.616,0 days 01:13:53.943000,428.0,-3393.0,-109.0,OnTrack,203.5,10097.5,0.0,1,8,7,4805.572257658707,0.8934256457906707,44,569.4961111111106,interpolation,0 days 00:01:19.818000,79.818,4433.943,0.0
2024-03-01 17:00:29.716,0 days 01:13:54.043000,387.943897390875,-3413.0618217430583,-108.88558916200223,OnTrack,192.75,9957.25,0.0,1,8,7,4810.122027496223,0.8942715140530412,44,572.5794444444437,interpolation,0 days 00:01:19.918000,79.918,4434.043,0.0
2024-03-01 17:00:29.816,0 days 01:13:54.143000,357.3956662142351,-3426.6537875712042,-108.6278164524022,OnTrack,182.0,9817.0,0.0,1,8,7,4816.5566666666655,0.895467806887286,44,575.6627777777767,interpolation,0 days 00:01:20.018000,80.018,4434.143,0.0
2024-03-01 17:00:29.916,0 days 01:13:54.243000,307.0,-3445.0,-109.0,OnTrack,173.0,9817.0,0.0,1,8,7,4824.245555555554,0.8968972829522895,44,581.0405555555553,pos,0 days 00:01:20.118000,80.118,4434.243,0.0
2024-03-01 17:00:30.016,0 days 01:13:54.343000,237.0,-3468.0,-110.0,OnTrack,167.0,9590.333333333334,0.0,1,8,6,4829.40499584857,0.8978564978029996,44,584.1516666666663,interpolation,0 days 00:01:20.218000,80.218,4434.343,0.0
2024-03-01 17:00:30.116,0 days 01:13:54.443000,178.2098882632703,-3483.826812857458,-110.84165151027531,OnTrack,161.0,9363.666666666666,0.0,1,8,6,4831.886064667668,0.8983177645144552,44,587.2627777777774,interpolation,0 days 00:01:20.318000,80.318,4434.443,0.0
2024-03-01 17:00:30.216,0 days 01:13:54.543000,134.02467631353903,-3491.3928897326277,-111.43205684190133,OnTrack,155.0,9137.0,0.0,1,8,5,4834.578888888887,0.8988183996292451,44,590.3738888888884,interpolation,0 days 00:01:20.418000,80.418,4434.543,0.0
2024-03-01 17:00:30.316,0 days 01:13:54.643000,94.0,-3496.0,-112.0,OnTrack,151.5,8969.5,0.0,1,8,5,4837.9651538586695,0.8994479554459587,44,594.4572222222214,interpolation,0 days 00:01:20.518000,80.518,4434.643,0.0
2024-03-01 17:00:30.416,0 days 01:13:54.743000,56.39512305164632,-3498.5317764128413,-112.5836118473211,OnTrack,148.0,8802.0,0.0,1,8,4,4842.80111111111,0.900347030103382,44,598.5405555555544,interpolation,0 days 00:01:20.618000,80.618,4434.743,0.0
2024-03-01 17:00:30.516,0 days 01:13:54.843000,22.0,-3500.0,-113.0,OnTrack,145.0,8553.0,0.0,1,8,4,4849.245555555554,0.901545145880408,44,605.1627777777767,interpolation,0 days 00:01:20.718000,80.718,4434.843,0.0
2024-03-01 17:00:30.616,0 days 01:13:54.943000,-8.39541462341693,-3501.416451790325,-113.06627207417213,OnTrack,143.0,8409.0,0.0,1,8,4,4853.713765797305,0.9023758510299149,44,609.4127777777771,interpolation,0 days 00:01:20.818000,80.818,4434.943,0.0
2024-03-01 17:00:30.716,0 days 01:13:55.043000,-34.79112081860446,-3502.7811317838177,-112.78242806983751,OnTrack,141.0,8265.0,0.0,1,8,4,4857.078888888887,0.9030014762645519,44,613.6627777777776,interpolation,0 days 00:01:20.918000,80.918,4435.043,0.0
2024-03-01 17:00:30.816,0 days 01:13:55.143000,-65.79126660448975,-3499.2552458854007,-113.10737003058411,OnTrack,139.0,8116.5,0.0,1,8,4,4860.811522389653,0.9036954270194504,44,618.0516666666663,interpolation,0 days 00:01:21.018000,81.018,4435.143,0.0
2024-03-01 17:00:30.916,0 days 01:13:55.243000,-110.0,-3486.0,-115.0,OnTrack,137.0,7968.0,0.0,0,8,4,4864.689999999999,0.9044164923115569,44,622.440555555555,interpolation,0 days 00:01:21.118000,81.118,4435.243,0.0
2024-03-01 17:00:31.016,0 days 01:13:55.343000,-163.0,-3465.0,-118.0,OnTrack,136.33333333333334,7974.666666666667,1.0,0,8,4,4868.49265542032,0.9051234611578176,44,626.5887037037028,interpolation,0 days 00:01:21.218000,81.218,4435.343,0.0
2024-03-01 17:00:31.116,0 days 01:13:55.443000,-198.28720487311455,-3448.1629420870213,-119.34544802105697,OnTrack,135.66666666666666,7981.333333333333,2.0,0,8,4,4872.143877315767,0.9058022763134247,44,630.7368518518506,interpolation,0 days 00:01:21.318000,81.318,4435.443,0.0
2024-03-01 17:00:31.216,0 days 01:13:55.543000,-215.16966560642155,-3435.703288375131,-118.94360677770466,OnTrack,135.0,7988.0,3.0,0,8,4,4875.189999999999,0.9063685947413667,44,634.8849999999984,interpolation,0 days 00:01:21.418000,81.418,4435.543,0.0
2024-03-01 17:00:31.316,0 days 01:13:55.643000,-236.0,-3417.0,-119.0,OnTrack,134.0,8224.0,31.500000000000004,0,8,4,4877.555412912423,0.9068083593407806,44,638.4849999999992,interpolation,0 days 00:01:21.518000,81.518,4435.643,0.0
2024-03-01 17:00:31.416,0 days 01:13:55.743000,-264.5036634281296,-3390.282894754271,-119.88221685833597,OnTrack,133.0,8460.0,60.0,0,8,4,4881.101111111109,0.9074675561092594,44,642.085,interpolation,0 days 00:01:21.618000,81.618,4435.743,0.0
2024-03-01 17:00:31.516,0 days 01:13:55.843000,-296.0,-3358.0,-121.0,OnTrack,135.0,8433.0,51.0,0,8,4,4887.101111111109,0.9085830432120079,44,649.1961111111104,interpolation,0 days 00:01:21.718000,81.718,4435.843,0.0
2024-03-01 17:00:31.616,0 days 01:13:55.943000,-325.80835382480126,-3322.599343099245,-121.76309207227956,OnTrack,136.75,8555.5,53.75,0,8,4,4892.033559686207,0.9095000570070899,44,652.8961111111105,interpolation,0 days 00:01:21.818000,81.818,4435.943,0.0
2024-03-01 17:00:31.716,0 days 01:13:56.043000,-345.0,-3298.0,-122.0,OnTrack,138.5,8678.0,56.5,0,8,4,4895.31148430401,0.9101094707795802,44,656.5961111111105,interpolation,0 days 00:01:21.918000,81.918,4436.043,0.0
2024-03-01 17:00:31.816,0 days 01:13:56.143000,-354.0,-3285.0,-122.0,OnTrack,140.25,8800.5,59.25,0,8,4,4898.034222325364,0.9106156673040775,44,660.2961111111106,pos,0 days 00:01:22.018000,82.018,4436.143,0.0
2024-03-01 17:00:31.916,0 days 01:13:56.243000,-399.0,-3219.0,-124.0,OnTrack,142.0,8923.0,62.0,0,8,4,4901.301111111109,0.9112230293551792,44,663.9961111111106,interpolation,0 days 00:01:22.118000,82.118,4436.243,0.0
2024-03-01 17:00:32.016,0 days 01:13:56.343000,-429.7660306361854,-3171.64242429264,-125.29445834643494,OnTrack,145.25,9133.0,67.0,0,8,4,4905.112150661244,0.9119315569328861,44,667.7461111111106,interpolation,0 days 00:01:22.218000,82.218,4436.343,0.0
2024-03-01 17:00:32.116,0 days 01:13:56.443000,-439.94435631402933,-3151.5837681555895,-125.55748133585992,OnTrack,148.5,9343.0,72.0,0,8,4,4909.4673409757725,0.9127412500371976,44,671.4961111111106,interpolation,0 days 00:01:22.318000,82.318,4436.443,0.0
2024-03-01 17:00:32.216,0 days 01:13:56.543000,-451.0,-3126.0,-126.0,OnTrack,151.75,9553.0,77.0,0,8,4,4914.044971913524,0.913592298082565,44,675.2461111111106,interpolation,0 days 00:01:22.418000,82.418,4436.543,0.0
2024-03-01 17:00:32.316,0 days 01:13:56.643000,-466.51044720505377,-3089.4204759041913,-126.82383514415,OnTrack,155.0,9763.0,82.0,0,8,4,4918.523333333332,0.9144248904834387,44,678.9961111111106,interpolation,0 days 00:01:22.518000,82.518,4436.643,0.0
2024-03-01 17:00:32.416,0 days 01:13:56.743000,-485.4872843949414,-3044.148059130816,-127.96060312700689,OnTrack,160.0,9970.5,91.0,0,8,4,4922.902425235198,0.9152390272398189,44,682.4683333333323,interpolation,0 days 00:01:22.618000,82.618,4436.743,0.0
2024-03-01 17:00:32.516,0 days 01:13:56.843000,-502.0,-3004.0,-129.0,OnTrack,165.0,10178.0,100.0,0,8,4,4927.689999999999,0.9161291068904155,44,685.940555555554,interpolation,0 days 00:01:22.718000,82.718,4436.843,0.0
2024-03-01 17:00:32.616,0 days 01:13:56.943000,-515.0601703645743,-2971.2791853558388,-129.87364142157435,OnTrack,169.0,10479.333333333334,100.0,0,8,4,4933.393810008614,0.9171895279739384,44,688.6072222222207,interpolation,0 days 00:01:22.818000,82.818,4436.943,0.0
2024-03-01 17:00:32.716,0 days 01:13:57.043000,-524.667795488664,-2945.9856151983313,-130.58152739172988,OnTrack,173.0,10780.666666666666,100.0,0,8,4,4939.773839357648,0.9183756680496058,44,691.2738888888874,interpolation,0 days 00:01:22.918000,82.918,4437.043,0.0
2024-03-01 17:00:32.816,0 days 01:13:57.143000,-533.6915228684217,-2910.1992374416586,-131.49864966602047,OnTrack,177.0,11082.0,100.0,0,8,4,4945.3899999999985,0.9194197938435235,44,693.940555555554,interpolation,0 days 00:01:23.018000,83.018,4437.143,0.0
2024-03-01 17:00:32.916,0 days 01:13:57.243000,-545.0,-2846.0,-133.0,OnTrack,181.0,11160.666666666666,100.0,0,8,4,4950.002278490023,0.9202772833718411,44,695.3183333333321,interpolation,0 days 00:01:23.118000,83.118,4437.243,0.0
2024-03-01 17:00:33.016,0 days 01:13:57.343000,-558.5932268833988,-2753.387902873355,-135.0855783936684,OnTrack,185.0,11239.333333333334,100.0,0,8,4,4953.807875375374,0.9209847990791526,44,696.6961111111101,interpolation,0 days 00:01:23.218000,83.218,4437.343,0.0
2024-03-01 17:00:33.116,0 days 01:13:57.443000,-570.0,-2670.0,-137.0,OnTrack,189.0,11318.0,100.0,0,8,4,4957.989999999998,0.9217623167592951,44,698.0738888888882,interpolation,0 days 00:01:23.318000,83.318,4437.443,0.0
2024-03-01 17:00:33.216,0 days 01:13:57.543000,-574.7491158311859,-2633.473345318211,-137.98787997196894,OnTrack,192.0,11359.0,100.0,0,8,4,4962.745854930897,0.9226464992322885,44,699.184999999999,interpolation,0 days 00:01:23.418000,83.418,4437.543,0.0
2024-03-01 17:00:33.316,0 days 01:13:57.643000,-573.9212029946772,-2633.029704201814,-138.2509951079912,OnTrack,195.0,11400.0,100.0,0,8,4,4968.075440168066,0.923637346498132,44,700.2961111111099,interpolation,0 days 00:01:23.518000,83.518,4437.643,0.0
2024-03-01 17:00:33.416,0 days 01:13:57.743000,-574.0,-2604.0,-139.0,OnTrack,198.0,11441.0,100.0,0,8,4,4973.945638654536,0.9247287016151703,44,701.4072222222208,interpolation,0 days 00:01:23.618000,83.618,4437.743,0.0
2024-03-01 17:00:33.516,0 days 01:13:57.843000,-576.0661243992943,-2535.606108455152,-140.43666938022739,OnTrack,201.0,11482.0,100.0,0,8,4,4980.323333333332,0.9259144076417477,44,702.5183333333316,interpolation,0 days 00:01:23.718000,83.718,4437.843,0.0
2024-03-01 17:00:33.616,0 days 01:13:57.943000,-578.0,-2458.0,-142.0,OnTrack,204.5,11182.5,100.0,0,8,4,4987.208524204454,0.9271944645778643,44,703.3849999999984,interpolation,0 days 00:01:23.818000,83.818,4437.943,0.0
2024-03-01 17:00:33.716,0 days 01:13:58.043000,-577.6820506095572,-2401.3336450672764,-143.12898861064443,OnTrack,208.0,10883.0,100.0,0,8,4,4994.189999999999,0.9284924222792108,44,704.2516666666652,interpolation,0 days 00:01:23.918000,83.918,4438.043,0.0
2024-03-01 17:00:33.816,0 days 01:13:58.143000,-576.0,-2353.0,-144.0,OnTrack,211.0,11008.0,100.0,0,8,4,5000.856549452061,0.9297318306014791,44,704.5775925925913,interpolation,0 days 00:01:24.018000,84.018,4438.143,0.0
2024-03-01 17:00:33.916,0 days 01:13:58.243000,-573.8415719433625,-2300.3920211411905,-144.78939895590597,OnTrack,214.0,11133.0,100.0,0,8,4,5007.234174823078,0.9309175237427345,44,704.9035185185172,interpolation,0 days 00:01:24.118000,84.118,4438.243,0.0
2024-03-01 17:00:34.016,0 days 01:13:58.343000,-571.206766439645,-2243.5097084908493,-145.49718547836238,OnTrack,217.0,11258.0,100.0,0,8,5,5013.478888888887,0.9320785067428613,44,705.2294444444433,interpolation,0 days 00:01:24.218000,84.218,4438.343,0.0
2024-03-01 17:00:34.116,0 days 01:13:58.443000,-568.4685777161048,-2187.372541595083,-146.2063792616376,OnTrack,219.5,11393.0,100.0,0,8,5,5019.616693645662,0.9332196137504232,44,705.2849999999985,interpolation,0 days 00:01:24.318000,84.318,4438.443,0.0
2024-03-01 17:00:34.216,0 days 01:13:58.543000,-566.0,-2137.0,-147.0,OnTrack,222.0,11528.0,100.0,0,8,5,5025.812222222221,0.9343714524540665,44,705.3405555555537,pos,0 days 00:01:24.418000,84.418,4438.543,0.0
2024-03-01 17:00:34.316,0 days 01:13:58.643000,-563.8010332913301,-2092.3920837056003,-147.87804769344953,OnTrack,224.0,11642.0,100.0,0,8,5,5032.230107747384,0.935564630542439,44,705.1738888888872,interpolation,0 days 00:01:24.518000,84.518,4438.643,0.0
2024-03-01 17:00:34.416,0 days 01:13:58.743000,-560.0,-2025.0,-149.0,OnTrack,226.0,11756.0,100.0,0,8,5,5038.367777777777,0.9367057125024105,44,705.0072222222207,pos,0 days 00:01:24.618000,84.618,4438.743,0.0
2024-03-01 17:00:34.516,0 days 01:13:58.843000,-552.7252225359148,-1906.2749561713176,-150.52533457766518,OnTrack,229.0,11790.5,100.0,0,8,5,5043.7226598700245,0.9377012628208508,44,704.6516666666648,interpolation,0 days 00:01:24.718000,84.718,4438.843,0.0
2024-03-01 17:00:34.616,0 days 01:13:58.943000,-545.0,-1783.0,-152.0,OnTrack,232.0,11825.0,100.0,0,8,5,5048.678888888888,0.9386226977456523,44,704.296111111109,interpolation,0 days 00:01:24.818000,84.818,4438.943,0.0
2024-03-01 17:00:34.716,0 days 01:13:59.043000,-539.847631493182,-1701.9581792664965,-152.96994484055944,OnTrack,234.0,11456.0,100.0,0,8,5,5053.620599699128,0.9395414335247081,44,703.6738888888867,interpolation,0 days 00:01:24.918000,84.918,4439.043,0.0
2024-03-01 17:00:34.816,0 days 01:13:59.143000,-537.2681170154608,-1663.1494939708064,-153.43516909934348,OnTrack,236.0,11087.0,100.0,0,8,5,5058.962183475868,0.9405345114932422,44,703.0516666666645,interpolation,0 days 00:01:25.018000,85.018,4439.143,0.0
2024-03-01 17:00:34.916,0 days 01:13:59.243000,-535.8045440300091,-1641.5160616897128,-153.68280880845577,OnTrack,238.0,10718.0,100.0,0,8,5,5067.189999999999,0.942064182029317,44,702.4294444444422,interpolation,0 days 00:01:25.118000,85.118,4439.243,0.0
2024-03-01 17:00:35.016,0 days 01:13:59.343000,-534.0,-1612.0,-154.0,OnTrack,240.0,10880.0,100.0,0,8,5,5077.789999999999,0.9440348759108392,44,701.148611111109,interpolation,0 days 00:01:25.218000,85.218,4439.343,0.0
2024-03-01 17:00:35.116,0 days 01:13:59.443000,-531.8544849254333,-1574.6013089016665,-154.38674267397613,OnTrack,242.0,10949.0,100.0,0,8,5,5085.191486813775,0.9454109197578275,44,700.2374999999978,interpolation,0 days 00:01:25.318000,85.318,4439.443,0.0
2024-03-01 17:00:35.216,0 days 01:13:59.543000,-528.0,-1505.0,-155.0,OnTrack,244.0,11018.0,100.0,0,8,5,5089.196719495285,0.9461555506577829,44,699.3263888888865,pos,0 days 00:01:25.418000,85.418,4439.543,0.0
2024-03-01 17:00:35.316,0 days 01:13:59.643000,-521.0685464173907,-1378.876084900287,-155.99673514768747,OnTrack,246.0,11087.0,100.0,0,8,6,5094.189999999999,0.9470838739916849,44,698.4152777777754,interpolation,0 days 00:01:25.518000,85.518,4439.643,0.0
2024-03-01 17:00:35.416,0 days 01:13:59.743000,-514.0,-1250.0,-157.0,OnTrack,246.5,11145.5,100.0,0,8,6,5100.902049061769,0.9483317413519214,44,697.1652777777754,interpolation,0 days 00:01:25.618000,85.618,4439.743,0.0
2024-03-01 17:00:35.516,0 days 01:13:59.843000,-509.7342365702225,-1172.1421816966115,-157.63284643989894,OnTrack,247.0,11204.0,100.0,0,8,6,5107.912222222221,0.9496350343100078,44,695.9152777777754,interpolation,0 days 00:01:25.718000,85.718,4439.843,0.0
2024-03-01 17:00:35.616,0 days 01:13:59.943000,-508.2712561280583,-1145.3026299901219,-157.8952744673844,OnTrack,249.33333333333334,11264.333333333334,100.0,0,8,6,5113.799875022982,0.9507296344374593,44,694.4062037037011,interpolation,0 days 00:01:25.818000,85.818,4439.943,0.0
2024-03-01 17:00:35.716,0 days 01:14:00.043000,-507.172647621865,-1125.3117632885712,-157.96006526117765,OnTrack,251.66666666666666,11324.666666666666,100.0,0,8,6,5119.179533315838,0.9517297910112716,44,692.8971296296268,interpolation,0 days 00:01:25.918000,85.918,4440.043,0.0
2024-03-01 17:00:35.816,0 days 01:14:00.143000,-504.0,-1068.0,-158.0,OnTrack,254.0,11385.0,100.0,0,8,6,5127.738333333333,0.9533209961836916,44,691.3880555555525,interpolation,0 days 00:01:26.018000,86.018,4440.143,0.0
2024-03-01 17:00:35.916,0 days 01:14:00.243000,-498.7533132624635,-973.3673401244082,-158.01507868385147,OnTrack,255.0,11461.0,100.0,0,8,6,5139.071666666666,0.9554280273777719,44,688.6324999999979,interpolation,0 days 00:01:26.118000,86.118,4440.243,0.0
2024-03-01 17:00:36.016,0 days 01:14:00.343000,-493.0,-869.0,-158.0,OnTrack,257.0,11515.5,100.0,0,8,6,5147.064796816075,0.9569140663098145,44,686.7158333333309,pos,0 days 00:01:26.218000,86.218,4440.343,0.0
2024-03-01 17:00:36.116,0 days 01:14:00.443000,-488.30747280335424,-782.484195964979,-157.94946263571347,OnTrack,259.0,11570.0,100.0,0,8,6,5153.4605555555545,0.9581031307075112,44,684.799166666664,interpolation,0 days 00:01:26.318000,86.318,4440.443,0.0
2024-03-01 17:00:36.216,0 days 01:14:00.543000,-484.6757316725261,-713.8199280193453,-157.86346659099195,OnTrack,260.0,11305.0,100.0,0,8,6,5161.020892191165,0.9595087070424213,44,682.5473148148125,interpolation,0 days 00:01:26.418000,86.418,4440.543,0.0
2024-03-01 17:00:36.316,0 days 01:14:00.643000,-481.706124705435,-657.745696064039,-157.84573725077445,OnTrack,261.0,11040.0,100.0,0,8,6,5169.425155105492,0.9610711815239277,44,680.2954629629609,interpolation,0 days 00:01:26.518000,86.518,4440.643,0.0
2024-03-01 17:00:36.416,0 days 01:14:00.743000,-479.0,-609.0,-158.0,OnTrack,262.0,10775.0,100.0,0,8,6,5176.749444444443,0.9624328732396606,44,678.0436111111094,interpolation,0 days 00:01:26.618000,86.618,4440.743,0.0
2024-03-01 17:00:36.516,0 days 01:14:00.843000,-476.5573575562212,-567.5828398272286,-158.32625483866866,OnTrack,263.0,10656.0,100.0,0,8,6,5182.673111874061,0.9635341690094457,44,676.2213888888873,interpolation,0 days 00:01:26.718000,86.718,4440.843,0.0
2024-03-01 17:00:36.616,0 days 01:14:00.943000,-473.9934743035542,-525.4126734468723,-158.76953075615594,OnTrack,264.0,10537.0,100.0,0,8,6,5188.4827777777755,0.9646142702405908,44,674.3991666666652,interpolation,0 days 00:01:26.818000,86.818,4440.943,0.0
2024-03-01 17:00:36.716,0 days 01:14:01.043000,-469.0,-434.0,-159.0,OnTrack,265.5,10604.5,100.0,0,8,6,5195.465062539019,0.9659123783404047,44,671.9824999999983,interpolation,0 days 00:01:26.918000,86.918,4441.043,0.0
2024-03-01 17:00:36.816,0 days 01:14:01.143000,-462.0,-301.0,-159.0,OnTrack,267.0,10672.0,100.0,0,8,6,5203.316111111109,0.967372002244608,44,669.5658333333313,interpolation,0 days 00:01:27.018000,87.018,4441.143,0.0
2024-03-01 17:00:36.916,0 days 01:14:01.243000,-457.8402533064411,-220.83398908911727,-158.99338592226994,OnTrack,268.0,10711.25,100.0,0,8,6,5211.732068447374,0.9689366508889221,44,666.6630555555535,interpolation,0 days 00:01:27.118000,87.118,4441.243,0.0
2024-03-01 17:00:37.016,0 days 01:14:01.343000,-455.0,-167.0,-159.0,OnTrack,269.0,10750.5,100.0,0,8,7,5220.712934547814,0.9706063242733473,44,663.7602777777756,interpolation,0 days 00:01:27.218000,87.218,4441.343,0.0
2024-03-01 17:00:37.116,0 days 01:14:01.443000,-451.1506795249474,-97.25909895192896,-159.00237508100463,OnTrack,270.0,10789.75,100.0,0,8,7,5229.2759444854555,0.9721983121310382,44,660.8574999999978,interpolation,0 days 00:01:27.318000,87.318,4441.443,0.0
2024-03-01 17:00:37.216,0 days 01:14:01.543000,-446.46730938733157,-14.160548245734002,-159.0011324684034,OnTrack,271.0,10829.0,100.0,0,8,7,5236.438333333332,0.9735299041951507,44,657.95472222222,interpolation,0 days 00:01:27.418000,87.418,4441.543,0.0
2024-03-01 17:00:37.316,0 days 01:14:01.643000,-442.0,67.0,-159.0,OnTrack,272.5,10866.0,100.0,0,8,7,5242.20010109144,0.9746011004656844,44,655.6658333333307,interpolation,0 days 00:01:27.518000,87.518,4441.643,0.0
2024-03-01 17:00:37.416,0 days 01:14:01.743000,-437.92377066118956,143.6732573798635,-158.99959898527624,OnTrack,274.0,10903.0,100.0,0,8,7,5248.61611111111,0.9757939298703587,44,653.3769444444415,interpolation,0 days 00:01:27.618000,87.618,4441.743,0.0
2024-03-01 17:00:37.516,0 days 01:14:01.843000,-434.1336707761,217.2416842190851,-158.9998192775375,OnTrack,274.0,10999.0,100.0,0,8,7,5257.74122674367,0.9774904213368937,44,649.8769444444415,interpolation,0 days 00:01:27.718000,87.718,4441.843,0.0
2024-03-01 17:00:37.616,0 days 01:14:01.943000,-430.0,296.0,-159.0,OnTrack,274.0,11095.0,100.0,0,14,7,5266.882777777777,0.9791899683831709,44,646.3769444444415,interpolation,0 days 00:01:27.818000,87.818,4441.943,1.0
2024-03-01 17:00:37.716,0 days 01:14:02.043000,-425.41780881277765,381.33065089151546,-159.00003100709705,OnTrack,276.5,11093.5,100.0,0,14,7,5273.348094002087,0.9803919645270723,44,643.8658333333306,interpolation,0 days 00:01:27.918000,87.918,4442.043,1.0
2024-03-01 17:00:37.816,0 days 01:14:02.143000,-421.0,465.0,-159.0,OnTrack,279.0,11092.0,100.0,0,12,7,5279.282777777777,0.9814953083955176,44,641.3547222222196,interpolation,0 days 00:01:28.018000,88.018,4442.143,1.0
2024-03-01 17:00:37.916,0 days 01:14:02.243000,-417.3594763472339,538.7744104318217,-158.99999467988027,OnTrack,280.5,11136.0,100.0,0,12,7,5286.8324314660185,0.9828988986154259,44,638.0769444444418,interpolation,0 days 00:01:28.118000,88.118,4442.243,1.0
2024-03-01 17:00:38.016,0 days 01:14:02.343000,-414.0,606.0,-159.0,OnTrack,282.0,11180.0,100.0,0,12,7,5294.9494444444435,0.9844079691638052,44,634.799166666664,interpolation,0 days 00:01:28.218000,88.218,4442.343,1.0
2024-03-01 17:00:38.116,0 days 01:14:02.443000,-410.4253331038187,670.0228865175545,-159.00000091362148,OnTrack,283.3333333333333,11217.666666666666,100.0,0,12,7,5302.586206090687,0.9858277540176632,44,631.5584259259231,interpolation,0 days 00:01:28.318000,88.318,4442.443,1.0
2024-03-01 17:00:38.216,0 days 01:14:02.543000,-407.0,732.0,-159.0,OnTrack,284.6666666666667,11255.333333333334,100.0,0,12,7,5309.828817611103,0.9871742606412036,44,628.3176851851822,interpolation,0 days 00:01:28.418000,88.418,4442.543,1.0
2024-03-01 17:00:38.316,0 days 01:14:02.643000,-404.0885250298538,793.0882704628518,-158.99999983839103,OnTrack,286.0,11293.0,100.0,0,12,7,5317.193888888888,0.9885435343114022,44,625.0769444444413,interpolation,0 days 00:01:28.518000,88.518,4442.643,1.0
2024-03-01 17:00:38.416,0 days 01:14:02.743000,-401.0,860.0,-159.0,OnTrack,287.0,11343.25,100.0,0,12,7,5324.76752201208,0.9899515826563803,44,621.3547222222192,pos,0 days 00:01:28.618000,88.618,4442.743,1.0
2024-03-01 17:00:38.516,0 days 01:14:02.843000,-397.04351671705814,939.4474907053341,-159.00000005603235,OnTrack,288.0,11393.5,100.0,0,12,7,5332.549716980678,0.9913984056761378,44,617.632499999997,interpolation,0 days 00:01:28.718000,88.718,4442.843,1.0
2024-03-01 17:00:38.616,0 days 01:14:02.943000,-392.3827773564885,1029.1029998997362,-159.00000002300274,OnTrack,289.0,11443.75,100.0,0,12,7,5340.709553458936,0.9929154377348102,44,613.9102777777748,interpolation,0 days 00:01:28.818000,88.818,4442.943,1.0
2024-03-01 17:00:38.716,0 days 01:14:03.043000,-388.0,1115.0,-159.0,OnTrack,290.0,11494.0,100.0,0,12,7,5349.41611111111,0.9945341131965327,44,610.1880555555526,interpolation,0 days 00:01:28.918000,88.918,4443.043,1.0
2024-03-01 17:00:38.816,0 days 01:14:03.143000,-384.0,1196.0,-159.0,OnTrack,291.3333333333333,11532.666666666666,100.0,0,12,7,5358.669389937196,0.9962544320613049,44,610.1880555555526,interpolation,0 days 00:01:29.018000,89.018,4443.143,1.0
2024-03-01 17:00:38.916,0 days 01:14:03.243000,-380.02944455119655,1279.238689489611,-159.00000000176942,OnTrack,292.6666666666667,11571.333333333334,100.0,0,12,7,5368.469389937196,0.9980763943291275,44,610.1880555555526,interpolation,0 days 00:01:29.118000,89.118,4443.243,1.0
2024-03-01 17:00:38.977,0 days 01:14:03.304000,-377.5929488737756,1331.6975491957678,-159.00000000197957,OnTrack,293.47999914666667,11594.919975253333,100.0,0,12,7,5374.715865145051,0.9992377047511274,44,610.1880555555526,interpolation,0 days 00:01:29.179000,89.179,4443.304,1.0
