Date,SessionTime,X,Y,Z,Status,Speed,RPM,Throttle,Brake,DRS,nGear,Distance,RelativeDistance,DriverAhead,DistanceToDriverAhead,Source,Time,TimeSeconds,SessionTimeSeconds,DRSActive
2024-03-01 16:37:40.555,0 days 00:51:04.882000,-377.66764544118445,1339.5039485360776,-158.99999944576365,OnTrack,294.99000064,10526.61002496,100.0,0,12,8,11.340230763459004,0.0020994851392324375,,454.55916666666656,interpolation,0 days 00:00:00,0.0,3064.882,1.0
2024-03-01 16:37:40.556,0 days 00:51:04.883000,-377.63767944547817,1340.1582923947983,-158.99999944577905,OnTrack,295.0,10527.0,100.0,0,12,8,11.432056750238434,0.002116485436550899,,454.55916666666656,interpolation,0 days 00:00:00.001000,0.001,3064.883,1.0
2024-03-01 16:37:40.656,0 days 00:51:04.983000,-373.97825958410857,1418.6187192960988,-158.9999995843343,OnTrack,296.0,10566.0,100.0,0,12,8,19.429503584048643,0.0035971008781245572,,454.55916666666656,interpolation,0 days 00:00:00.101000,0.101,3064.983,1.0
2024-03-01 16:37:40.756,0 days 00:51:05.083000,-369.0,1523.0,-159.0,OnTrack,297.0,10605.0,100.0,0,12,8,26.46067084805675,0.004898823170214841,,454.55916666666656,interpolation,0 days 00:00:00.201000,0.201,3065.083,1.0
2024-03-01 16:37:40.856,0 days 00:51:05.183000,-362.7029006931522,1653.3021345065017,-159.00000069277615,OnTrack,298.0,10644.0,100.0,0,12,8,34.093888888888884,0.006312006744299344,,454.55916666666656,interpolation,0 days 00:00:00.301000,0.301,3065.183,1.0
2024-03-01 16:37:40.956,0 days 00:51:05.283000,-357.0,1771.0,-159.0,OnTrack,299.0,10675.25,100.0,0,12,8,42.32915770654504,0.00783665160037806,,454.92027777777764,interpolation,0 days 00:00:00.401000,0.401,3065.283,1.0
2024-03-01 16:37:41.056,0 days 00:51:05.383000,-353.80433625697765,1837.5684736648896,-158.9999962590088,OnTrack,300.0,10706.5,100.0,0,12,8,51.166477301025225,0.009472757738450993,81,455.2813888888888,interpolation,0 days 00:00:00.501000,0.501,3065.383,1.0
2024-03-01 16:37:41.156,0 days 00:51:05.483000,-352.6787169027706,1862.639005542092,-158.99999173287904,OnTrack,301.0,10737.75,100.0,0,12,8,59.85639157832612,0.011081573843426984,81,455.6424999999999,interpolation,0 days 00:00:00.601000,0.601,3065.483,1.0
2024-03-01 16:37:41.256,0 days 00:51:05.583000,-351.0,1904.0,-159.0,OnTrack,302.0,10769.0,100.0,0,12,8,67.64944444444444,0.012524348600214879,81,456.003611111111,interpolation,0 days 00:00:00.701000,0.701,3065.583,1.0
2024-03-01 16:37:41.356,0 days 00:51:05.683000,-348.33099746418003,1971.2828084539906,-159.000023323425,OnTrack,302.6666666666667,10793.666666666666,100.0,0,12,8,74.54563589938013,0.013801082008814667,81,456.2480555555555,interpolation,0 days 00:00:00.801000,0.801,3065.683,1.0
2024-03-01 16:37:41.456,0 days 00:51:05.783000,-345.0,2055.0,-159.0,OnTrack,303.3333333333333,10818.333333333334,100.0,0,12,8,80.79704025331745,0.014958442102642336,81,456.4924999999999,pos,0 days 00:00:00.901000,0.901,3065.783,1.0
2024-03-01 16:37:41.556,0 days 00:51:05.883000,-341.33529831214923,2145.6641437339645,-158.999868326571,OnTrack,304.0,10843.0,100.0,0,12,8,87.91611111111109,0.01627643851584068,81,456.73694444444436,interpolation,0 days 00:00:01.001000,1.001,3065.883,1.0
2024-03-01 16:37:41.656,0 days 00:51:05.983000,-337.0,2257.0,-159.0,OnTrack,304.5,10864.5,100.0,0,12,8,96.15492536419939,0.017801739759708772,81,457.0147222222221,interpolation,0 days 00:00:01.101000,1.101,3065.983,1.0
2024-03-01 16:37:41.756,0 days 00:51:06.083000,-332.0,2392.0,-159.0,OnTrack,305.0,10886.0,100.0,0,12,8,104.86055555555554,0.019413465446394055,81,457.2924999999998,interpolation,0 days 00:00:01.201000,1.201,3066.083,1.0
2024-03-01 16:37:41.856,0 days 00:51:06.183000,-328.3920118042099,2486.2704985766545,-158.99526804723016,OnTrack,305.75,10914.75,100.0,0,12,8,113.38007422815275,0.02099073518804394,81,457.4591666666665,interpolation,0 days 00:00:01.301000,1.301,3066.183,1.0
2024-03-01 16:37:41.956,0 days 00:51:06.283000,-326.51881923958075,2529.07927648623,-158.98503743239263,OnTrack,306.5,10943.5,100.0,0,12,8,121.71348138199096,0.022533548984658435,81,457.62583333333316,interpolation,0 days 00:00:01.401000,1.401,3066.283,1.0
2024-03-01 16:37:42.056,0 days 00:51:06.383000,-324.1362170551612,2575.8484161526903,-158.98228810135876,OnTrack,307.25,10972.25,100.0,0,12,8,130.17598117816704,0.024100262478715228,81,457.7924999999998,interpolation,0 days 00:00:01.501000,1.501,3066.383,1.0
2024-03-01 16:37:42.156,0 days 00:51:06.483000,-319.0,2682.0,-159.0,OnTrack,308.0,11001.0,100.0,0,12,8,139.08277777777778,0.025749231312692022,81,457.9591666666665,interpolation,0 days 00:00:01.601000,1.601,3066.483,1.0
2024-03-01 16:37:42.256,0 days 00:51:06.583000,-311.1101680740974,2847.53402802816,-159.03817312831637,OnTrack,308.5,11032.0,100.0,0,12,8,148.4338711808232,0.02748045548658882,81,456.0036111111109,interpolation,0 days 00:00:01.701000,1.701,3066.583,1.0
2024-03-01 16:37:42.356,0 days 00:51:06.683000,-303.0,3019.0,-159.0,OnTrack,309.0,11063.0,100.0,0,12,8,158.22926138730324,0.029293935000405606,81,454.0480555555554,interpolation,0 days 00:00:01.801000,1.801,3066.683,1.0
2024-03-01 16:37:42.456,0 days 00:51:06.783000,-297.20277450025503,3142.947415678352,-158.78867312874306,OnTrack,309.5,11094.0,100.0,0,12,8,167.9236320112428,0.031088712151215944,81,452.09249999999986,interpolation,0 days 00:00:01.901000,1.901,3066.783,1.0
2024-03-01 16:37:42.556,0 days 00:51:06.883000,-293.7184915748623,3219.3762750632172,-158.4041925145455,OnTrack,310.0,11125.0,100.0,0,12,8,176.9716666666667,0.03276382923609334,81,450.1369444444443,interpolation,0 days 00:00:02.001000,2.001,3066.883,1.0
2024-03-01 16:37:42.656,0 days 00:51:06.983000,-291.37496286203844,3273.616996916474,-158.06761564307524,OnTrack,310.6666666666667,11142.0,100.0,0,12,8,185.3733653535749,0.034319286255037836,81,447.3110185185184,interpolation,0 days 00:00:02.101000,2.101,3066.983,1.0
2024-03-01 16:37:42.756,0 days 00:51:07.083000,-289.0,3331.0,-158.0,OnTrack,311.3333333333333,11159.0,100.0,0,12,8,193.23990384161158,0.03577566584706964,81,444.4850925925924,interpolation,0 days 00:00:02.201000,2.201,3067.083,1.0
2024-03-01 16:37:42.856,0 days 00:51:07.183000,-286.5936029887471,3391.5252843137964,-158.20134558531993,OnTrack,312.0,11176.0,100.0,0,12,8,201.23833333333334,0.03725646321401371,81,441.6591666666665,interpolation,0 days 00:00:02.301000,2.301,3067.183,1.0
2024-03-01 16:37:42.956,0 days 00:51:07.283000,-284.1557718282795,3455.1928498578627,-158.67165239903485,OnTrack,313.0,11165.0,100.0,0,12,8,209.4798284599503,0.03878226078412517,81,437.9091666666665,interpolation,0 days 00:00:02.401000,2.401,3067.283,1.0
2024-03-01 16:37:43.056,0 days 00:51:07.383000,-281.64005475367225,3521.7639904729976,-159.05613301323243,OnTrack,314.0,11154.0,100.0,0,12,8,218.6827777777778,0.040486058152353906,81,434.1591666666665,interpolation,0 days 00:00:02.501000,2.501,3067.383,1.0
2024-03-01 16:37:43.156,0 days 00:51:07.483000,-279.0,3591.0,-159.0,OnTrack,314.5,11183.0,100.0,0,12,8,229.56556984313113,0.04250085491364987,81,429.62583333333316,interpolation,0 days 00:00:02.601000,2.601,3067.483,1.0
2024-03-01 16:37:43.256,0 days 00:51:07.583000,-276.2356075672627,3662.900878438869,-158.5032533593377,OnTrack,315.0,11212.0,100.0,0,12,8,239.68277777777777,0.04437391447940038,81,425.09249999999986,interpolation,0 days 00:00:02.701000,2.701,3067.583,1.0
2024-03-01 16:37:43.356,0 days 00:51:07.683000,-273.0,3748.0,-158.0,OnTrack,315.5,11222.5,100.0,0,12,8,246.588974703485,0.045652500260992754,81,421.2058333333332,interpolation,0 days 00:00:02.801000,2.801,3067.683,1.0
2024-03-01 16:37:43.456,0 days 00:51:07.783000,-268.9462998427513,3856.830738893789,-157.9243468307415,OnTrack,316.0,11233.0,100.0,0,12,8,253.63944444444445,0.046957796136756505,81,417.31916666666655,interpolation,0 days 00:00:02.901000,2.901,3067.783,1.0
2024-03-01 16:37:43.556,0 days 00:51:07.883000,-265.0,3959.0,-158.0,OnTrack,316.0,11260.5,100.0,0,12,8,264.1894708248477,0.048910985985021166,81,410.9858333333332,interpolation,0 days 00:00:03.001000,3.001,3067.883,1.0
2024-03-01 16:37:43.656,0 days 00:51:07.983000,-262.0,4029.0,-158.0,OnTrack,316.0,11288.0,100.0,0,12,8,274.7061111111111,0.05085799486484123,81,404.65249999999986,interpolation,0 days 00:00:03.101000,3.101,3067.983,1.0
2024-03-01 16:37:43.756,0 days 00:51:08.083000,-259.42673692521856,4096.142759780742,-158.2203544090191,OnTrack,316.3333333333333,11296.333333333334,100.0,0,12,8,281.6564225696511,0.05214474783527115,81,400.0747222222221,interpolation,0 days 00:00:03.201000,3.201,3068.083,1.0
2024-03-01 16:37:43.856,0 days 00:51:08.183000,-257.0491015879337,4167.5900062700175,-158.65816147643932,OnTrack,316.6666666666667,11304.666666666666,100.0,0,12,8,286.2605549735515,0.05299713856370277,81,395.49694444444424,interpolation,0 days 00:00:03.301000,3.301,3068.183,1.0
2024-03-01 16:37:43.956,0 days 00:51:08.283000,-254.0,4257.0,-159.0,OnTrack,317.0,11313.0,100.0,0,12,8,295.83944444444444,0.05477053599396419,81,390.91916666666646,interpolation,0 days 00:00:03.401000,3.401,3068.283,1.0
2024-03-01 16:37:44.056,0 days 00:51:08.383000,-250.13491575680513,4366.649129381122,-159.1936328452046,OnTrack,318.0,11341.0,100.0,0,12,8,309.97277777777776,0.05738712501407166,81,381.45249999999976,interpolation,0 days 00:00:03.501000,3.501,3068.383,1.0
2024-03-01 16:37:44.156,0 days 00:51:08.483000,-245.6808719327372,4490.574619049758,-159.2239175714176,OnTrack,318.3333333333333,11343.0,100.0,0,12,8,318.8176517457726,0.059024629738757245,81,376.474722222222,interpolation,0 days 00:00:03.601000,3.601,3068.483,1.0
2024-03-01 16:37:44.256,0 days 00:51:08.583000,-242.0,4593.0,-159.0,OnTrack,318.6666666666667,11345.0,100.0,0,12,8,322.45789037776115,0.05969856901482085,81,371.4969444444442,pos,0 days 00:00:03.701000,3.701,3068.583,1.0
2024-03-01 16:37:44.356,0 days 00:51:08.683000,-239.31932070827744,4667.96255792673,-158.50673784537423,OnTrack,319.0,11347.0,100.0,0,12,8,331.2394444444445,0.06132435094527111,81,366.5191666666664,interpolation,0 days 00:00:03.801000,3.801,3068.683,1.0
2024-03-01 16:37:44.456,0 days 00:51:08.783000,-237.0,4734.0,-158.0,OnTrack,319.0,11393.0,100.0,0,12,8,345.4172222222222,0.0639491682327374,81,356.4302777777775,interpolation,0 days 00:00:03.901000,3.901,3068.783,1.0
2024-03-01 16:37:44.556,0 days 00:51:08.883000,-234.40320381759838,4809.650033389863,-157.73565535633702,OnTrack,319.3333333333333,11395.333333333334,100.0,0,12,8,356.17462448652253,0.06594075082587283,81,350.31175925925896,interpolation,0 days 00:00:04.001000,4.001,3068.883,1.0
2024-03-01 16:37:44.656,0 days 00:51:08.983000,-231.48702285629867,4896.047334876677,-157.6099103048748,OnTrack,319.6666666666667,11397.666666666666,100.0,0,12,8,362.85177783743313,0.06717693239263461,81,344.19324074074046,interpolation,0 days 00:00:04.101000,4.101,3068.983,1.0
2024-03-01 16:37:44.756,0 days 00:51:09.083000,-228.0,5000.0,-157.0,OnTrack,320.0,11400.0,100.0,0,12,8,370.30611111111114,0.06855699795368138,81,338.0747222222219,interpolation,0 days 00:00:04.201000,4.201,3069.083,1.0
2024-03-01 16:37:44.856,0 days 00:51:09.183000,-223.90022551477512,5122.6427171593405,-155.8021297693501,OnTrack,320.0,11421.0,100.0,0,12,8,379.3471999252624,0.07023082911318076,81,331.4636111111108,interpolation,0 days 00:00:04.301000,4.301,3069.183,1.0
2024-03-01 16:37:44.956,0 days 00:51:09.283000,-219.42520891603732,5256.642316036889,-154.16713240212982,OnTrack,320.0,11442.0,100.0,0,12,8,388.0838888888889,0.07184830489721279,81,324.8524999999997,interpolation,0 days 00:00:04.401000,4.401,3069.283,1.0
2024-03-01 16:37:45.056,0 days 00:51:09.383000,-216.0,5358.0,-153.0,OnTrack,320.0,11423.0,100.0,0,12,8,394.62502261099297,0.07305930433185753,81,319.4747222222219,interpolation,0 days 00:00:04.501000,4.501,3069.383,1.0
2024-03-01 16:37:45.156,0 days 00:51:09.483000,-213.86210584999156,5419.382673822143,-152.4515638076455,OnTrack,320.0,11404.0,100.0,0,12,8,402.30611111111114,0.07448135045203792,81,314.09694444444415,interpolation,0 days 00:00:04.601000,4.601,3069.483,1.0
2024-03-01 16:37:45.256,0 days 00:51:09.583000,-212.73949830030895,5449.543308621573,-152.38729316734785,OnTrack,320.5,11436.0,100.0,0,12,8,414.46266440878014,0.07673196629267698,81,304.53027777777754,interpolation,0 days 00:00:04.701000,4.701,3069.583,1.0
2024-03-01 16:37:45.356,0 days 00:51:09.683000,-211.0,5501.0,-152.0,OnTrack,321.0,11468.0,100.0,0,12,8,427.2727777777777,0.07910357964085983,81,294.96361111111094,interpolation,0 days 00:00:04.801000,4.801,3069.683,1.0
2024-03-01 16:37:45.456,0 days 00:51:09.783000,-208.37157999777895,5582.505808706564,-151.15515227028249,OnTrack,321.0,11467.5,100.0,0,12,8,436.914546491882,0.08088861828367169,81,289.4302777777776,interpolation,0 days 00:00:04.901000,4.901,3069.783,1.0
2024-03-01 16:37:45.556,0 days 00:51:09.883000,-205.0266861169768,5688.5424072272035,-149.953551086291,OnTrack,321.0,11467.0,100.0,0,12,8,443.38797055109285,0.08208708222111254,81,283.8969444444442,interpolation,0 days 00:00:05.001000,5.001,3069.883,1.0
2024-03-01 16:37:45.656,0 days 00:51:09.983000,-202.0,5786.0,-149.0,OnTrack,321.0,11466.5,100.0,0,12,8,448.93713155697947,0.08311443177951901,81,278.3636111111109,interpolation,0 days 00:00:05.101000,5.101,3069.983,1.0
2024-03-01 16:37:45.756,0 days 00:51:10.083000,-199.46396770432287,5869.3603160182765,-148.3952990873072,OnTrack,321.0,11466.0,100.0,0,12,8,455.8061111111111,0.08438612728522774,81,272.83027777777755,interpolation,0 days 00:00:05.201000,5.201,3070.083,1.0
2024-03-01 16:37:45.856,0 days 00:51:10.183000,-197.0,5947.0,-148.0,OnTrack,321.0,11473.2,100.0,0,12,8,463.99490921348763,0.08590216873823874,81,265.8391666666665,interpolation,0 days 00:00:05.301000,5.301,3070.183,1.0
2024-03-01 16:37:45.956,0 days 00:51:10.283000,-194.18950765708598,6027.295696663141,-147.67465438986582,OnTrack,321.0,11480.4,100.0,0,12,8,473.5035258641092,0.08766255613855198,81,258.8480555555554,interpolation,0 days 00:00:05.401000,5.401,3070.283,1.0
2024-03-01 16:37:46.056,0 days 00:51:10.383000,-191.0,6126.0,-147.0,OnTrack,321.0,11487.6,100.0,0,12,8,484.02094196380773,0.08960970864938024,81,251.85694444444428,interpolation,0 days 00:00:05.501000,5.501,3070.383,1.0
2024-03-01 16:37:46.156,0 days 00:51:10.483000,-187.3989863531612,6258.86550400288,-145.55677457349796,OnTrack,321.0,11494.8,100.0,0,12,8,493.68103336303716,0.0913981394811108,81,244.86583333333317,interpolation,0 days 00:00:05.601000,5.601,3070.483,1.0
2024-03-01 16:37:46.256,0 days 00:51:10.583000,-184.0,6392.0,-144.0,OnTrack,321.0,11502.0,100.0,0,12,8,502.1727777777777,0.09297026720732558,81,237.8747222222221,interpolation,0 days 00:00:05.701000,5.701,3070.583,1.0
2024-03-01 16:37:46.356,0 days 00:51:10.683000,-181.41657422394684,6491.511279319582,-142.98469816914653,OnTrack,321.3333333333333,11491.333333333334,100.0,0,12,8,509.49617520802923,0.0943260918280246,81,231.75620370370356,interpolation,0 days 00:00:05.801000,5.801,3070.683,1.0
2024-03-01 16:37:46.456,0 days 00:51:10.783000,-179.5713310221012,6561.103308438028,-142.44659010752457,OnTrack,321.6666666666667,11480.666666666666,100.0,0,12,8,516.3822557259957,0.0956009533380402,81,225.637685185185,interpolation,0 days 00:00:05.901000,5.901,3070.783,1.0
2024-03-01 16:37:46.556,0 days 00:51:10.883000,-178.0,6623.0,-142.0,OnTrack,322.0,11470.0,100.0,0,12,8,527.2172222222222,0.09760689586402546,81,219.51916666666648,interpolation,0 days 00:00:06.001000,6.001,3070.883,1.0
2024-03-01 16:37:46.656,0 days 00:51:10.983000,-176.62520236238797,6680.905358410712,-141.5806482149398,OnTrack,322.0,11454.0,100.0,0,12,8,541.5283333333333,0.10025639795356825,81,209.16361111111087,interpolation,0 days 00:00:06.101000,6.101,3070.983,1.0
2024-03-01 16:37:46.756,0 days 00:51:11.083000,-175.0,6746.0,-141.0,OnTrack,322.0,11450.25,100.0,0,12,8,552.0928785509224,0.10221227576150024,81,203.73861111111086,interpolation,0 days 00:00:06.201000,6.201,3071.083,1.0
2024-03-01 16:37:46.856,0 days 00:51:11.183000,-172.67745480357107,6829.464541097697,-140.06952060283646,OnTrack,322.0,11446.5,100.0,0,12,8,557.7070666268646,0.10325166417256124,81,198.31361111111084,interpolation,0 days 00:00:06.301000,6.301,3071.183,1.0
2024-03-01 16:37:46.956,0 days 00:51:11.283000,-170.0,6925.0,-139.0,OnTrack,322.0,11442.75,100.0,0,12,8,563.281888056041,0.10428376439949355,81,192.88861111111083,interpolation,0 days 00:00:06.401000,6.401,3071.283,1.0
2024-03-01 16:37:47.056,0 days 00:51:11.383000,-167.31006881618555,7026.307395003106,-138.00222816804126,OnTrack,322.0,11439.0,100.0,0,12,8,573.7283333333334,0.10621777765503952,81,187.46361111111082,interpolation,0 days 00:00:06.501000,6.501,3071.383,1.0
2024-03-01 16:37:47.156,0 days 00:51:11.483000,-164.0,7140.0,-137.0,OnTrack,321.0,11457.0,100.0,0,12,8,587.995,0.10885905147722348,81,178.0413888888886,interpolation,0 days 00:00:06.601000,6.601,3071.483,1.0
2024-03-01 16:37:47.256,0 days 00:51:11.583000,-159.46213229931553,7272.691088883672,-135.91711038891597,OnTrack,309.0,10979.2,80.0,0,12,8,599.7735056025689,0.11103967707389491,81,174.6476666666664,interpolation,0 days 00:00:06.701000,6.701,3071.583,1.0
2024-03-01 16:37:47.356,0 days 00:51:11.683000,-154.06280027072202,7416.261887463092,-134.80807653891617,OnTrack,297.0,10501.4,60.0,1,12,8,608.0124584486049,0.11256500397630914,81,171.2539444444442,interpolation,0 days 00:00:06.801000,6.801,3071.683,1.0
2024-03-01 16:37:47.456,0 days 00:51:11.783000,-150.0,7522.0,-134.0,OnTrack,285.0,10023.6,40.0,1,12,8,613.1668766564468,0.1135192724259092,81,167.86022222222198,interpolation,0 days 00:00:06.901000,6.901,3071.783,1.0
2024-03-01 16:37:47.556,0 days 00:51:11.883000,-147.6400622924927,7581.786735439189,-133.54739741804116,OnTrack,273.0,9545.8,20.0,1,12,8,617.966882914329,0.11440792645922207,81,164.46649999999977,interpolation,0 days 00:00:07.001000,7.001,3071.883,1.0
2024-03-01 16:37:47.656,0 days 00:51:11.983000,-146.6464577894329,7603.788057571364,-133.3715341590109,OnTrack,261.0,9068.0,0.0,1,12,8,622.8675,0.1153152071803153,81,161.07277777777756,interpolation,0 days 00:00:07.101000,7.101,3071.983,1.0
2024-03-01 16:37:47.756,0 days 00:51:12.083000,-145.0,7637.0,-133.0,OnTrack,243.5,9004.5,0.0,1,12,8,627.8687279134595,0.11624111458918884,81,159.11722222222198,interpolation,0 days 00:00:07.201000,7.201,3072.083,1.0
2024-03-01 16:37:47.856,0 days 00:51:12.183000,-142.36415611934856,7689.5886101356955,-132.35405950073294,OnTrack,226.0,8941.0,0.0,1,12,8,632.9119444444444,0.11717479560341054,81,157.1616666666664,interpolation,0 days 00:00:07.301000,7.301,3072.183,1.0
2024-03-01 16:37:47.956,0 days 00:51:12.283000,-138.94733684947462,7757.343225436298,-131.51827300746018,OnTrack,205.0,8801.0,0.0,1,8,8,637.938527382692,0.11810539714054813,81,156.16166666666646,interpolation,0 days 00:00:07.401000,7.401,3072.283,0.0
2024-03-01 16:37:48.056,0 days 00:51:12.383000,-136.0,7815.0,-131.0,OnTrack,184.0,8661.0,0.0,1,8,8,643.1341666666666,0.11906729709594109,81,155.16166666666652,interpolation,0 days 00:00:07.501000,7.501,3072.383,0.0
2024-03-01 16:37:48.156,0 days 00:51:12.483000,-133.73055413880604,7858.348314401612,-130.88379995870943,OnTrack,173.0,8685.0,0.0,1,8,8,648.6845522348326,0.1200948733649288,81,154.8616666666665,interpolation,0 days 00:00:07.601000,7.601,3072.483,0.0
2024-03-01 16:37:48.256,0 days 00:51:12.583000,-131.89174062306517,7890.152652236271,-131.07438223388868,OnTrack,162.0,8709.0,0.0,1,8,8,653.9341666666666,0.12106676606413641,81,154.5616666666665,interpolation,0 days 00:00:07.701000,7.701,3072.583,0.0
2024-03-01 16:37:48.356,0 days 00:51:12.683000,-129.0,7927.0,-131.0,OnTrack,152.0,8724.0,0.0,1,8,8,658.2274925416447,0.12186161531018909,81,155.0616666666665,interpolation,0 days 00:00:07.801000,7.801,3072.683,0.0
2024-03-01 16:37:48.456,0 days 00:51:12.783000,-124.80807109484141,7971.654869596394,-130.5653616315624,OnTrack,142.0,8739.0,0.0,1,8,8,661.8230555555555,0.12252728352032849,81,155.5616666666665,interpolation,0 days 00:00:07.901000,7.901,3072.783,0.0
2024-03-01 16:37:48.556,0 days 00:51:12.883000,-120.0,8016.0,-130.0,OnTrack,134.5,8621.5,0.0,1,8,8,664.9793814041878,0.12311163311179638,81,157.11166666666648,interpolation,0 days 00:00:08.001000,8.001,3072.883,0.0
2024-03-01 16:37:48.656,0 days 00:51:12.983000,-115.2598328078864,8051.918130185371,-129.5334479767369,OnTrack,127.0,8504.0,0.0,1,8,8,667.6964700875417,0.12361466408459273,81,158.66166666666646,interpolation,0 days 00:00:08.101000,8.101,3072.983,0.0
2024-03-01 16:37:48.756,0 days 00:51:13.083000,-110.47832357540433,8080.467775998741,-129.17717529479987,OnTrack,119.5,8386.5,0.0,1,8,8,670.2768515049024,0.12409238561886317,81,160.21166666666645,interpolation,0 days 00:00:08.201000,8.201,3073.083,0.0
2024-03-01 16:37:48.856,0 days 00:51:13.183000,-105.0,8108.0,-129.0,OnTrack,112.0,8269.0,0.0,1,8,8,673.0230555555555,0.12460080689475328,81,161.76166666666643,interpolation,0 days 00:00:08.301000,8.301,3073.183,0.0
2024-03-01 16:37:48.956,0 days 00:51:13.283000,-98.71561725724989,8135.573307196237,-129.01339170791454,OnTrack,108.0,7908.0,0.0,1,8,8,675.9350822395008,0.12513992791226303,81,164.13203703703678,interpolation,0 days 00:00:08.401000,8.401,3073.283,0.0
2024-03-01 16:37:49.056,0 days 00:51:13.383000,-90.0,8164.0,-129.0,OnTrack,104.0,7547.0,0.0,1,8,7,678.9746362360289,0.12570265882830117,81,166.50240740740716,interpolation,0 days 00:00:08.501000,8.501,3073.383,0.0
2024-03-01 16:37:49.156,0 days 00:51:13.483000,-77.22797288109638,8194.09238082384,-128.74247445771283,OnTrack,100.0,7186.0,0.0,1,8,7,681.9119444444444,0.126246460366519,81,168.87277777777751,interpolation,0 days 00:00:08.601000,8.601,3073.483,0.0
2024-03-01 16:37:49.256,0 days 00:51:13.583000,-61.45345574111057,8224.486653597112,-128.29692357064417,OnTrack,96.66666666666667,7092.666666666667,0.0,1,8,7,684.708711151892,0.12676424261122482,81,171.95425925925898,interpolation,0 days 00:00:08.701000,8.701,3073.583,0.0
2024-03-01 16:37:49.356,0 days 00:51:13.683000,-49.0,8247.0,-128.0,OnTrack,93.33333333333333,6999.333333333333,0.0,1,8,4,687.3684168569804,0.1272566499280634,81,175.03574074074047,interpolation,0 days 00:00:08.801000,8.801,3073.683,0.0
2024-03-01 16:37:49.456,0 days 00:51:13.783000,-40.92153629053063,8260.268609996514,-127.90781280992532,OnTrack,90.0,6906.0,0.0,1,8,4,689.9119444444444,0.12772754849110812,81,178.11722222222193,interpolation,0 days 00:00:08.901000,8.901,3073.783,0.0
2024-03-01 16:37:49.556,0 days 00:51:13.883000,-35.78588361681743,8266.284532522779,-127.98284547553257,OnTrack,86.5,6323.5,0.0,1,8,4,692.3427743772528,0.12817758265940543,81,181.36722222222193,interpolation,0 days 00:00:09.001000,9.001,3073.883,0.0
2024-03-01 16:37:49.656,0 days 00:51:13.983000,-25.0,8277.0,-128.0,OnTrack,83.0,5741.0,0.0,1,8,4,694.5230555555555,0.1285812312295866,81,184.61722222222193,pos,0 days 00:00:09.101000,9.101,3073.983,0.0
2024-03-01 16:37:49.756,0 days 00:51:14.083000,-7.1317191096516,8294.407040965825,-127.92176024260729,OnTrack,80.5,5582.0,0.0,1,8,3,696.3149368795018,0.12891297299828286,81,187.43944444444412,interpolation,0 days 00:00:09.201000,9.201,3074.083,0.0
2024-03-01 16:37:49.856,0 days 00:51:14.183000,15.0,8313.0,-128.0,OnTrack,78.0,5423.0,0.0,1,8,3,697.9897222222222,0.12922303608357522,81,190.26166666666631,interpolation,0 days 00:00:09.301000,9.301,3074.183,0.0
2024-03-01 16:37:49.956,0 days 00:51:14.283000,38.576198274727034,8327.273221682277,-128.4865930688237,OnTrack,77.0,5305.0,0.0,1,8,3,699.8187154568463,0.1295616486035447,81,193.878333333333,interpolation,0 days 00:00:09.401000,9.401,3074.283,0.0
2024-03-01 16:37:50.056,0 days 00:51:14.383000,63.14554033071426,8337.353321914785,-129.30544647094732,OnTrack,76.0,5187.0,0.0,1,8,3,701.7866829265296,0.12992599025966037,81,197.49499999999966,interpolation,0 days 00:00:09.501000,9.501,3074.383,0.0
2024-03-01 16:37:50.156,0 days 00:51:14.483000,86.0,8344.0,-130.0,OnTrack,75.0,5069.0,0.0,1,8,3,703.8022222222222,0.130299139174097,81,201.11166666666634,interpolation,0 days 00:00:09.601000,9.601,3074.483,0.0
2024-03-01 16:37:50.256,0 days 00:51:14.583000,106.68823727707107,8347.339873136614,-130.4941598986546,OnTrack,73.0,5000.666666666667,0.0,1,8,3,705.8500995310861,0.1306782750194437,81,205.61537037037007,interpolation,0 days 00:00:09.701000,9.701,3074.583,0.0
2024-03-01 16:37:50.356,0 days 00:51:14.683000,125.21025216192737,8347.372941324624,-130.78792616691106,OnTrack,71.0,4932.333333333333,0.0,1,8,3,707.9183911865583,0.13106119029558203,81,210.11907407407378,interpolation,0 days 00:00:09.801000,9.801,3074.683,0.0
2024-03-01 16:37:50.456,0 days 00:51:14.783000,142.37714096582002,8345.219538850322,-130.93772935171202,OnTrack,69.0,4864.0,0.0,1,8,3,709.9355555555555,0.13143464006961533,81,214.62277777777751,interpolation,0 days 00:00:09.901000,9.901,3074.783,0.0
2024-03-01 16:37:50.556,0 days 00:51:14.883000,159.0,8342.0,-131.0,OnTrack,69.0,4794.5,0.0,1,8,3,711.8896690936135,0.13179641686402987,81,218.9838888888886,pos,0 days 00:00:10.001000,10.001,3074.883,0.0
2024-03-01 16:37:50.656,0 days 00:51:14.983000,175.0788292644673,8337.714324773657,-130.97473811177503,OnTrack,69.0,4725.0,0.0,0,8,3,713.7688888888889,0.13214432812931431,81,223.3449999999997,interpolation,0 days 00:00:10.101000,10.101,3074.983,0.0
2024-03-01 16:37:50.756,0 days 00:51:15.083000,191.0,8332.0,-131.0,OnTrack,68.66666666666667,4864.333333333333,5.666666666666666,0,8,3,715.5613720295395,0.1324761813159573,81,227.6227777777775,interpolation,0 days 00:00:10.201000,10.201,3075.083,0.0
2024-03-01 16:37:50.856,0 days 00:51:15.183000,207.14988344737628,8324.494512507737,-131.21384197763794,OnTrack,68.33333333333333,5003.666666666667,11.333333333333332,0,8,3,717.2861906094444,0.13279550735542828,81,231.90055555555526,interpolation,0 days 00:00:10.301000,10.301,3075.183,0.0
2024-03-01 16:37:50.956,0 days 00:51:15.283000,223.40228045609794,8315.407857528387,-131.59323438817538,OnTrack,68.0,5143.0,17.0,0,8,3,719.0577777777778,0.1331234919450149,81,236.17833333333306,interpolation,0 days 00:00:10.401000,10.401,3075.283,0.0
2024-03-01 16:37:51.056,0 days 00:51:15.383000,239.0,8306.0,-132.0,OnTrack,69.75,5282.0,19.75,0,8,3,720.8952058237184,0.1334636660523436,81,240.78944444444414,interpolation,0 days 00:00:10.501000,10.501,3075.383,0.0
2024-03-01 16:37:51.156,0 days 00:51:15.483000,253.81684422085684,8296.480933003757,-132.41110939242083,OnTrack,71.5,5421.0,22.5,0,8,3,722.798474747266,0.13381602967741435,81,245.40055555555523,interpolation,0 days 00:00:10.601000,10.601,3075.483,0.0
2024-03-01 16:37:51.256,0 days 00:51:15.583000,272.0,8283.0,-133.0,OnTrack,73.25,5560.0,25.25,0,8,3,724.914728519403,0.13420782446873045,81,250.01166666666631,interpolation,0 days 00:00:10.701000,10.701,3075.583,0.0
2024-03-01 16:37:51.356,0 days 00:51:15.683000,297.6966542187609,8261.70654444908,-133.9401092572997,OnTrack,75.0,5699.0,28.0,0,8,3,727.3911111111112,0.13466629207479525,81,254.6227777777774,interpolation,0 days 00:00:10.801000,10.801,3075.683,0.0
2024-03-01 16:37:51.456,0 days 00:51:15.783000,328.83676305678705,8234.524774704594,-135.1343281934463,OnTrack,78.66666666666667,6026.333333333333,31.333333333333332,0,8,3,730.227622522391,0.13519143249560875,81,259.989444444444,interpolation,0 days 00:00:10.901000,10.901,3075.783,0.0
2024-03-01 16:37:51.556,0 days 00:51:15.883000,353.0,8213.0,-136.0,OnTrack,82.33333333333333,6353.666666666667,34.666666666666664,0,8,3,733.3142711897439,0.13576288233135816,81,265.3561111111107,interpolation,0 days 00:00:11.001000,11.001,3075.883,0.0
2024-03-01 16:37:51.656,0 days 00:51:15.983000,368.11630003069007,8199.056448392897,-136.4400147116863,OnTrack,86.0,6681.0,38.0,0,8,3,735.9911111111112,0.13625846180872858,81,270.7227777777773,interpolation,0 days 00:00:11.101000,11.101,3075.983,0.0
2024-03-01 16:37:51.756,0 days 00:51:16.083000,374.1856631488572,8192.694119883277,-136.45437232850514,OnTrack,88.33333333333333,6865.333333333333,42.0,0,8,3,738.1481518493028,0.13665780773642744,81,274.2783333333329,interpolation,0 days 00:00:11.201000,11.201,3076.083,0.0
2024-03-01 16:37:51.856,0 days 00:51:16.183000,378.4121946925957,8187.48473143202,-136.4915437810714,OnTrack,90.66666666666667,7049.666666666667,46.0,0,8,3,739.9285346196122,0.13698742070871844,81,277.83388888888857,interpolation,0 days 00:00:11.301000,11.301,3076.183,0.0
2024-03-01 16:37:51.956,0 days 00:51:16.283000,388.0,8177.0,-137.0,OnTrack,93.0,7234.0,50.0,0,8,3,742.1911111111111,0.13740630510528515,81,281.38944444444417,interpolation,0 days 00:00:11.401000,11.401,3076.283,0.0
2024-03-01 16:37:52.056,0 days 00:51:16.383000,402.94907907107,8161.239925587215,-137.9797409852909,OnTrack,98.75,7519.0,54.5,0,8,3,745.0790240048672,0.1379409617917589,81,285.8199999999997,interpolation,0 days 00:00:11.501000,11.501,3076.383,0.0
2024-03-01 16:37:52.156,0 days 00:51:16.483000,425.0,8138.0,-139.0,OnTrack,104.5,7804.0,59.0,0,8,3,748.5922733008802,0.13859139076813964,81,290.2505555555553,interpolation,0 days 00:00:11.601000,11.601,3076.483,0.0
2024-03-01 16:37:52.256,0 days 00:51:16.583000,455.89333088098454,8105.075715044689,-139.63001030718323,OnTrack,110.25,8089.0,63.5,0,8,3,752.4493859464529,0.1393054812349597,81,294.6811111111109,interpolation,0 days 00:00:11.701000,11.701,3076.583,0.0
2024-03-01 16:37:52.356,0 days 00:51:16.683000,486.0,8073.0,-140.0,OnTrack,116.0,8374.0,68.0,0,8,3,756.3688888888889,0.14003112239275145,81,299.11166666666645,interpolation,0 days 00:00:11.801000,11.801,3076.683,0.0
2024-03-01 16:37:52.456,0 days 00:51:16.783000,505.6909356430228,8052.305784144651,-140.24019717160982,OnTrack,120.33333333333333,8765.666666666666,68.66666666666667,0,8,3,760.350782128188,0.14076831424151492,81,303.1709259259256,interpolation,0 days 00:00:11.901000,11.901,3076.783,0.0
2024-03-01 16:37:52.556,0 days 00:51:16.883000,517.5410792101462,8040.652853934965,-140.42491163663274,OnTrack,124.66666666666667,9157.333333333334,69.33333333333333,0,8,3,764.3210449737138,0.14150335288551563,81,307.2301851851848,interpolation,0 days 00:00:12.001000,12.001,3076.883,0.0
2024-03-01 16:37:52.656,0 days 00:51:16.983000,537.0,8024.0,-141.0,OnTrack,129.0,9549.0,70.0,0,8,3,767.8355555555556,0.1421540153713292,81,311.2894444444439,interpolation,0 days 00:00:12.101000,12.101,3076.983,0.0
2024-03-01 16:37:52.756,0 days 00:51:17.083000,566.6426130454129,8000.007032759742,-142.03977131540313,OnTrack,132.5,9783.0,70.0,0,8,3,770.8202939410451,0.14270659794354845,81,314.2449999999995,interpolation,0 days 00:00:12.201000,12.201,3077.083,0.0
2024-03-01 16:37:52.856,0 days 00:51:17.183000,599.0,7975.0,-143.0,OnTrack,136.0,10017.0,70.0,0,8,3,773.88,0.14327305973212986,81,317.20055555555507,interpolation,0 days 00:00:12.301000,12.301,3077.183,0.0
2024-03-01 16:37:52.956,0 days 00:51:17.283000,626.6032425173772,7955.304949506581,-143.3364604709487,OnTrack,139.5,9572.0,70.5,0,8,3,777.6194136022384,0.14396535986703018,81,320.7838888888885,interpolation,0 days 00:00:12.401000,12.401,3077.283,0.0
2024-03-01 16:37:53.056,0 days 00:51:17.383000,652.1692986302402,7939.827352202299,-143.14492164892332,OnTrack,143.0,9127.0,71.0,0,8,3,781.8244444444445,0.14474386252252047,81,324.3672222222219,interpolation,0 days 00:00:12.501000,12.501,3077.383,0.0
2024-03-01 16:37:53.156,0 days 00:51:17.483000,692.0,7922.0,-143.0,OnTrack,146.33333333333334,9362.333333333334,72.0,0,8,3,786.2810022233026,0.145568931872872,81,328.0116666666664,interpolation,0 days 00:00:12.601000,12.601,3077.483,0.0
2024-03-01 16:37:53.256,0 days 00:51:17.583000,748.8123324811452,7900.728352614466,-142.99746542553163,OnTrack,149.66666666666666,9597.666666666666,73.0,0,8,3,790.9308366769153,0.1464297836966909,81,331.65611111111076,interpolation,0 days 00:00:12.701000,12.701,3077.583,0.0
2024-03-01 16:37:53.356,0 days 00:51:17.683000,807.0,7881.0,-143.0,OnTrack,153.0,9833.0,74.0,0,8,4,795.4244444444445,0.147261712334322,81,335.3005555555552,interpolation,0 days 00:00:12.801000,12.801,3077.683,0.0
2024-03-01 16:37:53.456,0 days 00:51:17.783000,850.9567064828886,7867.8025321109135,-142.87028579788705,OnTrack,157.0,9906.5,77.0,0,8,4,799.7035746675069,0.14805393345394052,81,338.55055555555515,interpolation,0 days 00:00:12.901000,12.901,3077.783,0.0
2024-03-01 16:37:53.556,0 days 00:51:17.883000,880.6824519298119,7861.135948947203,-142.60832281919278,OnTrack,161.0,9980.0,80.0,0,8,4,804.3688888888889,0.14891765114028624,81,341.8005555555551,interpolation,0 days 00:00:13.001000,13.001,3077.883,0.0
2024-03-01 16:37:53.656,0 days 00:51:17.983000,899.8382644629527,7860.307393034492,-142.25295325587408,OnTrack,164.5,10428.5,88.0,0,8,4,810.0210486513772,0.14996406947809898,81,345.63388888888835,interpolation,0 days 00:00:13.101000,13.101,3077.983,0.0
2024-03-01 16:37:53.756,0 days 00:51:18.083000,930.3904252825807,7861.159698241849,-142.0372314529088,OnTrack,168.0,10877.0,96.0,0,8,4,815.568888888889,0.15099117451471106,81,349.4672222222216,interpolation,0 days 00:00:13.201000,13.201,3078.083,0.0
2024-03-01 16:37:53.856,0 days 00:51:18.183000,976.0,7863.0,-142.0,OnTrack,172.33333333333334,11064.0,96.33333333333333,0,8,4,819.9212445353421,0.15179695229745482,81,351.78796296296235,interpolation,0 days 00:00:13.301000,13.301,3078.183,0.0
2024-03-01 16:37:53.956,0 days 00:51:18.283000,1034.0,7866.0,-142.0,OnTrack,176.66666666666666,11251.0,96.66666666666667,0,8,4,823.3721534030775,0.1524358398153351,81,354.10870370370304,interpolation,0 days 00:00:13.401000,13.401,3078.283,0.0
2024-03-01 16:37:54.056,0 days 00:51:18.383000,1088.3885755209321,7871.1899031135345,-141.18968240948152,OnTrack,181.0,11438.0,97.0,0,8,4,827.6858333333334,0.15323445733008267,81,356.4294444444438,interpolation,0 days 00:00:13.501000,13.501,3078.383,0.0
2024-03-01 16:37:54.156,0 days 00:51:18.483000,1137.4620386332122,7878.557573259318,-139.57064336484174,OnTrack,184.66666666666666,11242.333333333334,98.0,0,8,4,833.1563191275197,0.1542472412732705,81,359.27388888888817,interpolation,0 days 00:00:13.601000,13.601,3078.483,0.0
2024-03-01 16:37:54.256,0 days 00:51:18.583000,1187.0,7887.0,-138.0,OnTrack,188.33333333333334,11046.666666666666,99.0,0,8,4,839.4708109302541,0.1554162811260012,81,362.1183333333326,interpolation,0 days 00:00:13.701000,13.701,3078.583,0.0
2024-03-01 16:37:54.356,0 days 00:51:18.683000,1237.9657231332296,7896.333349203929,-136.62060443920421,OnTrack,192.0,10851.0,100.0,0,8,4,844.7525000000002,0.15639411199587283,81,364.962777777777,interpolation,0 days 00:00:13.801000,13.801,3078.683,0.0
2024-03-01 16:37:54.456,0 days 00:51:18.783000,1290.3592080329013,7906.5576208711045,-135.43245668245441,OnTrack,193.5,10734.5,100.0,0,8,4,848.6885832782893,0.15712282277098133,81,367.0738888888881,interpolation,0 days 00:00:13.901000,13.901,3078.783,0.0
2024-03-01 16:37:54.556,0 days 00:51:18.883000,1341.323088916122,7917.253082102728,-134.27808058447738,OnTrack,195.0,10618.0,100.0,0,8,5,853.4191666666668,0.1579986241308444,81,369.18499999999926,interpolation,0 days 00:00:14.001000,14.001,3078.883,0.0
2024-03-01 16:37:54.656,0 days 00:51:18.983000,1388.0,7928.0,-133.0,OnTrack,199.0,10917.5,100.0,0,8,5,861.0843560666779,0.15941772675497975,81,372.6849999999993,interpolation,0 days 00:00:14.101000,14.101,3078.983,0.0
2024-03-01 16:37:54.756,0 days 00:51:19.083000,1430.3899412845353,7938.7983745629235,-131.59821492902228,OnTrack,203.0,11217.0,100.0,0,8,5,869.2080555555557,0.16092171611006822,81,376.1849999999994,interpolation,0 days 00:00:14.201000,14.201,3079.083,0.0
2024-03-01 16:37:54.856,0 days 00:51:19.183000,1474.0,7951.0,-130.0,OnTrack,204.5,11159.75,100.0,0,8,5,875.3141692105339,0.1620521776627907,81,378.1183333333327,interpolation,0 days 00:00:14.301000,14.301,3079.183,0.0
2024-03-01 16:37:54.956,0 days 00:51:19.283000,1524.3372633766662,7965.956670519736,-128.132629841389,OnTrack,206.0,11102.5,100.0,0,8,5,879.4026970316127,0.1628091114131472,81,380.05166666666605,interpolation,0 days 00:00:14.401000,14.401,3079.283,0.0
2024-03-01 16:37:55.056,0 days 00:51:19.383000,1584.0,7985.0,-126.0,OnTrack,207.5,11045.25,100.0,0,8,5,883.0383485591071,0.16348220145096173,81,381.9849999999994,interpolation,0 days 00:00:14.501000,14.501,3079.383,0.0
2024-03-01 16:37:55.156,0 days 00:51:19.483000,1655.586478455467,8009.461602318659,-123.60600602264381,OnTrack,209.0,10988.0,100.0,0,8,5,887.7858333333335,0.16436113186605855,81,383.9183333333327,interpolation,0 days 00:00:14.601000,14.601,3079.483,0.0
2024-03-01 16:37:55.256,0 days 00:51:19.583000,1731.0,8033.0,-121.0,OnTrack,214.5,10744.5,100.0,0,8,5,893.6451513542913,0.1654459026584375,81,386.0572222222216,interpolation,0 days 00:00:14.701000,14.701,3079.583,0.0
2024-03-01 16:37:55.356,0 days 00:51:19.683000,1802.1438658905322,8049.273715568308,-118.23133402274823,OnTrack,220.0,10501.0,100.0,0,8,5,900.0080555555558,0.1666239053897364,81,388.19611111111044,interpolation,0 days 00:00:14.801000,14.801,3079.683,0.0
2024-03-01 16:37:55.456,0 days 00:51:19.783000,1859.0,8060.0,-116.0,OnTrack,221.0,10522.0,100.0,0,8,5,906.2662988707024,0.167782531621593,81,390.3072222222215,interpolation,0 days 00:00:14.901000,14.901,3079.783,0.0
2024-03-01 16:37:55.556,0 days 00:51:19.883000,1891.5503262013399,8066.896104271495,-115.00598984086679,OnTrack,222.0,10543.0,100.0,0,8,5,912.341388888889,0.1689072495818113,81,392.4183333333326,interpolation,0 days 00:00:15.001000,15.001,3079.883,0.0
2024-03-01 16:37:55.656,0 days 00:51:19.983000,1912.2688513742808,8070.162275217737,-114.72375632661752,OnTrack,225.0,10689.5,100.0,0,8,6,918.1548331992741,0.16998352749819523,81,394.41833333333255,interpolation,0 days 00:00:15.101000,15.101,3079.983,0.0
2024-03-01 16:37:55.756,0 days 00:51:20.083000,1996.0,8071.0,-112.0,OnTrack,228.0,10836.0,100.0,0,8,6,925.0080555555556,0.1712523057790774,81,396.4183333333325,interpolation,0 days 00:00:15.201000,15.201,3080.083,0.0
2024-03-01 16:37:55.856,0 days 00:51:20.183000,2137.0,8070.0,-107.0,OnTrack,230.0,10887.0,100.0,0,8,6,934.2024797114325,0.1729545248327905,81,399.1405555555548,interpolation,0 days 00:00:15.301000,15.301,3080.183,0.0
2024-03-01 16:37:55.956,0 days 00:51:20.283000,2225.960851562017,8069.505122190532,-103.86876798512913,OnTrack,232.0,10938.0,100.0,0,8,6,943.0525000000001,0.17459298232676182,81,401.86277777777707,interpolation,0 days 00:00:15.401000,15.401,3080.283,0.0
2024-03-01 16:37:56.056,0 days 00:51:20.383000,2244.6644614410206,8069.905843066297,-103.29714276888865,OnTrack,234.0,11080.5,100.0,0,8,6,948.8725107543537,0.17567047592841858,81,403.3294444444437,interpolation,0 days 00:00:15.501000,15.501,3080.383,0.0
2024-03-01 16:37:56.156,0 days 00:51:20.483000,2255.785840599515,8067.853642408913,-103.07694616820383,OnTrack,236.0,11223.0,100.0,0,8,6,953.5413888888891,0.17653485342344535,81,404.79611111111035,interpolation,0 days 00:00:15.601000,15.601,3080.483,0.0
2024-03-01 16:37:56.256,0 days 00:51:20.583000,2322.0,8060.0,-101.0,OnTrack,238.0,11274.333333333334,100.0,0,8,6,958.9380113180016,0.1775339625975266,81,406.40351851851784,interpolation,0 days 00:00:15.701000,15.701,3080.583,0.0
2024-03-01 16:37:56.356,0 days 00:51:20.683000,2443.306939642479,8046.34491583956,-97.06630426427716,OnTrack,240.0,11325.666666666666,100.0,0,8,6,965.1122806621534,0.17867704222298136,81,408.0109259259253,interpolation,0 days 00:00:15.801000,15.801,3080.683,0.0
2024-03-01 16:37:56.456,0 days 00:51:20.783000,2569.0,8032.0,-93.0,OnTrack,242.0,11377.0,100.0,0,8,6,972.3636111111113,0.18001952464990922,81,409.61833333333277,interpolation,0 days 00:00:15.901000,15.901,3080.783,0.0
2024-03-01 16:37:56.556,0 days 00:51:20.883000,2648.3725215456143,8022.076862553728,-90.5252282461332,OnTrack,244.0,11532.5,100.0,0,8,6,980.7419047743367,0.18157064855602467,81,411.11833333333277,interpolation,0 days 00:00:16.001000,16.001,3080.883,0.0
2024-03-01 16:37:56.656,0 days 00:51:20.983000,2681.4245042793223,8016.575503500748,-89.64198900267674,OnTrack,246.0,11688.0,100.0,0,10,6,988.7636111111111,0.18305575530531693,81,412.61833333333277,interpolation,0 days 00:00:16.101000,16.101,3080.983,1.0
2024-03-01 16:37:56.756,0 days 00:51:21.083000,2702.014234873369,8011.286392697392,-89.1877552578819,OnTrack,247.33333333333334,11268.0,100.0,0,10,6,994.945179580716,0.18420018626177517,81,412.485555555555,interpolation,0 days 00:00:16.201000,16.201,3081.083,1.0
2024-03-01 16:37:56.856,0 days 00:51:21.183000,2744.0,8002.0,-88.0,OnTrack,248.66666666666666,10848.0,100.0,0,14,6,999.6836010964081,0.18507743874129884,81,412.35277777777713,interpolation,0 days 00:00:16.301000,16.301,3081.183,1.0
2024-03-01 16:37:56.956,0 days 00:51:21.283000,2807.381799659215,7988.71632540857,-86.07872322903098,OnTrack,250.0,10428.0,100.0,0,14,6,1005.3608333333334,0.18612849889712946,81,412.21999999999935,interpolation,0 days 00:00:16.401000,16.401,3081.283,1.0
2024-03-01 16:37:57.056,0 days 00:51:21.383000,2889.9003634987503,7971.862352960813,-83.53107956279345,OnTrack,253.0,10476.666666666666,100.0,0,12,7,1012.373871269957,0.18742686479778273,81,410.6496296296289,interpolation,0 days 00:00:16.501000,16.501,3081.383,1.0
2024-03-01 16:37:57.156,0 days 00:51:21.483000,2978.0,7954.0,-81.0,OnTrack,256.0,10525.333333333334,100.0,0,12,7,1020.4977909511249,0.18893089491839446,81,409.07925925925855,interpolation,0 days 00:00:16.601000,16.601,3081.483,1.0
2024-03-01 16:37:57.256,0 days 00:51:21.583000,3069.4214156756557,7935.556254936182,-78.59264025573813,OnTrack,259.0,10574.0,100.0,0,12,7,1028.3830555555558,0.19039074138900267,81,407.5088888888881,interpolation,0 days 00:00:16.701000,16.701,3081.583,1.0
2024-03-01 16:37:57.356,0 days 00:51:21.683000,3164.164610525715,7916.531117769358,-76.30900033000782,OnTrack,260.75,10674.25,100.0,0,12,7,1035.8047434313055,0.19176476311115018,81,404.92555555555475,interpolation,0 days 00:00:16.801000,16.801,3081.683,1.0
2024-03-01 16:37:57.456,0 days 00:51:21.783000,3250.5755001129173,7899.2404217178555,-74.37086023927363,OnTrack,262.5,10774.5,100.0,0,12,7,1042.762854578374,0.19305296008483697,81,402.3422222222214,interpolation,0 days 00:00:16.901000,16.901,3081.783,1.0
2024-03-01 16:37:57.556,0 days 00:51:21.883000,3317.0,7886.0,-73.0,OnTrack,264.25,10874.75,100.0,0,12,7,1049.9199551029221,0.19437799715901183,81,399.758888888888,interpolation,0 days 00:00:17.001000,17.001,3081.883,1.0
2024-03-01 16:37:57.656,0 days 00:51:21.983000,3363.4381101869635,7876.809852615791,-72.196419612187,OnTrack,266.0,10975.0,100.0,0,12,7,1057.9386111111114,0.19586253918262364,81,397.17555555555464,interpolation,0 days 00:00:17.101000,17.101,3081.983,1.0
2024-03-01 16:37:57.756,0 days 00:51:22.083000,3389.889830673808,7871.669979565231,-71.9601190758346,OnTrack,266.0,10999.5,100.0,0,12,7,1066.818822602942,0.19750658615567238,81,393.67555555555475,interpolation,0 days 00:00:17.201000,17.201,3082.083,1.0
2024-03-01 16:37:57.856,0 days 00:51:22.183000,3427.146635823748,7864.195116732055,-71.49375900156491,OnTrack,266.0,11024.0,100.0,0,12,7,1075.6719444444445,0.19914561785879617,81,390.17555555555487,interpolation,0 days 00:00:17.301000,17.301,3082.183,1.0
2024-03-01 16:37:57.956,0 days 00:51:22.283000,3506.0,7848.0,-70.0,OnTrack,268.6666666666667,11110.333333333334,100.0,0,12,7,1083.6093315016512,0.20061511407263322,81,386.8829629629622,interpolation,0 days 00:00:17.401000,17.401,3082.283,1.0
2024-03-01 16:37:58.056,0 days 00:51:22.383000,3626.4499232025637,7823.084629369068,-67.4788420711399,OnTrack,271.3333333333333,11196.666666666666,100.0,0,12,7,1090.6583341581368,0.20192013833822295,81,383.59037037036956,interpolation,0 days 00:00:17.501000,17.501,3082.383,1.0
2024-03-01 16:37:58.156,0 days 00:51:22.483000,3743.0,7799.0,-65.0,OnTrack,274.0,11283.0,100.0,0,12,7,1096.9830555555557,0.20309107205735447,81,380.2977777777769,interpolation,0 days 00:00:17.601000,17.601,3082.483,1.0
2024-03-01 16:37:58.256,0 days 00:51:22.583000,3810.1538249608693,7785.297107053535,-63.633188571595724,OnTrack,274.0,11283.0,100.0,0,12,7,1102.6108463575522,0.2041329788229181,81,377.3422222222214,interpolation,0 days 00:00:17.701000,17.701,3082.583,1.0
2024-03-01 16:37:58.356,0 days 00:51:22.683000,3838.547798904751,7779.749661771921,-63.1300005332561,OnTrack,274.0,11283.0,100.0,0,12,7,1109.1608333333334,0.20534561731367346,81,374.38666666666586,interpolation,0 days 00:00:17.801000,17.801,3082.683,1.0
2024-03-01 16:37:58.456,0 days 00:51:22.783000,3892.0,7769.0,-62.0,OnTrack,276.5,11384.0,100.0,0,12,7,1118.2521432521062,0.20702874620838022,81,369.5866666666659,interpolation,0 days 00:00:17.901000,17.901,3082.783,1.0
2024-03-01 16:37:58.556,0 days 00:51:22.883000,3981.14672015001,7750.821855777099,-59.99478226283368,OnTrack,279.0,11485.0,100.0,0,12,7,1127.7608333333333,0.20878914720334318,81,364.78666666666595,interpolation,0 days 00:00:18.001000,18.001,3082.883,1.0
2024-03-01 16:37:58.656,0 days 00:51:22.983000,4074.0,7732.0,-58.0,OnTrack,280.6666666666667,11485.0,100.0,0,12,7,1135.562960796477,0.2102336019948673,81,360.7940740740733,interpolation,0 days 00:00:18.101000,18.101,3082.983,1.0
2024-03-01 16:37:58.756,0 days 00:51:23.083000,4138.571880195193,7719.319203565488,-56.901305889741806,OnTrack,282.3333333333333,11485.0,100.0,0,12,7,1142.0809931228557,0.21144032452915326,81,356.8014814814807,interpolation,0 days 00:00:18.201000,18.201,3083.083,1.0
2024-03-01 16:37:58.856,0 days 00:51:23.183000,4197.0,7708.0,-56.0,OnTrack,284.0,11485.0,100.0,0,12,7,1149.8497222222222,0.21287859608068097,81,352.8088888888881,interpolation,0 days 00:00:18.301000,18.301,3083.183,1.0
2024-03-01 16:37:58.956,0 days 00:51:23.283000,4271.421998678832,7693.262922829967,-54.59738239871551,OnTrack,285.0,11617.0,100.0,0,12,7,1159.2916112498494,0.21462662979474437,81,347.5088888888881,interpolation,0 days 00:00:18.401000,18.401,3083.283,1.0
2024-03-01 16:37:59.056,0 days 00:51:23.383000,4352.0,7677.0,-53.0,OnTrack,286.0,11749.0,100.0,0,12,7,1168.9163888888888,0.2164085227776184,81,342.20888888888817,interpolation,0 days 00:00:18.501000,18.501,3083.383,1.0
2024-03-01 16:37:59.156,0 days 00:51:23.483000,4428.896127731817,7661.103259454707,-51.514399717965205,OnTrack,286.5,11797.0,100.0,0,12,7,1177.2337838224921,0.2179483721355781,81,337.6533333333326,interpolation,0 days 00:00:18.601000,18.601,3083.483,1.0
2024-03-01 16:37:59.256,0 days 00:51:23.583000,4507.0,7645.0,-50.0,OnTrack,287.0,11845.0,100.0,0,12,7,1184.8608333333332,0.21936041369259812,81,333.0977777777771,interpolation,0 days 00:00:18.701000,18.701,3083.583,1.0
2024-03-01 16:37:59.356,0 days 00:51:23.683000,4591.201234930275,7628.117520441792,-48.31621929349336,OnTrack,288.0,11350.0,100.0,0,12,7,1192.4145747040864,0.22075888327265314,81,328.7162962962955,interpolation,0 days 00:00:18.801000,18.801,3083.683,1.0
2024-03-01 16:37:59.456,0 days 00:51:23.783000,4681.49983252264,7610.455820780084,-46.463057598445246,OnTrack,289.0,10855.0,100.0,0,12,7,1199.9077029873704,0.2221461311872025,81,324.334814814814,interpolation,0 days 00:00:18.901000,18.901,3083.783,1.0
2024-03-01 16:37:59.556,0 days 00:51:23.883000,4771.298513853685,7593.066210728333,-44.62836710417452,OnTrack,290.0,10360.0,100.0,0,12,7,1207.4163888888888,0.2235362593772036,81,319.95333333333247,interpolation,0 days 00:00:19.001000,19.001,3083.883,1.0
2024-03-01 16:37:59.656,0 days 00:51:23.983000,4854.0,7577.0,-43.0,OnTrack,291.6666666666667,10408.333333333334,100.0,0,12,7,1214.9533275912586,0.22493161817818308,81,315.59777777777686,interpolation,0 days 00:00:19.101000,19.101,3083.983,1.0
2024-03-01 16:37:59.756,0 days 00:51:24.083000,4929.604290961586,7562.257188595084,-41.57795628592169,OnTrack,293.3333333333333,10456.666666666666,100.0,0,12,8,1222.546171403841,0.2263373270285176,81,311.24222222222124,interpolation,0 days 00:00:19.201000,19.201,3084.083,1.0
2024-03-01 16:37:59.856,0 days 00:51:24.183000,5000.164570026823,7548.422026404293,-40.32303175930662,OnTrack,295.0,10505.0,100.0,0,12,8,1230.3608333333334,0.22778410240119884,81,306.88666666666563,interpolation,0 days 00:00:19.301000,19.301,3084.183,1.0
2024-03-01 16:37:59.956,0 days 00:51:24.283000,5078.0,7533.0,-39.0,OnTrack,295.5,10537.75,100.0,0,12,8,1238.4249654059392,0.2292770636821807,81,302.27555555555455,interpolation,0 days 00:00:19.401000,19.401,3084.283,1.0
2024-03-01 16:38:00.056,0 days 00:51:24.383000,5165.163785194203,7515.57535501561,-37.569656403915744,OnTrack,296.0,10570.5,100.0,0,12,8,1246.738567621659,0.23081621087146326,81,297.66444444444346,interpolation,0 days 00:00:19.501000,19.501,3084.383,1.0
2024-03-01 16:38:00.156,0 days 00:51:24.483000,5254.0,7498.0,-36.0,OnTrack,296.5,10603.25,100.0,0,12,8,1255.113302693216,0.2323666759540961,81,293.0533333333324,interpolation,0 days 00:00:19.601000,19.601,3084.483,1.0
2024-03-01 16:38:00.256,0 days 00:51:24.583000,5336.8527188079615,7482.125843502051,-34.25902981719892,OnTrack,297.0,10636.0,100.0,0,12,8,1263.3608333333332,0.23389359091512898,81,288.4422222222213,interpolation,0 days 00:00:19.701000,19.701,3084.583,1.0
2024-03-01 16:38:00.356,0 days 00:51:24.683000,5413.432199692398,7467.899426888275,-32.42861856664366,OnTrack,298.25,10665.5,100.0,0,12,8,1271.4811595420113,0.2353969557545618,81,284.15374999999904,interpolation,0 days 00:00:19.801000,19.801,3084.683,1.0
2024-03-01 16:38:00.456,0 days 00:51:24.783000,5482.0,7455.0,-31.0,OnTrack,299.5,10695.0,100.0,0,12,8,1279.4742813192495,0.23687677047239464,81,279.8652777777768,interpolation,0 days 00:00:19.901000,19.901,3084.783,1.0
2024-03-01 16:38:00.556,0 days 00:51:24.883000,5542.26638077202,7443.374104751153,-30.055045990026805,OnTrack,300.75,10724.5,100.0,0,12,8,1287.8205402146407,0.23842196358923348,81,275.57680555555453,interpolation,0 days 00:00:20.001000,20.001,3084.883,1.0
2024-03-01 16:38:00.656,0 days 00:51:24.983000,5613.0,7430.0,-29.0,OnTrack,302.0,10754.0,100.0,0,12,8,1297.0002777777777,0.24012146362568432,81,271.2883333333323,interpolation,0 days 00:00:20.101000,20.101,3084.983,1.0
2024-03-01 16:38:00.756,0 days 00:51:25.083000,5712.969515675482,7411.855944604814,-27.24110549319547,OnTrack,302.3333333333333,10773.333333333334,100.0,0,12,8,1307.0134940086598,0.24197527058174717,81,266.6216666666656,interpolation,0 days 00:00:20.201000,20.201,3085.083,1.0
2024-03-01 16:38:00.856,0 days 00:51:25.183000,5828.0,7391.0,-25.0,OnTrack,302.6666666666667,10792.666666666666,100.0,0,12,8,1317.6112914573177,0.24393730457524815,81,261.95499999999896,interpolation,0 days 00:00:20.301000,20.301,3085.183,1.0
2024-03-01 16:38:00.956,0 days 00:51:25.283000,5943.91652517508,7369.4902276199655,-22.498321050800342,OnTrack,303.0,10812.0,100.0,0,12,8,1327.3002777777776,0.24573108489756565,81,257.2883333333323,interpolation,0 days 00:00:20.401000,20.401,3085.283,1.0
2024-03-01 16:38:01.056,0 days 00:51:25.383000,6059.0,7348.0,-20.0,OnTrack,303.0,10807.666666666666,100.0,0,12,8,1335.8315529713482,0.2473105311946655,81,253.94388888888776,interpolation,0 days 00:00:20.501000,20.501,3085.383,1.0
2024-03-01 16:38:01.156,0 days 00:51:25.483000,6171.531333274041,7327.202689675393,-17.76896820200247,OnTrack,303.0,10803.333333333334,100.0,0,12,8,1343.3657814160526,0.24870538822933969,81,250.59944444444326,interpolation,0 days 00:00:20.601000,20.601,3085.483,1.0
2024-03-01 16:38:01.256,0 days 00:51:25.583000,6281.510524997199,7307.098296646143,-15.805225656807755,OnTrack,303.0,10799.0,100.0,0,12,8,1350.8669444444445,0.2500941236645845,81,247.25499999999874,interpolation,0 days 00:00:20.701000,20.701,3085.583,1.0
2024-03-01 16:38:01.356,0 days 00:51:25.683000,6377.48445422176,7289.694755293824,-14.188870283209162,OnTrack,303.3333333333333,10808.666666666666,100.0,0,12,8,1358.4957047893536,0.25150648195860714,81,244.2216666666653,interpolation,0 days 00:00:20.801000,20.801,3085.683,1.0
2024-03-01 16:38:01.456,0 days 00:51:25.783000,6448.0,7277.0,-13.0,OnTrack,303.6666666666667,10818.333333333334,100.0,0,12,8,1366.2937702484348,0.25295018472688396,81,241.18833333333183,interpolation,0 days 00:00:20.901000,20.901,3085.783,1.0
2024-03-01 16:38:01.556,0 days 00:51:25.883000,6493.057162331923,7269.014030764674,-12.23861480718027,OnTrack,304.0,10828.0,100.0,0,12,8,1374.511388888889,0.25447156189948134,81,238.15499999999838,interpolation,0 days 00:00:21.001000,21.001,3085.883,1.0
2024-03-01 16:38:01.656,0 days 00:51:25.983000,6512.655941217528,7265.736847587847,-11.904714704749969,OnTrack,296.3333333333333,10500.333333333334,66.66666666666666,0,12,8,1383.190268935462,0.25607833517094547,81,235.66611111110947,interpolation,0 days 00:00:21.101000,21.101,3085.983,1.0
2024-03-01 16:38:01.756,0 days 00:51:26.083000,6540.676749494369,7260.841240617096,-11.368457249944687,OnTrack,288.6666666666667,10172.666666666666,33.33333333333333,0,12,8,1392.0590042861684,0.2577202574969523,81,233.1772222222206,interpolation,0 days 00:00:21.201000,21.201,3086.083,1.0
2024-03-01 16:38:01.856,0 days 00:51:26.183000,6611.0,7248.0,-10.0,OnTrack,281.0,9845.0,0.0,0,12,8,1399.489166666667,0.25909584815514297,81,230.68833333333168,interpolation,0 days 00:00:21.301000,21.301,3086.183,1.0
2024-03-01 16:38:01.956,0 days 00:51:26.283000,6714.0,7229.0,-8.0,OnTrack,264.0,9417.5,0.0,0,12,8,1405.2093527541565,0.2601548606157206,81,229.57722222222048,interpolation,0 days 00:00:21.401000,21.401,3086.283,1.0
2024-03-01 16:38:02.056,0 days 00:51:26.383000,6791.92288878811,7214.562431305119,-6.5723933562857955,OnTrack,247.0,8990.0,0.0,0,12,8,1410.4669444444448,0.26112823019277365,81,228.46611111110929,interpolation,0 days 00:00:21.501000,21.501,3086.383,1.0
2024-03-01 16:38:02.156,0 days 00:51:26.483000,6839.8474715624425,7205.614685200057,-5.802687431875275,OnTrack,233.5,8891.5,0.0,1,8,8,1416.5093236333391,0.2622468922003906,81,228.18833333333146,interpolation,0 days 00:00:21.601000,21.601,3086.483,0.0
2024-03-01 16:38:02.256,0 days 00:51:26.583000,6886.0,7197.0,-5.0,OnTrack,220.0,8793.0,0.0,1,8,8,1422.689166666667,0.26339100371645147,81,227.91055555555363,interpolation,0 days 00:00:21.701000,21.701,3086.583,0.0
2024-03-01 16:38:02.356,0 days 00:51:26.683000,6935.084825293927,7187.858919824577,-4.049184612417057,OnTrack,206.33333333333334,9081.666666666666,0.0,1,8,8,1428.3591498902565,0.26444072181883616,81,229.0661111111092,interpolation,0 days 00:00:21.801000,21.801,3086.683,0.0
2024-03-01 16:38:02.456,0 days 00:51:26.783000,6987.0,7177.0,-3.0,OnTrack,192.66666666666666,9370.333333333334,0.0,1,8,8,1433.5671332373622,0.26540490710489323,81,230.22166666666476,pos,0 days 00:00:21.901000,21.901,3086.783,0.0
2024-03-01 16:38:02.556,0 days 00:51:26.883000,7041.643576674001,7163.231795852482,-1.902204893622382,OnTrack,179.0,9659.0,0.0,1,8,7,1438.600277777778,0.2663367234309121,81,231.37722222222033,interpolation,0 days 00:00:22.001000,22.001,3086.883,0.0
2024-03-01 16:38:02.656,0 days 00:51:26.983000,7098.002677003704,7146.780136101344,-0.8046009934865577,OnTrack,173.5,9848.0,0.0,1,8,7,1443.506443934847,0.2672450314849741,81,232.84944444444272,interpolation,0 days 00:00:22.101000,22.101,3086.983,0.0
2024-03-01 16:38:02.756,0 days 00:51:27.083000,7150.0,7129.0,0.0,OnTrack,168.0,10037.0,0.0,1,8,7,1447.9336111111113,0.268064659576266,81,234.32166666666512,interpolation,0 days 00:00:22.201000,22.201,3087.083,0.0
2024-03-01 16:38:02.856,0 days 00:51:27.183000,7196.622656978734,7110.117218580272,0.4627958869029679,OnTrack,163.0,9803.0,0.0,1,8,7,1451.5297587091122,0.26873043601397467,81,236.44666666666512,interpolation,0 days 00:00:22.301000,22.301,3087.183,0.0
2024-03-01 16:38:02.956,0 days 00:51:27.283000,7241.0,7089.0,1.0,OnTrack,158.0,9569.0,0.0,1,8,5,1454.29488672885,0.26924236079810004,81,238.57166666666512,interpolation,0 days 00:00:22.401000,22.401,3087.283,0.0
2024-03-01 16:38:03.056,0 days 00:51:27.383000,7286.261381123893,7064.516552417031,2.0278256720687504,OnTrack,153.0,9335.0,0.0,1,8,5,1457.5793769397187,0.26985043822893084,81,240.69666666666512,interpolation,0 days 00:00:22.501000,22.501,3087.383,0.0
2024-03-01 16:38:03.156,0 days 00:51:27.483000,7328.0,7039.0,3.0,OnTrack,148.0,9101.0,0.0,1,8,5,1462.7336111111113,0.27080467260675595,81,242.82166666666512,interpolation,0 days 00:00:22.601000,22.601,3087.483,0.0
2024-03-01 16:38:03.256,0 days 00:51:27.583000,7361.809056277905,7014.7834669175445,3.3702500806845324,OnTrack,148.0,8692.0,0.0,1,8,5,1469.311388888889,0.27202245617586257,81,246.68833333333168,interpolation,0 days 00:00:22.701000,22.701,3087.583,0.0
2024-03-01 16:38:03.356,0 days 00:51:27.683000,7388.173164829632,6991.95023581434,3.3269123902738307,OnTrack,145.0,8592.2,0.0,1,8,4,1474.635494440899,0.2730081398642551,81,249.41988888888721,interpolation,0 days 00:00:22.801000,22.801,3087.683,0.0
2024-03-01 16:38:03.456,0 days 00:51:27.783000,7410.0,6971.0,4.0,OnTrack,142.0,8492.4,0.0,1,8,4,1478.2597228438872,0.2736791150703132,81,252.15144444444277,interpolation,0 days 00:00:22.901000,22.901,3087.783,0.0
2024-03-01 16:38:03.556,0 days 00:51:27.883000,7427.774171698601,6952.016041266389,5.577847457458883,OnTrack,139.0,8392.6,0.0,1,8,4,1480.4479493723336,0.2740842346109623,81,254.8829999999983,interpolation,0 days 00:00:23.001000,23.001,3087.883,0.0
2024-03-01 16:38:03.656,0 days 00:51:27.983000,7445.0,6927.0,7.0,OnTrack,136.0,8292.8,0.0,1,8,4,1482.7834175669009,0.27451661388700355,81,257.61455555555386,interpolation,0 days 00:00:23.101000,23.101,3087.983,0.0
2024-03-01 16:38:03.756,0 days 00:51:28.083000,7465.181804978762,6887.953516587328,7.206002864972869,OnTrack,133.0,8193.0,0.0,1,8,4,1485.5300000000002,0.2750251052151121,81,260.3461111111094,interpolation,0 days 00:00:23.201000,23.201,3088.083,0.0
2024-03-01 16:38:03.856,0 days 00:51:28.183000,7483.0,6845.0,7.0,OnTrack,130.0,8042.0,0.5,1,8,4,1488.6876966716318,0.2756097085952881,81,263.7072222222206,interpolation,0 days 00:00:23.301000,23.301,3088.183,0.0
2024-03-01 16:38:03.956,0 days 00:51:28.283000,7493.13499842883,6808.262859209646,7.186135352703903,OnTrack,127.0,7891.0,1.0,1,8,4,1492.5855555555556,0.27633134265832604,81,267.0683333333318,interpolation,0 days 00:00:23.401000,23.401,3088.283,0.0
2024-03-01 16:38:04.056,0 days 00:51:28.383000,7496.436196753828,6776.915685368212,7.682762456089688,OnTrack,126.0,7799.5,3.9999999999999996,1,8,4,1497.5526246255326,0.2772509260350207,81,271.929444444443,interpolation,0 days 00:00:23.501000,23.501,3088.383,0.0
2024-03-01 16:38:04.156,0 days 00:51:28.483000,7498.0,6746.0,8.0,OnTrack,125.0,7708.0,7.0,1,8,4,1502.3077777777778,0.2781312761430698,81,276.7905555555542,interpolation,0 days 00:00:23.601000,23.601,3088.483,0.0
2024-03-01 16:38:04.256,0 days 00:51:28.583000,7498.675813353789,6714.68938579449,8.056200681375847,OnTrack,124.0,7709.0,10.333333333333334,1,8,4,1505.5698889085063,0.2787352104001713,81,279.6794444444431,interpolation,0 days 00:00:23.701000,23.701,3088.583,0.0
2024-03-01 16:38:04.356,0 days 00:51:28.683000,7496.0,6675.0,8.0,OnTrack,123.0,7710.0,13.666666666666668,0,8,4,1507.6529730901852,0.2791208643056718,81,282.568333333332,interpolation,0 days 00:00:23.801000,23.801,3088.683,0.0
2024-03-01 16:38:04.456,0 days 00:51:28.783000,7487.5089231234415,6618.947999864855,7.9800334556552315,OnTrack,122.0,7711.0,17.0,0,8,4,1510.441111111111,0.2796370490697354,81,285.45722222222093,interpolation,0 days 00:00:23.901000,23.901,3088.783,0.0
2024-03-01 16:38:04.556,0 days 00:51:28.883000,7478.0,6567.0,8.0,OnTrack,122.66666666666667,7790.333333333333,24.0,0,8,4,1514.248314828254,0.28034189959640443,81,289.2238888888876,interpolation,0 days 00:00:24.001000,24.001,3088.883,0.0
2024-03-01 16:38:04.656,0 days 00:51:28.983000,7472.270647905563,6539.622615016388,8.06359858469277,OnTrack,123.33333333333333,7869.666666666667,31.0,0,8,4,1518.8436063366794,0.28119265355667367,81,292.99055555555424,interpolation,0 days 00:00:24.101000,24.101,3088.983,0.0
2024-03-01 16:38:04.756,0 days 00:51:29.083000,7469.193012234429,6531.862529151992,8.135085546048659,OnTrack,124.0,7949.0,38.0,0,8,4,1522.841111111111,0.28193273566284854,81,296.7572222222209,interpolation,0 days 00:00:24.201000,24.201,3089.083,0.0
2024-03-01 16:38:04.856,0 days 00:51:29.183000,7462.0,6514.0,8.0,OnTrack,124.75,8051.25,41.75,0,8,4,1526.0098488813896,0.2825193831480356,81,298.97944444444306,interpolation,0 days 00:00:24.301000,24.301,3089.183,0.0
2024-03-01 16:38:04.956,0 days 00:51:29.283000,7449.5637681457465,6481.08176252008,7.622598648875157,OnTrack,125.5,8153.5,45.5,0,8,4,1528.3498196475139,0.28295259601223466,81,301.20166666666523,interpolation,0 days 00:00:24.401000,24.401,3089.283,0.0
2024-03-01 16:38:05.056,0 days 00:51:29.383000,7433.0,6442.0,7.0,OnTrack,126.25,8255.75,49.25,0,8,4,1530.7576583676591,0.2833983736790263,81,303.4238888888874,interpolation,0 days 00:00:24.501000,24.501,3089.383,0.0
2024-03-01 16:38:05.156,0 days 00:51:29.483000,7413.424378891091,6405.646895727532,6.129322560700404,OnTrack,127.0,8358.0,53.0,0,8,4,1534.13,0.28402271557199105,81,305.6461111111096,interpolation,0 days 00:00:24.601000,24.601,3089.483,0.0
2024-03-01 16:38:05.256,0 days 00:51:29.583000,7393.0,6373.0,5.0,OnTrack,132.0,8580.5,53.5,0,8,4,1538.4668445445373,0.2848256216911289,81,308.47944444444295,interpolation,0 days 00:00:24.701000,24.701,3089.583,0.0
2024-03-01 16:38:05.356,0 days 00:51:29.683000,7373.889958507707,6345.0368631147285,3.6014659869224244,OnTrack,137.0,8803.0,54.0,0,8,4,1543.2633333333335,0.2857136245142303,81,311.3127777777763,interpolation,0 days 00:00:24.801000,24.801,3089.683,0.0
2024-03-01 16:38:05.456,0 days 00:51:29.783000,7355.915045279304,6321.295057108927,2.045190851688123,OnTrack,139.5,9032.25,61.0,0,8,4,1548.0146076984533,0.28659325651908574,81,313.329444444443,interpolation,0 days 00:00:24.901000,24.901,3089.783,0.0
2024-03-01 16:38:05.556,0 days 00:51:29.883000,7338.0,6299.0,1.0,OnTrack,142.0,9261.5,68.0,0,8,4,1552.7206676398957,0.2874645177056951,81,315.34611111110974,interpolation,0 days 00:00:25.001000,25.001,3089.883,0.0
2024-03-01 16:38:05.656,0 days 00:51:29.983000,7319.965611699776,6277.68925908987,0.5773649035405273,OnTrack,144.5,9490.75,75.0,0,8,4,1557.1897270947238,0.2882919015665236,81,317.36277777777644,interpolation,0 days 00:00:25.101000,25.101,3089.983,0.0
2024-03-01 16:38:05.756,0 days 00:51:30.083000,7301.085343894663,6256.693862554452,0.5995336248843254,OnTrack,147.0,9720.0,82.0,0,8,4,1561.23,0.2890399015940367,81,319.37944444444315,interpolation,0 days 00:00:25.201000,25.201,3090.083,0.0
2024-03-01 16:38:05.856,0 days 00:51:30.183000,7277.0,6232.0,0.0,OnTrack,153.0,9790.0,82.0,0,8,4,1564.841486355725,0.28970851778823414,81,320.60166666666544,interpolation,0 days 00:00:25.301000,25.301,3090.183,0.0
2024-03-01 16:38:05.956,0 days 00:51:30.283000,7246.983050971512,6202.938706452666,-1.3989860883673084,OnTrack,159.0,9860.0,82.0,0,8,4,1568.2966666666666,0.2903481961040904,81,321.8238888888877,interpolation,0 days 00:00:25.401000,25.401,3090.283,0.0
2024-03-01 16:38:06.056,0 days 00:51:30.383000,7212.0,6171.0,-3.0,OnTrack,163.66666666666666,10166.666666666666,88.0,0,8,4,1571.868021437594,0.29100938249657987,81,322.96462962962846,interpolation,0 days 00:00:25.501000,25.501,3090.383,0.0
2024-03-01 16:38:06.156,0 days 00:51:30.483000,7173.016350276264,6137.673898729552,-4.205617094680477,OnTrack,168.33333333333334,10473.333333333334,94.0,0,8,4,1575.821436894153,0.2917413020821145,81,324.1053703703692,interpolation,0 days 00:00:25.601000,25.601,3090.483,0.0
2024-03-01 16:38:06.256,0 days 00:51:30.583000,7130.032101800305,6102.9604026413235,-5.015837372408738,OnTrack,173.0,10780.0,100.0,0,8,4,1581.7522222222221,0.2928393040469758,81,325.24611111110994,interpolation,0 days 00:00:25.701000,25.701,3090.583,0.0
2024-03-01 16:38:06.356,0 days 00:51:30.683000,7086.531802424192,6069.266705232433,-5.568138963932629,OnTrack,173.0,10997.0,100.0,0,8,4,1589.441111111111,0.2942627943000531,81,327.5127777777766,interpolation,0 days 00:00:25.801000,25.801,3090.683,0.0
2024-03-01 16:38:06.456,0 days 00:51:30.783000,7046.0,6039.0,-6.0,OnTrack,176.8,10927.8,100.0,0,8,4,1595.9772195825235,0.29547286337980744,81,328.53944444444323,interpolation,0 days 00:00:25.901000,25.901,3090.783,0.0
2024-03-01 16:38:06.556,0 days 00:51:30.883000,7008.436694527727,6012.160286944024,-6.311420480610849,OnTrack,180.6,10858.6,100.0,0,8,4,1600.875402790693,0.2963796935025177,81,329.5661111111099,interpolation,0 days 00:00:26.001000,26.001,3090.883,0.0
2024-03-01 16:38:06.656,0 days 00:51:30.983000,6973.040158250732,5987.996253366613,-6.549851379858301,OnTrack,184.4,10789.4,100.0,0,8,4,1604.4222746393268,0.2970363472243241,81,330.5927777777765,interpolation,0 days 00:00:26.101000,26.101,3090.983,0.0
2024-03-01 16:38:06.756,0 days 00:51:31.083000,6935.0,5962.0,-7.0,OnTrack,188.2,10720.2,100.0,0,8,4,1608.3375273554725,0.2977612015121552,81,331.61944444444316,interpolation,0 days 00:00:26.201000,26.201,3091.083,0.0
2024-03-01 16:38:06.856,0 days 00:51:31.183000,6893.514483809158,5933.420206452811,-7.709317801029538,OnTrack,192.0,10651.0,100.0,0,8,4,1612.9077777777777,0.29860731946551455,81,332.6461111111098,interpolation,0 days 00:00:26.301000,26.301,3091.183,0.0
2024-03-01 16:38:06.956,0 days 00:51:31.283000,6848.893902114318,5902.422428977175,-8.577197667792227,OnTrack,196.0,10796.0,100.0,0,8,4,1618.133025906242,0.2995747010844021,81,333.45368055555423,interpolation,0 days 00:00:26.401000,26.401,3091.283,0.0
2024-03-01 16:38:07.056,0 days 00:51:31.383000,6803.0,5870.0,-9.0,OnTrack,200.0,10941.0,100.0,0,8,5,1624.013271740866,0.30066334636881786,81,334.26124999999865,interpolation,0 days 00:00:26.501000,26.501,3091.383,0.0
2024-03-01 16:38:07.156,0 days 00:51:31.483000,6757.0,5837.0,-9.0,OnTrack,204.0,11086.0,100.0,0,8,5,1630.132992816168,0.30179632714512133,81,335.0688194444431,interpolation,0 days 00:00:26.601000,26.601,3091.483,0.0
2024-03-01 16:38:07.256,0 days 00:51:31.583000,6716.035475439749,5807.511563571987,-9.314481616633401,OnTrack,208.0,11231.0,100.0,0,8,5,1636.0766666666666,0.3028967152396719,81,335.8763888888875,interpolation,0 days 00:00:26.701000,26.701,3091.583,0.0
2024-03-01 16:38:07.356,0 days 00:51:31.683000,6664.0,5769.0,-10.0,OnTrack,211.5,11349.0,100.0,0,8,5,1641.8442932923617,0.30396451065246954,81,336.6263888888876,interpolation,0 days 00:00:26.801000,26.801,3091.683,0.0
2024-03-01 16:38:07.456,0 days 00:51:31.783000,6583.9302228614015,5708.249099624999,-10.990230271207286,OnTrack,215.0,11467.0,100.0,0,8,5,1648.021111111111,0.305108062092357,81,337.37638888888773,interpolation,0 days 00:00:26.901000,26.901,3091.783,0.0
2024-03-01 16:38:07.556,0 days 00:51:31.883000,6503.0,5646.0,-12.0,OnTrack,216.0,10995.5,100.0,0,8,5,1655.1923585407721,0.30643571826817717,81,338.27638888888794,interpolation,0 days 00:00:27.001000,27.001,3091.883,0.0
2024-03-01 16:38:07.656,0 days 00:51:31.983000,6448.383187391851,5602.99383867802,-12.744136756122884,OnTrack,217.0,10524.0,100.0,0,8,5,1662.4877777777774,0.30778636311765567,81,339.17638888888814,interpolation,0 days 00:00:27.101000,27.101,3091.983,0.0
2024-03-01 16:38:07.756,0 days 00:51:32.083000,6420.079785036951,5579.230615659061,-13.222640539575938,OnTrack,221.5,10606.5,100.0,0,8,5,1669.037111018559,0.308998880578518,81,339.73194444444346,interpolation,0 days 00:00:27.201000,27.201,3092.083,0.0
2024-03-01 16:38:07.856,0 days 00:51:32.183000,6402.236490163576,5563.102084810573,-13.589824053241026,OnTrack,226.0,10689.0,100.0,0,8,5,1675.043333333333,0.3101108486465247,81,340.2874999999988,interpolation,0 days 00:00:27.301000,27.301,3092.183,0.0
2024-03-01 16:38:07.956,0 days 00:51:32.283000,6379.0,5543.0,-14.0,OnTrack,228.0,10781.75,100.0,0,8,5,1680.709419792316,0.3111598453174366,81,340.6124999999988,interpolation,0 days 00:00:27.401000,27.401,3092.283,0.0
2024-03-01 16:38:08.056,0 days 00:51:32.383000,6350.370314546224,5518.924361227348,-14.453168379852865,OnTrack,230.0,10874.5,100.0,0,8,5,1686.0353703955084,0.3121458705912537,81,340.93749999999886,interpolation,0 days 00:00:27.501000,27.501,3092.383,0.0
2024-03-01 16:38:08.156,0 days 00:51:32.483000,6314.243942425903,5487.780444396457,-15.006164671370694,OnTrack,232.0,10967.25,100.0,0,8,6,1691.715302467613,0.31319743058381205,81,341.2624999999989,interpolation,0 days 00:00:27.601000,27.601,3092.483,0.0
2024-03-01 16:38:08.256,0 days 00:51:32.583000,6258.0,5431.0,-16.0,OnTrack,234.0,11060.0,100.0,0,8,6,1698.443333333333,0.3144430314109479,81,341.58749999999895,interpolation,0 days 00:00:27.701000,27.701,3092.583,0.0
2024-03-01 16:38:08.356,0 days 00:51:32.683000,6179.5350174318155,5345.488335631631,-17.49150926231954,OnTrack,234.0,11158.0,100.0,0,8,6,1706.219462992668,0.31588267307266127,81,342.2208333333324,interpolation,0 days 00:00:27.801000,27.801,3092.683,0.0
2024-03-01 16:38:08.456,0 days 00:51:32.783000,6101.0,5257.0,-19.0,OnTrack,234.0,11256.0,100.0,0,8,6,1714.0433333333328,0.3173311532538967,81,342.85416666666583,interpolation,0 days 00:00:27.901000,27.901,3092.783,0.0
2024-03-01 16:38:08.556,0 days 00:51:32.883000,6044.54595298321,5191.289541813754,-20.04477975471209,OnTrack,236.75,11323.0,100.0,0,8,6,1720.9145862430416,0.31860326963959906,81,343.07916666666586,interpolation,0 days 00:00:28.001000,28.001,3092.883,0.0
2024-03-01 16:38:08.656,0 days 00:51:32.983000,6010.172876381444,5148.356961072893,-20.62584852645581,OnTrack,239.5,11390.0,100.0,0,8,6,1726.8332217217949,0.3196990222297682,81,343.3041666666659,interpolation,0 days 00:00:28.101000,28.101,3092.983,0.0
2024-03-01 16:38:08.756,0 days 00:51:33.083000,5994.8191788918175,5125.033185456037,-20.83973515285678,OnTrack,242.25,11457.0,100.0,0,8,6,1732.481913006317,0.3207447984273901,81,343.5291666666659,interpolation,0 days 00:00:28.201000,28.201,3093.083,0.0
2024-03-01 16:38:08.856,0 days 00:51:33.183000,5980.115406748786,5102.303878388489,-21.265609694313042,OnTrack,245.0,11524.0,100.0,0,8,6,1738.5433333333328,0.32186698563545096,81,343.7541666666659,interpolation,0 days 00:00:28.301000,28.301,3093.183,0.0
2024-03-01 16:38:08.956,0 days 00:51:33.283000,5963.0,5077.0,-22.0,OnTrack,245.5,11578.5,100.0,0,8,6,1745.0174827028422,0.32306558385395057,81,344.03194444444375,interpolation,0 days 00:00:28.401000,28.401,3093.283,0.0
2024-03-01 16:38:09.056,0 days 00:51:33.383000,5941.0,5045.0,-23.0,OnTrack,246.0,11633.0,100.0,0,8,6,1752.2099999999998,0.32439717784829075,81,344.3097222222216,interpolation,0 days 00:00:28.501000,28.501,3093.383,0.0
2024-03-01 16:38:09.156,0 days 00:51:33.483000,5899.2775789065045,4981.5744500305955,-24.008171956728248,OnTrack,247.0,11679.0,100.0,0,8,6,1760.4265241099597,0.32591835238387346,81,344.6097222222213,interpolation,0 days 00:00:28.601000,28.601,3093.483,0.0
2024-03-01 16:38:09.256,0 days 00:51:33.583000,5839.2212371777,4888.592634625482,-24.990463529291535,OnTrack,248.0,11725.0,100.0,0,8,6,1768.743333333333,0.32745809330577497,81,344.90972222222103,interpolation,0 days 00:00:28.701000,28.701,3093.583,0.0
2024-03-01 16:38:09.356,0 days 00:51:33.683000,5784.0,4802.0,-26.0,OnTrack,249.33333333333334,11727.666666666666,100.0,0,8,6,1776.2367059707324,0.32884538645907163,81,344.6763888888877,interpolation,0 days 00:00:28.801000,28.801,3093.683,0.0
2024-03-01 16:38:09.456,0 days 00:51:33.783000,5737.475391342077,4727.787484530207,-27.045635627905654,OnTrack,250.66666666666666,11730.333333333334,100.0,0,8,6,1782.861107938217,0.33007180184488993,81,344.44305555555434,interpolation,0 days 00:00:28.901000,28.901,3093.783,0.0
2024-03-01 16:38:09.556,0 days 00:51:33.883000,5699.647411203932,4665.955088216102,-28.127370413008485,OnTrack,252.0,11733.0,100.0,0,8,6,1788.3433333333332,0.3310867592110184,81,344.209722222221,interpolation,0 days 00:00:29.001000,29.001,3093.883,0.0
2024-03-01 16:38:09.656,0 days 00:51:33.983000,5667.495725463821,4613.895147793945,-29.145419991607078,OnTrack,247.0,11733.0,76.5,0,8,6,1792.6378476058699,0.3318818284722599,81,343.52083333333235,interpolation,0 days 00:00:29.101000,29.101,3093.983,0.0
2024-03-01 16:38:09.756,0 days 00:51:34.083000,5638.0,4569.0,-30.0,OnTrack,242.0,11733.0,53.0,1,8,6,1799.0988888888887,0.3330779999118549,81,342.8319444444437,interpolation,0 days 00:00:29.201000,29.201,3094.083,0.0
2024-03-01 16:38:09.856,0 days 00:51:34.183000,5611.16023481247,4531.269644834265,-30.69111043818726,OnTrack,238.0,11190.0,1.0,1,8,6,1809.6766666666665,0.3350363275432561,81,341.18749999999886,interpolation,0 days 00:00:29.301000,29.301,3094.183,0.0
2024-03-01 16:38:09.956,0 days 00:51:34.283000,5586.9764299012295,4500.70408229674,-31.21875130616884,OnTrack,236.0,11190.0,1.0,1,8,6,1815.9469659145677,0.33619718576246693,81,339.9652777777767,interpolation,0 days 00:00:29.401000,29.401,3094.283,0.0
2024-03-01 16:38:10.056,0 days 00:51:34.383000,5561.804410039375,4472.036478610846,-31.63701652106601,OnTrack,234.0,11190.0,1.0,1,8,6,1820.0766666666666,0.33696174210522195,81,338.7430555555545,interpolation,0 days 00:00:29.501000,29.501,3094.383,0.0
2024-03-01 16:38:10.156,0 days 00:51:34.483000,5532.0,4440.0,-32.0,OnTrack,230.33333333333334,10925.0,8.0,1,8,6,1825.636691983153,0.3379911030388048,81,336.6459259259248,interpolation,0 days 00:00:29.601000,29.601,3094.483,0.0
2024-03-01 16:38:10.256,0 days 00:51:34.583000,5497.563199783108,4404.594646464203,-32.30770174297083,OnTrack,226.66666666666666,10660.0,15.000000000000002,1,8,6,1832.492512116018,0.339260362261693,81,334.54879629629517,interpolation,0 days 00:00:29.701000,29.701,3094.583,0.0
2024-03-01 16:38:10.356,0 days 00:51:34.683000,5450.0,4363.0,-33.0,OnTrack,223.0,10395.0,22.0,1,8,6,1839.8369444444443,0.34062008119962806,81,332.45166666666546,pos,0 days 00:00:29.801000,29.801,3094.683,0.0
2024-03-01 16:38:10.456,0 days 00:51:34.783000,5380.816391261986,4312.3956426039385,-34.51677302110903,OnTrack,220.5,10425.0,24.0,1,8,6,1847.5354578428328,0.342045353296046,81,329.45166666666546,interpolation,0 days 00:00:29.901000,29.901,3094.783,0.0
2024-03-01 16:38:10.556,0 days 00:51:34.883000,5311.0,4267.0,-36.0,OnTrack,218.0,10455.0,26.0,0,8,6,1854.3702777777776,0.343310724625965,81,326.45166666666546,interpolation,0 days 00:00:30.001000,30.001,3094.883,0.0
2024-03-01 16:38:10.656,0 days 00:51:34.983000,5261.53845264498,4241.031497912169,-36.59166013037496,OnTrack,215.5,10249.0,27.0,0,8,6,1859.1236297158746,0.3441907412644035,81,324.56277777777655,interpolation,0 days 00:00:30.101000,30.101,3094.983,0.0
2024-03-01 16:38:10.756,0 days 00:51:35.083000,5216.0,4225.0,-37.0,OnTrack,213.0,10043.0,28.0,0,8,6,1863.8369444444443,0.34506334557339546,81,322.67388888888763,interpolation,0 days 00:00:30.201000,30.201,3095.083,0.0
2024-03-01 16:38:10.856,0 days 00:51:35.183000,5157.9528928681375,4209.415369923051,-37.93326619664117,OnTrack,211.0,10045.0,37.0,0,8,6,1870.5516527508087,0.346306479914975,81,319.30722222222107,interpolation,0 days 00:00:30.301000,30.301,3095.183,0.0
2024-03-01 16:38:10.956,0 days 00:51:35.283000,5103.0,4197.0,-39.0,OnTrack,209.0,10047.0,46.0,0,8,6,1877.7702777777777,0.3476429073903882,81,315.9405555555545,interpolation,0 days 00:00:30.401000,30.401,3095.283,0.0
2024-03-01 16:38:11.056,0 days 00:51:35.383000,5066.744190146198,4190.476282549525,-39.80874268977801,OnTrack,210.0,10068.25,53.75,0,8,6,1883.9953426681639,0.34879539110088165,81,313.1155555555545,interpolation,0 days 00:00:30.501000,30.501,3095.383,0.0
2024-03-01 16:38:11.156,0 days 00:51:35.483000,5008.0,4187.0,-41.0,OnTrack,211.0,10089.5,61.5,0,8,6,1889.2268474219668,0.3497639310464553,81,310.29055555555453,interpolation,0 days 00:00:30.601000,30.601,3095.483,0.0
2024-03-01 16:38:11.256,0 days 00:51:35.583000,4899.0,4184.0,-43.0,OnTrack,212.0,10110.75,69.25,0,8,6,1894.0550673536754,0.35065780844692507,81,307.46555555555454,interpolation,0 days 00:00:30.701000,30.701,3095.583,0.0
2024-03-01 16:38:11.356,0 days 00:51:35.683000,4820.252804821548,4183.114682259363,-44.523070119001,OnTrack,213.0,10132.0,77.0,0,8,6,1899.0702777777776,0.3515863045221068,81,304.64055555555456,interpolation,0 days 00:00:30.801000,30.801,3095.683,0.0
2024-03-01 16:38:11.456,0 days 00:51:35.783000,4785.176585611342,4184.617114794499,-45.3549304980977,OnTrack,215.0,10247.0,83.33333333333333,0,8,6,1904.2724786942754,0.35254941927200073,81,301.3220370370361,interpolation,0 days 00:00:30.901000,30.901,3095.783,0.0
2024-03-01 16:38:11.556,0 days 00:51:35.883000,4755.762073595463,4186.8109899323845,-46.25932562814556,OnTrack,217.0,10362.0,89.66666666666667,0,8,6,1909.7578658878092,0.3535649620008903,81,298.0035185185177,interpolation,0 days 00:00:31.001000,31.001,3095.883,0.0
2024-03-01 16:38:11.656,0 days 00:51:35.983000,4694.0,4188.0,-48.0,OnTrack,219.0,10477.0,96.0,0,8,6,1916.103611111111,0.3547397879873778,81,294.68499999999926,interpolation,0 days 00:00:31.101000,31.101,3095.983,0.0
2024-03-01 16:38:11.756,0 days 00:51:36.083000,4599.890364824954,4188.184144997345,-50.57695361366106,OnTrack,221.66666666666666,10559.333333333334,89.33333333333333,0,8,6,1923.405909163783,0.3560917063533807,81,290.0183333333325,interpolation,0 days 00:00:31.201000,31.201,3096.083,0.0
2024-03-01 16:38:11.856,0 days 00:51:36.183000,4510.0,4188.0,-53.0,OnTrack,224.33333333333334,10641.666666666666,82.66666666666667,0,8,6,1931.4340327615855,0.3575780011688106,81,285.3516666666658,interpolation,0 days 00:00:31.301000,31.301,3096.183,0.0
2024-03-01 16:38:11.956,0 days 00:51:36.283000,4460.895737454817,4188.084140083543,-54.278952689888115,OnTrack,227.0,10724.0,76.0,0,8,6,1938.803611111111,0.35894237554089947,81,280.68499999999904,interpolation,0 days 00:00:31.401000,31.401,3096.283,0.0
2024-03-01 16:38:12.056,0 days 00:51:36.383000,4443.3503287736585,4187.319094007481,-54.70219103450811,OnTrack,227.5,10831.5,75.0,0,8,6,1945.2839145654598,0.3601421131021457,81,276.57388888888795,interpolation,0 days 00:00:31.501000,31.501,3096.383,0.0
2024-03-01 16:38:12.156,0 days 00:51:36.483000,4402.0,4179.0,-56.0,OnTrack,228.0,10939.0,74.0,0,8,6,1951.4702777777775,0.3612874317381656,81,272.46277777777686,interpolation,0 days 00:00:31.601000,31.601,3096.483,0.0
2024-03-01 16:38:12.256,0 days 00:51:36.583000,4327.617408230588,4162.009375377642,-58.460761890566175,OnTrack,228.5,10890.5,71.5,0,8,6,1957.9580354012096,0.3624885493345752,81,268.2683333333323,interpolation,0 days 00:00:31.701000,31.701,3096.583,0.0
2024-03-01 16:38:12.356,0 days 00:51:36.683000,4226.229747848784,4137.679054209906,-61.87657105801093,OnTrack,229.0,10842.0,69.0,0,8,6,1964.1924999999997,0.36364277326963024,81,264.0738888888877,interpolation,0 days 00:00:31.801000,31.801,3096.683,0.0
2024-03-01 16:38:12.456,0 days 00:51:36.783000,4134.0,4114.0,-65.0,OnTrack,229.66666666666666,10858.333333333334,69.66666666666667,0,8,6,1969.618984138393,0.364647410921586,81,260.65166666666545,interpolation,0 days 00:00:31.901000,31.901,3096.783,0.0
2024-03-01 16:38:12.556,0 days 00:51:36.883000,4056.95529734944,4092.304033179512,-67.62314519728064,OnTrack,230.33333333333334,10874.666666666666,70.33333333333333,0,8,6,1974.4090982872633,0.36553423356925074,81,257.2294444444431,interpolation,0 days 00:00:32.001000,32.001,3096.883,0.0
2024-03-01 16:38:12.656,0 days 00:51:36.983000,3995.095639897109,4072.5911537484444,-69.74600664985284,OnTrack,231.0,10891.0,71.0,0,8,6,1979.5924999999997,0.36649386790946437,81,253.80722222222084,interpolation,0 days 00:00:32.101000,32.101,3096.983,0.0
2024-03-01 16:38:12.756,0 days 00:51:37.083000,3948.4210276430035,4054.8613617067954,-71.36858435771663,OnTrack,231.6,10967.6,75.0,0,8,6,1985.340797990194,0.3675580848956989,81,249.4449999999987,interpolation,0 days 00:00:32.201000,32.201,3097.083,0.0
2024-03-01 16:38:12.856,0 days 00:51:37.183000,3916.931460587126,4039.114657054566,-72.49087832087197,OnTrack,232.2,11044.2,79.0,0,8,6,1991.6539922578463,0.36872688452795443,81,245.08277777777658,interpolation,0 days 00:00:32.301000,32.301,3097.183,0.0
2024-03-01 16:38:12.956,0 days 00:51:37.283000,3888.950460957857,4019.1661202705154,-73.80181249391833,OnTrack,232.8,11120.8,83.0,0,8,6,1998.5084645971945,0.3699958942257211,81,240.72055555555443,interpolation,0 days 00:00:32.401000,32.401,3097.283,0.0
2024-03-01 16:38:13.056,0 days 00:51:37.383000,3852.80155098358,3988.8308318334048,-75.99031083145512,OnTrack,233.4,11197.4,87.0,0,8,6,2005.7625064992167,0.3713388786402657,81,236.3583333333323,interpolation,0 days 00:00:32.501000,32.501,3097.383,0.0
2024-03-01 16:38:13.156,0 days 00:51:37.483000,3808.484730664294,3948.1087917432324,-79.05637333348234,OnTrack,234.0,11274.0,91.0,0,8,6,2013.3924999999995,0.3727514652358534,81,231.99611111111017,interpolation,0 days 00:00:32.601000,32.601,3097.483,0.0
2024-03-01 16:38:13.256,0 days 00:51:37.583000,3756.0,3897.0,-83.0,OnTrack,235.0,11314.0,95.5,0,8,6,2021.3984450995436,0.3742336540124843,81,226.99611111110994,interpolation,0 days 00:00:32.701000,32.701,3097.583,0.0
2024-03-01 16:38:13.356,0 days 00:51:37.683000,3695.347358990697,3835.504456603706,-87.8211908310081,OnTrack,236.0,11354.0,100.0,0,8,6,2029.125833333333,0.37566427188087875,81,221.9961111111097,interpolation,0 days 00:00:32.801000,32.801,3097.683,0.0
2024-03-01 16:38:13.456,0 days 00:51:37.783000,3629.133649189773,3766.1384735373176,-93.28702828970168,OnTrack,238.5,11445.25,100.0,0,8,6,2035.9201562368528,0.37692214575175714,81,218.2607638888876,interpolation,0 days 00:00:32.901000,32.901,3097.783,0.0
2024-03-01 16:38:13.556,0 days 00:51:37.883000,3573.0,3704.0,-98.0,OnTrack,241.0,11536.5,100.0,0,8,6,2041.781413810103,0.3780072756251195,81,214.52541666666548,pos,0 days 00:00:33.001000,33.001,3097.883,0.0
2024-03-01 16:38:13.656,0 days 00:51:37.983000,3529.5532796689567,3651.605373741887,-101.72718604001037,OnTrack,243.5,11627.75,100.0,0,8,6,2047.4819644783015,0.3790626528624054,81,210.79006944444336,interpolation,0 days 00:00:33.101000,33.101,3097.983,0.0
2024-03-01 16:38:13.756,0 days 00:51:38.083000,3498.7934881966435,3608.954594762976,-104.4685864097327,OnTrack,246.0,11719.0,100.0,0,8,6,2053.794166666666,0.3802312688250545,81,207.05472222222124,interpolation,0 days 00:00:33.201000,33.201,3098.083,0.0
2024-03-01 16:38:13.856,0 days 00:51:38.183000,3472.8869526260087,3568.826518402578,-106.7256935745887,OnTrack,246.66666666666666,11729.333333333334,100.0,0,8,6,2060.718020375198,0.3815131235130669,81,202.87694444444347,interpolation,0 days 00:00:33.301000,33.301,3098.183,0.0
2024-03-01 16:38:13.956,0 days 00:51:38.283000,3444.0,3524.0,-109.0,OnTrack,247.33333333333334,11739.666666666666,100.0,0,8,6,2068.1910730305417,0.3828966547058492,81,198.69916666666572,interpolation,0 days 00:00:33.401000,33.401,3098.283,0.0
2024-03-01 16:38:14.056,0 days 00:51:38.383000,3412.132630318617,3474.4750395552446,-111.29150568596665,OnTrack,248.0,11750.0,100.0,0,8,6,2075.8386111111104,0.3843124894350334,81,194.52138888888794,interpolation,0 days 00:00:33.501000,33.501,3098.383,0.0
2024-03-01 16:38:14.156,0 days 00:51:38.483000,3377.0,3419.0,-114.0,OnTrack,249.33333333333334,11777.666666666666,100.0,0,8,6,2083.598182683061,0.3857490655984228,81,190.58064814814725,interpolation,0 days 00:00:33.601000,33.601,3098.483,0.0
2024-03-01 16:38:14.256,0 days 00:51:38.583000,3338.317265462292,3356.3232442659614,-117.5252723096115,OnTrack,250.66666666666666,11805.333333333334,100.0,0,8,6,2091.3348087415684,0.38718139372087806,81,186.63990740740655,interpolation,0 days 00:00:33.701000,33.701,3098.583,0.0
2024-03-01 16:38:14.356,0 days 00:51:38.683000,3304.0,3300.0,-121.0,OnTrack,252.0,11833.0,100.0,0,8,6,2098.2386111111105,0.38845953618388296,81,182.69916666666586,interpolation,0 days 00:00:33.801000,33.801,3098.683,0.0
2024-03-01 16:38:14.456,0 days 00:51:38.783000,3281.9637769076317,3263.5854948489887,-123.55686045636439,OnTrack,249.33333333333334,11783.333333333334,88.0,0,8,6,2104.174609404671,0.3895585032564048,81,180.23249999999902,interpolation,0 days 00:00:33.901000,33.901,3098.783,0.0
2024-03-01 16:38:14.556,0 days 00:51:38.883000,3232.0,3179.0,-128.0,OnTrack,246.66666666666666,11733.666666666666,76.0,0,8,6,2109.2941468070476,0.390506314012661,81,177.76583333333215,interpolation,0 days 00:00:34.001000,34.001,3098.883,0.0
2024-03-01 16:38:14.656,0 days 00:51:38.983000,3129.0,3004.0,-136.0,OnTrack,244.0,11684.0,64.0,0,8,6,2114.5052777777773,0.39147108203721426,81,175.29916666666531,interpolation,0 days 00:00:34.101000,34.101,3098.983,0.0
2024-03-01 16:38:14.756,0 days 00:51:39.083000,3063.563802227459,2893.6035686995197,-140.75543591991678,OnTrack,234.33333333333334,11264.0,42.66666666666667,0,8,6,2119.959343951913,0.39248082611736873,81,173.45842592592467,interpolation,0 days 00:00:34.201000,34.201,3099.083,0.0
2024-03-01 16:38:14.856,0 days 00:51:39.183000,3050.791488214503,2873.6471840226304,-141.13273119978362,OnTrack,224.66666666666666,10844.0,21.333333333333336,1,8,6,2125.6153697014956,0.3935279601886284,81,171.61768518518406,interpolation,0 days 00:00:34.301000,34.301,3099.183,0.0
2024-03-01 16:38:14.956,0 days 00:51:39.283000,3057.623430094295,2888.367207334426,-139.94366087975868,OnTrack,215.0,10424.0,0.0,1,8,6,2131.2274999999995,0.3945669676309735,81,169.77694444444342,interpolation,0 days 00:00:34.401000,34.401,3099.283,0.0
2024-03-01 16:38:15.056,0 days 00:51:39.383000,3051.0,2882.0,-140.0,OnTrack,204.25,10186.5,0.0,1,8,6,2136.754758799875,0.3955902623022268,81,169.65472222222138,interpolation,0 days 00:00:34.501000,34.501,3099.383,0.0
2024-03-01 16:38:15.156,0 days 00:51:39.483000,3030.9211979316174,2854.545562019355,-141.3017485605077,OnTrack,193.5,9949.0,0.0,1,8,6,2142.1971461011212,0.39659784420238814,81,169.53249999999935,interpolation,0 days 00:00:34.601000,34.601,3099.483,0.0
2024-03-01 16:38:15.256,0 days 00:51:39.583000,3004.0,2817.0,-143.0,OnTrack,182.75,9711.5,0.0,1,8,6,2147.4102659073624,0.3975629804320236,81,169.4102777777773,interpolation,0 days 00:00:34.701000,34.701,3099.583,0.0
2024-03-01 16:38:15.356,0 days 00:51:39.683000,2976.8493823159993,2780.3594205494483,-144.24584775719524,OnTrack,172.0,9474.0,0.0,1,8,6,2152.2497222222214,0.3984589380916993,81,169.28805555555527,interpolation,0 days 00:00:34.801000,34.801,3099.683,0.0
2024-03-01 16:38:15.456,0 days 00:51:39.783000,2949.4849128608275,2744.5356895957807,-145.10814357211262,OnTrack,160.5,9280.0,0.0,1,8,6,2156.7155150456983,0.3992857171814152,81,170.06583333333288,interpolation,0 days 00:00:34.901000,34.901,3099.783,0.0
2024-03-01 16:38:15.556,0 days 00:51:39.883000,2922.0,2709.0,-146.0,OnTrack,149.0,9086.0,0.0,1,8,6,2160.5274999999992,0.3999914528872811,81,170.84361111111048,interpolation,0 days 00:00:35.001000,35.001,3099.883,0.0
2024-03-01 16:38:15.656,0 days 00:51:39.983000,2894.4102118741453,2673.6642167876907,-146.99026948592186,OnTrack,146.0,9040.5,0.0,1,8,6,2163.405532707331,0.4005242803954071,81,171.7769444444441,interpolation,0 days 00:00:35.101000,35.101,3099.983,0.0
2024-03-01 16:38:15.756,0 days 00:51:40.083000,2866.2804347950414,2638.573632389729,-148.0493910809918,OnTrack,143.0,8995.0,0.0,1,8,5,2166.8830555555546,0.40116809511959356,81,172.71027777777772,interpolation,0 days 00:00:35.201000,35.201,3100.083,0.0
2024-03-01 16:38:15.856,0 days 00:51:40.183000,2835.0,2604.0,-149.0,OnTrack,143.0,9252.5,0.0,1,8,5,2172.493510932532,0.40220679247364083,81,174.77138888888885,interpolation,0 days 00:00:35.301000,35.301,3100.183,0.0
2024-03-01 16:38:15.956,0 days 00:51:40.283000,2800.1337982563405,2569.988611585588,-149.81253559676261,OnTrack,143.0,9510.0,0.0,1,8,4,2178.005277777777,0.4032272190261404,81,176.83249999999998,interpolation,0 days 00:00:35.401000,35.401,3100.283,0.0
2024-03-01 16:38:16.056,0 days 00:51:40.383000,2762.7213711353975,2537.3558458396096,-150.48439934419918,OnTrack,132.5,8950.0,0.0,1,8,4,2181.186735030805,0.40381622134568373,81,178.54361111111098,interpolation,0 days 00:00:35.501000,35.501,3100.383,0.0
2024-03-01 16:38:16.156,0 days 00:51:40.483000,2729.0,2511.0,-151.0,OnTrack,122.0,8390.0,0.0,1,8,4,2183.4274999999993,0.40423106764391753,81,180.25472222222197,interpolation,0 days 00:00:35.601000,35.601,3100.483,0.0
2024-03-01 16:38:16.256,0 days 00:51:40.583000,2700.009237066443,2491.737461119636,-151.35673901047568,OnTrack,117.66666666666667,8124.0,0.0,1,8,4,2186.117189993748,0.40472902613248846,81,182.82138888888872,interpolation,0 days 00:00:35.701000,35.701,3100.583,0.0
2024-03-01 16:38:16.356,0 days 00:51:40.683000,2675.749082334726,2479.5682291985177,-151.55461637562618,OnTrack,113.33333333333333,7858.0,0.0,1,8,4,2189.15157495882,0.4052908000746385,81,185.3880555555555,interpolation,0 days 00:00:35.801000,35.801,3100.683,0.0
2024-03-01 16:38:16.456,0 days 00:51:40.783000,2655.765446970778,2473.6674926074593,-151.62582881960813,OnTrack,109.0,7592.0,0.0,1,8,4,2191.905277777777,0.40580060964261405,81,187.95472222222224,interpolation,0 days 00:00:35.901000,35.901,3100.783,0.0
2024-03-01 16:38:16.556,0 days 00:51:40.883000,2637.333784020525,2469.0863562330537,-151.7635576764485,OnTrack,106.0,7376.0,0.0,1,8,4,2194.2740694646986,0.40623915829725477,81,190.98805555555555,interpolation,0 days 00:00:36.001000,36.001,3100.883,0.0
2024-03-01 16:38:16.656,0 days 00:51:40.983000,2620.0,2465.0,-152.0,OnTrack,103.0,7160.0,0.0,1,8,3,2196.460853339575,0.40664401075077006,81,194.02138888888885,interpolation,0 days 00:00:36.101000,36.101,3100.983,0.0
2024-03-01 16:38:16.756,0 days 00:51:41.083000,2603.7640949092047,2461.4084239082986,-152.33515579026272,OnTrack,100.0,6944.0,0.0,1,8,3,2199.683055555555,0.4072405564304091,81,197.05472222222215,interpolation,0 days 00:00:36.201000,36.201,3101.083,0.0
2024-03-01 16:38:16.856,0 days 00:51:41.183000,2587.8943021884875,2458.455003896452,-152.73551318707723,OnTrack,93.0,6353.0,0.0,1,8,3,2203.816388888888,0.4080057852947801,81,202.5658333333331,interpolation,0 days 00:00:36.301000,36.301,3101.183,0.0
2024-03-01 16:38:16.956,0 days 00:51:41.283000,2568.0,2457.0,-153.0,OnTrack,90.66666666666667,6241.666666666667,0.0,1,8,3,2206.897687559306,0.4085762446534137,81,206.05333333333314,interpolation,0 days 00:00:36.401000,36.401,3101.283,0.0
2024-03-01 16:38:17.056,0 days 00:51:41.383000,2543.3494142907625,2457.186789625622,-153.0951040257084,OnTrack,88.33333333333333,6130.333333333333,0.0,1,8,3,2208.7729545473767,0.4089234241117218,81,209.54083333333315,interpolation,0 days 00:00:36.501000,36.501,3101.383,0.0
2024-03-01 16:38:17.156,0 days 00:51:41.483000,2514.9670605233277,2459.2947348998614,-153.04558493588382,OnTrack,86.0,6019.0,0.0,1,8,3,2210.481388888888,0.4092397168385784,81,213.0283333333332,interpolation,0 days 00:00:36.601000,36.601,3101.483,0.0
2024-03-01 16:38:17.256,0 days 00:51:41.583000,2489.0,2465.0,-153.0,OnTrack,85.0,5977.5,0.0,1,8,3,2212.1961913099235,0.40955718852630496,81,216.29499999999962,interpolation,0 days 00:00:36.701000,36.701,3101.583,0.0
2024-03-01 16:38:17.356,0 days 00:51:41.683000,2466.472737692346,2474.581944191927,-152.9831086362006,OnTrack,84.0,5936.0,0.0,1,8,3,2214.2147222222216,0.40993089129672006,81,219.56166666666604,interpolation,0 days 00:00:36.801000,36.801,3101.683,0.0
2024-03-01 16:38:17.456,0 days 00:51:41.783000,2447.1922067344744,2487.7765828376973,-152.99097678848554,OnTrack,82.5,5777.0,0.0,1,8,3,2216.8343420375213,0.41041587727164236,81,224.66166666666595,interpolation,0 days 00:00:36.901000,36.901,3101.783,0.0
2024-03-01 16:38:17.556,0 days 00:51:41.883000,2430.0,2503.0,-153.0,OnTrack,81.0,5618.0,0.0,1,8,3,2219.6147222222216,0.41093062578081774,81,229.76166666666586,pos,0 days 00:00:37.001000,37.001,3101.883,0.0
2024-03-01 16:38:17.656,0 days 00:51:41.983000,2414.703048646016,2519.9882083376733,-153.0062441744589,OnTrack,79.66666666666667,5685.0,1.3333333333333333,1,8,3,2222.1155342427237,0.4113936161539923,81,234.53203703703625,interpolation,0 days 00:00:37.101000,37.101,3101.983,0.0
2024-03-01 16:38:17.756,0 days 00:51:42.083000,2401.0,2538.0,-153.0,OnTrack,78.33333333333333,5752.0,2.6666666666666665,0,8,3,2224.356857375957,0.411808565788492,81,239.3024074074066,interpolation,0 days 00:00:37.201000,37.201,3102.083,0.0
2024-03-01 16:38:17.856,0 days 00:51:42.183000,2388.589501389429,2556.2941671362632,-152.9715581647608,OnTrack,77.0,5819.0,4.0,0,8,3,2226.459166666666,0.41219777895407733,81,244.072777777777,interpolation,0 days 00:00:37.301000,37.301,3102.183,0.0
2024-03-01 16:38:17.956,0 days 00:51:42.283000,2377.4715528143047,2574.870709746463,-152.92091866874142,OnTrack,78.0,5882.0,9.333333333333332,0,8,3,2228.4425411861694,0.4125649730100084,81,248.35055555555482,interpolation,0 days 00:00:37.401000,37.401,3102.283,0.0
2024-03-01 16:38:18.056,0 days 00:51:42.383000,2368.367827832027,2591.2618974834313,-152.90981983835132,OnTrack,79.0,5945.0,14.666666666666666,0,8,3,2230.3768588045414,0.4129230848667278,81,252.62833333333265,interpolation,0 days 00:00:37.501000,37.501,3102.383,0.0
2024-03-01 16:38:18.156,0 days 00:51:42.483000,2362.0,2603.0,-153.0,OnTrack,80.0,6008.0,20.0,0,8,3,2232.6813888888883,0.4133497363843133,81,256.9061111111105,interpolation,0 days 00:00:37.601000,37.601,3102.483,0.0
2024-03-01 16:38:18.256,0 days 00:51:42.583000,2356.0,2615.0,-153.0,OnTrack,81.5,6178.5,27.0,0,8,3,2235.426010024838,0.4138578646056823,81,262.4727777777771,pos,0 days 00:00:37.701000,37.701,3102.583,0.0
2024-03-01 16:38:18.356,0 days 00:51:42.683000,2339.0,2651.0,-152.0,OnTrack,83.0,6349.0,34.0,0,8,3,2238.2147222222216,0.41437415567048747,81,268.0394444444437,interpolation,0 days 00:00:37.801000,37.801,3102.683,0.0
2024-03-01 16:38:18.456,0 days 00:51:42.783000,2325.675784115741,2681.4035415614744,-151.24217733803246,OnTrack,84.33333333333333,6562.333333333333,36.333333333333336,0,8,3,2240.651525490871,0.4148252957183821,81,272.36907407407324,interpolation,0 days 00:00:37.901000,37.901,3102.783,0.0
2024-03-01 16:38:18.556,0 days 00:51:42.883000,2318.8679840836585,2700.4587388888413,-150.96547053277337,OnTrack,85.66666666666667,6775.666666666667,38.666666666666664,0,8,3,2242.79330709684,0.4152218166311402,81,276.69870370370273,interpolation,0 days 00:00:38.001000,38.001,3102.883,0.0
2024-03-01 16:38:18.656,0 days 00:51:42.983000,2314.876192009747,2716.2845667717866,-150.95602846112754,OnTrack,87.0,6989.0,41.0,0,8,3,2244.9813888888884,0.4156269093758691,81,281.0283333333323,interpolation,0 days 00:00:38.101000,38.101,3102.983,0.0
2024-03-01 16:38:18.756,0 days 00:51:43.083000,2310.0,2737.0,-151.0,OnTrack,89.4,7277.0,41.6,0,8,3,2247.2726575505467,0.4160511057264972,81,284.9394444444435,interpolation,0 days 00:00:38.201000,38.201,3103.083,0.0
2024-03-01 16:38:18.856,0 days 00:51:43.183000,2304.2394080544177,2762.6050385734816,-151.0973851493907,OnTrack,91.8,7565.0,42.2,0,8,3,2249.6671130818145,0.4164944056830244,81,288.8505555555547,interpolation,0 days 00:00:38.301000,38.301,3103.183,0.0
2024-03-01 16:38:18.956,0 days 00:51:43.283000,2299.0,2788.0,-151.0,OnTrack,94.2,7853.0,42.8,0,8,3,2252.1492269389123,0.41695393435272754,81,292.761666666666,interpolation,0 days 00:00:38.401000,38.401,3103.283,0.0
2024-03-01 16:38:19.056,0 days 00:51:43.383000,2295.68735966375,2808.0852017873276,-150.45966064252838,OnTrack,96.6,8141.0,43.4,0,8,3,2254.6258283361935,0.41741244246758435,81,296.6727777777772,interpolation,0 days 00:00:38.501000,38.501,3103.383,0.0
2024-03-01 16:38:19.156,0 days 00:51:43.483000,2293.0,2832.0,-150.0,OnTrack,99.0,8429.0,44.0,0,8,3,2257.0813888888883,0.41786705516431016,81,300.5838888888884,interpolation,0 days 00:00:38.601000,38.601,3103.483,0.0
2024-03-01 16:38:19.256,0 days 00:51:43.583000,2290.0,2867.0,-150.0,OnTrack,101.5,8341.5,47.0,0,8,3,2259.515908596998,0.4183177724429051,81,304.91722222222165,interpolation,0 days 00:00:38.701000,38.701,3103.583,0.0
2024-03-01 16:38:19.356,0 days 00:51:43.683000,2288.8687670540385,2901.782639702984,-149.5917502262004,OnTrack,104.0,8254.0,50.0,0,8,3,2262.859166666666,0.4189367299209579,81,309.2505555555549,interpolation,0 days 00:00:38.801000,38.801,3103.683,0.0
2024-03-01 16:38:19.456,0 days 00:51:43.783000,2289.0,2932.0,-149.0,OnTrack,109.0,8658.0,55.0,0,8,3,2267.7036111111106,0.4198336110630702,81,315.73944444444396,interpolation,0 days 00:00:38.901000,38.901,3103.783,0.0
2024-03-01 16:38:19.556,0 days 00:51:43.883000,2289.423827915917,2955.187931774357,-148.59415111947052,OnTrack,112.6,8908.6,61.2,0,8,3,2272.0252444099224,0.4206337010327827,81,318.00611111111056,interpolation,0 days 00:00:39.001000,39.001,3103.883,0.0
2024-03-01 16:38:19.656,0 days 00:51:43.983000,2291.0,2983.0,-148.0,OnTrack,116.2,9159.2,67.4,0,8,3,2275.4867319158857,0.42127454703759454,81,320.27277777777715,interpolation,0 days 00:00:39.101000,39.101,3103.983,0.0
2024-03-01 16:38:19.756,0 days 00:51:44.083000,2294.588265450459,3027.0897696508746,-146.84334305697638,OnTrack,119.8,9409.8,73.6,0,8,3,2278.245139263049,0.42178522758317744,81,322.5394444444438,interpolation,0 days 00:00:39.201000,39.201,3104.083,0.0
2024-03-01 16:38:19.856,0 days 00:51:44.183000,2299.7662838810534,3083.445875171564,-145.25278966249266,OnTrack,123.4,9660.4,79.8,0,8,3,2281.242855430667,0.4223402128102709,81,324.8061111111104,interpolation,0 days 00:00:39.301000,39.301,3104.183,0.0
2024-03-01 16:38:19.956,0 days 00:51:44.283000,2304.0,3128.0,-144.0,OnTrack,127.0,9911.0,86.0,0,8,3,2284.636944444444,0.42296858092678385,81,327.072777777777,interpolation,0 days 00:00:39.401000,39.401,3104.283,0.0
2024-03-01 16:38:20.056,0 days 00:51:44.383000,2306.8670690962717,3156.740737504173,-143.21358475855817,OnTrack,135.66666666666666,10355.666666666666,90.66666666666667,0,8,3,2288.4274063043804,0.4236703319327163,81,327.827314814814,interpolation,0 days 00:00:39.501000,39.501,3104.383,0.0
2024-03-01 16:38:20.156,0 days 00:51:44.483000,2308.367491169868,3169.668087684083,-142.8935439381671,OnTrack,144.33333333333334,10800.333333333334,95.33333333333333,0,8,3,2292.545573651838,0.4244327530268901,81,328.581851851851,interpolation,0 days 00:00:39.601000,39.601,3104.483,0.0
2024-03-01 16:38:20.256,0 days 00:51:44.583000,2311.6841676585304,3188.7613940219503,-142.3767311486925,OnTrack,153.0,11245.0,100.0,0,8,3,2296.579444444444,0.4251795677927721,81,329.336388888888,interpolation,0 days 00:00:39.701000,39.701,3104.583,0.0
2024-03-01 16:38:20.356,0 days 00:51:44.683000,2320.0,3236.0,-141.0,OnTrack,157.5,10755.5,100.0,0,8,3,2300.460352026711,0.42589806355936255,81,329.39194444444365,pos,0 days 00:00:39.801000,39.801,3104.683,0.0
2024-03-01 16:38:20.456,0 days 00:51:44.783000,2332.0,3304.0,-139.0,OnTrack,162.0,10266.0,100.0,0,8,3,2305.579444444444,0.42684579193293487,81,329.4474999999993,interpolation,0 days 00:00:39.901000,39.901,3104.783,0.0
2024-03-01 16:38:20.556,0 days 00:51:44.883000,2339.7941980962996,3348.45773347822,-137.79663546605292,OnTrack,162.0,10663.0,100.0,0,8,3,2312.7794444444444,0.42817877124506515,81,328.6474999999991,interpolation,0 days 00:00:40.001000,40.001,3104.883,0.0
2024-03-01 16:38:20.656,0 days 00:51:44.983000,2343.5320116751373,3369.2564769347573,-137.3499183192004,OnTrack,167.5,10890.5,100.0,0,8,3,2318.7698170802487,0.4292878049666593,81,327.0724999999991,interpolation,0 days 00:00:40.101000,40.101,3104.983,0.0
2024-03-01 16:38:20.756,0 days 00:51:45.083000,2352.0,3410.0,-136.0,OnTrack,173.0,11118.0,100.0,0,8,4,2323.0021426686976,0.4300713608627152,81,325.49749999999904,interpolation,0 days 00:00:40.201000,40.201,3105.083,0.0
2024-03-01 16:38:20.856,0 days 00:51:45.183000,2366.6625971126796,3477.95563482096,-133.47023766547142,OnTrack,178.5,11345.5,100.0,0,8,4,2326.72311914502,0.4307602476215847,81,323.922499999999,interpolation,0 days 00:00:40.301000,40.301,3105.183,0.0
2024-03-01 16:38:20.956,0 days 00:51:45.283000,2381.0,3544.0,-131.0,OnTrack,184.0,11573.0,100.0,0,8,4,2331.1794444444445,0.43158527393162016,81,322.34749999999894,interpolation,0 days 00:00:40.401000,40.401,3105.283,0.0
2024-03-01 16:38:21.056,0 days 00:51:45.383000,2388.4924056487853,3579.0097141394835,-129.82865568797104,OnTrack,186.66666666666666,11267.666666666666,100.0,0,8,4,2336.3711185669704,0.43254643979282137,81,319.7993518518509,interpolation,0 days 00:00:40.501000,40.501,3105.383,0.0
2024-03-01 16:38:21.156,0 days 00:51:45.483000,2394.0,3605.0,-129.0,OnTrack,189.33333333333334,10962.333333333334,100.0,0,8,4,2342.2187632227406,0.4336290494248812,81,317.25120370370286,interpolation,0 days 00:00:40.601000,40.601,3105.483,0.0
2024-03-01 16:38:21.256,0 days 00:51:45.583000,2402.3829689946097,3643.9860803421393,-127.55782820670234,OnTrack,192.0,10657.0,100.0,0,8,4,2348.246111111111,0.4347449285974103,81,314.7030555555548,interpolation,0 days 00:00:40.701000,40.701,3105.583,0.0
2024-03-01 16:38:21.356,0 days 00:51:45.683000,2413.2218633215634,3693.9739900852696,-125.63181449468362,OnTrack,195.0,10837.666666666666,100.0,0,8,4,2354.373784755055,0.4358793816805857,81,311.47342592592514,interpolation,0 days 00:00:40.801000,40.801,3105.683,0.0
2024-03-01 16:38:21.456,0 days 00:51:45.783000,2424.0,3743.0,-124.0,OnTrack,198.0,11018.333333333334,100.0,0,8,4,2360.510969849899,0.43701559567588305,81,308.24379629629556,interpolation,0 days 00:00:40.901000,40.901,3105.783,0.0
2024-03-01 16:38:21.556,0 days 00:51:45.883000,2434.297934014009,3789.0701654237982,-122.79205758140023,OnTrack,201.0,11199.0,100.0,0,8,4,2366.112777777778,0.4380526920756594,81,305.0141666666659,interpolation,0 days 00:00:41.001000,41.001,3105.883,0.0
2024-03-01 16:38:21.656,0 days 00:51:45.983000,2448.0,3852.0,-121.0,OnTrack,204.0,11137.25,100.0,0,8,4,2371.088393304077,0.43897385770922476,81,302.21416666666585,interpolation,0 days 00:00:41.101000,41.101,3105.983,0.0
2024-03-01 16:38:21.756,0 days 00:51:46.083000,2467.0,3942.0,-118.0,OnTrack,207.0,11075.5,100.0,0,8,5,2375.437816428795,0.439779092576579,81,299.4141666666658,interpolation,0 days 00:00:41.201000,41.201,3106.083,0.0
2024-03-01 16:38:21.856,0 days 00:51:46.183000,2479.3547995966655,4001.4403562572666,-116.0970056785559,OnTrack,210.0,11013.75,100.0,0,8,5,2379.8580535613382,0.4405974376671886,81,296.6141666666657,interpolation,0 days 00:00:41.301000,41.301,3106.183,0.0
2024-03-01 16:38:21.956,0 days 00:51:46.283000,2489.0,4046.0,-115.0,OnTrack,213.0,10952.0,100.0,0,8,5,2385.0461111111113,0.4415579339705204,81,293.81416666666564,interpolation,0 days 00:00:41.401000,41.401,3106.283,0.0
2024-03-01 16:38:22.056,0 days 00:51:46.383000,2501.8617146314414,4100.962781473472,-114.03380987935776,OnTrack,216.33333333333334,10808.666666666666,100.0,0,8,5,2391.001989078114,0.4426605814865742,81,289.60675925925824,interpolation,0 days 00:00:41.501000,41.501,3106.383,0.0
2024-03-01 16:38:22.156,0 days 00:51:46.483000,2517.0,4164.0,-113.0,OnTrack,219.66666666666666,10665.333333333334,100.0,0,8,5,2397.6869236710927,0.44389820364148863,81,285.3993518518508,interpolation,0 days 00:00:41.601000,41.601,3106.483,0.0
2024-03-01 16:38:22.256,0 days 00:51:46.583000,2533.474912614688,4232.782954901904,-111.70013504529764,OnTrack,223.0,10522.0,100.0,0,8,5,2404.8683333333333,0.44522774121255787,81,281.1919444444434,interpolation,0 days 00:00:41.701000,41.701,3106.583,0.0
2024-03-01 16:38:22.356,0 days 00:51:46.683000,2550.793715284472,4305.357631305965,-110.21174417878713,OnTrack,224.5,10670.0,100.0,0,8,5,2412.50745467052,0.44664201769940826,81,276.3252777777768,interpolation,0 days 00:00:41.801000,41.801,3106.683,0.0
2024-03-01 16:38:22.456,0 days 00:51:46.783000,2566.0,4370.0,-109.0,OnTrack,226.0,10818.0,100.0,0,8,6,2419.935,0.4480171238472007,81,271.45861111111026,interpolation,0 days 00:00:41.901000,41.901,3106.783,0.0
2024-03-01 16:38:22.556,0 days 00:51:46.883000,2578.6010346158428,4424.756066119801,-108.14243087857821,OnTrack,228.5,10882.5,100.0,0,8,6,2426.481681639119,0.44922915040109634,81,267.4086111111103,interpolation,0 days 00:00:42.001000,42.001,3106.883,0.0
2024-03-01 16:38:22.656,0 days 00:51:46.983000,2589.264888679596,4472.6692314286665,-107.58461279941959,OnTrack,231.0,10947.0,100.0,0,8,6,2432.147499587879,0.45027809736109536,81,263.35861111111035,interpolation,0 days 00:00:42.101000,42.101,3106.983,0.0
2024-03-01 16:38:22.756,0 days 00:51:47.083000,2602.0,4532.0,-107.0,OnTrack,233.5,11011.5,100.0,0,8,6,2437.6070677426987,0.4512888600560315,81,259.3086111111104,interpolation,0 days 00:00:42.201000,42.201,3107.083,0.0
2024-03-01 16:38:22.856,0 days 00:51:47.183000,2617.4744449657187,4605.791804761695,-106.33416790791259,OnTrack,236.0,11076.0,100.0,0,8,6,2443.535,0.45238633381473864,81,255.25861111111044,interpolation,0 days 00:00:42.301000,42.301,3107.183,0.0
2024-03-01 16:38:22.956,0 days 00:51:47.283000,2635.1725178350266,4691.738135301313,-105.61391152064678,OnTrack,238.0,11180.5,100.0,0,8,6,2449.9312963597813,0.45357051863721676,81,250.703055555555,interpolation,0 days 00:00:42.401000,42.401,3107.283,0.0
2024-03-01 16:38:23.056,0 days 00:51:47.383000,2652.0,4776.0,-105.0,OnTrack,240.0,11285.0,100.0,0,8,6,2456.868333333333,0.45485481402238714,81,246.14749999999958,interpolation,0 days 00:00:42.501000,42.501,3107.383,0.0
2024-03-01 16:38:23.156,0 days 00:51:47.483000,2667.441190999715,4856.270912063868,-104.51922806908236,OnTrack,241.5,11383.0,100.0,0,8,6,2464.418487431943,0.45625261946917084,81,241.19749999999942,interpolation,0 days 00:00:42.601000,42.601,3107.483,0.0
2024-03-01 16:38:23.256,0 days 00:51:47.583000,2681.49609083417,4932.550871492914,-104.17159572789382,OnTrack,243.0,11481.0,100.0,0,8,6,2472.581758655612,0.45776393497756784,81,236.24749999999926,interpolation,0 days 00:00:42.701000,42.701,3107.583,0.0
2024-03-01 16:38:23.356,0 days 00:51:47.683000,2694.05294525154,5004.055395175503,-103.98816552275838,OnTrack,244.5,11579.0,100.0,0,8,6,2480.404983884808,0.4592122957254365,81,231.2974999999991,interpolation,0 days 00:00:42.801000,42.801,3107.683,0.0
2024-03-01 16:38:23.456,0 days 00:51:47.783000,2705.0,5070.0,-104.0,OnTrack,246.0,11677.0,100.0,0,8,6,2486.935,0.46042123689063474,81,226.34749999999894,interpolation,0 days 00:00:42.901000,42.901,3107.783,0.0
2024-03-01 16:38:23.556,0 days 00:51:47.883000,2714.33725507955,5130.3846859664045,-104.20709915961868,OnTrack,246.66666666666666,11716.333333333334,100.0,0,8,6,2492.1718070011875,0.4613907584731627,81,222.93953703703605,interpolation,0 days 00:00:43.001000,43.001,3107.883,0.0
2024-03-01 16:38:23.656,0 days 00:51:47.983000,2722.0647104901877,5185.209453074715,-104.6094630016144,OnTrack,247.33333333333334,11755.666666666666,100.0,0,8,6,2496.6302532180034,0.4622161774413934,81,219.53157407407312,interpolation,0 days 00:00:43.101000,43.101,3107.983,0.0
2024-03-01 16:38:23.756,0 days 00:51:48.083000,2728.3588358063876,5235.061334079369,-105.16756565921528,OnTrack,248.0,11795.0,100.0,0,8,6,2503.3994444444443,0.4634693985337127,81,216.12361111111022,interpolation,0 days 00:00:43.201000,43.201,3108.083,0.0
2024-03-01 16:38:23.856,0 days 00:51:48.183000,2734.2784430538477,5283.46250747338,-105.64425314602018,OnTrack,250.0,11896.0,100.0,0,8,6,2512.994234282217,0.4652457396945444,81,210.36805555555475,interpolation,0 days 00:00:43.301000,43.301,3108.183,0.0
2024-03-01 16:38:23.956,0 days 00:51:48.283000,2740.0,5331.0,-106.0,OnTrack,252.0,11997.0,100.0,0,8,6,2522.999444444444,0.4670980644389561,81,204.61249999999927,interpolation,0 days 00:00:43.401000,43.401,3108.283,0.0
2024-03-01 16:38:24.056,0 days 00:51:48.383000,2745.5235066448454,5377.673811659227,-106.23480622115474,OnTrack,253.0,12033.666666666666,100.0,0,8,6,2530.99989664425,0.4685792362820156,81,200.87916666666584,interpolation,0 days 00:00:43.501000,43.501,3108.383,0.0
2024-03-01 16:38:24.156,0 days 00:51:48.483000,2750.8489629883834,5423.483942451062,-106.34867180948439,OnTrack,254.0,12070.333333333334,100.0,0,8,6,2537.200730539751,0.4697272339626625,81,197.14583333333243,interpolation,0 days 00:00:43.601000,43.601,3108.483,0.0
2024-03-01 16:38:24.256,0 days 00:51:48.583000,2754.4999378377297,5479.552102017366,-106.78820149307184,OnTrack,255.0,12107.0,100.0,0,8,6,2542.8327777777777,0.47076992874783335,81,193.412499999999,interpolation,0 days 00:00:43.701000,43.701,3108.583,0.0
2024-03-01 16:38:24.356,0 days 00:51:48.683000,2755.0,5557.0,-108.0,OnTrack,255.5,12107.0,100.0,0,8,6,2548.1011759158273,0.47174529898756745,81,190.412499999999,pos,0 days 00:00:43.801000,43.801,3108.683,0.0
2024-03-01 16:38:24.456,0 days 00:51:48.783000,2752.349149475195,5655.827636398962,-109.98406733026889,OnTrack,256.0,12107.0,100.0,0,8,6,2554.2105555555554,0.47287636519169346,81,187.412499999999,interpolation,0 days 00:00:43.901000,43.901,3108.783,0.0
2024-03-01 16:38:24.556,0 days 00:51:48.883000,2747.0,5752.0,-112.0,OnTrack,255.0,12094.0,100.0,0,8,6,2562.3655472986193,0.4743861478700402,81,183.31249999999886,interpolation,0 days 00:00:44.001000,44.001,3108.883,0.0
2024-03-01 16:38:24.656,0 days 00:51:48.983000,2739.4051653111,5821.482079588861,-113.30739452531495,OnTrack,254.0,12081.0,100.0,0,8,6,2571.143888888889,0.4760113350554071,81,179.21249999999873,interpolation,0 days 00:00:44.101000,44.101,3108.983,0.0
2024-03-01 16:38:24.756,0 days 00:51:49.083000,2729.511485194578,5868.343290530206,-114.0399659023264,OnTrack,252.0,11659.333333333334,66.66666666666666,0,8,6,2579.123318070238,0.4774886147805941,81,176.19027777777652,interpolation,0 days 00:00:44.201000,44.201,3109.083,0.0
2024-03-01 16:38:24.856,0 days 00:51:49.183000,2717.0,5917.0,-115.0,OnTrack,250.0,11237.666666666666,33.33333333333333,0,8,6,2586.3597117771783,0.4788283318786192,81,173.16805555555433,interpolation,0 days 00:00:44.301000,44.301,3109.183,0.0
2024-03-01 16:38:24.956,0 days 00:51:49.283000,2701.8175500578045,5971.521581692306,-116.3212104452139,OnTrack,248.0,10816.0,0.0,0,8,6,2593.188333333333,0.48009255566538606,81,170.14583333333212,interpolation,0 days 00:00:44.401000,44.401,3109.283,0.0
2024-03-01 16:38:25.056,0 days 00:51:49.383000,2680.0,6036.0,-118.0,OnTrack,236.0,10506.0,0.0,0,8,6,2599.6650602453983,0.48129163107984435,81,168.45138888888778,pos,0 days 00:00:44.501000,44.501,3109.383,0.0
2024-03-01 16:38:25.156,0 days 00:51:49.483000,2647.5832144585947,6114.527219315962,-120.03277142639024,OnTrack,224.0,10196.0,0.0,1,8,6,2605.6327777777774,0.482396470525858,81,166.75694444444343,interpolation,0 days 00:00:44.601000,44.601,3109.483,0.0
2024-03-01 16:38:25.256,0 days 00:51:49.583000,2616.0,6185.0,-122.0,OnTrack,212.33333333333334,9962.666666666666,0.0,1,8,6,2610.934371194875,0.4833779864072908,81,166.3421296296286,interpolation,0 days 00:00:44.701000,44.701,3109.583,0.0
2024-03-01 16:38:25.356,0 days 00:51:49.683000,2596.683163190629,6225.315102411925,-123.48216099644469,OnTrack,200.66666666666666,9729.333333333334,0.0,1,8,6,2615.658017697063,0.48425250349968435,81,165.92731481481374,interpolation,0 days 00:00:44.801000,44.801,3109.683,0.0
2024-03-01 16:38:25.456,0 days 00:51:49.783000,2575.0,6261.0,-125.0,OnTrack,189.0,9496.0,0.0,1,8,6,2620.3327777777777,0.48511796995479056,81,165.5124999999989,interpolation,0 days 00:00:44.901000,44.901,3109.783,0.0
2024-03-01 16:38:25.556,0 days 00:51:49.883000,2536.317806397634,6317.582166212493,-127.07426259494162,OnTrack,179.0,9567.0,0.0,1,8,6,2625.0468277344617,0.4859907103809862,81,165.87361111110977,interpolation,0 days 00:00:45.001000,45.001,3109.883,0.0
2024-03-01 16:38:25.656,0 days 00:51:49.983000,2497.0,6372.0,-129.0,OnTrack,169.0,9638.0,0.0,1,8,6,2629.721666666667,0.48685619143434317,81,166.23472222222063,interpolation,0 days 00:00:45.101000,45.101,3109.983,0.0
2024-03-01 16:38:25.756,0 days 00:51:50.083000,2473.4099984235695,6401.191900313122,-130.07226343390573,OnTrack,160.66666666666666,9192.333333333334,0.0,1,8,6,2634.278793673945,0.4876998797709337,81,167.74583333333172,interpolation,0 days 00:00:45.201000,45.201,3110.083,0.0
2024-03-01 16:38:25.856,0 days 00:51:50.183000,2452.0,6423.0,-131.0,OnTrack,152.33333333333334,8746.666666666666,0.0,1,8,5,2638.660626147618,0.4885111147760206,81,169.25694444444284,interpolation,0 days 00:00:45.301000,45.301,3110.183,0.0
2024-03-01 16:38:25.956,0 days 00:51:50.283000,2419.222203060949,6455.266431908774,-132.492156801624,OnTrack,144.0,8301.0,0.0,1,8,5,2642.521666666667,0.4892259324336858,81,170.76805555555393,interpolation,0 days 00:00:45.401000,45.401,3110.283,0.0
2024-03-01 16:38:26.056,0 days 00:51:50.383000,2385.0,6488.0,-134.0,OnTrack,138.75,8229.0,0.0,1,8,5,2645.8043320327656,0.4898336720200268,81,172.7013888888872,interpolation,0 days 00:00:45.501000,45.501,3110.383,0.0
2024-03-01 16:38:26.156,0 days 00:51:50.483000,2359.2567832107334,6511.209508234226,-134.97479575635015,OnTrack,133.5,8157.0,0.0,1,8,5,2648.508622245912,0.4903343335350436,81,174.6347222222205,interpolation,0 days 00:00:45.601000,45.601,3110.483,0.0
2024-03-01 16:38:26.256,0 days 00:51:50.583000,2339.4139716672644,6526.666467772267,-135.49151659888153,OnTrack,128.25,8085.0,0.0,1,8,4,2650.9527680027695,0.4907868329419495,81,176.56805555555377,interpolation,0 days 00:00:45.701000,45.701,3110.583,0.0
2024-03-01 16:38:26.356,0 days 00:51:50.683000,2310.0,6545.0,-136.0,OnTrack,123.0,8013.0,0.0,1,8,4,2653.4550000000004,0.49125008620395766,81,178.50138888888705,interpolation,0 days 00:00:45.801000,45.801,3110.683,0.0
2024-03-01 16:38:26.456,0 days 00:51:50.783000,2268.436260778249,6567.9816342186,-136.5752192556352,OnTrack,118.0,7740.25,0.0,1,8,4,2656.015318237605,0.49172409332106815,81,181.66805555555368,interpolation,0 days 00:00:45.901000,45.901,3110.783,0.0
2024-03-01 16:38:26.556,0 days 00:51:50.883000,2228.0,6589.0,-137.0,OnTrack,113.0,7467.5,0.0,1,8,4,2658.633722715581,0.492208854293281,81,184.8347222222203,interpolation,0 days 00:00:46.001000,46.001,3110.883,0.0
2024-03-01 16:38:26.656,0 days 00:51:50.983000,2201.9684636632396,6601.443726916128,-137.0571678673073,OnTrack,108.0,7194.75,0.0,1,8,4,2661.5238769468788,0.49274392593205674,81,188.00138888888694,interpolation,0 days 00:00:46.101000,46.101,3110.983,0.0
2024-03-01 16:38:26.756,0 days 00:51:51.083000,2190.341651767969,6605.312814966986,-136.7467228575571,OnTrack,103.0,6922.0,0.0,1,8,4,2664.8994444444447,0.49336886504885596,81,191.16805555555356,interpolation,0 days 00:00:46.201000,46.201,3111.083,0.0
2024-03-01 16:38:26.856,0 days 00:51:51.183000,2182.2940139887132,6605.77549553435,-136.56291641902834,OnTrack,98.5,6587.0,0.0,1,8,3,2668.76042520828,0.49408367164367895,81,196.59291666666468,interpolation,0 days 00:00:46.301000,46.301,3111.183,0.0
2024-03-01 16:38:26.956,0 days 00:51:51.283000,2167.0,6608.0,-137.0,OnTrack,94.0,6252.0,0.0,1,8,3,2672.236666666667,0.4947272491364566,81,202.0177777777758,interpolation,0 days 00:00:46.401000,46.401,3111.283,0.0
2024-03-01 16:38:27.056,0 days 00:51:51.383000,2144.4596098018287,6611.986328363937,-138.057973600472,OnTrack,92.0,6167.5,0.0,1,8,3,2674.458016247891,0.4951385009471206,81,205.19555555555348,interpolation,0 days 00:00:46.501000,46.501,3111.383,0.0
2024-03-01 16:38:27.156,0 days 00:51:51.483000,2119.0,6615.0,-139.0,OnTrack,90.0,6083.0,0.0,1,8,3,2676.236666666667,0.49546779319875117,81,208.37333333333117,interpolation,0 days 00:00:46.601000,46.601,3111.483,0.0
2024-03-01 16:38:27.256,0 days 00:51:51.583000,2094.9483272003167,6614.306534282037,-139.08924197813954,OnTrack,86.5,5966.5,0.0,1,8,3,2678.384810637711,0.49586549201442875,81,212.76222222222032,interpolation,0 days 00:00:46.701000,46.701,3111.583,0.0
2024-03-01 16:38:27.356,0 days 00:51:51.683000,2073.0,6611.0,-139.0,OnTrack,83.0,5850.0,0.0,1,8,3,2680.847777777778,0.4963214759372296,81,217.15111111110946,interpolation,0 days 00:00:46.801000,46.801,3111.683,0.0
2024-03-01 16:38:27.456,0 days 00:51:51.783000,2053.850426996272,6606.174465943838,-139.40657453069062,OnTrack,82.0,5812.5,0.0,1,8,3,2683.5708977036247,0.4968256235102301,81,222.71777777777584,interpolation,0 days 00:00:46.901000,46.901,3111.783,0.0
2024-03-01 16:38:27.556,0 days 00:51:51.883000,2035.0,6598.0,-140.0,OnTrack,81.0,5775.0,0.0,1,8,3,2686.247777777778,0.49732121042132726,81,228.28444444444222,interpolation,0 days 00:00:47.001000,47.001,3111.883,0.0
2024-03-01 16:38:27.656,0 days 00:51:51.983000,2013.9491108220518,6584.646670054934,-140.47131083771652,OnTrack,79.5,5738.5,1.0,1,8,3,2688.572025362764,0.4977515123584182,81,233.1455555555533,interpolation,0 days 00:00:47.101000,47.101,3111.983,0.0
2024-03-01 16:38:27.756,0 days 00:51:52.083000,1991.5593239675445,6567.069655128848,-140.81521940152837,OnTrack,78.0,5702.0,2.0,0,8,3,2690.5811111111116,0.49812346648881306,81,238.0066666666644,interpolation,0 days 00:00:47.201000,47.201,3112.083,0.0
2024-03-01 16:38:27.856,0 days 00:51:52.183000,1973.0,6551.0,-141.0,OnTrack,77.0,5719.333333333333,4.333333333333334,0,8,3,2692.31250567535,0.4984440099798221,81,242.05111111110895,interpolation,0 days 00:00:47.301000,47.301,3112.183,0.0
2024-03-01 16:38:27.956,0 days 00:51:52.283000,1959.132694602159,6537.392873907613,-141.02036504496476,OnTrack,76.0,5736.666666666667,6.666666666666667,0,8,3,2693.8371970599637,0.49872628526774887,81,246.0955555555535,interpolation,0 days 00:00:47.401000,47.401,3112.283,0.0
2024-03-01 16:38:28.056,0 days 00:51:52.383000,1949.9574077740215,6526.248276851689,-140.87631453642263,OnTrack,75.0,5754.0,9.0,0,8,3,2695.5811111111116,0.49904914656668126,81,250.13999999999805,interpolation,0 days 00:00:47.501000,47.501,3112.383,0.0
2024-03-01 16:38:28.156,0 days 00:51:52.483000,1941.5534170588735,6511.47954136992,-140.79410675966918,OnTrack,75.5,5777.5,13.5,0,8,3,2697.6152351063656,0.4994257361783453,81,255.30666666666457,interpolation,0 days 00:00:47.601000,47.601,3112.483,0.0
2024-03-01 16:38:28.256,0 days 00:51:52.583000,1930.0,6487.0,-141.0,OnTrack,76.0,5801.0,18.0,0,8,3,2699.8033333333337,0.49983083196577,81,260.4733333333311,interpolation,0 days 00:00:47.701000,47.701,3112.583,0.0
2024-03-01 16:38:28.356,0 days 00:51:52.683000,1915.2971565974015,6452.809652741927,-141.49399425741504,OnTrack,78.5,5946.75,22.25,0,8,3,2702.0091700796274,0.5002392117919847,81,265.58444444444217,interpolation,0 days 00:00:47.801000,47.801,3112.683,0.0
2024-03-01 16:38:28.456,0 days 00:51:52.783000,1901.0,6417.0,-142.0,OnTrack,81.0,6092.5,26.5,0,8,3,2704.232745345247,0.5006508756569896,81,270.69555555555326,interpolation,0 days 00:00:47.901000,47.901,3112.783,0.0
2024-03-01 16:38:28.556,0 days 00:51:52.883000,1890.6636433567194,6387.662542178519,-142.24192769584047,OnTrack,83.5,6238.25,30.75,0,8,3,2706.6305034937986,0.5010947870469217,81,275.80666666666434,interpolation,0 days 00:00:48.001000,48.001,3112.883,0.0
2024-03-01 16:38:28.656,0 days 00:51:52.983000,1884.2880866675584,6364.797279277485,-142.2197773449365,OnTrack,86.0,6384.0,35.0,0,8,3,2709.3588888888894,0.5015999094479181,81,280.9177777777754,interpolation,0 days 00:00:48.101000,48.101,3112.983,0.0
2024-03-01 16:38:28.756,0 days 00:51:53.083000,1880.0184866446184,6345.53337673771,-142.08773832156427,OnTrack,88.33333333333333,6800.333333333333,40.333333333333336,0,8,3,2712.4179015305185,0.5021662428599787,81,287.0177777777755,interpolation,0 days 00:00:48.201000,48.201,3113.083,0.0
2024-03-01 16:38:28.856,0 days 00:51:53.183000,1876.0,6327.0,-142.0,OnTrack,90.66666666666667,7216.666666666667,45.666666666666664,0,8,3,2715.7109951188436,0.5027759130858324,81,293.11777777777553,interpolation,0 days 00:00:48.301000,48.301,3113.183,0.0
2024-03-01 16:38:28.956,0 days 00:51:53.283000,1872.232626733703,6309.197149064361,-141.95656238024372,OnTrack,93.0,7633.0,51.0,0,8,3,2718.6588888888896,0.503321674392753,81,299.2177777777756,interpolation,0 days 00:00:48.401000,48.401,3113.283,0.0
2024-03-01 16:38:29.056,0 days 00:51:53.383000,1868.66623142396,6291.815600030803,-141.95713776926016,OnTrack,96.6,7827.0,53.8,0,8,3,2721.1650355521724,0.5037856524004364,81,303.3977777777756,interpolation,0 days 00:00:48.501000,48.501,3113.383,0.0
2024-03-01 16:38:29.156,0 days 00:51:53.483000,1865.0,6273.0,-142.0,OnTrack,100.2,8021.0,56.6,0,8,3,2723.229435108693,0.5041678471088826,81,307.5777777777756,interpolation,0 days 00:00:48.601000,48.601,3113.483,0.0
2024-03-01 16:38:29.256,0 days 00:51:53.583000,1861.1837965266673,6252.4411219055,-142.08486137648202,OnTrack,103.8,8215.0,59.4,0,8,3,2725.07022284168,0.5045086432152847,81,311.7577777777757,interpolation,0 days 00:00:48.701000,48.701,3113.583,0.0
2024-03-01 16:38:29.356,0 days 00:51:53.683000,1857.2063461397117,6229.906350339376,-142.1694349136257,OnTrack,107.4,8409.0,62.2,0,8,3,2727.996217151653,0.5050503501434243,81,315.9377777777757,interpolation,0 days 00:00:48.801000,48.801,3113.683,0.0
2024-03-01 16:38:29.456,0 days 00:51:53.783000,1853.0,6204.0,-142.0,OnTrack,111.0,8603.0,65.0,0,8,3,2732.225555555556,0.5058333530040354,81,320.1177777777757,pos,0 days 00:00:48.901000,48.901,3113.783,0.0
2024-03-01 16:38:29.556,0 days 00:51:53.883000,1848.553483358738,6174.4894578614185,-141.5342700835409,OnTrack,116.0,9398.0,78.0,0,8,3,2737.3811111111117,0.5067878320176595,81,327.58444444444194,interpolation,0 days 00:00:49.001000,49.001,3113.883,0.0
2024-03-01 16:38:29.656,0 days 00:51:53.983000,1844.0,6143.0,-141.0,OnTrack,121.0,9674.0,81.0,0,8,3,2741.200133749947,0.507494870652399,81,332.05666666666434,interpolation,0 days 00:00:49.101000,49.101,3113.983,0.0
2024-03-01 16:38:29.756,0 days 00:51:54.083000,1839.4727537078606,6111.15690249211,-140.6249445851289,OnTrack,126.0,9950.0,84.0,0,8,3,2744.3811111111117,0.508083784126675,81,336.52888888888674,interpolation,0 days 00:00:49.201000,49.201,3114.083,0.0
2024-03-01 16:38:29.856,0 days 00:51:54.183000,1834.8054147919074,6077.025750992029,-140.36993977689735,OnTrack,131.0,10160.0,88.0,0,8,3,2747.9996539141785,0.5087537067234174,81,340.77888888888697,interpolation,0 days 00:00:49.301000,49.301,3114.183,0.0
2024-03-01 16:38:29.956,0 days 00:51:54.283000,1829.0,6029.0,-140.0,OnTrack,136.0,10370.0,92.0,0,8,3,2751.936666666667,0.5094825895776758,81,345.0288888888872,interpolation,0 days 00:00:49.401000,49.401,3114.283,0.0
2024-03-01 16:38:30.056,0 days 00:51:54.383000,1821.8901779385008,5965.145215361796,-139.47596079136446,OnTrack,141.0,10628.0,96.0,0,8,3,2756.0730538761,0.5102483838245,81,349.0844444444424,interpolation,0 days 00:00:49.501000,49.501,3114.383,0.0
2024-03-01 16:38:30.156,0 days 00:51:54.483000,1815.0,5901.0,-139.0,OnTrack,146.0,10886.0,100.0,0,8,3,2760.0477777777783,0.510984248370662,81,353.1399999999976,interpolation,0 days 00:00:49.601000,49.601,3114.483,0.0
2024-03-01 16:38:30.256,0 days 00:51:54.583000,1809.8535175770876,5852.102956837201,-138.77429547491573,OnTrack,149.0,10761.333333333334,100.0,0,8,3,2763.4998006070064,0.5116233421229345,81,356.21601851851636,interpolation,0 days 00:00:49.701000,49.701,3114.583,0.0
2024-03-01 16:38:30.356,0 days 00:51:54.683000,1806.4507306697642,5818.454085873397,-138.79884721611165,OnTrack,152.0,10636.666666666666,100.0,0,14,3,2766.5960465454873,0.512196568759221,81,359.2920370370351,interpolation,0 days 00:00:49.801000,49.801,3114.683,1.0
2024-03-01 16:38:30.456,0 days 00:51:54.783000,1803.572578427559,5788.328171972896,-138.9239753492518,OnTrack,155.0,10512.0,100.0,0,14,3,2770.338055555556,0.5128893493975858,81,362.36805555555384,interpolation,0 days 00:00:49.901000,49.901,3114.783,1.0
2024-03-01 16:38:30.556,0 days 00:51:54.883000,1800.0,5750.0,-139.0,OnTrack,163.0,10762.0,100.0,0,14,3,2774.8927501096214,0.5137325873994805,81,365.8402777777758,interpolation,0 days 00:00:50.001000,50.001,3114.883,1.0
2024-03-01 16:38:30.656,0 days 00:51:54.983000,1795.7329953870885,5703.469569954713,-139.02692116835632,OnTrack,171.0,11012.0,100.0,0,14,3,2779.838055555556,0.5146481415455354,81,369.3124999999977,interpolation,0 days 00:00:50.101000,50.101,3114.983,1.0
2024-03-01 16:38:30.756,0 days 00:51:55.083000,1790.9809311251033,5650.647784398783,-139.0121329842378,OnTrack,175.5,11291.5,100.0,0,14,4,2784.7518972412317,0.5155578706163811,81,372.59027777777555,interpolation,0 days 00:00:50.201000,50.201,3115.083,1.0
2024-03-01 16:38:30.856,0 days 00:51:55.183000,1787.0,5603.0,-139.0,OnTrack,180.0,11571.0,100.0,0,12,4,2789.838055555556,0.5164995017012718,81,375.8680555555534,interpolation,0 days 00:00:50.301000,50.301,3115.183,1.0
2024-03-01 16:38:30.956,0 days 00:51:55.283000,1783.9995664041553,5562.437099752572,-138.9979162698445,OnTrack,184.66666666666666,11305.666666666666,100.0,0,12,4,2795.300310887435,0.5175107618894618,81,379.00879629629407,interpolation,0 days 00:00:50.401000,50.401,3115.283,1.0
2024-03-01 16:38:31.056,0 days 00:51:55.383000,1781.0,5520.0,-139.0,OnTrack,189.33333333333334,11040.333333333334,100.0,0,12,4,2801.1085952724065,0.518586084517814,81,382.1495370370347,interpolation,0 days 00:00:50.501000,50.501,3115.383,1.0
2024-03-01 16:38:31.156,0 days 00:51:55.483000,1777.0216704499642,5466.729617085782,-139.00036939669522,OnTrack,194.0,10775.0,100.0,0,12,4,2807.0825000000004,0.5196920694364973,81,385.2902777777754,interpolation,0 days 00:00:50.601000,50.601,3115.483,1.0
2024-03-01 16:38:31.256,0 days 00:51:55.583000,1773.0,5412.0,-139.0,OnTrack,197.0,10992.25,100.0,0,12,4,2813.191956797857,0.5208231499253717,81,388.31527777777524,interpolation,0 days 00:00:50.701000,50.701,3115.583,1.0
2024-03-01 16:38:31.356,0 days 00:51:55.683000,1769.8704108960578,5365.185197732735,-138.9998673499842,OnTrack,200.0,11209.5,100.0,0,12,4,2819.436965665976,0.5219793259844373,81,391.3402777777751,interpolation,0 days 00:00:50.801000,50.801,3115.683,1.0
2024-03-01 16:38:31.456,0 days 00:51:55.783000,1767.378739924992,5322.918550925138,-138.99993674787842,OnTrack,203.0,11426.75,100.0,0,12,5,2825.799186145552,0.523157202134227,81,394.36527777777496,interpolation,0 days 00:00:50.901000,50.901,3115.783,1.0
2024-03-01 16:38:31.556,0 days 00:51:55.883000,1764.0,5265.0,-139.0,OnTrack,206.0,11644.0,100.0,0,12,5,2832.2602777777784,0.5243533828952737,81,397.3902777777748,interpolation,0 days 00:00:51.001000,51.001,3115.883,1.0
2024-03-01 16:38:31.656,0 days 00:51:55.983000,1759.4800253052913,5188.062851123705,-139.0000224072243,OnTrack,210.25,11393.75,100.0,0,12,5,2838.820240562656,0.5255678682675773,81,399.7513888888859,interpolation,0 days 00:00:51.101000,51.101,3115.983,1.0
2024-03-01 16:38:31.756,0 days 00:51:56.083000,1754.1503312383536,5097.536816216534,-139.00001011546323,OnTrack,214.5,11143.5,100.0,0,12,5,2845.4790745001856,0.526800658251138,81,402.112499999997,interpolation,0 days 00:00:51.201000,51.201,3116.083,1.0
2024-03-01 16:38:31.856,0 days 00:51:56.183000,1750.0,5026.0,-139.0,OnTrack,218.75,10893.25,100.0,0,12,5,2851.722954520955,0.5279566253199033,81,404.4736111111081,interpolation,0 days 00:00:51.301000,51.301,3116.183,1.0
2024-03-01 16:38:31.956,0 days 00:51:56.283000,1747.3605435930194,4978.882058794423,-138.99999820668373,OnTrack,223.0,10643.0,100.0,0,12,5,2857.038055555556,0.5289406419478205,81,406.83472222221917,interpolation,0 days 00:00:51.401000,51.401,3116.283,1.0
2024-03-01 16:38:32.056,0 days 00:51:56.383000,1745.0,4938.0,-139.0,OnTrack,225.25,10767.75,100.0,0,12,5,2861.4243776039875,0.5297527081348901,81,408.5458333333303,interpolation,0 days 00:00:51.501000,51.501,3116.383,1.0
2024-03-01 16:38:32.156,0 days 00:51:56.483000,1741.686407203531,4885.170831016936,-139.00000064443446,OnTrack,227.5,10892.5,100.0,0,12,5,2864.8819206662497,0.5303928238811115,81,410.2569444444414,interpolation,0 days 00:00:51.601000,51.601,3116.483,1.0
2024-03-01 16:38:32.256,0 days 00:51:56.583000,1737.5086455668722,4820.542199954046,-139.00000030813564,OnTrack,229.75,11017.25,100.0,0,12,6,2869.573086728721,0.5312613276743117,81,411.9680555555525,interpolation,0 days 00:00:51.701000,51.701,3116.583,1.0
2024-03-01 16:38:32.356,0 days 00:51:56.683000,1733.0,4745.0,-139.0,OnTrack,232.0,11142.0,100.0,0,12,6,2877.6602777777784,0.532758558002317,81,413.6791666666636,interpolation,0 days 00:00:51.801000,51.801,3116.683,1.0
2024-03-01 16:38:32.456,0 days 00:51:56.783000,1728.2493517763146,4658.691880775543,-138.99999988817788,OnTrack,238.0,11420.0,100.0,0,12,6,2888.238055555556,0.5347168856337182,81,416.7902777777754,interpolation,0 days 00:00:51.901000,51.901,3116.783,1.0
2024-03-01 16:38:32.556,0 days 00:51:56.883000,1723.365362671324,4564.309197632092,-138.99999994450533,OnTrack,240.0,11502.0,100.0,0,12,6,2895.873762699708,0.5361305300304736,81,418.0958333333306,interpolation,0 days 00:00:52.001000,52.001,3116.883,1.0
2024-03-01 16:38:32.656,0 days 00:51:56.983000,1719.0,4478.0,-139.0,OnTrack,242.0,11584.0,100.0,0,12,6,2901.682500000001,0.5372059365097639,81,419.4013888888858,interpolation,0 days 00:00:52.101000,52.101,3116.983,1.0
2024-03-01 16:38:32.756,0 days 00:51:57.083000,1715.26192442516,4402.455615671348,-139.00000002649827,OnTrack,244.5,11293.0,100.0,0,12,6,2907.6848157758027,0.5383171813367107,81,419.0263888888858,interpolation,0 days 00:00:52.201000,52.201,3117.083,1.0
2024-03-01 16:38:32.856,0 days 00:51:57.183000,1712.1511359468045,4337.676044646138,-139.0000000240002,OnTrack,247.0,11002.0,100.0,0,12,6,2913.880710027114,0.5394642645113141,81,418.6513888888858,interpolation,0 days 00:00:52.301000,52.301,3117.183,1.0
2024-03-01 16:38:32.956,0 days 00:51:57.283000,1709.4647794950467,4280.558451297858,-139.00000000950203,OnTrack,249.5,10711.0,100.0,0,12,6,2920.277499264868,0.5406485405832562,81,418.2763888888858,interpolation,0 days 00:00:52.401000,52.401,3117.283,1.0
2024-03-01 16:38:33.056,0 days 00:51:57.383000,1707.0,4228.0,-139.0,OnTrack,252.0,10420.0,100.0,0,12,6,2926.8825000000006,0.5418713641022196,81,417.9013888888858,interpolation,0 days 00:00:52.501000,52.501,3117.383,1.0
2024-03-01 16:38:33.156,0 days 00:51:57.483000,1704.7567974616645,4180.000690752563,-138.9999999954941,OnTrack,254.5,10512.0,100.0,0,12,6,2933.69571223251,0.5431327350682039,81,416.87361111110795,interpolation,0 days 00:00:52.601000,52.601,3117.483,1.0
2024-03-01 16:38:33.256,0 days 00:51:57.583000,1702.7351718800405,4136.560523555548,-138.99999999598435,OnTrack,257.0,10604.0,100.0,0,12,6,2941.1602777777784,0.5445146949912433,81,415.8458333333301,interpolation,0 days 00:00:52.701000,52.701,3117.583,1.0
2024-03-01 16:38:33.356,0 days 00:51:57.683000,1700.5959603583958,4089.8400945807584,-138.99999999848242,OnTrack,259.0,10771.5,100.0,0,12,6,2949.7193384511897,0.5460992853813716,81,413.9713888888857,interpolation,0 days 00:00:52.801000,52.801,3117.683,1.0
2024-03-01 16:38:33.456,0 days 00:51:57.783000,1698.0,4032.0,-139.0,OnTrack,261.0,10939.0,100.0,0,12,7,2958.6327777777783,0.5477494840233537,81,412.0969444444413,interpolation,0 days 00:00:52.901000,52.901,3117.783,1.0
2024-03-01 16:38:33.556,0 days 00:51:57.883000,1694.9472908048524,3963.0402398132696,-139.00000000053703,OnTrack,263.0,10972.333333333334,100.0,0,12,7,2967.1604792825788,0.5493282687019538,81,409.72657407407087,interpolation,0 days 00:00:53.001000,53.001,3117.883,1.0
2024-03-01 16:38:33.656,0 days 00:51:57.983000,1691.4965408054175,3885.3206145633235,-139.00000000024133,OnTrack,265.0,11005.666666666666,100.0,0,12,7,2975.22549237095,0.5508213930906841,81,407.35620370370043,interpolation,0 days 00:00:53.101000,53.101,3117.983,1.0
2024-03-01 16:38:33.756,0 days 00:51:58.083000,1688.0,3813.0,-139.0,OnTrack,267.0,11039.0,100.0,0,12,7,2982.366111111112,0.5521433787929682,81,404.98583333333,interpolation,0 days 00:00:53.201000,53.201,3118.083,1.0
2024-03-01 16:38:33.856,0 days 00:51:58.183000,1684.516377022238,3748.438220830534,-138.99999999996086,OnTrack,268.6666666666667,11077.0,100.0,0,12,7,2988.5053841204444,0.5532799793364348,81,402.91916666666356,interpolation,0 days 00:00:53.301000,53.301,3118.183,1.0
2024-03-01 16:38:33.956,0 days 00:51:58.283000,1680.0,3664.0,-139.0,OnTrack,270.3333333333333,11115.0,100.0,0,12,7,2993.94548481901,0.5542871379040865,81,400.85249999999706,interpolation,0 days 00:00:53.401000,53.401,3118.283,1.0
2024-03-01 16:38:34.056,0 days 00:51:58.383000,1674.0,3544.0,-139.0,OnTrack,272.0,11153.0,100.0,0,12,7,3000.4994444444446,0.5555005118753701,81,398.78583333333063,interpolation,0 days 00:00:53.501000,53.501,3118.383,1.0
2024-03-01 16:38:34.156,0 days 00:51:58.483000,1670.0852129277118,3460.1382252130916,-138.99999999999886,OnTrack,274.25,11242.5,100.0,0,12,7,3008.469433322571,0.5569760438604328,81,395.21083333333047,interpolation,0 days 00:00:53.601000,53.601,3118.483,1.0
2024-03-01 16:38:34.256,0 days 00:51:58.583000,1667.0,3391.0,-139.0,OnTrack,276.5,11332.0,100.0,0,12,7,3017.855451453389,0.5587137338592743,81,391.6358333333303,interpolation,0 days 00:00:53.701000,53.701,3118.583,1.0
2024-03-01 16:38:34.356,0 days 00:51:58.683000,1662.8939134040734,3303.2205868069186,-139.00000000000045,OnTrack,278.75,11421.5,100.0,0,12,7,3027.149577190846,0.5604344112665475,81,388.06083333333015,interpolation,0 days 00:00:53.801000,53.801,3118.683,1.0
2024-03-01 16:38:34.456,0 days 00:51:58.783000,1658.0314945472296,3201.2735040885423,-139.0000000000003,OnTrack,281.0,11511.0,100.0,0,12,7,3034.8438888888895,0.561858905476905,81,384.48583333333,interpolation,0 days 00:00:53.901000,53.901,3118.783,1.0
2024-03-01 16:38:34.556,0 days 00:51:58.883000,1654.0,3112.0,-139.0,OnTrack,281.5,11511.0,100.0,0,12,7,3040.9383865475206,0.5629872164903468,81,381.75249999999687,pos,0 days 00:00:54.001000,54.001,3118.883,1.0
2024-03-01 16:38:34.656,0 days 00:51:58.983000,1651.0639738786008,3039.873638805051,-138.99999999999952,OnTrack,282.0,11511.0,100.0,0,12,7,3047.3772222222224,0.5641792768720945,81,379.01916666666375,interpolation,0 days 00:00:54.101000,54.101,3118.983,1.0
2024-03-01 16:38:34.756,0 days 00:51:59.083000,1648.9480455860712,2980.4430336323544,-138.99999999999912,OnTrack,283.0,11453.0,100.0,0,12,7,3056.104547968481,0.56579501918737,81,374.75249999999716,interpolation,0 days 00:00:54.201000,54.201,3119.083,1.0
2024-03-01 16:38:34.856,0 days 00:51:59.183000,1646.0,2907.0,-139.0,OnTrack,284.0,11395.0,100.0,0,12,7,3066.6150935716855,0.5677408997218524,81,370.4858333333306,interpolation,0 days 00:00:54.301000,54.301,3119.183,1.0
2024-03-01 16:38:34.956,0 days 00:51:59.283000,1641.9444693432079,2815.0931966186163,-139.0000000000024,OnTrack,285.0,11337.0,100.0,0,12,7,3075.8772222222224,0.5694556533159433,81,366.219166666664,interpolation,0 days 00:00:54.401000,54.401,3119.283,1.0
2024-03-01 16:38:35.056,0 days 00:51:59.383000,1636.946902737908,2707.623915739673,-139.00000000000497,OnTrack,287.0,11015.333333333334,100.0,0,12,7,3083.385658531489,0.5708457352974292,81,363.35249999999724,interpolation,0 days 00:00:54.501000,54.501,3119.383,1.0
2024-03-01 16:38:35.156,0 days 00:51:59.483000,1632.0,2602.0,-139.0,OnTrack,289.0,10693.666666666666,100.0,0,12,7,3089.377710875717,0.5719550799935484,81,360.48583333333045,interpolation,0 days 00:00:54.601000,54.601,3119.483,1.0
2024-03-01 16:38:35.256,0 days 00:51:59.583000,1627.2692119459052,2501.122771360453,-138.99999999998616,OnTrack,291.0,10372.0,100.0,0,12,7,3095.2772222222225,0.5730472920180719,81,357.61916666666366,interpolation,0 days 00:00:54.701000,54.701,3119.583,1.0
2024-03-01 16:38:35.356,0 days 00:51:59.683000,1622.8149854609314,2406.3690817004776,-138.99999999997104,OnTrack,292.0,10425.666666666666,100.0,0,12,7,3101.3214985172153,0.574166305248353,81,354.30064814814506,interpolation,0 days 00:00:54.801000,54.801,3119.683,1.0
2024-03-01 16:38:35.456,0 days 00:51:59.783000,1619.0,2326.0,-139.0,OnTrack,293.0,10479.333333333334,100.0,0,12,8,3107.9882651229664,0.5754005638545012,81,350.9821296296265,interpolation,0 days 00:00:54.901000,54.901,3119.783,1.0
2024-03-01 16:38:35.556,0 days 00:51:59.883000,1615.884701829445,2261.392364039575,-139.00000000008066,OnTrack,294.0,10533.0,100.0,0,12,8,3118.1438888888893,0.5772807355741892,81,347.6636111111079,interpolation,0 days 00:00:55.001000,55.001,3119.883,1.0
2024-03-01 16:38:35.656,0 days 00:51:59.983000,1613.469090949267,2212.5461738192016,-139.00000000021296,OnTrack,295.0,10603.0,100.0,0,12,8,3131.255,0.5797080744450436,81,342.2413888888859,interpolation,0 days 00:00:55.101000,55.101,3119.983,1.0
2024-03-01 16:38:35.756,0 days 00:52:00.083000,1611.61635151703,2176.1983648694804,-139.0000000003601,OnTrack,296.3333333333333,10650.333333333334,100.0,0,12,8,3141.254966980054,0.5815594284875987,81,339.25990740740434,interpolation,0 days 00:00:55.201000,55.201,3120.083,1.0
2024-03-01 16:38:35.856,0 days 00:52:00.183000,1609.5055926810905,2132.7706506150107,-139.0000000003014,OnTrack,297.6666666666667,10697.666666666666,100.0,0,12,8,3147.7573904157093,0.5827632612540485,81,336.2784259259227,interpolation,0 days 00:00:55.301000,55.301,3120.183,1.0
2024-03-01 16:38:35.956,0 days 00:52:00.283000,1607.0,2079.0,-139.0,OnTrack,299.0,10745.0,100.0,0,12,8,3154.5105555555556,0.5840135153405506,81,333.2969444444411,interpolation,0 days 00:00:55.401000,55.401,3120.283,1.0
2024-03-01 16:38:36.056,0 days 00:52:00.383000,1604.0995734737587,2014.8864130244494,-138.99999999945592,OnTrack,300.0,10780.5,100.0,0,12,8,3162.139179806234,0.5854258484386297,81,330.2691666666634,interpolation,0 days 00:00:55.501000,55.501,3120.383,1.0
2024-03-01 16:38:36.156,0 days 00:52:00.483000,1600.0,1929.0,-139.0,OnTrack,301.0,10816.0,100.0,0,12,8,3170.6432631677453,0.587000260548286,81,327.2413888888857,pos,0 days 00:00:55.601000,55.601,3120.483,1.0
2024-03-01 16:38:36.256,0 days 00:52:00.583000,1593.896966476358,1809.910871238293,-139.0000000029631,OnTrack,302.0,10851.5,100.0,0,12,8,3179.4976593898286,0.5886395281851527,81,324.213611111108,interpolation,0 days 00:00:55.701000,55.701,3120.583,1.0
2024-03-01 16:38:36.356,0 days 00:52:00.683000,1588.0,1694.0,-139.0,OnTrack,303.0,10887.0,100.0,0,12,8,3188.177222222222,0.5902464278648631,81,321.18583333333027,interpolation,0 days 00:00:55.801000,55.801,3120.683,1.0
2024-03-01 16:38:36.456,0 days 00:52:00.783000,1584.518627668093,1617.6483595457923,-138.99999998276544,OnTrack,304.0,10907.0,100.0,0,12,8,3196.681951664926,0.5918209595874173,81,318.4636111111081,interpolation,0 days 00:00:55.901000,55.901,3120.783,1.0
2024-03-01 16:38:36.556,0 days 00:52:00.883000,1582.0,1559.0,-139.0,OnTrack,305.0,10927.0,100.0,0,12,8,3205.011847717942,0.5933631233528152,81,315.7413888888859,interpolation,0 days 00:00:56.001000,56.001,3120.883,1.0
2024-03-01 16:38:36.656,0 days 00:52:00.983000,1578.991267515085,1496.1989714869542,-139.00000010044425,OnTrack,306.0,10947.0,100.0,0,12,8,3213.452208800875,0.5949257381737123,81,313.01916666666375,interpolation,0 days 00:00:56.101000,56.101,3120.983,1.0
2024-03-01 16:38:36.756,0 days 00:52:01.083000,1575.3253754103816,1425.1187146370355,-139.00000022288,OnTrack,307.0,10967.0,100.0,0,12,8,3222.288333333333,0.5965616230627641,81,310.2969444444416,interpolation,0 days 00:00:56.201000,56.201,3121.083,1.0
2024-03-01 16:38:36.856,0 days 00:52:01.183000,1570.0,1321.0,-139.0,OnTrack,307.25,10974.75,100.0,0,12,8,3231.520221315315,0.5982707780199704,81,307.6446527777749,interpolation,0 days 00:00:56.301000,56.301,3121.183,1.0
2024-03-01 16:38:36.956,0 days 00:52:01.283000,1563.0,1184.0,-139.0,OnTrack,307.5,10982.5,100.0,0,12,8,3241.147872746822,0.6000532030453314,81,304.99236111110827,interpolation,0 days 00:00:56.401000,56.401,3121.283,1.0
2024-03-01 16:38:37.056,0 days 00:52:01.383000,1555.2368415940264,1039.8207202706592,-139.00000399934044,OnTrack,307.75,10990.25,100.0,0,12,8,3250.735476693806,0.6018282138389742,81,302.3400694444416,interpolation,0 days 00:00:56.501000,56.501,3121.383,1.0
2024-03-01 16:38:37.156,0 days 00:52:01.483000,1548.0,910.0,-139.0,OnTrack,308.0,10998.0,100.0,0,12,8,3259.8472222222217,0.603515126101026,81,299.68777777777495,interpolation,0 days 00:00:56.601000,56.601,3121.483,1.0
2024-03-01 16:38:37.256,0 days 00:52:01.583000,1542.4270401830172,811.792032702783,-138.9999753745508,OnTrack,308.5,11040.0,100.0,0,12,8,3268.483109332068,0.6051139398314866,81,297.24333333333016,interpolation,0 days 00:00:56.701000,56.701,3121.583,1.0
2024-03-01 16:38:37.356,0 days 00:52:01.683000,1538.517962143077,745.1968183790077,-138.99993012299262,OnTrack,309.0,11082.0,100.0,0,12,8,3277.0138888888887,0.6066932943683736,81,294.79888888888536,interpolation,0 days 00:00:56.801000,56.801,3121.683,1.0
2024-03-01 16:38:37.456,0 days 00:52:01.783000,1536.0018062426147,704.170874052936,-138.99987742080503,OnTrack,309.0,11078.75,100.0,0,12,8,3285.8103117582295,0.6083218290497042,81,292.6877777777744,interpolation,0 days 00:00:56.901000,56.901,3121.783,1.0
2024-03-01 16:38:37.556,0 days 00:52:01.883000,1533.2528063323243,652.4531162137071,-138.99989632126938,OnTrack,309.0,11075.5,100.0,0,12,8,3294.872377940089,0.6099995438754784,81,290.5766666666634,interpolation,0 days 00:00:57.001000,57.001,3121.883,1.0
2024-03-01 16:38:37.656,0 days 00:52:01.983000,1530.0,584.0,-139.0,OnTrack,309.0,11072.25,100.0,0,12,8,3303.588532929682,0.6116132180813739,81,288.46555555555244,pos,0 days 00:00:57.101000,57.101,3121.983,1.0
2024-03-01 16:38:37.756,0 days 00:52:02.083000,1526.2433872456406,498.8115254118147,-139.0001884569969,OnTrack,309.0,11069.0,100.0,0,12,8,3311.3472222222217,0.6130496309030686,81,286.35444444444147,interpolation,0 days 00:00:57.201000,57.201,3122.083,1.0
2024-03-01 16:38:37.856,0 days 00:52:02.183000,1521.982968069247,396.88769244915136,-139.0004616922601,OnTrack,294.4,10701.6,80.0,0,12,8,3318.1484458177088,0.6143087823405626,81,286.4522222222191,interpolation,0 days 00:00:57.301000,57.301,3122.183,1.0
2024-03-01 16:38:37.956,0 days 00:52:02.283000,1518.4810648582297,294.77001326191225,-139.00050408139325,OnTrack,279.8,10334.2,60.0,1,12,8,3323.9922037161427,0.6153906723938556,81,286.5499999999967,interpolation,0 days 00:00:57.401000,57.401,3122.283,1.0
2024-03-01 16:38:38.056,0 days 00:52:02.383000,1517.0,209.0,-139.0,OnTrack,265.2,9966.8,40.0,1,12,8,3329.0550145320017,0.6163279810159069,81,286.64777777777437,pos,0 days 00:00:57.501000,57.501,3122.383,1.0
2024-03-01 16:38:38.156,0 days 00:52:02.483000,1517.5397734945582,139.5776526634145,-138.9989494480803,OnTrack,250.6,9599.4,20.0,1,12,8,3334.395995374831,0.6173167889284034,81,286.74555555555196,interpolation,0 days 00:00:57.601000,57.601,3122.483,1.0
2024-03-01 16:38:38.256,0 days 00:52:02.583000,1519.9135153639736,85.19453618871562,-138.99788476463252,OnTrack,236.0,9232.0,0.0,1,12,8,3340.1916666666666,0.6183897764189483,81,286.8433333333296,interpolation,0 days 00:00:57.701000,57.701,3122.583,1.0
2024-03-01 16:38:38.356,0 days 00:52:02.683000,1523.0,38.0,-139.0,OnTrack,226.33333333333334,9473.0,0.0,1,12,8,3346.442028407509,0.619546943487542,81,287.8507407407371,interpolation,0 days 00:00:57.801000,57.801,3122.683,1.0
2024-03-01 16:38:38.456,0 days 00:52:02.783000,1526.6123555111478,-3.3144043646161983,-139.00582749863221,OnTrack,216.66666666666666,9714.0,0.0,1,12,8,3352.9565082956756,0.6207530083375716,81,288.8581481481445,interpolation,0 days 00:00:57.901000,57.901,3122.783,1.0
2024-03-01 16:38:38.556,0 days 00:52:02.883000,1532.0,-46.0,-139.0,OnTrack,207.0,9955.0,0.0,1,8,8,3358.5916666666667,0.6217962791055034,81,289.86555555555196,interpolation,0 days 00:00:58.001000,58.001,3122.883,0.0
2024-03-01 16:38:38.656,0 days 00:52:02.983000,1540.41235156914,-97.30811000101845,-138.96715024357422,OnTrack,201.33333333333334,10150.0,0.0,1,8,8,3363.1569292673275,0.6226414736334371,81,291.3692592592558,interpolation,0 days 00:00:58.101000,58.101,3122.983,0.0
2024-03-01 16:38:38.756,0 days 00:52:03.083000,1551.4815005240748,-155.1507413406842,-138.9272356355491,OnTrack,195.66666666666666,10345.0,0.0,1,8,7,3367.129150757182,0.6233768748930447,81,292.87296296295955,interpolation,0 days 00:00:58.201000,58.201,3123.083,0.0
2024-03-01 16:38:38.856,0 days 00:52:03.183000,1563.0,-207.0,-139.0,OnTrack,190.0,10540.0,0.0,1,8,7,3373.369444444444,0.6245321780023138,81,294.37666666666337,interpolation,0 days 00:00:58.301000,58.301,3123.183,0.0
2024-03-01 16:38:38.956,0 days 00:52:03.283000,1574.5999440698001,-250.7679143329177,-139.20540053875828,OnTrack,185.0,9723.0,0.0,1,8,7,3381.5916666666667,0.6260544074636971,81,297.35444444444056,interpolation,0 days 00:00:58.401000,58.401,3123.283,0.0
2024-03-01 16:38:39.056,0 days 00:52:03.383000,1593.0,-302.0,-139.0,OnTrack,182.0,9583.0,0.3333333333333333,1,8,5,3387.2178802288986,0.6270960222253752,81,299.04333333332926,interpolation,0 days 00:00:58.501000,58.501,3123.383,0.0
2024-03-01 16:38:39.156,0 days 00:52:03.483000,1623.0,-371.0,-138.0,OnTrack,179.0,9443.0,0.6666666666666666,1,8,5,3390.0330653204865,0.6276172143763341,81,300.732222222218,interpolation,0 days 00:00:58.601000,58.601,3123.483,0.0
2024-03-01 16:38:39.256,0 days 00:52:03.583000,1653.0869926734574,-426.3174393887655,-137.16322884326183,OnTrack,176.0,9303.0,1.0,1,8,5,3393.3250000000003,0.628226670046428,81,302.4211111111067,interpolation,0 days 00:00:58.701000,58.701,3123.583,0.0
2024-03-01 16:38:39.356,0 days 00:52:03.683000,1681.3421626120175,-462.71059917996376,-136.6493237631907,OnTrack,173.0,9270.5,1.0,1,8,5,3397.6416444716356,0.6290258364045546,81,304.782222222218,interpolation,0 days 00:00:58.801000,58.801,3123.683,0.0
2024-03-01 16:38:39.456,0 days 00:52:03.783000,1710.1762512445687,-488.99845938118017,-136.31075680152418,OnTrack,170.0,9238.0,1.0,1,8,5,3402.7694444444446,0.629975176860179,81,307.14333333332934,interpolation,0 days 00:00:58.901000,58.901,3123.783,0.0
2024-03-01 16:38:39.556,0 days 00:52:03.883000,1742.0,-514.0,-136.0,OnTrack,168.0,9061.5,3.0,1,8,5,3408.4948456274806,0.6310351548227668,81,310.1766666666631,interpolation,0 days 00:00:59.001000,59.001,3123.883,0.0
2024-03-01 16:38:39.656,0 days 00:52:03.983000,1776.8134088783127,-537.7152210364235,-135.71705335861816,OnTrack,166.0,8885.0,5.0,1,8,5,3413.836111111111,0.6320240154325273,81,313.20999999999685,interpolation,0 days 00:00:59.101000,59.101,3123.983,0.0
2024-03-01 16:38:39.756,0 days 00:52:04.083000,1814.2376758083558,-560.0011548511135,-135.43585117104334,OnTrack,164.33333333333334,8877.0,14.666666666666668,1,8,5,3417.811503985706,0.6327600038296695,81,315.36555555555225,interpolation,0 days 00:00:59.201000,59.201,3124.083,0.0
2024-03-01 16:38:39.856,0 days 00:52:04.183000,1852.0,-580.0,-135.0,OnTrack,162.66666666666666,8869.0,24.333333333333336,0,8,5,3420.7437756536756,0.6333028729228569,81,317.5211111111077,interpolation,0 days 00:00:59.301000,59.301,3124.183,0.0
2024-03-01 16:38:39.956,0 days 00:52:04.283000,1889.721583261009,-597.5687903077276,-134.38343440606442,OnTrack,161.0,8861.0,34.0,0,8,5,3424.569444444445,0.6340111419996844,81,319.6766666666631,interpolation,0 days 00:00:59.401000,59.401,3124.283,0.0
2024-03-01 16:38:40.056,0 days 00:52:04.383000,1927.1754789225724,-612.7723915084753,-133.62969202401464,OnTrack,161.0,8905.0,39.333333333333336,0,8,5,3429.6112650654186,0.6349445645806885,81,322.952407407404,interpolation,0 days 00:00:59.501000,59.501,3124.383,0.0
2024-03-01 16:38:40.156,0 days 00:52:04.483000,1963.0,-626.0,-133.0,OnTrack,161.0,8949.0,44.666666666666664,0,8,5,3435.5771037270806,0.6360490561800639,81,326.22814814814484,interpolation,0 days 00:00:59.601000,59.601,3124.483,0.0
2024-03-01 16:38:40.256,0 days 00:52:04.583000,1996.9681975005356,-637.31648218071,-132.53789641462632,OnTrack,161.0,8993.0,50.0,0,8,5,3440.714166666667,0.6370001115444499,81,329.50388888888574,interpolation,0 days 00:00:59.701000,59.701,3124.583,0.0
2024-03-01 16:38:40.356,0 days 00:52:04.683000,2040.0,-649.0,-132.0,OnTrack,162.66666666666666,9093.666666666666,55.666666666666664,0,8,5,3444.7303230860975,0.6377436467418638,81,331.63722222221895,interpolation,0 days 00:00:59.801000,59.801,3124.683,0.0
2024-03-01 16:38:40.456,0 days 00:52:04.783000,2101.0,-662.0,-131.0,OnTrack,164.33333333333334,9194.333333333334,61.33333333333333,0,8,5,3447.890118412259,0.6383286386585776,81,333.77055555555216,interpolation,0 days 00:00:59.901000,59.901,3124.783,0.0
2024-03-01 16:38:40.556,0 days 00:52:04.883000,2165.0,-669.0,-129.0,OnTrack,166.0,9295.0,67.0,0,8,5,3451.7808333333337,0.6390489501167982,81,335.9038888888854,interpolation,0 days 00:01:00.001000,60.001,3124.883,0.0
2024-03-01 16:38:40.656,0 days 00:52:04.983000,2212.7280167792173,-672.6063573258992,-127.77516866076549,OnTrack,168.25,9390.25,71.0,0,8,5,3456.6670159851674,0.6399535585043237,81,338.6233333333298,interpolation,0 days 00:01:00.101000,60.101,3124.983,0.0
2024-03-01 16:38:40.756,0 days 00:52:05.083000,2241.3079606450456,-673.4749163429767,-127.64518761428732,OnTrack,170.5,9485.5,75.0,0,8,5,3462.548666367759,0.6410424638211538,81,341.34277777777424,interpolation,0 days 00:01:00.201000,60.201,3125.083,0.0
2024-03-01 16:38:40.856,0 days 00:52:05.183000,2269.48392418835,-670.6060171885657,-127.6926127606655,OnTrack,172.75,9580.75,79.0,0,8,5,3468.3936224553604,0.6421245757024153,81,344.0622222222187,interpolation,0 days 00:01:00.301000,60.301,3125.183,0.0
2024-03-01 16:38:40.956,0 days 00:52:05.283000,2316.0,-663.0,-127.0,OnTrack,175.0,9676.0,83.0,0,8,5,3473.1697222222224,0.6430088037832343,81,346.7816666666631,interpolation,0 days 00:01:00.401000,60.401,3125.283,0.0
2024-03-01 16:38:41.056,0 days 00:52:05.383000,2380.856188079994,-650.6568647772795,-125.56734933229085,OnTrack,176.5,9932.0,91.5,0,8,5,3476.8769656683453,0.6436951480636111,81,348.7372222222184,interpolation,0 days 00:01:00.501000,60.501,3125.383,0.0
2024-03-01 16:38:41.156,0 days 00:52:05.483000,2444.0,-637.0,-124.0,OnTrack,178.0,10188.0,100.0,0,8,5,3481.080833333334,0.6444734353731059,81,350.6927777777737,interpolation,0 days 00:01:00.601000,60.601,3125.483,0.0
2024-03-01 16:38:41.256,0 days 00:52:05.583000,2485.3789473316874,-625.4527941477584,-122.90329124558957,OnTrack,183.5,10383.5,100.0,0,8,5,3487.346805756796,0.64563349254128,81,353.25944444444076,interpolation,0 days 00:01:00.701000,60.701,3125.583,0.0
2024-03-01 16:38:41.356,0 days 00:52:05.683000,2523.0,-612.0,-122.0,OnTrack,189.0,10579.0,100.0,0,8,5,3493.680833333334,0.6468061491693338,81,355.8261111111078,interpolation,0 days 00:01:00.801000,60.801,3125.683,0.0
2024-03-01 16:38:41.456,0 days 00:52:05.783000,2573.0,-593.0,-121.0,OnTrack,189.0,10628.0,100.0,0,8,5,3498.0888664575486,0.6476222348584676,81,357.5816666666633,interpolation,0 days 00:01:00.901000,60.901,3125.783,0.0
2024-03-01 16:38:41.556,0 days 00:52:05.883000,2624.15812230188,-570.6945836086761,-119.82587168417177,OnTrack,189.0,10677.0,100.0,0,8,5,3502.080833333334,0.6483612917001523,81,359.33722222221877,interpolation,0 days 00:01:01.001000,61.001,3125.883,0.0
2024-03-01 16:38:41.656,0 days 00:52:05.983000,2675.122185549665,-545.0920075495007,-118.47398723609506,OnTrack,194.0,10884.5,100.0,0,8,5,3507.16666216458,0.6493028617858587,81,361.28166666666357,interpolation,0 days 00:01:01.101000,61.101,3125.983,0.0
2024-03-01 16:38:41.756,0 days 00:52:06.083000,2729.0,-514.0,-117.0,OnTrack,199.0,11092.0,100.0,0,8,5,3513.136388888889,0.6504080732056609,81,363.22611111110837,interpolation,0 days 00:01:01.201000,61.201,3126.083,0.0
2024-03-01 16:38:41.856,0 days 00:52:06.183000,2786.3095366809944,-477.05318045235276,-115.4131855807492,OnTrack,202.33333333333334,11254.333333333334,100.0,0,8,5,3519.7800494438657,0.6516380540496329,81,365.292777777775,interpolation,0 days 00:01:01.301000,61.301,3126.183,0.0
2024-03-01 16:38:41.956,0 days 00:52:06.283000,2834.0,-445.0,-114.0,OnTrack,205.66666666666666,11416.666666666666,100.0,0,8,5,3526.9806675239042,0.652971147790639,81,367.3594444444416,interpolation,0 days 00:01:01.401000,61.401,3126.283,0.0
2024-03-01 16:38:42.056,0 days 00:52:06.383000,2859.0205943643678,-428.5889097363829,-113.04689927940967,OnTrack,209.0,11579.0,100.0,0,8,5,3534.036388888889,0.6542774159311501,81,369.4261111111082,interpolation,0 days 00:01:01.501000,61.501,3126.383,0.0
2024-03-01 16:38:42.156,0 days 00:52:06.483000,2869.032215231066,-421.1873314917835,-112.38488812895342,OnTrack,211.33333333333334,11217.666666666666,100.0,0,8,5,3540.830238431048,0.6555352021657923,81,371.1149999999969,interpolation,0 days 00:01:01.601000,61.601,3126.483,0.0
2024-03-01 16:38:42.256,0 days 00:52:06.583000,2910.0,-383.0,-111.0,OnTrack,213.66666666666666,10856.333333333334,100.0,0,8,5,3547.318223727433,0.6567363619126652,81,372.80388888888564,pos,0 days 00:01:01.701000,61.701,3126.583,0.0
2024-03-01 16:38:42.356,0 days 00:52:06.683000,2980.0,-317.0,-109.0,OnTrack,216.0,10495.0,100.0,0,8,5,3553.236388888889,0.6578320274301639,81,374.49277777777434,interpolation,0 days 00:01:01.801000,61.801,3126.683,0.0
2024-03-01 16:38:42.456,0 days 00:52:06.783000,3021.523915588241,-280.8206063575095,-108.0454316287914,OnTrack,218.0,10550.25,100.0,0,8,5,3558.5407410419843,0.6588140540529874,81,375.6261111111078,interpolation,0 days 00:01:01.901000,61.901,3126.783,0.0
2024-03-01 16:38:42.556,0 days 00:52:06.883000,3036.49939731216,-268.76280479317694,-107.73495315237814,OnTrack,220.0,10605.5,100.0,0,8,6,3563.2312801867174,0.6596824417811356,81,376.7594444444412,interpolation,0 days 00:01:02.001000,62.001,3126.883,0.0
2024-03-01 16:38:42.656,0 days 00:52:06.983000,3094.0,-189.0,-104.0,OnTrack,222.0,10660.75,100.0,0,8,6,3567.9021514603146,0.6605471882779868,81,377.89277777777465,interpolation,0 days 00:01:02.101000,62.101,3126.983,0.0
2024-03-01 16:38:42.756,0 days 00:52:07.083000,3194.0,-43.0,-97.0,OnTrack,224.0,10716.0,100.0,0,8,6,3573.1475,0.6615182912069191,81,379.0261111111081,interpolation,0 days 00:01:02.201000,62.201,3127.083,0.0
2024-03-01 16:38:42.856,0 days 00:52:07.183000,3267.2722086731555,68.60473715812364,-91.7600381337023,OnTrack,225.5,10826.0,100.0,0,8,6,3578.9673258057746,0.662595750567933,81,380.0538888888859,interpolation,0 days 00:01:02.301000,62.301,3127.183,0.0
2024-03-01 16:38:42.956,0 days 00:52:07.283000,3302.2788203200685,129.04222100580532,-89.11762427659575,OnTrack,227.0,10936.0,100.0,0,8,6,3585.7586111111113,0.6638530620699867,81,381.08166666666375,interpolation,0 days 00:01:02.401000,62.401,3127.283,0.0
2024-03-01 16:38:43.056,0 days 00:52:07.383000,3304.6316090306937,146.1783732166664,-88.6817331999085,OnTrack,230.0,11062.5,100.0,0,8,6,3593.918338149485,0.6653637214220397,81,381.3816666666637,interpolation,0 days 00:01:02.501000,62.501,3127.383,0.0
2024-03-01 16:38:43.156,0 days 00:52:07.483000,3308.001391739065,167.20896547437405,-88.10620151867347,OnTrack,233.0,11189.0,100.0,0,8,6,3601.2919444444447,0.6667288415118973,81,381.68166666666366,interpolation,0 days 00:01:02.601000,62.601,3127.483,0.0
2024-03-01 16:38:43.256,0 days 00:52:07.583000,3318.0,200.0,-87.0,OnTrack,233.0,11189.0,100.0,0,8,6,3605.7248675195415,0.6675495352273652,81,381.61499999999705,interpolation,0 days 00:01:02.701000,62.701,3127.583,0.0
2024-03-01 16:38:43.356,0 days 00:52:07.683000,3334.627433813498,244.55147679354428,-85.36312864388803,OnTrack,233.0,11189.0,100.0,0,8,6,3611.6475,0.6686460278065043,81,381.54833333333045,interpolation,0 days 00:01:02.801000,62.801,3127.683,0.0
2024-03-01 16:38:43.456,0 days 00:52:07.783000,3357.8836931795595,300.86339585500684,-83.19558745033763,OnTrack,238.0,11458.0,100.0,0,8,6,3622.225277777778,0.6706043554379055,81,380.2594444444412,interpolation,0 days 00:01:02.901000,62.901,3127.783,0.0
2024-03-01 16:38:43.556,0 days 00:52:07.883000,3385.1981059558407,365.49361698896604,-80.68025253161838,OnTrack,239.0,11510.0,100.0,0,8,6,3629.868421593669,0.6720193766304359,81,378.9816666666636,interpolation,0 days 00:01:03.001000,63.001,3127.883,0.0
2024-03-01 16:38:43.656,0 days 00:52:07.983000,3414.0,435.0,-78.0,OnTrack,240.0,11562.0,100.0,0,8,6,3635.558611111111,0.673072835645554,81,377.703888888886,interpolation,0 days 00:01:03.101000,63.101,3127.983,0.0
2024-03-01 16:38:43.756,0 days 00:52:08.083000,3444.289375312036,509.3825448881089,-75.15482985548245,OnTrack,242.25,11417.25,100.0,0,8,6,3641.5424956800302,0.6741806681922964,81,375.7094444444416,interpolation,0 days 00:01:03.201000,63.201,3128.083,0.0
2024-03-01 16:38:43.856,0 days 00:52:08.183000,3476.0662318919503,588.6412516532926,-72.14474209806573,OnTrack,244.5,11272.5,100.0,0,8,6,3647.8200753004285,0.6753428742706632,81,373.7149999999972,interpolation,0 days 00:01:03.301000,63.301,3128.183,0.0
2024-03-01 16:38:43.956,0 days 00:52:08.283000,3506.809972525889,664.07933259183,-69.31228329161615,OnTrack,246.75,11127.75,100.0,0,8,6,3654.174631159501,0.6765193314231519,81,371.7205555555528,interpolation,0 days 00:01:03.401000,63.401,3128.283,0.0
2024-03-01 16:38:44.056,0 days 00:52:08.383000,3534.0,727.0,-67.0,OnTrack,249.0,10983.0,100.0,0,8,6,3660.3894444444445,0.6776699171922606,81,369.72611111110837,interpolation,0 days 00:01:03.501000,63.501,3128.383,0.0
2024-03-01 16:38:44.156,0 days 00:52:08.483000,3557.6363143142835,777.4032538778025,-65.20789222321727,OnTrack,250.0,10818.666666666666,100.0,0,8,6,3666.4645151552572,0.6787946315779886,81,367.39277777777505,interpolation,0 days 00:01:03.601000,63.601,3128.483,0.0
2024-03-01 16:38:44.256,0 days 00:52:08.583000,3577.718915468739,815.2890942252375,-63.93595996126794,OnTrack,251.0,10654.333333333334,100.0,0,8,6,3672.5991776770934,0.6799303785541703,81,365.0594444444417,interpolation,0 days 00:01:03.701000,63.701,3128.583,0.0
2024-03-01 16:38:44.356,0 days 00:52:08.683000,3599.942058888825,851.5303874600537,-62.69604771868465,OnTrack,252.0,10490.0,100.0,0,8,6,3679.9894444444444,0.6812985830975039,81,362.72611111110837,interpolation,0 days 00:01:03.801000,63.801,3128.683,0.0
2024-03-01 16:38:44.456,0 days 00:52:08.783000,3630.0,897.0,-61.0,OnTrack,252.5,10509.0,100.0,0,8,7,3688.834651883655,0.6829361495597217,81,359.4927777777748,interpolation,0 days 00:01:03.901000,63.901,3128.783,0.0
2024-03-01 16:38:44.556,0 days 00:52:08.883000,3667.892738802264,951.6979318450763,-58.847816805213974,OnTrack,253.0,10528.0,100.0,0,8,7,3696.856111111111,0.6844212105601793,81,356.2594444444412,interpolation,0 days 00:01:04.001000,64.001,3128.883,0.0
2024-03-01 16:38:44.656,0 days 00:52:08.983000,3713.620275295616,1015.6241829952824,-56.23949813432657,OnTrack,254.0,10546.0,100.0,0,8,7,3701.7751332431963,0.6853318987182322,81,354.0149999999969,interpolation,0 days 00:01:04.101000,64.101,3128.983,0.0
2024-03-01 16:38:44.756,0 days 00:52:09.083000,3761.53767414116,1079.988342647847,-53.51143039627588,OnTrack,255.0,10564.0,100.0,0,8,7,3708.1894444444442,0.6865194187366805,81,351.7705555555526,interpolation,0 days 00:01:04.201000,64.201,3129.083,0.0
2024-03-01 16:38:44.856,0 days 00:52:09.183000,3806.0,1136.0,-51.0,OnTrack,255.0,10620.0,100.0,0,8,7,3719.5227777777773,0.6886176269131817,81,347.05944444444185,interpolation,0 days 00:01:04.301000,64.301,3129.183,0.0
2024-03-01 16:38:44.956,0 days 00:52:09.283000,3847.0072528721357,1183.6591550517408,-48.70520694549893,OnTrack,256.0,10637.75,100.0,0,8,7,3728.7311385683347,0.69032242613991,81,344.18444444444185,interpolation,0 days 00:01:04.401000,64.401,3129.283,0.0
2024-03-01 16:38:45.056,0 days 00:52:09.383000,3886.486477329199,1224.5302515459734,-46.54199231623905,OnTrack,257.0,10655.5,100.0,0,8,7,3734.6405216927533,0.6914164657860631,81,341.30944444444185,interpolation,0 days 00:01:04.501000,64.501,3129.383,0.0
2024-03-01 16:38:45.156,0 days 00:52:09.483000,3936.0,1268.0,-44.0,OnTrack,258.0,10673.25,100.0,0,8,7,3739.466032859684,0.6923098416966149,81,338.43444444444185,pos,0 days 00:01:04.601000,64.601,3129.483,0.0
2024-03-01 16:38:45.256,0 days 00:52:09.583000,3997.474885189212,1315.632860176711,-40.9941702092404,OnTrack,259.0,10691.0,100.0,0,8,7,3745.4227777777774,0.6934126497165392,81,335.55944444444185,interpolation,0 days 00:01:04.701000,64.701,3129.583,0.0
2024-03-01 16:38:45.356,0 days 00:52:09.683000,4067.765706257938,1365.274611867705,-37.68105923343061,OnTrack,259.0,10728.0,100.0,0,8,7,3752.5107564470327,0.694724889845836,81,332.33722222221945,interpolation,0 days 00:01:04.801000,64.801,3129.683,0.0
2024-03-01 16:38:45.456,0 days 00:52:09.783000,4128.0,1404.0,-35.0,OnTrack,259.0,10765.0,100.0,0,8,7,3759.8116666666665,0.69607655127396,81,329.11499999999705,interpolation,0 days 00:01:04.901000,64.901,3129.783,0.0
2024-03-01 16:38:45.556,0 days 00:52:09.883000,4179.0,1432.0,-33.0,OnTrack,259.75,10788.75,100.0,0,8,7,3766.4072062358973,0.6972976231903657,81,325.9205555555527,interpolation,0 days 00:01:05.001000,65.001,3129.883,0.0
2024-03-01 16:38:45.656,0 days 00:52:09.983000,4244.571352459778,1463.3455812784389,-31.03577936552484,OnTrack,260.5,10812.5,100.0,0,8,7,3772.2973751547243,0.6983881055950529,81,322.72611111110837,interpolation,0 days 00:01:05.101000,65.101,3129.983,0.0
2024-03-01 16:38:45.756,0 days 00:52:10.083000,4324.5337553944155,1498.5920054699493,-29.01178783116153,OnTrack,261.25,10836.25,100.0,0,8,7,3779.2224676073,0.699670189619202,81,319.531666666664,interpolation,0 days 00:01:05.201000,65.201,3130.083,0.0
2024-03-01 16:38:45.856,0 days 00:52:10.183000,4394.0,1527.0,-27.0,OnTrack,262.0,10860.0,100.0,0,8,7,3788.922777777778,0.7014660663939927,81,316.3372222222197,interpolation,0 days 00:01:05.301000,65.301,3130.183,0.0
2024-03-01 16:38:45.956,0 days 00:52:10.283000,4448.822239379591,1546.779695270332,-25.012411577803675,OnTrack,262.0,10900.0,100.0,0,8,7,3800.567222222222,0.7036218724420057,81,311.3149999999978,interpolation,0 days 00:01:05.401000,65.401,3130.283,0.0
2024-03-01 16:38:46.056,0 days 00:52:10.383000,4504.0,1563.0,-23.0,OnTrack,262.25,10907.75,100.0,0,8,7,3809.169325807812,0.7052144316253937,81,309.04833333333124,interpolation,0 days 00:01:05.501000,65.501,3130.383,0.0
2024-03-01 16:38:46.156,0 days 00:52:10.483000,4574.532808328033,1580.7298229080577,-20.913742702016414,OnTrack,262.5,10915.5,100.0,0,8,7,3813.898013600863,0.7060898820422907,81,306.7816666666647,interpolation,0 days 00:01:05.601000,65.601,3130.483,0.0
2024-03-01 16:38:46.256,0 days 00:52:10.583000,4646.0,1597.0,-19.0,OnTrack,262.75,10923.25,100.0,0,8,7,3817.805750149037,0.7068133448167313,81,304.51499999999817,interpolation,0 days 00:01:05.701000,65.701,3130.583,0.0
2024-03-01 16:38:46.356,0 days 00:52:10.683000,4703.980910652206,1608.841367281321,-17.505132210097845,OnTrack,263.0,10931.0,100.0,0,8,7,3823.9449999999993,0.7079499410727493,81,302.24833333333163,interpolation,0 days 00:01:05.801000,65.801,3130.683,0.0
2024-03-01 16:38:46.456,0 days 00:52:10.783000,4754.532865286986,1615.8941846008167,-16.34335947325772,OnTrack,264.0,10962.5,100.0,0,8,7,3832.3157631537497,0.7094996708103453,81,298.8676388888871,interpolation,0 days 00:01:05.901000,65.901,3130.783,0.0
2024-03-01 16:38:46.556,0 days 00:52:10.883000,4834.0,1616.0,-15.0,OnTrack,265.0,10994.0,100.0,0,8,7,3841.685277777777,0.7112343054156968,81,295.48694444444254,interpolation,0 days 00:01:06.001000,66.001,3130.883,0.0
2024-03-01 16:38:46.656,0 days 00:52:10.983000,4948.439701820909,1608.7990696439085,-13.389273052882213,OnTrack,265.0,11010.5,100.0,0,8,7,3850.820782039577,0.7129256162749824,81,292.72027777777544,interpolation,0 days 00:01:06.101000,66.101,3130.983,0.0
2024-03-01 16:38:46.756,0 days 00:52:11.083000,5054.0,1600.0,-12.0,OnTrack,265.0,11027.0,100.0,0,8,7,3859.3519444444446,0.7145050416908313,81,289.95361111110833,interpolation,0 days 00:01:06.201000,66.201,3131.083,0.0
2024-03-01 16:38:46.856,0 days 00:52:11.183000,5106.828923787567,1595.3113975357328,-11.32100220944902,OnTrack,265.6666666666667,11043.333333333334,100.0,0,8,7,3866.908433497677,0.7159040199658726,81,287.90546296296014,interpolation,0 days 00:01:06.301000,66.301,3131.183,0.0
2024-03-01 16:38:46.956,0 days 00:52:11.283000,5121.4495618457895,1591.703741449698,-11.119630840974967,OnTrack,266.3333333333333,11059.666666666666,100.0,0,8,7,3873.60371842679,0.7171435583407788,81,285.8573148148119,interpolation,0 days 00:01:06.401000,66.401,3131.283,0.0
2024-03-01 16:38:47.056,0 days 00:52:11.383000,5185.0,1571.0,-10.0,OnTrack,267.0,11076.0,100.0,0,8,7,3880.1186111111115,0.7183496996142439,81,283.8091666666637,pos,0 days 00:01:06.501000,66.501,3131.383,0.0
2024-03-01 16:38:47.156,0 days 00:52:11.483000,5299.0,1534.0,-8.0,OnTrack,267.6,11054.4,100.0,0,8,7,3886.5665796162384,0.7195434508118274,81,282.26916666666375,interpolation,0 days 00:01:06.601000,66.601,3131.483,0.0
2024-03-01 16:38:47.256,0 days 00:52:11.583000,5385.430892121783,1503.6795233693065,-6.742843158623234,OnTrack,268.2,11032.8,100.0,0,8,7,3892.9476239421706,0.7207248119335292,81,280.7291666666638,interpolation,0 days 00:01:06.701000,66.701,3131.583,0.0
2024-03-01 16:38:47.356,0 days 00:52:11.683000,5431.2896313205,1483.8678474885548,-6.499063477005608,OnTrack,268.8,11011.2,100.0,0,8,7,3899.3189202937533,0.7219043683541,81,279.1891666666638,interpolation,0 days 00:01:06.801000,66.801,3131.683,0.0
2024-03-01 16:38:47.456,0 days 00:52:11.783000,5476.753554858967,1459.6222478635254,-6.505752056885176,OnTrack,269.4,10989.6,100.0,0,8,7,3906.0235241436117,0.7231456319968627,81,277.64916666666386,interpolation,0 days 00:01:06.901000,66.901,3131.783,0.0
2024-03-01 16:38:47.556,0 days 00:52:11.883000,5562.0,1416.0,-6.0,OnTrack,270.0,10968.0,100.0,0,8,7,3913.1186111111115,0.7244591881281741,81,276.1091666666639,interpolation,0 days 00:01:07.001000,67.001,3131.883,0.0
2024-03-01 16:38:47.656,0 days 00:52:11.983000,5687.028966743597,1353.0011038979783,-4.9818073063500785,OnTrack,270.5,11091.5,100.0,0,8,7,3920.6041811962523,0.7258450367480342,81,274.4702777777752,interpolation,0 days 00:01:07.101000,67.101,3131.983,0.0
2024-03-01 16:38:47.756,0 days 00:52:12.083000,5805.0,1294.0,-4.0,OnTrack,271.0,11215.0,100.0,0,8,7,3928.174166666667,0.7272465136959773,81,272.8313888888865,interpolation,0 days 00:01:07.201000,67.201,3132.083,0.0
2024-03-01 16:38:47.856,0 days 00:52:12.183000,5869.072644679447,1262.3711287486046,-3.603404105014352,OnTrack,271.0,11192.0,100.0,0,8,7,3935.52249978999,0.7286069548115371,81,271.3591666666648,interpolation,0 days 00:01:07.301000,67.301,3132.183,0.0
2024-03-01 16:38:47.956,0 days 00:52:12.283000,5889.522183820622,1252.9777965899866,-3.729147567997664,OnTrack,271.0,11169.0,100.0,0,8,7,3943.229722222222,0.7300338392637803,81,269.8869444444431,interpolation,0 days 00:01:07.401000,67.401,3132.283,0.0
2024-03-01 16:38:48.056,0 days 00:52:12.383000,5928.0,1235.0,-4.0,OnTrack,268.3333333333333,10935.0,66.66666666666666,0,8,7,3951.876375619364,0.7316346462217735,81,268.62027777777604,interpolation,0 days 00:01:07.501000,67.501,3132.383,0.0
2024-03-01 16:38:48.156,0 days 00:52:12.483000,5994.781271037906,1203.3010980243123,-4.353089991432421,OnTrack,265.6666666666667,10701.0,33.33333333333333,0,8,7,3961.1893198173066,0.7333588076038402,81,267.35361111110905,interpolation,0 days 00:01:07.601000,67.601,3132.483,0.0
2024-03-01 16:38:48.256,0 days 00:52:12.583000,6083.837775545262,1160.6877502032892,-4.754419585831957,OnTrack,263.0,10467.0,0.0,0,8,7,3969.529722222223,0.7349029164733673,81,266.086944444442,interpolation,0 days 00:01:07.701000,67.701,3132.583,0.0
2024-03-01 16:38:48.356,0 days 00:52:12.683000,6159.0,1124.0,-5.0,OnTrack,249.5,10373.5,0.0,0,8,7,3976.624445466943,0.7362164052664926,81,265.9480555555533,interpolation,0 days 00:01:07.801000,67.801,3132.683,0.0
2024-03-01 16:38:48.456,0 days 00:52:12.783000,6214.23966128374,1096.0445356951523,-5.055832929332726,OnTrack,236.0,10280.0,0.0,1,8,7,3982.6408333333334,0.7373302553442216,81,265.8091666666646,interpolation,0 days 00:01:07.901000,67.901,3132.783,0.0
2024-03-01 16:38:48.556,0 days 00:52:12.883000,6249.556759396482,1076.8213572887453,-4.921918373830133,OnTrack,230.0,9986.0,0.0,1,8,7,3987.746229603259,0.7382754480675602,81,266.00916666666444,interpolation,0 days 00:01:08.001000,68.001,3132.883,0.0
2024-03-01 16:38:48.656,0 days 00:52:12.983000,6278.595477810983,1058.9375002379657,-4.827044631412474,OnTrack,224.0,9692.0,0.0,1,8,7,3992.5963888888896,0.7391733872325993,81,266.20916666666426,interpolation,0 days 00:01:08.101000,68.101,3132.983,0.0
2024-03-01 16:38:48.756,0 days 00:52:13.083000,6315.0,1035.0,-5.0,OnTrack,212.0,9699.0,0.0,1,8,7,3997.8470658023944,0.7401454766354301,81,267.8387962962938,interpolation,0 days 00:01:08.201000,68.201,3133.083,0.0
2024-03-01 16:38:48.856,0 days 00:52:13.183000,6358.770325963532,1005.0088565748478,-5.440784479592711,OnTrack,200.0,9706.0,0.0,1,8,7,4003.4713190453967,0.7411867284714166,81,269.4684259259234,interpolation,0 days 00:01:08.301000,68.301,3133.183,0.0
2024-03-01 16:38:48.956,0 days 00:52:13.283000,6402.0,974.0,-6.0,OnTrack,188.0,9713.0,0.0,1,8,7,4009.3075000000003,0.7422672157595187,81,271.09805555555295,interpolation,0 days 00:01:08.401000,68.401,3133.283,0.0
2024-03-01 16:38:49.056,0 days 00:52:13.383000,6436.78256640783,947.0093603129474,-6.52824849103126,OnTrack,182.0,10170.5,0.0,1,8,7,4015.3286670919483,0.7433819506440251,81,273.49805555555326,interpolation,0 days 00:01:08.501000,68.501,3133.383,0.0
2024-03-01 16:38:49.156,0 days 00:52:13.483000,6471.0,916.0,-7.0,OnTrack,176.0,10628.0,0.0,1,8,6,4021.0408333333335,0.7444394783422494,81,275.8980555555536,interpolation,0 days 00:01:08.601000,68.601,3133.483,0.0
2024-03-01 16:38:49.256,0 days 00:52:13.583000,6512.534275589493,872.9349815474675,-7.389724574219729,OnTrack,172.0,10261.5,0.0,1,8,6,4025.950011736249,0.7453483440715054,81,278.2313888888864,interpolation,0 days 00:01:08.701000,68.701,3133.583,0.0
2024-03-01 16:38:49.356,0 days 00:52:13.683000,6551.0,828.0,-8.0,OnTrack,168.0,9895.0,0.0,1,8,5,4030.374166666667,0.7461674144876034,81,280.5647222222192,interpolation,0 days 00:01:08.801000,68.801,3133.683,0.0
2024-03-01 16:38:49.456,0 days 00:52:13.783000,6577.0,791.0,-9.0,OnTrack,164.25,9740.5,0.0,1,8,5,4034.6312624905595,0.7469555562463541,81,283.1647222222191,interpolation,0 days 00:01:08.901000,68.901,3133.783,0.0
2024-03-01 16:38:49.556,0 days 00:52:13.883000,6596.4636256164395,759.6504674372907,-9.589296094130695,OnTrack,160.5,9586.0,0.0,1,8,5,4038.721299207929,0.7477127693477577,81,285.764722222219,interpolation,0 days 00:01:09.001000,69.001,3133.883,0.0
2024-03-01 16:38:49.656,0 days 00:52:13.983000,6611.073944109448,731.1528182946862,-9.730531383092645,OnTrack,156.75,9431.5,0.0,1,8,4,4042.4627696546663,0.7484054502786532,81,288.3647222222189,interpolation,0 days 00:01:09.101000,69.101,3133.983,0.0
2024-03-01 16:38:49.756,0 days 00:52:14.083000,6625.0,691.0,-10.0,OnTrack,153.0,9277.0,0.0,1,8,4,4045.674166666667,0.7489999955258801,81,290.9647222222188,interpolation,0 days 00:01:09.201000,69.201,3134.083,0.0
2024-03-01 16:38:49.856,0 days 00:52:14.183000,6638.936637599183,636.7741580784949,-10.493751458810284,OnTrack,151.5,9138.5,0.0,1,8,4,4048.3554902439314,0.7494964050894386,81,293.40916666666385,interpolation,0 days 00:01:09.301000,69.301,3134.183,0.0
2024-03-01 16:38:49.956,0 days 00:52:14.283000,6652.345893079259,572.3527053922475,-11.19466315639636,OnTrack,150.0,9000.0,0.0,1,8,4,4052.3408333333336,0.7502342356297045,81,295.8536111111089,interpolation,0 days 00:01:09.401000,69.401,3134.283,0.0
2024-03-01 16:38:50.056,0 days 00:52:14.383000,6662.0,521.0,-12.0,OnTrack,145.0,8764.0,0.0,1,8,4,4058.7852777777784,0.7514273343967346,81,301.05361111110824,interpolation,0 days 00:01:09.501000,69.501,3134.383,0.0
2024-03-01 16:38:50.156,0 days 00:52:14.483000,6667.361000042392,486.5934150593247,-12.892639561828634,OnTrack,143.33333333333334,8763.0,1.6666666666666667,1,8,4,4063.614736094138,0.7523214410668043,81,304.29435185184894,interpolation,0 days 00:01:09.601000,69.601,3134.483,0.0
2024-03-01 16:38:50.256,0 days 00:52:14.583000,6668.4288932064355,469.13295057022157,-13.872581841882262,OnTrack,141.66666666666666,8762.0,3.3333333333333335,1,8,4,4066.5149141465467,0.7528583684758814,81,307.5350925925897,interpolation,0 days 00:01:09.701000,69.701,3134.583,0.0
2024-03-01 16:38:50.356,0 days 00:52:14.683000,6667.032339767259,452.3560107960075,-14.666233200994755,OnTrack,140.0,8761.0,5.0,1,8,4,4069.6741666666676,0.7534432598996477,81,310.7758333333304,interpolation,0 days 00:01:09.801000,69.801,3134.683,0.0
2024-03-01 16:38:50.456,0 days 00:52:14.783000,6665.0,420.0,-15.0,OnTrack,138.0,8716.0,15.0,1,8,4,4073.457221310511,0.754143639563106,81,314.4518055555525,interpolation,0 days 00:01:09.901000,69.901,3134.783,0.0
2024-03-01 16:38:50.556,0 days 00:52:14.883000,6662.0,375.0,-15.0,OnTrack,136.0,8671.0,25.0,0,8,4,4077.191944444445,0.7548350713233934,81,318.12777777777455,interpolation,0 days 00:01:10.001000,70.001,3134.883,0.0
2024-03-01 16:38:50.656,0 days 00:52:14.983000,6656.04110653444,334.9664115374084,-15.422935893282414,OnTrack,136.0,8671.0,29.5,0,8,4,4080.20620243484,0.7553931190376462,81,321.1277777777743,interpolation,0 days 00:01:10.101000,70.101,3134.983,0.0
2024-03-01 16:38:50.756,0 days 00:52:15.083000,6647.208002998002,302.10054781350095,-16.293149938934892,OnTrack,136.0,8671.0,34.0,0,8,4,4083.2363888888895,0.7559541156841941,81,324.1277777777741,interpolation,0 days 00:01:10.201000,70.201,3135.083,0.0
2024-03-01 16:38:50.856,0 days 00:52:15.183000,6638.0,272.0,-17.0,OnTrack,138.0,8794.0,40.333333333333336,0,8,4,4087.018897413789,0.7566543942413674,81,328.06851851851525,interpolation,0 days 00:01:10.301000,70.301,3135.183,0.0
2024-03-01 16:38:50.956,0 days 00:52:15.283000,6628.833647175911,243.9310370489084,-17.44171290806522,OnTrack,140.0,8917.0,46.666666666666664,0,8,4,4091.444586574222,0.7574737486986974,81,332.0092592592564,interpolation,0 days 00:01:10.401000,70.401,3135.283,0.0
2024-03-01 16:38:51.056,0 days 00:52:15.383000,6617.97274022428,215.46168217985152,-17.781651742716456,OnTrack,142.0,9040.0,53.0,0,8,4,4095.8586111111113,0.7582909436141013,81,335.94999999999754,interpolation,0 days 00:01:10.501000,70.501,3135.383,0.0
2024-03-01 16:38:51.156,0 days 00:52:15.483000,6595.0,172.0,-19.0,OnTrack,144.66666666666666,9218.333333333334,56.666666666666664,0,8,4,4100.151830706742,0.7590857731840193,81,339.77222222221945,pos,0 days 00:01:10.601000,70.601,3135.483,0.0
2024-03-01 16:38:51.256,0 days 00:52:15.583000,6561.0,116.0,-21.0,OnTrack,147.33333333333334,9396.666666666666,60.333333333333336,0,8,4,4104.414921648298,0.7598750248549669,81,343.5944444444414,interpolation,0 days 00:01:10.701000,70.701,3135.583,0.0
2024-03-01 16:38:51.356,0 days 00:52:15.683000,6532.89760034269,76.77789932617188,-22.220909157638644,OnTrack,150.0,9575.0,64.0,0,8,4,4109.191944444445,0.7607594238217499,81,347.41666666666333,interpolation,0 days 00:01:10.801000,70.801,3135.683,0.0
2024-03-01 16:38:51.456,0 days 00:52:15.783000,6509.0,49.0,-23.0,OnTrack,153.0,9785.0,75.0,0,8,4,4114.573576310894,0.7617557577027886,81,351.54999999999654,interpolation,0 days 00:01:10.901000,70.901,3135.783,0.0
2024-03-01 16:38:51.556,0 days 00:52:15.883000,6484.793573481554,22.44654283536745,-23.934670150183713,OnTrack,156.0,9995.0,86.0,0,8,4,4119.591944444444,0.7626848383837157,81,355.68333333332976,interpolation,0 days 00:01:11.001000,71.001,3135.883,0.0
2024-03-01 16:38:51.656,0 days 00:52:15.983000,6459.672295976211,-3.4394652654851265,-24.994836558204923,OnTrack,159.0,10421.0,85.5,0,8,4,4123.279176041893,0.7633674777501647,81,358.3722222222186,interpolation,0 days 00:01:11.101000,71.101,3135.983,0.0
2024-03-01 16:38:51.756,0 days 00:52:16.083000,6430.0,-32.0,-26.0,OnTrack,162.0,10847.0,85.0,0,8,4,4126.791944444445,0.7640178176958461,81,361.0611111111075,interpolation,0 days 00:01:11.201000,71.201,3136.083,0.0
2024-03-01 16:38:51.856,0 days 00:52:16.183000,6395.170654536057,-63.792060169575024,-26.920077117532074,OnTrack,164.66666666666666,10995.666666666666,90.0,0,8,4,4131.286922993306,0.7648500001144714,81,364.43888888888523,interpolation,0 days 00:01:11.301000,71.301,3136.183,0.0
2024-03-01 16:38:51.956,0 days 00:52:16.283000,6353.0,-99.0,-28.0,OnTrack,167.33333333333334,11144.333333333334,95.0,0,8,4,4136.617393968303,0.7658368622719132,81,367.81666666666297,interpolation,0 days 00:01:11.401000,71.401,3136.283,0.0
2024-03-01 16:38:52.056,0 days 00:52:16.383000,6301.303776807448,-137.80817371706468,-29.48470073660264,OnTrack,170.0,11293.0,100.0,0,8,4,4141.9030555555555,0.7668154285978477,81,371.1944444444407,interpolation,0 days 00:01:11.501000,71.501,3136.383,0.0
2024-03-01 16:38:52.156,0 days 00:52:16.483000,6250.0,-174.0,-31.0,OnTrack,175.33333333333334,11423.0,100.0,0,8,4,4146.997191537272,0.767758536636293,81,373.81296296295903,interpolation,0 days 00:01:11.601000,71.601,3136.483,0.0
2024-03-01 16:38:52.256,0 days 00:52:16.583000,6209.006684619258,-201.3588975280369,-32.17171846285209,OnTrack,180.66666666666666,11553.0,100.0,0,8,4,4151.873005953598,0.768661225490008,81,376.4314814814773,interpolation,0 days 00:01:11.701000,71.701,3136.583,0.0
2024-03-01 16:38:52.356,0 days 00:52:16.683000,6174.662547263871,-222.15399556650837,-33.057143766597775,OnTrack,186.0,11683.0,100.0,0,8,4,4156.369722222223,0.7694937296231464,81,379.04999999999563,interpolation,0 days 00:01:11.801000,71.801,3136.683,0.0
2024-03-01 16:38:52.456,0 days 00:52:16.783000,6125.0,-250.0,-34.0,OnTrack,188.75,11500.75,100.0,0,8,4,4160.460544108901,0.7702510880876674,81,381.3499999999956,interpolation,0 days 00:01:11.901000,71.901,3136.783,0.0
2024-03-01 16:38:52.556,0 days 00:52:16.883000,6056.35779691765,-287.16601685808024,-35.05757421787519,OnTrack,191.5,11318.5,100.0,0,8,4,4164.145471613631,0.7709333008835708,81,383.64999999999554,interpolation,0 days 00:01:12.001000,72.001,3136.883,0.0
2024-03-01 16:38:52.656,0 days 00:52:16.983000,5973.832095811041,-331.045600832112,-36.172435882137535,OnTrack,194.25,11136.25,100.0,0,8,4,4168.867524422657,0.7718075229259623,81,385.9499999999955,interpolation,0 days 00:01:12.101000,72.101,3136.983,0.0
2024-03-01 16:38:52.756,0 days 00:52:17.083000,5908.0,-366.0,-37.0,OnTrack,197.0,10954.0,100.0,0,8,4,4176.0697222222225,0.7731409091299472,81,388.24999999999545,interpolation,0 days 00:01:12.201000,72.201,3137.083,0.0
2024-03-01 16:38:52.856,0 days 00:52:17.183000,5863.957719463673,-389.4227423629708,-37.48283544528505,OnTrack,206.0,11329.0,100.0,0,8,4,4185.225277777778,0.7748359322058658,81,391.983333333329,interpolation,0 days 00:01:12.301000,72.301,3137.183,0.0
2024-03-01 16:38:52.956,0 days 00:52:17.283000,5837.56717294244,-403.46125117596387,-37.68601796032569,OnTrack,208.6,11164.4,100.0,0,8,5,4193.173451499058,0.7763074254197108,81,393.93405555555125,interpolation,0 days 00:01:12.401000,72.401,3137.283,0.0
2024-03-01 16:38:53.056,0 days 00:52:17.383000,5804.0,-421.0,-38.0,OnTrack,211.2,10999.8,100.0,0,8,5,4199.387450757184,0.7774578604831377,81,395.88477777777354,interpolation,0 days 00:01:12.501000,72.501,3137.383,0.0
2024-03-01 16:38:53.156,0 days 00:52:17.483000,5759.11816175047,-444.1863901005171,-38.48985664026878,OnTrack,213.8,10835.2,100.0,0,8,5,4204.141745050718,0.778338051585507,81,397.83549999999576,interpolation,0 days 00:01:12.601000,72.601,3137.483,0.0
2024-03-01 16:38:53.256,0 days 00:52:17.583000,5709.0,-470.0,-39.0,OnTrack,216.4,10670.6,100.0,0,8,5,4209.0831429393575,0.7792528823019738,81,399.78622222221804,interpolation,0 days 00:01:12.701000,72.701,3137.583,0.0
2024-03-01 16:38:53.356,0 days 00:52:17.683000,5659.723856554744,-495.42040822093344,-39.37484219806164,OnTrack,219.0,10506.0,100.0,0,8,5,4214.486111111111,0.7802531663015635,81,401.73694444444027,interpolation,0 days 00:01:12.801000,72.801,3137.683,0.0
2024-03-01 16:38:53.456,0 days 00:52:17.783000,5611.767771496332,-520.2163244831074,-39.64564722671931,OnTrack,221.75,10637.75,100.0,0,8,5,4220.350649565982,0.7813389035842766,81,403.5147222222181,interpolation,0 days 00:01:12.901000,72.901,3137.783,0.0
2024-03-01 16:38:53.556,0 days 00:52:17.883000,5568.0,-543.0,-40.0,OnTrack,224.5,10769.5,100.0,0,8,6,4226.676758303967,0.7825100941501129,81,405.2924999999959,interpolation,0 days 00:01:13.001000,73.001,3137.883,0.0
2024-03-01 16:38:53.656,0 days 00:52:17.983000,5528.898587042535,-563.5401421229766,-40.469164830314256,OnTrack,227.25,10901.25,100.0,0,8,6,4233.296432334413,0.783735634224506,81,407.07027777777375,interpolation,0 days 00:01:13.101000,73.101,3137.983,0.0
2024-03-01 16:38:53.756,0 days 00:52:18.083000,5467.0,-596.0,-41.0,OnTrack,230.0,11033.0,100.0,0,8,6,4240.041666666666,0.7849844200328898,81,408.8480555555516,interpolation,0 days 00:01:13.201000,73.201,3138.083,0.0
2024-03-01 16:38:53.856,0 days 00:52:18.183000,5354.84070624846,-654.5428227790329,-41.539363791395154,OnTrack,232.33333333333334,11138.0,100.0,0,8,6,4246.912461300727,0.7862564515752646,81,410.53694444444045,interpolation,0 days 00:01:13.301000,73.301,3138.183,0.0
2024-03-01 16:38:53.956,0 days 00:52:18.283000,5237.0,-716.0,-42.0,OnTrack,234.66666666666666,11243.0,100.0,0,8,6,4253.91743869481,0.7875533251791884,81,412.2258333333293,interpolation,0 days 00:01:13.401000,73.401,3138.283,0.0
2024-03-01 16:38:54.056,0 days 00:52:18.383000,5158.057175466707,-757.2029212028258,-42.29465242131482,OnTrack,237.0,11348.0,100.0,0,8,6,4261.108333333334,0.7888846187609747,81,413.9147222222182,interpolation,0 days 00:01:13.501000,73.501,3138.383,0.0
2024-03-01 16:38:54.156,0 days 00:52:18.483000,5118.012232648578,-778.1515863875105,-42.42332105533963,OnTrack,239.0,11410.666666666666,100.0,0,8,6,4268.493767586222,0.7902519286318356,81,415.48509259258844,interpolation,0 days 00:01:13.601000,73.601,3138.483,0.0
2024-03-01 16:38:54.256,0 days 00:52:18.583000,5110.454610023961,-782.2270998716922,-42.39346890215889,OnTrack,241.0,11473.333333333334,100.0,0,8,6,4275.947083930049,0.7916318059225416,81,417.0554629629587,interpolation,0 days 00:01:13.701000,73.701,3138.583,0.0
2024-03-01 16:38:54.356,0 days 00:52:18.683000,5096.920741529816,-789.7161914290807,-42.24987419154368,OnTrack,243.0,11536.0,100.0,0,8,6,4282.708333333333,0.7928835566973652,81,418.62583333332896,interpolation,0 days 00:01:13.801000,73.801,3138.683,0.0
2024-03-01 16:38:54.456,0 days 00:52:18.783000,5071.0,-804.0,-42.0,OnTrack,245.0,11366.666666666666,100.0,0,8,6,4288.650856975671,0.7939837318469597,81,419.67027777777366,pos,0 days 00:01:13.901000,73.901,3138.783,0.0
2024-03-01 16:38:54.556,0 days 00:52:18.883000,5032.692385434513,-825.0785255844496,-41.64384632752783,OnTrack,247.0,11197.333333333334,100.0,0,8,6,4293.911167140334,0.7949576047115271,81,420.71472222221837,interpolation,0 days 00:01:14.001000,74.001,3138.883,0.0
2024-03-01 16:38:54.656,0 days 00:52:18.983000,4939.0,-876.0,-41.0,OnTrack,249.0,11028.0,100.0,0,8,6,4299.308333333333,0.7959568145558877,81,421.7591666666631,interpolation,0 days 00:01:14.101000,74.101,3138.983,0.0
2024-03-01 16:38:54.756,0 days 00:52:19.083000,4767.0,-969.0,-40.0,OnTrack,251.0,10854.666666666666,100.0,0,8,6,4304.978866440064,0.7970066344614464,81,422.8480555555525,interpolation,0 days 00:01:14.201000,74.201,3139.083,0.0
2024-03-01 16:38:54.856,0 days 00:52:19.183000,4637.142093552323,-1039.2029273627534,-39.32155579791351,OnTrack,253.0,10681.333333333334,100.0,0,8,6,4311.145169398272,0.7981482392219489,81,423.9369444444419,interpolation,0 days 00:01:14.301000,74.301,3139.183,0.0
2024-03-01 16:38:54.956,0 days 00:52:19.283000,4569.5011292263625,-1075.79623774506,-39.077618393827045,OnTrack,255.0,10508.0,100.0,0,8,6,4319.1416666666655,0.7996286788647647,81,425.0258333333313,interpolation,0 days 00:01:14.401000,74.401,3139.283,0.0
2024-03-01 16:38:55.056,0 days 00:52:19.383000,4555.001948634951,-1083.7031723008802,-39.23007406507227,OnTrack,256.5,10606.0,100.0,0,8,6,4329.190763460409,0.8014891286052723,81,426.5424999999982,interpolation,0 days 00:01:14.501000,74.501,3139.383,0.0
2024-03-01 16:38:55.156,0 days 00:52:19.483000,4539.193322665252,-1092.4633291964574,-39.55023930478154,OnTrack,258.0,10704.0,100.0,0,8,7,4339.208333333332,0.8033437415772758,81,428.0591666666651,interpolation,0 days 00:01:14.601000,74.601,3139.483,0.0
2024-03-01 16:38:55.256,0 days 00:52:19.583000,4513.0,-1107.0,-40.0,OnTrack,259.0,10757.5,100.0,0,8,7,4347.110249839265,0.8048066709145798,81,428.2258333333316,interpolation,0 days 00:01:14.701000,74.701,3139.583,0.0
2024-03-01 16:38:55.356,0 days 00:52:19.683000,4476.421980639192,-1127.3131847115076,-40.579356150727634,OnTrack,260.0,10811.0,100.0,0,8,7,4353.6527777777765,0.8060179284688951,81,428.3924999999981,interpolation,0 days 00:01:14.801000,74.801,3139.683,0.0
2024-03-01 16:38:55.456,0 days 00:52:19.783000,4429.459264582833,-1153.40288333098,-41.28830775696444,OnTrack,261.3333333333333,10850.333333333334,100.0,0,8,7,4359.592181948433,0.8071175260919319,81,427.74805555555366,interpolation,0 days 00:01:14.901000,74.901,3139.783,0.0
2024-03-01 16:38:55.556,0 days 00:52:19.883000,4373.341339417266,-1184.5758505134072,-42.07914521094339,OnTrack,262.6666666666667,10889.666666666666,100.0,0,8,7,4365.105258375986,0.808138195095282,81,427.10361111110916,interpolation,0 days 00:01:15.001000,75.001,3139.883,0.0
2024-03-01 16:38:55.656,0 days 00:52:19.983000,4315.445092890835,-1216.672635485152,-42.665612331696295,OnTrack,264.0,10929.0,100.0,0,8,7,4371.252777777777,0.8092763223429912,81,426.4591666666647,interpolation,0 days 00:01:15.101000,75.101,3139.983,0.0
2024-03-01 16:38:55.756,0 days 00:52:20.083000,4257.0,-1249.0,-43.0,OnTrack,266.0,10999.5,100.0,0,8,7,4378.211534368174,0.8105646388114841,81,424.8202777777765,pos,0 days 00:01:15.201000,75.201,3140.083,0.0
2024-03-01 16:38:55.856,0 days 00:52:20.183000,4198.006060744759,-1281.5579440579515,-43.0823082158545,OnTrack,268.0,11070.0,100.0,0,8,7,4386.141666666665,0.8120327919081985,81,423.18138888888825,interpolation,0 days 00:01:15.301000,75.301,3140.183,0.0
2024-03-01 16:38:55.956,0 days 00:52:20.283000,4114.0,-1328.0,-44.0,OnTrack,269.3333333333333,11119.0,100.0,0,8,7,4395.203313192738,0.8137104290405726,81,419.81472222222175,interpolation,0 days 00:01:15.401000,75.401,3140.283,0.0
2024-03-01 16:38:56.056,0 days 00:52:20.383000,3980.5185426406074,-1401.97970016714,-46.84053837317671,OnTrack,270.6666666666667,11168.0,100.0,0,8,7,4405.020977199097,0.8155280322369506,81,416.4480555555553,interpolation,0 days 00:01:15.501000,75.501,3140.383,0.0
2024-03-01 16:38:56.156,0 days 00:52:20.483000,3849.0,-1475.0,-50.0,OnTrack,272.0,11217.0,100.0,0,8,7,4413.341666666664,0.8170684915318016,81,413.0813888888888,interpolation,0 days 00:01:15.601000,75.601,3140.483,0.0
2024-03-01 16:38:56.256,0 days 00:52:20.583000,3770.882683411603,-1518.5638549392108,-51.8744615450853,OnTrack,273.0,11251.0,100.0,0,8,7,4419.789881003039,0.818262288241603,81,410.52583333333286,interpolation,0 days 00:01:15.701000,75.701,3140.583,0.0
2024-03-01 16:38:56.356,0 days 00:52:20.683000,3746.166592875414,-1532.671264984772,-52.4639230084326,OnTrack,274.0,11285.0,100.0,0,8,7,4424.877412590443,0.8192041735688,81,407.97027777777686,interpolation,0 days 00:01:15.801000,75.801,3140.683,0.0
2024-03-01 16:38:56.456,0 days 00:52:20.783000,3739.617205901519,-1536.6930425379473,-52.571422967563606,OnTrack,275.0,11319.0,100.0,0,8,7,4431.674999999998,0.8204626518173185,81,405.4147222222209,interpolation,0 days 00:01:15.901000,75.901,3140.783,0.0
2024-03-01 16:38:56.556,0 days 00:52:20.883000,3716.0,-1550.0,-53.0,OnTrack,276.0,11376.5,100.0,0,8,7,4440.6944303732,0.8221324732193568,81,401.5147222222208,interpolation,0 days 00:01:16.001000,76.001,3140.883,0.0
2024-03-01 16:38:56.656,0 days 00:52:20.983000,3675.3149751708597,-1572.5921373709305,-53.749654105741826,OnTrack,277.0,11434.0,100.0,0,8,7,4450.141666666665,0.8238814969049116,81,397.61472222222073,interpolation,0 days 00:01:16.101000,76.101,3140.983,0.0
2024-03-01 16:38:56.756,0 days 00:52:21.083000,3617.368634228104,-1604.621460520758,-54.90791963500063,OnTrack,278.3333333333333,11471.666666666666,100.0,0,8,7,4458.222671837013,0.8253775820039799,81,393.9850925925912,interpolation,0 days 00:01:16.201000,76.201,3141.083,0.0
2024-03-01 16:38:56.856,0 days 00:52:21.183000,3541.0,-1647.0,-57.0,OnTrack,279.6666666666667,11509.333333333334,100.0,0,8,7,4465.127582281228,0.8266559296115147,81,390.3554629629616,pos,0 days 00:01:16.301000,76.301,3141.183,0.0
2024-03-01 16:38:56.956,0 days 00:52:21.283000,3446.0155772819567,-1699.8797601221431,-60.11342865460434,OnTrack,281.0,11547.0,100.0,0,8,7,4471.99722222222,0.8279277473786156,81,386.72583333333205,interpolation,0 days 00:01:16.401000,76.401,3141.283,0.0
2024-03-01 16:38:57.056,0 days 00:52:21.383000,3338.3931938500245,-1759.911536508608,-63.981058640386415,OnTrack,282.0,11547.0,100.0,0,8,7,4479.02173000398,0.8292282367606969,81,382.85083333333233,interpolation,0 days 00:01:16.501000,76.501,3141.383,0.0
2024-03-01 16:38:57.156,0 days 00:52:21.483000,3254.0,-1807.0,-67.0,OnTrack,283.0,11547.0,100.0,0,8,7,4486.2535361535165,0.8305671045366229,81,378.9758333333327,interpolation,0 days 00:01:16.601000,76.601,3141.483,0.0
2024-03-01 16:38:57.256,0 days 00:52:21.583000,3198.813884721206,-1837.795911921712,-68.90310303941904,OnTrack,284.0,11547.0,100.0,0,8,7,4494.00722222222,0.8320025910813914,81,375.10083333333296,interpolation,0 days 00:01:16.701000,76.701,3141.583,0.0
2024-03-01 16:38:57.356,0 days 00:52:21.683000,3166.1611708034216,-1856.020387079983,-69.9835027416882,OnTrack,284.5,11229.75,100.0,0,8,7,4502.3352182002145,0.8335444030744705,81,370.2730555555554,interpolation,0 days 00:01:16.801000,76.801,3141.683,0.0
2024-03-01 16:38:57.456,0 days 00:52:21.783000,3116.0,-1884.0,-72.0,OnTrack,285.0,10912.5,100.0,0,8,7,4511.237524087499,0.8351925405158602,81,365.44527777777785,interpolation,0 days 00:01:16.901000,76.901,3141.783,0.0
2024-03-01 16:38:57.556,0 days 00:52:21.883000,3041.656763438828,-1925.4558273839837,-75.24572679571233,OnTrack,285.5,10595.25,100.0,0,8,7,4520.263567931032,0.836863586309445,81,360.6175000000003,interpolation,0 days 00:01:17.001000,77.001,3141.883,0.0
2024-03-01 16:38:57.656,0 days 00:52:21.983000,2948.0843227648315,-1977.632753575666,-79.45125415966382,OnTrack,286.0,10278.0,100.0,0,8,7,4528.962777777775,0.83847412335911,81,355.78972222222274,interpolation,0 days 00:01:17.101000,77.101,3141.983,0.0
2024-03-01 16:38:57.756,0 days 00:52:22.083000,2865.0,-2024.0,-83.0,OnTrack,287.0,10278.0,100.0,0,8,7,4537.335153627728,0.840024151664855,81,351.37305555555577,pos,0 days 00:01:17.201000,77.201,3142.083,0.0
2024-03-01 16:38:57.856,0 days 00:52:22.183000,2797.356707506825,-2061.8024227881892,-85.62253258859276,OnTrack,288.0,10278.0,100.0,0,8,8,4544.962777777775,0.8414362996082883,81,346.9563888888888,interpolation,0 days 00:01:17.301000,77.301,3142.183,0.0
2024-03-01 16:38:57.956,0 days 00:52:22.283000,2743.4440824100143,-2091.960825365884,-87.4200791586801,OnTrack,288.6666666666667,10314.333333333334,100.0,0,8,8,4551.427732524806,0.8426331955710173,81,343.4897222222219,interpolation,0 days 00:01:17.401000,77.401,3142.283,0.0
2024-03-01 16:38:58.056,0 days 00:52:22.383000,2693.0,-2120.0,-89.0,OnTrack,289.3333333333333,10350.666666666666,100.0,0,8,8,4557.11073626944,0.8436853242407891,81,340.0230555555551,interpolation,0 days 00:01:17.501000,77.501,3142.383,0.0
2024-03-01 16:38:58.156,0 days 00:52:22.483000,2644.314114915519,-2146.8407406872084,-90.4635213092289,OnTrack,290.0,10387.0,100.0,0,8,8,4564.296111111109,0.8450155959093787,81,336.55638888888825,interpolation,0 days 00:01:17.601000,77.601,3142.483,0.0
2024-03-01 16:38:58.256,0 days 00:52:22.583000,2591.140122174792,-2176.046710794507,-92.02826841782382,OnTrack,290.6666666666667,10409.333333333334,100.0,0,8,8,4573.364579349009,0.8466944959862995,81,331.62305555555486,interpolation,0 days 00:01:17.701000,77.701,3142.583,0.0
2024-03-01 16:38:58.356,0 days 00:52:22.683000,2496.0,-2229.0,-95.0,OnTrack,291.3333333333333,10431.666666666666,100.0,0,8,8,4583.910063496801,0.8486468449037169,81,326.68972222222146,pos,0 days 00:01:17.801000,77.801,3142.683,0.0
2024-03-01 16:38:58.456,0 days 00:52:22.783000,2369.0,-2300.0,-99.0,OnTrack,292.0,10454.0,100.0,0,8,8,4593.496111111109,0.850421567564129,81,321.75638888888807,interpolation,0 days 00:01:17.901000,77.901,3142.783,0.0
2024-03-01 16:38:58.556,0 days 00:52:22.883000,2308.2563478477678,-2333.460577217282,-100.45018840383005,OnTrack,292.2,10467.6,100.0,0,8,8,4601.716648863804,0.8519434851695357,81,318.5786111111103,interpolation,0 days 00:01:18.001000,78.001,3142.883,0.0
2024-03-01 16:38:58.656,0 days 00:52:22.983000,2269.0,-2355.0,-101.0,OnTrack,292.4,10481.2,100.0,0,8,8,4608.571676754887,0.8532125977199372,81,315.40083333333257,interpolation,0 days 00:01:18.101000,78.101,3142.983,0.0
2024-03-01 16:38:58.756,0 days 00:52:23.083000,2190.1091249085725,-2399.50093972609,-102.89521929931881,OnTrack,292.6,10494.8,100.0,0,8,8,4614.39573699319,0.8542908410269174,81,312.2230555555549,interpolation,0 days 00:01:18.201000,78.201,3143.083,0.0
2024-03-01 16:38:58.856,0 days 00:52:23.183000,2099.0,-2451.0,-105.0,OnTrack,292.8,10508.4,100.0,0,8,8,4621.19607255459,0.8555498280573186,81,309.04527777777713,interpolation,0 days 00:01:18.301000,78.301,3143.183,0.0
2024-03-01 16:38:58.956,0 days 00:52:23.283000,2023.0889027007947,-2493.5337844261758,-106.17849580025707,OnTrack,293.0,10522.0,100.0,0,8,8,4629.30722222222,0.8570514939885051,81,305.8674999999994,interpolation,0 days 00:01:18.401000,78.401,3143.283,0.0
2024-03-01 16:38:59.056,0 days 00:52:23.383000,1956.0,-2531.0,-107.0,OnTrack,293.75,10540.25,100.0,0,8,8,4638.7291859960815,0.8587958388204772,81,301.9008333333327,interpolation,0 days 00:01:18.501000,78.501,3143.383,0.0
2024-03-01 16:38:59.156,0 days 00:52:23.483000,1891.3574588866577,-2567.296353716856,-108.03380589913876,OnTrack,294.5,10558.5,100.0,0,8,8,4649.461963876175,0.8607828625532346,81,297.934166666666,interpolation,0 days 00:01:18.601000,78.601,3143.483,0.0
2024-03-01 16:38:59.256,0 days 00:52:23.583000,1828.0,-2603.0,-109.0,OnTrack,295.25,10576.75,100.0,0,8,8,4659.984037595959,0.8627308773572873,81,293.9674999999993,interpolation,0 days 00:01:18.701000,78.701,3143.583,0.0
2024-03-01 16:38:59.356,0 days 00:52:23.683000,1764.766343979261,-2638.6880932726867,-109.61866880491043,OnTrack,296.0,10595.0,100.0,0,8,8,4668.773888888887,0.864358195403145,81,290.0008333333326,interpolation,0 days 00:01:18.801000,78.801,3143.683,0.0
2024-03-01 16:38:59.456,0 days 00:52:23.783000,1701.6564908244395,-2674.360633534917,-109.88981231387001,OnTrack,296.5,10611.0,100.0,0,8,8,4675.831517754963,0.8656648166908076,81,287.57861111111015,interpolation,0 days 00:01:18.901000,78.901,3143.783,0.0
2024-03-01 16:38:59.556,0 days 00:52:23.883000,1630.2183922573988,-2714.852857029688,-109.96604966589459,OnTrack,297.0,10627.0,100.0,0,8,8,4681.973888888887,0.866801990808717,81,285.1563888888877,interpolation,0 days 00:01:19.001000,79.001,3143.883,0.0
2024-03-01 16:38:59.656,0 days 00:52:23.983000,1542.0,-2765.0,-110.0,OnTrack,297.0,10633.5,100.0,0,8,8,4688.017966985362,0.8679209673453144,81,282.87555555555446,interpolation,0 days 00:01:19.101000,79.101,3143.983,0.0
2024-03-01 16:38:59.756,0 days 00:52:24.083000,1442.0,-2822.0,-110.0,OnTrack,297.0,10640.0,100.0,0,8,8,4695.256388888887,0.8692610599355739,81,280.5947222222212,interpolation,0 days 00:01:19.201000,79.201,3144.083,0.0
2024-03-01 16:38:59.856,0 days 00:52:24.183000,1360.2103543848316,-2869.0405684336433,-110.01606951267527,OnTrack,297.5,10659.5,100.0,0,8,8,4704.981791443956,0.8710615822144692,81,277.3947222222214,interpolation,0 days 00:01:19.301000,79.301,3144.183,0.0
2024-03-01 16:38:59.956,0 days 00:52:24.283000,1298.0,-2905.0,-110.0,OnTrack,298.0,10679.0,100.0,0,8,8,4715.123055555553,0.8729390954449702,81,274.19472222222157,interpolation,0 days 00:01:19.401000,79.401,3144.283,0.0
2024-03-01 16:39:00.056,0 days 00:52:24.383000,1251.739238929536,-2931.558623151021,-109.89524632550189,OnTrack,298.0,10693.0,100.0,0,8,8,4723.609062128664,0.8745101608900476,81,271.96509259259193,interpolation,0 days 00:01:19.501000,79.501,3144.383,0.0
2024-03-01 16:39:00.156,0 days 00:52:24.483000,1212.3095404121038,-2953.997184333031,-109.65517649767344,OnTrack,298.0,10707.0,100.0,0,8,8,4730.738204478901,0.8758300218992279,81,269.73546296296234,interpolation,0 days 00:01:19.601000,79.601,3144.483,0.0
2024-03-01 16:39:00.256,0 days 00:52:24.583000,1125.0,-3004.0,-109.0,OnTrack,298.0,10721.0,100.0,0,8,8,4738.300833333331,0.8772301368725992,81,267.5058333333327,interpolation,0 days 00:01:19.701000,79.701,3144.583,0.0
2024-03-01 16:39:00.356,0 days 00:52:24.683000,996.0,-3078.0,-108.0,OnTrack,298.0,10663.0,100.0,0,8,8,4746.595338952035,0.8787657485939991,81,265.2558333333327,interpolation,0 days 00:01:19.801000,79.801,3144.683,0.0
2024-03-01 16:39:00.456,0 days 00:52:24.783000,917.1559883264922,-3122.910880993243,-107.35666099516698,OnTrack,298.0,10605.0,100.0,0,8,8,4754.856388888887,0.8802951664637628,81,263.0058333333327,interpolation,0 days 00:01:19.901000,79.901,3144.783,0.0
2024-03-01 16:39:00.556,0 days 00:52:24.883000,892.2357086680676,-3136.560297153896,-107.13237334771794,OnTrack,297.6666666666667,10422.333333333334,66.66666666666666,0,8,8,4762.318650697762,0.8816766998822254,81,261.16509259259175,interpolation,0 days 00:01:20.001000,80.001,3144.883,0.0
2024-03-01 16:39:00.656,0 days 00:52:24.983000,852.0,-3159.0,-107.0,OnTrack,297.3333333333333,10239.666666666666,33.33333333333333,0,8,8,4769.327631972357,0.8829743147486342,81,259.32435185185085,pos,0 days 00:01:20.101000,80.101,3144.983,0.0
2024-03-01 16:39:00.756,0 days 00:52:25.083000,784.9090612354851,-3196.905247273793,-106.9050183882275,OnTrack,297.0,10057.0,0.0,0,8,8,4777.956388888887,0.884571808423514,81,257.4836111111099,interpolation,0 days 00:01:20.201000,80.201,3145.083,0.0
2024-03-01 16:39:00.856,0 days 00:52:25.183000,705.0,-3242.0,-107.0,OnTrack,278.5,9351.0,0.0,0,8,8,4788.5504325790625,0.8865331474611262,81,256.16138888888736,interpolation,0 days 00:01:20.301000,80.301,3145.183,0.0
2024-03-01 16:39:00.956,0 days 00:52:25.283000,626.3099239190224,-3286.008219203347,-107.4375163229171,OnTrack,260.0,8645.0,0.0,1,8,8,4798.17861111111,0.8883156700717811,81,254.83916666666482,interpolation,0 days 00:01:20.401000,80.401,3145.283,0.0
2024-03-01 16:39:01.056,0 days 00:52:25.383000,554.0,-3326.0,-108.0,OnTrack,238.0,8715.0,0.0,1,8,8,4803.909772553257,0.8893767144657898,81,255.26138888888727,interpolation,0 days 00:01:20.501000,80.501,3145.383,0.0
2024-03-01 16:39:01.156,0 days 00:52:25.483000,493.23139525038044,-3359.0454375061263,-108.46988367426991,OnTrack,216.0,8785.0,0.0,1,8,8,4807.778611111109,0.890092975821288,81,255.6836111111097,interpolation,0 days 00:01:20.601000,80.601,3145.483,0.0
2024-03-01 16:39:01.256,0 days 00:52:25.583000,442.4132102938578,-3385.778164820385,-108.8325172830247,OnTrack,206.5,8899.0,0.0,1,8,8,4811.819820990269,0.8908411493164125,81,257.3086111111097,interpolation,0 days 00:01:20.701000,80.701,3145.583,0.0
2024-03-01 16:39:01.356,0 days 00:52:25.683000,392.0,-3410.0,-109.0,OnTrack,197.0,9013.0,0.0,1,8,8,4816.033402190738,0.8916212349511634,81,258.9336111111097,interpolation,0 days 00:01:20.801000,80.801,3145.683,0.0
2024-03-01 16:39:01.456,0 days 00:52:25.783000,340.4008487016078,-3432.344582632066,-108.9576816124763,OnTrack,187.5,9127.0,0.0,1,8,8,4820.569587851392,0.8924610462902792,81,260.5586111111097,interpolation,0 days 00:01:20.901000,80.901,3145.783,0.0
2024-03-01 16:39:01.556,0 days 00:52:25.883000,292.0,-3451.0,-109.0,OnTrack,178.0,9241.0,0.0,1,8,8,4825.578611111109,0.8933883968984988,81,262.1836111111097,interpolation,0 days 00:01:21.001000,81.001,3145.883,0.0
2024-03-01 16:39:01.656,0 days 00:52:25.983000,251.1816974964954,-3464.154339387221,-109.4213930421175,OnTrack,171.0,9477.5,0.0,1,8,8,4831.060471969888,0.8944032867758223,81,264.95027777777614,interpolation,0 days 00:01:21.101000,81.101,3145.983,0.0
2024-03-01 16:39:01.756,0 days 00:52:26.083000,214.0,-3474.0,-110.0,OnTrack,164.0,9714.0,0.0,1,8,8,4836.511944444443,0.8954125506687707,81,267.71694444444256,interpolation,0 days 00:01:21.201000,81.201,3146.083,0.0
2024-03-01 16:39:01.856,0 days 00:52:26.183000,176.50896631941976,-3482.7293810446054,-110.51396013481865,OnTrack,159.75,9491.5,0.0,1,8,8,4841.429802551489,0.8963230233238657,81,270.522499999998,interpolation,0 days 00:01:21.301000,81.301,3146.183,0.0
2024-03-01 16:39:01.956,0 days 00:52:26.283000,137.0,-3490.0,-111.0,OnTrack,155.5,9269.0,0.0,1,8,6,4845.814046291025,0.8971347047411073,81,273.3280555555534,interpolation,0 days 00:01:21.401000,81.401,3146.283,0.0
2024-03-01 16:39:02.056,0 days 00:52:26.383000,93.76450458698608,-3495.469374345147,-111.49484614897065,OnTrack,151.25,9046.5,0.0,1,8,6,4849.630572440604,0.897841281185773,81,276.13361111110885,interpolation,0 days 00:01:21.501000,81.501,3146.383,0.0
2024-03-01 16:39:02.156,0 days 00:52:26.483000,53.0,-3499.0,-112.0,OnTrack,147.0,8824.0,0.0,1,8,6,4852.845277777777,0.8984364389231403,81,278.9391666666643,interpolation,0 days 00:01:21.601000,81.601,3146.483,0.0
2024-03-01 16:39:02.256,0 days 00:52:26.583000,20.90400615866381,-3500.4543728845138,-112.51696297135751,OnTrack,146.0,8686.0,0.0,1,8,6,4855.458162302542,0.8989201779532096,81,281.405833333331,interpolation,0 days 00:01:21.701000,81.701,3146.583,0.0
2024-03-01 16:39:02.356,0 days 00:52:26.683000,-9.0,-3500.0,-113.0,OnTrack,145.0,8548.0,0.0,1,8,4,4859.289722222221,0.8996295376901704,81,283.8724999999977,interpolation,0 days 00:01:21.801000,81.801,3146.683,0.0
2024-03-01 16:39:02.456,0 days 00:52:26.783000,-43.18854153896895,-3497.804388347772,-113.40337602288429,OnTrack,140.0,8548.0,0.0,1,8,4,4865.511944444443,0.9007814951204063,81,289.1169444444422,interpolation,0 days 00:01:21.901000,81.901,3146.783,0.0
2024-03-01 16:39:02.556,0 days 00:52:26.883000,-81.50392561356195,-3493.068707563369,-113.84140864672665,OnTrack,138.0,8501.333333333334,0.0,1,8,4,4870.233753248794,0.9016556719887443,81,292.4095370370348,interpolation,0 days 00:01:22.001000,82.001,3146.883,0.0
2024-03-01 16:39:02.656,0 days 00:52:26.983000,-123.0,-3481.0,-115.0,OnTrack,136.0,8454.666666666666,0.0,1,8,4,4873.107029878805,0.9021876189756657,81,295.70212962962734,interpolation,0 days 00:01:22.101000,82.101,3146.983,0.0
2024-03-01 16:39:02.756,0 days 00:52:27.083000,-167.5190734683685,-3460.7994434731854,-116.99346651881433,OnTrack,134.0,8408.0,0.0,1,8,4,4875.934166666665,0.9027110238160516,81,298.99472222221993,interpolation,0 days 00:01:22.201000,82.201,3147.083,0.0
2024-03-01 16:39:02.856,0 days 00:52:27.183000,-210.0,-3436.0,-119.0,OnTrack,133.0,8321.666666666666,10.0,1,8,4,4879.015563872449,0.9032815014171304,81,302.4687962962941,interpolation,0 days 00:01:22.301000,82.301,3147.183,0.0
2024-03-01 16:39:02.956,0 days 00:52:27.283000,-245.381633576227,-3410.13463159752,-120.19779224038734,OnTrack,132.0,8235.333333333334,20.0,1,8,4,4882.371434456013,0.9039027939257522,81,305.9428703703682,interpolation,0 days 00:01:22.401000,82.401,3147.283,0.0
2024-03-01 16:39:03.056,0 days 00:52:27.383000,-273.66397419704964,-3383.2033382657446,-120.58684323997642,OnTrack,131.0,8149.0,30.0,0,8,4,4886.123055555554,0.9045973541080631,81,309.4169444444424,interpolation,0 days 00:01:22.501000,82.501,3147.383,0.0
2024-03-01 16:39:03.156,0 days 00:52:27.483000,-296.86432771934733,-3356.9203758010967,-120.68247261957725,OnTrack,132.0,8385.25,37.25,0,8,4,4890.290639923946,0.9053689240725944,81,313.5113888888868,interpolation,0 days 00:01:22.601000,82.601,3147.483,0.0
2024-03-01 16:39:03.256,0 days 00:52:27.583000,-317.0,-3333.0,-121.0,OnTrack,133.0,8621.5,44.5,0,8,4,4894.874187561192,0.9062175038193461,81,317.60583333333125,interpolation,0 days 00:01:22.701000,82.701,3147.583,0.0
2024-03-01 16:39:03.356,0 days 00:52:27.683000,-334.07099103900737,-3311.442210862452,-121.53942538124457,OnTrack,134.0,8857.75,51.75,0,8,4,4899.207169195619,0.9070196947746975,81,321.7002777777757,interpolation,0 days 00:01:22.801000,82.801,3147.683,0.0
2024-03-01 16:39:03.456,0 days 00:52:27.783000,-348.51964050516864,-3291.867632730283,-122.26919663254274,OnTrack,135.0,9094.0,59.0,0,8,4,4902.623055555554,0.9076520983650281,81,325.7947222222201,interpolation,0 days 00:01:22.901000,82.901,3147.783,0.0
2024-03-01 16:39:03.556,0 days 00:52:27.883000,-363.0,-3272.0,-123.0,OnTrack,137.0,9144.5,60.0,0,8,4,4905.121846640996,0.9081147145903379,81,328.75027777777586,interpolation,0 days 00:01:23.001000,83.001,3147.883,0.0
2024-03-01 16:39:03.656,0 days 00:52:27.983000,-377.95441372188196,-3251.4599331286076,-123.7002830297526,OnTrack,139.0,9195.0,61.0,0,8,4,4908.800833333332,0.9087958275279053,81,331.7058333333316,interpolation,0 days 00:01:23.101000,83.101,3147.983,0.0
2024-03-01 16:39:03.756,0 days 00:52:28.083000,-393.38288167081447,-3230.2474321161035,-124.3700457218005,OnTrack,141.0,9535.0,71.0,0,8,4,4915.067499999998,0.9099560132255001,81,337.6169444444431,interpolation,0 days 00:01:23.201000,83.201,3148.083,0.0
2024-03-01 16:39:03.856,0 days 00:52:28.183000,-413.1199087843397,-3198.161215045547,-125.10478555294816,OnTrack,144.0,9594.0,73.0,0,8,4,4919.783028748115,0.9108290274292493,81,341.2099999999987,interpolation,0 days 00:01:23.301000,83.301,3148.183,0.0
2024-03-01 16:39:03.956,0 days 00:52:28.283000,-441.0,-3145.0,-126.0,OnTrack,147.0,9653.0,75.0,0,8,4,4923.193333333332,0.9114603976320489,81,344.80305555555424,pos,0 days 00:01:23.401000,83.401,3148.283,0.0
2024-03-01 16:39:04.056,0 days 00:52:28.383000,-474.0,-3077.0,-127.0,OnTrack,148.33333333333334,10001.666666666666,82.66666666666667,0,8,4,4926.234126961666,0.9120233580485805,81,347.66972222222074,interpolation,0 days 00:01:23.501000,83.501,3148.383,0.0
2024-03-01 16:39:04.156,0 days 00:52:28.483000,-493.9808840059209,-3031.5786847459112,-127.77064946443838,OnTrack,149.66666666666666,10350.333333333334,90.33333333333333,0,8,4,4929.133501373038,0.9125601366747578,81,350.5363888888872,interpolation,0 days 00:01:23.601000,83.601,3148.483,0.0
2024-03-01 16:39:04.256,0 days 00:52:28.583000,-500.16215306426255,-3010.7300190296146,-128.31661101109867,OnTrack,151.0,10699.0,98.0,0,8,4,4933.259999999998,0.9133241001888236,81,353.4030555555537,interpolation,0 days 00:01:23.701000,83.701,3148.583,0.0
2024-03-01 16:39:04.356,0 days 00:52:28.683000,-506.0,-2989.0,-129.0,OnTrack,159.0,10884.5,99.0,0,8,4,4938.841712246822,0.9143574761542792,81,357.2030555555539,interpolation,0 days 00:01:23.801000,83.801,3148.683,0.0
2024-03-01 16:39:04.456,0 days 00:52:28.783000,-513.7371350999331,-2962.146272127765,-129.88116930015116,OnTrack,167.0,11070.0,100.0,0,8,4,4944.3933333333325,0.9153852811622103,81,361.00305555555406,interpolation,0 days 00:01:23.901000,83.901,3148.783,0.0
2024-03-01 16:39:04.556,0 days 00:52:28.883000,-523.3735583640619,-2930.1688354129074,-130.96011891155217,OnTrack,169.0,11070.0,100.0,0,8,4,4948.429558479351,0.9161325318037024,81,363.51416666666546,interpolation,0 days 00:01:24.001000,84.001,3148.883,0.0
2024-03-01 16:39:04.656,0 days 00:52:28.983000,-534.0732024461598,-2891.3569809915966,-132.0590090671771,OnTrack,171.0,11070.0,100.0,0,8,4,4951.993333333332,0.9167923148805699,81,366.02527777777686,interpolation,0 days 00:01:24.101000,84.101,3148.983,0.0
2024-03-01 16:39:04.756,0 days 00:52:29.083000,-545.0,-2844.0,-133.0,OnTrack,175.66666666666666,11003.0,100.0,0,8,4,4956.127603543723,0.9175577171946263,81,368.6956481481475,interpolation,0 days 00:01:24.201000,84.201,3149.083,0.0
2024-03-01 16:39:04.856,0 days 00:52:29.183000,-556.0,-2785.0,-134.0,OnTrack,180.33333333333334,10936.0,100.0,0,8,4,4960.8628792495465,0.9184343872714453,81,371.3660185185181,interpolation,0 days 00:01:24.301000,84.301,3149.183,0.0
2024-03-01 16:39:04.956,0 days 00:52:29.283000,-566.1494915632736,-2695.769531195314,-136.3604654704971,OnTrack,185.0,10869.0,100.0,0,8,4,4966.382222222221,0.9194562164379906,81,374.0363888888887,interpolation,0 days 00:01:24.401000,84.401,3149.283,0.0
2024-03-01 16:39:05.056,0 days 00:52:29.383000,-574.0,-2605.0,-139.0,OnTrack,189.66666666666666,10920.0,100.0,0,8,4,4972.716142913193,0.9206288532776767,81,377.1030555555556,interpolation,0 days 00:01:24.501000,84.501,3149.383,0.0
2024-03-01 16:39:05.156,0 days 00:52:29.483000,-578.2570032224082,-2544.480736988816,-140.62029666588614,OnTrack,194.33333333333334,10971.0,100.0,0,8,4,4979.692919044342,0.9219205058121468,81,380.16972222222256,interpolation,0 days 00:01:24.601000,84.601,3149.483,0.0
2024-03-01 16:39:05.256,0 days 00:52:29.583000,-578.9205012304983,-2514.2117421617622,-141.22135546815554,OnTrack,199.0,11022.0,100.0,0,8,4,4986.28222222222,0.923140423147906,81,383.23638888888945,interpolation,0 days 00:01:24.701000,84.701,3149.583,0.0
2024-03-01 16:39:05.356,0 days 00:52:29.683000,-577.8737486233392,-2493.0868762538275,-141.46173653634716,OnTrack,202.5,11216.0,100.0,0,8,4,4992.312331927134,0.9242568136321456,81,385.6530555555564,interpolation,0 days 00:01:24.801000,84.801,3149.683,0.0
2024-03-01 16:39:05.456,0 days 00:52:29.783000,-577.0,-2460.0,-142.0,OnTrack,206.0,11410.0,100.0,0,8,5,4997.726666666665,0.9252592019928043,81,388.0697222222234,interpolation,0 days 00:01:24.901000,84.901,3149.783,0.0
2024-03-01 16:39:05.556,0 days 00:52:29.883000,-576.2992553604807,-2414.95111340028,-142.83614585911408,OnTrack,209.0,11507.5,100.0,0,8,5,5002.468644948393,0.9261371129578203,81,389.89194444444547,interpolation,0 days 00:01:25.001000,85.001,3149.883,0.0
2024-03-01 16:39:05.656,0 days 00:52:29.983000,-575.6140954606741,-2358.8327346122874,-143.9254981813253,OnTrack,212.0,11605.0,100.0,0,8,5,5007.148888888887,0.927003594672876,81,391.71416666666755,interpolation,0 days 00:01:25.101000,85.101,3149.983,0.0
2024-03-01 16:39:05.756,0 days 00:52:30.083000,-574.0,-2297.0,-145.0,OnTrack,214.54545454545453,11588.818181818182,100.0,0,8,5,5012.378020604707,0.9279716952836525,81,393.32772727272817,interpolation,0 days 00:01:25.201000,85.201,3150.083,0.0
2024-03-01 16:39:05.856,0 days 00:52:30.183000,-571.2995481223702,-2230.3454368604716,-146.01497492529018,OnTrack,217.0909090909091,11572.636363636364,100.0,0,8,5,5018.156040095854,0.9290414147901503,81,394.9412878787887,interpolation,0 days 00:01:25.301000,85.301,3150.183,0.0
2024-03-01 16:39:05.956,0 days 00:52:30.283000,-568.0,-2163.0,-147.0,OnTrack,219.63636363636363,11556.454545454546,100.0,0,8,5,5024.482947362328,0.9302127531923692,81,396.55484848484934,interpolation,0 days 00:01:25.401000,85.401,3150.283,0.0
2024-03-01 16:39:06.056,0 days 00:52:30.383000,-564.5886158051047,-2099.094644224884,-147.98465226693367,OnTrack,222.1818181818182,11540.272727272728,100.0,0,8,5,5031.358742404129,0.9314857104903091,81,398.1684090909099,interpolation,0 days 00:01:25.501000,85.501,3150.383,0.0
2024-03-01 16:39:06.156,0 days 00:52:30.483000,-561.0653955376845,-2038.6293695351242,-148.96893172609117,OnTrack,224.72727272727272,11524.09090909091,100.0,0,8,5,5038.783425221257,0.9328602866839705,81,399.7819696969705,interpolation,0 days 00:01:25.601000,85.601,3150.483,0.0
2024-03-01 16:39:06.256,0 days 00:52:30.583000,-557.4303391977393,-1981.60417593072,-149.9528383774725,OnTrack,227.27272727272728,11507.90909090909,100.0,0,8,5,5046.649757112996,0.934316628027587,81,401.3955303030311,interpolation,0 days 00:01:25.701000,85.701,3150.583,0.0
2024-03-01 16:39:06.356,0 days 00:52:30.683000,-553.683446785269,-1928.0190634116716,-150.93637222107768,OnTrack,229.8181818181818,11491.727272727272,100.0,0,8,5,5054.314302580667,0.9357356114366547,81,403.0090909090917,interpolation,0 days 00:01:25.801000,85.801,3150.683,0.0
2024-03-01 16:39:06.456,0 days 00:52:30.783000,-549.6636235246402,-1870.1815679661643,-151.86535953704814,OnTrack,232.36363636363637,11475.545454545454,100.0,0,8,5,5061.669821825425,0.9370973829621043,81,404.62265151515226,interpolation,0 days 00:01:25.901000,85.901,3150.783,0.0
2024-03-01 16:39:06.556,0 days 00:52:30.883000,-545.209774640219,-1800.3992255823835,-152.68562660552539,OnTrack,234.9090909090909,11459.363636363636,100.0,0,8,5,5068.716314847271,0.9384019426039364,81,406.2362121212129,interpolation,0 days 00:01:26.001000,86.001,3150.883,0.0
2024-03-01 16:39:06.656,0 days 00:52:30.983000,-540.3219001320057,-1718.6720362603282,-153.3971734265093,OnTrack,237.45454545454544,11443.181818181818,100.0,0,8,5,5075.453781646202,0.9396492903621502,81,407.84977272727343,interpolation,0 days 00:01:26.101000,86.101,3150.983,0.0
2024-03-01 16:39:06.756,0 days 00:52:31.083000,-535.0,-1625.0,-154.0,OnTrack,240.0,11427.0,100.0,0,8,5,5081.88222222222,0.940839426236746,81,409.46333333333405,interpolation,0 days 00:01:26.201000,86.201,3151.083,0.0
2024-03-01 16:39:06.856,0 days 00:52:31.183000,-529.2440742442021,-1519.3831168013976,-154.49410632599742,OnTrack,241.66666666666666,11478.666666666666,100.0,0,8,5,5088.001636575325,0.9419723502277242,81,410.8114814814823,interpolation,0 days 00:01:26.301000,86.301,3151.183,0.0
2024-03-01 16:39:06.956,0 days 00:52:31.283000,-524.0,-1423.0,-155.0,OnTrack,243.33333333333334,11530.333333333334,100.0,0,8,6,5093.992513228803,0.9430814772611419,81,412.1596296296305,interpolation,0 days 00:01:26.401000,86.401,3151.283,0.0
2024-03-01 16:39:07.056,0 days 00:52:31.383000,-520.2136544027817,-1357.0292629312867,-155.63818861750624,OnTrack,245.0,11582.0,100.0,0,8,6,5100.937777777775,0.9443672958668438,81,413.50777777777876,interpolation,0 days 00:01:26.501000,86.501,3151.383,0.0
2024-03-01 16:39:07.156,0 days 00:52:31.483000,-517.6612423387405,-1316.657008275886,-156.3740664289478,OnTrack,246.0,11092.0,100.0,0,8,6,5109.017916897339,0.9458632206287203,81,415.20777777777903,interpolation,0 days 00:01:26.601000,86.601,3151.483,0.0
2024-03-01 16:39:07.256,0 days 00:52:31.583000,-515.0,-1273.0,-157.0,OnTrack,247.0,10602.0,100.0,0,8,6,5117.404444444443,0.9474158689232898,81,416.9077777777793,interpolation,0 days 00:01:26.701000,86.701,3151.583,0.0
2024-03-01 16:39:07.356,0 days 00:52:31.683000,-512.0061345644037,-1221.244390078314,-157.48138393545563,OnTrack,249.0,10561.0,100.0,0,8,6,5125.268874276042,0.9488718581270708,81,418.27074074074244,interpolation,0 days 00:01:26.801000,86.801,3151.683,0.0
2024-03-01 16:39:07.456,0 days 00:52:31.783000,-508.67736443944574,-1161.2304718006799,-157.8170512504561,OnTrack,251.0,10520.0,100.0,0,8,6,5132.6625276103605,0.9502406896459191,81,419.6337037037056,interpolation,0 days 00:01:26.901000,86.901,3151.783,0.0
2024-03-01 16:39:07.556,0 days 00:52:31.883000,-505.0,-1092.0,-158.0,OnTrack,253.0,10479.0,100.0,0,8,6,5139.893333333331,0.951579372206857,81,420.9966666666687,interpolation,0 days 00:01:27.001000,87.001,3151.883,0.0
2024-03-01 16:39:07.656,0 days 00:52:31.983000,-500.97175963019714,-1013.3932663307221,-158.02906318727884,OnTrack,254.5,10479.0,100.0,0,8,6,5147.012613188708,0.9528974073130354,81,422.19111111111306,interpolation,0 days 00:01:27.101000,87.101,3151.983,0.0
2024-03-01 16:39:07.756,0 days 00:52:32.083000,-497.0,-936.0,-158.0,OnTrack,256.0,10479.0,100.0,0,8,7,5154.115555555553,0.9542124177616821,81,423.3855555555574,interpolation,0 days 00:01:27.201000,87.201,3152.083,0.0
2024-03-01 16:39:07.856,0 days 00:52:32.183000,-493.4920777793717,-870.409930214989,-158.00856962587108,OnTrack,257.5,10602.5,100.0,0,8,7,5161.2973488129255,0.9555420263500256,81,424.4966666666687,interpolation,0 days 00:01:27.301000,87.301,3152.183,0.0
2024-03-01 16:39:07.956,0 days 00:52:32.283000,-490.0,-807.0,-158.0,OnTrack,259.0,10726.0,100.0,0,8,7,5168.504444444442,0.9568763193191028,81,425.60777777778003,interpolation,0 days 00:01:27.401000,87.401,3152.283,0.0
2024-03-01 16:39:08.056,0 days 00:52:32.383000,-486.0757736935729,-736.1471523793444,-157.91951905749477,OnTrack,260.3333333333333,10780.666666666666,100.0,0,8,7,5175.6832939337255,0.9582053829099514,81,426.5411111111134,interpolation,0 days 00:01:27.501000,87.501,3152.383,0.0
2024-03-01 16:39:08.156,0 days 00:52:32.483000,-481.83819087672657,-659.7277598775705,-157.81792439145704,OnTrack,261.6666666666667,10835.333333333334,100.0,0,8,7,5182.723201960089,0.9595087234319574,81,427.4744444444468,interpolation,0 days 00:01:27.601000,87.601,3152.483,0.0
2024-03-01 16:39:08.256,0 days 00:52:32.583000,-478.0,-589.0,-158.0,OnTrack,263.0,10890.0,100.0,0,8,7,5188.959999999997,0.9606633793710035,81,428.4077777777802,interpolation,0 days 00:01:27.701000,87.701,3152.583,0.0
2024-03-01 16:39:08.356,0 days 00:52:32.683000,-474.67999186360555,-525.8402260572248,-158.51654295606048,OnTrack,264.0,10930.0,100.0,0,8,7,5194.282993866282,0.9616488572463304,81,429.1411111111135,interpolation,0 days 00:01:27.801000,87.801,3152.683,0.0
2024-03-01 16:39:08.456,0 days 00:52:32.783000,-471.0,-457.0,-159.0,OnTrack,265.0,10970.0,100.0,0,8,7,5199.192822322908,0.9625578433239401,81,429.87444444444674,interpolation,0 days 00:01:27.901000,87.901,3152.783,0.0
2024-03-01 16:39:08.556,0 days 00:52:32.883000,-466.0818579416406,-369.2308837790805,-159.08281787218004,OnTrack,266.0,11010.0,100.0,0,8,7,5206.69333333333,0.963946458047176,81,430.60777777778003,interpolation,0 days 00:01:28.001000,88.001,3152.883,0.0
2024-03-01 16:39:08.656,0 days 00:52:32.983000,-461.0,-279.0,-159.0,OnTrack,267.5,11074.0,100.0,0,8,7,5217.285170788084,0.9659073886311527,81,431.8133333333353,interpolation,0 days 00:01:28.101000,88.101,3152.983,0.0
2024-03-01 16:39:08.756,0 days 00:52:33.083000,-456.8288604865511,-202.77447126829196,-158.98654981085917,OnTrack,269.0,11138.0,100.0,0,8,7,5227.615555555552,0.9678199149063446,81,433.0188888888906,interpolation,0 days 00:01:28.201000,88.201,3153.083,0.0
2024-03-01 16:39:08.856,0 days 00:52:33.183000,-453.0,-130.0,-159.0,OnTrack,270.0,11152.0,100.0,0,8,7,5234.331708504125,0.9690633167032265,81,433.66333333333523,interpolation,0 days 00:01:28.301000,88.301,3153.183,0.0
2024-03-01 16:39:08.956,0 days 00:52:33.283000,-449.0,-52.0,-159.0,OnTrack,271.0,11166.0,100.0,0,8,7,5239.659999999996,0.970049775360587,81,434.30777777777985,interpolation,0 days 00:01:28.401000,88.401,3153.283,0.0
2024-03-01 16:39:09.056,0 days 00:52:33.383000,-445.15898396199754,19.95931808181066,-158.99925016984378,OnTrack,272.3333333333333,11217.333333333334,100.0,0,8,7,5245.826800409359,0.9711914722172144,81,434.8781481481504,interpolation,0 days 00:01:28.501000,88.501,3153.383,0.0
2024-03-01 16:39:09.156,0 days 00:52:33.483000,-441.4076423519743,86.87551278649184,-158.99966153937334,OnTrack,273.6666666666667,11268.666666666666,100.0,0,8,7,5252.873549975921,0.9724960793547129,81,435.448518518521,interpolation,0 days 00:01:28.601000,88.601,3153.483,0.0
2024-03-01 16:39:09.256,0 days 00:52:33.583000,-437.0,166.0,-159.0,OnTrack,275.0,11320.0,100.0,0,8,7,5261.048888888885,0.9740096290270231,81,436.0188888888915,interpolation,0 days 00:01:28.701000,88.701,3153.583,0.0
2024-03-01 16:39:09.356,0 days 00:52:33.683000,-431.8117283476507,260.20800098214477,-159.0000598680121,OnTrack,276.5,11390.0,100.0,0,8,7,5270.394256967612,0.9757397932371878,81,436.58555555555813,interpolation,0 days 00:01:28.801000,88.801,3153.683,0.0
2024-03-01 16:39:09.456,0 days 00:52:33.783000,-427.0,350.0,-159.0,OnTrack,278.0,11460.0,100.0,0,14,7,5279.582222222218,0.9774408165156546,81,437.15222222222474,interpolation,0 days 00:01:28.901000,88.901,3153.783,1.0
2024-03-01 16:39:09.556,0 days 00:52:33.883000,-423.72198756212117,415.8764813206393,-158.999979252554,OnTrack,279.25,11510.75,100.0,0,14,7,5287.2853526628205,0.9788669433928718,81,437.3272222222249,interpolation,0 days 00:01:29.001000,89.001,3153.883,1.0
2024-03-01 16:39:09.656,0 days 00:52:33.983000,-421.5591246387613,464.5171009362847,-158.99999150132166,OnTrack,280.5,11561.5,100.0,0,14,7,5293.503648289421,0.9800181738688398,81,437.5022222222251,interpolation,0 days 00:01:29.101000,89.101,3153.983,1.0
2024-03-01 16:39:09.756,0 days 00:52:34.083000,-418.0,536.0,-159.0,OnTrack,281.75,11612.25,100.0,0,14,7,5299.836230882419,0.9811905629783985,81,437.6772222222253,interpolation,0 days 00:01:29.201000,89.201,3154.083,1.0
2024-03-01 16:39:09.856,0 days 00:52:34.183000,-413.0,630.0,-159.0,OnTrack,283.0,11663.0,100.0,0,14,7,5307.882222222218,0.9826801657563887,81,437.85222222222546,interpolation,0 days 00:01:29.301000,89.301,3154.183,1.0
2024-03-01 16:39:09.956,0 days 00:52:34.283000,-408.80287834010574,704.4874683207245,-158.99999975632133,OnTrack,284.5,11188.5,100.0,0,14,7,5317.641622308816,0.9844869822028105,81,437.9188888888916,interpolation,0 days 00:01:29.401000,89.401,3154.283,1.0
2024-03-01 16:39:10.056,0 days 00:52:34.383000,-405.0,772.0,-159.0,OnTrack,286.0,10714.0,100.0,0,12,7,5326.948888888885,0.9862100924533262,81,437.98555555555777,interpolation,0 days 00:01:29.501000,89.501,3154.383,1.0
2024-03-01 16:39:10.156,0 days 00:52:34.483000,-400.8087690944681,852.0801647102608,-159.0000000862316,OnTrack,286.5,10494.5,100.0,0,12,7,5333.638479709098,0.9874485766435983,81,437.94111111111306,interpolation,0 days 00:01:29.601000,89.601,3154.483,1.0
2024-03-01 16:39:10.256,0 days 00:52:34.583000,-396.4223794543922,940.4009335296226,-159.0000000387546,OnTrack,287.0,10275.0,100.0,0,12,7,5339.704444444441,0.9885716051853101,81,437.89666666666835,interpolation,0 days 00:01:29.701000,89.701,3154.583,1.0
2024-03-01 16:39:10.356,0 days 00:52:34.683000,-393.0,1011.0,-159.0,OnTrack,288.0,10340.0,100.0,0,12,7,5347.140832769903,0.9899483484901443,81,437.73000000000184,interpolation,0 days 00:01:29.801000,89.801,3154.683,1.0
2024-03-01 16:39:10.456,0 days 00:52:34.783000,-390.7348265404886,1059.550290890506,-158.99999999370652,OnTrack,289.0,10405.0,100.0,0,12,7,5355.759999999997,0.9915440667686869,81,437.5633333333353,interpolation,0 days 00:01:29.901000,89.901,3154.783,1.0
2024-03-01 16:39:10.556,0 days 00:52:34.883000,-387.0,1139.0,-159.0,OnTrack,291.0,10453.5,100.0,0,12,7,5365.374301449239,0.9933240202315237,81,437.0654166666691,pos,0 days 00:01:30.001000,90.001,3154.883,1.0
2024-03-01 16:39:10.656,0 days 00:52:34.983000,-380.0,1285.0,-159.0,OnTrack,293.0,10502.0,100.0,0,12,8,5375.211944444441,0.9951453222582911,81,436.56750000000284,interpolation,0 days 00:01:30.101000,90.101,3154.983,1.0
2024-03-01 16:39:10.756,0 days 00:52:35.083000,-374.72288426324155,1393.765832750939,-158.99999999966874,OnTrack,293.6666666666667,10551.333333333334,100.0,0,12,8,5384.501136312411,0.9968650862286264,81,436.56750000000284,interpolation,0 days 00:01:30.201000,90.201,3155.083,1.0
2024-03-01 16:39:10.776,0 days 00:52:35.103000,-373.9746477319698,1408.9615165857492,-158.9999999996871,OnTrack,293.8,10561.2,100.0,0,12,8,5386.291992219098,0.997196638155657,81,436.56750000000284,interpolation,0 days 00:01:30.221000,90.221,3155.103,1.0
