Date,SessionTime,X,Y,Z,Status,Speed,RPM,Throttle,Brake,DRS,nGear,Distance,RelativeDistance,DriverAhead,DistanceToDriverAhead,Source,Time,TimeSeconds,SessionTimeSeconds,DRSActive
2024-03-01 16:59:39.793,0 days 01:13:04.120000,-378.5622703449303,1320.6629091033117,-158.99998921328782,,291.26000128000004,11006.4747648,100.0,0,12,7,-1.6825822419758134,-0.0003129014298185051,,572.2052777777776,interpolation,0 days 00:00:00,0.0,4384.12,1.0
2024-03-01 16:59:39.830,0 days 01:13:04.157000,-376.7200087424477,1357.1878556950892,-158.9999855983375,,292.00000512,10870.4990592,100.0,0,12,7,1.0611065614167747,0.00019732869631811914,,572.2052777777776,interpolation,0 days 00:00:00.037000,0.037,4384.157,1.0
2024-03-01 16:59:39.930,0 days 01:13:04.257000,-372.3866902002129,1444.187558735343,-158.99998559833753,,294.0,10503.0,100.0,0,12,7,11.25833333333334,0.0020936561134965157,,572.2052777777776,car,0 days 00:00:00.137000,0.137,4384.257,1.0
2024-03-01 16:59:40.030,0 days 01:13:04.357000,-369.0,1514.0,-159.0,,294.0,10501.0,100.0,0,12,7,24.325000000000003,0.0045235989602489465,,572.2052777777776,interpolation,0 days 00:00:00.237000,0.237,4384.357,1.0
2024-03-01 16:59:40.130,0 days 01:13:04.457000,-366.559972821428,1566.624464611493,-159.00002880317754,,295.3333310577758,10548.99991807993,100.0,0,12,8,33.11032536447497,0.006157362112733536,27,570.0719480853363,interpolation,0 days 00:00:00.337000,0.337,4384.457,1.0
2024-03-01 16:59:40.230,0 days 01:13:04.557000,-363.0,1646.0,-159.0,,296.6666689422242,10597.00008192007,100.0,0,12,8,37.52593693158726,0.006978511378667857,27,567.9386074702189,interpolation,0 days 00:00:00.437000,0.437,4384.557,1.0
2024-03-01 16:59:40.330,0 days 01:13:04.657000,-357.0,1779.0,-159.0,,298.0,10645.0,100.0,0,12,8,44.19166666666668,0.00821810390071948,27,565.8052777777776,car,0 days 00:00:00.537000,0.537,4384.657,1.0
2024-03-01 16:59:40.430,0 days 01:13:04.757000,-353.03874373309355,1863.2391413457585,-159.00097931570386,,299.50000384,10664.50004992,100.0,0,12,8,54.21090510542482,0.010081331715069022,27,562.2386019804443,interpolation,0 days 00:00:00.637000,0.637,4384.757,1.0
2024-03-01 16:59:40.530,0 days 01:13:04.857000,-351.2547450337881,1897.7366449276046,-159.00239067730058,,301.0,10684.0,100.0,0,12,8,64.25833333333334,0.011949801843946428,27,558.6719444444443,interpolation,0 days 00:00:00.737000,0.737,4384.857,1.0
2024-03-01 16:59:40.630,0 days 01:13:04.957000,-348.0,1979.0,-159.0,,301.0,10719.0000896,100.0,0,12,8,71.00883791848672,0.013205159522160427,27,556.0941600675554,interpolation,0 days 00:00:00.837000,0.837,4384.957,1.0
2024-03-01 16:59:40.730,0 days 01:13:05.057000,-343.0,2113.0,-159.0,,301.0,10754.0,100.0,0,12,8,77.63611111111112,0.014437600472764394,27,553.5163888888889,car,0 days 00:00:00.937000,0.937,4385.057,1.0
2024-03-01 16:59:40.830,0 days 01:13:05.157000,-338.25541364953466,2239.0609402707223,-159.04378124391548,,302.50000384,10772.50004736,100.0,0,12,8,87.31398214992228,0.016237345893878045,27,549.3497115555556,interpolation,0 days 00:00:01.037000,1.037,4385.157,1.0
2024-03-01 16:59:40.930,0 days 01:13:05.257000,-334.09973999023293,2347.068770110657,-159.13824165233035,,304.0,10791.0,100.0,0,12,8,97.90277777777779,0.018206491418747757,27,545.1830555555556,interpolation,0 days 00:00:01.137000,1.137,4385.257,1.0
2024-03-01 16:59:41.030,0 days 01:13:05.357000,-330.3941758558177,2439.5427345751614,-159.16358123457957,,304.6666678044435,10828.666730951056,100.0,0,12,8,107.26303226818371,0.019947171274059816,27,540.4571215640563,interpolation,0 days 00:00:01.237000,1.237,4385.357,1.0
2024-03-01 16:59:41.130,0 days 01:13:05.457000,-327.0,2519.0,-159.0,,305.3333321955565,10866.333269048944,100.0,0,12,8,115.69687706688082,0.021515571338285393,27,535.7312117692771,interpolation,0 days 00:00:01.337000,1.337,4385.457,1.0
2024-03-01 16:59:41.230,0 days 01:13:05.557000,-323.9171776663301,2585.441380029653,-158.6474962735154,,306.0,10904.0,100.0,0,12,8,125.01777777777778,0.023248932767448688,27,531.0052777777778,interpolation,0 days 00:00:01.437000,1.437,4385.557,1.0
2024-03-01 16:59:41.330,0 days 01:13:05.657000,-320.9584461581062,2643.835605948032,-158.17543689906236,,306.99999744,10937.99991296,100.0,0,12,8,135.52786624959708,0.02520344151496138,27,525.1719593777779,interpolation,0 days 00:00:01.537000,1.537,4385.657,1.0
2024-03-01 16:59:41.430,0 days 01:13:05.757000,-317.0,2724.0,-158.0,,308.0,10972.0,100.0,0,12,8,145.5511111111111,0.027067414383773938,27,519.3386111111112,interpolation,0 days 00:00:01.637000,1.637,4385.757,1.0
2024-03-01 16:59:41.530,0 days 01:13:05.857000,-311.854585461675,2830.9031529461663,-158.19055060710525,,308.49999872,10978.49998336,100.0,0,12,8,153.4112707297792,0.028529129075588848,27,514.9830667057778,interpolation,0 days 00:00:01.737000,1.737,4385.857,1.0
2024-03-01 16:59:41.630,0 days 01:13:05.957000,-305.855179013998,2957.3319267738357,-158.6726885531947,,309.0,10985.0,100.0,0,12,8,159.10842559383087,0.029588600558400825,27,510.62750000000005,interpolation,0 days 00:00:01.837000,1.837,4385.957,1.0
2024-03-01 16:59:41.730,0 days 01:13:06.057000,-301.0,3060.0,-159.0,,309.49999872,10991.49998336,100.0,0,12,8,164.91577683430117,0.03066856471187223,27,506.27195559466674,interpolation,0 days 00:00:01.937000,1.937,4386.057,1.0
2024-03-01 16:59:41.830,0 days 01:13:06.157000,-297.62202786256745,3131.694191244638,-159.09808618077247,,310.0,10998.0,100.0,0,12,8,173.10666666666668,0.03219178365243553,27,501.91638888888895,interpolation,0 days 00:00:02.037000,2.037,4386.157,1.0
2024-03-01 16:59:41.930,0 days 01:13:06.257000,-295.4659890988565,3178.3960430420466,-159.01065930512408,,310.49999872,11028.49992192,100.0,0,12,8,183.6810112164302,0.034158241782368697,27,494.88307356088893,interpolation,0 days 00:00:02.137000,2.137,4386.257,1.0
2024-03-01 16:59:42.030,0 days 01:13:06.357000,-293.0,3236.0,-159.0,,311.0,11059.0,100.0,0,12,8,193.84,0.03604745827151719,27,487.8497222222222,interpolation,0 days 00:00:02.237000,2.237,4386.357,1.0
2024-03-01 16:59:42.130,0 days 01:13:06.457000,-289.96877772447175,3310.4877489364253,-159.10982158856314,,311.49999872,11062.99998976,100.0,0,12,8,200.7846102244951,0.03733891280762655,27,483.13862317155554,interpolation,0 days 00:00:02.337000,2.337,4386.457,1.0
2024-03-01 16:59:42.230,0 days 01:13:06.557000,-286.5711173284632,3396.5137966259617,-159.26335706441284,,312.0,11067.0,100.0,0,12,8,207.70666666666668,0.03862617312929528,27,478.4275,interpolation,0 days 00:00:02.437000,2.437,4386.557,1.0
2024-03-01 16:59:42.330,0 days 01:13:06.657000,-284.0,3462.0,-159.0,,312.49999872,11086.9999488,100.0,0,12,8,217.79785210855403,0.040502780569073325,27,470.860852704,interpolation,0 days 00:00:02.537000,2.537,4386.657,1.0
2024-03-01 16:59:42.430,0 days 01:13:06.757000,-282.45422550673464,3501.60077365779,-158.24297956757138,,313.0,11107.0,100.0,0,12,8,228.57333333333335,0.04250664308354789,27,463.2941666666667,interpolation,0 days 00:00:02.637000,2.637,4386.757,1.0
2024-03-01 16:59:42.530,0 days 01:13:06.857000,-278.0,3618.0,-158.0,,313.99999744,11120.49996544,100.0,0,12,8,237.54806344955978,0.04417562889330233,27,456.76640560000004,interpolation,0 days 00:00:02.737000,2.737,4386.857,1.0
2024-03-01 16:59:42.630,0 days 01:13:06.957000,-268.0,3880.0,-159.0,,315.0,11134.0,100.0,0,12,8,246.07333333333332,0.04576103082473418,27,450.23861111111114,interpolation,0 days 00:00:02.837000,2.837,4386.957,1.0
2024-03-01 16:59:42.730,0 days 01:13:07.057000,-260.2334523784966,4084.300872366408,-159.57045185864942,,315.333332764444,11151.333303751086,100.0,0,12,8,255.50025466073185,0.04751410837930636,27,443.0161234375217,interpolation,0 days 00:00:02.937000,2.937,4387.057,1.0
2024-03-01 16:59:42.830,0 days 01:13:07.157000,-255.99680941486318,4197.021550274181,-159.43260612719808,,315.666667235556,11168.666696248914,100.0,0,12,8,265.5167845576129,0.04937683249962839,27,435.79359878470063,interpolation,0 days 00:00:03.037000,3.037,4387.157,1.0
2024-03-01 16:59:42.930,0 days 01:13:07.257000,-254.8314556448791,4230.092956095411,-158.71569241644576,,316.0,11186.0,100.0,0,12,8,274.25,0.05100090502973374,27,428.5711111111112,interpolation,0 days 00:00:03.137000,3.137,4387.257,1.0
2024-03-01 16:59:43.030,0 days 01:13:07.357000,-253.98540256784872,4255.108499180558,-158.19507919727013,,316.33333390222174,11203.33336291553,100.0,0,12,8,281.3878510101757,0.05232829559121545,27,423.1044351146747,interpolation,0 days 00:00:03.237000,3.237,4387.357,1.0
2024-03-01 16:59:43.130,0 days 01:13:07.457000,-253.0,4284.0,-158.0,,316.66666609777826,11220.66663708447,100.0,0,12,8,287.4309317587411,0.05345209718590859,27,417.6377871075477,interpolation,0 days 00:00:03.337000,3.337,4387.457,1.0
2024-03-01 16:59:43.230,0 days 01:13:07.557000,-251.87523785078466,4316.767754403458,-158.1304528270192,,317.0,11238.0,100.0,0,12,8,295.3833333333333,0.054930965654328236,27,412.1711111111112,interpolation,0 days 00:00:03.437000,3.437,4387.557,1.0
2024-03-01 16:59:43.330,0 days 01:13:07.657000,-250.6111276377377,4353.411426849988,-158.58643634249438,,317.0,11222.00004096,100.0,0,12,8,305.74564156357735,0.05685799244717966,27,403.8711323591112,interpolation,0 days 00:00:03.537000,3.537,4387.657,1.0
2024-03-01 16:59:43.430,0 days 01:13:07.757000,-248.54144336581663,4412.599678991671,-158.99920296672204,,317.0,11206.0,100.0,0,12,8,316.51666666666665,0.05886102627892273,27,395.5711111111111,interpolation,0 days 00:00:03.637000,3.637,4387.757,1.0
2024-03-01 16:59:43.530,0 days 01:13:07.857000,-245.0,4513.0,-159.0,,317.49999872,11222.99995648,100.0,0,12,8,325.6950024545117,0.06056787562020584,27,388.5433513244445,interpolation,0 days 00:00:03.737000,3.737,4387.857,1.0
2024-03-01 16:59:43.630,0 days 01:13:07.957000,-239.98676127582482,4654.613417976624,-158.58882745049146,,318.0,11240.0,100.0,0,12,8,334.1833333333333,0.062146408189072695,27,381.5155555555556,interpolation,0 days 00:00:03.837000,3.837,4387.957,1.0
2024-03-01 16:59:43.730,0 days 01:13:08.057000,-235.0,4796.0,-158.0,,318.0,11247.99997952,100.0,0,12,8,342.88416280266244,0.06376445806125197,27,374.40446264888885,interpolation,0 days 00:00:03.937000,3.937,4388.057,1.0
2024-03-01 16:59:43.830,0 days 01:13:08.157000,-231.5378865792647,4895.722711067769,-157.46782209032915,,318.0,11256.0,100.0,0,12,8,351.85,0.06543179009922268,27,367.2933333333333,interpolation,0 days 00:00:04.037000,4.037,4388.157,1.0
2024-03-01 16:59:43.930,0 days 01:13:08.257000,-229.60045646556958,4953.780530021982,-156.9922991709667,,318.333332764444,11273.333303751086,100.0,0,12,8,361.13317315617985,0.06715813552315303,27,359.6192723563569,interpolation,0 days 00:00:04.137000,4.137,4388.257,1.0
2024-03-01 16:59:44.030,0 days 01:13:08.357000,-228.11278659909266,4999.948427005127,-156.52062410612095,,318.666667235556,11290.666696248914,100.0,0,12,8,370.6842038083419,0.06893429307001535,27,351.9451720880876,interpolation,0 days 00:00:04.237000,4.237,4388.357,1.0
2024-03-01 16:59:44.130,0 days 01:13:08.457000,-226.0,5064.0,-156.0,,319.0,11308.0,100.0,0,12,8,380.2055555555555,0.07070493137890992,27,344.27111111111117,interpolation,0 days 00:00:04.337000,4.337,4388.457,1.0
2024-03-01 16:59:44.230,0 days 01:13:08.557000,-223.26207503330153,5145.935904896389,-155.43042152139947,,319.25000064,11310.00000512,100.0,0,12,8,389.64775237391564,0.0724608496403693,27,337.1322039466667,interpolation,0 days 00:00:04.437000,4.437,4388.557,1.0
2024-03-01 16:59:44.330,0 days 01:13:08.657000,-220.0200545015509,5242.1487477955825,-154.7958487667237,,319.5,11312.0,100.0,0,12,8,399.0106975755741,0.07420202987383652,27,329.99333333333334,interpolation,0 days 00:00:04.537000,4.537,4388.657,1.0
2024-03-01 16:59:44.430,0 days 01:13:08.757000,-217.0,5331.0,-154.0,,319.75000064,11314.00000512,100.0,0,12,8,407.86000616722,0.07584769166804377,27,322.8544261688889,interpolation,0 days 00:00:04.637000,4.637,4388.757,1.0
2024-03-01 16:59:44.530,0 days 01:13:08.857000,-214.3229572202016,5408.882196797955,-153.02683763463466,,320.0,11316.0,100.0,0,12,8,415.7611111111111,0.0773170207578281,27,315.71555555555557,interpolation,0 days 00:00:04.737000,4.737,4388.857,1.0
2024-03-01 16:59:44.630,0 days 01:13:08.957000,-211.87802593810173,5479.269367024042,-151.9265127152616,,320.0,11319.50000896,100.0,0,12,8,422.71409331477764,0.07861003218915946,27,310.02665210311113,interpolation,0 days 00:00:04.837000,4.837,4388.957,1.0
2024-03-01 16:59:44.730,0 days 01:13:09.057000,-209.0,5563.0,-151.0,,320.0,11323.0,100.0,0,12,8,429.98333333333335,0.07996185650939538,27,304.3377777777778,interpolation,0 days 00:00:04.937000,4.937,4389.057,1.0
2024-03-01 16:59:44.830,0 days 01:13:09.157000,-205.57797712376964,5663.54818444856,-150.2974510111774,,320.33333390222174,11321.333330488891,100.0,0,12,8,438.83335735748074,0.08160765134901764,27,296.95998740860335,interpolation,0 days 00:00:05.037000,5.037,4389.157,1.0
2024-03-01 16:59:44.930,0 days 01:13:09.257000,-201.8228792367958,5775.34678200721,-149.7561777159397,,320.66666609777826,11319.666669511109,100.0,0,12,8,448.95752955648976,0.08349039317153842,27,289.58223481361887,interpolation,0 days 00:00:05.137000,5.137,4389.257,1.0
2024-03-01 16:59:45.030,0 days 01:13:09.357000,-199.0,5865.0,-149.0,,321.0,11318.0,100.0,0,12,8,458.51666666666665,0.08526805823597722,27,282.20444444444445,interpolation,0 days 00:00:05.237000,5.237,4389.357,1.0
2024-03-01 16:59:45.130,0 days 01:13:09.457000,-197.0,5936.0,-148.0,,321.0,11310.75001856,100.0,0,12,8,467.2041255959822,0.08688362165549858,27,276.17945986844444,interpolation,0 days 00:00:05.337000,5.337,4389.457,1.0
2024-03-01 16:59:45.230,0 days 01:13:09.557000,-193.90131112628762,6042.70310311012,-146.95878692696007,,321.0,11303.5,100.0,0,12,8,475.0199953042435,0.08833709997351427,27,270.15444444444444,interpolation,0 days 00:00:05.437000,5.437,4389.557,1.0
2024-03-01 16:59:45.330,0 days 01:13:09.657000,-189.66735795940312,6185.2347486161625,-145.92635743355405,,321.0,11296.25001856,100.0,0,12,8,482.6091596057148,0.08974841901743183,27,264.1294598684444,interpolation,0 days 00:00:05.537000,5.537,4389.657,1.0
2024-03-01 16:59:45.430,0 days 01:13:09.757000,-186.0,6310.0,-145.0,,321.0,11289.0,100.0,0,12,8,490.6166666666667,0.09123753517838179,27,258.1044444444444,interpolation,0 days 00:00:05.637000,5.637,4389.757,1.0
2024-03-01 16:59:45.530,0 days 01:13:09.857000,-183.1829228573272,6408.064923220099,-144.19594048251386,,321.0,11288.25000192,100.0,0,12,8,499.04243449043645,0.09280443320785367,27,251.6877942044444,interpolation,0 days 00:00:05.737000,5.737,4389.857,1.0
2024-03-01 16:59:45.630,0 days 01:13:09.957000,-181.21609768444097,6479.430522463843,-143.5141706475051,,321.0,11287.5,100.0,0,12,8,507.8865493571077,0.09444912915092445,27,245.27111111111105,interpolation,0 days 00:00:05.837000,5.837,4389.957,1.0
2024-03-01 16:59:45.730,0 days 01:13:10.057000,-179.64123390933685,6541.830472635607,-142.8253193287438,,321.0,11286.75000192,100.0,0,12,8,517.0123438918936,0.09614620765735829,27,238.85446087111103,interpolation,0 days 00:00:05.937000,5.937,4390.057,1.0
2024-03-01 16:59:45.830,0 days 01:13:10.157000,-178.0,6613.0,-142.0,,321.0,11286.0,100.0,0,12,8,526.2833333333334,0.0978702873366091,27,232.43777777777768,interpolation,0 days 00:00:06.037000,6.037,4390.157,1.0
2024-03-01 16:59:45.930,0 days 01:13:10.257000,-176.29241276262277,6692.938375782931,-141.03822111252208,,321.0,11293.666653582211,100.0,0,12,8,535.6994227467383,0.0996213505341462,27,225.83038164702188,interpolation,0 days 00:00:06.137000,6.137,4390.257,1.0
2024-03-01 16:59:46.030,0 days 01:13:10.357000,-174.0,6790.0,-140.0,,321.0,11301.333346417789,100.0,0,12,8,545.2439944191798,0.10139630693675576,27,219.2229516863113,interpolation,0 days 00:00:06.237000,6.237,4390.357,1.0
2024-03-01 16:59:46.130,0 days 01:13:10.457000,-170.60433047492165,6912.537460187099,-138.94537447612055,,321.0,11309.0,100.0,0,12,8,554.8166666666667,0.10317648906319093,27,212.6155555555555,interpolation,0 days 00:00:06.337000,6.337,4390.457,1.0
2024-03-01 16:59:46.230,0 days 01:13:10.557000,-166.3827976549417,7052.880610187118,-137.8980129294136,,321.0,11303.999991466673,100.0,0,12,8,564.4008233796831,0.10495880689841657,27,206.2451743130956,interpolation,0 days 00:00:06.437000,6.437,4390.557,1.0
2024-03-01 16:59:46.330,0 days 01:13:10.657000,-163.0,7165.0,-137.0,,321.0,11299.000008533327,100.0,0,12,8,573.9682117159881,0.10673800640223599,27,199.8748256869042,interpolation,0 days 00:00:06.537000,6.537,4390.657,1.0
2024-03-01 16:59:46.430,0 days 01:13:10.757000,-160.73333110946245,7241.225376787274,-136.27500568012636,,321.0,11294.0,100.0,0,12,8,583.3500000000001,0.1084826907897728,27,193.5044444444443,interpolation,0 days 00:00:06.637000,6.637,4390.757,1.0
2024-03-01 16:59:46.530,0 days 01:13:10.857000,-159.58281419395897,7281.5559600030765,-135.72303739371546,,317.50000896,11290.50000896,100.0,0,12,8,592.5179374617262,0.11018760640619589,27,187.86556999111093,interpolation,0 days 00:00:06.737000,6.737,4390.857,1.0
2024-03-01 16:59:46.630,0 days 01:13:10.957000,-158.6408825014774,7311.108806417271,-135.30954785044776,,314.0,11287.0,100.0,0,12,8,600.7944444444446,0.11172674714130452,27,182.22666666666646,interpolation,0 days 00:00:06.837000,6.837,4390.957,1.0
2024-03-01 16:59:46.730,0 days 01:13:11.057000,-157.0,7355.0,-135.0,,297.00004352,10727.0014336,50.000128000000004,1,8,8,607.5017626603121,0.1129740736657591,27,178.56000938666645,interpolation,0 days 00:00:06.937000,6.937,4391.057,0.0
2024-03-01 16:59:46.830,0 days 01:13:11.157000,-154.66014988684697,7413.229990198237,-134.79439067259415,,280.0,10167.0,0.0,1,8,8,613.238888888889,0.1140409784239259,27,174.8933333333331,interpolation,0 days 00:00:07.037000,7.037,4391.157,0.0
2024-03-01 16:59:46.930,0 days 01:13:11.257000,-151.63429074614388,7485.608702618509,-134.61550107170345,,263.50004223999997,9964.75051776,0.0,1,8,8,618.6046924785913,0.11503883016243678,27,172.36556202666642,interpolation,0 days 00:00:07.137000,7.137,4391.257,0.0
2024-03-01 16:59:47.030,0 days 01:13:11.357000,-148.0,7571.0,-134.0,,247.0,9762.5,0.0,1,8,8,623.5992283753924,0.11596763909932045,27,169.83777777777755,interpolation,0 days 00:00:07.237000,7.237,4391.357,0.0
2024-03-01 16:59:47.130,0 days 01:13:11.457000,-144.0,7663.0,-133.0,,230.50004224,9560.25051776,0.0,1,8,8,629.3580085378358,0.11703857073159714,27,167.31000647111088,interpolation,0 days 00:00:07.337000,7.337,4391.457,0.0
2024-03-01 16:59:47.230,0 days 01:13:11.557000,-141.01276462384374,7724.328147657851,-132.39146030382904,,214.0,9358.0,0.0,1,8,8,637.0166666666668,0.1184628131960774,27,164.782222222222,interpolation,0 days 00:00:07.437000,7.437,4391.557,0.0
2024-03-01 16:59:47.330,0 days 01:13:11.657000,-139.0,7762.0,-132.0,,200.0,8847.0,0.0,1,8,8,645.9055555555557,0.12011583554080696,27,161.44888888888863,interpolation,0 days 00:00:07.537000,7.537,4391.657,0.0
2024-03-01 16:59:47.430,0 days 01:13:11.757000,-137.693610544523,7789.245657630861,-131.52190079526332,,195.99999317333916,8974.666884550925,0.0,1,8,8,652.0073192536502,0.12125055011101804,27,160.1599978002979,interpolation,0 days 00:00:07.637000,7.637,4391.757,0.0
2024-03-01 16:59:47.530,0 days 01:13:11.857000,-135.0,7832.0,-131.0,,192.00000682666084,9102.333115449075,0.0,1,8,8,655.163243511282,0.12183744160908376,27,158.8711133108127,interpolation,0 days 00:00:07.737000,7.737,4391.857,0.0
2024-03-01 16:59:47.630,0 days 01:13:11.957000,-128.82553114895913,7916.198623357652,-130.4771246845908,,188.0,9230.0,0.0,1,8,8,658.438888888889,0.12244659704687562,27,157.58222222222196,interpolation,0 days 00:00:07.837000,7.837,4391.957,0.0
2024-03-01 16:59:47.730,0 days 01:13:12.057000,-122.0,8005.0,-130.0,,167.50005248,9448.99943936,0.0,1,8,8,662.3451388580518,0.1231730228762272,27,157.1100012088886,interpolation,0 days 00:00:07.937000,7.937,4392.057,0.0
2024-03-01 16:59:47.830,0 days 01:13:12.157000,-117.3530694417607,8061.564373742616,-129.61534085719398,,147.0,9668.0,0.0,1,8,8,666.6055555555556,0.12396531132609588,27,156.6377777777775,interpolation,0 days 00:00:08.037000,8.037,4392.157,0.0
2024-03-01 16:59:47.930,0 days 01:13:12.257000,-114.88478705868832,8085.891165367795,-129.32315119507228,,138.00002304,9347.50082048,0.0,1,8,7,670.943617491534,0.12477203907380756,27,157.00291573191086,interpolation,0 days 00:00:08.137000,8.137,4392.257,0.0
2024-03-01 16:59:48.030,0 days 01:13:12.357000,-114.01305696934602,8083.602752047581,-129.12337257426506,,129.0,9027.0,0.0,1,8,7,675.1697222222223,0.1255579466982945,27,157.36805555555532,interpolation,0 days 00:00:08.237000,8.237,4392.357,0.0
2024-03-01 16:59:48.130,0 days 01:13:12.457000,-111.24549426514164,8088.43163775399,-129.0156743592985,,126.33333788444833,9122.333170630973,0.0,1,8,4,679.0941796067915,0.1262877584699031,27,158.04953587397404,interpolation,0 days 00:00:08.337000,8.337,4392.457,0.0
2024-03-01 16:59:48.230,0 days 01:13:12.557000,-106.0,8106.0,-129.0,,123.66666211555167,9217.666829369027,0.0,1,8,4,682.7044788548237,0.1269591478193208,27,158.73101968158096,interpolation,0 days 00:00:08.437000,8.437,4392.557,0.0
2024-03-01 16:59:48.330,0 days 01:13:12.657000,-98.27662788764486,8136.30765888604,-129.07634965687464,,121.0,9313.0,0.0,1,8,4,685.9252777777779,0.12755810373541726,27,159.41249999999968,interpolation,0 days 00:00:08.537000,8.537,4392.657,0.0
2024-03-01 16:59:48.430,0 days 01:13:12.757000,-86.0,8174.0,-129.0,,112.66665244445659,8938.99936170721,0.0,1,8,2,688.7440583797564,0.12808229830891285,27,160.86435432967653,interpolation,0 days 00:00:08.637000,8.637,4392.757,0.0
2024-03-01 16:59:48.530,0 days 01:13:12.857000,-67.0949432089105,8213.721712610064,-128.52622769945452,,104.33334755554341,8565.00063829279,0.0,1,8,2,691.1848407066747,0.12853619842797726,27,162.31620122587822,interpolation,0 days 00:00:08.737000,8.737,4392.857,0.0
2024-03-01 16:59:48.630,0 days 01:13:12.957000,-48.0,8248.0,-128.0,,96.0,8191.0,0.0,1,8,2,693.3919444444446,0.1289466425049901,27,163.76805555555507,interpolation,0 days 00:00:08.837000,8.837,4392.957,0.0
2024-03-01 16:59:48.730,0 days 01:13:13.057000,-35.15410197877414,8269.36130769361,-127.76629438639164,,93.5000064,7922.50068736,0.0,1,8,2,695.3893959025368,0.12931809859292323,27,165.1680519715551,interpolation,0 days 00:00:08.937000,8.937,4393.057,0.0
2024-03-01 16:59:48.830,0 days 01:13:13.157000,-28.557117602942654,8277.8058544312,-127.82510846548013,,91.0,7654.0,0.0,1,8,2,697.4363888888889,0.12969876767184202,27,166.56805555555513,interpolation,0 days 00:00:09.037000,9.037,4393.157,0.0
2024-03-01 16:59:48.930,0 days 01:13:13.257000,-22.181623065641286,8282.347417633164,-127.97136831182912,,90.00000256,7500.00039424,0.0,1,8,2,699.7920757963241,0.13013684302004944,27,168.45693960888855,interpolation,0 days 00:00:09.137000,9.137,4393.257,0.0
2024-03-01 16:59:49.030,0 days 01:13:13.357000,-10.0,8292.0,-128.0,,89.0,7346.0,0.0,1,8,2,702.3808333333334,0.13061826135109783,27,170.34583333333308,interpolation,0 days 00:00:09.237000,9.237,4393.357,0.0
2024-03-01 16:59:49.130,0 days 01:13:13.457000,7.987626854480343,8306.763502689519,-127.911003236805,,85.00001024,6964.00097792,0.0,1,8,2,705.1269875773023,0.1311289499629252,27,173.17915941333305,interpolation,0 days 00:00:09.337000,9.337,4393.457,0.0
2024-03-01 16:59:49.230,0 days 01:13:13.557000,29.0,8322.0,-128.0,,81.0,6582.0,0.0,1,8,2,707.7808333333334,0.13162247242552103,27,176.0124999999997,interpolation,0 days 00:00:09.437000,9.437,4393.557,0.0
2024-03-01 16:59:49.330,0 days 01:13:13.657000,50.2554625788932,8333.071259029832,-128.5626122673397,,78.5000064,6512.0001792,0.0,1,8,2,710.0926101105317,0.1320523820257538,27,178.59582671999968,interpolation,0 days 00:00:09.537000,9.537,4393.657,0.0
2024-03-01 16:59:49.430,0 days 01:13:13.757000,71.36577527807083,8340.23091358646,-129.47565718269877,,76.0,6442.0,0.0,1,8,2,712.0030555555555,0.13240765803926755,27,181.17916666666633,interpolation,0 days 00:00:09.637000,9.637,4393.757,0.0
2024-03-01 16:59:49.530,0 days 01:13:13.857000,90.0,8345.0,-130.0,,74.66666894222416,6348.666825955692,0.0,1,8,2,713.452864079499,0.13267727170140406,27,183.41064433974947,interpolation,0 days 00:00:09.737000,9.737,4393.857,0.0
2024-03-01 16:59:49.630,0 days 01:13:13.957000,105.76987059010693,8347.632087543512,-130.01245747123914,,73.33333105777584,6255.333174044308,0.0,1,8,2,714.6478797982746,0.13289950281601595,27,185.64213343802754,interpolation,0 days 00:00:09.837000,9.837,4393.957,0.0
2024-03-01 16:59:49.730,0 days 01:13:14.057000,125.0,8347.0,-130.0,,72.0,6162.0,0.0,0,8,2,716.8230555555556,0.13330400940569717,27,187.87361111111068,car,0 days 00:00:09.937000,9.937,4394.057,0.0
2024-03-01 16:59:49.830,0 days 01:13:14.157000,154.01535958143168,8341.976581632383,-130.4495979898728,,70.0,5781.0,0.0,0,8,2,719.9341666666667,0.1338825672263525,27,192.49583333333294,interpolation,0 days 00:00:10.037000,10.037,4394.157,0.0
2024-03-01 16:59:49.930,0 days 01:13:14.257000,182.0,8336.0,-131.0,,69.25000192,5884.24973568,5.999984639999999,0,8,2,722.480736707549,0.1343561401591022,27,195.41249253333297,interpolation,0 days 00:00:10.137000,10.137,4394.257,0.0
2024-03-01 16:59:50.030,0 days 01:13:14.357000,198.13855560106325,8332.508310022231,-131.2899648295193,,68.5,5987.5,11.999999999999998,0,8,2,724.212715526779,0.13467822762409057,27,198.3291666666663,interpolation,0 days 00:00:10.237000,10.237,4394.357,0.0
2024-03-01 16:59:50.130,0 days 01:13:14.457000,202.43086112623521,8331.501547453889,-131.31948950919855,,67.75000192,6090.74973568,17.999984639999997,0,8,2,725.6665214981731,0.13494858467159732,27,201.24582586666634,interpolation,0 days 00:00:10.337000,10.337,4394.457,0.0
2024-03-01 16:59:50.230,0 days 01:13:14.557000,207.5077924082947,8327.24398299858,-131.4392707142791,,67.0,6194.0,24.0,0,8,2,727.3786111111111,0.1352669734400635,27,204.16249999999968,interpolation,0 days 00:00:10.437000,10.437,4394.557,0.0
2024-03-01 16:59:50.330,0 days 01:13:14.657000,226.0,8314.0,-132.0,,68.66666382221979,6414.332957297457,27.33332764443959,0,8,2,729.34896683384,0.13563339066919633,27,207.1254579061682,interpolation,0 days 00:00:10.537000,10.537,4394.657,0.0
2024-03-01 16:59:50.430,0 days 01:13:14.757000,257.9076732619484,8291.769462839477,-133.00168310824097,,70.33333617778021,6634.667042702543,30.666672355560408,0,8,2,731.5458416031233,0.1360419325159436,27,210.08843098272007,interpolation,0 days 00:00:10.637000,10.637,4394.757,0.0
2024-03-01 16:59:50.530,0 days 01:13:14.857000,289.0,8270.0,-134.0,,72.0,6855.0,34.0,0,8,2,733.7786111111111,0.13645714952826876,27,213.0513888888886,interpolation,0 days 00:00:10.737000,10.737,4394.857,0.0
2024-03-01 16:59:50.630,0 days 01:13:14.957000,305.04681313971395,8258.138789404755,-134.55065111626638,,74.5000064,7037.75046784,36.75000704,0,8,2,736.0155309816907,0.1368731383628305,27,215.66250668444414,interpolation,0 days 00:00:10.837000,10.837,4394.957,0.0
2024-03-01 16:59:50.730,0 days 01:13:15.057000,308.936437985644,8254.059137106315,-134.73041472077594,,77.0,7220.5,39.5,0,8,2,738.2565783088614,0.1372898947599141,27,218.27361111111077,interpolation,0 days 00:00:10.937000,10.937,4395.057,0.0
2024-03-01 16:59:50.830,0 days 01:13:15.157000,318.0,8245.0,-135.0,,79.5000064,7403.25046784,42.25000704,0,8,2,740.5364314771574,0.13771386768577734,27,220.8847289066663,interpolation,0 days 00:00:11.037000,11.037,4395.157,0.0
2024-03-01 16:59:50.930,0 days 01:13:15.257000,335.12589599564456,8228.834655445226,-135.4361880957813,,82.0,7586.0,45.0,0,8,2,742.8897222222222,0.13815149743161653,27,223.49583333333294,interpolation,0 days 00:00:11.137000,11.137,4395.257,0.0
2024-03-01 16:59:51.030,0 days 01:13:15.357000,355.0,8210.0,-136.0,,85.00000768,8286.001792,49.00001024,0,8,2,745.316474641815,0.1386027884787718,27,226.0791732799996,interpolation,0 days 00:00:11.237000,11.237,4395.357,0.0
2024-03-01 16:59:51.130,0 days 01:13:15.457000,372.30780716066545,8192.933288622176,-136.65244646454045,,88.0,8986.0,53.0,0,8,2,747.7786111111111,0.13906065972121778,27,228.66249999999957,interpolation,0 days 00:00:11.337000,11.337,4395.457,0.0
2024-03-01 16:59:51.230,0 days 01:13:15.557000,387.2467280904988,8177.511753440328,-137.3687278312303,,91.6666729244391,8995.66668316443,55.33333731555216,0,8,2,750.2381040675089,0.13951803936275123,27,230.94398537520615,interpolation,0 days 00:00:11.437000,11.437,4395.557,0.0
2024-03-01 16:59:51.330,0 days 01:13:15.657000,401.0,8163.0,-138.0,,95.3333270755609,9005.33331683557,57.66666268444784,0,8,2,752.7315394167082,0.13998173110182976,27,233.22545906923753,interpolation,0 days 00:00:11.537000,11.537,4395.657,0.0
2024-03-01 16:59:51.430,0 days 01:13:15.757000,413.7649971035635,8149.275286592537,-138.5214630958526,,99.0,9015.0,60.0,0,8,2,755.478611111111,0.14049259032733974,27,235.50694444444412,interpolation,0 days 00:00:11.637000,11.637,4395.757,0.0
2024-03-01 16:59:51.530,0 days 01:13:15.857000,431.0,8131.0,-139.0,,103.49998848,9484.49879808,67.99997952,0,8,2,758.5159021116189,0.14105742019010936,27,237.81249409777743,interpolation,0 days 00:00:11.737000,11.737,4395.857,0.0
2024-03-01 16:59:51.630,0 days 01:13:15.957000,458.16359648828404,8102.836199324285,-139.50250383365412,,108.0,9954.0,76.0,0,8,2,761.478611111111,0.1416083804100322,27,240.1180555555552,interpolation,0 days 00:00:11.837000,11.837,4395.957,0.0
2024-03-01 16:59:51.730,0 days 01:13:16.057000,486.0,8074.0,-140.0,,111.33332764443959,10247.666165475128,77.33333105777584,0,8,2,764.0018753624726,0.1420776192813125,27,241.89583029925637,interpolation,0 days 00:00:11.937000,11.937,4396.057,0.0
2024-03-01 16:59:51.830,0 days 01:13:16.157000,505.2539871666137,8053.706933781875,-140.4635241422227,,114.66667235556041,10541.333834524872,78.66666894222416,0,8,2,766.2651832602994,0.14249851536572494,27,243.6736141451875,interpolation,0 days 00:00:12.037000,12.037,4396.157,0.0
2024-03-01 16:59:51.930,0 days 01:13:16.257000,523.0,8036.0,-141.0,,118.0,10835.0,80.0,0,8,2,769.3452777777777,0.14307130518511785,27,245.4513888888887,car,0 days 00:00:12.137000,12.137,4396.257,0.0
2024-03-01 16:59:52.030,0 days 01:13:16.357000,546.3128593921334,8014.921808864418,-141.71636155301377,,122.50001152,10704.49966592,81.00000256,0,8,2,773.4216530114579,0.14382936836163007,27,248.01806212622196,interpolation,0 days 00:00:12.237000,12.237,4396.357,0.0
2024-03-01 16:59:52.130,0 days 01:13:16.457000,575.4546917833093,7990.844567932253,-142.5360765530749,,127.0,10574.0,82.0,0,8,2,777.8119444444444,0.14464580896847273,27,250.5847222222219,interpolation,0 days 00:00:12.337000,12.337,4396.457,0.0
2024-03-01 16:59:52.230,0 days 01:13:16.557000,612.0,7966.0,-143.0,,133.00001536,10409.99958016,82.0,0,8,3,781.833874258503,0.14539374720177467,27,252.47361594666637,interpolation,0 days 00:00:12.437000,12.437,4396.557,0.0
2024-03-01 16:59:52.330,0 days 01:13:16.657000,656.2107749825723,7940.760351192385,-143.03160223055966,,139.0,10246.0,82.0,0,8,3,785.5341666666666,0.14608187213045654,27,254.36249999999973,interpolation,0 days 00:00:12.537000,12.537,4396.657,0.0
2024-03-01 16:59:52.430,0 days 01:13:16.757000,698.0,7919.0,-143.0,,142.00000768,10554.50078976,83.2500032,0,8,3,788.9596249575159,0.14671888752872425,27,255.96250409599972,interpolation,0 days 00:00:12.637000,12.637,4396.757,0.0
2024-03-01 16:59:52.530,0 days 01:13:16.857000,727.2797776813926,7904.593806193452,-143.2743100635584,,145.0,10863.0,84.5,0,8,3,792.1102140544476,0.1473047868735568,27,257.5624999999997,interpolation,0 days 00:00:12.737000,12.737,4396.857,0.0
2024-03-01 16:59:52.630,0 days 01:13:16.957000,747.9046876327978,7896.447890298374,-143.77223805076946,,148.00000768,11171.50078976,85.7500032,0,8,3,795.7477987854923,0.14798125036819898,27,259.16250409599974,interpolation,0 days 00:00:12.837000,12.837,4396.957,0.0
2024-03-01 16:59:52.730,0 days 01:13:17.057000,783.0,7888.0,-144.0,,151.0,11480.0,87.0,0,8,3,800.6341666666666,0.14888994383856585,27,260.7624999999997,car,0 days 00:00:12.937000,12.937,4397.057,0.0
2024-03-01 16:59:52.830,0 days 01:13:17.157000,836.4203539403409,7878.156316837126,-143.8753010641284,,154.50000896,11216.49932544,85.99999744,0,8,3,806.7693677344984,0.15003087658970096,27,263.25139526044416,interpolation,0 days 00:00:13.037000,13.037,4397.157,0.0
2024-03-01 16:59:52.930,0 days 01:13:17.257000,903.4724255624569,7867.774518062888,-143.44608447259398,,158.0,10953.0,85.0,0,8,3,812.9230555555555,0.15117524723015444,27,265.74027777777746,interpolation,0 days 00:00:13.137000,13.137,4397.257,0.0
2024-03-01 16:59:53.030,0 days 01:13:17.357000,956.0,7862.0,-143.0,,161.6666729244391,10933.333299768918,90.00000853332605,0,8,3,817.865009534605,0.15209427776997875,27,267.19213210745437,interpolation,0 days 00:00:13.237000,13.237,4397.357,0.0
2024-03-01 16:59:53.130,0 days 01:13:17.457000,989.3097625036456,7861.690398233459,-142.58499416676537,,165.3333270755609,10913.666700231082,94.99999146667395,0,8,3,821.8122773232951,0.15282833147870406,27,268.64397900365617,interpolation,0 days 00:00:13.337000,13.337,4397.457,0.0
2024-03-01 16:59:53.230,0 days 01:13:17.557000,1021.0,7865.0,-142.0,,169.0,10894.0,100.0,0,8,3,826.0674999999999,0.15361965402242325,27,270.0958333333331,interpolation,0 days 00:00:13.437000,13.437,4397.557,0.0
2024-03-01 16:59:53.330,0 days 01:13:17.657000,1068.6683338152811,7870.083061816493,-141.04396076681343,,173.33332593777146,10941.333252551041,100.0,0,8,4,830.8477322484785,0.15450860997839305,27,271.3402756539238,interpolation,0 days 00:00:13.537000,13.537,4397.657,0.0
2024-03-01 16:59:53.430,0 days 01:13:17.757000,1120.0,7876.0,-140.0,,177.66667406222854,10988.666747448959,100.0,0,8,4,835.9574369689861,0.15545883628716464,27,272.58472434607546,interpolation,0 days 00:00:13.637000,13.637,4397.757,0.0
2024-03-01 16:59:53.530,0 days 01:13:17.857000,1162.6792208448908,7881.81111822763,-139.1512617123475,,182.0,11036.0,100.0,0,8,4,840.2230555555554,0.15625209210640503,27,273.8291666666662,interpolation,0 days 00:00:13.737000,13.737,4397.857,0.0
2024-03-01 16:59:53.630,0 days 01:13:17.957000,1200.1418691513315,7888.170256589554,-138.38224384729102,,183.00000256,11292.00065536,100.0,0,8,4,843.4490456388031,0.15685201339669702,27,274.91805834311066,interpolation,0 days 00:00:13.837000,13.837,4397.957,0.0
2024-03-01 16:59:53.730,0 days 01:13:18.057000,1253.0,7899.0,-137.0,,184.0,11548.0,100.0,0,8,4,848.4008333333333,0.15777287266355625,27,276.006944444444,car,0 days 00:00:13.937000,13.937,4398.057,0.0
2024-03-01 16:59:53.830,0 days 01:13:18.157000,1324.689590424661,7914.95423994,-134.88902265079682,,189.0,11858.0,100.0,0,8,4,856.8008333333332,0.15933497877932565,27,278.1402777777773,interpolation,0 days 00:00:14.037000,14.037,4398.157,0.0
2024-03-01 16:59:53.930,0 days 01:13:18.257000,1409.7030689599815,7934.7843843233295,-132.21812079519412,,190.99999658666374,11415.334088818423,100.0,0,8,4,862.3904420634846,0.1603744504438646,27,279.14027607110927,interpolation,0 days 00:00:14.137000,14.137,4398.257,0.0
2024-03-01 16:59:54.030,0 days 01:13:18.357000,1475.0,7951.0,-130.0,,193.00000341333626,10972.665911181577,100.0,0,8,4,864.9923474180279,0.16085831380898194,27,280.1402794844456,interpolation,0 days 00:00:14.237000,14.237,4398.357,0.0
2024-03-01 16:59:54.130,0 days 01:13:18.457000,1515.0728775400485,7962.35249220731,-128.40347035787315,,195.0,10530.0,100.0,0,8,4,869.8008333333332,0.1617525239584926,27,281.14027777777756,car,0 days 00:00:14.337000,14.337,4398.457,0.0
2024-03-01 16:59:54.230,0 days 01:13:18.557000,1549.0,7974.0,-127.0,,201.00001536,10705.000448,100.0,0,8,4,877.6816748658664,0.1632180847627045,27,282.57917035022194,interpolation,0 days 00:00:14.437000,14.437,4398.557,0.0
2024-03-01 16:59:54.330,0 days 01:13:18.657000,1595.858908039193,7991.100426912717,-125.36108777758034,,207.0,10880.0,100.0,0,8,4,885.9008333333333,0.164746560680384,27,284.0180555555552,interpolation,0 days 00:00:14.537000,14.537,4398.657,0.0
2024-03-01 16:59:54.430,0 days 01:13:18.757000,1655.6086469774546,8012.580570451495,-123.44483811276149,,210.00000511999562,11000.333538702047,100.0,0,8,5,891.7244349173955,0.16582954682922546,27,284.7040752448777,interpolation,0 days 00:00:14.637000,14.637,4398.757,0.0
2024-03-01 16:59:54.530,0 days 01:13:18.857000,1728.0,8032.0,-121.0,,212.99999488000438,11120.666461297953,100.0,0,8,5,895.6030846519693,0.16655083998057127,27,285.3900914217884,interpolation,0 days 00:00:14.737000,14.737,4398.857,0.0
2024-03-01 16:59:54.630,0 days 01:13:18.957000,1812.9922738794394,8048.285536810883,-117.98466960874379,,216.0,11241.0,100.0,0,8,5,900.2408333333332,0.16741329897801893,27,286.0761111111109,interpolation,0 days 00:00:14.837000,14.837,4398.957,0.0
2024-03-01 16:59:54.730,0 days 01:13:19.057000,1905.942633030734,8061.275396712778,-114.5941444936644,,217.74999552,11311.24982016,100.0,0,8,5,906.0882981385066,0.1685007228511032,27,286.9927754311109,interpolation,0 days 00:00:14.937000,14.937,4399.057,0.0
2024-03-01 16:59:54.830,0 days 01:13:19.157000,1979.0,8070.0,-112.0,,219.5,11381.5,100.0,0,8,5,913.1455389456826,0.16981312273507307,27,287.90944444444426,interpolation,0 days 00:00:15.037000,15.037,4399.157,0.0
2024-03-01 16:59:54.930,0 days 01:13:19.257000,2027.5216614153323,8074.297639924944,-110.39752936948955,,221.24999552,11451.74982016,100.0,0,8,5,920.564280948464,0.171192749193866,27,288.82610876444426,interpolation,0 days 00:00:15.137000,15.137,4399.257,0.0
2024-03-01 16:59:55.030,0 days 01:13:19.357000,2051.5081141398177,8074.168360495558,-109.78671619279187,,223.0,11522.0,100.0,0,8,5,927.4963888888886,0.1724818787425459,27,289.74277777777763,interpolation,0 days 00:00:15.237000,15.237,4399.357,0.0
2024-03-01 16:59:55.130,0 days 01:13:19.457000,2074.2403305943853,8071.954900818379,-109.28255003969892,,224.99999488,11653.99966208,100.0,0,8,5,933.9417917823536,0.1736804981804601,27,290.5205535644442,interpolation,0 days 00:00:15.337000,15.337,4399.457,0.0
2024-03-01 16:59:55.230,0 days 01:13:19.557000,2119.0,8070.0,-108.0,,227.0,11786.0,100.0,0,8,5,940.1074999999998,0.17482710419413094,27,291.29833333333295,interpolation,0 days 00:00:15.437000,15.437,4399.557,0.0
2024-03-01 16:59:55.330,0 days 01:13:19.657000,2184.0,8068.0,-106.0,,229.66666211555167,11414.66730040943,100.0,0,8,5,946.2003947751804,0.17596016945497012,27,291.86870273027046,interpolation,0 days 00:00:15.537000,15.537,4399.657,0.0
2024-03-01 16:59:55.430,0 days 01:13:19.757000,2258.5209206055492,8064.1327964386055,-103.648057436962,,232.33333788444833,11043.33269959057,100.0,0,8,5,952.2446951365997,0.17708419785498447,27,292.4390750475068,interpolation,0 days 00:00:15.637000,15.637,4399.757,0.0
2024-03-01 16:59:55.530,0 days 01:13:19.857000,2337.801567830182,8058.4407705588865,-101.10832179557772,,235.0,10672.0,100.0,0,8,5,958.3852777777776,0.17822613139048105,27,293.0094444444443,interpolation,0 days 00:00:15.737000,15.737,4399.857,0.0
2024-03-01 16:59:55.630,0 days 01:13:19.957000,2404.0,8053.0,-99.0,,237.00000512,10739.5001728,100.0,0,8,6,964.6463622157462,0.17939047404427866,27,293.5372235733331,interpolation,0 days 00:00:15.837000,15.837,4399.957,0.0
2024-03-01 16:59:55.730,0 days 01:13:20.057000,2454.1417723694203,8048.156560176858,-97.4263182472241,,239.0,10807.0,100.0,0,8,6,971.6630555555554,0.18069533351792083,27,294.0649999999997,interpolation,0 days 00:00:15.937000,15.937,4400.057,0.0
2024-03-01 16:59:55.830,0 days 01:13:20.157000,2523.0,8039.0,-95.0,,241.5000064,10955.50038016,100.0,0,8,6,980.0706008667175,0.1822588427975845,27,294.631668117333,interpolation,0 days 00:00:16.037000,16.037,4400.157,0.0
2024-03-01 16:59:55.930,0 days 01:13:20.257000,2630.0,8023.0,-91.0,,244.0,11104.0,100.0,0,8,6,987.929722222222,0.18372036440877587,27,295.1983333333329,interpolation,0 days 00:00:16.137000,16.137,4400.257,0.0
2024-03-01 16:59:56.030,0 days 01:13:20.357000,2683.062605945627,8014.436447752584,-89.42345330970332,,246.00000341333043,11139.666727537726,100.0,0,14,6,993.3013102656724,0.18471929185330777,27,295.51074127391524,interpolation,0 days 00:00:16.237000,16.237,4400.357,1.0
2024-03-01 16:59:56.130,0 days 01:13:20.457000,2710.0,8009.0,-89.0,,247.99999658666957,11175.333272462274,100.0,0,14,6,997.0835352379542,0.18542265337240504,27,295.8231476149729,interpolation,0 days 00:00:16.337000,16.337,4400.457,1.0
2024-03-01 16:59:56.230,0 days 01:13:20.557000,2753.9717629195056,8000.001181864403,-87.7930693428549,,250.0,11211.0,100.0,0,14,6,1004.6658333333331,0.18683269554221196,27,296.13555555555524,interpolation,0 days 00:00:16.437000,16.437,4400.557,1.0
2024-03-01 16:59:56.330,0 days 01:13:20.657000,2817.4199089555273,7986.960468516411,-85.79947453222931,,250.0,11351.0,100.0,0,12,6,1015.7769444444442,0.1888989734731239,27,296.66888888888855,interpolation,0 days 00:00:16.537000,16.537,4400.657,1.0
2024-03-01 16:59:56.430,0 days 01:13:20.757000,2915.0,7967.0,-83.0,,252.00000341333043,11421.333453368787,100.0,0,12,6,1023.4004762115817,0.1903166836632677,27,296.66888888888866,interpolation,0 days 00:00:16.637000,16.637,4400.757,1.0
2024-03-01 16:59:56.530,0 days 01:13:20.857000,3049.153501356433,7939.6403637328,-79.3914752477358,,253.99999658666957,11491.666546631213,100.0,0,12,6,1027.2744073695462,0.19103709932444937,27,296.6688888888888,interpolation,0 days 00:00:16.737000,16.737,4400.857,1.0
2024-03-01 16:59:56.630,0 days 01:13:20.957000,3180.0,7913.0,-76.0,,256.0,11562.0,100.0,0,12,6,1032.8436111111107,0.19207277637500458,27,296.6688888888889,interpolation,0 days 00:00:16.837000,16.837,4400.957,1.0
2024-03-01 16:59:56.730,0 days 01:13:21.057000,3267.6563693065727,7895.197902046639,-73.85174566134138,,258.4999936,11590.49992704,100.0,0,12,6,1041.0154949179785,0.19359246085977427,27,296.3688896568888,interpolation,0 days 00:00:16.937000,16.937,4401.057,1.0
2024-03-01 16:59:56.830,0 days 01:13:21.157000,3312.1235068794094,7886.233887578825,-72.94669023358594,,261.0,11619.0,100.0,0,12,6,1050.2436111111108,0.1953085676148127,27,296.06888888888875,interpolation,0 days 00:00:17.037000,17.037,4401.157,1.0
2024-03-01 16:59:56.930,0 days 01:13:21.257000,3340.528635012436,7880.65298052162,-72.56829480904098,,262.3333310577758,11321.333841351545,100.0,0,12,6,1058.9813338355268,0.19693347834168268,27,295.3577789914083,interpolation,0 days 00:00:17.137000,17.137,4401.257,1.0
2024-03-01 16:59:57.030,0 days 01:13:21.357000,3380.0,7873.0,-72.0,,263.6666689422242,11023.666158648455,100.0,0,12,6,1067.0969054232437,0.19844269072384182,27,294.6466654530358,interpolation,0 days 00:00:17.237000,17.237,4401.357,1.0
2024-03-01 16:59:57.130,0 days 01:13:21.457000,3430.5371976563583,7863.2750243802875,-71.24181162578697,,265.0,10726.0,100.0,0,12,6,1073.7991666666665,0.19968907682834602,27,293.9355555555553,interpolation,0 days 00:00:17.337000,17.337,4401.457,1.0
2024-03-01 16:59:57.230,0 days 01:13:21.557000,3497.0,7850.0,-70.0,,267.33333731555217,10754.000047786625,100.0,0,12,7,1078.9563390546436,0.20064813046255275,27,293.02444288948266,interpolation,0 days 00:00:17.437000,17.437,4401.557,1.0
2024-03-01 16:59:57.330,0 days 01:13:21.657000,3584.246980969737,7831.6971087165875,-67.98085591623033,,269.66666268444783,10781.999952213375,100.0,0,12,7,1083.379164706857,0.20147062129592228,27,292.11333488829484,interpolation,0 days 00:00:17.537000,17.537,4401.657,1.0
2024-03-01 16:59:57.430,0 days 01:13:21.757000,3673.0,7813.0,-66.0,,272.0,10810.0,100.0,0,12,7,1091.9324999999997,0.20306124241159426,27,291.2022222222222,interpolation,0 days 00:00:17.637000,17.637,4401.757,1.0
2024-03-01 16:59:57.530,0 days 01:13:21.857000,3743.9791142856047,7798.542702200091,-64.87309383681801,,273.0,10907.0,100.0,0,12,7,1104.065833333333,0.2053176179121501,27,288.93555555555554,interpolation,0 days 00:00:17.737000,17.737,4401.857,1.0
2024-03-01 16:59:57.630,0 days 01:13:21.957000,3807.0,7786.0,-64.0,,274.33333560888696,10942.333393635505,100.0,0,12,7,1111.6119055949666,0.20672092334428527,27,287.51333090607613,interpolation,0 days 00:00:17.837000,17.837,4401.957,1.0
2024-03-01 16:59:57.730,0 days 01:13:22.057000,3871.8769611563566,7773.046954562931,-62.78060154287472,,275.66666439111304,10977.666606364495,100.0,0,12,7,1114.728755240194,0.20730054833151665,27,286.0911135383683,interpolation,0 days 00:00:17.937000,17.937,4402.057,1.0
2024-03-01 16:59:57.830,0 days 01:13:22.157000,3957.0,7756.0,-61.0,,277.0,11013.0,100.0,0,12,7,1122.5324999999996,0.2087517718333257,27,284.6688888888889,interpolation,0 days 00:00:18.037000,18.037,4402.157,1.0
2024-03-01 16:59:57.930,0 days 01:13:22.257000,4080.7575827763585,7731.1758776223005,-58.44332762592712,,279.0,11072.0,100.0,0,12,7,1134.9324999999997,0.21105773800422342,27,281.1577777777777,interpolation,0 days 00:00:18.137000,18.137,4402.257,1.0
2024-03-01 16:59:58.030,0 days 01:13:22.357000,4201.0,7707.0,-56.0,,279.50000128,11101.00007424,100.0,0,12,7,1142.2694319800414,0.21242215066101003,27,279.2466617742222,interpolation,0 days 00:00:18.237000,18.237,4402.357,1.0
2024-03-01 16:59:58.130,0 days 01:13:22.457000,4275.575043626104,7691.89828146314,-54.55948390154942,,280.0,11130.0,100.0,0,12,7,1147.376944444444,0.21337196928684476,27,277.33555555555563,interpolation,0 days 00:00:18.337000,18.337,4402.457,1.0
2024-03-01 16:59:58.230,0 days 01:13:22.557000,4312.847422734146,7684.21312056126,-53.934335909421904,,281.33333560888696,11176.0000785066,100.0,0,12,7,1154.6987079635878,0.2147335611405914,27,273.80962361205457,interpolation,0 days 00:00:18.437000,18.437,4402.557,1.0
2024-03-01 16:59:58.330,0 days 01:13:22.657000,4363.0,7674.0,-53.0,,282.66666439111304,11221.9999214934,100.0,0,12,7,1163.8609310027791,0.21643741407434905,27,270.2837097212789,interpolation,0 days 00:00:18.537000,18.537,4402.657,1.0
2024-03-01 16:59:58.430,0 days 01:13:22.757000,4434.397234416722,7659.601368388214,-51.569037935422806,,284.0,11268.0,100.0,0,12,7,1172.6213888888885,0.2180665527458767,27,266.75777777777785,interpolation,0 days 00:00:18.637000,18.637,4402.757,1.0
2024-03-01 16:59:58.530,0 days 01:13:22.857000,4523.935701611506,7641.656499466916,-49.72843493482265,,285.2499968,11302.24991232,100.0,0,12,7,1180.606275355031,0.21955146226760117,27,263.2327868017779,interpolation,0 days 00:00:18.737000,18.737,4402.857,1.0
2024-03-01 16:59:58.630,0 days 01:13:22.957000,4613.0,7624.0,-48.0,,286.5,11336.5,100.0,0,12,7,1187.8156721666528,0.22089215784503485,27,259.7077777777779,interpolation,0 days 00:00:18.837000,18.837,4402.957,1.0
2024-03-01 16:59:58.730,0 days 01:13:23.057000,4698.486524299125,7607.271177088959,-46.4707213962016,,287.7499968,11370.74991232,100.0,0,12,7,1194.6528903473902,0.22216364121824675,27,256.1827868017779,interpolation,0 days 00:00:18.937000,18.937,4403.057,1.0
2024-03-01 16:59:58.830,0 days 01:13:23.157000,4779.315249399816,7591.625837291809,-45.139516809326544,,289.0,11405.0,100.0,0,12,7,1201.5213888888884,0.2234409416441786,27,252.65777777777794,interpolation,0 days 00:00:19.037000,19.037,4403.157,1.0
2024-03-01 16:59:58.930,0 days 01:13:23.257000,4849.0,7578.0,-44.0,,290.49999616,11447.4998912,100.0,0,12,7,1208.4210974579028,0.22472404604330762,27,248.40778865777781,interpolation,0 days 00:00:19.137000,19.137,4403.257,1.0
2024-03-01 16:59:59.030,0 days 01:13:23.357000,4906.460589180035,7566.549503546203,-43.051092645292094,,292.0,11490.0,100.0,0,12,7,1217.7436111111108,0.22645770742331006,27,244.1577777777777,interpolation,0 days 00:00:19.237000,19.237,4403.357,1.0
2024-03-01 16:59:59.130,0 days 01:13:23.457000,4951.696428544992,7557.274465183202,-42.29280446198925,,293.0,11572.0,100.0,0,12,7,1230.765833333333,0.22887938515833883,27,236.9577777777779,interpolation,0 days 00:00:19.337000,19.337,4403.457,1.0
2024-03-01 16:59:59.230,0 days 01:13:23.557000,5021.584442757616,7543.362117428569,-40.88810636768755,,293.75000192,11594.5000576,100.0,0,12,7,1240.8006876706015,0.23074551698347007,27,233.0911012124446,interpolation,0 days 00:00:19.437000,19.437,4403.557,1.0
2024-03-01 16:59:59.330,0 days 01:13:23.657000,5153.0,7518.0,-38.0,,294.5,11617.0,100.0,0,12,7,1246.7335459099509,0.23184882104771778,27,229.22444444444466,interpolation,0 days 00:00:19.537000,19.537,4403.657,1.0
2024-03-01 16:59:59.430,0 days 01:13:23.757000,5331.0,7484.0,-34.0,,295.25000192,11639.5000576,100.0,0,12,7,1251.2603593169824,0.23269064996534528,27,225.35776787911138,interpolation,0 days 00:00:19.637000,19.637,4403.757,1.0
2024-03-01 16:59:59.530,0 days 01:13:23.857000,5465.9167093690085,7458.235202473921,-31.117393596756187,,296.0,11662.0,100.0,0,12,7,1257.0769444444438,0.23377233129873826,27,221.49111111111142,car,0 days 00:00:19.737000,19.737,4403.857,1.0
2024-03-01 16:59:59.630,0 days 01:13:23.957000,5542.807063686767,7443.517490400811,-29.72369548766172,,296.75000192,11406.9993472,100.0,0,12,7,1264.1833608543197,0.23509387612434196,27,216.37998691555583,interpolation,0 days 00:00:19.837000,19.837,4403.957,1.0
2024-03-01 16:59:59.730,0 days 01:13:24.057000,5571.577584908932,7437.981118818056,-29.55987607489476,,297.5,11152.0,100.0,0,12,7,1272.5795357770917,0.23665527090957195,27,211.26888888888914,interpolation,0 days 00:00:19.937000,19.937,4404.057,1.0
2024-03-01 16:59:59.830,0 days 01:13:24.157000,5611.672930768151,7430.430561469148,-29.071657202309343,,298.25000192,10896.9993472,100.0,0,12,7,1281.5300131135436,0.23831974655080138,27,206.15776469333355,interpolation,0 days 00:00:20.037000,20.037,4404.157,1.0
2024-03-01 16:59:59.930,0 days 01:13:24.257000,5673.0,7419.0,-28.0,,299.0,10642.0,100.0,0,12,8,1290.2991666666662,0.23995050231216494,27,201.04666666666685,car,0 days 00:00:20.137000,20.137,4404.257,1.0
2024-03-01 17:00:00.030,0 days 01:13:24.357000,5755.559420595273,7403.689317361357,-26.344893494168872,,299.50000128,10667.75006592,100.0,0,12,8,1298.8870862328217,0.24154755489264437,27,195.7410975288891,interpolation,0 days 00:00:20.237000,20.237,4404.357,1.0
2024-03-01 17:00:00.130,0 days 01:13:24.457000,5859.3503471476715,7384.498670334213,-24.106354633063194,,300.0,10693.5,100.0,0,12,8,1307.2936838719388,0.24311088793846314,27,190.43555555555577,interpolation,0 days 00:00:20.337000,20.337,4404.457,1.0
2024-03-01 17:00:00.230,0 days 01:13:24.557000,5964.716585246243,7365.058598539958,-21.814628215425575,,300.50000128,10719.25006592,100.0,0,12,8,1315.564176828419,0.24464891027509952,27,185.129986417778,interpolation,0 days 00:00:20.437000,20.437,4404.557,1.0
2024-03-01 17:00:00.330,0 days 01:13:24.657000,6052.0,7349.0,-20.0,,301.0,10745.0,100.0,0,12,8,1323.7436111111106,0.24616999888420985,27,179.82444444444468,car,0 days 00:00:20.537000,20.537,4404.657,1.0
2024-03-01 17:00:00.430,0 days 01:13:24.757000,6121.201485193396,7336.322710273865,-18.662451404945973,,302.00000256,10758.00003328,100.0,0,12,8,1331.8320704776402,0.24767416934178227,27,174.35220821333363,interpolation,0 days 00:00:20.637000,20.637,4404.757,1.0
2024-03-01 17:00:00.530,0 days 01:13:24.857000,6172.320332205039,7327.026859176667,-17.801996126726046,,303.0,10771.0,100.0,0,12,8,1340.5769444444438,0.24930040994954142,27,168.88000000000034,car,0 days 00:00:20.737000,20.737,4404.857,1.0
2024-03-01 17:00:00.630,0 days 01:13:24.957000,6218.029293434126,7318.717527291143,-17.040537665143745,,304.00000256,10775.50001152,100.0,0,12,8,1350.725794901313,0.25118774106462527,27,162.14664942933365,interpolation,0 days 00:00:20.837000,20.837,4404.957,1.0
2024-03-01 17:00:00.730,0 days 01:13:25.057000,6271.0,7309.0,-16.0,,305.0,10780.0,100.0,0,12,8,1360.9102777777773,0.25308169856311025,27,155.41333333333364,interpolation,0 days 00:00:20.937000,20.937,4405.057,1.0
2024-03-01 17:00:00.830,0 days 01:13:25.157000,6331.232994324249,7297.874177795479,-14.680372476161308,,305.6666678044435,10798.666698524417,100.0,0,12,8,1369.7622572166738,0.2547278570414632,27,149.99480556721804,interpolation,0 days 00:00:21.037000,21.037,4405.157,1.0
2024-03-01 17:00:00.930,0 days 01:13:25.257000,6424.0,7281.0,-13.0,,306.3333321955565,10817.333301475583,100.0,0,12,8,1377.4282576516457,0.2561534649180062,27,144.57630554389354,interpolation,0 days 00:00:21.137000,21.137,4405.257,1.0
2024-03-01 17:00:01.030,0 days 01:13:25.357000,6558.0,7257.0,-11.0,,307.0,10836.0,100.0,0,12,8,1384.7880555555553,0.25752212983664,27,139.15777777777794,interpolation,0 days 00:00:21.237000,21.237,4405.357,1.0
2024-03-01 17:00:01.130,0 days 01:13:25.457000,6633.78662671802,7243.65155656153,-9.41720612134775,,292.50003712,10564.7506944,75.00006400000001,0,12,8,1391.988190641946,0.2588611030572135,27,134.835288843378,interpolation,0 days 00:00:21.337000,21.337,4405.457,1.0
2024-03-01 17:00:01.230,0 days 01:13:25.557000,6688.0,7234.0,-8.0,,278.0,10293.5,50.0,0,12,8,1399.02873664039,0.2601703982908475,27,130.51277777777807,interpolation,0 days 00:00:21.437000,21.437,4405.557,1.0
2024-03-01 17:00:01.330,0 days 01:13:25.657000,6773.853215832001,7218.12801536687,-6.373990749802555,,263.50003712,10022.2506944,25.00006400000001,0,12,8,1405.8482817716156,0.2614385950951633,27,126.19028884337814,interpolation,0 days 00:00:21.537000,21.537,4405.657,1.0
2024-03-01 17:00:01.430,0 days 01:13:25.757000,6883.738144806297,7197.399616053672,-4.595214136322881,,249.0,9751.0,0.0,0,12,8,1412.3855555555551,0.2626542993044908,27,121.8677777777782,interpolation,0 days 00:00:21.637000,21.637,4405.757,1.0
2024-03-01 17:00:01.530,0 days 01:13:25.857000,6972.0,7180.0,-3.0,,234.50003712,9611.0003584,0.0,1,8,8,1418.6404910506978,0.263817498470051,27,118.28445361777806,interpolation,0 days 00:00:21.737000,21.737,4405.857,0.0
2024-03-01 17:00:01.630,0 days 01:13:25.957000,7031.030676669571,7167.293164954472,-1.6443844217466075,,220.0,9471.0,0.0,1,8,8,1424.6077777777775,0.264927205028494,27,114.70111111111123,interpolation,0 days 00:00:21.837000,21.837,4405.957,0.0
2024-03-01 17:00:01.730,0 days 01:13:26.057000,7065.452095879183,7158.172787901715,-0.5670500017232377,,209.6666843022373,9447.000040960034,0.0,1,8,8,1430.2819801019677,0.2659824081419143,27,111.70852362588114,interpolation,0 days 00:00:21.937000,21.937,4406.057,0.0
2024-03-01 17:00:01.830,0 days 01:13:26.157000,7103.0,7146.0,0.0,,199.3333156977627,9422.999959039966,0.0,1,8,8,1435.7361040727105,0.2669966843813026,27,108.7159208185639,interpolation,0 days 00:00:22.037000,22.037,4406.157,0.0
2024-03-01 17:00:01.930,0 days 01:13:26.257000,7148.296530079228,7129.668472765329,0.01809105815340309,,189.0,9399.0,0.0,1,8,8,1441.4077777777773,0.26805141726003273,27,105.72333333333381,interpolation,0 days 00:00:22.137000,22.137,4406.257,0.0
2024-03-01 17:00:02.030,0 days 01:13:26.357000,7195.0,7111.0,0.0,,179.99997696,8906.4987392,0.50000128,1,8,6,1447.3700072407125,0.26916018334427944,27,102.85665932800048,interpolation,0 days 00:00:22.237000,22.237,4406.357,0.0
2024-03-01 17:00:02.130,0 days 01:13:26.457000,7236.767781565612,7091.816733906213,0.4585036527917888,,171.0,8414.0,1.0,1,8,6,1452.8077777777773,0.2701714184171484,27,99.99000000000046,interpolation,0 days 00:00:22.337000,22.337,4406.457,0.0
2024-03-01 17:00:02.230,0 days 01:13:26.557000,7273.87839486911,7072.128985437286,1.3041283673343869,,165.6666575644522,8573.000271359768,1.3333339022217368,1,8,5,1456.9061914412027,0.27093357997055195,27,98.41221952948423,interpolation,0 days 00:00:22.437000,22.437,4406.557,0.0
2024-03-01 17:00:02.330,0 days 01:13:26.657000,7308.0,7052.0,2.0,,160.3333424355478,8731.999728640232,1.6666660977782632,1,8,5,1459.8936781052473,0.27148914796920476,27,96.83444713718335,interpolation,0 days 00:00:22.537000,22.537,4406.657,0.0
2024-03-01 17:00:02.430,0 days 01:13:26.757000,7339.41103875433,7031.440078863463,2.4566473322473574,,155.0,8891.0,2.0,1,8,5,1463.1411111111106,0.2720930568928965,27,95.25666666666712,interpolation,0 days 00:00:22.637000,22.637,4406.757,0.0
2024-03-01 17:00:02.530,0 days 01:13:26.857000,7369.0,7009.0,3.0,,155.0,8646.00041813369,2.666665528887918,1,8,5,1466.8769290470723,0.27278778832684486,27,93.40935500460554,interpolation,0 days 00:00:22.737000,22.737,4406.857,0.0
2024-03-01 17:00:02.630,0 days 01:13:26.957000,7397.655997244859,6983.2301010618785,3.95599787918802,,155.0,8400.99958186631,3.333334471112082,1,8,5,1471.0373842886097,0.2735614874431771,27,91.56203388428403,interpolation,0 days 00:00:22.837000,22.837,4406.957,0.0
2024-03-01 17:00:02.730,0 days 01:13:27.057000,7423.0,6957.0,5.0,,155.0,8156.0,4.0,1,8,4,1475.2397222222219,0.27434297527491824,27,89.71472222222246,car,0 days 00:00:22.937000,22.937,4407.057,0.0
2024-03-01 17:00:02.830,0 days 01:13:27.157000,7442.653530736379,6933.178782285311,5.807385872620445,,147.99998805334351,8051.3331547023745,4.333333902221737,1,8,4,1479.4202000005637,0.27512039788258325,27,88.17397885195317,interpolation,0 days 00:00:23.037000,23.037,4407.157,0.0
2024-03-01 17:00:02.930,0 days 01:13:27.257000,7457.295415191516,6910.237423461519,6.41011479842104,,141.00001194665649,7946.6668452976255,4.666666097778263,1,8,4,1483.5160356975011,0.2758820800244133,27,86.63324337026972,interpolation,0 days 00:00:23.137000,23.137,4407.257,0.0
2024-03-01 17:00:03.030,0 days 01:13:27.357000,7471.0,6879.0,7.0,,134.0,7842.0,5.0,1,8,4,1487.150833333333,0.2765580252168558,27,85.09250000000043,interpolation,0 days 00:00:23.237000,23.237,4407.357,0.0
2024-03-01 17:00:03.130,0 days 01:13:27.457000,7484.446171816402,6837.937563386218,7.609003005930182,,130.50000896,7715.00032512,5.0,1,8,4,1490.261816569676,0.2771365592572781,27,83.84250320000042,interpolation,0 days 00:00:23.337000,23.337,4407.457,0.0
2024-03-01 17:00:03.230,0 days 01:13:27.557000,7494.0,6795.0,8.0,,127.0,7588.0,5.0,1,8,4,1494.2063888888883,0.27787011170298487,27,82.59250000000043,interpolation,0 days 00:00:23.437000,23.437,4407.557,0.0
2024-03-01 17:00:03.330,0 days 01:13:27.657000,7497.0,6759.0,8.0,,126.0,7539.0,5.0,0,8,4,1499.8063888888883,0.2789115157801645,27,80.54805555555618,interpolation,0 days 00:00:23.537000,23.537,4407.657,0.0
2024-03-01 17:00:03.430,0 days 01:13:27.757000,7499.2823419976785,6735.108900591063,7.9938647340879285,,125.49999872,7488.999872,7.00000512,0,8,4,1503.8488906832035,0.2796632796820584,27,79.24249665777852,interpolation,0 days 00:00:23.637000,23.637,4407.757,0.0
2024-03-01 17:00:03.530,0 days 01:13:27.857000,7498.0,6702.0,8.0,,125.0,7439.0,9.0,0,8,4,1506.7508333333326,0.28020293948698444,27,77.93694444444532,interpolation,0 days 00:00:23.737000,23.737,4407.857,0.0
2024-03-01 17:00:03.630,0 days 01:13:27.957000,7489.33327664384,6637.484069154104,7.972668521469245,,123.49999616,7463.00006144,18.000023040000002,0,8,4,1509.4647196474207,0.28070762739278676,27,76.95916416355645,interpolation,0 days 00:00:23.837000,23.837,4407.957,0.0
2024-03-01 17:00:03.730,0 days 01:13:28.057000,7479.0,6571.0,8.0,,122.0,7487.0,27.0,0,8,4,1512.1730555555548,0.28121128311726945,27,75.9813888888898,interpolation,0 days 00:00:23.937000,23.937,4408.057,0.0
2024-03-01 17:00:03.830,0 days 01:13:28.157000,7472.717803579355,6531.985343044846,8.170124137099771,,122.66666780444348,7590.333509688739,33.66667804443473,0,8,4,1515.0584025113806,0.2817478567036757,27,74.76286829076811,interpolation,0 days 00:00:24.037000,24.037,4408.157,0.0
2024-03-01 17:00:03.930,0 days 01:13:28.257000,7470.486751711427,6520.440497797699,8.483039190701849,,123.33333219555652,7693.666490311261,40.33332195556527,0,8,4,1518.171555923521,0.28232679432087004,27,73.54435393145592,interpolation,0 days 00:00:24.137000,24.137,4408.257,0.0
2024-03-01 17:00:04.030,0 days 01:13:28.357000,7466.262291987774,6514.425302531741,8.554434648951423,,124.0,7797.0,47.0,0,8,4,1521.8174999999992,0.283004812361301,27,72.32583333333423,interpolation,0 days 00:00:24.237000,24.237,4408.357,0.0
2024-03-01 17:00:04.130,0 days 01:13:28.457000,7454.0,6492.0,8.0,,125.49999616,7840.99988736,46.50000128,0,8,4,1526.0470223609434,0.28379135554544554,27,70.65917093333415,interpolation,0 days 00:00:24.337000,24.337,4408.457,0.0
2024-03-01 17:00:04.230,0 days 01:13:28.557000,7433.699750181912,6453.16436056679,6.819729566422247,,127.0,7885.0,46.0,0,8,4,1530.284166666666,0.28457931614465587,27,68.99250000000075,interpolation,0 days 00:00:24.437000,24.437,4408.557,0.0
2024-03-01 17:00:04.330,0 days 01:13:28.657000,7407.474434818772,6402.1117868050505,5.171223346268238,,128.49999616,8025.99963904,48.99999232,0,8,4,1533.9528898788226,0.2852615703073672,27,67.52028154666746,interpolation,0 days 00:00:24.537000,24.537,4408.657,0.0
2024-03-01 17:00:04.430,0 days 01:13:28.757000,7388.0,6364.0,4.0,,130.0,8167.0,52.0,0,8,4,1537.506388888888,0.2859223967997486,27,66.0480555555564,interpolation,0 days 00:00:24.637000,24.637,4408.757,0.0
2024-03-01 17:00:04.530,0 days 01:13:28.857000,7377.389329554528,6343.022395312346,3.4636594330256703,,132.33332935110772,8318.999740586445,53.666663822219796,0,8,4,1541.397786632773,0.2866460606348217,27,64.27028081185532,interpolation,0 days 00:00:24.737000,24.737,4408.857,0.0
2024-03-01 17:00:04.630,0 days 01:13:28.957000,7375.642314828813,6339.1787579308675,3.562196153203784,,134.66667064889228,8471.000259413555,55.333336177780204,0,8,4,1545.5704350280516,0.28742202725115745,27,62.49249696592423,interpolation,0 days 00:00:24.837000,24.837,4408.957,0.0
2024-03-01 17:00:04.730,0 days 01:13:29.057000,7372.8241798086865,6337.24579534397,3.6296360767798026,,137.0,8623.0,57.0,0,8,4,1549.6841666666658,0.28818703741202806,27,60.714722222223145,interpolation,0 days 00:00:24.937000,24.937,4409.057,0.0
2024-03-01 17:00:04.830,0 days 01:13:29.157000,7359.0,6322.0,3.0,,140.00000511999562,8784.33360867532,64.66667975109995,0,8,4,1553.682335742893,0.2889305569793917,27,58.951756250472584,interpolation,0 days 00:00:25.037000,25.037,4409.157,0.0
2024-03-01 17:00:04.930,0 days 01:13:29.257000,7334.169916961997,6293.441528015508,1.6732943703212988,,142.99999488000438,8945.66639132468,72.33332024890005,0,8,4,1557.5324369905327,0.2896465411109715,27,57.1887993050847,interpolation,0 days 00:00:25.137000,25.137,4409.257,0.0
2024-03-01 17:00:05.030,0 days 01:13:29.357000,7301.0,6257.0,0.0,,146.0,9107.0,80.0,0,8,4,1561.0397222222214,0.2902987734574201,27,55.42583333333414,interpolation,0 days 00:00:25.237000,25.237,4409.357,0.0
2024-03-01 17:00:05.130,0 days 01:13:29.457000,7262.156912339063,6218.105702162675,-1.6693715787235721,,149.49999104,9316.9994624,80.0,0,8,4,1564.1716911983967,0.2908812101112396,27,53.781393098667415,interpolation,0 days 00:00:25.337000,25.337,4409.457,0.0
2024-03-01 17:00:05.230,0 days 01:13:29.557000,7225.0,6183.0,-3.0,,153.0,9527.0,80.0,0,8,4,1567.8397222222213,0.29156333555113817,27,52.136944444445135,interpolation,0 days 00:00:25.437000,25.437,4409.557,0.0
2024-03-01 17:00:05.330,0 days 01:13:29.657000,7196.8893872435,6157.925016768384,-3.6570341779798667,,157.66665870221541,9867.332752497283,86.66665528887918,0,8,4,1572.955123964854,0.29251462130670774,27,49.303615946671485,interpolation,0 days 00:00:25.537000,25.537,4409.657,0.0
2024-03-01 17:00:05.430,0 days 01:13:29.757000,7171.0,6136.0,-4.0,,162.33334129778459,10207.667247502717,93.33334471112082,0,8,4,1579.1859012828554,0.29367332789652284,27,46.470272942218784,interpolation,0 days 00:00:25.637000,25.637,4409.757,0.0
2024-03-01 17:00:05.530,0 days 01:13:29.857000,7140.507317160072,6110.344678507192,-4.388413113384121,,167.0,10548.0,100.0,0,8,4,1584.5397222222214,0.29466895128129883,27,43.636944444445135,interpolation,0 days 00:00:25.737000,25.737,4409.857,0.0
2024-03-01 17:00:05.630,0 days 01:13:29.957000,7098.0,6077.0,-5.0,,172.0000128,10856.50078976,100.0,0,8,4,1588.6845940809317,0.2954397524336288,27,41.570272487111865,interpolation,0 days 00:00:25.837000,25.837,4409.957,0.0
2024-03-01 17:00:05.730,0 days 01:13:30.057000,7036.067457315941,6032.007516348378,-6.012476901715409,,177.0,11165.0,100.0,0,8,4,1592.406388888888,0.29613187605638447,27,39.50361111111192,interpolation,0 days 00:00:25.937000,25.937,4410.057,0.0
2024-03-01 17:00:05.830,0 days 01:13:30.157000,6975.0,5989.0,-7.0,,179.75000704,11252.75022464,100.0,0,8,4,1596.491059230666,0.2968914818327884,27,37.07860490311191,interpolation,0 days 00:00:26.037000,26.037,4410.157,0.0
2024-03-01 17:00:05.930,0 days 01:13:30.257000,6935.089198463946,5961.611124522338,-7.536704996329979,,182.5,11340.5,100.0,0,8,4,1600.9385632793471,0.2977185619844972,27,34.6536111111119,interpolation,0 days 00:00:26.137000,26.137,4410.257,0.0
2024-03-01 17:00:06.030,0 days 01:13:30.357000,6911.919444022056,5946.54185634209,-7.705078361732217,,185.25000704,11428.25022464,100.0,0,8,4,1605.820004196802,0.29862633921198806,27,32.228604903111886,interpolation,0 days 00:00:26.237000,26.237,4410.357,0.0
2024-03-01 17:00:06.130,0 days 01:13:30.457000,6879.0,5924.0,-8.0,,188.0,11516.0,100.0,0,8,4,1611.206388888888,0.2996280183154874,27,29.803611111111877,car,0 days 00:00:26.337000,26.337,4410.457,0.0
2024-03-01 17:00:06.230,0 days 01:13:30.557000,6831.915329303684,5890.686571556334,-8.503953906293651,,192.33334072888258,11035.9991808007,100.0,0,8,4,1617.0977725123266,0.30072360955221566,27,26.692494690375618,interpolation,0 days 00:00:26.437000,26.437,4410.557,0.0
2024-03-01 17:00:06.330,0 days 01:13:30.657000,6782.0,5855.0,-9.0,,196.66665927111742,10556.0008191993,100.0,0,8,4,1623.3471662410539,0.3018857781431081,27,23.58139419851465,interpolation,0 days 00:00:26.537000,26.537,4410.657,0.0
2024-03-01 17:00:06.430,0 days 01:13:30.757000,6740.587586875987,5825.33800776001,-9.271208440501407,,201.0,10076.0,100.0,0,8,4,1629.0730555555547,0.30295059322839385,27,20.470277777778392,interpolation,0 days 00:00:26.637000,26.637,4410.757,0.0
2024-03-01 17:00:06.530,0 days 01:13:30.857000,6707.678513993673,5801.70089857439,-9.317576450630547,,203.33332935110772,10346.999537492939,100.0,0,8,4,1634.128453324423,0.3038907203441553,27,17.877689609880917,interpolation,0 days 00:00:26.737000,26.737,4410.857,0.0
2024-03-01 17:00:06.630,0 days 01:13:30.957000,6672.679983154508,5775.96319290156,-9.455157515445014,,205.66667064889228,10618.000462507061,100.0,0,8,4,1638.8492967977786,0.3047686320657408,27,15.285088167898039,interpolation,0 days 00:00:26.837000,26.837,4410.957,0.0
2024-03-01 17:00:06.730,0 days 01:13:31.057000,6625.0,5740.0,-10.0,,208.0,10889.0,100.0,0,8,5,1645.2508333333326,0.3059590938958016,27,12.692500000000564,car,0 days 00:00:26.937000,26.937,4411.057,0.0
2024-03-01 17:00:06.830,0 days 01:13:31.157000,6564.638076285941,5693.810951605724,-10.952109483494795,,212.00001024,11083.00049664,100.0,0,8,5,1653.6690139656885,0.3075245809731177,27,8.881379132445101,interpolation,0 days 00:00:27.037000,27.037,4411.157,0.0
2024-03-01 17:00:06.930,0 days 01:13:31.257000,6502.0,5645.0,-12.0,,216.0,11277.0,100.0,0,8,5,1662.0508333333325,0.3090833061273405,27,5.070277777778529,interpolation,0 days 00:00:27.137000,27.137,4411.257,0.0
2024-03-01 17:00:07.030,0 days 01:13:31.357000,6447.490299609997,5601.170124664179,-12.832206063582621,,218.00000512,11358.75020928,100.0,0,8,5,1668.3434581067092,0.310253514180047,27,124.93016795164507,interpolation,0 days 00:00:27.237000,27.237,4411.357,0.0
2024-03-01 17:00:07.130,0 days 01:13:31.457000,6400.792065893169,5562.160158691174,-13.465436196153819,,220.0,11440.5,100.0,0,8,5,1672.5468238495068,0.3110351931483373,27,244.78944444444494,interpolation,0 days 00:00:27.337000,27.337,4411.457,0.0
2024-03-01 17:00:07.230,0 days 01:13:31.557000,6360.0,5527.0,-14.0,,222.00000512,11522.25020928,100.0,0,8,5,1676.4799975982153,0.31176662585872317,27,364.6493346183115,interpolation,0 days 00:00:27.437000,27.437,4411.557,0.0
2024-03-01 17:00:07.330,0 days 01:13:31.657000,6324.797052239515,5495.5283929059,-14.452609044881278,,224.0,11604.0,100.0,0,8,5,1681.9619444444436,0.31278607617953463,55,484.50861111111135,car,0 days 00:00:27.537000,27.537,4411.657,0.0
2024-03-01 17:00:07.430,0 days 01:13:31.757000,6286.0,5458.0,-15.0,,226.75000704,11472.99966464,100.0,0,8,5,1688.9927205234717,0.31409355454996973,55,481.441936593778,interpolation,0 days 00:00:27.637000,27.637,4411.757,0.0
2024-03-01 17:00:07.530,0 days 01:13:31.857000,6234.426378429827,5404.670190433461,-15.818899294557543,,229.5,11342.0,100.0,0,8,5,1697.5722538403363,0.3156890475814843,55,478.375277777778,interpolation,0 days 00:00:27.737000,27.737,4411.857,0.0
2024-03-01 17:00:07.630,0 days 01:13:31.957000,6172.859178204518,5338.47117246955,-16.87917767583192,,232.25000704,11210.99966464,100.0,0,8,5,1706.1800058992549,0.31728978831175375,55,475.30860326044467,interpolation,0 days 00:00:27.837000,27.837,4411.957,0.0
2024-03-01 17:00:07.730,0 days 01:13:32.057000,6118.0,5277.0,-18.0,,235.0,11080.0,100.0,0,8,5,1713.2952777777768,0.3186129799447063,55,472.2419444444447,interpolation,0 days 00:00:27.937000,27.937,4412.057,0.0
2024-03-01 17:00:07.830,0 days 01:13:32.157000,6072.631800847671,5223.188797920376,-19.15124010603838,,237.00000341333043,10999.999863466783,100.0,0,8,5,1718.918142336473,0.319658636029859,55,469.6419400071152,interpolation,0 days 00:00:28.037000,28.037,4412.157,0.0
2024-03-01 17:00:07.930,0 days 01:13:32.257000,6036.7550453167005,5177.038117255974,-20.332886205278562,,238.99999658666957,10920.000136533217,100.0,0,8,5,1723.456919808221,0.32050268984494634,55,467.04194888177426,interpolation,0 days 00:00:28.137000,28.137,4412.257,0.0
2024-03-01 17:00:08.030,0 days 01:13:32.357000,6006.750589207418,5136.368150123621,-21.34809432187837,,241.0,10840.0,100.0,0,8,5,1729.3619444444437,0.321600817832805,55,464.44194444444474,interpolation,0 days 00:00:28.237000,28.237,4412.357,0.0
2024-03-01 17:00:08.130,0 days 01:13:32.457000,5979.0,5099.0,-22.0,,241.33333276444395,10936.333168924304,100.0,0,8,6,1737.0415335887074,0.32302895273385857,55,460.0874148391573,interpolation,0 days 00:00:28.337000,28.337,4412.457,0.0
2024-03-01 17:00:08.230,0 days 01:13:32.557000,5953.502993527579,5064.933284234097,-22.28860991517984,,241.66666723555605,11032.666831075696,100.0,0,8,6,1746.0257824178402,0.32469970869118986,55,455.7328629386212,interpolation,0 days 00:00:28.437000,28.437,4412.557,0.0
2024-03-01 17:00:08.330,0 days 01:13:32.657000,5914.0,5007.0,-23.0,,242.0,11129.0,100.0,0,8,6,1753.4947222222213,0.3260886701848491,55,451.3783333333338,interpolation,0 days 00:00:28.537000,28.537,4412.657,0.0
2024-03-01 17:00:08.430,0 days 01:13:32.757000,5844.230784026606,4898.031202390938,-24.92025642706225,,245.50000896,11175.50011904,100.0,0,8,6,1758.9784460216376,0.32710845095678465,55,448.1338805831115,interpolation,0 days 00:00:28.637000,28.637,4412.757,0.0
2024-03-01 17:00:08.530,0 days 01:13:32.857000,5773.0,4784.0,-27.0,,249.0,11222.0,100.0,0,8,6,1764.561388888888,0.3281466830040374,55,444.88944444444473,interpolation,0 days 00:00:28.737000,28.737,4412.857,0.0
2024-03-01 17:00:08.630,0 days 01:13:32.957000,5729.110858473307,4710.877217901046,-28.189892482430217,,250.6666695111087,11143.33319907567,100.0,0,8,6,1772.328099219479,0.3295910193977072,55,439.4227684480083,interpolation,0 days 00:00:28.837000,28.837,4412.957,0.0
2024-03-01 17:00:08.730,0 days 01:13:33.057000,5712.563808870188,4678.663604869445,-28.489921689885072,,252.3333304888913,11064.66680092433,100.0,0,8,6,1781.7839123387275,0.33134946981474894,55,433.9561204408813,interpolation,0 days 00:00:28.937000,28.937,4413.057,0.0
2024-03-01 17:00:08.830,0 days 01:13:33.157000,5716.759684564946,4678.419752750678,-28.098057462989036,,254.0,10986.0,100.0,0,8,6,1789.9613888888878,0.33287019435410203,55,428.48944444444487,interpolation,0 days 00:00:29.037000,29.037,4413.157,0.0
2024-03-01 17:00:08.930,0 days 01:13:33.257000,5702.1047973581835,4656.511652002798,-28.202094288474893,,251.33333788444833,10881.000179200153,66.66672355560411,0,8,6,1796.36585998904,0.33406120191050875,55,424.95611714133895,interpolation,0 days 00:00:29.137000,29.137,4413.257,0.0
2024-03-01 17:00:09.030,0 days 01:13:33.357000,5662.0,4604.0,-29.0,,248.66666211555167,10775.999820799847,33.333276444395906,0,8,6,1801.2757768694046,0.3349742746708345,55,421.4227717475509,interpolation,0 days 00:00:29.237000,29.237,4413.357,0.0
2024-03-01 17:00:09.130,0 days 01:13:33.457000,5596.44570316247,4520.885334460227,-30.491766427030782,,246.0,10671.0,0.0,0,8,6,1806.3613888888879,0.33592002058012804,55,417.88944444444496,interpolation,0 days 00:00:29.337000,29.337,4413.457,0.0
2024-03-01 17:00:09.230,0 days 01:13:33.557000,5530.0,4438.0,-32.0,,240.6666575644522,10469.66632305807,0.0,1,8,6,1811.9011337725588,0.336950219313769,55,414.01267856885545,interpolation,0 days 00:00:29.437000,29.437,4413.557,0.0
2024-03-01 17:00:09.330,0 days 01:13:33.657000,5487.222335346492,4386.178041075247,-32.84727642935414,,235.3333424355478,10268.33367694193,0.0,1,8,6,1817.8917607418064,0.33806426634066855,55,410.13593254225646,interpolation,0 days 00:00:29.537000,29.537,4413.657,0.0
2024-03-01 17:00:09.430,0 days 01:13:33.757000,5468.112271157699,4365.418927027952,-33.033604391221616,,230.0,10067.0,0.0,1,8,6,1824.3141666666656,0.339258609146999,55,406.25916666666694,interpolation,0 days 00:00:29.637000,29.637,4413.757,0.0
2024-03-01 17:00:09.530,0 days 01:13:33.857000,5447.696236510048,4352.450495386732,-33.20312759747818,,227.75000576,9915.50038784,7.99997952,1,8,6,1831.1650917301001,0.34053264152084056,55,401.85917793066693,interpolation,0 days 00:00:29.737000,29.737,4413.857,0.0
2024-03-01 17:00:09.630,0 days 01:13:33.957000,5401.0,4324.0,-34.0,,225.5,9764.0,16.0,1,8,6,1838.4446060857617,0.341886376508318,55,397.4591666666669,interpolation,0 days 00:00:29.837000,29.837,4413.957,0.0
2024-03-01 17:00:09.730,0 days 01:13:34.057000,5328.024039795793,4280.067732200084,-35.42421343883457,,223.25000576,9612.50038784,23.99997952,1,8,6,1845.411643935429,0.3431820017980517,55,393.05917793066686,interpolation,0 days 00:00:29.937000,29.937,4414.057,0.0
2024-03-01 17:00:09.830,0 days 01:13:34.157000,5246.0,4236.0,-37.0,,221.0,9461.0,32.0,1,8,6,1851.3252777777768,0.34428173079704594,55,388.6591666666668,interpolation,0 days 00:00:30.037000,30.037,4414.157,0.0
2024-03-01 17:00:09.930,0 days 01:13:34.257000,5172.161111914618,4207.144012532461,-38.251561049527716,,218.5000064,9670.9994624,32.0,0,8,6,1856.1854470573498,0.34518555224410497,55,385.5925078506669,interpolation,0 days 00:00:30.137000,30.137,4414.257,0.0
2024-03-01 17:00:10.030,0 days 01:13:34.357000,5106.50661942761,4193.499474311496,-39.17890940343257,,216.0,9881.0,32.0,0,8,6,1860.9252777777767,0.3460669949293538,55,382.5258333333336,interpolation,0 days 00:00:30.237000,30.237,4414.357,0.0
2024-03-01 17:00:10.130,0 days 01:13:34.457000,5045.849148746829,4188.35526421484,-40.016797935620545,,216.49999872,9996.49970432,65.99991295999999,0,8,6,1866.477797638664,0.34709956936180897,55,378.7202875200003,interpolation,0 days 00:00:30.337000,30.337,4414.457,0.0
2024-03-01 17:00:10.230,0 days 01:13:34.557000,4987.0,4185.0,-41.0,,217.0,10112.0,100.0,0,8,6,1872.9808333333322,0.3483089064843932,55,374.9147222222225,interpolation,0 days 00:00:30.437000,30.437,4414.557,0.0
2024-03-01 17:00:10.330,0 days 01:13:34.657000,4929.959775800862,4183.433716024795,-42.12850552860756,,218.49999616,10040.50018304,100.0,0,8,6,1880.5720881062282,0.34972061428285806,55,370.38140049422253,interpolation,0 days 00:00:30.537000,30.537,4414.657,0.0
2024-03-01 17:00:10.430,0 days 01:13:34.757000,4874.7278920560275,4183.656396250437,-43.402326077369445,,220.0,9969.0,100.0,0,8,6,1887.6474999999987,0.3510363933531969,55,365.8480555555559,interpolation,0 days 00:00:30.637000,30.637,4414.757,0.0
2024-03-01 17:00:10.530,0 days 01:13:34.857000,4821.632338763192,4184.800877070866,-44.724977187446925,,221.49999616,10130.49958656,100.0,0,8,6,1892.6028568706397,0.3519579163619408,55,362.80361890488945,interpolation,0 days 00:00:30.737000,30.737,4414.857,0.0
2024-03-01 17:00:10.630,0 days 01:13:34.957000,4771.0,4186.0,-46.0,,223.0,10292.0,100.0,0,8,6,1897.5586111111097,0.3528795132675704,55,359.7591666666674,interpolation,0 days 00:00:30.837000,30.837,4414.957,0.0
2024-03-01 17:00:10.730,0 days 01:13:35.057000,4722.831394240276,4187.253752758854,-47.22738145882853,,224.99999658666374,10374.999858346546,100.0,0,8,6,1904.635113624557,0.3541954951550125,55,355.3591741760071,interpolation,0 days 00:00:30.937000,30.937,4415.057,0.0
2024-03-01 17:00:10.830,0 days 01:13:35.157000,4675.472198056174,4188.459350497106,-48.45832937740547,,227.00000341333626,10458.000141653454,100.0,0,8,6,1913.3111138079412,0.35580892764868877,55,350.95915915732763,interpolation,0 days 00:00:31.037000,31.037,4415.157,0.0
2024-03-01 17:00:10.930,0 days 01:13:35.257000,4619.0,4189.0,-50.0,,229.0,10541.0,100.0,0,8,6,1920.4586111111096,0.35713811208317986,55,346.55916666666735,interpolation,0 days 00:00:31.137000,31.137,4415.257,0.0
2024-03-01 17:00:11.030,0 days 01:13:35.357000,4551.760391614942,4188.772909115007,-51.90360435841326,,231.00000512,10524.99995904,100.0,0,8,6,1925.5563556580105,0.3580861142181018,55,343.69249266133403,interpolation,0 days 00:00:31.237000,31.237,4415.357,0.0
2024-03-01 17:00:11.130,0 days 01:13:35.457000,4479.0,4186.0,-54.0,,233.0,10509.0,100.0,0,8,6,1930.8141666666652,0.35906388311478976,55,340.825833333334,interpolation,0 days 00:00:31.337000,31.337,4415.457,0.0
2024-03-01 17:00:11.230,0 days 01:13:35.557000,4405.964018654134,4178.903164092756,-56.12008543211667,,235.00000512,10620.50028544,89.9999744,0,8,6,1938.441969396019,0.360482387554481,55,336.6591560000006,interpolation,0 days 00:00:31.437000,31.437,4415.557,0.0
2024-03-01 17:00:11.330,0 days 01:13:35.657000,4334.4235411866575,4168.067157521272,-58.215918995481815,,237.0,10732.0,80.0,0,8,6,1946.6141666666654,0.3620021303325466,55,332.4925000000005,interpolation,0 days 00:00:31.537000,31.537,4415.657,0.0
2024-03-01 17:00:11.430,0 days 01:13:35.757000,4275.0,4157.0,-60.0,,237.0,10736.00000682666,79.33333219555652,0,8,6,1953.5053230911776,0.36328364433200533,55,329.6406432809924,interpolation,0 days 00:00:31.637000,31.637,4415.757,0.0
2024-03-01 17:00:11.530,0 days 01:13:35.857000,4229.464349312443,4146.286488312927,-61.42439022706627,,237.0,10739.99999317334,78.66666780444348,0,8,6,1959.2934936490597,0.3643600415495749,55,326.78880116345323,interpolation,0 days 00:00:31.737000,31.737,4415.857,0.0
2024-03-01 17:00:11.630,0 days 01:13:35.957000,4186.0,4133.0,-63.0,,237.0,10744.0,78.0,0,8,6,1965.0474999999985,0.36543008541992944,55,323.9369444444451,interpolation,0 days 00:00:31.837000,31.837,4415.957,0.0
2024-03-01 17:00:11.730,0 days 01:13:36.057000,4132.791274298969,4114.2141583611565,-65.23770892211445,,237.99999829333188,10764.666631395525,85.3333208177671,0,8,6,1970.9454087678864,0.36652689010523504,55,321.44805980326345,interpolation,0 days 00:00:31.937000,31.937,4416.057,0.0
2024-03-01 17:00:11.830,0 days 01:13:36.157000,4070.4887758180853,4089.69053754866,-68.05982123679865,,239.00000170666812,10785.333368604475,92.6666791822329,0,8,6,1977.0474045130802,0.3676616478280883,55,318.9591624189598,interpolation,0 days 00:00:32.037000,32.037,4416.157,0.0
2024-03-01 17:00:11.930,0 days 01:13:36.257000,4003.0,4058.0,-71.0,,240.0,10806.0,100.0,0,8,6,1983.7141666666653,0.36890143234386147,55,316.47027777777816,interpolation,0 days 00:00:32.137000,32.137,4416.257,0.0
2024-03-01 17:00:12.030,0 days 01:13:36.357000,3930.975404225497,4018.9039877230757,-73.98055664841375,,241.33333560888696,10893.333482382095,100.0,0,8,6,1991.0058876620778,0.3702574373392684,55,313.83323624020176,interpolation,0 days 00:00:32.237000,32.237,4416.357,0.0
2024-03-01 17:00:12.130,0 days 01:13:36.457000,3863.0,3978.0,-77.0,,242.66666439111304,10980.666517617905,100.0,0,8,6,1998.6934935413742,0.37168706307256294,55,311.19620820424353,interpolation,0 days 00:00:32.337000,32.337,4416.457,0.0
2024-03-01 17:00:12.230,0 days 01:13:36.557000,3807.6573652292104,3940.884716912953,-80.05690031271985,,244.0,11068.0,100.0,0,8,6,2005.4030555555541,0.3729348068650016,55,308.5591666666671,interpolation,0 days 00:00:32.437000,32.437,4416.557,0.0
2024-03-01 17:00:12.330,0 days 01:13:36.657000,3764.948066620256,3907.5585185214577,-83.15122628399416,,244.33333276444395,11099.333279857732,100.0,0,8,6,2010.9055057079668,0.3739580700834302,55,306.9813915816323,interpolation,0 days 00:00:32.537000,32.537,4416.657,0.0
2024-03-01 17:00:12.430,0 days 01:13:36.757000,3726.764506861204,3872.9528739892266,-86.16995447327093,,244.66666723555605,11130.666720142268,100.0,0,8,6,2015.5839244486594,0.3748280922890215,55,305.4036084183684,interpolation,0 days 00:00:32.637000,32.637,4416.757,0.0
2024-03-01 17:00:12.530,0 days 01:13:36.857000,3685.0,3832.0,-89.0,,245.0,11162.0,100.0,0,8,6,2021.7363888888876,0.37597223542344216,55,303.82583333333355,car,0 days 00:00:32.737000,32.737,4416.857,0.0
2024-03-01 17:00:12.630,0 days 01:13:36.957000,3638.0,3782.0,-92.0,,247.00000512,11189.5000704,100.0,0,8,6,2029.745986134854,0.37746174028567714,55,301.59249428266696,interpolation,0 days 00:00:32.837000,32.837,4416.957,0.0
2024-03-01 17:00:12.730,0 days 01:13:37.057000,3575.8403626284407,3706.7566610288513,-97.32155432916622,,249.0,11217.0,100.0,0,8,6,2038.3363888888873,0.3790592546522245,55,299.3591666666671,interpolation,0 days 00:00:32.937000,32.937,4417.057,0.0
2024-03-01 17:00:12.830,0 days 01:13:37.157000,3515.0,3628.0,-103.0,,250.33333560888696,11278.000104106577,100.0,0,8,6,2046.2314398373078,0.3805274579106577,55,297.58138585481777,interpolation,0 days 00:00:33.037000,33.037,4417.157,0.0
2024-03-01 17:00:12.930,0 days 01:13:37.257000,3473.613202116032,3570.1610879815944,-106.71195322897938,,251.66666439111304,11338.999895893423,100.0,0,8,6,2053.5299419345642,0.3818847239537625,55,295.8036141451829,interpolation,0 days 00:00:33.137000,33.137,4417.257,0.0
2024-03-01 17:00:13.030,0 days 01:13:37.357000,3435.0,3511.0,-110.0,,253.0,11400.0,100.0,0,8,6,2060.825277777776,0.38324140118439026,55,294.0258333333336,interpolation,0 days 00:00:33.237000,33.237,4417.357,0.0
2024-03-01 17:00:13.130,0 days 01:13:37.457000,3382.481243875648,3428.2780091618233,-114.40665461693128,,253.74999808,11429.24992512,100.0,0,8,6,2068.21625646246,0.38461586463735065,55,292.5536148800002,interpolation,0 days 00:00:33.337000,33.337,4417.457,0.0
2024-03-01 17:00:13.230,0 days 01:13:37.557000,3328.0,3341.0,-119.0,,254.5,11458.5,100.0,0,8,6,2075.7029536724326,0.38600812838718535,55,291.081388888889,interpolation,0 days 00:00:33.437000,33.437,4417.557,0.0
2024-03-01 17:00:13.330,0 days 01:13:37.657000,3283.5004303099026,3268.1725978471195,-122.84802690944609,,255.24999808,11487.74992512,100.0,0,8,6,2082.861887637297,0.3873394396406263,55,289.60917043555565,interpolation,0 days 00:00:33.537000,33.537,4417.657,0.0
2024-03-01 17:00:13.430,0 days 01:13:37.757000,3248.9820791286747,3209.7950569488,-125.95077474915985,,256.0,11517.0,100.0,0,8,6,2089.269722222221,0.38853107268752485,55,288.13694444444445,interpolation,0 days 00:00:33.637000,33.637,4417.757,0.0
2024-03-01 17:00:13.530,0 days 01:13:37.857000,3222.9126720923528,3163.733418197137,-128.39672301934758,,257.99999488,11561.9998848,100.0,0,8,6,2094.926391811147,0.38958301532559014,55,287.0036140124448,interpolation,0 days 00:00:33.737000,33.737,4417.857,0.0
2024-03-01 17:00:13.630,0 days 01:13:37.957000,3196.0960967927763,3117.179759275585,-130.71696893195914,,260.0,11607.0,100.0,0,8,6,2100.825277777776,0.3906800017356732,55,285.8702777777785,interpolation,0 days 00:00:33.837000,33.837,4417.957,0.0
2024-03-01 17:00:13.730,0 days 01:13:38.057000,3167.0,3068.0,-133.0,,255.33334129778459,11319.333824284864,66.66672355560411,0,8,6,2107.959643166907,0.3920067440935894,55,285.07027914311294,interpolation,0 days 00:00:33.937000,33.937,4418.057,0.0
2024-03-01 17:00:13.830,0 days 01:13:38.157000,3135.62408376923,3016.193636768357,-135.24583960176815,,250.66665870221541,11031.666175715136,33.333276444395906,0,8,6,2115.969225104888,0.39349624610907463,55,284.27027641244393,interpolation,0 days 00:00:34.037000,34.037,4418.157,0.0
2024-03-01 17:00:13.930,0 days 01:13:38.257000,3101.9686693890253,2961.7612000764584,-137.454464739925,,246.0,10744.0,0.0,0,8,6,2122.691944444443,0.3947464367037079,55,283.4702777777784,interpolation,0 days 00:00:34.137000,34.137,4418.257,0.0
2024-03-01 17:00:14.030,0 days 01:13:38.357000,3069.3287590343148,2910.1979060663493,-139.43586774811783,,240.49998592,10334.49895168,0.0,1,8,6,2127.76753409666,0.39569031880333455,55,283.2480549866671,interpolation,0 days 00:00:34.237000,34.237,4418.357,0.0
2024-03-01 17:00:14.130,0 days 01:13:38.457000,3041.0,2867.0,-141.0,,235.0,9925.0,0.0,1,8,6,2133.1363888888877,0.3966887379587652,55,283.0258333333336,car,0 days 00:00:34.337000,34.337,4418.457,0.0
2024-03-01 17:00:14.230,0 days 01:13:38.557000,3016.9821021988464,2832.1670395297197,-142.1468775123268,,215.99995136,9899.49993472,0.0,1,8,6,2140.7390105996205,0.39810255960998153,55,284.30916995200045,interpolation,0 days 00:00:34.437000,34.437,4418.557,0.0
2024-03-01 17:00:14.330,0 days 01:13:38.657000,2995.955384325806,2803.7441997566903,-142.96661675276204,,197.0,9874.0,0.0,1,8,6,2148.45861111111,0.3995381352254927,55,285.59250000000065,interpolation,0 days 00:00:34.537000,34.537,4418.657,0.0
2024-03-01 17:00:14.430,0 days 01:13:38.757000,2970.0,2770.0,-144.0,,187.24997504,10120.2506304,0.0,1,8,5,2154.1785592051224,0.4006018454516284,55,287.5675050560006,interpolation,0 days 00:00:34.637000,34.637,4418.757,0.0
2024-03-01 17:00:14.530,0 days 01:13:38.857000,2937.7962877561927,2728.9796042119497,-145.33714488388287,,177.5,10366.5,0.0,1,8,5,2157.8987963095396,0.401293679396024,55,289.5425000000005,interpolation,0 days 00:00:34.737000,34.737,4418.857,0.0
2024-03-01 17:00:14.630,0 days 01:13:38.957000,2901.161343127179,2683.003779416056,-146.87553730402263,,167.74997504,10612.7506304,0.0,1,8,5,2160.8489610387373,0.4018423068205486,55,291.5175050560004,interpolation,0 days 00:00:34.837000,34.837,4418.957,0.0
2024-03-01 17:00:14.730,0 days 01:13:39.057000,2871.0,2646.0,-148.0,,158.0,10859.0,0.0,1,8,5,2164.25861111111,0.4024763824432495,55,293.4925000000003,interpolation,0 days 00:00:34.937000,34.937,4419.057,0.0
2024-03-01 17:00:14.830,0 days 01:13:39.157000,2849.1293748213166,2620.2890741174974,-148.6080166935578,,149.99997952,10646.499456,0.0,1,8,4,2168.127781441562,0.4031959127570771,55,296.22875700480046,interpolation,0 days 00:00:35.037000,35.037,4419.157,0.0
2024-03-01 17:00:14.930,0 days 01:13:39.257000,2828.0,2597.0,-149.0,,142.0,10434.0,0.0,1,8,4,2172.1080555555545,0.40393610448754225,55,298.9650000000006,interpolation,0 days 00:00:35.137000,35.137,4419.257,0.0
2024-03-01 17:00:15.030,0 days 01:13:39.357000,2800.0619676247925,2567.2612741188777,-149.47637277463042,,136.33332366223047,9848.999001600852,0.0,1,8,3,2175.8510973568577,0.40463217930770845,55,302.5501913038966,interpolation,0 days 00:00:35.237000,35.237,4419.357,0.0
2024-03-01 17:00:15.130,0 days 01:13:39.457000,2765.0,2536.0,-150.0,,130.66667633776953,9264.000998399148,0.0,1,8,3,2179.4228415922244,0.4052963987736644,55,306.13536425166006,interpolation,0 days 00:00:35.337000,35.337,4419.457,0.0
2024-03-01 17:00:15.230,0 days 01:13:39.557000,2722.498174309807,2508.1426565293064,-150.5337568986598,,125.0,8679.0,0.0,1,8,3,2183.219166666666,0.4060023824184542,55,309.7205555555561,interpolation,0 days 00:00:35.437000,35.437,4419.557,0.0
2024-03-01 17:00:15.330,0 days 01:13:39.657000,2683.0,2486.0,-151.0,,121.00001024,8257.00108032,0.0,1,8,3,2187.306006781318,0.4067623916967007,55,314.15387753955616,interpolation,0 days 00:00:35.537000,35.537,4419.657,0.0
2024-03-01 17:00:15.430,0 days 01:13:39.757000,2656.9481468366484,2471.8822747054783,-151.3210960734077,,117.0,7835.0,0.0,1,8,3,2191.0191666666656,0.40745290952595437,55,318.58722222222286,interpolation,0 days 00:00:35.637000,35.637,4419.757,0.0
2024-03-01 17:00:15.530,0 days 01:13:39.857000,2644.3428815900456,2465.7896252108776,-151.49704183086743,,113.50000896,7587.00063488,0.0,1,8,3,2193.6943711811964,0.4079504039703691,55,321.76499186488945,interpolation,0 days 00:00:35.737000,35.737,4419.857,0.0
2024-03-01 17:00:15.630,0 days 01:13:39.957000,2631.066073148416,2463.5521311108637,-151.67446795289348,,110.0,7339.0,0.0,1,8,3,2195.9080555555547,0.40836207181555567,55,324.94277777777825,interpolation,0 days 00:00:35.837000,35.837,4419.957,0.0
2024-03-01 17:00:15.730,0 days 01:13:40.057000,2603.0,2461.0,-152.0,,105.66667406222854,7094.00041813369,0.0,1,8,3,2198.2366049581415,0.40879510053729995,55,329.07971516183136,interpolation,0 days 00:00:35.937000,35.937,4420.057,0.0
2024-03-01 17:00:15.830,0 days 01:13:40.157000,2560.1443747475746,2458.133205744411,-152.4736413056431,,101.33332593777146,6848.99958186631,0.0,1,8,3,2200.7068322033524,0.4092544763810003,55,333.21667372705804,interpolation,0 days 00:00:36.037000,36.037,4420.157,0.0
2024-03-01 17:00:15.930,0 days 01:13:40.257000,2518.0,2457.0,-153.0,,97.0,6604.0,0.0,1,8,3,2203.4794444444437,0.4097700852546273,55,337.35361111111115,interpolation,0 days 00:00:36.137000,36.137,4420.257,0.0
2024-03-01 17:00:16.030,0 days 01:13:40.357000,2492.066807966458,2459.648593462759,-153.48369445324755,,94.4999936,6414.49951488,0.0,1,8,3,2206.5812590430214,0.4103469142492012,55,342.92029202844463,interpolation,0 days 00:00:36.237000,36.237,4420.357,0.0
2024-03-01 17:00:16.130,0 days 01:13:40.457000,2480.1412271186155,2465.7132767861913,-153.8888221470435,,92.0,6225.0,0.0,1,8,3,2209.612777777777,0.4109106706724907,55,348.4869444444448,interpolation,0 days 00:00:36.337000,36.337,4420.457,0.0
2024-03-01 17:00:16.230,0 days 01:13:40.557000,2469.0,2473.0,-154.0,,90.19999631360189,6129.999805440099,0.0,1,8,3,2212.1745652327263,0.4113870735118571,55,352.7891754776136,interpolation,0 days 00:00:36.437000,36.437,4420.557,0.0
2024-03-01 17:00:16.330,0 days 01:13:40.657000,2456.439403612945,2481.1430062633626,-153.78132930833502,,88.40000184319905,6035.00009727995,0.0,1,8,3,2214.2665951752338,0.41177611788894797,55,357.0913844834159,interpolation,0 days 00:00:36.537000,36.537,4420.657,0.0
2024-03-01 17:00:16.430,0 days 01:13:40.757000,2442.5637700134184,2490.5870457809883,-153.30453707914612,,86.59999815680095,5939.99990272005,0.0,1,8,3,2215.9702090325923,0.41209293046341106,55,361.3936155165847,interpolation,0 days 00:00:36.637000,36.637,4420.757,0.0
2024-03-01 17:00:16.530,0 days 01:13:40.857000,2428.0,2504.0,-153.0,,84.80000368639811,5845.000194559901,0.0,1,8,3,2217.773305225387,0.4124282432717544,55,365.695824522387,interpolation,0 days 00:00:36.737000,36.737,4420.857,0.0
2024-03-01 17:00:16.630,0 days 01:13:40.957000,2412.8524051161144,2521.8266730894993,-152.9394441987194,,83.0,5750.0,0.0,1,8,3,2219.7572222222216,0.41279718242341334,55,369.99805555555577,interpolation,0 days 00:00:36.837000,36.837,4420.957,0.0
2024-03-01 17:00:16.730,0 days 01:13:41.057000,2398.0,2542.0,-153.0,,82.50000128,5722.5000704,0.49999872,0,8,3,2221.9219397078386,0.41319974414046035,55,374.6924879822226,interpolation,0 days 00:00:36.937000,36.937,4421.057,0.0
2024-03-01 17:00:16.830,0 days 01:13:41.157000,2384.321492089916,2562.4533048020453,-153.05879772853734,,82.0,5695.0,1.0,0,8,3,2224.3127777777772,0.41364435637508723,55,379.3869444444449,interpolation,0 days 00:00:37.037000,37.037,4421.157,0.0
2024-03-01 17:00:16.930,0 days 01:13:41.257000,2371.0,2585.0,-153.0,,81.00000170666813,5855.333059697545,10.666650168874812,0,8,3,2226.9750098786935,0.41413943840442535,55,383.95360331732707,interpolation,0 days 00:00:37.137000,37.137,4421.257,0.0
2024-03-01 17:00:17.030,0 days 01:13:41.357000,2357.2183658643844,2611.453938418319,-152.70776943005126,,79.99999829333187,6015.666940302455,20.33334983112519,0,8,3,2229.8085592397483,0.4146663794504061,55,388.52028557156257,interpolation,0 days 00:00:37.237000,37.237,4421.357,0.0
2024-03-01 17:00:17.130,0 days 01:13:41.457000,2343.5017328901617,2640.5834083371865,-152.24621820008792,,79.0,6176.0,30.0,0,8,3,2232.2127777777773,0.41511347998396564,55,393.0869444444447,interpolation,0 days 00:00:37.337000,37.337,4421.457,0.0
2024-03-01 17:00:17.230,0 days 01:13:41.557000,2333.0,2665.0,-152.0,,80.50000384,6209.00008448,32.00000512,0,8,3,2234.0875860798787,0.41546212873570476,55,395.77584021688915,interpolation,0 days 00:00:37.437000,37.437,4421.557,0.0
2024-03-01 17:00:17.330,0 days 01:13:41.657000,2326.2382768148905,2683.472022549323,-152.03322654001897,,82.0,6242.0,34.0,0,8,3,2235.8572222222215,0.4157912191453047,55,398.46472222222246,interpolation,0 days 00:00:37.537000,37.537,4421.657,0.0
2024-03-01 17:00:17.430,0 days 01:13:41.757000,2321.0,2700.0,-152.0,,83.00000256,6368.50032384,37.000007679999996,0,8,3,2237.9459616000913,0.41617965159249737,55,400.21472670222244,interpolation,0 days 00:00:37.637000,37.637,4421.757,0.0
2024-03-01 17:00:17.530,0 days 01:13:41.857000,2315.0687291005784,2718.5840979667464,-151.55442255980324,,84.0,6495.0,40.0,0,8,3,2240.35378282485,0.41662742209974446,55,401.96472222222246,interpolation,0 days 00:00:37.737000,37.737,4421.857,0.0
2024-03-01 17:00:17.630,0 days 01:13:41.957000,2309.0,2741.0,-151.0,,85.00000256,6621.50032384,43.000007679999996,0,8,3,2242.902224868296,0.41710134315947667,55,403.71472670222244,interpolation,0 days 00:00:37.837000,37.837,4421.957,0.0
2024-03-01 17:00:17.730,0 days 01:13:42.057000,2303.349471461634,2769.0229698102357,-150.64024834115475,,86.0,6748.0,46.0,0,8,3,2245.412777777777,0.41756821816588896,55,405.46472222222246,interpolation,0 days 00:00:37.937000,37.937,4422.057,0.0
2024-03-01 17:00:17.830,0 days 01:13:42.157000,2298.117085623926,2802.653294353411,-150.47516389940319,,89.6666729244391,7023.333803235155,48.00000341333042,0,8,3,2247.885467261421,0.41802805189979364,55,406.13879744671533,interpolation,0 days 00:00:38.037000,38.037,4422.157,0.0
2024-03-01 17:00:17.930,0 days 01:13:42.257000,2293.826180014261,2836.2068142798807,-150.32249878795005,,93.3333270755609,7298.666196764845,49.99999658666958,0,8,3,2250.34693640572,0.41848579904313743,55,406.81286921995195,interpolation,0 days 00:00:38.137000,38.137,4422.257,0.0
2024-03-01 17:00:18.030,0 days 01:13:42.357000,2291.0,2864.0,-150.0,,97.0,7574.0,52.0,0,8,3,2252.9572222222214,0.41897122088097816,55,407.4869444444448,interpolation,0 days 00:00:38.237000,38.237,4422.357,0.0
2024-03-01 17:00:18.130,0 days 01:13:42.457000,2289.6385745211533,2886.0325669122776,-149.50767083793212,,99.99999232,7778.49947648,56.49998848,0,8,3,2255.7429663884336,0.4194892718332412,55,407.84805463111144,interpolation,0 days 00:00:38.337000,38.337,4422.457,0.0
2024-03-01 17:00:18.230,0 days 01:13:42.557000,2289.0,2905.0,-149.0,,103.0,7983.0,61.0,0,8,3,2258.6794444444436,0.42003535401539777,55,408.209166666667,interpolation,0 days 00:00:38.437000,38.437,4422.557,0.0
2024-03-01 17:00:18.330,0 days 01:13:42.657000,2288.3423933388544,2923.597364406324,-148.63148642445373,,107.49998848,8363.49902592,67.99998208,0,8,3,2261.741873334785,0.4206048586461968,55,407.8758341866671,interpolation,0 days 00:00:38.537000,38.537,4422.657,0.0
2024-03-01 17:00:18.430,0 days 01:13:42.757000,2287.6657478038014,2941.824850568765,-148.40212633770568,,112.0,8744.0,75.0,0,8,3,2264.9016666666657,0.4211924696567085,55,407.5425000000005,interpolation,0 days 00:00:38.637000,38.637,4422.757,0.0
2024-03-01 17:00:18.530,0 days 01:13:42.857000,2288.406224526857,2968.3897744868787,-147.97170564210347,,114.4999936,9119.49903872,79.49998848,0,8,3,2268.130174331742,0.4217928591291399,55,406.8202796266672,interpolation,0 days 00:00:38.737000,38.737,4422.857,0.0
2024-03-01 17:00:18.630,0 days 01:13:42.957000,2292.0,3012.0,-147.0,,117.0,9495.0,84.0,0,8,3,2271.4016666666657,0.42240124224629194,55,406.09805555555613,interpolation,0 days 00:00:38.837000,38.837,4422.957,0.0
2024-03-01 17:00:18.730,0 days 01:13:43.057000,2298.447037423064,3072.655080540564,-145.48701936163556,,123.99998208,9729.49939968,87.99998976,0,8,3,2274.690347448091,0.4230128218131345,55,404.37583774222287,interpolation,0 days 00:00:38.937000,38.937,4423.057,0.0
2024-03-01 17:00:18.830,0 days 01:13:43.157000,2305.0,3130.0,-144.0,,131.0,9964.0,92.0,0,8,3,2277.9962503521947,0.4236276040922583,55,402.6536111111118,interpolation,0 days 00:00:39.037000,39.037,4423.157,0.0
2024-03-01 17:00:18.930,0 days 01:13:43.257000,2308.9114178148193,3163.67853395005,-143.10620890807286,,137.99998208,10198.49939968,95.99998976,0,8,3,2282.032618569094,0.4243782273633435,55,400.9313932977785,interpolation,0 days 00:00:39.137000,39.137,4423.257,0.0
2024-03-01 17:00:19.030,0 days 01:13:43.357000,2310.1813309205236,3173.6910272596515,-142.8056369334135,,145.0,10433.0,100.0,0,8,3,2287.5127777777766,0.42539734524611417,55,399.20916666666744,interpolation,0 days 00:00:39.237000,39.237,4423.357,0.0
2024-03-01 17:00:19.130,0 days 01:13:43.457000,2312.610559365974,3187.857873819454,-142.35225033204645,,145.0,11246.0,100.0,0,8,3,2293.9572222222214,0.4265957864460432,55,396.1869444444451,interpolation,0 days 00:00:39.337000,39.337,4423.457,0.0
2024-03-01 17:00:19.230,0 days 01:13:43.557000,2320.0,3234.0,-141.0,,149.75001216,11256.75002752,100.0,0,8,3,2298.489295509778,0.4274385935174251,55,394.164717045334,interpolation,0 days 00:00:39.437000,39.437,4423.557,0.0
2024-03-01 17:00:19.330,0 days 01:13:43.657000,2331.0,3303.0,-139.0,,154.5,11267.5,100.0,0,8,3,2300.6295015928026,0.4278365969711511,55,392.1425000000006,interpolation,0 days 00:00:39.537000,39.537,4423.657,0.0
2024-03-01 17:00:19.430,0 days 01:13:43.757000,2337.513139978093,3340.156513749568,-137.85884400268594,,159.25001216,11278.25002752,100.0,0,8,3,2303.0780310945383,0.4282919377936872,55,390.1202726008895,interpolation,0 days 00:00:39.637000,39.637,4423.757,0.0
2024-03-01 17:00:19.530,0 days 01:13:43.857000,2343.0,3366.0,-137.0,,164.0,11289.0,100.0,0,8,3,2308.5349999999994,0.42930674309139966,55,388.09805555555613,car,0 days 00:00:39.737000,39.737,4423.857,0.0
2024-03-01 17:00:19.630,0 days 01:13:43.957000,2352.270860166436,3410.178495930003,-135.59581528815772,,173.0,10703.0,100.0,0,8,3,2316.2238888888883,0.43073660741959074,55,383.69805555555604,interpolation,0 days 00:00:39.837000,39.837,4423.957,0.0
2024-03-01 17:00:19.730,0 days 01:13:44.057000,2364.5295832212687,3468.6315991129695,-133.74058727895394,,175.66666211555167,10910.999645013031,100.0,0,8,4,2321.4852069888357,0.4317150285125592,55,381.4091705730408,interpolation,0 days 00:00:39.937000,39.937,4424.057,0.0
2024-03-01 17:00:19.830,0 days 01:13:44.157000,2375.0,3517.0,-132.0,,178.33333788444833,11119.000354986969,100.0,0,8,4,2324.197438466547,0.43221940867669206,55,379.1202738714045,interpolation,0 days 00:00:40.037000,40.037,4424.157,0.0
2024-03-01 17:00:19.930,0 days 01:13:44.257000,2382.88596096307,3551.22325325997,-130.46835430784415,,181.0,11327.0,100.0,0,8,4,2328.290555555555,0.43298058525256106,55,376.83138888888925,car,0 days 00:00:40.137000,40.137,4424.257,0.0
2024-03-01 17:00:20.030,0 days 01:13:44.357000,2391.0,3587.0,-129.0,,186.50001408,11183.99963392,100.0,0,8,4,2334.4196057599506,0.4341203741582926,55,373.16471283555586,interpolation,0 days 00:00:40.237000,40.237,4424.357,0.0
2024-03-01 17:00:20.130,0 days 01:13:44.457000,2402.154487160261,3640.0281645269424,-127.44931759398554,,192.0,11041.0,100.0,0,8,4,2341.090555555555,0.43536093742897164,55,369.49805555555577,interpolation,0 days 00:00:40.337000,40.337,4424.457,0.0
2024-03-01 17:00:20.230,0 days 01:13:44.557000,2413.0,3692.0,-126.0,,195.00000768,10611.49890048,100.0,0,8,4,2346.809502490177,0.4364244614744876,55,366.3869364800005,interpolation,0 days 00:00:40.437000,40.437,4424.557,0.0
2024-03-01 17:00:20.330,0 days 01:13:44.657000,2420.186890795402,3724.6066843786007,-124.8357708482425,,198.0,10182.0,100.0,0,8,4,2352.0905555555546,0.43740655258057437,55,363.27583333333405,interpolation,0 days 00:00:40.537000,40.537,4424.657,0.0
2024-03-01 17:00:20.430,0 days 01:13:44.757000,2432.0,3778.0,-123.0,,201.00000511999562,10366.33364792862,100.0,0,8,4,2357.447936383425,0.43840283798006513,55,360.2684207932892,interpolation,0 days 00:00:40.637000,40.637,4424.757,0.0
2024-03-01 17:00:20.530,0 days 01:13:44.857000,2456.723973507305,3892.3308485613243,-119.53608803655925,,203.99999488000438,10550.66635207138,100.0,0,8,4,2362.8592550630974,0.4394091539329096,55,357.261023651157,interpolation,0 days 00:00:40.737000,40.737,4424.857,0.0
2024-03-01 17:00:20.630,0 days 01:13:44.957000,2483.0,4014.0,-116.0,,207.0,10735.0,100.0,0,8,4,2368.1905555555545,0.44040058930246573,55,354.25361111111215,interpolation,0 days 00:00:40.837000,40.837,4424.957,0.0
2024-03-01 17:00:20.730,0 days 01:13:45.057000,2499.4687459209763,4089.4058076144324,-113.94777261237567,,208.99999658666374,10869.999769599803,100.0,0,8,5,2373.419448217169,0.44137298039834777,55,351.34991236306695,interpolation,0 days 00:00:40.937000,40.937,4425.057,0.0
2024-03-01 17:00:20.830,0 days 01:13:45.157000,2506.13037991055,4118.549043561717,-113.37938485883421,,211.00000341333626,11005.000230400197,100.0,0,8,5,2378.677887941044,0.4423508662140704,55,348.44619874804613,interpolation,0 days 00:00:41.037000,41.037,4425.157,0.0
2024-03-01 17:00:20.930,0 days 01:13:45.257000,2509.226782984825,4130.41757852803,-113.37130851587932,,213.0,11140.0,100.0,0,8,5,2384.757222222221,0.4434814096974554,55,345.5425000000009,car,0 days 00:00:41.137000,41.137,4425.257,0.0
2024-03-01 17:00:21.030,0 days 01:13:45.357000,2515.0,4154.0,-113.0,,216.50000896,11228.50022656,100.0,0,8,5,2391.789414662349,0.444789151461502,55,342.00915762133405,interpolation,0 days 00:00:41.237000,41.237,4425.357,0.0
2024-03-01 17:00:21.130,0 days 01:13:45.457000,2523.449971838484,4189.29606649425,-112.26546311338575,,220.0,11317.0,100.0,0,8,5,2399.423888888888,0.4462088965662592,55,338.47583333333387,interpolation,0 days 00:00:41.337000,41.337,4425.457,0.0
2024-03-01 17:00:21.230,0 days 01:13:45.557000,2534.6456382059228,4236.636170866918,-111.20028023416279,,222.5000064,11493.50045184,100.0,0,8,5,2407.3102187159684,0.4476754780012421,55,335.10915804800067,interpolation,0 days 00:00:41.437000,41.437,4425.557,0.0
2024-03-01 17:00:21.330,0 days 01:13:45.657000,2549.0,4298.0,-110.0,,225.0,11670.0,100.0,0,8,5,2414.4238888888876,0.44899837177299023,55,331.74250000000075,interpolation,0 days 00:00:41.537000,41.537,4425.657,0.0
2024-03-01 17:00:21.430,0 days 01:13:45.757000,2566.582057387451,4373.718213684134,-108.69720001980097,,227.00000512,11750.50020608,100.0,0,8,5,2419.7405377529126,0.44998708245226315,55,329.64457796266703,interpolation,0 days 00:00:41.637000,41.637,4425.757,0.0
2024-03-01 17:00:21.530,0 days 01:13:45.857000,2584.5,4452.5,-107.5,,229.0,11831.0,100.0,0,8,5,2424.538055555555,0.45087925291655123,55,327.5466666666666,interpolation,0 days 00:00:41.737000,41.737,4425.857,0.0
2024-03-01 17:00:21.630,0 days 01:13:45.957000,2599.8623809893247,4523.056129108138,-106.616494047038,,230.33333560888696,11458.999365120542,100.0,0,8,5,2430.0944361134016,0.45191254530356983,55,325.420737112497,interpolation,0 days 00:00:41.837000,41.837,4425.957,0.0
2024-03-01 17:00:21.730,0 days 01:13:46.057000,2613.0,4585.0,-106.0,,231.66666439111304,11087.000634879458,100.0,0,8,5,2436.3181340768224,0.4530699353811128,55,323.29481844305894,interpolation,0 days 00:00:41.937000,41.937,4426.057,0.0
2024-03-01 17:00:21.830,0 days 01:13:46.157000,2624.2439485165523,4637.9463684668135,-105.60382033797713,,233.0,10715.0,100.0,0,8,5,2442.6602777777766,0.4542493522218685,55,321.16888888888934,interpolation,0 days 00:00:42.037000,42.037,4426.157,0.0
2024-03-01 17:00:21.930,0 days 01:13:46.257000,2634.0329323611018,4684.134074646125,-105.37546897186616,,235.99999232,10755.49989632,100.0,0,8,5,2449.029313820437,0.45543377009732045,55,319.0022277688895,interpolation,0 days 00:00:42.137000,42.137,4426.257,0.0
2024-03-01 17:00:22.030,0 days 01:13:46.357000,2645.0,4737.0,-105.0,,239.0,10796.0,100.0,0,8,5,2455.9380555555545,0.45671855434930825,55,316.8355555555563,interpolation,0 days 00:00:42.237000,42.237,4426.357,0.0
2024-03-01 17:00:22.130,0 days 01:13:46.457000,2657.5838600906213,4798.782985489724,-104.42492712119854,,240.49999616,10855.9998464,100.0,0,8,6,2463.8991803694357,0.4581990450350425,55,314.50222819555614,interpolation,0 days 00:00:42.337000,42.337,4426.457,0.0
2024-03-01 17:00:22.230,0 days 01:13:46.557000,2673.0,4882.0,-104.0,,242.0,10916.0,100.0,0,8,6,2472.071388888888,0.45971878990499243,55,312.16888888888934,interpolation,0 days 00:00:42.437000,42.437,4426.557,0.0
2024-03-01 17:00:22.330,0 days 01:13:46.657000,2691.0,4989.0,-104.0,,243.79999631359811,10981.599865651131,100.0,0,8,6,2479.6132165354043,0.4611213059872188,55,310.6457253416696,interpolation,0 days 00:00:42.537000,42.537,4426.657,0.0
2024-03-01 17:00:22.430,0 days 01:13:46.757000,2702.802247222111,5058.784394949079,-103.9750520366444,,245.60000184320094,11047.200067174434,100.0,0,8,6,2486.5247405374907,0.462406607643522,55,309.12255399583256,interpolation,0 days 00:00:42.637000,42.637,4426.757,0.0
2024-03-01 17:00:22.530,0 days 01:13:46.857000,2711.0,5110.0,-104.0,,247.39999815679906,11112.799932825566,100.0,0,8,6,2492.891112838273,0.46359053015617874,55,307.59939044861284,interpolation,0 days 00:00:42.737000,42.737,4426.857,0.0
2024-03-01 17:00:22.630,0 days 01:13:46.957000,2719.65034184254,5171.461396961458,-104.22466632107768,,249.20000368640189,11178.400134348869,100.0,0,8,6,2499.223739294695,0.464768177122424,55,306.0762191027758,interpolation,0 days 00:00:42.837000,42.837,4426.957,0.0
2024-03-01 17:00:22.730,0 days 01:13:47.057000,2728.4966725663503,5240.710149604198,-104.6186987420063,,251.0,11244.0,100.0,0,8,6,2505.607777777777,0.46595538492691563,55,304.55305555555606,interpolation,0 days 00:00:42.937000,42.937,4427.057,0.0
2024-03-01 17:00:22.830,0 days 01:13:47.157000,2736.0,5303.0,-105.0,,252.00000256,11281.00009472,100.0,0,8,6,2512.0432936602406,0.46715216572669277,55,303.42805267555593,interpolation,0 days 00:00:43.037000,43.037,4427.157,0.0
2024-03-01 17:00:22.930,0 days 01:13:47.257000,2741.9037357055086,5355.872503436271,-105.33821623325002,,253.0,11318.0,100.0,0,8,6,2518.530221042573,0.46835850726675154,55,302.30305555555583,interpolation,0 days 00:00:43.137000,43.137,4427.257,0.0
2024-03-01 17:00:23.030,0 days 01:13:47.357000,2747.0,5415.0,-106.0,,254.00000256,11355.00009472,100.0,0,8,6,2524.9309594325064,0.4695488206696509,55,301.1780526755557,interpolation,0 days 00:00:43.237000,43.237,4427.357,0.0
2024-03-01 17:00:23.130,0 days 01:13:47.457000,2752.080800560563,5496.05368289804,-107.35199361849484,,255.0,11392.0,100.0,0,8,6,2531.1077777777773,0.4706974927783586,55,300.0530555555556,car,0 days 00:00:43.337000,43.337,4427.457,0.0
2024-03-01 17:00:23.230,0 days 01:13:47.557000,2755.0,5584.0,-109.0,,255.50000128,11444.5001344,100.0,0,8,6,2537.0607393291675,0.471804535355307,55,299.1086086933335,interpolation,0 days 00:00:43.437000,43.437,4427.557,0.0
2024-03-01 17:00:23.330,0 days 01:13:47.657000,2753.6113790110912,5663.803668615863,-110.54979133579404,,256.0,11497.0,100.0,0,8,6,2542.789783128506,0.4728699370644091,55,298.1641666666669,interpolation,0 days 00:00:43.537000,43.537,4427.657,0.0
2024-03-01 17:00:23.430,0 days 01:13:47.757000,2748.0,5739.0,-112.0,,256.50000128,11549.5001344,100.0,0,8,6,2549.8167496924893,0.4741767069983265,55,297.2197198044448,interpolation,0 days 00:00:43.637000,43.637,4427.757,0.0
2024-03-01 17:00:23.530,0 days 01:13:47.857000,2738.250997052791,5813.122718206689,-113.34922764674089,,257.0,11602.0,100.0,0,8,6,2559.663333333333,0.4760078270608023,55,296.27527777777823,car,0 days 00:00:43.737000,43.737,4427.857,0.0
2024-03-01 17:00:23.630,0 days 01:13:47.957000,2724.2153846497417,5886.3782676459105,-114.62584733529114,,260.0,10951.0,0.0,0,8,6,2571.218888888888,0.47815675610895064,55,294.63083333333407,interpolation,0 days 00:00:43.837000,43.837,4427.957,0.0
2024-03-01 17:00:23.730,0 days 01:13:48.057000,2705.0,5960.0,-116.0,,252.00002048,10741.0005376,0.0,1,8,6,2577.8188789519563,0.47938412335199065,55,294.36416734933385,interpolation,0 days 00:00:43.937000,43.937,4428.057,0.0
2024-03-01 17:00:23.830,0 days 01:13:48.157000,2680.455760647876,6034.194354548751,-117.50005895537393,,244.0,10531.0,0.0,1,8,6,2582.063333333333,0.4801734433695207,55,294.0975000000003,interpolation,0 days 00:00:44.037000,44.037,4428.157,0.0
2024-03-01 17:00:23.930,0 days 01:13:48.257000,2655.0,6101.0,-119.0,,233.3333515377933,10474.333430044528,0.0,1,8,6,2587.6629167879896,0.48121476998383983,55,294.95675779278923,interpolation,0 days 00:00:44.137000,44.137,4428.257,0.0
2024-03-01 17:00:24.030,0 days 01:13:48.357000,2633.0495394630666,6152.45704890123,-120.37382965246283,,222.6666484622067,10417.666569955472,0.0,1,8,6,2594.393263574619,0.4824663790167736,55,295.8160199849894,interpolation,0 days 00:00:44.237000,44.237,4428.357,0.0
2024-03-01 17:00:24.130,0 days 01:13:48.457000,2613.8640528467517,6190.751165404342,-121.65007527732983,,212.0,10361.0,0.0,1,8,6,2600.9077777777775,0.48367785074034736,55,296.6752777777783,interpolation,0 days 00:00:44.337000,44.337,4428.457,0.0
2024-03-01 17:00:24.230,0 days 01:13:48.557000,2593.0,6229.0,-123.0,,202.66665073779137,10488.666884550925,0.0,1,8,6,2606.9821030250478,0.4848074627186728,55,298.57157731041735,interpolation,0 days 00:00:44.437000,44.437,4428.557,0.0
2024-03-01 17:00:24.330,0 days 01:13:48.657000,2569.7170436077013,6269.389352091874,-124.45213142982661,,193.33334926220863,10616.333115449075,0.0,1,8,6,2612.5554303736585,0.4858439066158693,55,300.4678671340277,interpolation,0 days 00:00:44.537000,44.537,4428.657,0.0
2024-03-01 17:00:24.430,0 days 01:13:48.757000,2543.0,6311.0,-126.0,,184.0,10744.0,0.0,1,8,6,2617.263333333333,0.48671941185464973,55,302.36416666666673,interpolation,0 days 00:00:44.637000,44.637,4428.757,0.0
2024-03-01 17:00:24.530,0 days 01:13:48.857000,2511.8341975069698,6352.911882364467,-127.63710542371328,,175.00002304,10184.0014336,0.0,1,8,5,2621.0450169534265,0.4874226727011799,55,304.2974950506668,interpolation,0 days 00:00:44.737000,44.737,4428.857,0.0
2024-03-01 17:00:24.630,0 days 01:13:48.957000,2477.535356735825,6394.0542870814015,-129.34356883516017,,166.0,9624.0,0.0,1,8,5,2624.6411111111106,0.48809142040077524,55,306.2308333333335,interpolation,0 days 00:00:44.837000,44.837,4428.957,0.0
2024-03-01 17:00:24.730,0 days 01:13:49.057000,2448.0,6428.0,-131.0,,158.00002048,10137.99868416,0.0,1,8,4,2628.7921701350915,0.48886337214938,55,309.2030479466668,interpolation,0 days 00:00:44.937000,44.937,4429.057,0.0
2024-03-01 17:00:24.830,0 days 01:13:49.157000,2424.543864602436,6453.678227442676,-132.58652025032202,,150.0,10652.0,0.0,1,8,4,2632.974444444444,0.4896411288489592,55,312.17527777777786,interpolation,0 days 00:00:45.037000,45.037,4429.157,0.0
2024-03-01 17:00:24.930,0 days 01:13:49.257000,2394.0,6481.0,-134.0,,146.0000068266725,10193.334116125112,0.0,1,8,4,2636.664099124916,0.49032727553246425,55,315.41601298764954,interpolation,0 days 00:00:45.137000,45.137,4429.257,0.0
2024-03-01 17:00:25.030,0 days 01:13:49.357000,2343.2009026892506,6519.876890982681,-135.13734038290104,,141.9999931733275,9734.665883874888,0.0,1,8,4,2639.988078110565,0.49094541933034186,55,318.6567647901279,interpolation,0 days 00:00:45.237000,45.237,4429.357,0.0
2024-03-01 17:00:25.130,0 days 01:13:49.457000,2293.0,6556.0,-136.0,,138.0,9276.0,0.0,1,8,3,2643.7077777777777,0.4916371533302202,55,321.8974999999996,car,0 days 00:00:45.337000,45.337,4429.457,0.0
2024-03-01 17:00:25.230,0 days 01:13:49.557000,2264.249685022488,6575.061194660885,-136.58945793226434,,129.99997952,8798.4987776,0.0,1,8,3,2647.9501423682714,0.49242608471975996,55,326.7308457066664,interpolation,0 days 00:00:45.437000,45.437,4429.557,0.0
2024-03-01 17:00:25.330,0 days 01:13:49.657000,2252.9389876913438,6579.727230925443,-136.91140211894503,,122.0,8321.0,0.0,1,8,3,2651.841111111111,0.4931496687756477,55,331.56416666666655,interpolation,0 days 00:00:45.537000,45.537,4429.657,0.0
2024-03-01 17:00:25.430,0 days 01:13:49.757000,2235.0,6586.0,-137.0,,118.99999232,7972.99910912,0.0,1,8,3,2654.5067065206754,0.4936453762627248,55,334.98639764977787,interpolation,0 days 00:00:45.637000,45.637,4429.757,0.0
2024-03-01 17:00:25.530,0 days 01:13:49.857000,2206.421641175379,6596.546388797809,-136.86094464347406,,116.0,7625.0,0.0,1,8,3,2656.9966666666664,0.49410842173559083,55,338.40861111111144,car,0 days 00:00:45.737000,45.737,4429.857,0.0
2024-03-01 17:00:25.630,0 days 01:13:49.957000,2174.0,6607.0,-137.0,,108.99998208,7301.49917184,0.0,1,8,3,2660.3607824116852,0.4947340295664776,55,344.07529228444463,interpolation,0 days 00:00:45.837000,45.837,4429.957,0.0
2024-03-01 17:00:25.730,0 days 01:13:50.057000,2144.5317898961466,6612.994221247782,-137.92293002020813,,102.0,6978.0,0.0,1,8,3,2663.796666666666,0.4953729838293089,55,349.74194444444447,interpolation,0 days 00:00:45.937000,45.937,4430.057,0.0
2024-03-01 17:00:25.830,0 days 01:13:50.157000,2117.0,6615.0,-139.0,,98.49999104,6723.49934848,0.50000128,1,8,3,2666.5020019745357,0.495876081547122,55,354.79751294222234,interpolation,0 days 00:00:46.037000,46.037,4430.157,0.0
2024-03-01 17:00:25.930,0 days 01:13:50.257000,2090.3882031277662,6613.488201795414,-139.60145475529023,,95.0,6469.0,1.0,1,8,3,2669.074444444444,0.49635446584649207,55,359.8530555555558,interpolation,0 days 00:00:46.137000,46.137,4430.257,0.0
2024-03-01 17:00:26.030,0 days 01:13:50.357000,2064.6961267739407,6608.458811153175,-139.72730044498718,,91.99999232,6220.99936512,1.0,1,8,3,2672.111704229988,0.49691928990437045,55,366.2197385208892,interpolation,0 days 00:00:46.237000,46.237,4430.357,0.0
2024-03-01 17:00:26.130,0 days 01:13:50.457000,2040.9061111931576,6600.700045654329,-139.7394946321898,,89.0,5973.0,1.0,1,8,3,2675.0077777777774,0.49745785826159905,55,372.58638888888936,interpolation,0 days 00:00:46.337000,46.337,4430.457,0.0
2024-03-01 17:00:26.230,0 days 01:13:50.557000,2020.0,6591.0,-140.0,,87.66666439111306,5937.333272462274,0.6666660977782632,1,8,3,2677.15672229174,0.4978574867577551,55,376.96417413806813,interpolation,0 days 00:00:46.437000,46.437,4430.557,0.0
2024-03-01 17:00:26.330,0 days 01:13:50.657000,2001.9780072724984,6579.358773518399,-140.50881388084963,,86.33333560888694,5901.666727537726,0.33333390222173676,1,8,3,2678.7208782013704,0.4981483650330468,55,381.3419369730438,interpolation,0 days 00:00:46.537000,46.537,4430.657,0.0
2024-03-01 17:00:26.430,0 days 01:13:50.757000,1986.0,6566.0,-141.0,,85.0,5866.0,0.0,1,8,3,2680.674444444444,0.4985116600063641,55,385.7197222222226,interpolation,0 days 00:00:46.637000,46.637,4430.757,0.0
2024-03-01 17:00:26.530,0 days 01:13:50.857000,1971.2261933319235,6551.147569235232,-141.20761184271723,,84.00000170666813,5830.000061440052,1.333331057775836,0,8,3,2683.179763451123,0.49897756168996965,55,392.58637716976796,interpolation,0 days 00:00:46.737000,46.737,4430.857,0.0
2024-03-01 17:00:26.630,0 days 01:13:50.957000,1957.6564359840945,6534.801329134814,-141.13165153495027,,82.99999829333187,5793.999938559948,2.666668942224164,0,8,3,2686.1289422536797,0.49952600576663286,55,399.45306727467664,interpolation,0 days 00:00:46.837000,46.837,4430.957,0.0
2024-03-01 17:00:26.730,0 days 01:13:51.057000,1945.0085284842244,6516.304515346975,-140.98986545970772,,82.0,5758.0,4.0,0,8,3,2688.874444444444,0.5000365731193771,55,406.319722222222,interpolation,0 days 00:00:46.937000,46.937,4431.057,0.0
2024-03-01 17:00:26.830,0 days 01:13:51.157000,1933.0,6495.0,-141.0,,82.0,5945.00047872,13.00002304,0,8,3,2691.308379515173,0.5004891998883498,55,412.09751479111094,interpolation,0 days 00:00:47.037000,47.037,4431.157,0.0
2024-03-01 17:00:26.930,0 days 01:13:51.257000,1921.6309734984377,6470.8880012515665,-141.16205505204962,,82.0,6132.0,22.0,0,8,3,2693.43,0.5008837470710511,55,417.8752777777777,interpolation,0 days 00:00:47.137000,47.137,4431.257,0.0
2024-03-01 17:00:27.030,0 days 01:13:51.357000,1910.9013325604092,6443.968272194177,-141.47603227530465,,81.74999936,6182.000128,22.75000192,0,8,3,2695.238605081943,0.5012200843400411,55,422.60862322844434,interpolation,0 days 00:00:47.237000,47.237,4431.357,0.0
2024-03-01 17:00:27.130,0 days 01:13:51.457000,1901.471075262184,6417.814533759705,-141.8019920809074,,81.5,6232.0,23.5,0,8,3,2696.7341762409333,0.5014982082512347,55,427.3419444444444,interpolation,0 days 00:00:47.337000,47.337,4431.457,0.0
2024-03-01 17:00:27.230,0 days 01:13:51.557000,1894.0,6396.0,-142.0,,81.24999936,6282.000128,24.25000192,0,8,3,2698.377668495458,0.501803840310998,55,432.07528989511104,interpolation,0 days 00:00:47.437000,47.437,4431.557,0.0
2024-03-01 17:00:27.330,0 days 01:13:51.657000,1888.4881832774718,6378.52489429532,-142.0700540049865,,81.0,6332.0,25.0,0,8,3,2700.6299999999997,0.502222695170282,55,436.8086111111111,car,0 days 00:00:47.537000,47.537,4431.657,0.0
2024-03-01 17:00:27.430,0 days 01:13:51.757000,1884.5642113953722,6364.21207802931,-142.0314546096865,,82.50000384,6486.00039424,31.00001536,0,8,3,2703.4911938184873,0.5027547771181702,55,443.90862928711124,interpolation,0 days 00:00:47.637000,47.637,4431.757,0.0
2024-03-01 17:00:27.530,0 days 01:13:51.857000,1880.0,6346.0,-142.0,,84.0,6640.0,37.0,0,8,3,2706.2299999999996,0.5032640992474615,55,451.00861111111135,interpolation,0 days 00:00:47.737000,47.737,4431.857,0.0
2024-03-01 17:00:27.630,0 days 01:13:51.957000,1874.4241450956392,6322.711514044449,-141.9949896502956,,85.50000384,6779.5003571199995,40.000007679999996,0,8,3,2708.1152259376017,0.50361468531493,55,455.71973428266676,interpolation,0 days 00:00:47.837000,47.837,4431.957,0.0
2024-03-01 17:00:27.730,0 days 01:13:52.057000,1869.0,6298.0,-142.0,,87.0,6919.0,43.0,0,8,3,2710.0966666666664,0.5039831639674189,55,460.43083333333334,car,0 days 00:00:47.937000,47.937,4432.057,0.0
2024-03-01 17:00:27.830,0 days 01:13:52.157000,1864.8908053908049,6275.518346183974,-141.9986074885398,,92.0000128,7220.00077056,52.50002432,0,8,3,2713.1241568172472,0.5045461712149969,55,467.23085074133354,interpolation,0 days 00:00:48.037000,48.037,4432.157,0.0
2024-03-01 17:00:27.930,0 days 01:13:52.257000,1860.0,6247.0,-142.0,,97.0,7521.0,62.0,0,8,3,2716.563333333333,0.5051857377232096,55,474.0308333333337,interpolation,0 days 00:00:48.137000,48.137,4432.257,0.0
2024-03-01 17:00:28.030,0 days 01:13:52.357000,1853.0,6208.0,-142.0,,101.33334072888258,7783.667114950728,66.66667463110431,0,8,3,2719.779899377576,0.5057839064719583,55,479.7493616114488,interpolation,0 days 00:00:48.237000,48.237,4432.357,0.0
2024-03-01 17:00:28.130,0 days 01:13:52.457000,1848.5052552976167,6181.451230183303,-141.9184156620505,,105.66665927111742,8046.332885049272,71.33332536889569,0,8,3,2722.8622635437027,0.5063571183665935,55,485.46786061077415,interpolation,0 days 00:00:48.337000,48.337,4432.457,0.0
2024-03-01 17:00:28.230,0 days 01:13:52.557000,1847.284789467075,6171.17553207842,-141.74188073225977,,110.0,8309.0,76.0,0,8,3,2726.341111111111,0.5070040623024122,55,491.18638888888927,interpolation,0 days 00:00:48.437000,48.437,4432.557,0.0
2024-03-01 17:00:28.330,0 days 01:13:52.657000,1846.4219417029985,6160.812162654326,-141.4444067163384,,114.99998719999999,8813.9987072,79.99998976,0,8,3,2730.3048479877716,0.507741178685309,55,497.3273453902224,interpolation,0 days 00:00:48.537000,48.537,4432.657,0.0
2024-03-01 17:00:28.430,0 days 01:13:52.757000,1843.0,6134.0,-141.0,,120.0,9319.0,84.0,0,8,3,2734.3077777777776,0.5084855835788761,55,503.46833333333325,interpolation,0 days 00:00:48.637000,48.637,4432.757,0.0
2024-03-01 17:00:28.530,0 days 01:13:52.857000,1837.018999398674,6090.739318671284,-140.4086651339577,,124.99999146665938,9660.999416319502,86.33332935110771,0,8,3,2737.9041225065657,0.5091543778759302,55,507.92758498211685,interpolation,0 days 00:00:48.737000,48.737,4432.857,0.0
2024-03-01 17:00:28.630,0 days 01:13:52.957000,1831.0,6045.0,-140.0,,130.0000085333406,10003.000583680498,88.66667064889229,0,8,3,2741.1973245045683,0.509766798230876,55,512.3868594623274,interpolation,0 days 00:00:48.837000,48.837,4432.957,0.0
2024-03-01 17:00:28.730,0 days 01:13:53.057000,1827.0,6008.0,-140.0,,135.0,10345.0,91.0,0,8,3,2744.8077777777776,0.5104382162235879,55,516.846111111111,interpolation,0 days 00:00:48.937000,48.937,4433.057,0.0
2024-03-01 17:00:28.830,0 days 01:13:53.157000,1822.233825962767,5963.221778778773,-139.78698350948378,,140.0000128,10844.00127744,95.50001152,0,8,3,2748.838924801099,0.5111878685353375,55,521.4016783288889,interpolation,0 days 00:00:49.037000,49.037,4433.157,0.0
2024-03-01 17:00:28.930,0 days 01:13:53.257000,1816.5695078152705,5910.793719424934,-139.32277687449803,,145.0,11343.0,100.0,0,8,3,2752.8633333333332,0.511936267723499,55,525.9572222222223,interpolation,0 days 00:00:49.137000,49.137,4433.257,0.0
2024-03-01 17:00:29.030,0 days 01:13:53.357000,1812.0,5868.0,-139.0,,150.3333424355478,11346.333339022218,100.0,0,8,3,2756.4536536221613,0.5126039416854931,55,529.237505598336,interpolation,0 days 00:00:49.237000,49.237,4433.357,0.0
2024-03-01 17:00:29.130,0 days 01:13:53.457000,1808.857515214976,5837.7218199489635,-138.88409307589333,,155.6666575644522,11349.666660977782,100.0,0,8,3,2759.7553409533593,0.5132179400155433,55,532.5177721794417,interpolation,0 days 00:00:49.337000,49.337,4433.457,0.0
2024-03-01 17:00:29.230,0 days 01:13:53.557000,1806.824959587174,5816.990923437748,-138.94473419866205,,161.0,11353.0,100.0,0,8,3,2763.6413888888887,0.5139406089734319,55,535.7980555555555,interpolation,0 days 00:00:49.437000,49.437,4433.557,0.0
2024-03-01 17:00:29.330,0 days 01:13:53.657000,1804.0,5788.0,-139.0,,165.49998848,10998.50090752,100.0,0,8,3,2768.2572496862845,0.5147989975902356,55,539.6313790755554,interpolation,0 days 00:00:49.537000,49.537,4433.657,0.0
2024-03-01 17:00:29.430,0 days 01:13:53.757000,1800.0655458318963,5747.780806983179,-139.01957032920438,,170.0,10644.0,100.0,0,8,3,2773.085833333333,0.515696945214707,55,543.464722222222,interpolation,0 days 00:00:49.637000,49.637,4433.757,0.0
2024-03-01 17:00:29.530,0 days 01:13:53.857000,1795.1473895165132,5696.59394101861,-139.00882008197146,,174.74998784,10874.99940864,100.0,0,14,4,2777.60995310673,0.5165382732107184,55,545.4369393955553,interpolation,0 days 00:00:49.737000,49.737,4433.857,1.0
2024-03-01 17:00:29.630,0 days 01:13:53.957000,1790.0,5636.0,-139.0,,179.5,11106.0,100.0,0,14,4,2781.8296553335754,0.5173229901934899,55,547.4091666666664,interpolation,0 days 00:00:49.837000,49.837,4433.957,1.0
2024-03-01 17:00:29.730,0 days 01:13:54.057000,1784.7491821364342,5566.25978919556,-138.99848526970345,,184.24998784,11336.99940864,100.0,0,14,4,2786.9274196803053,0.5182709960104874,55,549.3813838399997,interpolation,0 days 00:00:49.937000,49.937,4434.057,1.0
2024-03-01 17:00:29.830,0 days 01:13:54.157000,1780.0,5502.0,-139.0,,189.0,11568.0,100.0,0,14,4,2794.0858333333335,0.5196022105041306,55,551.3536111111107,interpolation,0 days 00:00:50.037000,50.037,4434.157,1.0
2024-03-01 17:00:29.930,0 days 01:13:54.257000,1776.357620064882,5457.848695967892,-139.0002682998081,,193.0,10728.0,100.0,0,12,4,2802.663611111111,0.5211973770667946,55,553.6647222222218,interpolation,0 days 00:00:50.137000,50.137,4434.257,1.0
2024-03-01 17:00:30.030,0 days 01:13:54.357000,1773.0,5416.0,-139.0,,197.00000682666084,10715.333311715574,100.0,0,12,4,2808.813536742626,0.5223410480716181,55,553.7536112628142,interpolation,0 days 00:00:50.237000,50.237,4434.357,1.0
2024-03-01 17:00:30.130,0 days 01:13:54.457000,1769.1051691542925,5358.648915637404,-138.99990493144787,,200.99999317333916,10702.666688284426,100.0,0,12,4,2812.3859141537446,0.5230053852861115,55,553.8424998482959,interpolation,0 days 00:00:50.337000,50.337,4434.457,1.0
2024-03-01 17:00:30.230,0 days 01:13:54.557000,1764.81711075497,5288.746146203927,-138.9999570391792,,205.0,10690.0,100.0,0,12,4,2816.330277777778,0.5237388989218162,55,553.9313888888883,interpolation,0 days 00:00:50.437000,50.437,4434.557,1.0
2024-03-01 17:00:30.330,0 days 01:13:54.657000,1761.0,5224.0,-139.0,,208.49999104,10858.99956736,100.0,0,12,5,2821.1381660050674,0.5246329979222668,55,553.5980564088883,interpolation,0 days 00:00:50.537000,50.537,4434.657,1.0
2024-03-01 17:00:30.430,0 days 01:13:54.757000,1757.797820912453,5167.361104623923,-139.00000776035117,,212.0,11028.0,100.0,0,12,5,2828.1080555555554,0.5259291535285828,55,553.2647222222217,interpolation,0 days 00:00:50.637000,50.637,4434.757,1.0
2024-03-01 17:00:30.530,0 days 01:13:54.857000,1755.0,5117.0,-139.0,,215.0,11290.0,100.0,0,12,5,2837.663611111111,0.5277061525491672,55,552.375833333333,interpolation,0 days 00:00:50.737000,50.737,4434.857,1.0
2024-03-01 17:00:30.630,0 days 01:13:54.957000,1752.3959023303187,5071.086130372664,-138.9999963987138,,218.50000896,11473.00046848,100.0,0,12,5,2844.556737134522,0.5289880328251123,55,551.3480529244439,interpolation,0 days 00:00:50.837000,50.837,4434.957,1.0
2024-03-01 17:00:30.730,0 days 01:13:55.057000,1749.9855545693008,5029.619965898735,-138.99999695652934,,222.0,11656.0,100.0,0,12,5,2849.9969444444446,0.5299997210524794,55,550.3202777777769,interpolation,0 days 00:00:50.937000,50.937,4435.057,1.0
2024-03-01 17:00:30.830,0 days 01:13:55.157000,1746.8324128836277,4976.09353303536,-138.99999903608028,,223.50000384,11749.50023936,100.0,0,12,5,2856.0685615865264,0.5311288294179862,55,549.0147188799995,interpolation,0 days 00:00:51.037000,51.037,4435.157,1.0
2024-03-01 17:00:30.930,0 days 01:13:55.257000,1742.0,4894.0,-139.0,,225.0,11843.0,100.0,0,12,5,2862.496944444444,0.5323242837247553,55,547.7091666666665,interpolation,0 days 00:00:51.137000,51.137,4435.257,1.0
2024-03-01 17:00:31.030,0 days 01:13:55.357000,1736.0,4792.0,-139.0,,228.6666729244391,11415.332603449511,100.0,0,12,5,2869.0075769018786,0.5335350335794321,55,546.0239786054344,interpolation,0 days 00:00:51.237000,51.237,4435.357,1.0
2024-03-01 17:00:31.130,0 days 01:13:55.457000,1731.9028495165317,4722.062977130905,-138.99999994628166,,232.3333270755609,10987.667396550489,100.0,0,12,5,2875.442286911706,0.5347316645150932,55,544.338799172343,interpolation,0 days 00:00:51.337000,51.337,4435.457,1.0
2024-03-01 17:00:31.230,0 days 01:13:55.557000,1729.7811050334521,4685.254033341395,-138.99999997579113,,236.0,10560.0,100.0,0,12,5,2880.8525,0.5357377748666218,55,542.6536111111109,interpolation,0 days 00:00:51.437000,51.437,4435.557,1.0
2024-03-01 17:00:31.330,0 days 01:13:55.657000,1727.0,4636.0,-139.0,,237.49999616,10699.9996416,100.0,0,12,6,2885.080055387905,0.536523952262598,55,541.0758373724444,interpolation,0 days 00:00:51.537000,51.537,4435.657,1.0
2024-03-01 17:00:31.430,0 days 01:13:55.757000,1723.120370810761,4566.704717002558,-139.0000000041537,,239.0,10840.0,100.0,0,12,6,2891.4747222222218,0.5377131365685736,55,539.4980555555558,interpolation,0 days 00:00:51.637000,51.637,4435.757,1.0
2024-03-01 17:00:31.530,0 days 01:13:55.857000,1719.0,4489.0,-139.0,,244.0,11132.0,100.0,0,12,6,2902.3191666666667,0.5397298238291437,55,535.9869444444444,interpolation,0 days 00:00:51.737000,51.737,4435.857,1.0
2024-03-01 17:00:31.630,0 days 01:13:55.957000,1715.4965881819883,4414.516159363236,-138.99999999928664,,246.00000512,11198.00016896,100.0,0,12,6,2911.2114798691728,0.5413834829764023,55,533.9119391324444,interpolation,0 days 00:00:51.837000,51.837,4435.957,1.0
2024-03-01 17:00:31.730,0 days 01:13:56.057000,1712.0,4338.0,-139.0,,248.0,11264.0,100.0,0,12,6,2917.0845765611616,0.5424756734836714,55,531.8369444444445,interpolation,0 days 00:00:51.937000,51.937,4436.057,1.0
2024-03-01 17:00:31.830,0 days 01:13:56.157000,1707.900028417302,4254.196780577949,-139.00000000012648,,250.00000512,11330.00016896,100.0,0,12,6,2921.8750005618967,0.5433665247489902,55,529.7619391324446,interpolation,0 days 00:00:52.037000,52.037,4436.157,1.0
2024-03-01 17:00:31.930,0 days 01:13:56.257000,1704.0,4174.0,-139.0,,252.0,11396.0,100.0,0,12,6,2927.5191666666665,0.5444161421764518,55,527.6869444444446,interpolation,0 days 00:00:52.137000,52.137,4436.257,1.0
2024-03-01 17:00:32.030,0 days 01:13:56.357000,1701.1031593942216,4108.30147780938,-138.99999999995458,,254.75000704,11488.00023552,100.0,0,12,6,2934.0171326718787,0.5456245365141666,55,525.2702715911114,interpolation,0 days 00:00:52.237000,52.237,4436.357,1.0
2024-03-01 17:00:32.130,0 days 01:13:56.457000,1698.951858998489,4053.168502213874,-138.9999999999783,,257.5,11580.0,100.0,0,12,6,2941.3688320385327,0.5469916953882081,55,522.8536111111114,interpolation,0 days 00:00:52.337000,52.337,4436.457,1.0
2024-03-01 17:00:32.230,0 days 01:13:56.557000,1696.0,3985.0,-139.0,,260.25000704,11672.00023552,100.0,0,12,6,2949.1012916792565,0.5484296623518645,55,520.4369382577781,interpolation,0 days 00:00:52.437000,52.437,4436.557,1.0
2024-03-01 17:00:32.330,0 days 01:13:56.657000,1691.9899353606654,3899.8632846680757,-139.0000000000079,,263.0,11764.0,100.0,0,12,6,2956.7413888888887,0.5498504531347502,55,518.0202777777781,interpolation,0 days 00:00:52.537000,52.537,4436.657,1.0
2024-03-01 17:00:32.430,0 days 01:13:56.757000,1687.1666125931727,3802.348221888069,-139.0000000000039,,264.50000384,11176.99849728,100.0,0,12,6,2964.2892019022247,0.5512540822857998,55,515.7147163200004,interpolation,0 days 00:00:52.637000,52.637,4436.757,1.0
2024-03-01 17:00:32.530,0 days 01:13:56.857000,1683.0,3720.0,-139.0,,266.0,10590.0,100.0,0,12,6,2971.5191666666665,0.5525986027828631,55,513.4091666666673,interpolation,0 days 00:00:52.737000,52.737,4436.857,1.0
2024-03-01 17:00:32.630,0 days 01:13:56.957000,1679.73504349078,3657.4085132280825,-138.99999999999818,,267.50000384,10675.0002176,100.0,0,12,6,2978.2058704540486,0.5538420957448402,55,511.53416186666726,interpolation,0 days 00:00:52.837000,52.837,4436.957,1.0
2024-03-01 17:00:32.730,0 days 01:13:57.057000,1677.3717764985818,3614.5744025075014,-138.9999999999984,,269.0,10760.0,100.0,0,12,6,2984.3492447927,0.554984548438396,55,509.65916666666726,interpolation,0 days 00:00:52.937000,52.937,4437.057,1.0
2024-03-01 17:00:32.830,0 days 01:13:57.157000,1674.5726046170898,3560.702764133098,-138.9999999999995,,270.50000384,10845.0002176,100.0,0,12,6,2990.8776148843363,0.5561985968724618,55,507.78416186666726,interpolation,0 days 00:00:53.037000,53.037,4437.157,1.0
2024-03-01 17:00:32.930,0 days 01:13:57.257000,1670.0,3465.0,-139.0,,272.0,10930.0,100.0,0,12,7,2998.7191666666663,0.5576568511577356,55,505.90916666666726,car,0 days 00:00:53.137000,53.137,4437.257,1.0
2024-03-01 17:00:33.030,0 days 01:13:57.357000,1663.6539158237379,3327.4651301097633,-139.0000000000001,,274.5000064,10964.50008832,100.0,0,12,7,3007.8739804373763,0.559359326226778,55,503.3758268480006,interpolation,0 days 00:00:53.237000,53.237,4437.357,1.0
2024-03-01 17:00:33.130,0 days 01:13:57.457000,1658.0,3204.0,-139.0,,277.0,10999.0,100.0,0,12,7,3017.185833333333,0.5610910050789112,55,500.84250000000065,interpolation,0 days 00:00:53.337000,53.337,4437.457,1.0
2024-03-01 17:00:33.230,0 days 01:13:57.557000,1655.5037775605515,3150.5037825697955,-139.0,,278.75000448,11053.75014016,100.0,0,12,7,3025.4986915900504,0.5626369058791901,55,498.87027272888946,interpolation,0 days 00:00:53.437000,53.437,4437.557,1.0
2024-03-01 17:00:33.330,0 days 01:13:57.657000,1655.5003345735363,3151.152700554187,-139.0,,280.5,11108.5,100.0,0,12,7,3032.8124700840776,0.5639970127976308,55,496.8980555555561,interpolation,0 days 00:00:53.537000,53.537,4437.657,1.0
2024-03-01 17:00:33.430,0 days 01:13:57.757000,1654.0,3111.0,-139.0,,282.25000448,11163.25014016,100.0,0,12,7,3040.2018594827327,0.5653711806989928,55,494.9258282844449,interpolation,0 days 00:00:53.637000,53.637,4437.757,1.0
2024-03-01 17:00:33.530,0 days 01:13:57.857000,1650.3378497102226,3014.2217670050136,-139.0,,284.0,11218.0,100.0,0,12,7,3048.7413888888887,0.566959234402701,55,492.9536111111115,interpolation,0 days 00:00:53.737000,53.737,4437.857,1.0
2024-03-01 17:00:33.630,0 days 01:13:57.957000,1646.0,2906.0,-139.0,,285.00000256,11290.00018432,100.0,0,12,7,3058.4311457475396,0.5687611901704651,55,490.6202718044447,interpolation,0 days 00:00:53.837000,53.837,4437.957,1.0
2024-03-01 17:00:33.730,0 days 01:13:58.057000,1642.472649085081,2831.518796614545,-138.9999999999999,,286.0,11362.0,100.0,0,12,7,3067.8080555555553,0.570504967332146,55,488.28694444444454,interpolation,0 days 00:00:53.937000,53.937,4438.057,1.0
2024-03-01 17:00:33.830,0 days 01:13:58.157000,1639.0,2763.0,-139.0,,287.00000256,11397.25009024,100.0,0,12,7,3075.409239052433,0.5719185215259028,55,486.82027402311115,interpolation,0 days 00:00:54.037000,54.037,4438.157,1.0
2024-03-01 17:00:33.930,0 days 01:13:58.257000,1634.8263274592973,2672.6669176281243,-139.00000000000045,,288.0,11432.5,100.0,0,12,7,3081.2346184022545,0.5730018382769781,55,485.35361111111115,interpolation,0 days 00:00:54.137000,54.137,4438.257,1.0
2024-03-01 17:00:34.030,0 days 01:13:58.357000,1630.1320528772312,2565.7901861428645,-139.00000000000097,,289.00000256,11467.75009024,100.0,0,12,7,3086.791193768724,0.5740351668915848,55,483.88694068977776,interpolation,0 days 00:00:54.237000,54.237,4438.357,1.0
2024-03-01 17:00:34.130,0 days 01:13:58.457000,1626.0,2474.0,-139.0,,290.0,11503.0,100.0,0,12,7,3093.585833333333,0.5752987321318617,55,482.42027777777776,car,0 days 00:00:54.337000,54.337,4438.457,1.0
2024-03-01 17:00:34.230,0 days 01:13:58.557000,1622.6105906680473,2402.566980922725,-138.9999999999973,,290.50000128,11531.50007296,100.0,0,12,7,3101.6186066733603,0.5767925469367482,55,480.670273297778,interpolation,0 days 00:00:54.437000,54.437,4438.557,1.0
2024-03-01 17:00:34.330,0 days 01:13:58.657000,1619.0,2328.0,-139.0,,291.0,11560.0,100.0,0,12,7,3109.7524999999996,0.5783051665213385,55,478.9202777777782,car,0 days 00:00:54.537000,54.537,4438.657,1.0
2024-03-01 17:00:34.430,0 days 01:13:58.757000,1614.2043314344612,2226.8064332802383,-139.0000000000154,,292.50000384,11618.50014976,100.0,0,12,7,3116.8506650711092,0.5796251768866149,55,477.1980511466671,interpolation,0 days 00:00:54.637000,54.637,4438.757,1.0
2024-03-01 17:00:34.530,0 days 01:13:58.857000,1608.5505377705038,2106.48267223252,-139.00000000003408,,294.0,11677.0,100.0,0,12,7,3126.085833333333,0.581342595079779,55,475.47583333333387,car,0 days 00:00:54.737000,54.737,4438.857,1.0
2024-03-01 17:00:34.630,0 days 01:13:58.957000,1604.0,2012.0,-139.0,,297.0,11677.0,100.0,0,12,7,3139.285833333333,0.5837973332617024,55,472.5869444444447,interpolation,0 days 00:00:54.837000,54.837,4438.957,1.0
2024-03-01 17:00:34.730,0 days 01:13:59.057000,1600.8796684118913,1950.854739332374,-138.99999999990382,,297.6666655288879,11346.333897671593,100.0,0,12,8,3148.380177850128,0.5854885631651071,55,471.0054656620274,interpolation,0 days 00:00:54.937000,54.937,4439.057,1.0
2024-03-01 17:00:34.830,0 days 01:13:59.157000,1599.1895110539003,1923.0462641005713,-138.99999999974557,,298.3333344711121,11015.666102328407,100.0,0,12,8,3153.393283299143,0.5864208253890242,55,469.423978782418,interpolation,0 days 00:00:55.037000,55.037,4439.157,1.0
2024-03-01 17:00:34.930,0 days 01:13:59.257000,1597.1546122489565,1885.71493329842,-138.99999999971453,,299.0,10685.0,100.0,0,12,8,3162.5413888888884,0.588122052971101,55,467.84250000000065,interpolation,0 days 00:00:55.137000,55.137,4439.257,1.0
2024-03-01 17:00:35.030,0 days 01:13:59.357000,1593.0,1796.0,-139.0,,301.0,10738.0,100.0,0,12,8,3175.835555555555,0.5905943028584888,55,465.23666666666713,interpolation,0 days 00:00:55.237000,55.237,4439.357,1.0
2024-03-01 17:00:35.130,0 days 01:13:59.457000,1587.0,1662.0,-139.0,,301.9999982933319,10754.999970986642,100.0,0,12,8,3185.1251596192283,0.5923218442062198,55,463.88111342459507,interpolation,0 days 00:00:55.337000,55.337,4439.457,1.0
2024-03-01 17:00:35.230,0 days 01:13:59.557000,1580.8002637512523,1532.299678431555,-138.99999999610256,,303.0000017066681,10772.000029013358,100.0,0,12,8,3189.99482931156,0.5932274323976684,55,462.5255532420726,interpolation,0 days 00:00:55.437000,55.437,4439.557,1.0
2024-03-01 17:00:35.330,0 days 01:13:59.657000,1574.9390738990403,1418.4319898569759,-138.99999999050468,,304.0,10789.0,100.0,0,12,8,3196.102222222222,0.5943631938044722,55,461.1700000000005,interpolation,0 days 00:00:55.537000,55.537,4439.657,1.0
2024-03-01 17:00:35.430,0 days 01:13:59.757000,1571.0,1341.0,-139.0,,304.50000128,10812.50006016,100.0,0,12,8,3204.390360180109,0.5959044974940385,55,459.5866626133335,interpolation,0 days 00:00:55.637000,55.637,4439.757,1.0
2024-03-01 17:00:35.530,0 days 01:13:59.857000,1569.2470184004428,1303.4385110804683,-139.00000002738736,,305.0,10836.0,100.0,0,12,8,3213.0466666666666,0.597514267649113,55,458.0033333333331,interpolation,0 days 00:00:55.737000,55.737,4439.857,1.0
2024-03-01 17:00:35.630,0 days 01:13:59.957000,1569.6801111497912,1305.74713846775,-139.00000007266704,,306.0000017066652,10866.666719004399,100.0,0,12,8,3220.258738674425,0.598855460719433,55,456.52027524669836,interpolation,0 days 00:00:55.837000,55.837,4439.957,1.0
2024-03-01 17:00:35.730,0 days 01:14:00.057000,1568.0231624042306,1270.43247950091,-139.0000000816132,,306.9999982933348,10897.333280995601,100.0,0,12,8,3226.7751373541923,0.6000672828897254,55,455.03722475330153,interpolation,0 days 00:00:55.937000,55.937,4440.057,1.0
2024-03-01 17:00:35.830,0 days 01:14:00.157000,1560.0,1120.0,-139.0,,308.0,10928.0,100.0,0,12,8,3237.087777777778,0.6019850732082271,55,453.5541666666668,interpolation,0 days 00:00:56.037000,56.037,4440.157,1.0
2024-03-01 17:00:35.930,0 days 01:14:00.257000,1547.0,880.0,-139.0,,308.0,10936.0,100.0,0,12,8,3250.776666666666,0.6045307276191105,55,451.0652777777782,interpolation,0 days 00:00:56.137000,56.137,4440.257,1.0
2024-03-01 17:00:36.030,0 days 01:14:00.357000,1537.3588638516203,703.7238876591304,-139.00000111465198,,308.50000128,10956.0000512,100.0,0,12,8,3260.8307482893047,0.6064004350466304,55,449.5930517866671,interpolation,0 days 00:00:56.237000,56.237,4440.357,1.0
2024-03-01 17:00:36.130,0 days 01:14:00.457000,1532.46598418577,616.7222276504932,-139.00000351611635,,309.0,10976.0,100.0,0,12,8,3267.943333333333,0.6077231270223695,55,448.12083333333385,interpolation,0 days 00:00:56.337000,56.337,4440.457,1.0
2024-03-01 17:00:36.230,0 days 01:14:00.557000,1531.6302426666762,606.1396970689499,-139.00000646675582,,310.00000256,10921.74986112,100.0,0,12,8,3273.9764309526045,0.608845072104286,55,446.8986079822228,interpolation,0 days 00:00:56.437000,56.437,4440.557,1.0
2024-03-01 17:00:36.330,0 days 01:14:00.657000,1530.7052738395066,594.8504703880642,-139.00000554060748,,311.0,10867.5,100.0,0,12,8,3278.9299793683563,0.6097662588036916,55,445.6763888888895,interpolation,0 days 00:00:56.537000,56.537,4440.657,1.0
2024-03-01 17:00:36.430,0 days 01:14:00.757000,1529.0,570.0,-139.0,,312.00000256,10813.24986112,100.0,0,12,8,3285.3457959346065,0.6109593762198575,55,444.45416353777847,interpolation,0 days 00:00:56.637000,56.637,4440.757,1.0
2024-03-01 17:00:36.530,0 days 01:14:00.857000,1526.514438610116,531.5885403729218,-138.99998984499018,,313.0,10759.0,100.0,0,8,8,3295.7655555555552,0.612897086961373,55,443.23194444444516,car,0 days 00:00:56.737000,56.737,4440.857,0.0
2024-03-01 17:00:36.630,0 days 01:14:00.957000,1523.3371859042911,474.71766411323944,-138.9999799986629,,298.0,10656.0,0.0,0,8,8,3309.0099999999993,0.6153600902550199,55,441.49861111111204,interpolation,0 days 00:00:56.837000,56.837,4440.957,0.0
2024-03-01 17:00:36.730,0 days 01:14:01.057000,1520.0,370.0,-139.0,,283.0000384,10410.00062976,0.0,1,8,8,3318.0028644494914,0.61703244841631,55,441.30416716444523,interpolation,0 days 00:00:56.937000,56.937,4441.057,0.0
2024-03-01 17:00:36.830,0 days 01:14:01.157000,1517.0,229.0,-139.0,,268.0,10164.0,0.0,1,8,8,3323.8988888888885,0.618128902682442,55,441.1097222222229,interpolation,0 days 00:00:57.037000,57.037,4441.157,0.0
2024-03-01 17:00:36.930,0 days 01:14:01.257000,1516.7883852413552,150.49961504519632,-138.99965136709596,,259.0000184320094,10087.60015646728,0.0,1,8,8,3329.032025770516,0.6190834865533792,55,442.1119423918929,interpolation,0 days 00:00:57.137000,57.137,4441.257,0.0
2024-03-01 17:00:37.030,0 days 01:14:01.357000,1519.0,106.0,-139.0,,249.9999907839953,10011.19992176636,0.0,1,8,8,3333.402327657845,0.6198962098040881,55,443.11416769294334,interpolation,0 days 00:00:57.237000,57.237,4441.357,0.0
2024-03-01 17:00:37.130,0 days 01:14:01.457000,1522.8611364829712,50.540010912938065,-139.00214656981944,,241.0000092160047,9934.80007823364,0.0,1,8,8,3337.3784846051235,0.6206356358855883,55,444.1163878626134,interpolation,0 days 00:00:57.337000,57.337,4441.457,0.0
2024-03-01 17:00:37.230,0 days 01:14:01.557000,1528.4238304937066,-13.962894481660351,-139.00477625114206,,231.99998156799057,9858.39984353272,0.0,1,8,8,3343.1729650437564,0.6217132065202188,55,445.11861316366384,interpolation,0 days 00:00:57.437000,57.437,4441.557,0.0
2024-03-01 17:00:37.330,0 days 01:14:01.657000,1536.0,-76.0,-139.0,,223.0,9782.0,0.0,1,8,7,3351.154444444444,0.6231974824469689,55,446.12083333333385,car,0 days 00:00:57.537000,57.537,4441.657,0.0
2024-03-01 17:00:37.430,0 days 01:14:01.757000,1545.6417188473295,-133.65391525730175,-138.98650292009123,,210.0,10200.0,0.0,1,8,7,3360.4877777777774,0.6249331559089351,55,448.5208333333335,interpolation,0 days 00:00:57.637000,57.637,4441.757,0.0
2024-03-01 17:00:37.530,0 days 01:14:01.857000,1557.4464844991574,-187.50060712604562,-138.97169104783518,,205.66667406222854,9971.667056355887,0.0,1,8,6,3366.1615516742986,0.6259882793497981,55,450.0319418654797,interpolation,0 days 00:00:57.737000,57.737,4441.857,0.0
2024-03-01 17:00:37.630,0 days 01:14:01.957000,1572.0,-241.0,-139.0,,201.33332593777146,9743.332943644113,0.0,1,8,6,3368.40685008686,0.6264058263000347,55,451.54305813452146,interpolation,0 days 00:00:57.837000,57.837,4441.957,0.0
2024-03-01 17:00:37.730,0 days 01:14:02.057000,1589.3997125166507,-294.7281032938452,-139.07883538491265,,197.0,9515.0,0.0,1,8,5,3373.6211111111106,0.6273754964232728,55,453.0541666666677,car,0 days 00:00:57.937000,57.937,4442.057,0.0
2024-03-01 17:00:37.830,0 days 01:14:02.157000,1609.0,-344.0,-139.0,,187.0,9291.0,0.0,1,8,5,3381.9322222222218,0.628921072315595,55,456.56527777777865,interpolation,0 days 00:00:58.037000,58.037,4442.157,0.0
2024-03-01 17:00:37.930,0 days 01:14:02.257000,1630.1548615210106,-384.12971839085856,-138.55529664268903,,182.50001152,9087.00052224,0.0,1,8,5,3387.709635168113,0.6299954689937024,55,459.03749367111214,interpolation,0 days 00:00:58.137000,58.137,4442.257,0.0
2024-03-01 17:00:38.030,0 days 01:14:02.357000,1650.0,-416.0,-138.0,,178.0,8883.0,0.0,1,8,5,3391.8211111111104,0.6307600596741066,55,461.50972222222344,interpolation,0 days 00:00:58.237000,58.237,4442.357,0.0
2024-03-01 17:00:38.130,0 days 01:14:02.457000,1665.6706985173118,-440.4928490808003,-137.58939499894655,,175.00000512000437,8717.000283306908,0.0,1,8,5,3396.0727284834647,0.6315507117573526,55,464.1023103901209,interpolation,0 days 00:00:58.337000,58.337,4442.457,0.0
2024-03-01 17:00:38.230,0 days 01:14:02.557000,1695.0,-472.0,-137.0,,171.99999487999563,8550.999716693092,0.0,1,8,5,3400.4610955096523,0.6323667944918584,55,466.6949118321038,interpolation,0 days 00:00:58.437000,58.437,4442.557,0.0
2024-03-01 17:00:38.330,0 days 01:14:02.657000,1750.0,-520.0,-136.0,,169.0,8385.0,0.0,1,8,5,3404.965555555555,0.6332044664663754,55,469.2875000000013,interpolation,0 days 00:00:58.537000,58.537,4442.657,0.0
2024-03-01 17:00:38.430,0 days 01:14:02.757000,1795.7480442577228,-555.0174069697633,-135.13932782995744,,166.99999488,8327.74985344,0.0,0,8,5,3409.582719434754,0.6340630974108048,55,472.3152855288901,interpolation,0 days 00:00:58.637000,58.637,4442.757,0.0
2024-03-01 17:00:38.530,0 days 01:14:02.857000,1826.4231777392497,-572.1392486477255,-134.5096486995011,,165.0,8270.5,0.0,0,8,5,3414.312539867612,0.634942678532788,55,475.3430555555567,interpolation,0 days 00:00:58.737000,58.737,4442.857,0.0
2024-03-01 17:00:38.630,0 days 01:14:02.957000,1853.6369002711294,-582.4415645617804,-134.12514265929585,,162.99999488,8213.24985344,0.0,0,8,5,3418.8411132644405,0.6357848347469424,55,478.37084108444554,interpolation,0 days 00:00:58.837000,58.837,4442.957,0.0
2024-03-01 17:00:38.730,0 days 01:14:03.057000,1889.0,-597.0,-134.0,,161.0,8156.0,0.0,0,8,5,3422.8544444444437,0.6365311739351436,55,481.39861111111213,interpolation,0 days 00:00:58.937000,58.937,4443.057,0.0
2024-03-01 17:00:38.830,0 days 01:14:03.157000,1932.0,-615.0,-134.0,,160.74999936,8213.00014592,19.500049920000002,0,8,5,3426.35257450424,0.6371817037399251,55,484.22361834311204,interpolation,0 days 00:00:59.037000,59.037,4443.157,0.0
2024-03-01 17:00:38.930,0 days 01:14:03.257000,1979.559451939915,-631.5531977080357,-133.31983289040272,,160.5,8270.0,39.0,0,8,5,3429.3354676230665,0.6377364174998782,55,487.048611111112,interpolation,0 days 00:00:59.137000,59.137,4443.257,0.0
2024-03-01 17:00:39.030,0 days 01:14:03.357000,2029.1860872592254,-645.6366753553577,-131.99012523247194,,160.24999936,8327.00014592,58.50004992,0,8,5,3433.077869632588,0.638432373341157,55,489.8736183431119,interpolation,0 days 00:00:59.237000,59.237,4443.357,0.0
2024-03-01 17:00:39.130,0 days 01:14:03.457000,2069.0,-656.0,-131.0,,160.0,8384.0,78.0,0,8,5,3438.854444444444,0.6395066141556569,55,492.69861111111186,car,0 days 00:00:59.337000,59.337,4443.457,0.0
2024-03-01 17:00:39.230,0 days 01:14:03.557000,2097.0216813323004,-662.4348945299097,-130.51430002041747,,164.0,8698.0,82.0,0,8,5,3446.143333333333,0.640862092478335,55,497.5430555555563,interpolation,0 days 00:00:59.437000,59.437,4443.557,0.0
2024-03-01 17:00:39.330,0 days 01:14:03.657000,2140.0,-667.0,-130.0,,167.33332764443958,8894.666331021936,87.99998975999127,0,8,5,3451.812981117814,0.6419164486067155,55,500.1615696051328,interpolation,0 days 00:00:59.537000,59.537,4443.657,0.0
2024-03-01 17:00:39.430,0 days 01:14:03.757000,2215.0,-671.0,-129.0,,170.66667235556042,9091.333668978064,94.00001024000873,0,8,5,3455.669055645347,0.6426335435593729,55,502.7800970615356,interpolation,0 days 00:00:59.637000,59.637,4443.757,0.0
2024-03-01 17:00:39.530,0 days 01:14:03.857000,2263.9140984536803,-669.910471547171,-127.96991994243321,,174.0,9288.0,100.0,0,8,5,3459.6766666666663,0.6433788189981858,55,505.39861111111213,interpolation,0 days 00:00:59.737000,59.737,4443.857,0.0
2024-03-01 17:00:39.630,0 days 01:14:03.957000,2301.0,-665.0,-127.0,,176.66667121777388,9394.000180906512,100.0,0,8,5,3464.1633828875147,0.644213191242032,55,507.4208367845906,interpolation,0 days 00:00:59.837000,59.837,4443.957,0.0
2024-03-01 17:00:39.730,0 days 01:14:04.057000,2350.1990804250304,-658.2913022620105,-126.10456523041438,,179.33332878222612,9499.999819093488,100.0,0,8,5,3469.0467342907536,0.6451213237530382,55,509.44305210430025,interpolation,0 days 00:00:59.937000,59.937,4444.057,0.0
2024-03-01 17:00:39.830,0 days 01:14:04.157000,2411.0,-646.0,-125.0,,182.0,9606.0,100.0,0,8,5,3473.832222222222,0.6460112570821677,55,511.46527777777874,interpolation,0 days 00:01:00.037000,60.037,4444.157,0.0
2024-03-01 17:00:39.930,0 days 01:14:04.257000,2482.8902925962943,-624.3419094406806,-123.40270915508054,,184.33332935110772,9744.999762773132,100.0,0,8,5,3478.4373736053712,0.6468676541226035,55,512.2171283464689,interpolation,0 days 00:01:00.137000,60.137,4444.257,0.0
2024-03-01 17:00:40.030,0 days 01:14:04.357000,2561.6550705259488,-595.4362659635992,-121.45379697443323,,186.66667064889228,9884.000237226868,100.0,0,8,5,3483.0206210489073,0.6477199777966074,55,512.968982764644,interpolation,0 days 00:01:00.237000,60.237,4444.357,0.0
2024-03-01 17:00:40.130,0 days 01:14:04.457000,2622.0,-572.0,-120.0,,189.0,10023.0,100.0,0,8,5,3488.532222222222,0.6487449427847641,55,513.7208333333342,car,0 days 00:01:00.337000,60.337,4444.457,0.0
2024-03-01 17:00:40.230,0 days 01:14:04.557000,2659.710075105667,-556.1523287208922,-119.18242397994098,,193.00000682666084,10171.333586488672,100.0,0,8,5,3495.130619016094,0.6499720137354761,55,513.3208326506682,interpolation,0 days 00:01:00.437000,60.437,4444.557,0.0
2024-03-01 17:00:40.330,0 days 01:14:04.657000,2679.6488033631117,-545.535300228157,-118.83930527260128,,196.99999317333916,10319.666413511328,100.0,0,8,5,3502.48736241188,0.6513401106224646,55,512.9208340160004,interpolation,0 days 00:01:00.537000,60.537,4444.657,0.0
2024-03-01 17:00:40.430,0 days 01:14:04.757000,2711.0,-526.0,-118.0,,201.0,10468.0,100.0,0,8,5,3508.632222222222,0.6524828395617838,55,512.5208333333344,interpolation,0 days 00:01:00.637000,60.637,4444.757,0.0
2024-03-01 17:00:40.530,0 days 01:14:04.857000,2758.627237651245,-495.1885138995267,-116.50274474298925,,202.33333105777584,10581.333139910947,100.0,0,8,5,3513.2367540726855,0.6533391213908153,55,511.76527906726164,interpolation,0 days 00:01:00.737000,60.737,4444.857,0.0
2024-03-01 17:00:40.630,0 days 01:14:04.957000,2818.0075681704407,-455.7964927617806,-114.51037413142669,,203.66666894222416,10694.666860089053,100.0,0,8,5,3516.7981134986194,0.654001409645542,55,511.0097209327412,interpolation,0 days 00:01:00.837000,60.837,4444.957,0.0
2024-03-01 17:00:40.730,0 days 01:14:05.057000,2862.0,-424.0,-113.0,,205.0,10808.0,100.0,0,8,5,3522.2988888888885,0.6550243614168054,55,510.2541666666684,car,0 days 00:01:00.937000,60.937,4445.057,0.0
2024-03-01 17:00:40.830,0 days 01:14:05.157000,2890.0,-400.0,-112.0,,208.50000896,10982.00044544,100.0,0,8,5,3530.2362449563884,0.6565004319472915,55,508.30971724444606,interpolation,0 days 00:01:01.037000,61.037,4445.157,0.0
2024-03-01 17:00:40.930,0 days 01:14:05.257000,2925.517794189274,-368.8288080715853,-110.70365019018342,,212.0,11156.0,100.0,0,8,5,3538.7877777777776,0.6580907178662788,55,506.3652777777793,interpolation,0 days 00:01:01.137000,61.137,4445.257,0.0
2024-03-01 17:00:41.030,0 days 01:14:05.357000,2969.0,-328.0,-109.0,,214.25000576,11235.25020288,100.0,0,8,5,3546.131252275917,0.6594563472025337,55,504.36527265777914,interpolation,0 days 00:01:01.237000,61.237,4445.357,0.0
2024-03-01 17:00:41.130,0 days 01:14:05.457000,3016.9739736776482,-277.5225652129699,-106.91258642311769,,216.5,11314.5,100.0,0,8,5,3552.266593253822,0.6605973059720474,55,502.36527777777906,interpolation,0 days 00:01:01.337000,61.337,4445.457,0.0
2024-03-01 17:00:41.230,0 days 01:14:05.557000,3060.0,-231.0,-105.0,,218.75000576,11393.75020288,100.0,0,8,5,3557.8014468137,0.661626595090592,55,500.3652726577789,interpolation,0 days 00:01:01.437000,61.437,4445.557,0.0
2024-03-01 17:00:41.330,0 days 01:14:05.657000,3088.6374319049182,-202.03679393043183,-103.82087223110395,,221.0,11473.0,100.0,0,8,5,3563.3433333333332,0.6626571920935942,55,498.36527777777883,interpolation,0 days 00:01:01.537000,61.537,4445.657,0.0
2024-03-01 17:00:41.430,0 days 01:14:05.757000,3102.886562640394,-190.63265042036517,-103.37519104213392,,222.75000448,11522.25012608,100.0,0,8,5,3568.8923095617843,0.6636891075343945,55,496.2711057500454,interpolation,0 days 00:01:01.637000,61.637,4445.757,0.0
2024-03-01 17:00:41.530,0 days 01:14:05.857000,3124.9422622957236,-159.412386499986,-101.9919232920908,,224.5,11571.5,100.0,0,8,5,3574.448318677683,0.6647223308462059,55,494.1769444444453,interpolation,0 days 00:01:01.737000,61.737,4445.857,0.0
2024-03-01 17:00:41.630,0 days 01:14:05.957000,3177.0,-71.0,-98.0,,226.25000448,11620.75012608,100.0,0,8,5,3580.136030891007,0.6657800463263452,55,492.0827724167119,interpolation,0 days 00:01:01.837000,61.837,4445.957,0.0
2024-03-01 17:00:41.730,0 days 01:14:06.057000,3252.0,62.0,-92.0,,228.0,11670.0,100.0,0,8,5,3586.08,0.6668854166236192,55,489.9886111111118,interpolation,0 days 00:01:01.937000,61.937,4446.057,0.0
2024-03-01 17:00:41.830,0 days 01:14:06.157000,3307.587212762674,163.9667076815786,-87.59512034130977,,229.50000384,11435.99940096,100.0,0,8,5,3592.280286871061,0.668038453057049,55,487.54416040888947,interpolation,0 days 00:01:02.037000,62.037,4446.157,0.0
2024-03-01 17:00:41.930,0 days 01:14:06.257000,3336.7018263930668,222.29547516924924,-85.38594408673009,,231.0,11202.0,100.0,0,8,5,3598.9133333333334,0.6692719676338226,55,485.0997222222227,interpolation,0 days 00:01:02.137000,62.137,4446.257,0.0
2024-03-01 17:00:42.030,0 days 01:14:06.357000,3343.7356955691207,245.00865370932445,-84.97514607586349,,232.75000448,11090.24971392,100.0,0,8,5,3606.155712629306,0.6706187967994133,55,482.3128400878227,interpolation,0 days 00:01:02.237000,62.237,4446.357,0.0
2024-03-01 17:00:42.130,0 days 01:14:06.457000,3355.037862678758,280.23612375676765,-83.97893562681875,,234.5,10978.5,100.0,0,8,5,3614.007350597205,0.6720789267623254,55,479.52597222222266,interpolation,0 days 00:01:02.337000,62.337,4446.457,0.0
2024-03-01 17:00:42.230,0 days 01:14:06.557000,3375.0,336.0,-82.0,,236.25000448,10866.74971392,100.0,0,8,5,3621.6007672515666,0.6734910365951067,55,476.73909008782266,interpolation,0 days 00:01:02.437000,62.437,4446.557,0.0
2024-03-01 17:00:42.330,0 days 01:14:06.657000,3403.621903121086,412.2997114183906,-79.03835945965619,,238.0,10755.0,100.0,0,8,5,3628.068333333333,0.6746937776106389,55,473.95222222222264,interpolation,0 days 00:01:02.537000,62.537,4446.657,0.0
2024-03-01 17:00:42.430,0 days 01:14:06.757000,3439.2543533967023,504.74623245399493,-75.29766139707034,,240.00000512,10836.00020736,100.0,0,8,6,3633.4101150705583,0.6756871621250228,55,471.8633279857779,interpolation,0 days 00:01:02.637000,62.637,4446.757,0.0
2024-03-01 17:00:42.530,0 days 01:14:06.857000,3472.0,587.0,-72.0,,242.0,10917.0,100.0,0,8,6,3638.823888888889,0.6766939346477617,55,469.77444444444427,interpolation,0 days 00:01:02.737000,62.737,4446.857,0.0
2024-03-01 17:00:42.630,0 days 01:14:06.957000,3500.20966651291,654.6720494681522,-69.34901921886585,,244.00000512,10993.00019456,100.0,0,8,6,3645.5075413508785,0.6779368601699702,55,467.16332664888876,interpolation,0 days 00:01:02.837000,62.837,4446.957,0.0
2024-03-01 17:00:42.730,0 days 01:14:07.057000,3523.883064069185,707.7616878984392,-67.34474619964156,,246.0,11069.0,100.0,0,8,6,3652.4905555555556,0.6792354565027834,55,464.5522222222221,interpolation,0 days 00:01:02.937000,62.937,4447.057,0.0
2024-03-01 17:00:42.830,0 days 01:14:07.157000,3543.9529725401744,748.4079292556936,-65.89867665624952,,246.33333390222174,11116.666748017708,100.0,0,8,6,3658.8025545486053,0.6804092674825185,55,462.19295893649706,interpolation,0 days 00:01:03.037000,63.037,4447.157,0.0
2024-03-01 17:00:42.930,0 days 01:14:07.257000,3566.01436339566,789.4410697875544,-64.47992735313548,,246.66666609777826,11164.333251982292,100.0,0,8,6,3664.6977270604793,0.6815055633199367,55,459.8337077301691,interpolation,0 days 00:01:03.137000,63.137,4447.257,0.0
2024-03-01 17:00:43.030,0 days 01:14:07.357000,3591.0,833.0,-63.0,,247.0,11212.0,100.0,0,8,6,3671.701666666667,0.6828080510453302,55,457.4744444444441,interpolation,0 days 00:01:03.237000,63.237,4447.357,0.0
2024-03-01 17:00:43.130,0 days 01:14:07.457000,3618.90962650093,879.0842738507267,-61.45890975126039,,249.4999936,11263.499868160001,100.0,0,8,6,3680.068555012166,0.6843639995518139,55,454.7077848604439,interpolation,0 days 00:01:03.337000,63.337,4447.457,0.0
2024-03-01 17:00:43.230,0 days 01:14:07.557000,3649.7435286937543,927.6943632439069,-59.856640826112084,,252.0,11315.0,100.0,0,8,6,3688.501666666667,0.685932263276869,55,451.94111111111033,interpolation,0 days 00:01:03.437000,63.437,4447.557,0.0
2024-03-01 17:00:43.330,0 days 01:14:07.657000,3684.2054975797273,978.7070162951495,-58.076060447906585,,252.99999829333188,11364.66658190215,100.0,0,8,6,3695.7041041678885,0.6872716646660482,55,450.0225958668661,interpolation,0 days 00:01:03.537000,63.537,4447.657,0.0
2024-03-01 17:00:43.430,0 days 01:14:07.757000,3723.0,1032.0,-56.0,,254.00000170666812,11414.33341809785,100.0,0,8,6,3701.8890408550064,0.6884218465023092,55,448.10407079979865,interpolation,0 days 00:01:03.637000,63.637,4447.757,0.0
2024-03-01 17:00:43.530,0 days 01:14:07.857000,3766.1266386998864,1087.5727686397029,-53.62848074119692,,255.0,11464.0,100.0,0,8,6,3708.3350000000005,0.6896205693835468,55,446.1855555555544,interpolation,0 days 00:01:03.737000,63.737,4447.857,0.0
2024-03-01 17:00:43.630,0 days 01:14:07.957000,3811.0,1142.0,-51.0,,255.0,11468.00001024,100.0,0,8,6,3715.2551471956954,0.6909074746521682,55,444.37999537777677,interpolation,0 days 00:01:03.837000,63.837,4447.957,0.0
2024-03-01 17:00:43.730,0 days 01:14:08.057000,3855.033769101051,1191.8552454666712,-48.15310630490441,,255.0,11472.0,100.0,0,8,6,3722.501666666667,0.6922550737454595,55,442.57444444444354,interpolation,0 days 00:01:03.937000,63.937,4448.057,0.0
2024-03-01 17:00:43.830,0 days 01:14:08.157000,3909.0,1244.0,-45.0,,255.66666780444348,11495.333373155521,100.0,0,8,6,3729.9268877041623,0.6936359050780322,55,440.70777459200184,interpolation,0 days 00:01:04.037000,64.037,4448.157,0.0
2024-03-01 17:00:43.930,0 days 01:14:08.257000,3983.6697431738717,1305.2947140802157,-41.45294286936999,,256.3333321955565,11518.666626844479,100.0,0,8,6,3737.534381679323,0.6950506327999703,55,438.84111429688534,interpolation,0 days 00:01:04.137000,64.137,4448.257,0.0
2024-03-01 17:00:44.030,0 days 01:14:08.357000,4065.0,1365.0,-38.0,,257.0,11542.0,100.0,0,8,6,3745.3461111111114,0.6965033411714144,55,436.97444444444363,interpolation,0 days 00:01:04.237000,64.237,4448.357,0.0
2024-03-01 17:00:44.130,0 days 01:14:08.457000,4138.946174416096,1412.375231012158,-35.12930815886903,,257.6666655288879,11447.66682766236,100.0,0,8,6,3753.3656434128334,0.6979946936064301,55,435.52259507042066,interpolation,0 days 00:01:04.337000,64.337,4448.457,0.0
2024-03-01 17:00:44.230,0 days 01:14:08.557000,4205.509023632833,1447.4208922402267,-32.84083795002059,,258.3333344711121,11353.33317233764,100.0,0,8,6,3761.4086210672885,0.6994904060567896,55,434.07073826290986,interpolation,0 days 00:01:04.437000,64.437,4448.557,0.0
2024-03-01 17:00:44.330,0 days 01:14:08.657000,4266.067032073114,1474.7559358281317,-30.881960286164013,,259.0,11259.0,100.0,0,8,6,3768.3683333333342,0.7007846690442641,55,432.6188888888869,interpolation,0 days 00:01:04.537000,64.537,4448.657,0.0
2024-03-01 17:00:44.430,0 days 01:14:08.757000,4322.0,1499.0,-29.0,,259.50000128,10837.49892096,100.0,0,8,6,3774.0604118411948,0.7018431965024269,55,431.5966640497759,interpolation,0 days 00:01:04.637000,64.637,4448.757,0.0
2024-03-01 17:00:44.530,0 days 01:14:08.857000,4373.307354661365,1520.15283649725,-27.19497636275254,,260.0,10416.0,100.0,0,8,6,3779.9238888888895,0.7029335980924124,55,430.57444444444263,interpolation,0 days 00:01:04.737000,64.737,4448.857,0.0
2024-03-01 17:00:44.630,0 days 01:14:08.957000,4419.989621445868,1538.2146619254827,-25.466870890932285,,260.6666678044435,10435.000032426638,100.0,0,8,7,3787.3979151033623,0.7043235054803942,55,429.41888691674103,interpolation,0 days 00:01:04.837000,64.837,4448.957,0.0
2024-03-01 17:00:44.730,0 days 01:14:09.057000,4469.176813827453,1554.4190655109617,-23.755338933645994,,261.3333321955565,10453.999967573362,100.0,0,8,7,3796.0418946604173,0.7059309832578542,55,428.2633353054789,interpolation,0 days 00:01:04.937000,64.937,4449.057,0.0
2024-03-01 17:00:44.830,0 days 01:14:09.157000,4528.0,1570.0,-22.0,,262.0,10473.0,100.0,0,8,7,3803.212777777778,0.7072645166356037,55,427.1077777777773,interpolation,0 days 00:01:05.037000,65.037,4449.157,0.0
2024-03-01 17:00:44.930,0 days 01:14:09.257000,4596.458577615628,1584.9573058442375,-20.200872064618967,,262.333332764444,10510.666602382167,100.0,0,8,7,3808.46997173543,0.7082421707823936,55,426.39666788029643,interpolation,0 days 00:01:05.137000,65.137,4449.257,0.0
2024-03-01 17:00:45.030,0 days 01:14:09.357000,4672.188430376921,1598.9576512291999,-18.416691239824935,,262.666667235556,10548.333397617833,100.0,0,8,7,3812.64716846657,0.7090189832300704,55,425.6855543419236,interpolation,0 days 00:01:05.237000,65.237,4449.357,0.0
2024-03-01 17:00:45.130,0 days 01:14:09.457000,4741.0,1610.0,-17.0,,263.0,10586.0,100.0,0,8,7,3820.746111111112,0.7105251032105829,55,424.9744444444427,car,0 days 00:01:05.337000,65.337,4449.457,0.0
2024-03-01 17:00:45.230,0 days 01:14:09.557000,4800.529173802101,1617.750980252902,-16.009538373627997,,263.0,10558.0,100.0,0,8,7,3832.4350000000004,0.7126988275939021,55,423.64111111110924,interpolation,0 days 00:01:05.437000,65.437,4449.557,0.0
2024-03-01 17:00:45.330,0 days 01:14:09.657000,4856.693188502938,1621.0573379614175,-15.300058760140514,,263.6666655288879,10581.999959039966,100.0,0,8,7,3840.7206509027033,0.7142396687782167,55,423.085556503703,interpolation,0 days 00:01:05.537000,65.537,4449.657,0.0
2024-03-01 17:00:45.430,0 days 01:14:09.757000,4945.0,1613.0,-14.0,,264.3333344711121,10606.000040960034,100.0,0,8,7,3845.1616077437398,0.7150655313783657,55,422.52999905184987,interpolation,0 days 00:01:05.637000,65.637,4449.757,0.0
2024-03-01 17:00:45.530,0 days 01:14:09.857000,5071.366550330749,1592.4258742189259,-11.964117662904588,,265.0,10630.0,100.0,0,8,7,3850.101666666667,0.7159842095040521,55,421.97444444444363,car,0 days 00:01:05.737000,65.737,4449.857,0.0
2024-03-01 17:00:45.630,0 days 01:14:09.957000,5192.0,1569.0,-10.0,,265.6666678044435,10639.000015359987,100.0,0,8,7,3856.2648580388923,0.7171303474725295,55,421.38185084049354,interpolation,0 days 00:01:05.837000,65.837,4449.957,0.0
2024-03-01 17:00:45.730,0 days 01:14:10.057000,5263.1049802332755,1552.3878672847625,-8.915276222417962,,266.3333321955565,10647.999984640013,100.0,0,8,7,3863.8260592847855,0.7185364663664312,55,420.789260270615,interpolation,0 days 00:01:05.937000,65.937,4450.057,0.0
2024-03-01 17:00:45.830,0 days 01:14:10.157000,5294.82323328826,1539.8554632598118,-8.5561587168847,,267.0,10657.0,100.0,0,8,7,3873.835000000001,0.7203977791644801,55,420.1966666666649,interpolation,0 days 00:01:06.037000,66.037,4450.157,0.0
2024-03-01 17:00:45.930,0 days 01:14:10.257000,5348.0,1515.0,-8.0,,267.0,10685.0,100.0,0,8,7,3885.7016666666673,0.722604563994694,55,419.35222222222137,interpolation,0 days 00:01:06.137000,66.137,4450.257,0.0
2024-03-01 17:00:46.030,0 days 01:14:10.357000,5432.776839041093,1475.087380279942,-7.093017871004873,,267.6666678044435,10686.000001706665,100.0,0,8,7,3894.8370322679516,0.7243034223846411,55,418.93740669945623,interpolation,0 days 00:01:06.237000,66.237,4450.357,0.0
2024-03-01 17:00:46.130,0 days 01:14:10.457000,5542.249671484242,1423.3300648001307,-5.921154546374981,,268.3333321955565,10686.999998293335,100.0,0,8,7,3900.92112712427,0.7254348511684476,55,418.5225933005411,interpolation,0 days 00:01:06.337000,66.337,4450.457,0.0
2024-03-01 17:00:46.230,0 days 01:14:10.557000,5635.0,1379.0,-5.0,,269.0,10688.0,100.0,0,8,7,3906.6238888888897,0.7264953653386012,55,418.10777777777594,interpolation,0 days 00:01:06.437000,66.437,4450.557,0.0
2024-03-01 17:00:46.330,0 days 01:14:10.657000,5704.123664012754,1345.3096918145652,-4.415496593480772,,269.99999744,10730.99988992,100.0,0,8,7,3912.3902345938723,0.7275677038971005,55,417.7744452977765,interpolation,0 days 00:01:06.537000,66.537,4450.657,0.0
2024-03-01 17:00:46.430,0 days 01:14:10.757000,5749.6213713506295,1322.2587952541865,-4.16763834148709,,271.0,10774.0,100.0,0,8,7,3918.668333333334,0.7287352106157097,55,417.44111111111033,interpolation,0 days 00:01:06.637000,66.637,4450.757,0.0
2024-03-01 17:00:46.530,0 days 01:14:10.857000,5787.05814085314,1303.0786265067404,-4.085962198750954,,271.49999872,10768.00001536,100.0,0,8,7,3925.906230866285,0.7300812063301783,55,413.8858424348435,interpolation,0 days 00:01:06.737000,66.737,4450.857,0.0
2024-03-01 17:00:46.630,0 days 01:14:10.957000,5832.0,1281.0,-4.0,,272.0,10762.0,100.0,0,8,7,3933.7794444444453,0.7315453486017499,55,410.3305555555544,interpolation,0 days 00:01:06.837000,66.837,4450.957,0.0
2024-03-01 17:00:46.730,0 days 01:14:11.057000,5884.446488587753,1256.023141818523,-3.9097526254848916,,273.3333310577758,10810.999916373263,100.0,0,8,7,3941.9633365817717,0.7330672662158588,81,406.3601919612884,interpolation,0 days 00:01:06.937000,66.937,4451.057,0.0
2024-03-01 17:00:46.830,0 days 01:14:11.157000,5956.0,1222.0,-4.0,,274.6666689422242,10860.000083626737,100.0,0,8,7,3950.3523744515355,0.7346273337589279,81,402.38980803870885,interpolation,0 days 00:01:07.037000,67.037,4451.157,0.0
2024-03-01 17:00:46.930,0 days 01:14:11.257000,6058.261657860614,1172.783126742006,-4.455522048340793,,276.0,10909.0,100.0,0,8,7,3958.312777777779,0.7361076902732036,81,398.4194444444429,interpolation,0 days 00:01:07.137000,67.137,4451.257,0.0
2024-03-01 17:00:47.030,0 days 01:14:11.357000,6161.0,1123.0,-5.0,,266.24997504,10719.49951488,74.999936,0,8,7,3965.7390114452455,0.7374887099195229,81,395.94721589333193,interpolation,0 days 00:01:07.237000,67.237,4451.357,0.0
2024-03-01 17:00:47.130,0 days 01:14:11.457000,6233.981465049095,1087.2791114891793,-5.357104844476902,,256.5,10530.0,50.0,0,8,7,3972.6309994094954,0.7387703785562805,81,393.4749999999988,interpolation,0 days 00:01:07.337000,67.337,4451.457,0.0
2024-03-01 17:00:47.230,0 days 01:14:11.557000,6277.206800339814,1065.6200954268047,-5.526840238532659,,246.74997504,10340.49951488,24.999936000000005,0,8,7,3978.9472435978837,0.739944978993825,81,391.0027714488878,interpolation,0 days 00:01:07.437000,67.437,4451.557,0.0
2024-03-01 17:00:47.330,0 days 01:14:11.657000,6296.341781938915,1054.542575334156,-5.552731431908017,,237.0,10151.0,0.0,0,8,7,3984.6461111111116,0.7410047689694648,81,388.53055555555466,interpolation,0 days 00:01:07.537000,67.537,4451.657,0.0
2024-03-01 17:00:47.430,0 days 01:14:11.757000,6325.384208059186,1033.1626699708231,-5.695942845281925,,231.49998592,9896.49934848,0.0,1,8,7,3989.7276603057353,0.7419497593354771,81,386.86388462222124,interpolation,0 days 00:01:07.637000,67.637,4451.757,0.0
2024-03-01 17:00:47.530,0 days 01:14:11.857000,6370.0,998.0,-6.0,,226.0,9642.0,0.0,1,8,7,3994.690555555556,0.7428726842190091,81,385.19722222222117,car,0 days 00:01:07.737000,67.737,4451.857,0.0
2024-03-01 17:00:47.630,0 days 01:14:11.957000,6430.189614628126,949.0542053551137,-6.46490600961488,,216.49997568,9773.00033536,0.0,1,8,7,4000.0335640894937,0.7438662968746604,81,383.7249962311101,interpolation,0 days 00:01:07.837000,67.837,4451.957,0.0
2024-03-01 17:00:47.730,0 days 01:14:12.057000,6489.0,900.0,-7.0,,207.0,9904.0,0.0,1,8,7,4006.190555555556,0.7450112818775029,81,382.2527777777768,car,0 days 00:01:07.937000,67.937,4452.057,0.0
2024-03-01 17:00:47.830,0 days 01:14:12.157000,6529.479322731691,864.5110943787611,-7.514631337028852,,195.99997184,9584.49918208,0.0,1,8,7,4013.5955173617676,0.7463883457018508,81,381.31944205510985,interpolation,0 days 00:01:08.037000,68.037,4452.157,0.0
2024-03-01 17:00:47.930,0 days 01:14:12.257000,6551.627168315993,842.5878518968601,-8.008794750890035,,185.0,9265.0,0.0,1,8,7,4020.579444444445,0.7476871117980339,81,380.3861111111096,interpolation,0 days 00:01:08.137000,68.137,4452.257,0.0
2024-03-01 17:00:48.030,0 days 01:14:12.357000,6567.461557742257,817.1205183465058,-8.498563349306172,,179.9999872,9329.75016576,0.0,1,8,5,4025.4734790820826,0.7485972310168723,81,380.43055566933185,interpolation,0 days 00:01:08.237000,68.237,4452.357,0.0
2024-03-01 17:00:48.130,0 days 01:14:12.457000,6589.0,771.0,-9.0,,175.0,9394.5,0.0,1,8,5,4028.2775711598924,0.7491186940387682,81,380.47499999999854,interpolation,0 days 00:01:08.337000,68.337,4452.457,0.0
2024-03-01 17:00:48.230,0 days 01:14:12.557000,6616.242715643381,704.2258245821779,-9.513109837695723,,169.9999872,9459.25016576,0.0,1,8,5,4030.899285319977,0.7496062411486811,81,380.5194445582208,interpolation,0 days 00:01:08.437000,68.437,4452.557,0.0
2024-03-01 17:00:48.330,0 days 01:14:12.657000,6641.0,640.0,-10.0,,165.0,9524.0,0.0,1,8,4,4035.246111111112,0.7504145986668377,81,380.5638888888875,car,0 days 00:01:08.537000,68.537,4452.657,0.0
2024-03-01 17:00:48.430,0 days 01:14:12.757000,6655.082680877229,601.52319272095,-10.422787864518066,,159.49998592,9150.49904384,0.0,1,8,4,4041.3180930448925,0.7515437748708377,81,381.2613906744875,interpolation,0 days 00:01:08.637000,68.637,4452.757,0.0
2024-03-01 17:00:48.530,0 days 01:14:12.857000,6658.4906140687835,588.7957967465254,-10.781469101913268,,154.0,8777.0,0.0,1,8,4,4047.181111111112,0.7526340911063267,81,381.9588888888875,interpolation,0 days 00:01:08.737000,68.737,4452.857,0.0
2024-03-01 17:00:48.630,0 days 01:14:12.957000,6658.153265825924,574.4203628788275,-11.249418348352554,,150.99999232,8698.49979904,0.0,1,8,4,4050.9011675139272,0.7533258914465464,81,382.49555692942056,interpolation,0 days 00:01:08.837000,68.837,4452.957,0.0
2024-03-01 17:00:48.730,0 days 01:14:13.057000,6661.0,531.0,-12.0,,148.0,8620.0,0.0,1,8,4,4053.800000000001,0.753864972869771,81,383.0322222222203,interpolation,0 days 00:01:08.937000,68.937,4453.057,0.0
2024-03-01 17:00:48.830,0 days 01:14:13.157000,6666.0,466.0,-13.0,,145.66666268444783,8546.666541511218,0.33333390222173676,1,8,4,4057.199414093424,0.7544971449585054,81,384.121112969478,interpolation,0 days 00:01:09.037000,69.037,4453.157,0.0
2024-03-01 17:00:48.930,0 days 01:14:13.257000,6666.968192955244,424.2150653268431,-14.050079352335782,,143.33333731555217,8473.333458488782,0.6666660977782632,1,8,4,4061.017902658069,0.7552072502370564,81,385.20999814162946,interpolation,0 days 00:01:09.137000,69.137,4453.257,0.0
2024-03-01 17:00:49.030,0 days 01:14:13.357000,6664.0,395.0,-15.0,,141.0,8400.0,1.0,1,8,4,4064.766666666668,0.7559043891875812,81,386.2988888888872,interpolation,0 days 00:01:09.237000,69.237,4453.357,0.0
2024-03-01 17:00:49.130,0 days 01:14:13.457000,6658.221708490056,360.24459856401563,-15.732725148816371,,140.3333344711121,8397.666670648892,4.6666604088835495,0,8,4,4068.3641954057616,0.7565734036691282,81,387.62110885451506,interpolation,0 days 00:01:09.337000,69.337,4453.457,0.0
2024-03-01 17:00:49.230,0 days 01:14:13.557000,6649.633259255565,319.9485051225494,-16.248262301908863,,139.6666655288879,8395.333329351108,8.333339591116452,0,8,4,4071.862987791868,0.7572240566434312,81,388.94333558992645,interpolation,0 days 00:01:09.437000,69.437,4453.557,0.0
2024-03-01 17:00:49.330,0 days 01:14:13.657000,6639.728223913284,280.178348559812,-16.639665744046113,,139.0,8393.0,12.0,0,8,4,4075.577777777779,0.7579148776143585,81,390.26555555555433,car,0 days 00:01:09.537000,69.537,4453.657,0.0
2024-03-01 17:00:49.430,0 days 01:14:13.757000,6630.0,247.0,-17.0,,139.66666780444348,8498.333513102069,28.666695111086838,0,8,4,4079.5610654807706,0.7586556297669433,81,391.92481764661375,interpolation,0 days 00:01:09.637000,69.637,4453.757,0.0
2024-03-01 17:00:49.530,0 days 01:14:13.857000,6620.448687132475,220.4137991885329,-17.3292613799572,,140.33333219555652,8603.666486897931,45.33330488891316,0,8,4,4083.788149825032,0.7594417195652818,81,393.584071242273,interpolation,0 days 00:01:09.737000,69.737,4453.857,0.0
2024-03-01 17:00:49.630,0 days 01:14:13.957000,6609.643444725381,197.63976281462422,-17.750279363681074,,141.0,8709.0,62.0,0,8,4,4088.1111111111118,0.760245639120427,81,395.24333333333243,interpolation,0 days 00:01:09.837000,69.837,4453.957,0.0
2024-03-01 17:00:49.730,0 days 01:14:14.057000,6589.0,162.0,-19.0,,142.99999658666374,8843.333104070916,61.66666723555604,0,8,4,4092.5052447849507,0.7610627942496427,81,396.9025897607868,interpolation,0 days 00:01:09.937000,69.937,4454.057,0.0
2024-03-01 17:00:49.830,0 days 01:14:14.157000,6559.0,114.0,-21.0,,145.00000341333626,8977.666895929084,61.33333276444396,0,8,4,4096.934002172649,0.7618863881782836,81,398.5618546836557,interpolation,0 days 00:01:10.037000,70.037,4454.157,0.0
2024-03-01 17:00:49.930,0 days 01:14:14.257000,6531.119261276133,73.35347776223009,-22.542696023084808,,147.0,9112.0,61.0,0,8,4,4101.177777777779,0.7626755819671795,81,400.2211111111101,interpolation,0 days 00:01:10.137000,70.137,4454.257,0.0
2024-03-01 17:00:50.030,0 days 01:14:14.357000,6507.270099541618,43.34558234007554,-23.426841672297876,,149.66667121777388,9349.333738381876,66.66667633776953,0,8,4,4105.2000213867705,0.7634235785553607,81,401.64703947061406,interpolation,0 days 00:01:10.237000,70.237,4454.357,0.0
2024-03-01 17:00:50.130,0 days 01:14:14.457000,6482.286026276287,16.91505830790668,-24.097561365360615,,152.33332878222612,9586.666261618124,72.33332366223047,0,8,4,4109.073303023043,0.7641438734282319,81,403.07296052938347,interpolation,0 days 00:01:10.337000,70.337,4454.457,0.0
2024-03-01 17:00:50.230,0 days 01:14:14.557000,6451.0,-13.0,-25.0,,155.0,9824.0,78.0,0,8,4,4113.233333333334,0.7649174935222188,81,404.49888888888745,interpolation,0 days 00:01:10.437000,70.437,4454.557,0.0
2024-03-01 17:00:50.330,0 days 01:14:14.657000,6413.412341080846,-46.39928625423163,-26.13414833526808,,158.7499904,9985.74958592,81.7499904,0,8,4,4117.75268093013,0.765757934060343,81,405.88777422222057,interpolation,0 days 00:01:10.537000,70.537,4454.657,0.0
2024-03-01 17:00:50.430,0 days 01:14:14.757000,6369.522664620211,-83.28314246435501,-27.500017984873523,,162.5,10147.5,85.5,0,8,4,4122.631392091667,0.7666652036487371,81,407.2766666666648,interpolation,0 days 00:01:10.637000,70.637,4454.757,0.0
2024-03-01 17:00:50.530,0 days 01:14:14.857000,6325.621864489471,-118.77525464229173,-28.865872242042208,,166.2499904,10309.24958592,89.2499904,0,8,4,4127.5332719184835,0.767576781798289,81,408.66555199999794,interpolation,0 days 00:01:10.737000,70.737,4454.857,0.0
2024-03-01 17:00:50.630,0 days 01:14:14.957000,6288.0,-148.0,-30.0,,170.0,10471.0,93.0,0,8,4,4132.122222222223,0.7684301660047692,81,410.0544444444422,interpolation,0 days 00:01:10.837000,70.837,4454.957,0.0
2024-03-01 17:00:50.730,0 days 01:14:15.057000,6256.657456398703,-170.95707927685334,-30.902389645308382,,174.9999872,10855.49901568,96.49999104,0,8,4,4136.398196012156,0.7692253475295459,81,411.3044412444422,interpolation,0 days 00:01:10.937000,70.937,4455.057,0.0
2024-03-01 17:00:50.830,0 days 01:14:15.157000,6231.593912737115,-187.64672755394545,-31.57305041846098,,180.0,11240.0,100.0,0,8,4,4142.122222222223,0.77028981614259,81,412.5544444444422,interpolation,0 days 00:01:11.037000,71.037,4455.157,0.0
2024-03-01 17:00:50.930,0 days 01:14:15.257000,6205.2335637469605,-203.51291477405942,-32.20718214238285,,183.0,11397.0,100.0,0,8,4,4150.255555555556,0.7718023315880175,81,414.5544444444422,interpolation,0 days 00:01:11.137000,71.137,4455.257,0.0
2024-03-01 17:00:51.030,0 days 01:14:15.357000,6170.0,-224.0,-33.0,,186.6666729244391,11386.666649031125,100.0,0,8,4,4156.000207369461,0.7728706358417634,81,415.39889033007046,interpolation,0 days 00:01:11.237000,71.237,4455.357,0.0
2024-03-01 17:00:51.130,0 days 01:14:15.457000,6125.893582287004,-249.10777344455147,-33.95149587287834,,190.3333270755609,11376.333350968875,100.0,0,8,4,4159.141397263836,0.7734547872637629,81,416.2433318921468,interpolation,0 days 00:01:11.337000,71.337,4455.457,0.0
2024-03-01 17:00:51.230,0 days 01:14:15.557000,6070.0,-280.0,-35.0,,194.0,11366.0,100.0,0,8,4,4163.18888888889,0.774207479099599,81,417.08777777777505,interpolation,0 days 00:01:11.437000,71.437,4455.557,0.0
2024-03-01 17:00:51.330,0 days 01:14:15.657000,5999.405966530763,-317.83987111876036,-36.08382214035086,,196.99999487999563,11113.000431787035,100.0,0,8,4,4168.727591054211,0.7752374839241077,81,418.09518346587254,interpolation,0 days 00:01:11.537000,71.537,4455.657,0.0
2024-03-01 17:00:51.430,0 days 01:14:15.757000,5933.0,-353.0,-37.0,,200.00000512000437,10859.999568212965,100.0,0,8,4,4175.419181295708,0.7764818855955915,81,419.10259431190036,interpolation,0 days 00:01:11.637000,71.637,4455.757,0.0
2024-03-01 17:00:51.530,0 days 01:14:15.857000,5889.672021408171,-375.85225232299786,-37.5455508050165,,203.0,10607.0,100.0,0,8,4,4181.2333333333345,0.7775631144594,81,420.10999999999785,interpolation,0 days 00:01:11.737000,71.737,4455.857,0.0
2024-03-01 17:00:51.630,0 days 01:14:15.957000,5864.949456060956,-388.7709092642754,-37.773282033508565,,205.00000512,10747.0003584,100.0,0,8,5,4185.831727523626,0.7784182548983728,81,420.8433352106643,interpolation,0 days 00:01:11.837000,71.837,4455.957,0.0
2024-03-01 17:00:51.730,0 days 01:14:16.057000,5832.0,-406.0,-38.0,,207.0,10887.0,100.0,0,8,5,4190.433333333334,0.779273992586195,81,421.5766666666641,car,0 days 00:01:11.937000,71.937,4456.057,0.0
2024-03-01 17:00:51.830,0 days 01:14:16.157000,5786.3511848072,-429.9137481254344,-38.27850891774375,,211.00000682666084,11009.333542115377,100.0,0,8,5,4196.25721443724,0.780357030715948,81,422.3470383517988,interpolation,0 days 00:01:12.037000,72.037,4456.157,0.0
2024-03-01 17:00:51.930,0 days 01:14:16.257000,5730.008321808544,-459.4236056113906,-38.60981765752393,,214.99999317333916,11131.666457884623,100.0,0,8,5,4203.117568492441,0.7816328165523733,81,423.1174060926405,interpolation,0 days 00:01:12.137000,72.137,4456.257,0.0
2024-03-01 17:00:52.030,0 days 01:14:16.357000,5675.0,-488.0,-39.0,,219.0,11254.0,100.0,0,8,5,4209.9000000000015,0.7828941115211528,81,423.8877777777752,interpolation,0 days 00:01:12.237000,72.237,4456.357,0.0
2024-03-01 17:00:52.130,0 days 01:14:16.457000,5623.3316265486565,-514.5543355166991,-39.450063672423184,,221.99999232,11396.99963392,100.0,0,8,5,4216.418696801489,0.7841063610616827,81,424.4988873244421,interpolation,0 days 00:01:12.337000,72.337,4456.457,0.0
2024-03-01 17:00:52.230,0 days 01:14:16.557000,5566.0,-544.0,-40.0,,225.0,11540.0,100.0,0,8,5,4222.400000000001,0.7852186741934286,81,425.10999999999785,interpolation,0 days 00:01:12.437000,72.437,4456.557,0.0
2024-03-01 17:00:52.330,0 days 01:14:16.657000,5494.003035059544,-581.2498078483937,-40.68979006793881,,226.33333105777584,11266.000467627066,100.0,0,8,5,4227.570122698624,0.7861801361323332,81,425.6803693969352,interpolation,0 days 00:01:12.537000,72.537,4456.657,0.0
2024-03-01 17:00:52.430,0 days 01:14:16.757000,5411.2276026070585,-624.2860671017771,-41.46511344442244,,227.66666894222416,10991.999532372934,100.0,0,8,5,4232.455140355439,0.7870885785082085,81,426.2507417141713,interpolation,0 days 00:01:12.637000,72.637,4456.757,0.0
2024-03-01 17:00:52.530,0 days 01:14:16.857000,5341.0,-661.0,-42.0,,229.0,10718.0,100.0,0,8,5,4240.211111111112,0.7885309177166804,81,426.8211111111086,car,0 days 00:01:12.737000,72.737,4456.857,0.0
2024-03-01 17:00:52.630,0 days 01:14:16.957000,5287.207116236512,-689.3739090955532,-42.24012771663801,,235.0,10520.0,100.0,0,8,5,4250.655555555557,0.7904732189717378,81,427.6211111111088,interpolation,0 days 00:01:12.837000,72.837,4456.957,0.0
2024-03-01 17:00:52.730,0 days 01:14:17.057000,5249.849502154315,-709.4075038403516,-42.18549413543495,,237.24999424,10635.24970496,100.0,0,8,6,4259.536914933221,0.7921248410908086,81,427.7044442311087,interpolation,0 days 00:01:12.937000,72.937,4457.057,0.0
2024-03-01 17:00:52.830,0 days 01:14:17.157000,5214.316912994973,-728.4874657049679,-42.038113486513815,,239.5,10750.5,100.0,0,8,6,4266.146698842139,0.7933540296465271,81,427.7877777777753,interpolation,0 days 00:01:13.037000,73.037,4457.157,0.0
2024-03-01 17:00:52.930,0 days 01:14:17.257000,5166.0,-754.0,-42.0,,241.74999424,10865.74970496,100.0,0,8,6,4271.788654183314,0.7944032359493067,81,427.8711108977752,interpolation,0 days 00:01:13.137000,73.137,4457.257,0.0
2024-03-01 17:00:53.030,0 days 01:14:17.357000,5107.0,-785.0,-42.0,,244.0,10981.0,100.0,0,8,6,4277.766666666667,0.7955149371231628,81,427.95444444444183,interpolation,0 days 00:01:13.237000,73.237,4457.357,0.0
2024-03-01 17:00:53.130,0 days 01:14:17.457000,5049.927799127617,-815.8149888215901,-41.61119741588264,,245.6666638222198,11059.999865173218,100.0,0,8,6,4284.0806750775055,0.7966891217843044,81,427.72111150933114,interpolation,0 days 00:01:13.337000,73.337,4457.457,0.0
2024-03-01 17:00:53.230,0 days 01:14:17.557000,4987.0,-850.0,-41.0,,247.3333361777802,11139.000134826782,100.0,0,8,6,4290.665913382354,0.7979137457164237,81,427.4877773795527,interpolation,0 days 00:01:13.437000,73.437,4457.557,0.0
2024-03-01 17:00:53.330,0 days 01:14:17.657000,4908.332702437284,-892.0547694449278,-40.40397903030407,,249.0,11218.0,100.0,0,8,6,4297.133333333334,0.7991164595567423,81,427.254444444442,interpolation,0 days 00:01:13.537000,73.537,4457.657,0.0
2024-03-01 17:00:53.430,0 days 01:14:17.757000,4828.0,-935.0,-40.0,,250.2500032,11278.0001536,100.0,0,8,6,4303.418170467909,0.8002852193810914,81,426.32944207644204,interpolation,0 days 00:01:13.637000,73.637,4457.757,0.0
2024-03-01 17:00:53.530,0 days 01:14:17.857000,4760.077614408425,-971.8555241089744,-39.964938642292864,,251.5,11338.0,100.0,0,8,6,4309.520360429508,0.8014200132214012,81,425.4044444444421,interpolation,0 days 00:01:13.737000,73.737,4457.857,0.0
2024-03-01 17:00:53.630,0 days 01:14:17.957000,4705.0,-1002.0,-40.0,,252.7500032,11398.0001536,100.0,0,8,6,4315.779069355022,0.8025839141129925,81,424.4794420764421,interpolation,0 days 00:01:13.837000,73.837,4457.957,0.0
2024-03-01 17:00:53.730,0 days 01:14:18.057000,4663.202870632395,-1024.811399821108,-39.80638911594524,,254.0,11458.0,100.0,0,8,6,4322.533333333334,0.8038399709068069,81,423.5544444444422,car,0 days 00:01:13.937000,73.937,4458.057,0.0
2024-03-01 17:00:53.830,0 days 01:14:18.157000,4601.0,-1059.0,-40.0,,256.00000512,11357.49974272,100.0,0,8,6,4329.783221528279,0.8051881964648984,81,422.0544406044422,interpolation,0 days 00:01:14.037000,74.037,4458.157,0.0
2024-03-01 17:00:53.930,0 days 01:14:18.257000,4496.0,-1117.0,-41.0,,258.0,11257.0,100.0,0,8,6,4336.866666666668,0.8065054694376834,81,420.5544444444422,car,0 days 00:01:14.137000,74.137,4458.257,0.0
2024-03-01 17:00:54.030,0 days 01:14:18.357000,4415.965013129332,-1161.158712730141,-41.62602931130971,,259.50000384,10822.99888896,100.0,0,8,6,4343.121748248645,0.8076686957702838,81,418.637772871109,interpolation,0 days 00:01:14.237000,74.237,4458.357,0.0
2024-03-01 17:00:54.130,0 days 01:14:18.457000,4367.003733265896,-1188.075207966183,-41.77402342689235,,261.0,10389.0,100.0,0,8,6,4351.366666666668,0.8092019621375235,81,416.72111111110917,car,0 days 00:01:14.337000,74.337,4458.457,0.0
2024-03-01 17:00:54.230,0 days 01:14:18.557000,4318.0,-1215.0,-42.0,,263.0,10538.0,100.0,0,8,6,4363.055555555557,0.8113756865208428,81,412.9877777777756,interpolation,0 days 00:01:14.437000,74.437,4458.557,0.0
2024-03-01 17:00:54.330,0 days 01:14:18.657000,4263.768416207648,-1244.8078283665618,-42.39662528216117,,264.49999616,10581.49988864,100.0,0,8,7,4370.003073642427,0.8126676818176188,81,410.92111640177563,interpolation,0 days 00:01:14.537000,74.537,4458.657,0.0
2024-03-01 17:00:54.430,0 days 01:14:18.757000,4202.0,-1279.0,-43.0,,266.0,10625.0,100.0,0,8,7,4374.877777777779,0.8135742062393331,81,408.8544444444424,interpolation,0 days 00:01:14.637000,74.637,4458.757,0.0
2024-03-01 17:00:54.530,0 days 01:14:18.857000,4130.386957328064,-1319.0771664745334,-43.84621464014537,,266.49999872,10677.4998656,100.0,0,8,7,4381.712318990167,0.8148451917900891,81,405.9655629511088,interpolation,0 days 00:01:14.737000,74.737,4458.857,0.0
2024-03-01 17:00:54.630,0 days 01:14:18.957000,4059.0,-1359.0,-45.0,,267.0,10730.0,100.0,0,8,7,4389.711111111113,0.8163326872771006,81,403.0766666666641,interpolation,0 days 00:01:14.837000,74.837,4458.957,0.0
2024-03-01 17:00:54.730,0 days 01:14:19.057000,3997.911304143786,-1392.7283535863435,-46.52606639697314,,268.6666638222198,10766.666604088836,100.0,0,8,7,4398.078416078819,0.8178887132607391,81,399.4322284420768,interpolation,0 days 00:01:14.937000,74.937,4459.057,0.0
2024-03-01 17:00:54.830,0 days 01:14:19.157000,3941.0,-1424.0,-48.0,,270.3333361777802,10803.333395911164,100.0,0,8,7,4406.588779895644,0.8194713431852253,81,395.787771557918,interpolation,0 days 00:01:15.037000,75.037,4459.157,0.0
2024-03-01 17:00:54.930,0 days 01:14:19.257000,3882.1464261293795,-1456.5520464073086,-48.99735625802227,,272.0,10840.0,100.0,0,8,7,4413.8888888888905,0.820828908054765,81,392.1433333333307,interpolation,0 days 00:01:15.137000,75.137,4459.257,0.0
2024-03-01 17:00:55.030,0 days 01:14:19.357000,3822.0,-1490.0,-50.0,,272.0,10878.00009728,100.0,0,8,7,4419.753278132818,0.8219194792813355,81,389.2544370488865,interpolation,0 days 00:01:15.237000,75.237,4459.357,0.0
2024-03-01 17:00:55.130,0 days 01:14:19.457000,3761.2113576399292,-1523.9586921298114,-51.48977557488659,,272.0,10916.0,100.0,0,8,7,4425.977777777779,0.8230770184435972,81,386.3655555555533,car,0 days 00:01:15.337000,75.337,4459.457,0.0
2024-03-01 17:00:55.230,0 days 01:14:19.557000,3699.5902990718587,-1558.4941396223976,-53.363281115836934,,273.6666695111087,10960.000075093269,100.0,0,8,7,4434.358341764393,0.8246355101408694,81,381.49888058311615,interpolation,0 days 00:01:15.437000,75.437,4459.557,0.0
2024-03-01 17:00:55.330,0 days 01:14:19.657000,3636.0,-1594.0,-55.0,,275.3333304888913,11003.999924906731,100.0,0,8,7,4444.460472193837,0.8265141529654092,81,376.63223052799106,interpolation,0 days 00:01:15.537000,75.537,4459.657,0.0
2024-03-01 17:00:55.430,0 days 01:14:19.757000,3570.2502317579906,-1630.542305931324,-56.2965318652357,,277.0,11048.0,100.0,0,8,7,4453.677777777779,0.8282282493253605,81,371.7655555555539,interpolation,0 days 00:01:15.637000,75.637,4459.757,0.0
2024-03-01 17:00:55.530,0 days 01:14:19.857000,3501.0,-1669.0,-58.0,,277.9999982933319,11064.333305457754,100.0,0,8,7,4461.575752049184,0.8296969962195928,81,367.77296977699166,interpolation,0 days 00:01:15.737000,75.737,4459.857,0.0
2024-03-01 17:00:55.630,0 days 01:14:19.957000,3426.906927980103,-1710.2527927897095,-60.8575584127685,,279.0000017066681,11080.666694542246,100.0,0,8,7,4468.381330058916,0.8309625956279676,81,363.780363556338,interpolation,0 days 00:01:15.837000,75.837,4459.957,0.0
2024-03-01 17:00:55.730,0 days 01:14:20.057000,3352.0,-1752.0,-64.0,,280.0,11097.0,100.0,0,8,7,4475.455555555557,0.832278154069948,81,359.7877777777758,interpolation,0 days 00:01:15.937000,75.937,4460.057,0.0
2024-03-01 17:00:55.830,0 days 01:14:20.157000,3280.306674601452,-1791.9417872503868,-66.55817909814368,,281.00000256,11145.00012288,100.0,0,8,7,4483.025355154765,0.8336858719567424,81,355.3710998044421,interpolation,0 days 00:01:16.037000,76.037,4460.157,0.0
2024-03-01 17:00:55.930,0 days 01:14:20.257000,3211.9874256388803,-1830.0323830281243,-68.65188075439812,,282.0,11193.0,100.0,0,8,7,4491.122222222224,0.8351916059525339,81,350.95444444444183,interpolation,0 days 00:01:16.137000,76.137,4460.257,0.0
2024-03-01 17:00:56.030,0 days 01:14:20.357000,3148.0,-1866.0,-71.0,,282.50000128,11223.0000768,100.0,0,8,7,4499.777810550298,0.8368012425552563,81,345.8210979697753,interpolation,0 days 00:01:16.237000,76.237,4460.357,0.0
2024-03-01 17:00:56.130,0 days 01:14:20.457000,3079.0,-1905.0,-74.0,,283.0,11253.0,100.0,0,8,7,4508.99203150599,0.8385147652822724,81,340.6877777777754,interpolation,0 days 00:01:16.337000,76.337,4460.457,0.0
2024-03-01 17:00:56.230,0 days 01:14:20.557000,2947.957476643687,-1978.2396045940945,-79.31798149260551,,283.50000128,11283.0000768,100.0,0,8,7,4517.949170027797,0.8401804796709283,81,335.55443130310886,interpolation,0 days 00:01:16.437000,76.437,4460.557,0.0
2024-03-01 17:00:56.330,0 days 01:14:20.657000,2803.0,-2059.0,-85.0,,284.0,11313.0,100.0,0,8,7,4525.833333333335,0.8416466582087028,81,330.421111111109,interpolation,0 days 00:01:16.537000,76.537,4460.657,0.0
2024-03-01 17:00:56.430,0 days 01:14:20.757000,2701.757106529668,-2115.362856743671,-88.81454771748781,,285.0000017066652,11329.333361208865,100.0,0,8,7,4532.644602156643,0.8429133159093025,81,326.5988823656329,interpolation,0 days 00:01:16.637000,76.637,4460.757,0.0
2024-03-01 17:00:56.530,0 days 01:14:20.857000,2644.229832957266,-2147.327597670933,-90.76158558420036,,285.9999982933348,11345.666638791135,100.0,0,8,7,4538.596056494437,0.844020078197254,81,322.7766731899179,interpolation,0 days 00:01:16.737000,76.737,4460.857,0.0
2024-03-01 17:00:56.630,0 days 01:14:20.957000,2623.660005416608,-2158.6611781429115,-91.14522522526303,,287.0,11362.0,100.0,0,8,7,4544.966666666668,0.845204788805733,81,318.95444444444183,interpolation,0 days 00:01:16.837000,76.837,4460.957,0.0
2024-03-01 17:00:56.730,0 days 01:14:21.057000,2599.502671816561,-2171.9630575016226,-91.78999726723316,,287.6666655288879,11390.999950506624,100.0,0,8,7,4551.969517182387,0.8465070739984024,81,314.4174151506212,interpolation,0 days 00:01:16.937000,76.937,4461.057,0.0
2024-03-01 17:00:56.830,0 days 01:14:21.157000,2565.0,-2191.0,-93.0,,288.3333344711121,11420.000049493376,100.0,0,8,7,4559.557164788365,0.8479181109900218,81,309.88036262715116,interpolation,0 days 00:01:17.037000,77.037,4461.157,0.0
2024-03-01 17:00:56.930,0 days 01:14:21.257000,2520.1523432733807,-2215.7718107002524,-94.77522103316731,,289.0,11449.0,100.0,0,8,7,4567.444444444446,0.8493848690599679,81,305.3433333333305,car,0 days 00:01:17.137000,77.137,4461.257,0.0
2024-03-01 17:00:57.030,0 days 01:14:21.357000,2453.0,-2253.0,-97.0,,289.0,11472.50006016,100.0,0,8,7,4575.5839219539785,0.850898527107207,81,300.5099876266637,interpolation,0 days 00:01:17.237000,77.237,4461.357,0.0
2024-03-01 17:00:57.130,0 days 01:14:21.457000,2351.5844154228034,-2309.405443417055,-99.55863557377697,,289.0,11496.0,100.0,0,8,7,4583.500000000002,0.8523706406701357,81,295.67666666666355,car,0 days 00:01:17.337000,77.337,4461.457,0.0
2024-03-01 17:00:57.230,0 days 01:14:21.557000,2241.0,-2371.0,-102.0,,289.50000128,11498.00000512,100.0,0,8,7,4590.71724567443,0.8537127958614492,81,290.92665450666357,interpolation,0 days 00:01:17.437000,77.437,4461.557,0.0
2024-03-01 17:00:57.330,0 days 01:14:21.657000,2146.3433350691416,-2423.794320477784,-103.8729143241775,,290.0,11500.0,100.0,0,8,7,4597.2355850728545,0.8549249789375135,81,286.17666666666355,interpolation,0 days 00:01:17.537000,77.537,4461.657,0.0
2024-03-01 17:00:57.430,0 days 01:14:21.757000,2067.613451343662,-2467.7889454655406,-105.17739772499822,,290.50000128,11502.00000512,100.0,0,8,7,4604.969506654861,0.8563632177711009,81,281.42665450666357,interpolation,0 days 00:01:17.637000,77.637,4461.757,0.0
2024-03-01 17:00:57.530,0 days 01:14:21.857000,2001.3272221064326,-2504.8888852404825,-106.14317586331762,,291.0,11504.0,100.0,0,8,7,4615.833333333335,0.8583835094490894,81,276.67666666666355,car,0 days 00:01:17.737000,77.737,4461.857,0.0
2024-03-01 17:00:57.630,0 days 01:14:21.957000,1944.0,-2537.0,-107.0,,292.0,11536.0,100.0,0,8,7,4628.811111111114,0.8607969220723948,81,269.2099999999964,interpolation,0 days 00:01:17.837000,77.837,4461.957,0.0
2024-03-01 17:00:57.730,0 days 01:14:22.057000,1895.6323720536157,-2564.121960927121,-107.7478613611887,,292.333332764444,11556.333298631082,100.0,0,8,7,4637.806367660203,0.8624697250805196,81,265.54333959111284,interpolation,0 days 00:01:17.937000,77.937,4462.057,0.0
2024-03-01 17:00:57.830,0 days 01:14:22.157000,1853.5821786893764,-2587.76627519797,-108.3960218693945,,292.666667235556,11576.666701368918,100.0,0,8,7,4642.641256425597,0.8633688452364107,81,261.87666040887996,interpolation,0 days 00:01:18.037000,78.037,4462.157,0.0
2024-03-01 17:00:57.930,0 days 01:14:22.257000,1802.0,-2617.0,-109.0,,293.0,11597.0,100.0,0,8,7,4648.344444444447,0.8644294386749378,81,258.2099999999964,car,0 days 00:01:18.137000,78.137,4462.257,0.0
2024-03-01 17:00:58.030,0 days 01:14:22.357000,1738.2436434904844,-2653.3346641338617,-109.56905620214731,,293.33333390222174,11599.666671217774,100.0,0,8,7,4655.754116693914,0.8658073784769307,81,253.52851052879325,interpolation,0 days 00:01:18.237000,78.237,4462.357,0.0
2024-03-01 17:00:58.130,0 days 01:14:22.457000,1660.0,-2698.0,-110.0,,293.66666609777826,11602.333328782226,100.0,0,8,7,4664.735198017272,0.8674775453890069,81,248.84704502675484,interpolation,0 days 00:01:18.337000,78.337,4462.457,0.0
2024-03-01 17:00:58.230,0 days 01:14:22.557000,1564.954506287293,-2752.2265694391053,-110.18965115771609,,294.0,11605.0,100.0,0,8,7,4674.47777777778,0.8692893243684426,81,244.1655555555517,interpolation,0 days 00:01:18.437000,78.437,4462.557,0.0
2024-03-01 17:00:58.330,0 days 01:14:22.657000,1457.2792468435377,-2813.6402337781083,-110.15522214932841,,294.49999872,11635.99992064,100.0,0,8,7,4684.8467569298045,0.871217591719355,81,239.1655683555517,interpolation,0 days 00:01:18.537000,78.537,4462.657,0.0
2024-03-01 17:00:58.430,0 days 01:14:22.757000,1362.0,-2868.0,-110.0,,295.0,11667.0,100.0,0,8,7,4694.144444444447,0.8729466363061569,81,234.1655555555517,interpolation,0 days 00:01:18.637000,78.637,4462.757,0.0
2024-03-01 17:00:58.530,0 days 01:14:22.857000,1283.2888526414808,-2912.9317280677815,-109.7412007152574,,295.0,11640.00006912,100.0,0,8,7,4700.6729479061505,0.8741607095423891,81,230.89889725155194,interpolation,0 days 00:01:18.737000,78.737,4462.857,0.0
2024-03-01 17:00:58.630,0 days 01:14:22.957000,1221.1449987637675,-2948.435878083525,-109.37882164498919,,295.0,11613.0,100.0,0,8,7,4707.255555555557,0.8753848442646328,81,227.63222222221884,interpolation,0 days 00:01:18.837000,78.837,4462.957,0.0
2024-03-01 17:00:58.730,0 days 01:14:23.057000,1172.7242898476163,-2976.136827469432,-108.92605766578035,,295.0,11624.49997056,100.0,0,8,7,4716.715421375484,0.8771440483422117,81,223.03223399821894,interpolation,0 days 00:01:18.937000,78.937,4463.057,0.0
2024-03-01 17:00:58.830,0 days 01:14:23.157000,1120.9573751859702,-3005.7833889736726,-108.46205181170373,,295.0,11636.0,100.0,0,8,7,4726.922222222223,0.8790421562023468,81,218.43222222221902,interpolation,0 days 00:01:19.037000,79.037,4463.157,0.0
2024-03-01 17:00:58.930,0 days 01:14:23.257000,1063.0,-3039.0,-108.0,,295.49999872,11655.9999488,100.0,0,8,7,4735.7454335654475,0.8806829648213915,81,214.73778723555245,interpolation,0 days 00:01:19.137000,79.137,4463.257,0.0
2024-03-01 17:00:59.030,0 days 01:14:23.357000,998.8515708046637,-3075.787000687381,-107.53989749924644,,296.0,11676.0,100.0,0,8,7,4743.366666666668,0.8821002475400964,81,211.04333333333034,interpolation,0 days 00:01:19.237000,79.237,4463.357,0.0
2024-03-01 17:00:59.130,0 days 01:14:23.457000,928.6257658456142,-3116.0249646830084,-107.12335430647067,,296.0,11680.49998848,100.0,0,8,7,4749.9673643962615,0.8833277463843515,81,208.1544518399972,interpolation,0 days 00:01:19.337000,79.337,4463.457,0.0
2024-03-01 17:00:59.230,0 days 01:14:23.557000,853.0,-3159.0,-107.0,,296.0,11685.0,100.0,0,8,7,4756.522222222223,0.884546720610296,81,205.26555555555296,interpolation,0 days 00:01:19.437000,79.437,4463.557,0.0
2024-03-01 17:00:59.330,0 days 01:14:23.657000,772.0880690410995,-3204.592616920234,-107.2114411285693,,288.00002048,11479.50052608,50.000128000000004,0,8,7,4764.005800899632,0.8859384044221796,81,202.26556323555297,interpolation,0 days 00:01:19.537000,79.537,4463.657,0.0
2024-03-01 17:00:59.430,0 days 01:14:23.757000,689.2887110987522,-3250.9553249753844,-107.68671152921674,,280.0,11274.0,0.0,0,8,7,4772.0777777777785,0.8874395097135728,81,199.26555555555296,interpolation,0 days 00:01:19.637000,79.637,4463.757,0.0
2024-03-01 17:00:59.530,0 days 01:14:23.857000,625.0,-3287.0,-108.0,,265.00002560002184,10960.667201422679,0.0,1,8,7,4780.3976709170765,0.8889867187558878,81,197.56555845688865,interpolation,0 days 00:01:19.737000,79.737,4463.857,0.0
2024-03-01 17:00:59.630,0 days 01:14:23.957000,582.6208440968892,-3310.8790537545783,-108.08034142087675,,249.99997439997816,10647.332798577321,0.0,1,8,7,4788.720719835965,0.8905345146627975,81,195.8655526542169,interpolation,0 days 00:01:19.837000,79.837,4463.957,0.0
2024-03-01 17:00:59.730,0 days 01:14:24.057000,557.308122621104,-3325.132259507827,-107.97860361276209,,235.0,10334.0,0.0,1,8,7,4795.5777777777785,0.8918096875374515,81,194.1655555555526,interpolation,0 days 00:01:19.937000,79.937,4464.057,0.0
2024-03-01 17:00:59.830,0 days 01:14:24.157000,520.0,-3345.0,-108.0,,223.49997056,10334.0,0.0,1,8,7,4800.724069281494,0.8927667177078666,81,193.60999857777517,interpolation,0 days 00:01:20.037000,80.037,4464.157,0.0
2024-03-01 17:00:59.930,0 days 01:14:24.257000,465.85330353801413,-3373.0220895755483,-108.19539900710132,,212.0,10334.0,0.0,1,8,7,4805.000000000001,0.8935618912228649,81,193.0544444444422,interpolation,0 days 00:01:20.137000,80.137,4464.257,0.0
2024-03-01 17:01:00.030,0 days 01:14:24.357000,397.97380524469673,-3407.13993375185,-108.55277954167035,,206.9999872,10069.99932416,0.0,1,8,6,4809.246072069737,0.894351512073833,81,192.8766662115536,interpolation,0 days 00:01:20.237000,80.237,4464.357,0.0
2024-03-01 17:01:00.130,0 days 01:14:24.457000,335.0,-3435.0,-109.0,,202.0,9806.0,0.0,1,8,6,4813.977777777778,0.8952314437910416,81,192.69888888888727,car,0 days 00:01:20.337000,80.337,4464.457,0.0
2024-03-01 17:01:00.230,0 days 01:14:24.557000,280.03756942366186,-3454.5436921782684,-109.5250418683521,,187.99996416,10046.50061568,0.50000128,1,8,6,4819.710701343658,0.8962975670009821,81,193.56555777422074,interpolation,0 days 00:01:20.437000,80.437,4464.557,0.0
2024-03-01 17:01:00.330,0 days 01:14:24.657000,235.0,-3468.0,-110.0,,174.0,10287.0,1.0,1,8,6,4825.577777777778,0.8973886379509136,81,194.43222222222084,interpolation,0 days 00:01:20.537000,80.537,4464.657,0.0
2024-03-01 17:01:00.430,0 days 01:14:24.757000,201.79975421362997,-3477.598251098426,-110.29697948821325,,167.99998976000873,9883.99931221392,1.0,1,8,5,4830.712060874526,0.8983434349777616,81,195.94333591229287,interpolation,0 days 00:01:20.637000,80.637,4464.757,0.0
2024-03-01 17:01:00.530,0 days 01:14:24.857000,176.78030425315515,-3483.86941611264,-110.487421845345,,162.00001023999127,9481.00068778608,1.0,1,8,5,4835.187087561326,0.8991756333772473,81,197.45444186548258,interpolation,0 days 00:01:20.737000,80.737,4464.857,0.0
2024-03-01 17:01:00.630,0 days 01:14:24.957000,138.0,-3490.0,-111.0,,156.0,9078.0,1.0,1,8,5,4839.444444444444,0.8999673528086917,81,198.9655555555546,interpolation,0 days 00:01:20.837000,80.837,4464.957,0.0
2024-03-01 17:01:00.730,0 days 01:14:25.057000,81.80237078242045,-3496.521008908425,-111.90615325680685,,153.33333788444833,8788.000494933756,1.0,1,8,4,4843.557677431007,0.9007322702377266,81,200.7025896280461,interpolation,0 days 00:01:20.937000,80.937,4465.057,0.0
2024-03-01 17:01:00.830,0 days 01:14:25.157000,22.0,-3501.0,-113.0,,150.66666211555167,8497.999505066244,1.0,1,8,4,4847.482794798496,0.9014622047430679,81,202.43963259417478,interpolation,0 days 00:01:21.037000,81.037,4465.157,0.0
2024-03-01 17:01:00.930,0 days 01:14:25.257000,-27.59334110804385,-3501.0044177968102,-114.07563813382303,,148.0,8208.0,1.0,1,8,4,4850.955555555555,0.9021080167451164,81,204.17666666666628,interpolation,0 days 00:01:21.137000,81.137,4465.257,0.0
2024-03-01 17:01:01.030,0 days 01:14:25.357000,-66.97816037873359,-3496.5342623440774,-115.13307867283723,,144.49999104,8117.9997696,1.0,1,8,4,4853.931961421225,0.9026615241029468,81,205.8655598791107,interpolation,0 days 00:01:21.237000,81.237,4465.357,0.0
2024-03-01 17:01:01.130,0 days 01:14:25.457000,-100.12370362001565,-3488.797003879284,-116.1239747554324,,141.0,8028.0,1.0,0,8,4,4857.222222222222,0.9032733974981507,81,207.55444444444402,car,0 days 00:01:21.337000,81.337,4465.457,0.0
2024-03-01 17:01:01.230,0 days 01:14:25.557000,-131.0,-3479.0,-117.0,,137.99999232,7922.9997312,0.49999872,0,8,4,4861.636611955944,0.904094319545822,81,210.28778477511048,interpolation,0 days 00:01:21.437000,81.437,4465.557,0.0
2024-03-01 17:01:01.330,0 days 01:14:25.657000,-159.60673334622123,-3467.143351027288,-117.76114543606451,,135.0,7818.0,0.0,0,8,4,4866.222222222222,0.9049470826221894,81,213.02111111111026,interpolation,0 days 00:01:21.537000,81.537,4465.657,0.0
2024-03-01 17:01:01.430,0 days 01:14:25.757000,-186.16507365094407,-3453.0879461479076,-118.41421738781858,,133.66666439111304,7869.333420942147,0.6666678044434735,0,8,4,4870.026236780867,0.905654496242015,81,215.12111469510725,interpolation,0 days 00:01:21.637000,81.637,4465.757,0.0
2024-03-01 17:01:01.530,0 days 01:14:25.857000,-212.0,-3436.0,-119.0,,132.33333560888696,7920.666579057853,1.3333321955565265,0,8,4,4873.173251188655,0.9062397308197315,81,217.22110752711345,interpolation,0 days 00:01:21.737000,81.737,4465.857,0.0
2024-03-01 17:01:01.630,0 days 01:14:25.957000,-237.33265400228305,-3415.740348201703,-119.52529780108165,,131.0,7972.0,2.0,0,8,4,4876.411111111111,0.9068418594848356,81,219.32111111111044,interpolation,0 days 00:01:21.837000,81.837,4465.957,0.0
2024-03-01 17:01:01.730,0 days 01:14:26.057000,-263.0,-3392.0,-120.0,,130.00000256,7993.49994496,22.99994624,0,8,4,4879.864417902423,0.9074840537298758,81,221.54332764444374,interpolation,0 days 00:01:21.937000,81.937,4466.057,0.0
2024-03-01 17:01:01.830,0 days 01:14:26.157000,-289.83952457538373,-3364.4695140817666,-120.4340060456916,,129.0,8015.0,44.0,0,8,4,4883.577777777778,0.9081746087502739,81,223.76555555555478,interpolation,0 days 00:01:22.037000,82.037,4466.157,0.0
2024-03-01 17:01:01.930,0 days 01:14:26.257000,-318.0,-3332.0,-121.0,,131.24999424,8244.24941312,53.24997632,0,8,4,4887.595723565706,0.9089218060941018,81,225.47666228622134,interpolation,0 days 00:01:22.137000,82.137,4466.257,0.0
2024-03-01 17:01:02.030,0 days 01:14:26.357000,-347.630761745452,-3293.4419529075394,-121.87067616477557,,133.5,8473.5,62.5,0,8,4,4891.918296410076,0.9097256534126792,81,227.18777777777677,interpolation,0 days 00:01:22.237000,82.237,4466.357,0.0
2024-03-01 17:01:02.130,0 days 01:14:26.457000,-377.8090068670695,-3250.4556466382205,-122.98757486620568,,135.74999424,8702.74941312,71.74997632,0,8,4,4896.287255015633,0.9105381268599745,81,228.89888450844333,interpolation,0 days 00:01:22.337000,82.337,4466.457,0.0
2024-03-01 17:01:02.230,0 days 01:14:26.557000,-403.0,-3213.0,-124.0,,138.0,8932.0,81.0,0,8,4,4900.444444444444,0.9113112186493982,81,230.60999999999876,interpolation,0 days 00:01:22.437000,82.437,4466.557,0.0
2024-03-01 17:01:02.330,0 days 01:14:26.657000,-422.2809836626875,-3182.7352755381617,-124.84949044084011,,140.99999487999563,9101.666377101976,80.66666723555605,0,8,4,4904.389822127003,0.9120449208645108,81,231.67296114883672,interpolation,0 days 00:01:22.537000,82.537,4466.657,0.0
2024-03-01 17:01:02.430,0 days 01:14:26.757000,-435.6521552929102,-3159.661163341133,-125.5360548875304,,144.00000512000437,9271.333622898024,80.33333276444395,0,8,4,4908.149267813157,0.9127440462333493,81,232.73592774004968,interpolation,0 days 00:01:22.637000,82.637,4466.757,0.0
2024-03-01 17:01:02.530,0 days 01:14:26.857000,-447.1971750366658,-3136.506606433537,-126.20458805045536,,147.0,9441.0,80.0,0,8,4,4911.877777777778,0.9134374186403066,81,233.79888888888763,interpolation,0 days 00:01:22.737000,82.737,4466.857,0.0
2024-03-01 17:01:02.630,0 days 01:14:26.957000,-461.0,-3106.0,-127.0,,148.75000448,9626.25047424,85.0000128,0,8,4,4915.601229549985,0.914129850400442,81,234.37389036088769,interpolation,0 days 00:01:22.837000,82.837,4466.957,0.0
2024-03-01 17:01:02.730,0 days 01:14:27.057000,-477.0604888423469,-3068.1416564273704,-127.92228259116678,,150.5,9811.5,90.0,0,8,4,4919.319585001727,0.9148213344232722,81,234.94888888888772,interpolation,0 days 00:01:22.937000,82.937,4467.057,0.0
2024-03-01 17:01:02.830,0 days 01:14:27.157000,-494.82827293585785,-3023.667964429641,-128.9550587910044,,152.25000448,9996.75047424,95.0000128,0,8,4,4923.167056553497,0.9155368295234231,81,235.52389036088778,interpolation,0 days 00:01:23.037000,83.037,4467.157,0.0
2024-03-01 17:01:02.930,0 days 01:14:27.257000,-511.0,-2977.0,-130.0,,154.0,10182.0,100.0,0,8,4,4927.277777777777,0.9163012798525504,81,236.0988888888878,car,0 days 00:01:23.137000,83.137,4467.257,0.0
2024-03-01 17:01:03.030,0 days 01:14:27.357000,-525.0253025460071,-2928.87406164169,-131.0407304412297,,161.00001792,10454.00069632,100.0,0,8,4,4931.651790768462,0.9171146932386461,81,236.18222243555462,interpolation,0 days 00:01:23.237000,83.237,4467.357,0.0
2024-03-01 17:01:03.130,0 days 01:14:27.457000,-536.9444450275197,-2880.151832525242,-132.06506868927016,,168.0,10726.0,100.0,0,8,4,4936.61111111111,0.9180369533145164,81,236.26555555555478,car,0 days 00:01:23.337000,83.337,4467.457,0.0
2024-03-01 17:01:03.230,0 days 01:14:27.557000,-547.0,-2836.0,-133.0,,174.50001664,10932.00052736,100.0,0,8,4,4942.47784996463,0.919127961486267,81,235.73222085688815,interpolation,0 days 00:01:23.437000,83.437,4467.557,0.0
2024-03-01 17:01:03.330,0 days 01:14:27.657000,-555.2322725672002,-2797.2802065417563,-133.83334403137627,,181.0,11138.0,100.0,0,8,4,4948.677777777777,0.9202809311474868,81,235.19888888888818,interpolation,0 days 00:01:23.537000,83.537,4467.657,0.0
2024-03-01 17:01:03.430,0 days 01:14:27.757000,-561.6413470278067,-2763.992055658809,-134.56510931686364,,183.33333731555217,11310.000293546416,100.0,0,8,4,4954.636788561975,0.9213890986700979,81,234.102590721581,interpolation,0 days 00:01:23.637000,83.637,4467.757,0.0
2024-03-01 17:01:03.530,0 days 01:14:27.857000,-566.7297172545012,-2722.708102226406,-135.5143148239206,,185.66666268444783,11481.999706453584,100.0,0,8,4,4960.3055943390455,0.9224432982145586,81,233.0062981673061,interpolation,0 days 00:01:23.737000,83.737,4467.857,0.0
2024-03-01 17:01:03.630,0 days 01:14:27.957000,-571.0,-2660.0,-137.0,,188.0,11654.0,100.0,0,8,4,4965.388888888889,0.9233886131555784,81,231.90999999999894,interpolation,0 days 00:01:23.837000,83.837,4467.957,0.0
2024-03-01 17:01:03.730,0 days 01:14:28.057000,-574.45215153672,-2575.8683911089174,-139.02214963172457,,191.66666040888356,11282.000634880542,100.0,0,8,4,4969.837393200636,0.9242158793212223,81,230.6655576794081,interpolation,0 days 00:01:23.937000,83.937,4468.057,0.0
2024-03-01 17:01:03.830,0 days 01:14:28.157000,-577.0,-2494.0,-141.0,,195.33333959111644,10909.999365119458,100.0,0,8,4,4973.853979416172,0.924962823832151,81,229.42110898725622,interpolation,0 days 00:01:24.037000,84.037,4468.157,0.0
2024-03-01 17:01:03.930,0 days 01:14:28.257000,-578.5573120851573,-2438.0832509596876,-142.35274642574228,,199.0,10538.0,100.0,0,8,4,4978.655555555555,0.9258557490050872,81,228.17666666666537,car,0 days 00:01:24.137000,84.137,4468.257,0.0
2024-03-01 17:01:04.030,0 days 01:14:28.357000,-579.124103739108,-2408.11757139916,-143.08040276110646,,203.00000682666084,10664.66688284426,100.0,0,8,4,4984.444997376135,0.9269323826330418,81,225.83592193106364,interpolation,0 days 00:01:24.237000,84.237,4468.357,0.0
2024-03-01 17:01:04.130,0 days 01:14:28.457000,-578.6251165559556,-2396.5461614110664,-143.32244918279832,,206.99999317333916,10791.33311715574,100.0,0,8,4,4991.04710695671,0.9281601440321842,81,223.4951891800443,interpolation,0 days 00:01:24.337000,84.337,4468.457,0.0
2024-03-01 17:01:04.230,0 days 01:14:28.557000,-576.6088259613203,-2358.0258750474804,-143.91582107850454,,211.0,10918.0,100.0,0,8,4,4997.411111111111,0.9293436261524666,81,221.15444444444256,interpolation,0 days 00:01:24.437000,84.437,4468.557,0.0
2024-03-01 17:01:04.330,0 days 01:14:28.657000,-573.0,-2285.0,-145.0,,213.99999232,11085.4995712,100.0,0,8,5,5003.361806034638,0.9304502472159332,81,218.62667313777584,interpolation,0 days 00:01:24.537000,84.537,4468.657,0.0
2024-03-01 17:01:04.430,0 days 01:14:28.757000,-567.7986017175355,-2177.4677884820303,-146.5749970493011,,217.0,11253.0,100.0,0,8,5,5009.466666666666,0.931585537707506,81,216.0988888888869,interpolation,0 days 00:01:24.637000,84.637,4468.757,0.0
2024-03-01 17:01:04.530,0 days 01:14:28.857000,-563.0,-2078.0,-148.0,,219.33332935110772,11318.999887359903,100.0,0,8,5,5016.293044497678,0.9328550051549319,81,212.89889435022477,interpolation,0 days 00:01:24.737000,84.737,4468.857,0.0
2024-03-01 17:01:04.630,0 days 01:14:28.957000,-560.599461333517,-2029.1652743813866,-148.63422734567246,,221.66667064889228,11385.000112640097,100.0,0,8,5,5023.537373313287,0.9342021968629683,81,209.69888342754868,interpolation,0 days 00:01:24.837000,84.837,4468.957,0.0
2024-03-01 17:01:04.730,0 days 01:14:29.057000,-560.0422755451036,-2020.5867902738178,-148.64096768425898,,224.0,11451.0,100.0,0,8,5,5029.377777777778,0.9352883077597003,81,206.49888888888654,interpolation,0 days 00:01:24.937000,84.937,4469.057,0.0
2024-03-01 17:01:04.830,0 days 01:14:29.157000,-558.0,-1990.0,-149.0,,225.50000384,11467.50004224,100.0,0,8,5,5033.510681580389,0.9360568832723132,81,203.8766599537754,interpolation,0 days 00:01:25.037000,85.037,4469.157,0.0
2024-03-01 17:01:04.930,0 days 01:14:29.257000,-553.9179208566188,-1927.027895349182,-149.87461570882596,,227.0,11484.0,100.0,0,8,5,5039.466666666666,0.9371644881209682,81,201.25444444444202,car,0 days 00:01:25.137000,85.137,4469.257,0.0
2024-03-01 17:01:05.030,0 days 01:14:29.357000,-549.0,-1850.0,-151.0,,232.0,10693.0,100.0,0,8,5,5049.777777777777,0.9390819940408545,81,195.47666666666373,interpolation,0 days 00:01:25.237000,85.237,4469.357,0.0
2024-03-01 17:01:05.130,0 days 01:14:29.457000,-544.4502914751383,-1777.2472712303597,-152.11131758279703,,233.99999658666374,10716.66662627552,100.0,0,8,5,5058.452117370104,0.9406951177226917,81,191.210007281781,interpolation,0 days 00:01:25.337000,85.337,4469.457,0.0
2024-03-01 17:01:05.230,0 days 01:14:29.557000,-540.3292586090759,-1709.8172179091832,-153.17616011280967,,236.00000341333626,10740.33337372448,100.0,0,8,5,5064.828754752772,0.9418809491814429,81,186.94332605154628,interpolation,0 days 00:01:25.437000,85.437,4469.557,0.0
2024-03-01 17:01:05.330,0 days 01:14:29.657000,-537.0,-1654.0,-154.0,,238.0,10764.0,100.0,0,8,5,5070.933333333333,0.9430161872213109,81,182.67666666666355,interpolation,0 days 00:01:25.537000,85.537,4469.657,0.0
2024-03-01 17:01:05.430,0 days 01:14:29.757000,-534.5229914723719,-1610.8432997914742,-154.55042595618437,,240.0000040959979,10837.400150323123,100.0,0,8,6,5077.10353662121,0.9441636291607789,81,178.61888057856106,interpolation,0 days 00:01:25.637000,85.637,4469.757,0.0
2024-03-01 17:01:05.530,0 days 01:14:29.857000,-531.0,-1548.0,-155.0,,241.99999795200105,10910.799924838439,100.0,0,8,6,5083.3393014336825,0.9453232632500721,81,174.56111526627018,interpolation,0 days 00:01:25.737000,85.737,4469.857,0.0
2024-03-01 17:01:05.630,0 days 01:14:29.957000,-524.5327311166467,-1433.1218979011537,-155.52129439008405,,244.00000204799895,10984.200075161561,100.0,0,8,6,5089.592860416423,0.9464862064324845,81,170.5033291781677,interpolation,0 days 00:01:25.837000,85.837,4469.957,0.0
2024-03-01 17:01:05.730,0 days 01:14:30.057000,-518.0,-1317.0,-156.0,,245.9999959040021,11057.599849676877,100.0,0,8,6,5095.577164729772,0.9475990776665928,81,166.4455638658768,interpolation,0 days 00:01:25.937000,85.937,4470.057,0.0
2024-03-01 17:01:05.830,0 days 01:14:30.157000,-514.2804887078033,-1250.4229473625708,-156.3218179433079,,248.0,11131.0,100.0,0,8,6,5101.2444444444445,0.9486529934168386,81,162.38777777777432,interpolation,0 days 00:01:26.037000,86.037,4470.157,0.0
2024-03-01 17:01:05.930,0 days 01:14:30.257000,-513.3742353277546,-1233.3914217361398,-156.4867449246005,,248.99999829333188,11202.666544355452,100.0,0,8,6,5106.594641527643,0.9496479428911524,81,157.7988967205959,interpolation,0 days 00:01:26.137000,86.137,4470.257,0.0
2024-03-01 17:01:06.030,0 days 01:14:30.357000,-512.2808514838273,-1212.9139535616164,-156.65830072359287,,250.00000170666812,11274.333455644548,100.0,0,8,6,5112.119232570072,0.9506753235404981,81,153.2099921682863,interpolation,0 days 00:01:26.237000,86.237,4470.357,0.0
2024-03-01 17:01:06.130,0 days 01:14:30.457000,-508.0,-1136.0,-157.0,,251.0,11346.0,100.0,0,8,6,5120.766666666666,0.9522834437414508,81,148.6211111111079,car,0 days 00:01:26.337000,86.337,4470.457,0.0
2024-03-01 17:01:06.230,0 days 01:14:30.557000,-500.53163704026167,-1002.6487734507448,-157.51184625283014,,254.0,11371.0,100.0,0,8,6,5132.055555555555,0.9543827821192573,81,140.39888888888618,interpolation,0 days 00:01:26.437000,86.437,4470.557,0.0
2024-03-01 17:01:06.330,0 days 01:14:30.657000,-493.0,-867.0,-158.0,,255.49999616,11424.99986176,100.0,0,8,6,5140.148441752766,0.9558877758124584,81,135.0377915022193,interpolation,0 days 00:01:26.537000,86.537,4470.657,0.0
2024-03-01 17:01:06.430,0 days 01:14:30.757000,-488.5291726746626,-783.1906511749188,-158.27063199942188,,257.0,11479.0,100.0,0,8,6,5146.333333333333,0.9570379492604791,81,129.67666666666355,interpolation,0 days 00:01:26.637000,86.637,4470.757,0.0
2024-03-01 17:01:06.530,0 days 01:14:30.857000,-487.11920084540384,-751.221585181036,-158.32373947983106,,258.3333310577758,11532.666575075478,100.0,0,8,6,5152.870990784118,0.9582537248184166,81,124.4655644491897,interpolation,0 days 00:01:26.737000,86.737,4470.857,0.0
2024-03-01 17:01:06.630,0 days 01:14:30.957000,-487.9598935860643,-757.9182509372981,-158.19220635135088,,259.6666689422242,11586.333424924522,100.0,0,8,6,5159.720214075653,0.9595274407222233,81,119.25443555080419,interpolation,0 days 00:01:26.837000,86.837,4470.957,0.0
2024-03-01 17:01:06.730,0 days 01:14:31.057000,-486.1902248407514,-724.2359120852902,-158.07333247506398,,261.0,11640.0,100.0,0,8,6,5166.633333333333,0.9608130390402553,81,114.04333333333034,interpolation,0 days 00:01:26.937000,86.937,4471.057,0.0
2024-03-01 17:01:06.830,0 days 01:14:31.157000,-481.0,-637.0,-158.0,,262.00000256,11079.9985664,100.0,0,8,6,5173.569152372424,0.9621028587234497,81,108.29331861333034,interpolation,0 days 00:01:27.037000,87.037,4471.157,0.0
2024-03-01 17:01:06.930,0 days 01:14:31.257000,-473.0,-505.0,-158.0,,263.0,10520.0,100.0,0,8,6,5181.2444444444445,0.9635301945194046,81,102.54333333333034,interpolation,0 days 00:01:27.137000,87.137,4471.257,0.0
2024-03-01 17:01:07.030,0 days 01:14:31.357000,-465.8545409204917,-380.9665625305357,-158.2400758354461,,264.00000256,10584.50016512,100.0,0,8,6,5190.376132418714,0.9652283689993931,81,95.37664831999716,interpolation,0 days 00:01:27.237000,87.237,4471.357,0.0
2024-03-01 17:01:07.130,0 days 01:14:31.457000,-460.17891366282623,-275.00422262582606,-158.6898131229227,,265.0,10649.0,100.0,0,8,6,5198.911111111111,0.9668155764295544,81,88.20999999999731,interpolation,0 days 00:01:27.337000,87.337,4471.457,0.0
2024-03-01 17:01:07.230,0 days 01:14:31.557000,-456.0,-195.0,-159.0,,266.50000384,10675.00006656,100.0,0,8,7,5204.796456244138,0.9679100447183301,81,83.32109859555307,interpolation,0 days 00:01:27.437000,87.437,4471.557,0.0
2024-03-01 17:01:07.330,0 days 01:14:31.657000,-453.3223326675933,-142.2693868041508,-159.1124310424088,,268.0,10701.0,100.0,0,8,7,5210.822222222221,0.9690306263714918,81,78.43222222221993,interpolation,0 days 00:01:27.537000,87.537,4471.657,0.0
2024-03-01 17:01:07.430,0 days 01:14:31.757000,-451.8713638407611,-111.96429559425853,-159.0555487121796,,269.00000256,10747.00011776,100.0,0,8,7,5219.778585419597,0.9706961965769294,81,70.83220276622002,interpolation,0 days 00:01:27.637000,87.637,4471.757,0.0
2024-03-01 17:01:07.530,0 days 01:14:31.857000,-450.0,-75.0,-159.0,,270.0,10793.0,100.0,0,8,7,5228.822222222221,0.9723779966195693,81,63.232222222220116,interpolation,0 days 00:01:27.737000,87.737,4471.857,0.0
2024-03-01 17:01:07.630,0 days 01:14:31.957000,-447.4337015770344,-26.52857402486091,-158.97422564778353,,271.00000256,10816.00005888,100.0,0,8,7,5235.109993336002,0.9735473020614022,81,58.076653468441876,interpolation,0 days 00:01:27.837000,87.837,4471.957,0.0
2024-03-01 17:01:07.730,0 days 01:14:32.057000,-444.1724948506927,33.44948598502743,-158.97822591945882,,272.0,10839.0,100.0,0,8,7,5240.911111111111,0.9746261070084015,81,52.921111111108075,interpolation,0 days 00:01:27.937000,87.937,4472.057,0.0
2024-03-01 17:01:07.830,0 days 01:14:32.157000,-440.32502277900085,103.2031306824661,-158.9931132314048,,273.6666695111087,10902.33344142213,100.0,0,8,7,5248.494911687969,0.9760364285871974,81,45.78035818351377,interpolation,0 days 00:01:28.037000,88.037,4472.157,0.0
2024-03-01 17:01:07.930,0 days 01:14:32.257000,-436.0,181.0,-159.0,,275.3333304888913,10965.66655857787,100.0,0,8,7,5257.47497661808,0.9777064064856895,81,38.63964181648085,interpolation,0 days 00:01:28.137000,88.137,4472.257,0.0
2024-03-01 17:01:08.030,0 days 01:14:32.357000,-431.0,272.0,-159.0,,277.0,11029.0,100.0,0,8,7,5265.533333333332,0.9792049789033022,81,31.49888888888654,interpolation,0 days 00:01:28.237000,88.237,4472.357,0.0
2024-03-01 17:01:08.130,0 days 01:14:32.457000,-424.1407907327307,407.15659122200464,-158.99979539979242,,277.6666655288879,11069.666597262163,100.0,0,14,7,5272.283558525787,0.9804602846242492,81,198.55045563866932,interpolation,0 days 00:01:28.337000,88.337,4472.457,1.0
2024-03-01 17:01:08.230,0 days 01:14:32.557000,-417.0,551.0,-159.0,,278.3333344711121,11110.333402737837,100.0,0,14,7,5277.978341637048,0.9815193150440209,81,365.60287769466345,interpolation,0 days 00:01:28.437000,88.437,4472.557,1.0
2024-03-01 17:01:08.330,0 days 01:14:32.657000,-411.35278118891745,662.8984862886093,-159.00011389701075,,279.0,11151.0,100.0,0,12,7,5284.133333333332,0.9826639281596489,55,532.6544444444462,car,0 days 00:01:28.537000,88.537,4472.657,1.0
2024-03-01 17:01:08.430,0 days 01:14:32.757000,-407.19907647182595,742.8531959309989,-159.00013709199087,,280.50000384,11209.00014848,100.0,0,12,7,5291.001216961037,0.983941114233129,55,529.9044374044464,interpolation,0 days 00:01:28.637000,88.637,4472.757,1.0
2024-03-01 17:01:08.530,0 days 01:14:32.857000,-404.3509598599288,795.1412501531324,-159.00008308613283,,282.0,11267.0,100.0,0,12,7,5298.581922193218,0.9853508601861092,55,527.1544444444467,interpolation,0 days 00:01:28.737000,88.737,4472.857,1.0
2024-03-01 17:01:08.630,0 days 01:14:32.957000,-401.6805814286598,845.4310431781554,-159.00003288815455,,283.50000384,11325.00014848,100.0,0,12,7,5306.85504019546,0.9868893706894168,55,524.4044374044469,interpolation,0 days 00:01:28.837000,88.837,4472.957,1.0
2024-03-01 17:01:08.730,0 days 01:14:33.057000,-399.0,898.0,-159.0,,285.0,11383.0,100.0,0,12,7,5315.799999999998,0.9885528202627477,55,521.6544444444471,car,0 days 00:01:28.937000,88.937,4473.057,1.0
2024-03-01 17:01:08.830,0 days 01:14:33.157000,-396.30918812472515,952.8486589261615,-158.99998442133236,,286.6666695111087,11407.66670876441,100.0,0,12,7,5325.416893203457,0.9903412259398696,55,518.0544383004523,interpolation,0 days 00:01:29.037000,89.037,4473.157,1.0
2024-03-01 17:01:08.930,0 days 01:14:33.257000,-393.60817335667855,1009.9764583078113,-158.99998615231118,,288.3333304888913,11432.33329123559,100.0,0,12,7,5335.498257218737,0.9922160069379136,55,514.4544505884418,interpolation,0 days 00:01:29.137000,89.137,4473.257,1.0
2024-03-01 17:01:09.030,0 days 01:14:33.357000,-390.60305655029055,1073.366347255596,-158.9999948071344,,290.0,11457.0,100.0,0,12,7,5344.799999999998,0.9939458056624279,55,510.8544444444469,interpolation,0 days 00:01:29.237000,89.237,4473.357,1.0
2024-03-01 17:01:09.130,0 days 01:14:33.457000,-387.0,1147.0,-159.0,,290.99999744,11490.49991424,100.0,0,12,7,5353.114662187274,0.9954920419306779,55,507.7433412977796,interpolation,0 days 00:01:29.337000,89.337,4473.457,1.0
2024-03-01 17:01:09.230,0 days 01:14:33.557000,-382.79896681041316,1230.878170551557,-159.0000017309611,,292.0,11524.0,100.0,0,12,7,5361.022222222221,0.9969625714415593,55,504.6322222222234,interpolation,0 days 00:01:29.437000,89.437,4473.557,1.0
2024-03-01 17:01:09.330,0 days 01:14:33.657000,-378.0,1325.0,-159.0,,292.99999744,11585.49984256,100.0,0,12,7,5369.10249243092,0.9984652190022829,55,504.6322222222234,interpolation,0 days 00:01:29.537000,89.537,4473.657,1.0
