Date,SessionTime,X,Y,Z,Status,Speed,RPM,Throttle,Brake,DRS,nGear,Distance,RelativeDistance,DriverAhead,DistanceToDriverAhead,Source,Time,TimeSeconds,SessionTimeSeconds,DRSActive
2024-03-01 16:38:18.355,0 days 00:51:42.682000,-376.39255231788707,1369.5798649685582,-158.99192740835588,,290.55000064,11493.35007488,100.0,0,12,7,2.3560567102989767,0.00043897949232553905,,641.5097222222221,interpolation,0 days 00:00:00,0.0,3102.682,1.0
2024-03-01 16:38:18.445,0 days 00:51:42.772000,-371.7078247733053,1465.6595448249016,-158.85020933997842,,291.0,11546.0,100.0,0,12,7,10.538888888888888,0.0019636013317916425,,641.5097222222221,interpolation,0 days 00:00:00.090000,0.09,3102.772,1.0
2024-03-01 16:38:18.545,0 days 00:51:42.872000,-368.1234743199158,1536.9786344747054,-158.55062801993526,,292.3333333333333,11285.666666666666,100.0,0,12,7,18.580839656814685,0.0034619742062557144,,641.5097222222221,interpolation,0 days 00:00:00.190000,0.19,3102.872,1.0
2024-03-01 16:38:18.645,0 days 00:51:42.972000,-365.2273867065684,1595.808406887156,-158.22573268992443,,293.6666666666667,11025.333333333334,100.0,0,12,7,25.75461292460502,0.004798588615148066,,641.5097222222221,interpolation,0 days 00:00:00.290000,0.29,3102.972,1.0
2024-03-01 16:38:18.745,0 days 00:51:43.072000,-362.0,1667.0,-158.0,,295.0,10765.0,100.0,0,12,7,33.483333333333334,0.006238600541227323,,641.5097222222221,interpolation,0 days 00:00:00.390000,0.39,3103.072,1.0
2024-03-01 16:38:18.845,0 days 00:51:43.172000,-358.4413142002107,1750.553413813237,-157.87342995016192,,295.75,10734.0,100.0,0,12,7,42.00418710878091,0.007826202422020536,55,635.3680555555554,interpolation,0 days 00:00:00.490000,0.49,3103.172,1.0
2024-03-01 16:38:18.945,0 days 00:51:43.272000,-355.0,1831.0,-158.0,,296.5,10703.0,100.0,0,12,7,51.31717425094775,0.009561394257527708,55,629.2263888888888,interpolation,0 days 00:00:00.590000,0.59,3103.272,1.0
2024-03-01 16:38:19.045,0 days 00:51:43.372000,-352.12472809216786,1892.871110233424,-158.53368760910422,,297.25,10672.0,100.0,0,12,7,60.81879648986293,0.011331732504682529,55,623.084722222222,interpolation,0 days 00:00:00.690000,0.69,3103.372,1.0
2024-03-01 16:38:19.145,0 days 00:51:43.472000,-349.0,1963.0,-159.0,,298.0,10641.0,100.0,0,12,7,69.90555555555555,0.013024773620418682,55,616.9430555555554,interpolation,0 days 00:00:00.790000,0.79,3103.472,1.0
2024-03-01 16:38:19.245,0 days 00:51:43.572000,-345.0,2063.0,-159.0,,298.5,10649.5,100.0,0,12,8,78.5774514480256,0.014640517604736173,55,611.109722222222,interpolation,0 days 00:00:00.890000,0.89,3103.572,1.0
2024-03-01 16:38:19.345,0 days 00:51:43.672000,-341.26281878444036,2161.5517218716436,-158.98701891676694,,299.0,10658.0,100.0,0,12,8,86.51666666666667,0.016119748834998025,55,605.2763888888887,interpolation,0 days 00:00:00.990000,0.99,3103.672,1.0
2024-03-01 16:38:19.445,0 days 00:51:43.772000,-338.0,2246.0,-159.0,,300.0,10698.0,100.0,0,12,8,93.4053837108724,0.017403251688567278,55,600.4097222222221,interpolation,0 days 00:00:01.090000,1.09,3103.772,1.0
2024-03-01 16:38:19.545,0 days 00:51:43.872000,-335.2334064824814,2308.9095401046034,-159.00233166829656,,301.0,10738.0,100.0,0,12,8,99.89444444444443,0.018612290746940183,55,595.5430555555554,interpolation,0 days 00:00:01.190000,1.19,3103.872,1.0
2024-03-01 16:38:19.645,0 days 00:51:43.972000,-332.0,2380.0,-159.0,,301.6,10757.2,100.0,0,12,8,106.63469073118436,0.01986813059161299,55,589.3563888888888,interpolation,0 days 00:00:01.290000,1.29,3103.972,1.0
2024-03-01 16:38:19.745,0 days 00:51:44.072000,-327.33674232067096,2488.991037500735,-158.9989910734537,,302.2,10776.4,100.0,0,12,8,113.62612257109217,0.021170771222585698,55,583.169722222222,interpolation,0 days 00:00:01.390000,1.39,3104.072,1.0
2024-03-01 16:38:19.845,0 days 00:51:44.172000,-321.6080043136017,2626.1409698755097,-158.99920028323265,,302.8,10795.6,100.0,0,12,8,121.0415505267156,0.022552410630969508,55,576.9830555555554,interpolation,0 days 00:00:01.490000,1.49,3104.172,1.0
2024-03-01 16:38:19.945,0 days 00:51:44.272000,-317.0,2733.0,-159.0,,303.4,10814.8,100.0,0,12,8,129.91783266461857,0.0242062357743127,55,570.7963888888887,interpolation,0 days 00:00:01.590000,1.59,3104.272,1.0
2024-03-01 16:38:20.045,0 days 00:51:44.372000,-313.87709651783445,2799.8265448972265,-159.00128561940187,,304.0,10834.0,100.0,0,12,8,140.42777777777775,0.026164444314020742,55,564.6097222222221,car,0 days 00:00:01.690000,1.69,3104.372,1.0
2024-03-01 16:38:20.145,0 days 00:51:44.472000,-312.2392938671052,2826.62060456719,-159.00305714143826,,305.0,10841.0,100.0,0,12,8,152.5713858661931,0.02842703625009363,55,555.2040277777777,interpolation,0 days 00:00:01.790000,1.79,3104.472,1.0
2024-03-01 16:38:20.245,0 days 00:51:44.572000,-309.9818442828232,2865.854361953558,-159.00330009275552,,306.0,10848.0,100.0,0,12,8,164.31277777777777,0.030614687437780265,55,545.7983333333333,interpolation,0 days 00:00:01.890000,1.89,3104.572,1.0
2024-03-01 16:38:20.345,0 days 00:51:44.672000,-305.0,2970.0,-159.0,,306.0,10868.0,100.0,0,12,8,173.61607436044483,0.03234807373232955,55,539.076111111111,interpolation,0 days 00:00:01.990000,1.99,3104.672,1.0
2024-03-01 16:38:20.445,0 days 00:51:44.772000,-298.0,3123.0,-159.0,,306.0,10888.0,100.0,0,12,8,181.31277777777774,0.03378212026607885,55,532.3538888888888,interpolation,0 days 00:00:02.090000,2.09,3104.772,1.0
2024-03-01 16:38:20.545,0 days 00:51:44.872000,-293.2192564754235,3228.509742999753,-159.0443587035051,,306.5,10902.0,100.0,0,12,8,188.2343901933599,0.03507175217136556,55,526.9316666666666,interpolation,0 days 00:00:02.190000,2.19,3104.872,1.0
2024-03-01 16:38:20.645,0 days 00:51:44.972000,-290.9824183065327,3279.262305262858,-159.10806557728867,,307.0,10916.0,100.0,0,12,8,194.95722222222219,0.036324347398857065,55,521.5094444444444,interpolation,0 days 00:00:02.290000,2.29,3104.972,1.0
2024-03-01 16:38:20.745,0 days 00:51:45.072000,-289.0,3328.0,-159.0,,307.5,10927.5,100.0,0,12,8,202.05758447939564,0.0376472838992208,55,515.4844444444444,interpolation,0 days 00:00:02.390000,2.39,3105.072,1.0
2024-03-01 16:38:20.845,0 days 00:51:45.172000,-286.8904225939617,3383.513167739596,-158.6883086978367,,308.0,10939.0,100.0,0,12,8,209.53547696488022,0.039040561672456744,55,509.4594444444444,interpolation,0 days 00:00:02.490000,2.49,3105.172,1.0
2024-03-01 16:38:20.945,0 days 00:51:45.272000,-284.39926579202347,3451.5944640175207,-158.23365269497666,,308.5,10950.5,100.0,0,12,8,217.44924207903583,0.04051505104998737,55,503.43444444444435,interpolation,0 days 00:00:02.590000,2.59,3105.272,1.0
2024-03-01 16:38:21.045,0 days 00:51:45.372000,-280.0,3567.0,-158.0,,309.0,10962.0,100.0,0,12,8,225.85722222222216,0.04208162236323509,55,497.4094444444444,interpolation,0 days 00:00:02.690000,2.69,3105.372,1.0
2024-03-01 16:38:21.145,0 days 00:51:45.472000,-274.0,3721.0,-158.0,,309.3333333333333,10990.333333333334,100.0,0,12,8,234.75941739443945,0.04374027561219993,55,490.4464814814814,interpolation,0 days 00:00:02.790000,2.79,3105.472,1.0
2024-03-01 16:38:21.245,0 days 00:51:45.572000,-269.7700691531901,3826.45907464507,-157.94557767049486,,309.6666666666667,11018.666666666666,100.0,0,12,8,244.08541901667274,0.045477892300142736,55,483.4835185185184,interpolation,0 days 00:00:02.890000,2.89,3105.572,1.0
2024-03-01 16:38:21.345,0 days 00:51:45.672000,-267.50469823562054,3879.611600175935,-157.8410058860826,,310.0,11047.0,100.0,0,12,8,253.41277777777773,0.04721576184962758,55,476.5205555555554,interpolation,0 days 00:00:02.990000,2.99,3105.672,1.0
2024-03-01 16:38:21.445,0 days 00:51:45.772000,-265.0,3945.0,-158.0,,310.3333333333333,11065.666666666666,100.0,0,12,8,262.6710858197198,0.04894076589824807,55,469.7649999999998,interpolation,0 days 00:00:03.090000,3.09,3105.772,1.0
2024-03-01 16:38:21.545,0 days 00:51:45.872000,-261.8886580244597,4033.381399761462,-158.47484617215744,,310.6666666666667,11084.333333333334,100.0,0,12,8,271.86886227743213,0.05065449172763101,55,463.0094444444443,interpolation,0 days 00:00:03.190000,3.19,3105.872,1.0
2024-03-01 16:38:21.645,0 days 00:51:45.972000,-259.0,4118.0,-159.0,,311.0,11103.0,100.0,0,12,8,281.05722222222215,0.05236646307629875,55,456.2538888888887,interpolation,0 days 00:00:03.290000,3.29,3105.972,1.0
2024-03-01 16:38:21.745,0 days 00:51:46.072000,-257.1633536176217,4172.100001255295,-159.3099170809728,,311.6666666666667,11107.0,100.0,0,12,8,290.24468487625944,0.05407826724213198,55,449.7649999999998,interpolation,0 days 00:00:03.390000,3.39,3106.072,1.0
2024-03-01 16:38:21.845,0 days 00:51:46.172000,-254.0,4257.0,-159.0,,312.3333333333333,11111.0,100.0,0,12,8,299.4604199093725,0.05579533910570751,55,443.276111111111,interpolation,0 days 00:00:03.490000,3.49,3106.172,1.0
2024-03-01 16:38:21.945,0 days 00:51:46.272000,-248.0,4413.0,-158.0,,313.0,11115.0,100.0,0,12,8,308.87944444444435,0.05755028778352728,55,436.7872222222221,interpolation,0 days 00:00:03.590000,3.59,3106.272,1.0
2024-03-01 16:38:22.045,0 days 00:51:46.372000,-244.3760586877649,4513.987799321308,-158.31601930016396,,313.0,11105.0,100.0,0,12,8,318.53092785260753,0.05934854810051526,55,430.8612962962962,interpolation,0 days 00:00:03.690000,3.69,3106.372,1.0
2024-03-01 16:38:22.145,0 days 00:51:46.472000,-242.0,4587.0,-159.0,,313.0,11095.0,100.0,0,12,8,328.21158142536314,0.0611522433902642,55,424.93537037037026,interpolation,0 days 00:00:03.790000,3.79,3106.472,1.0
2024-03-01 16:38:22.245,0 days 00:51:46.572000,-238.87485924687104,4680.092012010425,-158.7695321172743,,313.0,11085.0,100.0,0,12,8,336.7016666666666,0.06273411249075583,55,419.00944444444434,interpolation,0 days 00:00:03.890000,3.89,3106.572,1.0
2024-03-01 16:38:22.345,0 days 00:51:46.672000,-235.1809323080191,4788.42879963106,-157.7840317073851,,313.3333333333333,11113.333333333334,100.0,0,12,8,343.7978927863318,0.06405627834772393,55,414.6538888888888,interpolation,0 days 00:00:03.990000,3.99,3106.672,1.0
2024-03-01 16:38:22.445,0 days 00:51:46.772000,-232.0,4883.0,-157.0,,313.6666666666667,11141.666666666666,100.0,0,12,8,349.9253981620763,0.0651979525643539,55,410.29833333333323,interpolation,0 days 00:00:04.090000,4.09,3106.772,1.0
2024-03-01 16:38:22.545,0 days 00:51:46.872000,-229.51236004869446,4958.9705278847105,-156.57685468294602,,314.0,11170.0,100.0,0,12,8,357.63499999999993,0.06663440232638626,55,405.9427777777777,interpolation,0 days 00:00:04.190000,4.19,3106.872,1.0
2024-03-01 16:38:22.645,0 days 00:51:46.972000,-227.53834992794256,5021.328226287921,-156.42423731226387,,314.3333333333333,11162.0,100.0,0,12,8,367.35183232442535,0.06844483842588378,55,400.1427777777777,interpolation,0 days 00:00:04.290000,4.29,3106.972,1.0
2024-03-01 16:38:22.745,0 days 00:51:47.072000,-225.0,5100.0,-156.0,,314.6666666666667,11154.0,100.0,0,12,8,378.66787559108843,0.07055323883348824,55,394.3427777777777,interpolation,0 days 00:00:04.390000,4.39,3107.072,1.0
2024-03-01 16:38:22.845,0 days 00:51:47.172000,-221.71764957844195,5199.973640948429,-155.2137852274609,,315.0,11146.0,100.0,0,12,8,389.1349999999999,0.0725034690376454,55,388.54277777777776,interpolation,0 days 00:00:04.490000,4.49,3107.172,1.0
2024-03-01 16:38:22.945,0 days 00:51:47.272000,-217.81119300352995,5317.712880697675,-154.11499023697488,,315.0,11140.5,100.0,0,12,8,398.3451818287541,0.07421950623052746,55,383.9316666666666,interpolation,0 days 00:00:04.590000,4.59,3107.272,1.0
2024-03-01 16:38:23.045,0 days 00:51:47.372000,-214.0,5432.0,-153.0,,315.0,11135.0,100.0,0,12,8,406.6349999999999,0.0757640616550116,55,379.3205555555555,interpolation,0 days 00:00:04.690000,4.69,3107.372,1.0
2024-03-01 16:38:23.145,0 days 00:51:47.472000,-210.4039661358381,5539.298694208296,-151.918212264695,,315.2,11141.6,100.0,0,12,8,414.34103343638657,0.077199846553975,55,375.4827777777777,interpolation,0 days 00:00:04.790000,4.79,3107.472,1.0
2024-03-01 16:38:23.245,0 days 00:51:47.572000,-207.0230914110442,5639.608963322564,-150.86962703105985,,315.4,11148.2,100.0,0,12,8,421.463282137914,0.07852686092741765,55,371.6449999999999,interpolation,0 days 00:00:04.890000,4.89,3107.572,1.0
2024-03-01 16:38:23.345,0 days 00:51:47.672000,-203.88067098072818,5732.61475077555,-149.88622828189474,,315.6,11154.8,100.0,0,12,8,428.2389412285828,0.07978929887077907,55,367.80722222222215,interpolation,0 days 00:00:04.990000,4.99,3107.672,1.0
2024-03-01 16:38:23.445,0 days 00:51:47.772000,-201.0,5818.0,-149.0,,315.8,11161.4,100.0,0,12,8,436.09118873905516,0.08125232631434352,55,363.9694444444444,interpolation,0 days 00:00:05.090000,5.09,3107.772,1.0
2024-03-01 16:38:23.545,0 days 00:51:47.872000,-198.38107846885964,5895.764710995913,-148.21094218537556,,316.0,11168.0,100.0,0,12,8,445.25722222222214,0.08296013780610043,55,360.1316666666666,interpolation,0 days 00:00:05.190000,5.19,3107.872,1.0
2024-03-01 16:38:23.645,0 days 00:51:47.972000,-196.02390638730708,5965.908883763292,-147.51905483802142,,316.0,11182.5,100.0,0,12,8,455.73704167808364,0.08491273334604972,55,355.3184722222221,interpolation,0 days 00:00:05.290000,5.29,3107.972,1.0
2024-03-01 16:38:23.745,0 days 00:51:48.072000,-193.90756836740502,6029.287787891168,-146.9232813382823,,316.0,11197.0,100.0,0,12,8,466.23611111111103,0.08686891553362368,55,350.5052777777777,interpolation,0 days 00:00:05.390000,5.39,3108.072,1.0
2024-03-01 16:38:23.845,0 days 00:51:48.172000,-191.90657143900668,6091.033067187725,-146.41728193576688,,316.3333333333333,11181.666666666666,100.0,0,12,8,475.45989452577555,0.08858748696825453,55,346.97935185185173,interpolation,0 days 00:00:05.490000,5.49,3108.172,1.0
2024-03-01 16:38:23.945,0 days 00:51:48.272000,-190.0,6152.0,-146.0,,316.6666666666667,11166.333333333334,100.0,0,12,8,483.4983986555922,0.09008521766656012,55,343.45342592592584,interpolation,0 days 00:00:05.590000,5.59,3108.272,1.0
2024-03-01 16:38:24.045,0 days 00:51:48.372000,-188.18785405038506,6212.188586327998,-145.67143553098168,,317.0,11151.0,100.0,0,12,8,490.8916666666666,0.09146272824342405,55,339.9274999999999,interpolation,0 days 00:00:05.690000,5.69,3108.372,1.0
2024-03-01 16:38:24.145,0 days 00:51:48.472000,-186.47013359016177,6271.598826171715,-145.4315885287119,,316.6666666666667,11164.0,100.0,0,12,8,497.7297062141872,0.09273678888718997,55,336.7126851851851,interpolation,0 days 00:00:05.790000,5.79,3108.472,1.0
2024-03-01 16:38:24.245,0 days 00:51:48.572000,-184.5173463348576,6343.959652929574,-144.97594726208618,,316.3333333333333,11177.0,100.0,0,12,8,504.6491133072696,0.09402600989771889,55,333.4978703703703,interpolation,0 days 00:00:05.890000,5.89,3108.572,1.0
2024-03-01 16:38:24.345,0 days 00:51:48.672000,-182.0,6443.0,-144.0,,316.0,11190.0,100.0,0,12,8,515.4694444444443,0.09604204943048057,55,330.2830555555555,interpolation,0 days 00:00:05.990000,5.99,3108.672,1.0
2024-03-01 16:38:24.445,0 days 00:51:48.772000,-178.91809458558896,6568.719867382992,-142.50374674245342,,317.0,11180.0,100.0,0,12,8,529.5583333333332,0.0986670852646522,55,324.9941666666666,interpolation,0 days 00:00:06.090000,6.09,3108.772,1.0
2024-03-01 16:38:24.545,0 days 00:51:48.872000,-176.0,6691.0,-141.0,,316.6666666666667,11190.666666666666,100.0,0,12,8,539.3020842594219,0.10048253682665566,55,322.54972222222216,interpolation,0 days 00:00:06.190000,6.19,3108.872,1.0
2024-03-01 16:38:24.645,0 days 00:51:48.972000,-173.9740861516087,6779.721142772481,-140.0015722831935,,316.3333333333333,11201.333333333334,100.0,0,12,8,544.3959417409415,0.10143162220369324,55,320.1052777777777,interpolation,0 days 00:00:06.290000,6.29,3108.972,1.0
2024-03-01 16:38:24.745,0 days 00:51:49.072000,-172.662709128284,6840.051449305979,-139.45061113100195,,316.0,11212.0,100.0,0,12,8,550.6249999999999,0.10259221771070066,55,317.66083333333324,interpolation,0 days 00:00:06.390000,6.39,3109.072,1.0
2024-03-01 16:38:24.845,0 days 00:51:49.172000,-171.0,6903.0,-139.0,,316.3333333333333,11201.666666666666,100.0,0,12,8,558.9534364703435,0.10414396848038099,55,314.57935185185175,interpolation,0 days 00:00:06.490000,6.49,3109.172,1.0
2024-03-01 16:38:24.945,0 days 00:51:49.272000,-168.80831303554262,6973.735001382254,-138.59188583674353,,316.6666666666667,11191.333333333334,100.0,0,12,8,569.0361783001463,0.1060225806845561,55,311.4978703703703,interpolation,0 days 00:00:06.590000,6.59,3109.272,1.0
2024-03-01 16:38:25.045,0 days 00:51:49.372000,-166.0,7062.0,-138.0,,317.0,11181.0,100.0,0,12,8,578.8027777777777,0.10784228937904396,55,308.41638888888883,interpolation,0 days 00:00:06.690000,6.69,3109.372,1.0
2024-03-01 16:38:25.145,0 days 00:51:49.472000,-162.4874126584602,7177.538542400498,-136.99807384853693,,316.0,11043.0,89.5,0,10,8,587.9081585178478,0.10953880007729432,55,305.7775,interpolation,0 days 00:00:06.790000,6.79,3109.472,1.0
2024-03-01 16:38:25.245,0 days 00:51:49.572000,-159.0,7288.0,-136.0,,315.0,10905.0,79.0,0,10,8,596.3027777777776,0.11110288199641014,55,303.1386111111111,interpolation,0 days 00:00:06.890000,6.89,3109.572,1.0
2024-03-01 16:38:25.345,0 days 00:51:49.672000,-156.26721101369617,7361.033744214756,-135.41967107203476,,302.0,10664.333333333334,52.66666666666667,0,10,8,603.937092814988,0.11252530435349449,55,301.81638888888887,interpolation,0 days 00:00:06.990000,6.99,3109.672,1.0
2024-03-01 16:38:25.445,0 days 00:51:49.772000,-154.0,7416.0,-135.0,,289.0,10423.666666666666,26.333333333333336,0,10,8,610.9049521968361,0.11382355297402591,55,300.4941666666667,interpolation,0 days 00:00:07.090000,7.09,3109.772,1.0
2024-03-01 16:38:25.545,0 days 00:51:49.872000,-151.9093212593628,7472.258992310966,-134.4838997192546,,276.0,10183.0,0.0,0,10,8,617.7694444444443,0.11510254227371267,55,299.1719444444444,interpolation,0 days 00:00:07.190000,7.19,3109.872,1.0
2024-03-01 16:38:25.645,0 days 00:51:49.972000,-149.74433386922098,7532.849044128422,-133.85332444246555,,259.5,10217.0,0.0,1,8,8,624.6244171641647,0.11637975789897938,55,298.78305555555556,interpolation,0 days 00:00:07.290000,7.29,3109.972,0.0
2024-03-01 16:38:25.745,0 days 00:51:50.072000,-146.0,7616.0,-133.0,,243.0,10251.0,0.0,1,8,8,631.2694444444443,0.11761785657853803,55,298.3941666666667,interpolation,0 days 00:00:07.390000,7.39,3110.072,0.0
2024-03-01 16:38:25.845,0 days 00:51:50.172000,-141.0,7715.0,-132.0,,227.66666666666666,10528.0,0.0,1,8,7,637.5041003737296,0.11877949504110066,55,299.5200925925926,interpolation,0 days 00:00:07.490000,7.49,3110.172,0.0
2024-03-01 16:38:25.945,0 days 00:51:50.272000,-138.1914284336614,7771.348432886862,-131.41803681525607,,212.33333333333334,10805.0,0.0,1,8,7,643.3326357570932,0.11986546529487509,55,300.64601851851853,interpolation,0 days 00:00:07.590000,7.59,3110.272,0.0
2024-03-01 16:38:26.045,0 days 00:51:50.372000,-137.60745082134494,7785.090786647014,-131.2603866559275,,197.0,11082.0,0.0,1,8,7,648.7805555555555,0.12088051941343907,55,301.77194444444444,interpolation,0 days 00:00:07.690000,7.69,3110.372,0.0
2024-03-01 16:38:26.145,0 days 00:51:50.472000,-136.0,7815.0,-131.0,,184.0,10986.666666666666,0.0,1,8,7,653.852110617718,0.12182544941311066,55,304.2015740740741,interpolation,0 days 00:00:07.790000,7.79,3110.472,0.0
2024-03-01 16:38:26.245,0 days 00:51:50.572000,-132.82773421413077,7870.871512579588,-130.54903571021939,,171.0,10891.333333333334,0.0,1,8,7,658.5427313131892,0.12269940388228315,55,306.6312037037037,interpolation,0 days 00:00:07.890000,7.89,3110.572,0.0
2024-03-01 16:38:26.345,0 days 00:51:50.672000,-128.0,7938.0,-130.0,,158.0,10796.0,0.0,1,8,7,662.8249999999999,0.12349727437747138,55,309.06083333333333,interpolation,0 days 00:00:07.990000,7.99,3110.672,0.0
2024-03-01 16:38:26.445,0 days 00:51:50.772000,-121.42614389387043,8001.680137875459,-129.44539908275635,,149.0,10589.25,0.0,1,8,6,666.6943470945521,0.12421820949578705,55,312.6163888888889,interpolation,0 days 00:00:08.090000,8.09,3110.772,0.0
2024-03-01 16:38:26.545,0 days 00:51:50.872000,-115.0,8054.0,-129.0,,140.0,10382.5,0.0,1,8,6,670.1507725968454,0.12486220923723011,55,316.1719444444444,interpolation,0 days 00:00:08.190000,8.19,3110.872,0.0
2024-03-01 16:38:26.645,0 days 00:51:50.972000,-110.61540242264667,8087.047660167672,-128.77856979324264,,131.0,10175.75,0.0,1,8,6,673.3332006896048,0.12545515789691872,55,319.72749999999996,interpolation,0 days 00:00:08.290000,8.29,3110.972,0.0
2024-03-01 16:38:26.745,0 days 00:51:51.072000,-108.27235116181043,8100.823118378472,-128.78110846248427,,122.0,9969.0,0.0,1,8,6,676.3805555555555,0.1260229397699709,55,323.2830555555555,interpolation,0 days 00:00:08.390000,8.39,3111.072,0.0
2024-03-01 16:38:26.845,0 days 00:51:51.172000,-105.79312432006896,8108.937017400035,-128.89309290048377,,116.33333333333333,9523.333333333334,0.0,1,8,3,679.2928371946971,0.1265655548563867,55,327.2118518518518,interpolation,0 days 00:00:08.490000,8.49,3111.172,0.0
2024-03-01 16:38:26.945,0 days 00:51:51.272000,-101.0,8125.0,-129.0,,110.66666666666667,9077.666666666666,0.0,1,8,3,682.0549576692341,0.12708019197796103,55,331.14064814814805,interpolation,0 days 00:00:08.590000,8.59,3111.272,0.0
2024-03-01 16:38:27.045,0 days 00:51:51.372000,-93.89297820160351,8149.012066178363,-129.10182976103295,,105.0,8632.0,0.0,1,8,3,684.5763888888888,0.12754998397910408,55,335.06944444444434,interpolation,0 days 00:00:08.690000,8.69,3111.372,0.0
2024-03-01 16:38:27.145,0 days 00:51:51.472000,-85.0,8176.0,-129.0,,103.0,8348.5,0.0,1,8,2,686.8420427613642,0.12797211965282412,55,338.55833333333317,interpolation,0 days 00:00:08.790000,8.79,3111.472,0.0
2024-03-01 16:38:27.245,0 days 00:51:51.572000,-74.84900647031006,8200.990585529782,-128.49592853331853,,101.0,8065.0,0.0,1,8,2,689.0652777777777,0.1283863518631777,55,342.047222222222,interpolation,0 days 00:00:08.890000,8.89,3111.572,0.0
2024-03-01 16:38:27.345,0 days 00:51:51.672000,-64.0,8223.0,-128.0,,95.5,7819.5,0.0,1,8,2,691.4594524292468,0.1288324334742214,55,346.85277777777765,interpolation,0 days 00:00:08.990000,8.99,3111.672,0.0
2024-03-01 16:38:27.445,0 days 00:51:51.772000,-53.01298297653618,8241.044420642942,-127.92259903905588,,90.0,7574.0,0.0,1,8,2,694.0652777777777,0.12931794975385374,55,351.6583333333333,interpolation,0 days 00:00:09.090000,9.09,3111.772,0.0
2024-03-01 16:38:27.545,0 days 00:51:51.872000,-40.0,8258.0,-128.0,,87.0,7166.5,0.0,1,8,2,696.9234648853775,0.12985048596997323,55,357.69166666666655,interpolation,0 days 00:00:09.190000,9.19,3111.872,0.0
2024-03-01 16:38:27.645,0 days 00:51:51.972000,-23.073095670472917,8276.742890612562,-127.9684772323462,,84.0,6759.0,0.0,1,8,2,699.6652777777778,0.13036133939141092,55,363.7249999999998,interpolation,0 days 00:00:09.290000,9.29,3111.972,0.0
2024-03-01 16:38:27.745,0 days 00:51:52.072000,-3.068097918047402,8296.5408054686,-127.87484607504813,,82.0,6586.0,0.0,1,8,2,701.9219804807103,0.1307818072869979,55,369.00277777777757,interpolation,0 days 00:00:09.390000,9.39,3112.072,0.0
2024-03-01 16:38:27.845,0 days 00:51:52.172000,15.0,8313.0,-128.0,,80.0,6413.0,0.0,1,8,2,704.1097222222222,0.1311894264053452,55,374.28055555555534,interpolation,0 days 00:00:09.490000,9.49,3112.172,0.0
2024-03-01 16:38:27.945,0 days 00:51:52.272000,30.295361594654988,8325.388179696078,-128.39075482554705,,78.0,6369.0,0.0,1,8,2,706.6446522303607,0.13166173349506388,55,380.847222222222,interpolation,0 days 00:00:09.590000,9.59,3112.272,0.0
2024-03-01 16:38:28.045,0 days 00:51:52.372000,42.81798686591755,8333.705344556829,-129.0471105516892,,76.0,6325.0,0.0,1,8,2,709.1763888888889,0.1321334456012303,55,387.41388888888866,interpolation,0 days 00:00:09.690000,9.69,3112.372,0.0
2024-03-01 16:38:28.145,0 days 00:51:52.472000,58.18161870422134,8339.169837139169,-129.67991100198677,,75.5,6221.0,0.0,0,8,2,711.3545505815696,0.13253927976892083,55,393.0249999999998,interpolation,0 days 00:00:09.790000,9.79,3112.472,0.0
2024-03-01 16:38:28.245,0 days 00:51:52.572000,82.0,8343.0,-130.0,,75.0,6117.0,0.0,0,8,2,713.3430555555556,0.13290977717679367,55,398.63611111111095,interpolation,0 days 00:00:09.890000,9.89,3112.572,0.0
2024-03-01 16:38:28.345,0 days 00:51:52.672000,114.27313075325354,8345.195833139329,-130.0073775457289,,73.25,6138.0,1.7500000000000002,0,8,2,715.3058220580001,0.13327547900350706,55,404.52499999999986,interpolation,0 days 00:00:09.990000,9.99,3112.672,0.0
2024-03-01 16:38:28.445,0 days 00:51:52.772000,147.0,8345.0,-130.0,,71.5,6159.0,3.5000000000000004,0,8,2,717.2428500889031,0.13363638524906096,55,410.4138888888887,interpolation,0 days 00:00:10.090000,10.09,3112.772,0.0
2024-03-01 16:38:28.545,0 days 00:51:52.872000,172.17959677625748,8341.655164024867,-130.27582372364,,69.75,6180.0,5.25,0,8,2,719.1188697420213,0.1339859244394033,55,416.3027777777776,interpolation,0 days 00:00:10.190000,10.19,3112.872,0.0
2024-03-01 16:38:28.645,0 days 00:51:52.972000,189.811921082026,8335.161325213927,-130.83484871664885,,68.0,6201.0,7.0,0,8,2,720.8986111111111,0.13431752510048192,55,422.1916666666665,interpolation,0 days 00:00:10.290000,10.29,3112.972,0.0
2024-03-01 16:38:28.745,0 days 00:51:53.072000,203.28828484678152,8327.336823796024,-131.47644935133332,,68.5,6305.75,13.25,0,8,2,722.5820741961729,0.13463118723229683,55,427.59166666666647,interpolation,0 days 00:00:10.390000,10.39,3113.072,0.0
2024-03-01 16:38:28.845,0 days 00:51:53.172000,216.0,8320.0,-132.0,,69.0,6410.5,19.5,0,8,2,724.1692589972066,0.13492691083484806,55,432.99166666666645,interpolation,0 days 00:00:10.490000,10.49,3113.172,0.0
2024-03-01 16:38:28.945,0 days 00:51:53.272000,227.9470665416815,8313.150853825857,-132.40550066264905,,69.5,6515.25,25.75,0,8,2,725.8711198551925,0.13524400083195282,55,438.3916666666664,interpolation,0 days 00:00:10.590000,10.59,3113.272,0.0
2024-03-01 16:38:29.045,0 days 00:51:53.372000,239.29090126830076,8306.576540731172,-132.70824561038532,,70.0,6620.0,32.0,0,8,2,727.8986111111111,0.1356217621474284,55,443.7916666666664,interpolation,0 days 00:00:10.690000,10.69,3113.372,0.0
2024-03-01 16:38:29.145,0 days 00:51:53.472000,251.0,8299.0,-133.0,,72.75,6878.0,36.75,0,8,2,730.2517327649623,0.1360601947812748,55,450.1777777777776,interpolation,0 days 00:00:10.790000,10.79,3113.472,0.0
2024-03-01 16:38:29.245,0 days 00:51:53.572000,263.2357778803545,8290.208389269439,-133.29605794598555,,75.5,7136.0,41.5,0,8,2,732.9304848167461,0.13655929873349199,55,456.5638888888887,interpolation,0 days 00:00:10.890000,10.89,3113.572,0.0
2024-03-01 16:38:29.345,0 days 00:51:53.672000,276.299637093127,8279.981713978166,-133.607410021153,,78.25,7394.0,46.25,0,8,2,735.5683000157125,0.13705077534856205,55,462.9499999999999,interpolation,0 days 00:00:10.990000,10.99,3113.672,0.0
2024-03-01 16:38:29.445,0 days 00:51:53.772000,292.0,8267.0,-134.0,,81.0,7652.0,51.0,0,8,2,737.7986111111111,0.137466325970967,55,469.336111111111,interpolation,0 days 00:00:11.090000,11.09,3113.772,0.0
2024-03-01 16:38:29.545,0 days 00:51:53.872000,310.6382718711104,8251.043250520866,-134.48481856788163,,82.0,7792.0,51.0,0,8,2,739.6214181029421,0.13780595060070688,55,473.936111111111,interpolation,0 days 00:00:11.190000,11.19,3113.872,0.0
2024-03-01 16:38:29.645,0 days 00:51:53.972000,330.0,8234.0,-135.0,,83.0,7932.0,51.0,0,8,2,741.4875,0.13815363819253243,55,478.53611111111104,interpolation,0 days 00:00:11.290000,11.29,3113.972,0.0
2024-03-01 16:38:29.745,0 days 00:51:54.072000,347.8707316802107,8217.75878289664,-135.48367857155722,,86.5,8304.0,56.0,0,8,2,743.8476358110795,0.13859337770119456,55,484.20277777777767,interpolation,0 days 00:00:11.390000,11.39,3114.072,0.0
2024-03-01 16:38:29.845,0 days 00:51:54.172000,365.34611446325175,8201.132656387987,-136.00735151181985,,90.0,8676.0,61.0,0,8,2,746.4875,0.1390852360832085,55,489.8694444444443,interpolation,0 days 00:00:11.490000,11.49,3114.172,0.0
2024-03-01 16:38:29.945,0 days 00:51:54.272000,389.0,8177.0,-137.0,,94.0,9036.0,61.5,0,8,2,749.1927670305809,0.1395892802950894,55,495.3416666666665,interpolation,0 days 00:00:11.590000,11.59,3114.272,0.0
2024-03-01 16:38:30.045,0 days 00:51:54.372000,419.92802462259135,8144.173883064119,-138.5331205332365,,98.0,9396.0,62.0,0,8,2,751.9319444444444,0.14009964267527797,55,500.81388888888875,interpolation,0 days 00:00:11.690000,11.69,3114.372,0.0
2024-03-01 16:38:30.145,0 days 00:51:54.472000,452.0,8110.0,-140.0,,102.0,9580.5,65.5,0,8,2,754.673539783213,0.1406104555622148,55,506.1194444444444,interpolation,0 days 00:00:11.790000,11.79,3114.472,0.0
2024-03-01 16:38:30.245,0 days 00:51:54.572000,479.0857378012005,8081.824045227307,-140.79392528876133,,106.0,9765.0,69.0,0,8,2,757.8208333333333,0.1411968579687409,55,511.42500000000007,interpolation,0 days 00:00:11.890000,11.89,3114.572,0.0
2024-03-01 16:38:30.345,0 days 00:51:54.672000,501.1852380261927,8059.646018746036,-140.91489639952044,,114.0,10409.5,77.0,0,8,2,761.7771053812526,0.14193398890769732,55,517.3336111111112,interpolation,0 days 00:00:11.990000,11.99,3114.672,0.0
2024-03-01 16:38:30.445,0 days 00:51:54.772000,519.4421192380886,8041.64498289175,-140.82841931051937,,122.0,11054.0,85.0,0,8,2,765.9202777777778,0.14270594304075937,55,523.2422222222222,interpolation,0 days 00:00:12.090000,12.09,3114.772,0.0
2024-03-01 16:38:30.545,0 days 00:51:54.872000,535.0,8026.0,-141.0,,127.0,10494.0,84.0,0,8,2,769.6282723737164,0.14339681502960228,55,527.9366666666667,interpolation,0 days 00:00:12.190000,12.19,3114.872,0.0
2024-03-01 16:38:30.645,0 days 00:51:54.972000,547.8588803119272,8012.711070070791,-141.42963846796243,,132.0,9934.0,83.0,0,8,2,773.253611111111,0.1440722866137509,55,532.6311111111113,interpolation,0 days 00:00:12.290000,12.29,3114.972,0.0
2024-03-01 16:38:30.745,0 days 00:51:55.072000,558.01876017387,8001.77819310412,-142.11733471440655,,135.5,10207.5,84.0,0,8,2,777.148815932004,0.14479803953272993,55,537.1588888888891,interpolation,0 days 00:00:12.390000,12.39,3115.072,0.0
2024-03-01 16:38:30.845,0 days 00:51:55.172000,577.9192599488778,7986.7062195853905,-142.74636360364744,,139.0,10481.0,85.0,0,8,2,780.9758333333333,0.1455110878004617,55,541.6866666666668,interpolation,0 days 00:00:12.490000,12.49,3115.172,0.0
2024-03-01 16:38:30.945,0 days 00:51:55.272000,620.0,7961.0,-143.0,,142.0,10667.5,85.5,0,8,3,784.396609812037,0.1461484454308686,55,545.0866666666669,interpolation,0 days 00:00:12.590000,12.59,3115.272,0.0
2024-03-01 16:38:31.045,0 days 00:51:55.372000,679.0,7928.0,-143.0,,145.0,10854.0,86.0,0,8,3,787.4111453681147,0.1467101124239506,55,548.4866666666669,interpolation,0 days 00:00:12.690000,12.69,3115.372,0.0
2024-03-01 16:38:31.145,0 days 00:51:55.472000,723.3535396022228,7907.748910878938,-143.4768964425276,,148.0,11040.5,86.5,0,8,3,790.5635804623574,0.14729747280080854,55,551.886666666667,interpolation,0 days 00:00:12.790000,12.79,3115.472,0.0
2024-03-01 16:38:31.245,0 days 00:51:55.572000,757.0,7896.0,-144.0,,151.0,11227.0,87.0,0,8,3,794.3980555555555,0.1480119105825432,55,555.286666666667,car,0 days 00:00:12.890000,12.89,3115.572,0.0
2024-03-01 16:38:31.345,0 days 00:51:55.672000,789.1396888417378,7885.166103280519,-144.01686649507488,,154.75,11032.5,89.0,0,8,3,798.9145706477091,0.14885342576915456,55,559.472777777778,interpolation,0 days 00:00:12.990000,12.99,3115.672,0.0
2024-03-01 16:38:31.445,0 days 00:51:55.772000,821.8949742765283,7875.553515952651,-143.57950851661764,,158.5,10838.0,91.0,0,8,3,804.1131257388182,0.14982201836064266,55,563.6588888888891,interpolation,0 days 00:00:13.090000,13.09,3115.772,0.0
2024-03-01 16:38:31.545,0 days 00:51:55.872000,868.0,7869.0,-143.0,,162.25,10643.5,93.0,0,8,3,809.5263679605181,0.1508306113677335,55,567.8450000000001,interpolation,0 days 00:00:13.190000,13.19,3115.872,0.0
2024-03-01 16:38:31.645,0 days 00:51:55.972000,929.5771124283069,7865.811847518277,-142.33035300148128,,166.0,10449.0,95.0,0,8,3,814.6869444444444,0.15179212780115314,55,572.0311111111112,interpolation,0 days 00:00:13.290000,13.29,3115.972,0.0
2024-03-01 16:38:31.745,0 days 00:51:56.072000,1002.2765933641572,7865.8188776475245,-141.60160701969733,,168.5,10657.5,96.25,0,8,4,819.5948551905971,0.15270656766090154,55,574.3644444444445,interpolation,0 days 00:00:13.390000,13.39,3116.072,0.0
2024-03-01 16:38:31.845,0 days 00:51:56.172000,1060.0,7868.0,-141.0,,171.0,10866.0,97.5,0,8,4,824.2501001989758,0.15357393094697874,55,576.6977777777779,interpolation,0 days 00:00:13.490000,13.49,3116.172,0.0
2024-03-01 16:38:31.945,0 days 00:51:56.272000,1098.3975695972017,7872.185031973085,-140.5565717588713,,173.5,11074.5,98.75,0,8,4,829.0126562189778,0.15446128837547085,55,579.0311111111114,interpolation,0 days 00:00:13.590000,13.59,3116.272,0.0
2024-03-01 16:38:32.045,0 days 00:51:56.372000,1132.0,7878.0,-140.0,,176.0,11283.0,100.0,0,8,4,834.2425,0.15543571066246395,55,581.3644444444448,interpolation,0 days 00:00:13.690000,13.69,3116.372,0.0
2024-03-01 16:38:32.145,0 days 00:51:56.472000,1175.3379890526335,7885.07093051397,-139.0589624270749,,181.0,11499.333333333334,100.0,0,8,4,839.9396315420423,0.15649719780795807,55,582.9051851851855,interpolation,0 days 00:00:13.790000,13.79,3116.472,0.0
2024-03-01 16:38:32.245,0 days 00:51:56.572000,1228.275909280228,7893.733304770871,-137.73084904906915,,186.0,11715.666666666666,100.0,0,8,4,845.935663589077,0.15761437596944677,55,584.4459259259262,interpolation,0 days 00:00:13.890000,13.89,3116.572,0.0
2024-03-01 16:38:32.345,0 days 00:51:56.672000,1290.0,7906.0,-136.0,,191.0,11932.0,100.0,0,8,4,851.2202777777777,0.15859900305569286,55,585.9866666666669,interpolation,0 days 00:00:13.990000,13.99,3116.672,0.0
2024-03-01 16:38:32.445,0 days 00:51:56.772000,1360.3746351258933,7922.206494021921,-133.86380531556676,,194.5,11832.0,100.0,0,8,4,855.6250885763934,0.15941970554545637,55,585.8311111111113,interpolation,0 days 00:00:14.090000,14.09,3116.772,0.0
2024-03-01 16:38:32.545,0 days 00:51:56.872000,1437.1692068721816,7941.748469072254,-131.39166708769747,,198.0,11732.0,100.0,0,8,4,860.0202777777777,0.1602386153432827,55,585.6755555555558,interpolation,0 days 00:00:14.190000,14.19,3116.872,0.0
2024-03-01 16:38:32.645,0 days 00:51:56.972000,1507.0,7961.0,-129.0,,201.0,11240.0,100.0,0,8,4,865.276027174784,0.16121786435371735,55,584.8144444444447,interpolation,0 days 00:00:14.290000,14.29,3116.972,0.0
2024-03-01 16:38:32.745,0 days 00:51:57.072000,1567.6363838820814,7979.35676285253,-126.75820685508333,,204.0,10748.0,100.0,0,8,4,871.3536111111109,0.1623502372288151,55,583.9533333333336,interpolation,0 days 00:00:14.390000,14.39,3117.072,0.0
2024-03-01 16:38:32.845,0 days 00:51:57.172000,1619.0783585184258,7996.818757629847,-124.6662876529476,,207.33333333333334,10891.0,100.0,0,8,5,878.2143039304567,0.16362851862063088,55,581.886666666667,interpolation,0 days 00:00:14.490000,14.49,3117.172,0.0
2024-03-01 16:38:32.945,0 days 00:51:57.272000,1664.981153895557,8012.87137359224,-122.74122462433805,,210.66666666666666,11034.0,100.0,0,8,5,885.6879500906105,0.16502100522032256,55,579.8200000000003,interpolation,0 days 00:00:14.590000,14.59,3117.272,0.0
2024-03-01 16:38:33.045,0 days 00:51:57.372000,1709.0,8027.0,-121.0,,214.0,11177.0,100.0,0,8,5,892.7536111111109,0.1663374762009086,55,577.7533333333337,interpolation,0 days 00:00:14.690000,14.69,3117.372,0.0
2024-03-01 16:38:33.145,0 days 00:51:57.472000,1751.1348968317548,8039.204636853126,-119.44261377993348,,218.0,11386.0,100.0,0,8,5,899.2411297073454,0.16754622792890334,55,575.6977777777781,interpolation,0 days 00:00:14.790000,14.79,3117.472,0.0
2024-03-01 16:38:33.245,0 days 00:51:57.572000,1791.3858443908207,8049.485284151621,-118.06906596413846,,222.0,11595.0,100.0,0,8,5,905.0869444444443,0.16863541766457624,55,573.6422222222225,interpolation,0 days 00:00:14.890000,14.89,3117.572,0.0
2024-03-01 16:38:33.345,0 days 00:51:57.672000,1834.9438697544765,8057.773289374305,-116.66098516627423,,222.66666666666666,11591.0,100.0,0,8,5,910.2274938875387,0.1695932026681968,55,571.7677777777781,interpolation,0 days 00:00:14.990000,14.99,3117.672,0.0
2024-03-01 16:38:33.445,0 days 00:51:57.772000,1887.0,8064.0,-115.0,,223.33333333333334,11587.0,100.0,0,8,5,914.8505234672737,0.17045456358919958,55,569.8933333333337,interpolation,0 days 00:00:15.090000,15.09,3117.772,0.0
2024-03-01 16:38:33.545,0 days 00:51:57.872000,1947.5542351273925,8068.16541602871,-113.08611046531584,,224.0,11583.0,100.0,0,8,5,920.0824999999998,0.17142938324959045,55,568.0188888888893,interpolation,0 days 00:00:15.190000,15.19,3117.872,0.0
2024-03-01 16:38:33.645,0 days 00:51:57.972000,2014.7002330710513,8070.345941688427,-110.97491471969415,,225.33333333333334,11560.333333333334,100.0,0,8,5,926.1111669938588,0.17255264194060393,55,565.1744444444448,interpolation,0 days 00:00:15.290000,15.29,3117.972,0.0
2024-03-01 16:38:33.745,0 days 00:51:58.072000,2077.0,8071.0,-109.0,,226.66666666666666,11537.666666666666,100.0,0,8,5,932.9132572284578,0.17382000452355204,55,562.3300000000004,interpolation,0 days 00:00:15.390000,15.39,3118.072,0.0
2024-03-01 16:38:33.845,0 days 00:51:58.172000,2132.54721336948,8070.203994409052,-107.21696389438361,,228.0,11515.0,100.0,0,8,5,940.3491666666664,0.17520546003313073,55,559.485555555556,interpolation,0 days 00:00:15.490000,15.49,3118.172,0.0
2024-03-01 16:38:33.945,0 days 00:51:58.272000,2206.0,8067.0,-105.0,,231.5,10998.0,100.0,0,8,5,948.3956278498349,0.17670467328626002,55,555.885555555556,interpolation,0 days 00:00:15.590000,15.59,3118.272,0.0
2024-03-01 16:38:34.045,0 days 00:51:58.372000,2311.0,8061.0,-102.0,,235.0,10481.0,100.0,0,8,5,956.015833333333,0.17812446675724902,55,552.285555555556,interpolation,0 days 00:00:15.690000,15.69,3118.372,0.0
2024-03-01 16:38:34.145,0 days 00:51:58.472000,2381.448631522388,8055.62342575794,-99.87714391022186,,236.4,10600.2,100.0,0,8,6,962.1729756725314,0.17927166292040692,55,549.4744444444449,interpolation,0 days 00:00:15.790000,15.79,3118.472,0.0
2024-03-01 16:38:34.245,0 days 00:51:58.572000,2439.0,8049.0,-98.0,,237.8,10719.4,100.0,0,8,6,966.8670548674304,0.18014626177573378,55,546.6633333333338,interpolation,0 days 00:00:15.890000,15.89,3118.572,0.0
2024-03-01 16:38:34.345,0 days 00:51:58.672000,2516.324584769496,8038.6895431454595,-95.46044128604706,,239.2,10838.6,100.0,0,8,6,970.6349766198472,0.18084829936709057,55,543.8522222222227,interpolation,0 days 00:00:15.990000,15.99,3118.672,0.0
2024-03-01 16:38:34.445,0 days 00:51:58.772000,2607.723099356918,8025.580109764805,-92.43690399442904,,240.6,10957.8,100.0,0,8,6,976.6981916344872,0.18197799503076137,55,541.0411111111116,interpolation,0 days 00:00:16.090000,16.09,3118.772,0.0
2024-03-01 16:38:34.545,0 days 00:51:58.872000,2679.0,8015.0,-90.0,,242.0,11077.0,100.0,0,8,6,985.5936111111107,0.1836353858349816,55,538.2300000000005,interpolation,0 days 00:00:16.190000,16.19,3118.872,0.0
2024-03-01 16:38:34.645,0 days 00:51:58.972000,2724.456058585179,8007.8372593279,-88.32816370164842,,247.0,11077.0,100.0,0,14,6,996.5713888888885,0.18568076075939924,55,532.9855555555561,interpolation,0 days 00:00:16.290000,16.29,3118.972,1.0
2024-03-01 16:38:34.745,0 days 00:51:59.072000,2744.091275112455,8004.0918877485055,-87.4213950993743,,248.5,11145.0,100.0,0,14,6,1005.1324710380429,0.18727585797381055,55,529.985555555556,interpolation,0 days 00:00:16.390000,16.39,3119.072,1.0
2024-03-01 16:38:34.845,0 days 00:51:59.172000,2775.4308540835036,7997.050572294858,-86.30392894741301,,250.0,11213.0,100.0,0,14,6,1010.5270190761302,0.18828096788849713,55,526.985555555556,interpolation,0 days 00:00:16.490000,16.49,3119.172,1.0
2024-03-01 16:38:34.945,0 days 00:51:59.272000,2856.0,7980.0,-84.0,,251.5,11281.0,100.0,0,14,6,1015.2687520205966,0.18916444557033993,55,523.985555555556,interpolation,0 days 00:00:16.590000,16.59,3119.272,1.0
2024-03-01 16:38:35.045,0 days 00:51:59.372000,2985.7987128619443,7952.940170863929,-80.50960825713523,,253.0,11349.0,100.0,0,14,6,1021.8713888888886,0.19039464608622012,55,520.9855555555558,interpolation,0 days 00:00:16.690000,16.69,3119.372,1.0
2024-03-01 16:38:35.145,0 days 00:51:59.472000,3121.0,7925.0,-77.0,,256.0,11467.5,100.0,0,12,6,1030.3349296810059,0.19197156943613758,55,516.985555555556,interpolation,0 days 00:00:16.790000,16.79,3119.472,1.0
2024-03-01 16:38:35.245,0 days 00:51:59.572000,3217.7768687448297,7905.308402521565,-74.63842150977565,,259.0,11586.0,100.0,0,12,6,1039.1380555555552,0.19361176413535475,55,512.985555555556,interpolation,0 days 00:00:16.890000,16.89,3119.572,1.0
2024-03-01 16:38:35.345,0 days 00:51:59.672000,3276.129319096434,7893.865378428625,-73.42487278646217,,259.6666666666667,11282.333333333334,100.0,0,12,6,1046.7594476711427,0.19503177869913405,55,509.9522222222226,interpolation,0 days 00:00:16.990000,16.99,3119.672,1.0
2024-03-01 16:38:35.445,0 days 00:51:59.772000,3317.4171098998218,7885.989665121374,-72.74888766991761,,260.3333333333333,10978.666666666666,100.0,0,12,6,1053.3081091698452,0.19625192254692259,55,506.91888888888917,interpolation,0 days 00:00:17.090000,17.09,3119.772,1.0
2024-03-01 16:38:35.545,0 days 00:51:59.872000,3363.0,7877.0,-72.0,,261.0,10675.0,100.0,0,12,6,1059.4380555555554,0.19739405157149956,55,503.8855555555558,interpolation,0 days 00:00:17.190000,17.19,3119.872,1.0
2024-03-01 16:38:35.645,0 days 00:51:59.972000,3412.8779893969713,7866.896383064508,-71.17820977670938,,263.0,10672.5,100.0,0,12,6,1065.2582888541633,0.19847847498434468,55,501.26333333333355,interpolation,0 days 00:00:17.290000,17.29,3119.972,1.0
2024-03-01 16:38:35.745,0 days 00:52:00.072000,3467.0510780907334,7855.678814314893,-70.28351700004572,,265.0,10670.0,100.0,0,12,6,1071.2158333333332,0.1995884821584254,55,498.6411111111113,interpolation,0 days 00:00:17.390000,17.39,3120.072,1.0
2024-03-01 16:38:35.845,0 days 00:52:00.172000,3523.6986277391293,7843.871838407833,-69.2470657233592,,266.3333333333333,10697.333333333334,100.0,0,12,7,1077.7577132607296,0.20080736246670905,55,495.633703703704,interpolation,0 days 00:00:17.490000,17.49,3120.172,1.0
2024-03-01 16:38:35.945,0 days 00:52:00.272000,3581.0,7832.0,-68.0,,267.6666666666667,10724.666666666666,100.0,0,12,7,1084.8332150422723,0.20212566697374107,55,492.6262962962967,interpolation,0 days 00:00:17.590000,17.59,3120.272,1.0
2024-03-01 16:38:36.045,0 days 00:52:00.372000,3638.955194873346,7820.063299091395,-66.54231982996814,,269.0,10752.0,100.0,0,12,7,1092.1380555555552,0.20348670177652092,55,489.6188888888894,interpolation,0 days 00:00:17.690000,17.69,3120.372,1.0
2024-03-01 16:38:36.145,0 days 00:52:00.472000,3713.0,7805.0,-65.0,,270.5,10800.25,100.0,0,12,7,1099.6215206871889,0.20488101784283647,55,487.0077777777783,interpolation,0 days 00:00:17.790000,17.79,3120.472,1.0
2024-03-01 16:38:36.245,0 days 00:52:00.572000,3818.570203020796,7783.7483670438005,-63.49901529683203,,272.0,10848.5,100.0,0,12,7,1107.283610437173,0.20630861517268761,55,484.3966666666672,interpolation,0 days 00:00:17.890000,17.89,3120.572,1.0
2024-03-01 16:38:36.345,0 days 00:52:00.672000,3922.0,7763.0,-62.0,,273.5,10896.75,100.0,0,12,7,1115.011811635237,0.20774853035965496,55,481.78555555555613,interpolation,0 days 00:00:17.990000,17.99,3120.672,1.0
2024-03-01 16:38:36.445,0 days 00:52:00.772000,3989.6235870018804,7749.446498645799,-60.463588389039714,,275.0,10945.0,100.0,0,12,7,1122.6936111111108,0.20917979999731906,55,479.17444444444504,interpolation,0 days 00:00:18.090000,18.09,3120.772,1.0
2024-03-01 16:38:36.545,0 days 00:52:00.872000,4042.0,7739.0,-59.0,,276.25,10996.0,100.0,0,12,7,1130.3290088647939,0.2106024240856798,55,476.6188888888895,interpolation,0 days 00:00:18.190000,18.19,3120.872,1.0
2024-03-01 16:38:36.645,0 days 00:52:00.972000,4099.6882749679235,7727.572641081399,-57.7194543689297,,277.5,11047.0,100.0,0,12,7,1137.9180048962871,0.21201640262473742,55,474.06333333333396,interpolation,0 days 00:00:18.290000,18.29,3120.972,1.0
2024-03-01 16:38:36.745,0 days 00:52:01.072000,4165.4661345561935,7714.522719366371,-56.54334161074068,,278.75,11098.0,100.0,0,12,7,1145.6725818129696,0.2134612321244707,55,471.5077777777784,interpolation,0 days 00:00:18.390000,18.39,3121.072,1.0
2024-03-01 16:38:36.845,0 days 00:52:01.172000,4256.0,7696.0,-55.0,,280.0,11149.0,100.0,0,12,7,1153.804722222222,0.21497640909485896,55,468.9522222222229,interpolation,0 days 00:00:18.490000,18.49,3121.172,1.0
2024-03-01 16:38:36.945,0 days 00:52:01.272000,4372.0,7672.0,-53.0,,281.25,11198.5,100.0,0,12,7,1162.3144261240438,0.21656193353590197,55,466.66576388888956,interpolation,0 days 00:00:18.590000,18.59,3121.272,1.0
2024-03-01 16:38:37.045,0 days 00:52:01.372000,4501.060336675158,7646.3460956165145,-50.478428198483904,,282.5,11248.0,100.0,0,12,7,1171.2016935184354,0.21821780544759986,55,464.37930555555624,interpolation,0 days 00:00:18.690000,18.69,3121.372,1.0
2024-03-01 16:38:37.145,0 days 00:52:01.472000,4621.0,7623.0,-48.0,,283.75,11297.5,100.0,0,12,7,1180.0790169313868,0.21987182460087085,55,462.09284722222293,interpolation,0 days 00:00:18.790000,18.79,3121.472,1.0
2024-03-01 16:38:37.245,0 days 00:52:01.572000,4711.705623515521,7605.286193663273,-46.1402497665322,,285.0,11347.0,100.0,0,12,7,1188.5588888888885,0.22145179076663313,55,459.8063888888896,interpolation,0 days 00:00:18.890000,18.89,3121.572,1.0
2024-03-01 16:38:37.345,0 days 00:52:01.672000,4773.177207221722,7593.204676606334,-44.89917749808052,,286.0,11364.0,100.0,0,12,7,1196.6413093909405,0.22295770394488684,55,457.8063888888896,interpolation,0 days 00:00:18.990000,18.99,3121.672,1.0
2024-03-01 16:38:37.445,0 days 00:52:01.772000,4810.9272649184,7585.6852900012545,-44.16126158215724,,287.0,11381.0,100.0,0,12,7,1204.5033333333329,0.2244225529291223,55,455.8063888888896,interpolation,0 days 00:00:19.090000,19.09,3121.772,1.0
2024-03-01 16:38:37.545,0 days 00:52:01.872000,4858.0307100605105,7576.307113755663,-43.23337589264788,,287.75,11424.75,100.0,0,12,7,1212.3220156118562,0.22587932651283,55,454.00083333333407,interpolation,0 days 00:00:19.190000,19.19,3121.872,1.0
2024-03-01 16:38:37.645,0 days 00:52:01.972000,4920.0,7564.0,-42.0,,288.5,11468.5,100.0,0,12,7,1220.09735622651,0.22732802469600988,55,452.19527777777853,interpolation,0 days 00:00:19.290000,19.29,3121.972,1.0
2024-03-01 16:38:37.745,0 days 00:52:02.072000,4996.835134736867,7548.7639487342685,-40.46113390421359,,289.25,11512.25,100.0,0,12,7,1228.131240950131,0.22882489470850187,55,450.389722222223,interpolation,0 days 00:00:19.390000,19.39,3122.072,1.0
2024-03-01 16:38:37.845,0 days 00:52:02.172000,5088.536114271114,7530.598959958469,-38.616777605288654,,290.0,11556.0,100.0,0,12,7,1236.7255555555553,0.23042618378014582,55,448.58416666666744,interpolation,0 days 00:00:19.490000,19.49,3122.172,1.0
2024-03-01 16:38:37.945,0 days 00:52:02.272000,5183.469036669803,7511.884491203435,-36.71403250371939,,291.25,11334.0,100.0,0,12,7,1245.8803000427827,0.2321318919109417,55,446.78138888888964,interpolation,0 days 00:00:19.590000,19.59,3122.272,1.0
2024-03-01 16:38:38.045,0 days 00:52:02.372000,5270.0,7495.0,-35.0,,292.5,11112.0,100.0,0,12,7,1255.5954744118135,0.23394201910088952,55,444.97861111111183,interpolation,0 days 00:00:19.690000,19.69,3122.372,1.0
2024-03-01 16:38:38.145,0 days 00:52:02.472000,5348.129004261707,7479.945486348168,-33.47468009413049,,293.75,10890.0,100.0,0,12,7,1264.8895782416039,0.23567369260560092,55,443.175833333334,interpolation,0 days 00:00:19.790000,19.79,3122.472,1.0
2024-03-01 16:38:38.245,0 days 00:52:02.572000,5417.94703470108,7466.684684379781,-32.13916411473135,,295.0,10668.0,100.0,0,12,7,1272.7811111111107,0.23714403968068756,55,441.3730555555562,interpolation,0 days 00:00:19.890000,19.89,3122.572,1.0
2024-03-01 16:38:38.345,0 days 00:52:02.672000,5480.0,7455.0,-31.0,,295.5,10655.25,100.0,0,12,7,1279.2700730203328,0.2383530603261493,55,440.150833333334,interpolation,0 days 00:00:19.990000,19.99,3122.672,1.0
2024-03-01 16:38:38.445,0 days 00:52:02.772000,5534.378884472942,7444.855167712032,-30.058279067381783,,296.0,10642.5,100.0,0,12,7,1284.3564639692709,0.23930075454198624,55,438.92861111111176,interpolation,0 days 00:00:20.090000,20.09,3122.772,1.0
2024-03-01 16:38:38.545,0 days 00:52:02.872000,5593.0,7434.0,-29.0,,296.5,10629.75,100.0,0,12,7,1290.255178489129,0.24039980054286622,55,437.70638888888953,interpolation,0 days 00:00:20.190000,20.19,3122.872,1.0
2024-03-01 16:38:38.645,0 days 00:52:02.972000,5667.779658461266,7420.184309348024,-27.51116148097794,,297.0,10617.0,100.0,0,12,8,1299.1811111111108,0.24206287654345715,55,436.4841666666673,car,0 days 00:00:20.290000,20.29,3122.972,1.0
2024-03-01 16:38:38.745,0 days 00:52:03.072000,5755.516248097568,7404.000164932475,-25.676006990762104,,298.0,10645.5,100.0,0,12,8,1311.1342618352162,0.24428998254375908,55,434.46194444444507,interpolation,0 days 00:00:20.390000,20.39,3123.072,1.0
2024-03-01 16:38:38.845,0 days 00:52:03.172000,5837.0,7389.0,-24.0,,299.0,10674.0,100.0,0,12,8,1322.4366666666665,0.24639584184386826,55,432.4397222222228,interpolation,0 days 00:00:20.490000,20.49,3123.172,1.0
2024-03-01 16:38:38.945,0 days 00:52:03.272000,5909.0292696247125,7375.77588978979,-22.56738485179578,,300.0,10696.0,100.0,0,12,8,1329.4103616106831,0.2476951777438811,55,431.261944444445,interpolation,0 days 00:00:20.590000,20.59,3123.272,1.0
2024-03-01 16:38:39.045,0 days 00:52:03.372000,6001.0,7359.0,-21.0,,301.0,10718.0,100.0,0,12,8,1335.8144444444442,0.2488883837558104,55,430.0841666666672,interpolation,0 days 00:00:20.690000,20.69,3123.372,1.0
2024-03-01 16:38:39.145,0 days 00:52:03.472000,6133.0,7335.0,-19.0,,301.0,10725.0,100.0,0,12,8,1345.4080129451268,0.2506758533916688,55,428.4508333333339,interpolation,0 days 00:00:20.790000,20.79,3123.472,1.0
2024-03-01 16:38:39.245,0 days 00:52:03.572000,6249.180178752938,7313.708962674329,-17.04928392833544,,301.0,10732.0,100.0,0,12,8,1355.8811111111108,0.2526271966237236,55,426.81750000000056,interpolation,0 days 00:00:20.890000,20.89,3123.572,1.0
2024-03-01 16:38:39.345,0 days 00:52:03.672000,6340.232306788881,7296.78240864665,-15.228168708984192,,302.0,10760.0,100.0,0,12,8,1364.9237829407757,0.254312023424242,55,425.4008333333338,interpolation,0 days 00:00:20.990000,20.99,3123.672,1.0
2024-03-01 16:38:39.445,0 days 00:52:03.772000,6418.418281430382,7282.214650295644,-13.54296913514084,,303.0,10788.0,100.0,0,12,8,1372.7144444444443,0.25576357618899975,55,423.9841666666671,interpolation,0 days 00:00:21.090000,21.09,3123.772,1.0
2024-03-01 16:38:39.545,0 days 00:52:03.872000,6496.0,7268.0,-12.0,,303.0,10633.0,78.33333333333333,0,12,8,1379.4315116324394,0.25701509731377287,55,422.7841666666672,interpolation,0 days 00:00:21.190000,21.19,3123.872,1.0
2024-03-01 16:38:39.645,0 days 00:52:03.972000,6572.977462497734,7254.138457759718,-10.599261303561674,,303.0,10478.0,56.666666666666664,0,12,8,1385.4382725651174,0.25813427447670845,55,421.5841666666673,interpolation,0 days 00:00:21.290000,21.29,3123.972,1.0
2024-03-01 16:38:39.745,0 days 00:52:04.072000,6648.6707135470015,7240.688390326101,-9.315811439094324,,303.0,10323.0,35.0,0,12,8,1392.9144444444441,0.25952723166733094,55,420.3841666666674,interpolation,0 days 00:00:21.390000,21.39,3124.072,1.0
2024-03-01 16:38:39.845,0 days 00:52:04.172000,6719.0,7228.0,-8.0,,290.0,10195.5,17.5,0,10,8,1402.223311610726,0.26126165587066924,55,418.9841666666674,interpolation,0 days 00:00:21.490000,21.49,3124.172,1.0
2024-03-01 16:38:39.945,0 days 00:52:04.272000,6783.28535951737,7216.131654130397,-6.626885124143813,,277.0,10068.0,0.0,0,10,8,1411.3811111111106,0.2629679332102278,55,417.58416666666744,interpolation,0 days 00:00:21.590000,21.59,3124.272,1.0
2024-03-01 16:38:40.045,0 days 00:52:04.372000,6841.668537277908,7205.099453243282,-5.228828581748467,,262.0,10112.5,0.0,1,8,8,1418.4040799927484,0.2642764498095113,55,417.7596527777785,interpolation,0 days 00:00:21.690000,21.69,3124.372,0.0
2024-03-01 16:38:40.145,0 days 00:52:04.472000,6895.0,7195.0,-4.0,,247.0,10157.0,0.0,1,8,8,1423.2922182556395,0.2651872056685197,55,417.9351388888896,interpolation,0 days 00:00:21.790000,21.79,3124.472,0.0
2024-03-01 16:38:40.245,0 days 00:52:04.572000,6943.42149141098,7185.849394761676,-2.972760817738288,,232.0,10201.5,0.0,1,8,8,1427.6648723907103,0.2660019167422973,55,418.11062500000065,interpolation,0 days 00:00:21.890000,21.89,3124.572,0.0
2024-03-01 16:38:40.345,0 days 00:52:04.672000,7001.0,7173.0,-2.0,,217.0,10246.0,0.0,1,8,8,1433.1413888888885,0.2670222989858884,55,418.2861111111117,interpolation,0 days 00:00:21.990000,21.99,3124.672,0.0
2024-03-01 16:38:40.445,0 days 00:52:04.772000,7074.0,7154.0,-1.0,,205.5,10542.5,0.0,1,8,8,1439.721767750174,0.268248352399293,55,419.0527777777784,interpolation,0 days 00:00:22.090000,22.09,3124.772,0.0
2024-03-01 16:38:40.545,0 days 00:52:04.872000,7115.606645566097,7142.024258186262,-0.36511973792635033,,194.0,10839.0,0.0,1,8,8,1446.074722222222,0.26943203219643713,55,419.819444444445,interpolation,0 days 00:00:22.190000,22.19,3124.872,0.0
2024-03-01 16:38:40.645,0 days 00:52:04.972000,7143.0,7132.0,0.0,,187.0,10514.8,0.0,1,8,8,1450.8689655526855,0.2703252935912467,55,421.1150000000006,interpolation,0 days 00:00:22.290000,22.29,3124.972,0.0
2024-03-01 16:38:40.745,0 days 00:52:05.072000,7181.162560962304,7116.658651554195,0.256111246110405,,180.0,10190.6,0.0,1,8,8,1454.1044977415663,0.2709281365837219,55,422.4105555555562,interpolation,0 days 00:00:22.390000,22.39,3125.072,0.0
2024-03-01 16:38:40.845,0 days 00:52:05.172000,7228.783734815961,7095.997470185712,0.4652910719735035,,173.0,9866.4,0.0,1,8,8,1456.2232897230433,0.27132290901186695,55,423.70611111111174,interpolation,0 days 00:00:22.490000,22.49,3125.172,0.0
2024-03-01 16:38:40.945,0 days 00:52:05.272000,7278.0,7070.0,1.0,,166.0,9542.2,0.0,1,8,8,1459.877153524899,0.27200369537399227,55,425.00166666666735,interpolation,0 days 00:00:22.590000,22.59,3125.272,0.0
2024-03-01 16:38:41.045,0 days 00:52:05.372000,7327.500776297782,7038.663498362008,1.922314466092575,,159.0,9218.0,0.0,1,8,8,1465.508055555555,0.27305284266486474,55,426.2972222222229,interpolation,0 days 00:00:22.690000,22.69,3125.372,0.0
2024-03-01 16:38:41.145,0 days 00:52:05.472000,7369.0,7009.0,3.0,,156.0,8800.0,0.0,1,8,4,1472.4413888888885,0.2743446584066022,55,428.7861111111117,interpolation,0 days 00:00:22.790000,22.79,3125.472,0.0
2024-03-01 16:38:41.245,0 days 00:52:05.572000,7394.2116073973475,6988.021539642241,4.000822131471045,,152.33333333333334,8672.333333333334,0.0,1,8,4,1476.6294912441717,0.2751249838706257,55,430.408333333334,interpolation,0 days 00:00:22.890000,22.89,3125.572,0.0
2024-03-01 16:38:41.345,0 days 00:52:05.672000,7414.0,6967.0,5.0,,148.66666666666666,8544.666666666666,0.0,1,8,4,1478.2157342215803,0.27542053199299643,55,432.03055555555625,interpolation,0 days 00:00:22.990000,22.99,3125.672,0.0
2024-03-01 16:38:41.445,0 days 00:52:05.772000,7438.0,6938.0,6.0,,145.0,8417.0,0.0,1,8,4,1482.1080555555552,0.27614574766190925,55,433.6527777777785,interpolation,0 days 00:00:23.090000,23.09,3125.772,0.0
2024-03-01 16:38:41.545,0 days 00:52:05.872000,7458.834169261111,6905.777932582208,6.564307895940821,,142.0,8185.0,0.0,1,8,4,1488.4191666666663,0.27732163122169595,55,437.20833333333417,interpolation,0 days 00:00:23.190000,23.19,3125.872,0.0
2024-03-01 16:38:41.645,0 days 00:52:05.972000,7475.237794782205,6870.8992162034165,6.712661850607135,,140.5,8049.5,0.0,0,8,4,1492.9173515488671,0.2781597311313217,55,439.6250000000008,interpolation,0 days 00:00:23.290000,23.29,3125.972,0.0
2024-03-01 16:38:41.745,0 days 00:52:06.072000,7487.0,6832.0,7.0,,139.0,7914.0,0.0,0,8,4,1496.1413888888885,0.2787604324084067,55,442.0416666666674,interpolation,0 days 00:00:23.390000,23.39,3126.072,0.0
2024-03-01 16:38:41.845,0 days 00:52:06.172000,7494.085639000565,6788.852976658508,7.518811559906526,,136.75,7836.25,0.0,0,8,4,1499.3353469855415,0.2793555293335566,55,444.5666666666674,interpolation,0 days 00:00:23.490000,23.49,3126.172,0.0
2024-03-01 16:38:41.945,0 days 00:52:06.272000,7498.0,6750.0,8.0,,134.5,7758.5,0.0,0,8,4,1502.499225838826,0.27994502190677156,55,447.0916666666674,interpolation,0 days 00:00:23.590000,23.59,3126.272,0.0
2024-03-01 16:38:42.045,0 days 00:52:06.372000,7500.248371214408,6723.98292384554,8.17446878995371,,132.25,7680.75,0.0,0,8,4,1505.7341862171418,0.2805477583597435,55,449.61666666666736,interpolation,0 days 00:00:23.690000,23.69,3126.372,0.0
2024-03-01 16:38:42.145,0 days 00:52:06.472000,7500.414404699577,6706.08437840283,8.086301399357588,,130.0,7603.0,0.0,0,8,4,1509.1413888888885,0.2811825869241645,55,452.14166666666733,interpolation,0 days 00:00:23.790000,23.79,3126.472,0.0
2024-03-01 16:38:42.245,0 days 00:52:06.572000,7496.0,6668.0,8.0,,128.0,7527.0,0.3333333333333333,0,8,4,1512.7208338540663,0.2818495076000346,55,455.3416666666674,interpolation,0 days 00:00:23.890000,23.89,3126.572,0.0
2024-03-01 16:38:42.345,0 days 00:52:06.672000,7488.0,6612.0,8.0,,126.0,7451.0,0.6666666666666666,0,8,4,1516.4466501394697,0.28254370011854024,55,458.5416666666674,interpolation,0 days 00:00:23.990000,23.99,3126.672,0.0
2024-03-01 16:38:42.445,0 days 00:52:06.772000,7484.881618603444,6580.01036983174,8.32841156163206,,124.0,7375.0,1.0,0,8,4,1520.1636111111106,0.28323624271872144,55,461.74166666666747,interpolation,0 days 00:00:24.090000,24.09,3126.772,0.0
2024-03-01 16:38:42.545,0 days 00:52:06.872000,7484.331262483857,6568.904920361849,8.793195703914014,,124.0,7505.666666666667,19.0,0,8,4,1523.8458455308646,0.28392231508240495,55,465.0898148148156,interpolation,0 days 00:00:24.190000,24.19,3126.872,0.0
2024-03-01 16:38:42.645,0 days 00:52:06.972000,7464.0,6518.0,8.0,,124.0,7636.333333333333,37.0,0,8,4,1527.5022088310268,0.28460356715000024,55,468.4379629629638,interpolation,0 days 00:00:24.290000,24.29,3126.972,0.0
2024-03-01 16:38:42.745,0 days 00:52:07.072000,7425.0,6428.0,6.0,,124.0,7767.0,55.0,0,8,4,1531.1858333333328,0.2852898985132784,55,471.78611111111195,interpolation,0 days 00:00:24.390000,24.39,3127.072,0.0
2024-03-01 16:38:42.845,0 days 00:52:07.172000,7396.353470233984,6363.815562517744,4.4946172817799415,,125.5,7842.5,55.0,0,8,4,1534.9055743794,0.2859829590957539,55,474.92500000000075,interpolation,0 days 00:00:24.490000,24.49,3127.172,0.0
2024-03-01 16:38:42.945,0 days 00:52:07.272000,7382.897470092636,6336.26518330306,3.767423560199707,,127.0,7918.0,55.0,0,8,4,1538.2413888888882,0.28660448664789906,55,478.06388888888955,interpolation,0 days 00:00:24.590000,24.59,3127.272,0.0
2024-03-01 16:38:43.045,0 days 00:52:07.372000,7381.96508275564,6339.652103211529,3.6882192469517756,,129.33333333333334,8065.666666666667,60.666666666666664,0,8,4,1540.7732337814589,0.28707621892018664,55,480.5083333333341,interpolation,0 days 00:00:24.690000,24.69,3127.372,0.0
2024-03-01 16:38:43.145,0 days 00:52:07.472000,7377.554889228504,6339.795942380478,3.4758108119087274,,131.66666666666666,8213.333333333334,66.33333333333333,0,8,4,1542.917741802375,0.2874757827499513,55,482.9527777777787,interpolation,0 days 00:00:24.790000,24.79,3127.472,0.0
2024-03-01 16:38:43.245,0 days 00:52:07.572000,7367.0,6331.0,3.0,,134.0,8361.0,72.0,0,8,4,1547.1747222222214,0.28826894154590693,55,485.39722222222326,interpolation,0 days 00:00:24.890000,24.89,3127.572,0.0
2024-03-01 16:38:43.345,0 days 00:52:07.672000,7350.300415070132,6313.2642760701,2.2607868112255947,,137.0,8460.0,74.0,0,8,4,1553.2636111111103,0.28940342075499687,55,490.3305555555569,interpolation,0 days 00:00:24.990000,24.99,3127.672,0.0
2024-03-01 16:38:43.445,0 days 00:52:07.772000,7327.456134438896,6286.588770590777,1.258171245585511,,141.0,8530.0,74.0,0,8,4,1557.001181402009,0.2900998032748478,55,492.59722222222354,interpolation,0 days 00:00:25.090000,25.09,3127.772,0.0
2024-03-01 16:38:43.545,0 days 00:52:07.872000,7299.1337865882115,6254.618879816066,0.1264700571526717,,145.0,8600.0,74.0,0,8,4,1559.7080555555547,0.29060414692520153,55,494.8638888888902,interpolation,0 days 00:00:25.190000,25.19,3127.872,0.0
2024-03-01 16:38:43.645,0 days 00:52:07.972000,7266.0,6221.0,-1.0,,146.5,9134.5,82.5,0,8,4,1563.4020641132486,0.29129241304129894,55,497.7250000000014,interpolation,0 days 00:00:25.290000,25.29,3127.972,0.0
2024-03-01 16:38:43.745,0 days 00:52:08.072000,7228.054774674261,6185.732131142582,-2.121238925872504,,148.0,9669.0,91.0,0,8,4,1567.930277777777,0.29213610790098,55,500.5861111111126,interpolation,0 days 00:00:25.390000,25.39,3128.072,0.0
2024-03-01 16:38:43.845,0 days 00:52:08.172000,7185.2981106109955,6148.815273243812,-3.2372467204648405,,153.66666666666666,9889.666666666666,94.0,0,8,4,1573.1397672518249,0.2931067377820845,55,503.64425925926065,interpolation,0 days 00:00:25.490000,25.49,3128.172,0.0
2024-03-01 16:38:43.945,0 days 00:52:08.272000,7143.6423912422315,6114.240778723137,-4.234631154824757,,159.33333333333334,10110.333333333334,97.0,0,8,4,1578.8951853102642,0.2941790848467246,55,506.70240740740866,interpolation,0 days 00:00:25.590000,25.59,3128.272,0.0
2024-03-01 16:38:44.045,0 days 00:52:08.372000,7109.0,6086.0,-5.0,,165.0,10331.0,100.0,0,8,4,1584.3844444444437,0.2952018412928798,55,509.7605555555567,interpolation,0 days 00:00:25.690000,25.69,3128.372,0.0
2024-03-01 16:38:44.145,0 days 00:52:08.472000,7081.370936884302,6064.092937074403,-5.533353255990572,,169.0,10621.0,100.0,0,8,4,1589.4721960432735,0.2961497890244305,55,511.8864814814827,interpolation,0 days 00:00:25.790000,25.79,3128.472,0.0
2024-03-01 16:38:44.245,0 days 00:52:08.572000,7060.7552018951355,6048.519589946347,-5.8346909227964705,,173.0,10911.0,100.0,0,8,4,1594.1259882711201,0.2970168816290518,55,514.0124074074087,interpolation,0 days 00:00:25.890000,25.89,3128.572,0.0
2024-03-01 16:38:44.345,0 days 00:52:08.672000,7040.511865958402,6034.186447845118,-5.968683128204135,,177.0,11201.0,100.0,0,8,4,1598.1511111111104,0.29776684081854116,55,516.1383333333347,interpolation,0 days 00:00:25.990000,25.99,3128.672,0.0
2024-03-01 16:38:44.445,0 days 00:52:08.772000,7014.0,6016.0,-6.0,,181.0,11264.0,100.0,0,8,4,1601.5151130599165,0.2983936202424887,55,517.2272222222236,interpolation,0 days 00:00:26.090000,26.09,3128.772,0.0
2024-03-01 16:38:44.545,0 days 00:52:08.872000,6980.0,5993.0,-6.0,,185.0,11327.0,100.0,0,8,4,1604.7170320616094,0.29899020044010727,55,518.3161111111126,interpolation,0 days 00:00:26.190000,26.19,3128.872,0.0
2024-03-01 16:38:44.645,0 days 00:52:08.972000,6931.1942043724775,5959.4249398802995,-6.396836091239169,,189.0,11390.0,100.0,0,8,4,1610.7511111111103,0.3001144675030448,55,519.4050000000016,car,0 days 00:00:26.290000,26.29,3128.972,0.0
2024-03-01 16:38:44.745,0 days 00:52:09.072000,6869.417833213855,5916.462459337654,-7.195746122495454,,189.0,11390.0,100.0,0,8,4,1619.1511111111104,0.3016795519593806,55,520.916111111113,interpolation,0 days 00:00:26.390000,26.39,3129.072,0.0
2024-03-01 16:38:44.845,0 days 00:52:09.172000,6813.0,5877.0,-8.0,,194.0,11320.0,100.0,0,8,4,1624.1253094987192,0.30260634250452073,55,521.1161111111128,interpolation,0 days 00:00:26.490000,26.49,3129.172,0.0
2024-03-01 16:38:44.945,0 days 00:52:09.272000,6764.99557261776,5843.185479802626,-8.74347570291441,,199.0,11250.0,100.0,0,8,4,1627.9955555555548,0.3033274451171098,55,521.3161111111126,interpolation,0 days 00:00:26.590000,26.59,3129.272,0.0
2024-03-01 16:38:45.045,0 days 00:52:09.372000,6724.268221038686,5814.185534031134,-9.420829592446585,,203.0,11153.0,100.0,0,8,4,1634.04899059933,0.3044553185807349,55,519.4827777777792,interpolation,0 days 00:00:26.690000,26.69,3129.372,0.0
2024-03-01 16:38:45.145,0 days 00:52:09.472000,6684.0,5785.0,-10.0,,207.0,11056.0,100.0,0,8,4,1641.8845190999941,0.3059152309454451,55,517.649444444446,interpolation,0 days 00:00:26.790000,26.79,3129.472,0.0
2024-03-01 16:38:45.245,0 days 00:52:09.572000,6643.054591109214,5754.795521528439,-10.475643341501142,,211.0,10959.0,100.0,0,8,4,1649.0955555555547,0.30725878821576275,55,515.8161111111126,interpolation,0 days 00:00:26.890000,26.89,3129.572,0.0
2024-03-01 16:38:45.345,0 days 00:52:09.672000,6601.431994366323,5723.572098616449,-10.84775961695001,,214.0,11065.5,100.0,0,8,5,1655.2810003287223,0.308411257676478,55,513.6216666666683,interpolation,0 days 00:00:26.990000,26.99,3129.672,0.0
2024-03-01 16:38:45.445,0 days 00:52:09.772000,6556.343400440272,5688.687626396235,-11.295996083923873,,217.0,11172.0,100.0,0,8,5,1661.1511111111104,0.3095049742410595,55,511.4272222222239,interpolation,0 days 00:00:27.090000,27.09,3129.772,0.0
2024-03-01 16:38:45.545,0 days 00:52:09.872000,6505.0,5647.5,-12.0,,219.25,11282.75,100.0,0,8,5,1667.4161455943322,0.31067227282297594,55,508.4827777777795,interpolation,0 days 00:00:27.190000,27.19,3129.872,0.0
2024-03-01 16:38:45.645,0 days 00:52:09.972000,6447.401793045507,5600.009219427745,-12.959771365178394,,221.5,11393.5,100.0,0,8,5,1674.0761037783877,0.31191315342222736,55,505.5383333333351,interpolation,0 days 00:00:27.290000,27.29,3129.972,0.0
2024-03-01 16:38:45.745,0 days 00:52:10.072000,6385.944220334343,5548.2021450359425,-14.103464153267435,,223.75,11504.25,100.0,0,8,5,1680.5513434065822,0.31311961733807697,55,502.5938888888907,interpolation,0 days 00:00:27.390000,27.39,3130.072,0.0
2024-03-01 16:38:45.845,0 days 00:52:10.172000,6335.0,5504.0,-15.0,,226.0,11615.0,100.0,0,8,5,1686.2622222222215,0.31418366586978813,55,499.6494444444463,interpolation,0 days 00:00:27.490000,27.49,3130.172,0.0
2024-03-01 16:38:45.945,0 days 00:52:10.272000,6296.964597329465,5469.389665021943,-15.577532143477395,,227.5,11703.5,100.0,0,8,5,1691.208740225305,0.31510529901736084,55,497.0494444444463,interpolation,0 days 00:00:27.590000,27.59,3130.272,0.0
2024-03-01 16:38:46.045,0 days 00:52:10.372000,6261.0,5434.0,-16.0,,229.0,11792.0,100.0,0,8,5,1696.4399999999991,0.3160799851316976,55,494.44944444444627,interpolation,0 days 00:00:27.690000,27.69,3130.372,0.0
2024-03-01 16:38:46.145,0 days 00:52:10.472000,6216.268195688866,5387.459864832397,-16.431342985868184,,230.66666666666666,11515.666666666666,100.0,0,8,5,1703.0051041304707,0.3173031925637008,55,490.5087037037055,interpolation,0 days 00:00:27.790000,27.79,3130.472,0.0
2024-03-01 16:38:46.245,0 days 00:52:10.572000,6172.0,5340.0,-17.0,,232.33333333333334,11239.333333333334,100.0,0,8,5,1710.5821798004254,0.31871495010602535,55,486.5679629629647,interpolation,0 days 00:00:27.890000,27.89,3130.572,0.0
2024-03-01 16:38:46.345,0 days 00:52:10.672000,6137.426228537339,5301.85114598367,-17.83440994131348,,234.0,10963.0,100.0,0,8,5,1717.239999999999,0.31995543235691,55,482.62722222222396,interpolation,0 days 00:00:27.990000,27.99,3130.672,0.0
2024-03-01 16:38:46.445,0 days 00:52:10.772000,6108.951095883906,5268.403679227143,-18.901185073013828,,236.0,10917.666666666666,100.0,0,8,5,1722.6566952088579,0.32096466872311163,55,479.369259259261,interpolation,0 days 00:00:28.090000,28.09,3130.772,0.0
2024-03-01 16:38:46.545,0 days 00:52:10.872000,6065.0,5212.0,-20.0,,238.0,10872.333333333334,100.0,0,8,5,1727.2255925302459,0.3218159437445756,55,476.111296296298,interpolation,0 days 00:00:28.190000,28.19,3130.872,0.0
2024-03-01 16:38:46.645,0 days 00:52:10.972000,6001.977192289294,5128.030531948282,-21.097467327365862,,240.0,10827.0,100.0,0,8,5,1733.3066666666657,0.32294896691228236,55,472.85333333333506,interpolation,0 days 00:00:28.290000,28.29,3130.972,0.0
2024-03-01 16:38:46.745,0 days 00:52:11.072000,5944.0,5050.0,-22.0,,242.0,10990.5,100.0,0,8,6,1741.2932487490516,0.3244370235166147,55,467.72000000000173,interpolation,0 days 00:00:28.390000,28.39,3131.072,0.0
2024-03-01 16:38:46.845,0 days 00:52:11.172000,5915.185750380328,5011.413129083167,-22.51401096279099,,244.0,11154.0,100.0,0,8,6,1749.5733333333324,0.32597976538328177,55,462.5866666666684,interpolation,0 days 00:00:28.490000,28.49,3131.172,0.0
2024-03-01 16:38:46.945,0 days 00:52:11.272000,5907.7515723125825,5000.762139550709,-22.819892071238804,,245.33333333333334,11177.666666666666,100.0,0,8,6,1756.5349149754384,0.32727684433799276,55,458.3348148148165,interpolation,0 days 00:00:28.590000,28.59,3131.272,0.0
2024-03-01 16:38:47.045,0 days 00:52:11.372000,5875.0,4949.0,-24.0,,246.66666666666666,11201.333333333334,100.0,0,8,6,1762.4401782135228,0.3283771104932901,55,454.0829629629646,interpolation,0 days 00:00:28.690000,28.69,3131.372,0.0
2024-03-01 16:38:47.145,0 days 00:52:11.472000,5816.0,4855.0,-26.0,,248.0,11225.0,100.0,0,8,6,1768.8622222222214,0.32957366302375657,55,449.8311111111127,interpolation,0 days 00:00:28.790000,28.79,3131.472,0.0
2024-03-01 16:38:47.245,0 days 00:52:11.572000,5771.863287036971,4781.04958079969,-27.411514149576625,,248.75,11167.5,75.0,0,8,6,1776.0632288549318,0.33091535154171203,55,444.6061111111127,interpolation,0 days 00:00:28.890000,28.89,3131.572,0.0
2024-03-01 16:38:47.345,0 days 00:52:11.672000,5749.441848647033,4737.530035759275,-27.999811593301644,,249.5,11110.0,50.0,0,8,6,1784.0431981116537,0.3324021760471565,55,439.38111111111266,interpolation,0 days 00:00:28.990000,28.99,3131.672,0.0
2024-03-01 16:38:47.445,0 days 00:52:11.772000,5725.5494859335795,4695.745472839222,-28.338203240375837,,250.25,11052.5,25.0,0,8,6,1792.102123868104,0.33390371169432126,55,434.15611111111264,interpolation,0 days 00:00:29.090000,29.09,3131.772,0.0
2024-03-01 16:38:47.545,0 days 00:52:11.872000,5677.0,4627.0,-29.0,,251.0,10995.0,0.0,0,8,6,1799.5399999999993,0.3352895336374379,55,428.9311111111126,interpolation,0 days 00:00:29.190000,29.19,3131.872,0.0
2024-03-01 16:38:47.645,0 days 00:52:11.972000,5603.793390846298,4531.293617241612,-29.985201872174137,,245.5,10681.0,0.0,1,8,6,1806.3568265073395,0.33655964187650644,55,424.514444444446,interpolation,0 days 00:00:29.290000,29.29,3131.972,0.0
2024-03-01 16:38:47.745,0 days 00:52:12.072000,5534.0,4443.0,-31.0,,240.0,10367.0,0.0,1,8,6,1812.8733333333325,0.3377737946792407,55,420.09777777777936,interpolation,0 days 00:00:29.390000,29.39,3132.072,0.0
2024-03-01 16:38:47.845,0 days 00:52:12.172000,5495.690168988633,4396.492823711109,-31.750585526579343,,236.0,10278.5,0.0,1,8,6,1819.4102504211874,0.3389917503133546,55,415.9588888888903,interpolation,0 days 00:00:29.490000,29.49,3132.172,0.0
2024-03-01 16:38:47.945,0 days 00:52:12.272000,5482.139344490897,4384.679024364736,-32.297056160555904,,232.0,10190.0,0.0,1,8,6,1825.7622222222215,0.3401752470196501,55,411.8200000000013,interpolation,0 days 00:00:29.590000,29.59,3132.272,0.0
2024-03-01 16:38:48.045,0 days 00:52:12.372000,5453.0,4365.0,-33.0,,229.5,10052.0,0.7499999999999999,0,8,6,1831.7238931877525,0.3412860230389288,55,408.4950000000013,interpolation,0 days 00:00:29.690000,29.69,3132.372,0.0
2024-03-01 16:38:48.145,0 days 00:52:12.472000,5401.547513334862,4330.362613973353,-33.919515368959054,,227.0,9914.0,1.4999999999999998,0,8,6,1837.295263317781,0.3423240783711907,55,405.1700000000013,interpolation,0 days 00:00:29.790000,29.79,3132.472,0.0
2024-03-01 16:38:48.245,0 days 00:52:12.572000,5332.1482201234285,4284.187682746216,-35.010239813105066,,224.5,9776.0,2.25,0,8,6,1842.6501129000294,0.34332179168633276,55,401.84500000000133,interpolation,0 days 00:00:29.890000,29.89,3132.572,0.0
2024-03-01 16:38:48.345,0 days 00:52:12.672000,5271.0,4247.0,-36.0,,222.0,9638.0,3.0,0,8,6,1847.9622222222215,0.34431154165425176,55,398.52000000000135,interpolation,0 days 00:00:29.990000,29.99,3132.672,0.0
2024-03-01 16:38:48.445,0 days 00:52:12.772000,5222.469143881473,4222.220347167147,-36.84343393982502,,220.5,9568.0,3.0,0,8,6,1853.2315912843576,0.34529332827494774,55,395.0477777777792,interpolation,0 days 00:00:30.090000,30.09,3132.772,0.0
2024-03-01 16:38:48.545,0 days 00:52:12.872000,5186.555651767851,4209.8487242476585,-37.54054163258013,,219.0,9498.0,3.0,0,8,6,1860.128888888888,0.34657842985489684,55,391.575555555557,interpolation,0 days 00:00:30.190000,30.19,3132.872,0.0
2024-03-01 16:38:48.645,0 days 00:52:12.972000,5151.1143337703015,4203.55273920434,-38.217378509045176,,211.0,9431.0,30.0,0,8,6,1869.5066666666658,0.34832569345429815,55,386.59777777777936,interpolation,0 days 00:00:30.290000,30.29,3132.972,0.0
2024-03-01 16:38:48.745,0 days 00:52:13.072000,5104.0,4197.0,-39.0,,210.75,9501.5,45.25,0,8,6,1876.456246720572,0.34962053627815887,55,384.4200000000016,interpolation,0 days 00:00:30.390000,30.39,3133.072,0.0
2024-03-01 16:38:48.845,0 days 00:52:13.172000,5045.212650456944,4190.190506634638,-39.888406105444616,,210.5,9572.0,60.5,0,8,6,1880.1595202564852,0.35031052864108947,55,382.24222222222386,interpolation,0 days 00:00:30.490000,30.49,3133.172,0.0
2024-03-01 16:38:48.945,0 days 00:52:13.272000,4985.0,4185.0,-41.0,,210.25,9642.5,75.75,0,8,6,1883.203033664155,0.3508775947752554,55,380.0644444444461,interpolation,0 days 00:00:30.590000,30.59,3133.272,0.0
2024-03-01 16:38:49.045,0 days 00:52:13.372000,4933.60976348803,4183.304220987832,-42.45218485828715,,210.0,9713.0,91.0,0,8,6,1888.1733333333325,0.3518036589128221,55,377.88666666666836,interpolation,0 days 00:00:30.690000,30.69,3133.372,0.0
2024-03-01 16:38:49.145,0 days 00:52:13.472000,4876.0,4184.0,-44.0,,212.0,9805.0,93.0,0,8,6,1895.0704192640173,0.3530887210537895,55,374.7866666666682,interpolation,0 days 00:00:30.790000,30.79,3133.472,0.0
2024-03-01 16:38:49.245,0 days 00:52:13.572000,4797.128768614871,4185.984167438369,-45.39848474483249,,214.0,9897.0,95.0,0,8,6,1902.4399999999994,0.35446181822755113,55,371.6866666666681,interpolation,0 days 00:00:30.890000,30.89,3133.572,0.0
2024-03-01 16:38:49.345,0 days 00:52:13.672000,4718.0,4188.0,-47.0,,214.5,9947.5,97.5,0,8,6,1908.8277840850697,0.35565198746350024,55,369.35333333333483,interpolation,0 days 00:00:30.990000,30.99,3133.672,0.0
2024-03-01 16:38:49.445,0 days 00:52:13.772000,4658.0,4189.0,-49.0,,215.0,9998.0,100.0,0,8,6,1914.3844444444437,0.3566873020774995,55,367.0200000000016,interpolation,0 days 00:00:31.090000,31.09,3133.772,0.0
2024-03-01 16:38:49.545,0 days 00:52:13.872000,4607.423069371704,4190.2395147192565,-50.45704952868124,,217.75,10069.0,100.0,0,8,6,1919.2606540033378,0.35759583538541156,55,365.19500000000164,interpolation,0 days 00:00:31.190000,31.19,3133.872,0.0
2024-03-01 16:38:49.645,0 days 00:52:13.972000,4561.242078057286,4191.142791760395,-51.40629062288466,,220.5,10140.0,100.0,0,8,6,1923.4564127617523,0.35837758738723646,55,363.3700000000017,interpolation,0 days 00:00:31.290000,31.29,3133.972,0.0
2024-03-01 16:38:49.745,0 days 00:52:14.072000,4499.0,4187.0,-53.0,,223.25,10211.0,100.0,0,8,6,1928.766187361512,0.3593669023506567,55,361.5450000000018,interpolation,0 days 00:00:31.390000,31.39,3134.072,0.0
2024-03-01 16:38:49.845,0 days 00:52:14.172000,4417.28734831369,4177.026171603219,-55.430222796317786,,226.0,10282.0,100.0,0,8,6,1936.9844444444436,0.36089812454335524,55,359.72000000000185,interpolation,0 days 00:00:31.490000,31.49,3134.172,0.0
2024-03-01 16:38:49.945,0 days 00:52:14.272000,4321.609623755738,4162.267369121648,-58.49693651163262,,228.0,10455.0,100.0,0,8,6,1947.117777777777,0.3627861629351254,55,356.6088888888903,interpolation,0 days 00:00:31.590000,31.59,3134.272,0.0
2024-03-01 16:38:50.045,0 days 00:52:14.372000,4245.0,4149.0,-61.0,,230.0,10525.0,100.0,0,8,6,1953.205719447351,0.36392046565871217,55,355.16444444444596,interpolation,0 days 00:00:31.690000,31.69,3134.372,0.0
2024-03-01 16:38:50.145,0 days 00:52:14.472000,4192.964034180478,4138.270137501606,-62.73938871297368,,232.0,10595.0,100.0,0,8,6,1957.4288888888882,0.36470732480745294,55,353.7200000000016,interpolation,0 days 00:00:31.790000,31.79,3134.472,0.0
2024-03-01 16:38:50.245,0 days 00:52:14.572000,4165.5017262971705,4130.0777816264645,-63.71510265055366,,233.66666666666666,10640.0,100.0,0,8,6,1962.9613219434166,0.3657381254002339,55,352.21629629629797,interpolation,0 days 00:00:31.890000,31.89,3134.572,0.0
2024-03-01 16:38:50.345,0 days 00:52:14.672000,4137.788555265277,4117.846534938091,-64.8332652628568,,235.33333333333334,10685.0,100.0,0,8,6,1969.5706019965617,0.36696956367151345,55,350.7125925925943,interpolation,0 days 00:00:31.990000,31.99,3134.672,0.0
2024-03-01 16:38:50.445,0 days 00:52:14.772000,4085.0,4095.0,-67.0,,237.0,10730.0,100.0,0,8,6,1975.8622222222216,0.36814181569774534,55,349.20888888889067,interpolation,0 days 00:00:32.090000,32.09,3134.772,0.0
2024-03-01 16:38:50.545,0 days 00:52:14.872000,4012.0,4063.0,-70.0,,238.0,10803.0,100.0,0,8,6,1981.6037636260646,0.3692115772699551,55,347.77166666666847,interpolation,0 days 00:00:32.190000,32.19,3134.872,0.0
2024-03-01 16:38:50.645,0 days 00:52:14.972000,3947.972341677977,4030.6175189723012,-72.54141747670793,,239.0,10876.0,100.0,0,8,6,1989.0736111111103,0.37060335610210327,55,346.33444444444626,car,0 days 00:00:32.290000,32.29,3134.972,0.0
2024-03-01 16:38:50.745,0 days 00:52:15.072000,3896.511461119139,3999.304325296599,-74.56421198228638,,240.0,10950.0,100.0,0,8,6,1999.7402777777772,0.3725907649355456,55,344.15666666666834,interpolation,0 days 00:00:32.390000,32.39,3135.072,0.0
2024-03-01 16:38:50.845,0 days 00:52:15.172000,3850.0,3969.0,-77.0,,241.33333333333334,10978.0,100.0,0,8,6,2008.7445079311046,0.37426842929914594,55,342.97148148148295,interpolation,0 days 00:00:32.490000,32.49,3135.172,0.0
2024-03-01 16:38:50.945,0 days 00:52:15.272000,3807.168392099823,3939.6944732021307,-80.00405173870696,,242.66666666666666,11006.0,100.0,0,8,6,2015.5089927099716,0.37552878524944644,55,341.7862962962976,interpolation,0 days 00:00:32.590000,32.59,3135.272,0.0
2024-03-01 16:38:51.045,0 days 00:52:15.372000,3764.844989264267,3907.6010858553973,-83.6078177080801,,244.0,11034.0,100.0,0,8,6,2021.429166666666,0.37663182956354485,55,340.60111111111223,interpolation,0 days 00:00:32.690000,32.69,3135.372,0.0
2024-03-01 16:38:51.145,0 days 00:52:15.472000,3704.0,3850.0,-88.0,,245.25,11097.75,100.0,0,8,6,2026.7376034173435,0.3776208952594885,55,339.8011111111122,interpolation,0 days 00:00:32.790000,32.79,3135.472,0.0
2024-03-01 16:38:51.245,0 days 00:52:15.572000,3628.0,3770.0,-93.0,,246.5,11161.5,100.0,0,8,6,2031.4343029620027,0.3784959823372772,55,339.0011111111122,interpolation,0 days 00:00:32.890000,32.89,3135.572,0.0
2024-03-01 16:38:51.345,0 days 00:52:15.672000,3576.0739366305497,3708.9733018480797,-97.33553140966956,,247.75,11225.25,100.0,0,8,6,2036.6617676923274,0.379469961360548,55,338.2011111111122,interpolation,0 days 00:00:32.990000,32.99,3135.672,0.0
2024-03-01 16:38:51.445,0 days 00:52:15.772000,3540.0,3661.0,-101.0,,249.0,11289.0,100.0,0,8,6,2043.5624999999995,0.38075570289293753,55,337.4011111111122,car,0 days 00:00:33.090000,33.09,3135.772,0.0
2024-03-01 16:38:51.545,0 days 00:52:15.872000,3505.0182557976354,3613.2648548836405,-104.19885817270202,,250.5,11386.0,100.0,0,8,6,2052.1364998850204,0.38235320693444597,55,336.267777777779,interpolation,0 days 00:00:33.190000,33.19,3135.872,0.0
2024-03-01 16:38:51.645,0 days 00:52:15.972000,3470.6474418610346,3564.822414955639,-107.02102364625587,,252.0,11483.0,100.0,0,8,6,2060.3624999999993,0.383885871805609,55,335.13444444444576,interpolation,0 days 00:00:33.290000,33.29,3135.972,0.0
2024-03-01 16:38:51.745,0 days 00:52:16.072000,3434.0,3510.0,-110.0,,253.0,11465.0,100.0,0,8,6,2066.219232997549,0.3849770958269631,55,334.4455555555569,interpolation,0 days 00:00:33.390000,33.39,3136.072,0.0
2024-03-01 16:38:51.845,0 days 00:52:16.172000,3394.5946729802095,3447.8521681547354,-113.22470404190193,,254.0,11447.0,100.0,0,8,6,2071.6513888888885,0.3859892128210021,55,333.756666666668,car,0 days 00:00:33.490000,33.49,3136.172,0.0
2024-03-01 16:38:51.945,0 days 00:52:16.272000,3351.0,3377.0,-117.0,,254.66666666666666,11515.0,100.0,0,8,6,2078.603657685238,0.38728455661022054,55,332.98629629629767,interpolation,0 days 00:00:33.590000,33.59,3136.272,0.0
2024-03-01 16:38:52.045,0 days 00:52:16.372000,3301.784520257709,3296.064576115952,-121.63075210233252,,255.33333333333334,11583.0,100.0,0,8,6,2086.7803062051057,0.38880802631300226,55,332.21592592592725,interpolation,0 days 00:00:33.690000,33.69,3136.372,0.0
2024-03-01 16:38:52.145,0 days 00:52:16.472000,3255.0,3218.0,-126.0,,256.0,11651.0,100.0,0,8,6,2094.406944444444,0.3902290183323456,55,331.4455555555569,interpolation,0 days 00:00:33.790000,33.79,3136.472,0.0
2024-03-01 16:38:52.245,0 days 00:52:16.572000,3218.6982054735345,3155.760375149551,-128.99078334410285,,254.33333333333334,11416.666666666666,66.66666666666666,0,8,6,2101.1878422500554,0.3914924323508651,55,331.0307407407419,interpolation,0 days 00:00:33.890000,33.89,3136.572,0.0
2024-03-01 16:38:52.345,0 days 00:52:16.672000,3190.5966118455435,3106.150603665559,-130.84343949521843,,252.66666666666666,11182.333333333334,33.33333333333333,0,8,6,2107.3137489826872,0.39263380870898473,55,330.6159259259269,interpolation,0 days 00:00:33.990000,33.99,3136.672,0.0
2024-03-01 16:38:52.445,0 days 00:52:16.772000,3157.0,3050.0,-133.0,,251.0,10948.0,0.0,1,8,6,2113.9291666666663,0.39386639054105194,55,330.2011111111119,car,0 days 00:00:34.090000,34.09,3136.772,0.0
2024-03-01 16:38:52.545,0 days 00:52:16.872000,3115.6258217309596,2984.11343353586,-135.7008046800921,,238.33333333333334,10750.666666666666,0.0,1,8,6,2121.2248466160245,0.39522571855142574,55,331.1344444444453,interpolation,0 days 00:00:34.190000,34.19,3136.872,0.0
2024-03-01 16:38:52.645,0 days 00:52:16.972000,3069.413557524883,2912.69842838901,-138.75305881451234,,225.66666666666666,10553.333333333334,0.0,1,8,6,2128.908807095888,0.3966573908264416,55,332.0677777777787,interpolation,0 days 00:00:34.290000,34.29,3136.972,0.0
2024-03-01 16:38:52.745,0 days 00:52:17.072000,3036.0,2861.0,-141.0,,213.0,10356.0,0.0,1,8,6,2135.2291666666665,0.39783499755533197,55,333.0011111111121,interpolation,0 days 00:00:34.390000,34.39,3137.072,0.0
2024-03-01 16:38:52.845,0 days 00:52:17.172000,3018.3245995426482,2833.225629399879,-142.24883548978067,,202.5,10776.0,0.0,1,8,6,2139.8939465833655,0.3987041373815049,55,334.15666666666766,interpolation,0 days 00:00:34.490000,34.49,3137.172,0.0
2024-03-01 16:38:52.945,0 days 00:52:17.272000,3016.3873561528258,2829.375316588646,-142.49956528385428,,192.0,11196.0,0.0,1,8,6,2143.7625,0.39942492462208573,55,335.3122222222232,interpolation,0 days 00:00:34.590000,34.59,3137.272,0.0
2024-03-01 16:38:53.045,0 days 00:52:17.372000,3010.00643468659,2821.587345483089,-142.75051243600075,,183.0,11096.2,0.0,1,8,6,2147.6941800705854,0.4001574735941999,55,338.0913333333344,interpolation,0 days 00:00:34.690000,34.69,3137.372,0.0
2024-03-01 16:38:53.145,0 days 00:52:17.472000,2979.0,2782.0,-144.0,,174.0,10996.4,0.0,1,8,6,2151.6889867951227,0.4009017842978473,55,340.8704444444455,interpolation,0 days 00:00:34.790000,34.79,3137.472,0.0
2024-03-01 16:38:53.245,0 days 00:52:17.572000,2929.0,2718.0,-146.0,,165.0,10896.6,0.0,1,8,6,2155.7209667249413,0.40165302109742074,55,343.64955555555673,interpolation,0 days 00:00:34.890000,34.89,3137.572,0.0
2024-03-01 16:38:53.345,0 days 00:52:17.672000,2893.7979491154047,2673.90743772757,-147.2623522002816,,156.0,10796.8,0.0,1,8,6,2159.6343999653136,0.40238217032782725,55,346.4286666666679,interpolation,0 days 00:00:34.990000,34.99,3137.672,0.0
2024-03-01 16:38:53.445,0 days 00:52:17.772000,2876.39424355565,2653.4862162571944,-147.6690275092263,,147.0,10697.0,0.0,1,8,6,2163.403333333333,0.4030843964029764,55,349.20777777777903,interpolation,0 days 00:00:35.090000,35.09,3137.772,0.0
2024-03-01 16:38:53.545,0 days 00:52:17.872000,2861.0,2635.0,-148.0,,141.5,10670.0,0.0,1,8,3,2167.027766828999,0.4037596993228679,55,352.8188888888901,interpolation,0 days 00:00:35.190000,35.19,3137.872,0.0
2024-03-01 16:38:53.645,0 days 00:52:17.972000,2844.983751368157,2614.826084906151,-148.385264685887,,136.0,10643.0,0.0,1,8,3,2170.5077004523114,0.4044080790875021,55,356.4300000000012,interpolation,0 days 00:00:35.290000,35.29,3137.972,0.0
2024-03-01 16:38:53.745,0 days 00:52:18.072000,2818.0,2587.0,-149.0,,130.5,10616.0,0.0,1,8,3,2173.9076727383567,0.40504156048950946,55,360.0411111111123,interpolation,0 days 00:00:35.390000,35.39,3138.072,0.0
2024-03-01 16:38:53.845,0 days 00:52:18.172000,2769.7032482354116,2545.5572743058988,-150.01938437545186,,125.0,10589.0,0.0,1,8,3,2177.292222222222,0.405672168321521,55,363.6522222222234,interpolation,0 days 00:00:35.490000,35.49,3138.172,0.0
2024-03-01 16:38:53.945,0 days 00:52:18.272000,2719.0,2505.0,-151.0,,120.66666666666667,10218.333333333334,0.0,1,8,2,2180.6613489039064,0.40629990258353654,55,367.9485185185196,interpolation,0 days 00:00:35.590000,35.59,3138.272,0.0
2024-03-01 16:38:54.045,0 days 00:52:18.372000,2684.7967592193763,2479.8302692584543,-151.4984290614019,,116.33333333333333,9847.666666666666,0.0,1,8,2,2184.0033242897157,0.4069225780275587,55,372.2448148148158,interpolation,0 days 00:00:35.690000,35.69,3138.372,0.0
2024-03-01 16:38:54.145,0 days 00:52:18.472000,2667.0935258935397,2470.0480820812622,-151.51467155965753,,112.0,9477.0,0.0,1,8,2,2187.2477777777776,0.4075270832327338,55,376.54111111111206,interpolation,0 days 00:00:35.790000,35.79,3138.472,0.0
2024-03-01 16:38:54.245,0 days 00:52:18.572000,2663.130933894377,2473.2123571923585,-151.14191668944665,,109.66666666666667,9063.666666666666,0.0,1,8,2,2190.3829809944973,0.4081112329734411,55,380.92629629629727,interpolation,0 days 00:00:35.890000,35.89,3138.572,0.0
2024-03-01 16:38:54.345,0 days 00:52:18.672000,2656.3528712206466,2474.676681925111,-150.93929675608504,,107.33333333333333,8650.333333333334,0.0,1,8,2,2193.437319898228,0.4086803161094662,55,385.3114814814824,interpolation,0 days 00:00:35.990000,35.99,3138.672,0.0
2024-03-01 16:38:54.445,0 days 00:52:18.772000,2644.0,2472.0,-151.0,,105.0,8237.0,0.0,1,8,2,2196.581111111111,0.4092660659619958,55,389.6966666666676,interpolation,0 days 00:00:36.090000,36.09,3138.772,0.0
2024-03-01 16:38:54.545,0 days 00:52:18.872000,2626.0723202324375,2465.1823114170247,-151.3240264211915,,100.0,8049.0,0.0,1,8,2,2199.8427408821744,0.4098737714449735,55,394.130000000001,interpolation,0 days 00:00:36.190000,36.19,3138.872,0.0
2024-03-01 16:38:54.645,0 days 00:52:18.972000,2587.0,2459.0,-152.0,,95.0,7861.0,0.0,1,8,2,2202.9144444444446,0.41044608995685217,55,398.5633333333344,interpolation,0 days 00:00:36.290000,36.29,3138.972,0.0
2024-03-01 16:38:54.745,0 days 00:52:19.072000,2519.0,2458.0,-153.0,,92.66666666666667,7691.0,0.0,1,8,2,2205.4884570309496,0.41092567889608456,55,401.59666666666755,interpolation,0 days 00:00:36.390000,36.39,3139.072,0.0
2024-03-01 16:38:54.845,0 days 00:52:19.172000,2468.7933151351494,2460.8056069318773,-153.6247545403297,,90.33333333333333,7521.0,0.0,1,8,2,2207.6331654986957,0.411325280073018,55,404.63000000000073,interpolation,0 days 00:00:36.490000,36.49,3139.172,0.0
2024-03-01 16:38:54.945,0 days 00:52:19.272000,2444.1668177578827,2467.1873688733162,-153.757717710799,,88.0,7351.0,0.0,1,8,2,2209.758888888889,0.41172134395831095,55,407.66333333333387,interpolation,0 days 00:00:36.590000,36.59,3139.272,0.0
2024-03-01 16:38:55.045,0 days 00:52:19.372000,2441.569755302306,2476.7937009940306,-153.47065544523835,,87.0,7267.333333333333,0.0,1,8,2,2211.934013358258,0.4121266122318354,55,409.9448148148155,interpolation,0 days 00:00:36.690000,36.69,3139.372,0.0
2024-03-01 16:38:55.145,0 days 00:52:19.472000,2439.697721451803,2487.515105112951,-153.19416114198833,,86.0,7183.666666666667,0.0,1,8,2,2214.151598315547,0.4125397917255564,55,412.2262962962971,interpolation,0 days 00:00:36.790000,36.79,3139.472,0.0
2024-03-01 16:38:55.245,0 days 00:52:19.572000,2435.0,2499.0,-153.0,,85.0,7100.0,0.0,1,8,2,2216.37,0.4129531233915381,55,414.50777777777876,interpolation,0 days 00:00:36.890000,36.89,3139.572,0.0
2024-03-01 16:38:55.345,0 days 00:52:19.672000,2427.476590946897,2511.248385655178,-152.88817201927333,,83.5,6953.5,0.0,0,8,2,2218.5822777492895,0.4133653140485036,55,416.50777777777876,interpolation,0 days 00:00:36.990000,36.99,3139.672,0.0
2024-03-01 16:38:55.445,0 days 00:52:19.772000,2417.1274942924947,2524.2602620784855,-152.8586771998083,,82.0,6807.0,0.0,0,8,2,2220.9255555555555,0.4138019125808208,55,418.50777777777876,interpolation,0 days 00:00:37.090000,37.09,3139.772,0.0
2024-03-01 16:38:55.545,0 days 00:52:19.872000,2404.3676651882706,2538.180555238015,-152.90094791653073,,80.0,6959.5,2.9999999999999996,0,8,2,2223.536957410941,0.4142884678728577,55,420.74111111111233,interpolation,0 days 00:00:37.190000,37.19,3139.872,0.0
2024-03-01 16:38:55.645,0 days 00:52:19.972000,2391.686847290559,2553.878825394472,-152.95157809435702,,78.0,7112.0,6.0,0,8,2,2226.1255555555554,0.41477077438712384,55,422.9744444444459,interpolation,0 days 00:00:37.290000,37.29,3139.972,0.0
2024-03-01 16:38:55.745,0 days 00:52:20.072000,2379.5,2571.5,-153.0,,78.0,7204.0,18.5,0,8,2,2228.400422229508,0.4151946265861286,55,424.1133333333348,interpolation,0 days 00:00:37.390000,37.39,3140.072,0.0
2024-03-01 16:38:55.845,0 days 00:52:20.172000,2367.807123316594,2591.044079054598,-153.04621363345956,,78.0,7296.0,31.0,0,8,2,2230.4588888888884,0.4155781592257097,55,425.25222222222374,interpolation,0 days 00:00:37.490000,37.49,3140.172,0.0
2024-03-01 16:38:55.945,0 days 00:52:20.272000,2356.0,2614.0,-153.0,,79.0,7411.5,36.0,0,8,2,2232.398286989785,0.41593950706170496,55,425.72722222222376,interpolation,0 days 00:00:37.590000,37.59,3140.272,0.0
2024-03-01 16:38:56.045,0 days 00:52:20.372000,2343.4704128098765,2641.856700277938,-152.7711401048855,,80.0,7527.0,41.0,0,8,2,2234.218616532199,0.41627867009411457,55,426.2022222222238,interpolation,0 days 00:00:37.690000,37.69,3140.372,0.0
2024-03-01 16:38:56.145,0 days 00:52:20.472000,2330.7468214080704,2673.1394694963947,-152.38569146698475,,81.0,7642.5,46.0,0,8,2,2236.209082252957,0.4166495328274989,55,426.6772222222238,interpolation,0 days 00:00:37.790000,37.79,3140.472,0.0
2024-03-01 16:38:56.245,0 days 00:52:20.572000,2321.0,2699.0,-152.0,,82.0,7758.0,51.0,0,8,2,2238.658888888888,0.4171059797664184,55,427.1522222222238,interpolation,0 days 00:00:37.890000,37.89,3140.572,0.0
2024-03-01 16:38:56.345,0 days 00:52:20.672000,2314.7584136589667,2717.963566295623,-151.6401234896303,,84.5,8038.0,51.0,0,8,2,2241.568036439992,0.4176480109108731,55,427.21888888889043,interpolation,0 days 00:00:37.990000,37.99,3140.672,0.0
2024-03-01 16:38:56.445,0 days 00:52:20.772000,2311.489733214847,2731.2301940056786,-151.30630467684466,,87.0,8318.0,51.0,0,8,2,2244.4588888888884,0.41818663331960265,55,427.28555555555704,interpolation,0 days 00:00:38.090000,38.09,3140.772,0.0
2024-03-01 16:38:56.545,0 days 00:52:20.872000,2308.0,2746.0,-151.0,,90.33333333333333,8652.333333333334,55.0,0,8,2,2246.853810218198,0.41863285405134665,55,426.9966666666681,interpolation,0 days 00:00:38.190000,38.19,3140.872,0.0
2024-03-01 16:38:56.645,0 days 00:52:20.972000,2303.7568902953267,2763.4729976128015,-150.7214521975797,,93.66666666666667,8986.666666666666,59.0,0,8,2,2248.838322501779,0.4190026075428277,55,426.7077777777792,interpolation,0 days 00:00:38.290000,38.29,3140.972,0.0
2024-03-01 16:38:56.745,0 days 00:52:21.072000,2298.981454300028,2784.590453887454,-150.4431472283862,,97.0,9321.0,63.0,0,8,2,2250.925555555555,0.419391499924877,55,426.41888888889025,interpolation,0 days 00:00:38.390000,38.39,3141.072,0.0
2024-03-01 16:38:56.845,0 days 00:52:21.172000,2295.0,2815.0,-150.0,,100.66666666666667,9662.0,68.66666666666667,0,8,2,2253.201030577642,0.41981546547104953,55,425.6411111111124,interpolation,0 days 00:00:38.490000,38.49,3141.172,0.0
2024-03-01 16:38:56.945,0 days 00:52:21.272000,2292.033579858011,2855.642912632434,-149.36449618947827,,104.33333333333333,10003.0,74.33333333333333,0,8,2,2255.77684152196,0.4202953894795508,55,424.8633333333346,interpolation,0 days 00:00:38.590000,38.59,3141.272,0.0
2024-03-01 16:38:57.045,0 days 00:52:21.372000,2290.0659891467317,2903.6715334584524,-148.5903672222205,,108.0,10344.0,80.0,0,8,2,2259.325555555555,0.4209565843812128,55,424.08555555555677,interpolation,0 days 00:00:38.690000,38.69,3141.372,0.0
2024-03-01 16:38:57.145,0 days 00:52:21.472000,2289.0,2942.0,-148.0,,115.0,11215.0,83.5,0,8,2,2263.9592677801966,0.42181993568810794,55,422.2643055555568,interpolation,0 days 00:00:38.790000,38.79,3141.472,0.0
2024-03-01 16:38:57.245,0 days 00:52:21.572000,2288.819407856423,2967.7806830906457,-147.6471253980093,,122.0,12086.0,87.0,0,8,2,2268.780555555555,0.4227182359924812,55,420.44305555555684,interpolation,0 days 00:00:38.890000,38.89,3141.572,0.0
2024-03-01 16:38:57.345,0 days 00:52:21.672000,2289.6226107602747,2984.2692717376854,-147.45909321370445,,125.2,11905.0,89.2,0,8,2,2272.891996241304,0.4234842778865779,55,419.0008333333346,interpolation,0 days 00:00:38.990000,38.99,3141.672,0.0
2024-03-01 16:38:57.445,0 days 00:52:21.772000,2292.0,3011.0,-147.0,,128.4,11724.0,91.4,0,8,2,2276.2935898374435,0.42411806137039815,55,417.5586111111123,interpolation,0 days 00:00:39.090000,39.09,3141.772,0.0
2024-03-01 16:38:57.545,0 days 00:52:21.872000,2296.0499746274736,3051.2285902233116,-146.19719481041017,,131.6,11543.0,93.6,0,8,2,2279.121653150979,0.42464498493391567,55,416.1163888888901,interpolation,0 days 00:00:39.190000,39.19,3141.872,0.0
2024-03-01 16:38:57.645,0 days 00:52:21.972000,2301.531680482176,3102.2684380648284,-145.0995168667973,,134.8,11362.0,95.8,0,8,2,2282.1940912116065,0.4252174402972184,55,414.6741666666679,interpolation,0 days 00:00:39.290000,39.29,3141.972,0.0
2024-03-01 16:38:57.745,0 days 00:52:22.072000,2307.0,3148.0,-144.0,,138.0,11181.0,98.0,0,8,2,2285.647222222222,0.4258608262103618,55,413.2319444444456,interpolation,0 days 00:00:39.390000,39.39,3142.072,0.0
2024-03-01 16:38:57.845,0 days 00:52:22.172000,2312.2140814867616,3185.7366991967224,-142.94748293176968,,143.5,11243.0,99.0,0,8,3,2289.481046182825,0.42657514267334606,55,411.39861111111236,interpolation,0 days 00:00:39.490000,39.49,3142.172,0.0
2024-03-01 16:38:57.945,0 days 00:52:22.272000,2317.187310411538,3216.4534757299857,-141.9438047457166,,149.0,11305.0,100.0,0,8,3,2293.9249999999997,0.4274031382738144,55,409.5652777777791,interpolation,0 days 00:00:39.590000,39.59,3142.272,0.0
2024-03-01 16:38:58.045,0 days 00:52:22.372000,2322.0,3246.0,-141.0,,154.5,11543.5,100.0,0,8,3,2299.208520580328,0.42838756159940977,55,407.0986111111124,interpolation,0 days 00:00:39.690000,39.69,3142.372,0.0
2024-03-01 16:38:58.145,0 days 00:52:22.472000,2326.665535858293,3275.351222065193,-140.1179077970625,,160.0,11782.0,100.0,0,8,3,2304.5916666666667,0.4293905471072567,55,404.6319444444457,interpolation,0 days 00:00:39.790000,39.79,3142.472,0.0
2024-03-01 16:38:58.245,0 days 00:52:22.572000,2332.12223825761,3308.5662936050758,-139.12654299555183,,164.0,11454.0,100.0,0,8,3,2309.334497001875,0.4302742292544796,55,402.6569444444457,interpolation,0 days 00:00:39.890000,39.89,3142.572,0.0
2024-03-01 16:38:58.345,0 days 00:52:22.672000,2344.0,3370.0,-137.0,,168.0,11126.0,100.0,0,8,3,2313.437011585953,0.4310386080410785,55,400.68194444444566,interpolation,0 days 00:00:39.990000,39.99,3142.672,0.0
2024-03-01 16:38:58.445,0 days 00:52:22.772000,2361.0,3453.0,-134.0,,172.0,10798.0,100.0,0,8,3,2317.5168537103877,0.4317987625045615,55,398.70694444444564,interpolation,0 days 00:00:40.090000,40.09,3142.772,0.0
2024-03-01 16:38:58.545,0 days 00:52:22.872000,2369.699516492238,3493.297914475873,-132.722757183311,,176.0,10470.0,100.0,0,8,3,2322.1916666666666,0.43266977168243637,55,396.7319444444456,interpolation,0 days 00:00:40.190000,40.19,3142.872,0.0
2024-03-01 16:38:58.645,0 days 00:52:22.972000,2376.0,3521.0,-132.0,,179.75,10811.5,100.0,0,8,3,2327.4614504547894,0.4336516355747032,55,394.37916666666786,interpolation,0 days 00:00:40.290000,40.29,3142.972,0.0
2024-03-01 16:38:58.745,0 days 00:52:23.072000,2388.040009886762,3576.9238548240382,-130.23075675093986,,183.5,11153.0,100.0,0,8,3,2333.326205074756,0.43474435418136204,55,392.0263888888901,interpolation,0 days 00:00:40.390000,40.39,3143.072,0.0
2024-03-01 16:38:58.845,0 days 00:52:23.172000,2402.0,3642.0,-128.0,,187.25,11494.5,100.0,0,8,3,2339.45980160179,0.4358871632987305,55,389.67361111111234,interpolation,0 days 00:00:40.490000,40.49,3143.172,0.0
2024-03-01 16:38:58.945,0 days 00:52:23.272000,2414.0604241871897,3697.1589565798968,-125.89270231104986,,191.0,11836.0,100.0,0,8,3,2345.536111111111,0.43701929872312617,55,387.3208333333346,interpolation,0 days 00:00:40.590000,40.59,3143.272,0.0
2024-03-01 16:38:59.045,0 days 00:52:23.372000,2425.0,3747.0,-124.0,,193.8,11579.4,100.0,0,8,4,2351.5551336027193,0.4381407604545491,55,385.42750000000126,interpolation,0 days 00:00:40.690000,40.69,3143.372,0.0
2024-03-01 16:38:59.145,0 days 00:52:23.472000,2435.5974449901014,3796.122405696581,-122.41302938276095,,196.6,11322.8,100.0,0,8,4,2357.5168690766163,0.4392515484929992,55,383.5341666666679,interpolation,0 days 00:00:40.790000,40.79,3143.472,0.0
2024-03-01 16:38:59.245,0 days 00:52:23.572000,2446.0,3845.0,-121.0,,199.4,11066.2,100.0,0,8,4,2363.3337608162656,0.4403353493079889,55,381.64083333333457,interpolation,0 days 00:00:40.890000,40.89,3143.572,0.0
2024-03-01 16:38:59.345,0 days 00:52:23.672000,2456.3549058722037,3894.10660924062,-119.62912139238452,,202.2,10809.6,100.0,0,8,4,2368.480471212195,0.44129428221774253,55,379.7475000000012,interpolation,0 days 00:00:40.990000,40.99,3143.672,0.0
2024-03-01 16:38:59.445,0 days 00:52:23.772000,2466.6621626067135,3943.4422334184396,-118.30039355991451,,205.0,10553.0,100.0,0,8,4,2372.8694444444445,0.442112033858822,55,377.8541666666679,interpolation,0 days 00:00:41.090000,41.09,3143.772,0.0
2024-03-01 16:38:59.545,0 days 00:52:23.872000,2478.888338037866,4000.0567408870397,-116.82146894748722,,208.0,10729.5,100.0,0,8,5,2376.5006805130156,0.44278860423122746,55,376.4097222222233,interpolation,0 days 00:00:41.190000,41.19,3143.872,0.0
2024-03-01 16:38:59.645,0 days 00:52:23.972000,2495.0,4071.0,-115.0,,211.0,10906.0,100.0,0,8,5,2382.2472222222223,0.4438592974582233,55,374.96527777777874,car,0 days 00:00:41.290000,41.29,3143.972,0.0
2024-03-01 16:38:59.745,0 days 00:52:24.072000,2514.0,4152.0,-113.0,,214.0,11113.0,100.0,0,8,5,2391.817777777778,0.44564247933185397,55,371.9241666666676,interpolation,0 days 00:00:41.390000,41.39,3144.072,0.0
2024-03-01 16:38:59.845,0 days 00:52:24.172000,2529.905416446668,4217.424545106498,-111.80555368127541,,216.33333333333334,11191.0,100.0,0,8,5,2398.226303819585,0.446836513200432,55,370.81305555555645,interpolation,0 days 00:00:41.490000,41.49,3144.172,0.0
2024-03-01 16:38:59.945,0 days 00:52:24.272000,2543.0,4271.0,-111.0,,218.66666666666666,11269.0,100.0,0,8,5,2401.2514376422982,0.4474001548580825,55,369.70194444444525,interpolation,0 days 00:00:41.590000,41.59,3144.272,0.0
2024-03-01 16:39:00.045,0 days 00:52:24.372000,2554.5646600239625,4320.724783863955,-110.00266295029576,,221.0,11347.0,100.0,0,8,5,2406.5511111111114,0.4483875877830461,55,368.5908333333341,interpolation,0 days 00:00:41.690000,41.69,3144.372,0.0
2024-03-01 16:39:00.145,0 days 00:52:24.472000,2564.9211499221024,4367.529744798475,-108.87658245636337,,223.5,11463.5,100.0,0,8,5,2415.0683176983325,0.44997451012126766,55,367.03527777777845,interpolation,0 days 00:00:41.790000,41.79,3144.472,0.0
2024-03-01 16:39:00.245,0 days 00:52:24.572000,2576.0,4417.0,-108.0,,226.0,11580.0,100.0,0,8,5,2424.128888888889,0.4516626719231561,55,365.4797222222228,interpolation,0 days 00:00:41.890000,41.89,3144.572,0.0
2024-03-01 16:39:00.345,0 days 00:52:24.672000,2588.1229669559743,4470.066407100576,-107.4359561509385,,228.5,11730.5,100.0,0,8,5,2431.0586561677064,0.4529538232391206,55,364.45194444444496,interpolation,0 days 00:00:41.990000,41.99,3144.672,0.0
2024-03-01 16:39:00.445,0 days 00:52:24.772000,2601.0,4527.0,-107.0,,231.0,11881.0,100.0,0,8,5,2436.9622222222224,0.45405377317589135,55,363.42416666666713,interpolation,0 days 00:00:42.090000,42.09,3144.772,0.0
2024-03-01 16:39:00.545,0 days 00:52:24.872000,2614.341048342054,4588.071812598068,-106.50768063800575,,232.33333333333334,11729.0,100.0,0,8,5,2442.9441897398738,0.45516833084019864,55,362.5686111111116,interpolation,0 days 00:00:42.190000,42.19,3144.872,0.0
2024-03-01 16:39:00.645,0 days 00:52:24.972000,2628.0,4653.0,-106.0,,233.66666666666666,11577.0,100.0,0,8,5,2449.0152999612583,0.4562994975354594,55,361.7130555555561,interpolation,0 days 00:00:42.290000,42.29,3144.972,0.0
2024-03-01 16:39:00.745,0 days 00:52:25.072000,2641.830742991705,4721.502717311012,-105.51796002102695,,235.0,11425.0,100.0,0,8,5,2455.2400000000002,0.45745928102069605,55,360.8575000000005,interpolation,0 days 00:00:42.390000,42.39,3145.072,0.0
2024-03-01 16:39:00.845,0 days 00:52:25.172000,2656.0,4794.0,-105.0,,236.66666666666666,11259.666666666666,100.0,0,8,5,2461.6290309867086,0.4586496825788323,55,360.1575000000004,interpolation,0 days 00:00:42.490000,42.49,3145.172,0.0
2024-03-01 16:39:00.945,0 days 00:52:25.272000,2670.6744937077146,4870.91188353586,-104.38455923583248,,238.33333333333334,11094.333333333334,100.0,0,8,5,2468.072013393996,0.4598501363428906,55,359.45750000000027,interpolation,0 days 00:00:42.590000,42.59,3145.272,0.0
2024-03-01 16:39:01.045,0 days 00:52:25.372000,2685.0,4950.0,-104.0,,240.0,10929.0,100.0,0,8,5,2473.9066666666668,0.46093724647922,55,358.75750000000016,interpolation,0 days 00:00:42.690000,42.69,3145.372,0.0
2024-03-01 16:39:01.145,0 days 00:52:25.472000,2698.122294762007,5029.025981473827,-104.1746845639781,,242.0,10956.5,100.0,0,8,6,2479.0226101470435,0.46189044691024733,55,358.2019444444445,interpolation,0 days 00:00:42.790000,42.79,3145.472,0.0
2024-03-01 16:39:01.245,0 days 00:52:25.572000,2709.84612736115,5105.55742638249,-104.7750807951602,,244.0,10984.0,100.0,0,8,6,2484.751111111111,0.4629577787932196,55,357.64638888888885,interpolation,0 days 00:00:42.890000,42.89,3145.572,0.0
2024-03-01 16:39:01.345,0 days 00:52:25.672000,2719.0,5165.0,-105.0,,245.66666666666666,11052.0,100.0,0,8,6,2492.423436834857,0.46438728328538376,55,356.97972222222216,interpolation,0 days 00:00:42.990000,42.99,3145.672,0.0
2024-03-01 16:39:01.445,0 days 00:52:25.772000,2725.3886640453293,5204.921325659172,-104.71591141325291,,247.33333333333334,11120.0,100.0,0,8,6,2501.6008689929854,0.4660972185734508,55,356.31305555555554,interpolation,0 days 00:00:43.090000,43.09,3145.772,0.0
2024-03-01 16:39:01.545,0 days 00:52:25.872000,2729.915409041074,5235.299121180111,-104.18717959199616,,249.0,11188.0,100.0,0,8,6,2509.6511111111113,0.4675971362887864,55,355.64638888888885,interpolation,0 days 00:00:43.190000,43.19,3145.872,0.0
2024-03-01 16:39:01.645,0 days 00:52:25.972000,2738.0,5316.0,-105.0,,250.33333333333334,11187.666666666666,100.0,0,8,6,2516.1354493563936,0.4688052954551335,55,355.2908333333333,interpolation,0 days 00:00:43.290000,43.29,3145.972,0.0
2024-03-01 16:39:01.745,0 days 00:52:26.072000,2749.0,5440.0,-107.0,,251.66666666666666,11187.333333333334,100.0,0,8,6,2521.288478878006,0.46976540574171854,55,354.9352777777778,interpolation,0 days 00:00:43.390000,43.39,3146.072,0.0
2024-03-01 16:39:01.845,0 days 00:52:26.172000,2753.640947261265,5505.287906215812,-107.67472731957182,,253.0,11187.0,100.0,0,8,6,2526.517777777778,0.47073972650666696,55,354.57972222222224,interpolation,0 days 00:00:43.490000,43.49,3146.172,0.0
2024-03-01 16:39:01.945,0 days 00:52:26.272000,2754.0,5546.0,-108.0,,254.0,11277.75,100.0,0,8,6,2532.0579436071507,0.47177196786679476,55,354.2463888888889,interpolation,0 days 00:00:43.590000,43.59,3146.272,0.0
2024-03-01 16:39:02.045,0 days 00:52:26.372000,2753.7000679765997,5613.274518915568,-109.37038027193617,,255.0,11368.5,100.0,0,8,6,2537.9089763661245,0.47286212982210196,55,353.9130555555555,interpolation,0 days 00:00:43.690000,43.69,3146.372,0.0
2024-03-01 16:39:02.145,0 days 00:52:26.472000,2752.0,5686.0,-111.0,,256.0,11459.25,100.0,0,8,6,2545.2032987198136,0.4742212048858236,55,353.57972222222213,interpolation,0 days 00:00:43.790000,43.79,3146.472,0.0
2024-03-01 16:39:02.245,0 days 00:52:26.572000,2748.158644879138,5743.064980290783,-112.10299104881122,,257.0,11550.0,100.0,0,8,6,2555.0733333333337,0.47606018557119467,55,353.24638888888876,interpolation,0 days 00:00:43.890000,43.89,3146.572,0.0
2024-03-01 16:39:02.345,0 days 00:52:26.672000,2741.0,5797.0,-113.0,,257.0,11606.0,100.0,0,8,6,2566.495555555556,0.4781883691970058,55,352.9352777777776,interpolation,0 days 00:00:43.990000,43.99,3146.672,0.0
2024-03-01 16:39:02.445,0 days 00:52:26.772000,2729.3480627485724,5860.335599339738,-114.01167343519657,,254.0,11256.0,50.0,0,8,6,2573.3287860369205,0.4794615338175942,55,353.00194444444446,interpolation,0 days 00:00:44.090000,44.09,3146.772,0.0
2024-03-01 16:39:02.545,0 days 00:52:26.872000,2712.8067999067807,5932.493053961962,-115.20700959026246,,251.0,10906.0,0.0,0,8,6,2577.6511111111113,0.48026686760198073,55,353.0686111111113,interpolation,0 days 00:00:44.190000,44.19,3146.872,0.0
2024-03-01 16:39:02.645,0 days 00:52:26.972000,2689.0,6010.0,-117.0,,240.66666666666666,10813.333333333334,0.0,0,8,6,2582.5641522438905,0.48118226335320113,55,354.10564814814825,interpolation,0 days 00:00:44.290000,44.29,3146.972,0.0
2024-03-01 16:39:02.745,0 days 00:52:27.072000,2657.531625754753,6092.27770717965,-119.45964360681631,,230.33333333333334,10720.666666666666,0.0,0,8,6,2588.134558045209,0.4822201390121446,55,355.1426851851852,interpolation,0 days 00:00:44.390000,44.39,3147.072,0.0
2024-03-01 16:39:02.845,0 days 00:52:27.172000,2624.0,6169.0,-122.0,,220.0,10628.0,0.0,0,8,6,2594.7622222222226,0.48345500260562774,55,356.17972222222215,interpolation,0 days 00:00:44.490000,44.49,3147.172,0.0
2024-03-01 16:39:02.945,0 days 00:52:27.272000,2594.0034455646996,6229.840702960133,-124.03512876883963,,207.0,10514.5,0.0,1,8,6,2602.513794067367,0.48489927220169987,55,358.9797222222221,interpolation,0 days 00:00:44.590000,44.59,3147.272,0.0
2024-03-01 16:39:03.045,0 days 00:52:27.372000,2567.5419624488513,6274.799816060049,-125.56502991333528,,194.0,10401.0,0.0,1,8,6,2609.8511111111115,0.4862663580179346,55,361.77972222222206,interpolation,0 days 00:00:44.690000,44.69,3147.372,0.0
2024-03-01 16:39:03.145,0 days 00:52:27.472000,2543.5594981085783,6309.859021129942,-126.81241610116331,,186.8,10517.6,0.0,1,8,6,2615.2360108839252,0.48726967027190565,55,364.5908333333331,interpolation,0 days 00:00:44.790000,44.79,3147.472,0.0
2024-03-01 16:39:03.245,0 days 00:52:27.572000,2521.0,6341.0,-128.0,,179.6,10634.2,0.0,1,8,6,2618.6684933858087,0.487909208963613,55,367.40194444444415,interpolation,0 days 00:00:44.890000,44.89,3147.572,0.0
2024-03-01 16:39:03.345,0 days 00:52:27.672000,2499.863468123117,6368.2227526702245,-129.12778160984547,,172.4,10750.8,0.0,1,8,6,2620.6249880635523,0.488273742226594,55,370.2130555555552,interpolation,0 days 00:00:44.990000,44.99,3147.672,0.0
2024-03-01 16:39:03.445,0 days 00:52:27.772000,2479.9433125433898,6391.981327422522,-130.1731010797362,,165.2,10867.4,0.0,1,8,6,2623.9640862338715,0.48889588158903996,55,373.02416666666625,interpolation,0 days 00:00:45.090000,45.09,3147.772,0.0
2024-03-01 16:39:03.545,0 days 00:52:27.872000,2460.0,6415.0,-131.0,,158.0,10984.0,0.0,1,8,6,2629.1622222222227,0.48986439609347904,55,375.83527777777726,interpolation,0 days 00:00:45.190000,45.19,3147.872,0.0
2024-03-01 16:39:03.645,0 days 00:52:27.972000,2439.826942673877,6437.732814035137,-131.5858187517091,,144.0,11265.0,0.0,1,8,3,2635.5622222222228,0.4910568413935444,55,381.6130555555551,interpolation,0 days 00:00:45.290000,45.29,3147.972,0.0
2024-03-01 16:39:03.745,0 days 00:52:28.072000,2419.424140565021,6460.179769527931,-131.93055733486352,,140.5,11367.5,0.0,1,8,3,2639.2210635838956,0.49173855517251486,55,384.7463888888883,interpolation,0 days 00:00:45.390000,45.39,3148.072,0.0
2024-03-01 16:39:03.845,0 days 00:52:28.172000,2392.3092681736543,6485.286840256759,-132.56001725058616,,137.0,11470.0,0.0,1,8,3,2641.6511111111117,0.4921913206026344,55,387.8797222222215,interpolation,0 days 00:00:45.490000,45.49,3148.172,0.0
2024-03-01 16:39:03.945,0 days 00:52:28.272000,2352.0,6516.0,-134.0,,134.0,10917.0,0.0,1,8,3,2645.0218966847015,0.49281936394868975,55,392.025555555555,interpolation,0 days 00:00:45.590000,45.59,3148.272,0.0
2024-03-01 16:39:04.045,0 days 00:52:28.372000,2302.0,6550.0,-136.0,,131.0,10364.0,0.0,1,8,3,2648.8925000000004,0.4935405331255251,55,396.1713888888885,interpolation,0 days 00:00:45.690000,45.69,3148.372,0.0
2024-03-01 16:39:04.145,0 days 00:52:28.472000,2263.3311442771187,6573.371418957927,-137.0569914474611,,120.5,9805.5,0.0,1,8,2,2652.822000752347,0.49427267604798425,55,401.97138888888844,interpolation,0 days 00:00:45.790000,45.79,3148.472,0.0
2024-03-01 16:39:04.245,0 days 00:52:28.572000,2237.8861943117204,6585.209387945927,-137.07708967781514,,110.0,9247.0,0.0,1,8,2,2656.225833333334,0.4949068766985167,55,407.7713888888884,interpolation,0 days 00:00:45.890000,45.89,3148.572,0.0
2024-03-01 16:39:04.345,0 days 00:52:28.672000,2216.0,6594.0,-137.0,,107.0,8957.666666666666,0.0,1,8,2,2658.5194321345557,0.49533421905957187,55,411.92694444444396,interpolation,0 days 00:00:45.990000,45.99,3148.672,0.0
2024-03-01 16:39:04.445,0 days 00:52:28.772000,2196.0617112389054,6601.157596718026,-136.98233916362483,,104.0,8668.333333333334,0.0,1,8,2,2660.056491504282,0.4956206033129079,55,416.0824999999995,interpolation,0 days 00:00:46.090000,46.09,3148.772,0.0
2024-03-01 16:39:04.545,0 days 00:52:28.872000,2178.071328028435,6606.6821781000035,-137.02410716868962,,101.0,8379.0,0.0,1,8,2,2662.9591666666674,0.49616142852462713,55,420.2380555555551,interpolation,0 days 00:00:46.190000,46.19,3148.872,0.0
2024-03-01 16:39:04.645,0 days 00:52:28.972000,2158.795280803747,6610.865670431978,-137.30382158940955,,95.0,7913.0,0.0,1,8,2,2667.1813888888896,0.4969481111878647,55,428.9047222222216,interpolation,0 days 00:00:46.290000,46.29,3148.972,0.0
2024-03-01 16:39:04.745,0 days 00:52:29.072000,2135.0,6614.0,-138.0,,92.66666666666667,7734.0,0.0,1,8,2,2670.3246136958373,0.49753375550787937,55,434.2195370370364,interpolation,0 days 00:00:46.390000,46.39,3149.072,0.0
2024-03-01 16:39:04.845,0 days 00:52:29.172000,2106.0,6615.0,-139.0,,90.33333333333333,7555.0,0.0,1,8,2,2672.194756242292,0.4978821996781874,55,439.53435185185117,interpolation,0 days 00:00:46.490000,46.49,3149.172,0.0
2024-03-01 16:39:04.945,0 days 00:52:29.272000,2067.682388158638,6607.354702943794,-139.62797064700752,,88.0,7376.0,0.0,1,8,2,2674.025833333334,0.4982233651893235,55,444.84916666666595,interpolation,0 days 00:00:46.590000,46.59,3149.272,0.0
2024-03-01 16:39:05.045,0 days 00:52:29.372000,2031.0,6596.0,-140.0,,87.0,7250.5,0.0,1,8,2,2676.0235133834526,0.4985955720935107,55,450.1491666666659,interpolation,0 days 00:00:46.690000,46.69,3149.372,0.0
2024-03-01 16:39:05.145,0 days 00:52:29.472000,2007.5911496460287,6586.956938029252,-140.34481736496366,,86.0,7125.0,0.0,1,8,2,2678.187796392648,0.4989988203907492,55,455.44916666666586,interpolation,0 days 00:00:46.790000,46.79,3149.472,0.0
2024-03-01 16:39:05.245,0 days 00:52:29.572000,1997.4558370967236,6580.225517031549,-140.6624227418984,,85.0,6999.5,0.0,1,8,2,2680.3710978721856,0.4994056122013587,55,460.7491666666658,interpolation,0 days 00:00:46.890000,46.89,3149.572,0.0
2024-03-01 16:39:05.345,0 days 00:52:29.672000,1992.3426059990575,6573.1313375180725,-140.89881674788398,,84.0,6874.0,0.0,1,8,2,2682.425833333334,0.49978844964565927,55,466.04916666666577,interpolation,0 days 00:00:46.990000,46.99,3149.672,0.0
2024-03-01 16:39:05.445,0 days 00:52:29.772000,1984.0,6563.0,-141.0,,81.5,6827.5,0.0,0,8,2,2684.352002776091,0.5001473327236506,55,472.1047222222214,interpolation,0 days 00:00:47.090000,47.09,3149.772,0.0
2024-03-01 16:39:05.545,0 days 00:52:29.872000,1972.4280190995528,6549.831504477335,-140.96597249824646,,79.0,6781.0,0.0,0,8,2,2686.8147222222233,0.5006061855719194,55,478.1602777777771,interpolation,0 days 00:00:47.190000,47.19,3149.872,0.0
2024-03-01 16:39:05.645,0 days 00:52:29.972000,1958.2271172812038,6533.694402359817,-140.85314718705328,,78.0,6827.0,0.0,0,8,2,2690.28138888889,0.5012520934427881,55,488.0269444444434,interpolation,0 days 00:00:47.290000,47.29,3149.972,0.0
2024-03-01 16:39:05.745,0 days 00:52:30.072000,1945.0,6515.0,-141.0,,79.5,7044.583333333333,5.166666666666667,0,8,2,2693.565696022347,0.5018640241623602,55,493.5281481481471,interpolation,0 days 00:00:47.390000,47.39,3150.072,0.0
2024-03-01 16:39:05.845,0 days 00:52:30.172000,1933.347115090813,6493.8168481056655,-141.462943303851,,81.0,7262.166666666667,10.333333333333334,0,8,2,2696.4699268426157,0.5024051392236,55,499.02935185185083,interpolation,0 days 00:00:47.490000,47.49,3150.172,0.0
2024-03-01 16:39:05.945,0 days 00:52:30.272000,1923.0,6472.0,-142.0,,82.5,7479.75,15.5,0,8,2,2698.994081349698,0.5028754386265075,55,504.53055555555454,interpolation,0 days 00:00:47.590000,47.59,3150.272,0.0
2024-03-01 16:39:06.045,0 days 00:52:30.372000,1913.6901921739177,6451.404509006194,-142.3691929898408,,84.0,7697.333333333333,20.666666666666668,0,8,2,2701.1381595435923,0.503274922371083,55,510.03175925925825,interpolation,0 days 00:00:47.690000,47.69,3150.372,0.0
2024-03-01 16:39:06.145,0 days 00:52:30.472000,1905.4176916125668,6432.030375124246,-142.5705222733734,,85.5,7914.916666666667,25.833333333333332,0,8,2,2702.9021614243,0.5036035904573262,55,515.532962962962,interpolation,0 days 00:00:47.790000,47.79,3150.472,0.0
2024-03-01 16:39:06.245,0 days 00:52:30.572000,1898.1824983159468,6413.877598354156,-142.60398785059772,,87.0,8132.5,31.0,0,8,2,2704.2860869918204,0.5038614428852372,55,521.0341666666657,interpolation,0 days 00:00:47.890000,47.89,3150.572,0.0
2024-03-01 16:39:06.345,0 days 00:52:30.672000,1891.9846122840577,6396.946178695926,-142.4695897215139,,88.5,8350.083333333334,36.166666666666664,0,8,2,2705.7223441462147,0.5041290457123376,55,526.5353703703694,interpolation,0 days 00:00:47.990000,47.99,3150.672,0.0
2024-03-01 16:39:06.445,0 days 00:52:30.772000,1886.1011497166617,6377.458986700706,-142.27649287724088,,90.0,8567.666666666666,41.333333333333336,0,8,2,2707.643340787545,0.5044869649961494,55,532.0365740740731,interpolation,0 days 00:00:48.090000,48.09,3150.772,0.0
2024-03-01 16:39:06.545,0 days 00:52:30.872000,1879.8092268135201,6351.638892919646,-142.13386230889753,,91.5,8785.25,46.5,0,8,2,2710.0490769158105,0.5049352007366725,55,537.5377777777768,interpolation,0 days 00:00:48.190000,48.19,3150.872,0.0
2024-03-01 16:39:06.645,0 days 00:52:30.972000,1873.108843574633,6319.485897352743,-142.0416980164839,,93.0,9002.833333333334,51.666666666666664,0,8,2,2712.9395525310124,0.5054737529339071,55,543.0389814814805,interpolation,0 days 00:00:48.290000,48.29,3150.972,0.0
2024-03-01 16:39:06.745,0 days 00:52:31.072000,1866.0,6281.0,-142.0,,94.5,9220.416666666666,56.833333333333336,0,8,2,2716.31476763315,0.5061026215878529,55,548.5401851851842,interpolation,0 days 00:00:48.390000,48.39,3151.072,0.0
2024-03-01 16:39:06.845,0 days 00:52:31.172000,1858.4826960896216,6236.181200861416,-142.00876825944582,,96.0,9438.0,62.0,0,8,2,2720.1747222222234,0.5068218066985101,55,554.0413888888879,interpolation,0 days 00:00:48.490000,48.49,3151.172,0.0
2024-03-01 16:39:06.945,0 days 00:52:31.272000,1852.0,6196.0,-142.0,,102.0,9670.0,66.5,0,8,2,2724.5194162982325,0.5076313082658785,55,561.7802777777767,interpolation,0 days 00:00:48.590000,48.59,3151.272,0.0
2024-03-01 16:39:07.045,0 days 00:52:31.372000,1847.9949798876382,6171.426897478761,-141.9056924268412,,108.0,9902.0,71.0,0,8,2,2728.5747222222235,0.5083868911548458,55,569.5191666666656,interpolation,0 days 00:00:48.690000,48.69,3151.372,0.0
2024-03-01 16:39:07.145,0 days 00:52:31.472000,1846.467635752536,6162.4618932977,-141.7258455399694,,111.33333333333333,10301.0,75.33333333333333,0,8,2,2731.566512355245,0.5089443202302995,55,573.6302777777768,interpolation,0 days 00:00:48.790000,48.79,3151.472,0.0
2024-03-01 16:39:07.245,0 days 00:52:31.572000,1845.2064737411654,6153.265942467787,-141.4330758831129,,114.66666666666667,10700.0,79.66666666666667,0,8,2,2733.726103446911,0.5093466943314433,55,577.7413888888879,interpolation,0 days 00:00:48.890000,48.89,3151.572,0.0
2024-03-01 16:39:07.345,0 days 00:52:31.672000,1842.0,6128.0,-141.0,,118.0,11099.0,84.0,0,8,2,2736.4413888888903,0.5098526051695096,55,581.852499999999,interpolation,0 days 00:00:48.990000,48.99,3151.672,0.0
2024-03-01 16:39:07.445,0 days 00:52:31.772000,1836.8482145290395,6086.664065894335,-140.42661789063067,,123.0,10982.333333333334,86.66666666666667,0,8,2,2739.943683062126,0.5105051511423723,55,585.5562037037029,interpolation,0 days 00:00:49.090000,49.09,3151.772,0.0
2024-03-01 16:39:07.545,0 days 00:52:31.872000,1831.0,6039.0,-140.0,,128.0,10865.666666666666,89.33333333333333,0,8,2,2744.116798975288,0.5112826843388221,55,589.2599074074066,interpolation,0 days 00:00:49.190000,49.19,3151.872,0.0
2024-03-01 16:39:07.645,0 days 00:52:31.972000,1825.7042390845988,5994.749662166199,-140.00721677310315,,133.0,10749.0,92.0,0,8,2,2748.2636111111124,0.5120553166265747,55,592.9636111111104,interpolation,0 days 00:00:49.290000,49.29,3151.972,0.0
2024-03-01 16:39:07.745,0 days 00:52:32.072000,1821.0,5954.0,-140.0,,139.0,11029.0,96.0,0,8,2,2752.267931288508,0.5128013998727453,55,595.2969444444439,interpolation,0 days 00:00:49.390000,49.39,3152.072,0.0
2024-03-01 16:39:07.845,0 days 00:52:32.172000,1816.9263509633674,5916.837961108462,-139.53008147075036,,145.0,11309.0,100.0,0,8,2,2756.3191666666676,0.5135562243393305,55,597.6302777777773,interpolation,0 days 00:00:49.490000,49.49,3152.172,0.0
2024-03-01 16:39:07.945,0 days 00:52:32.272000,1813.0,5879.0,-139.0,,150.0,11536.5,100.0,0,8,3,2760.606724404785,0.5143550802883269,55,599.1580555555552,interpolation,0 days 00:00:49.590000,49.59,3152.272,0.0
2024-03-01 16:39:08.045,0 days 00:52:32.372000,1808.7376551351963,5836.222571183025,-138.8122944023946,,155.0,11764.0,100.0,0,8,3,2764.930277777779,0.5151606429288281,55,600.685833333333,interpolation,0 days 00:00:49.690000,49.69,3152.372,0.0
2024-03-01 16:39:08.145,0 days 00:52:32.472000,1804.227651211741,5789.522414473328,-138.9154080954014,,160.0,11456.666666666666,100.0,0,8,3,2769.0895000605688,0.5159355874699283,55,601.3339814814811,interpolation,0 days 00:00:49.790000,49.79,3152.472,0.0
2024-03-01 16:39:08.245,0 days 00:52:32.572000,1800.0,5745.0,-139.0,,165.0,11149.333333333334,100.0,0,8,3,2773.221897127448,0.5167055339481162,55,601.9821296296292,interpolation,0 days 00:00:49.890000,49.89,3152.572,0.0
2024-03-01 16:39:08.345,0 days 00:52:32.672000,1796.1430372473114,5703.672077990299,-139.01451300571546,,170.0,10842.0,100.0,0,8,3,2778.152500000001,0.5176242017952827,55,602.6302777777773,interpolation,0 days 00:00:49.990000,49.99,3152.672,0.0
2024-03-01 16:39:08.445,0 days 00:52:32.772000,1792.0,5658.0,-139.0,,174.5,11069.5,100.0,0,14,3,2784.0188131444693,0.518717210785569,55,602.7636111111108,interpolation,0 days 00:00:50.090000,50.09,3152.772,1.0
2024-03-01 16:39:08.545,0 days 00:52:32.872000,1786.9141253043917,5600.445117584882,-138.99751387030582,,179.0,11297.0,100.0,0,14,3,2790.085833333334,0.5198476154276961,55,602.8969444444442,interpolation,0 days 00:00:50.190000,50.19,3152.872,1.0
2024-03-01 16:39:08.645,0 days 00:52:32.972000,1782.0,5540.0,-139.0,,183.33333333333334,11514.0,100.0,0,12,4,2795.6185573390803,0.5208784702303852,55,602.4562037037035,interpolation,0 days 00:00:50.290000,50.29,3152.972,1.0
2024-03-01 16:39:08.745,0 days 00:52:33.072000,1778.3722109263385,5485.6572165004145,-139.00040377244957,,187.66666666666666,11731.0,100.0,0,12,4,2800.6101018369195,0.5218084926954657,55,602.0154629629628,interpolation,0 days 00:00:50.390000,50.39,3153.072,1.0
2024-03-01 16:39:08.845,0 days 00:52:33.172000,1775.0,5433.0,-139.0,,192.0,11948.0,100.0,0,12,4,2805.0191666666674,0.5226299877945152,55,601.5747222222221,interpolation,0 days 00:00:50.490000,50.49,3153.172,1.0
2024-03-01 16:39:08.945,0 days 00:52:33.272000,1771.0,5378.0,-139.0,,195.5,11598.0,100.0,0,12,4,2808.838868433051,0.5233416730162302,55,600.9080555555556,interpolation,0 days 00:00:50.590000,50.59,3153.272,1.0
2024-03-01 16:39:09.045,0 days 00:52:33.372000,1767.2565606287417,5322.987727956835,-139.00002280051885,,199.0,11248.0,100.0,0,12,4,2813.863611111112,0.5242778809522445,55,600.2413888888891,interpolation,0 days 00:00:50.690000,50.69,3153.372,1.0
2024-03-01 16:39:09.145,0 days 00:52:33.472000,1763.9191252634264,5268.89697708092,-139.00001087075898,,204.0,11112.0,100.0,0,12,4,2821.887798675891,0.525772944194192,55,598.4525000000003,interpolation,0 days 00:00:50.790000,50.79,3153.472,1.0
2024-03-01 16:39:09.245,0 days 00:52:33.572000,1761.0,5219.0,-139.0,,209.0,10976.0,100.0,0,12,4,2830.119166666667,0.5273066092057089,55,596.6636111111115,interpolation,0 days 00:00:50.890000,50.89,3153.572,1.0
2024-03-01 16:39:09.345,0 days 00:52:33.672000,1758.5012358649542,5173.842174944364,-138.99999615315238,,211.33333333333334,11022.666666666666,100.0,0,12,5,2835.76545062272,0.5283586224504324,55,595.5525000000004,interpolation,0 days 00:00:50.990000,50.99,3153.672,1.0
2024-03-01 16:39:09.445,0 days 00:52:33.772000,1756.2267443023084,5131.007495788633,-138.9999982711912,,213.66666666666666,11069.333333333334,100.0,0,12,5,2839.40625254864,0.5290369751293438,55,594.4413888888893,interpolation,0 days 00:00:51.090000,51.09,3153.772,1.0
2024-03-01 16:39:09.545,0 days 00:52:33.872000,1753.0,5076.0,-139.0,,216.0,11116.0,100.0,0,12,5,2844.519166666667,0.529989611130856,55,593.3302777777781,interpolation,0 days 00:00:51.190000,51.19,3153.872,1.0
2024-03-01 16:39:09.645,0 days 00:52:33.972000,1748.6249164099859,5006.403706192868,-139.00000028056476,,220.33333333333334,11264.333333333334,100.0,0,12,5,2851.6837890462957,0.5313245205501266,55,591.430277777778,interpolation,0 days 00:00:51.290000,51.29,3153.972,1.0
2024-03-01 16:39:09.745,0 days 00:52:34.072000,1744.0,4929.0,-139.0,,224.66666666666666,11412.666666666666,100.0,0,12,5,2860.372455719328,0.5329433892592034,55,589.5302777777779,interpolation,0 days 00:00:51.390000,51.39,3154.072,1.0
2024-03-01 16:39:09.845,0 days 00:52:34.172000,1740.0,4853.0,-139.0,,229.0,11561.0,100.0,0,12,5,2867.419166666667,0.5342563294701523,55,587.6302777777778,interpolation,0 days 00:00:51.490000,51.49,3154.172,1.0
2024-03-01 16:39:09.945,0 days 00:52:34.272000,1736.4823737131383,4792.98202922677,-139.00000000804442,,230.66666666666666,11271.666666666666,100.0,0,12,5,2872.296252516806,0.5351650260482795,55,586.3858333333334,interpolation,0 days 00:00:51.590000,51.59,3154.272,1.0
2024-03-01 16:39:10.045,0 days 00:52:34.372000,1733.0,4737.0,-139.0,,232.33333333333334,10982.333333333334,100.0,0,12,5,2875.8345625213883,0.535824282475645,55,585.1413888888891,interpolation,0 days 00:00:51.690000,51.69,3154.372,1.0
2024-03-01 16:39:10.145,0 days 00:52:34.472000,1729.129514715677,4670.678116573887,-138.9999999971533,,234.0,10693.0,100.0,0,12,5,2883.019166666667,0.5371629148890616,55,583.8969444444447,interpolation,0 days 00:00:51.790000,51.79,3154.472,1.0
2024-03-01 16:39:10.245,0 days 00:52:34.572000,1725.068228596601,4597.570303620936,-138.9999999987207,,239.0,10902.0,100.0,0,12,5,2893.6413888888887,0.5391420428523644,55,581.3636111111114,interpolation,0 days 00:00:51.890000,51.89,3154.572,1.0
2024-03-01 16:39:10.345,0 days 00:52:34.672000,1722.0,4539.0,-139.0,,241.5,10965.5,100.0,0,12,6,2901.4641602766433,0.5405995783171791,55,579.7802777777781,interpolation,0 days 00:00:51.990000,51.99,3154.672,1.0
2024-03-01 16:39:10.445,0 days 00:52:34.772000,1720.122137641855,4498.521093991586,-139.00000000020765,,244.0,11029.0,100.0,0,12,6,2907.1969444444444,0.541667708244864,55,578.1969444444449,interpolation,0 days 00:00:52.090000,52.09,3154.772,1.0
2024-03-01 16:39:10.545,0 days 00:52:34.872000,1717.0,4431.0,-139.0,,245.66666666666666,11125.333333333334,100.0,0,12,6,2912.5887111697516,0.5426722999465267,55,576.8912962962967,interpolation,0 days 00:00:52.190000,52.19,3154.872,1.0
2024-03-01 16:39:10.645,0 days 00:52:34.972000,1711.0,4308.0,-139.0,,247.33333333333334,11221.666666666666,100.0,0,12,6,2917.7926371403933,0.5436418932380235,55,575.5856481481484,interpolation,0 days 00:00:52.290000,52.29,3154.972,1.0
2024-03-01 16:39:10.745,0 days 00:52:35.072000,1706.9284397199342,4229.70178648826,-139.00000000000608,,249.0,11318.0,100.0,0,12,6,2923.7277777777776,0.5447477261377541,55,574.2800000000002,interpolation,0 days 00:00:52.390000,52.39,3155.072,1.0
2024-03-01 16:39:10.845,0 days 00:52:35.172000,1704.0,4175.0,-139.0,,251.33333333333334,11405.666666666666,100.0,0,12,6,2930.5473082012118,0.5460183381693287,55,572.620740740741,interpolation,0 days 00:00:52.490000,52.49,3155.172,1.0
2024-03-01 16:39:10.945,0 days 00:52:35.272000,1700.6283154354203,4106.092584475043,-138.99999999999713,,253.66666666666666,11493.333333333334,100.0,0,12,6,2938.2116502043577,0.5474463551380387,55,570.9614814814818,interpolation,0 days 00:00:52.590000,52.59,3155.272,1.0
2024-03-01 16:39:11.045,0 days 00:52:35.372000,1696.8133860261944,4022.979539913388,-138.9999999999975,,256.0,11581.0,100.0,0,12,6,2946.483333333333,0.5489875316490976,55,569.3022222222226,interpolation,0 days 00:00:52.690000,52.69,3155.372,1.0
2024-03-01 16:39:11.145,0 days 00:52:35.472000,1693.0917636038714,3938.876725395039,-138.9999999999991,,259.0,11300.5,100.0,0,12,6,2955.322778976518,0.550634493432285,55,567.5022222222226,interpolation,0 days 00:00:52.790000,52.79,3155.472,1.0
2024-03-01 16:39:11.245,0 days 00:52:35.572000,1690.0,3867.0,-139.0,,262.0,11020.0,100.0,0,12,6,2963.95,0.5522419136138593,55,565.7022222222226,interpolation,0 days 00:00:52.890000,52.89,3155.572,1.0
2024-03-01 16:39:11.345,0 days 00:52:35.672000,1687.5380952145802,3807.349363728269,-139.00000000000014,,263.5,10808.5,100.0,0,12,6,2971.5850092698697,0.5536644653200798,55,564.146666666667,interpolation,0 days 00:00:52.990000,52.99,3155.672,1.0
2024-03-01 16:39:11.445,0 days 00:52:35.772000,1685.0,3750.0,-139.0,,265.0,10597.0,100.0,0,12,6,2978.6722222222224,0.5549849518475166,55,562.5911111111113,interpolation,0 days 00:00:53.090000,53.09,3155.772,1.0
2024-03-01 16:39:11.545,0 days 00:52:35.872000,1681.6796651086477,3685.0270922353443,-138.99999999999997,,265.0,10706.333333333334,100.0,0,12,6,2985.6560542931556,0.55628617649274,55,561.3466666666668,interpolation,0 days 00:00:53.190000,53.19,3155.872,1.0
2024-03-01 16:39:11.645,0 days 00:52:35.972000,1678.0,3617.0,-139.0,,265.0,10815.666666666666,100.0,0,12,6,2992.533145198151,0.5575675131689563,55,560.1022222222223,interpolation,0 days 00:00:53.290000,53.29,3155.972,1.0
2024-03-01 16:39:11.745,0 days 00:52:36.072000,1674.3839141335334,3550.4880828596642,-139.00000000000003,,265.0,10925.0,100.0,0,12,6,2999.2833333333338,0.5588252053746369,55,558.8577777777778,interpolation,0 days 00:00:53.390000,53.39,3156.072,1.0
2024-03-01 16:39:11.845,0 days 00:52:36.172000,1670.7933540318984,3483.8235824701833,-139.0,,268.0,10946.0,100.0,0,12,7,3005.9032584485963,0.5600586270293993,55,557.5355555555556,interpolation,0 days 00:00:53.490000,53.49,3156.172,1.0
2024-03-01 16:39:11.945,0 days 00:52:36.272000,1667.0,3407.0,-139.0,,271.0,10967.0,100.0,0,12,7,3012.597600381416,0.5613059139942153,55,556.2133333333333,interpolation,0 days 00:00:53.590000,53.59,3156.272,1.0
2024-03-01 16:39:12.045,0 days 00:52:36.372000,1662.965798950155,3318.349594182719,-139.0,,274.0,10988.0,100.0,0,12,7,3020.5944444444444,0.5627958826064516,55,554.8911111111111,interpolation,0 days 00:00:53.690000,53.69,3156.372,1.0
2024-03-01 16:39:12.145,0 days 00:52:36.472000,1658.7824332586836,3220.698098427931,-139.0,,276.5,11048.5,100.0,0,12,7,3030.0984725710914,0.5645666691175937,55,553.2244444444443,interpolation,0 days 00:00:53.790000,53.79,3156.472,1.0
2024-03-01 16:39:12.245,0 days 00:52:36.572000,1655.0,3131.0,-139.0,,279.0,11109.0,100.0,0,12,7,3039.194444444445,0.5662614267597667,55,551.5577777777776,interpolation,0 days 00:00:53.890000,53.89,3156.572,1.0
2024-03-01 16:39:12.345,0 days 00:52:36.672000,1651.7101824892575,3052.0810612441746,-139.0,,280.0,11158.0,100.0,0,12,7,3045.9671197475936,0.5675233087650962,55,550.402222222222,interpolation,0 days 00:00:53.990000,53.99,3156.672,1.0
2024-03-01 16:39:12.445,0 days 00:52:36.772000,1648.8453810833164,2982.432314482214,-139.0,,281.0,11207.0,100.0,0,12,7,3051.022263192782,0.5684651809592165,55,549.2466666666664,interpolation,0 days 00:00:54.090000,54.09,3156.772,1.0
2024-03-01 16:39:12.545,0 days 00:52:36.872000,1646.0,2913.0,-139.0,,282.0,11256.0,100.0,0,12,7,3057.994444444445,0.5697642348287086,55,548.0911111111109,interpolation,0 days 00:00:54.190000,54.19,3156.872,1.0
2024-03-01 16:39:12.645,0 days 00:52:36.972000,1643.1064402883858,2842.2751655710417,-139.0,,283.0,11285.5,100.0,0,12,7,3067.4894220118294,0.571533335043467,55,546.491111111111,interpolation,0 days 00:00:54.290000,54.29,3156.972,1.0
2024-03-01 16:39:12.745,0 days 00:52:37.072000,1640.0,2771.0,-139.0,,284.0,11315.0,100.0,0,12,7,3076.9277777777784,0.5732918855080686,55,544.8911111111111,interpolation,0 days 00:00:54.390000,54.39,3157.072,1.0
2024-03-01 16:39:12.845,0 days 00:52:37.172000,1636.5159771863691,2699.916692091536,-138.99999999999994,,285.0,11335.5,100.0,0,12,7,3083.7300936251377,0.5745592901270911,55,543.8625000000002,interpolation,0 days 00:00:54.490000,54.49,3157.172,1.0
2024-03-01 16:39:12.945,0 days 00:52:37.272000,1633.0,2628.0,-139.0,,286.0,11356.0,100.0,0,12,7,3089.7183333333332,0.5756750164232947,55,542.8338888888893,interpolation,0 days 00:00:54.590000,54.59,3157.272,1.0
2024-03-01 16:39:13.045,0 days 00:52:37.372000,1629.7976965933995,2554.2246818797457,-139.0000000000003,,287.3333333333333,11385.333333333334,100.0,0,12,7,3096.714460681793,0.57697853191944,55,541.6672222222227,interpolation,0 days 00:00:54.690000,54.69,3157.372,1.0
2024-03-01 16:39:13.145,0 days 00:52:37.472000,1626.0,2467.0,-139.0,,288.6666666666667,11414.666666666666,100.0,0,12,7,3104.556644066169,0.5784396842192758,55,540.5005555555559,interpolation,0 days 00:00:54.790000,54.79,3157.472,1.0
2024-03-01 16:39:13.245,0 days 00:52:37.572000,1620.697843253236,2354.7352166299934,-138.99999999999824,,290.0,11444.0,100.0,0,12,7,3112.273888888889,0.5798775580190111,55,539.3338888888893,interpolation,0 days 00:00:54.890000,54.89,3157.572,1.0
2024-03-01 16:39:13.345,0 days 00:52:37.672000,1614.2712084672507,2224.5319358162574,-138.99999999999608,,290.5,11444.0,100.0,0,12,7,3119.7043618884413,0.5812620006136326,55,538.1394444444447,interpolation,0 days 00:00:54.990000,54.99,3157.672,1.0
2024-03-01 16:39:13.445,0 days 00:52:37.772000,1609.0,2119.0,-139.0,,291.0,11444.0,100.0,0,12,7,3128.440555555556,0.582889724532197,55,536.9450000000002,interpolation,0 days 00:00:55.090000,55.09,3157.772,1.0
2024-03-01 16:39:13.545,0 days 00:52:37.872000,1605.264203856665,2045.2410859485526,-139.00000000001114,,293.0,11556.5,100.0,0,12,7,3140.074962380965,0.5850574423037607,55,535.272777777778,interpolation,0 days 00:00:55.190000,55.19,3157.872,1.0
2024-03-01 16:39:13.645,0 days 00:52:37.972000,1603.063820037245,2003.2551936619134,-139.0000000000294,,295.0,11669.0,100.0,0,12,7,3151.385,0.5871647237416328,55,533.6005555555557,interpolation,0 days 00:00:55.290000,55.29,3157.972,1.0
2024-03-01 16:39:13.745,0 days 00:52:38.072000,1601.3315261992025,1969.8917045443181,-139.00000000003297,,295.75,11389.0,100.0,0,12,7,3159.1480860479955,0.5886111386591226,55,532.6450000000001,interpolation,0 days 00:00:55.390000,55.39,3158.072,1.0
2024-03-01 16:39:13.845,0 days 00:52:38.172000,1599.0,1922.0,-139.0,,296.5,11109.0,100.0,0,12,7,3163.3642205249516,0.5893966870562304,55,531.6894444444445,interpolation,0 days 00:00:55.490000,55.49,3158.172,1.0
2024-03-01 16:39:13.945,0 days 00:52:38.272000,1596.0692414396365,1859.5800800289592,-138.99999999993042,,297.25,10829.0,100.0,0,12,7,3168.2129669616534,0.5903001034468013,55,530.7338888888888,interpolation,0 days 00:00:55.590000,55.59,3158.272,1.0
2024-03-01 16:39:14.045,0 days 00:52:38.372000,1592.0,1774.0,-139.0,,298.0,10549.0,100.0,0,12,7,3177.8738888888893,0.592100122344681,55,529.7783333333332,interpolation,0 days 00:00:55.690000,55.69,3158.372,1.0
2024-03-01 16:39:14.145,0 days 00:52:38.472000,1586.2530251629776,1656.6278152819273,-139.00000000038438,,299.0,10676.0,100.0,0,12,8,3191.162777777778,0.5945761025163444,55,527.8227777777774,interpolation,0 days 00:00:55.790000,55.79,3158.472,1.0
2024-03-01 16:39:14.245,0 days 00:52:38.572000,1579.3032212943735,1516.5183199173944,-139.0000000008505,,299.5,10703.5,100.0,0,12,8,3200.9743460760237,0.5964041897825183,55,526.6283333333329,interpolation,0 days 00:00:55.890000,55.89,3158.572,1.0
2024-03-01 16:39:14.345,0 days 00:52:38.672000,1574.0,1408.0,-139.0,,300.0,10731.0,100.0,0,12,8,3207.829444444445,0.597681428818598,55,525.4338888888883,interpolation,0 days 00:00:55.990000,55.99,3158.672,1.0
2024-03-01 16:39:14.445,0 days 00:52:38.772000,1570.8182607826664,1340.1275568517817,-138.99999999759987,,301.0,10737.666666666666,100.0,0,12,8,3213.4331441991017,0.5987255077928821,55,524.4561111111107,interpolation,0 days 00:00:56.090000,56.09,3158.772,1.0
2024-03-01 16:39:14.545,0 days 00:52:38.872000,1569.3336463598364,1305.1987611116751,-138.99999999496671,,302.0,10744.333333333334,100.0,0,12,8,3218.579120028389,0.5996843038384888,55,523.478333333333,interpolation,0 days 00:00:56.190000,56.19,3158.872,1.0
2024-03-01 16:39:14.645,0 days 00:52:38.972000,1567.0,1257.0,-139.0,,303.0,10751.0,100.0,0,12,8,3228.0294444444444,0.6014450842969292,55,522.5005555555554,interpolation,0 days 00:00:56.290000,56.29,3158.972,1.0
2024-03-01 16:39:14.745,0 days 00:52:39.072000,1563.3929600751817,1187.8289652844605,-139.00000001401645,,304.0,10815.0,100.0,0,12,8,3241.540555555556,0.6039624688192894,55,520.5449999999992,interpolation,0 days 00:00:56.390000,56.39,3159.072,1.0
2024-03-01 16:39:14.845,0 days 00:52:39.172000,1559.0,1105.0,-139.0,,305.0,10836.333333333334,100.0,0,12,8,3252.8889532531966,0.6060768974908243,55,519.1524074074068,interpolation,0 days 00:00:56.490000,56.49,3159.172,1.0
2024-03-01 16:39:14.945,0 days 00:52:39.272000,1554.308593189075,1015.8274471815636,-138.9999999209346,,306.0,10857.666666666666,100.0,0,12,8,3261.3533369104007,0.6076539778830092,55,517.7598148148145,interpolation,0 days 00:00:56.590000,56.59,3159.272,1.0
2024-03-01 16:39:15.045,0 days 00:52:39.372000,1549.0,919.0,-139.0,,307.0,10879.0,100.0,0,12,8,3268.8294444444446,0.6090469230848459,55,516.3672222222222,interpolation,0 days 00:00:56.690000,56.69,3159.372,1.0
2024-03-01 16:39:15.145,0 days 00:52:39.472000,1542.755480790367,813.2063516261586,-139.00000046037596,,307.0,10873.0,100.0,0,12,8,3275.633233792575,0.6103146022459103,55,515.3672222222222,interpolation,0 days 00:00:56.790000,56.79,3159.472,1.0
2024-03-01 16:39:15.245,0 days 00:52:39.572000,1537.0,715.0,-139.0,,307.0,10867.0,100.0,0,12,8,3282.4738888888887,0.611589150217624,55,514.3672222222222,interpolation,0 days 00:00:56.890000,56.89,3159.572,1.0
2024-03-01 16:39:15.345,0 days 00:52:39.672000,1533.158522068722,640.9344430614847,-138.9999973168097,,307.3333333333333,10888.333333333334,95.33333333333333,0,10,8,3290.0605936674874,0.6130027018514088,55,513.2264814814813,interpolation,0 days 00:00:56.990000,56.99,3159.672,1.0
2024-03-01 16:39:15.445,0 days 00:52:39.772000,1530.0,578.0,-139.0,,307.6666666666667,10909.666666666666,90.66666666666667,0,10,8,3298.2774913076805,0.6145336707533099,55,512.0857407407406,interpolation,0 days 00:00:57.090000,57.09,3159.772,1.0
2024-03-01 16:39:15.545,0 days 00:52:39.872000,1526.2933867973002,513.1869900049337,-139.00001563876583,,308.0,10931.0,86.0,0,10,8,3306.4294444444445,0.6160525392227297,55,510.9449999999997,interpolation,0 days 00:00:57.190000,57.19,3159.872,1.0
2024-03-01 16:39:15.645,0 days 00:52:39.972000,1522.23469568635,441.39258796825146,-139.00003470162758,,295.5,10748.5,43.0,0,8,8,3314.4005974434594,0.6175377210867574,55,510.4172222222219,interpolation,0 days 00:00:57.290000,57.29,3159.972,0.0
2024-03-01 16:39:15.745,0 days 00:52:40.072000,1519.0,332.0,-139.0,,283.0,10566.0,0.0,0,8,8,3322.151666666667,0.6189818970345223,55,509.88944444444405,interpolation,0 days 00:00:57.390000,57.39,3160.072,0.0
2024-03-01 16:39:15.845,0 days 00:52:40.172000,1517.0,195.0,-139.0,,269.0,10550.666666666666,0.0,1,8,8,3329.643368476013,0.6203777477551543,55,510.6598148148141,interpolation,0 days 00:00:57.490000,57.49,3160.172,0.0
2024-03-01 16:39:15.945,0 days 00:52:40.272000,1517.522823350249,120.9534048272368,-139.00062268361017,,255.0,10535.333333333334,0.0,1,8,8,3336.845171757461,0.6217195847043666,55,511.4301851851842,interpolation,0 days 00:00:57.590000,57.59,3160.272,0.0
2024-03-01 16:39:16.045,0 days 00:52:40.372000,1520.0,79.0,-139.0,,241.0,10520.0,0.0,1,8,8,3343.5738888888895,0.6229732764416855,55,512.2005555555543,interpolation,0 days 00:00:57.690000,57.69,3160.372,0.0
2024-03-01 16:39:16.145,0 days 00:52:40.472000,1523.6483730537236,23.186178838513406,-138.99616590184365,,228.0,10772.5,0.0,1,8,8,3349.7989884436247,0.6241331343645735,55,513.6727777777767,interpolation,0 days 00:00:57.790000,57.79,3160.472,0.0
2024-03-01 16:39:16.245,0 days 00:52:40.572000,1532.0,-48.0,-139.0,,215.0,11025.0,0.0,1,8,8,3355.518333333334,0.6251987602916339,55,515.1449999999991,interpolation,0 days 00:00:57.890000,57.89,3160.572,0.0
2024-03-01 16:39:16.345,0 days 00:52:40.672000,1548.5869383274098,-136.07047785831725,-139.02238190532805,,207.0,11113.666666666666,0.0,1,8,8,3360.729786469685,0.6261697560414703,55,517.1672222222213,interpolation,0 days 00:00:57.990000,57.99,3160.672,0.0
2024-03-01 16:39:16.445,0 days 00:52:40.772000,1566.0,-218.0,-139.0,,199.0,11202.333333333334,0.0,1,8,8,3365.516111624798,0.6270615421251889,55,519.1894444444434,interpolation,0 days 00:00:58.090000,58.09,3160.772,0.0
2024-03-01 16:39:16.545,0 days 00:52:40.872000,1576.8299969818186,-270.76331168861,-138.86954266618812,,191.0,11291.0,0.0,1,8,8,3370.3738888888897,0.6279666411357092,55,521.2116666666657,interpolation,0 days 00:00:58.190000,58.19,3160.872,0.0
2024-03-01 16:39:16.645,0 days 00:52:40.972000,1581.076929272865,-294.3604129241471,-138.6310099038924,,187.0,11035.5,0.0,1,8,6,3375.385881186583,0.6289004734262322,55,523.65611111111,interpolation,0 days 00:00:58.290000,58.29,3160.972,0.0
2024-03-01 16:39:16.745,0 days 00:52:41.072000,1581.1280135750098,-295.305098869518,-138.3137232311674,,183.0,10780.0,0.0,1,8,6,3380.5405555555567,0.629860890180084,55,526.1005555555544,interpolation,0 days 00:00:58.390000,58.39,3161.072,0.0
2024-03-01 16:39:16.845,0 days 00:52:41.172000,1591.3066234350233,-312.6803406066321,-138.09361265710044,,180.75,10547.0,0.0,1,8,4,3385.826379033495,0.6308457425805907,55,529.1561111111099,interpolation,0 days 00:00:58.490000,58.49,3161.172,0.0
2024-03-01 16:39:16.945,0 days 00:52:41.272000,1614.0,-353.0,-138.0,,178.5,10314.0,0.0,1,8,4,3391.2433516203955,0.631855030627752,55,532.2116666666655,interpolation,0 days 00:00:58.590000,58.59,3161.272,0.0
2024-03-01 16:39:17.045,0 days 00:52:41.372000,1647.0,-411.0,-138.0,,176.25,10081.0,0.0,1,8,4,3396.625592841544,0.6328578475414981,55,535.267222222221,interpolation,0 days 00:00:58.690000,58.69,3161.372,0.0
2024-03-01 16:39:17.145,0 days 00:52:41.472000,1677.0578316493138,-455.0960400207978,-137.8963021081356,,174.0,9848.0,0.0,1,8,4,3401.807222222223,0.6338232865417593,55,538.3227777777765,interpolation,0 days 00:00:58.790000,58.79,3161.472,0.0
2024-03-01 16:39:17.245,0 days 00:52:41.572000,1703.5517543796682,-482.60364231173617,-137.62500375325027,,170.5,9819.5,5.25,1,8,4,3406.7882397624335,0.6347513476285354,55,541.4538194444432,interpolation,0 days 00:00:58.890000,58.89,3161.572,0.0
2024-03-01 16:39:17.345,0 days 00:52:41.672000,1736.0,-509.0,-137.0,,167.0,9791.0,10.5,1,8,4,3411.5686454621746,0.6356420308018265,55,544.5848611111098,interpolation,0 days 00:00:58.990000,58.99,3161.672,0.0
2024-03-01 16:39:17.445,0 days 00:52:41.772000,1775.9889323562552,-536.864632066271,-135.9902735179701,,163.5,9762.5,15.75,1,8,4,3415.9016728752736,0.6364493586414833,55,547.7159027777765,interpolation,0 days 00:00:59.090000,59.09,3161.772,0.0
2024-03-01 16:39:17.545,0 days 00:52:41.872000,1819.0,-563.0,-135.0,,160.0,9734.0,21.0,1,8,4,3419.5405555555567,0.6371273537273572,55,550.8469444444431,interpolation,0 days 00:00:59.190000,59.19,3161.872,0.0
2024-03-01 16:39:17.645,0 days 00:52:41.972000,1860.5146514828002,-584.2085652906374,-134.43335513892902,,159.33333333333334,9816.333333333334,37.333333333333336,0,8,4,3422.485293503023,0.6376760160594479,55,552.6913888888874,interpolation,0 days 00:00:59.290000,59.29,3161.972,0.0
2024-03-01 16:39:17.745,0 days 00:52:42.072000,1901.0,-602.0,-134.0,,158.66666666666666,9898.666666666666,53.66666666666667,0,8,4,3425.156057915638,0.6381736317581049,55,554.5358333333317,interpolation,0 days 00:00:59.390000,59.39,3162.072,0.0
2024-03-01 16:39:17.845,0 days 00:52:42.172000,1940.9231587469421,-617.8839761899051,-133.4095956484556,,158.0,9981.0,70.0,0,8,4,3430.07388888889,0.6390899199503814,55,556.380277777776,car,0 days 00:00:59.490000,59.49,3162.172,0.0
2024-03-01 16:39:17.945,0 days 00:52:42.272000,1980.3860266058052,-631.8683212768188,-132.68907095820933,,159.0,10111.0,70.0,0,8,4,3437.1405555555566,0.6404065783025369,55,559.4024999999988,interpolation,0 days 00:00:59.590000,59.59,3162.272,0.0
2024-03-01 16:39:18.045,0 days 00:52:42.372000,2020.0,-644.0,-132.0,,161.25,10246.5,73.5,0,8,4,3443.2456037835727,0.6415440683128758,55,560.0413888888876,interpolation,0 days 00:00:59.690000,59.69,3162.372,0.0
2024-03-01 16:39:18.145,0 days 00:52:42.472000,2059.8669788551547,-654.2868398560681,-131.36931192349414,,163.5,10382.0,77.0,0,8,4,3447.870621896668,0.6424057997365755,55,560.6802777777764,interpolation,0 days 00:00:59.790000,59.79,3162.472,0.0
2024-03-01 16:39:18.245,0 days 00:52:42.572000,2100.724748695308,-662.5815066791392,-130.76555279737465,,165.75,10517.5,80.5,0,8,4,3451.797273505874,0.6431374118078867,55,561.3191666666652,interpolation,0 days 00:00:59.890000,59.89,3162.572,0.0
2024-03-01 16:39:18.345,0 days 00:52:42.672000,2147.0,-668.0,-130.0,,168.0,10653.0,84.0,0,8,4,3455.807222222223,0.6438845437610607,55,561.958055555554,interpolation,0 days 00:00:59.990000,59.99,3162.672,0.0
2024-03-01 16:39:18.445,0 days 00:52:42.772000,2199.4305107383866,-670.3949871614611,-129.04119992213978,,171.2,10798.2,87.2,0,8,4,3459.9004680457138,0.6446471955960973,55,561.5424999999984,interpolation,0 days 00:01:00.090000,60.09,3162.772,0.0
2024-03-01 16:39:18.545,0 days 00:52:42.872000,2252.0,-670.0,-128.0,,174.4,10943.4,90.4,0,8,4,3464.077010976347,0.6454253673129966,55,561.1269444444428,interpolation,0 days 00:01:00.190000,60.19,3162.872,0.0
2024-03-01 16:39:18.645,0 days 00:52:42.972000,2298.6921868743757,-667.0485703520949,-126.98724766978673,,177.6,11088.6,93.6,0,8,4,3468.384438757043,0.6462279254399436,55,560.7113888888872,interpolation,0 days 00:01:00.290000,60.29,3162.972,0.0
2024-03-01 16:39:18.745,0 days 00:52:43.072000,2341.679880227031,-661.1544346920904,-125.99771119545325,,180.8,11233.8,96.8,0,8,4,3473.108276383424,0.6471080688736701,55,560.2958333333315,interpolation,0 days 00:01:00.390000,60.39,3163.072,0.0
2024-03-01 16:39:18.845,0 days 00:52:43.172000,2394.0,-650.0,-125.0,,184.0,11379.0,100.0,0,8,4,3478.296111111112,0.6480746640515682,55,559.880277777776,car,0 days 00:01:00.490000,60.49,3163.172,0.0
2024-03-01 16:39:18.945,0 days 00:52:43.272000,2455.0,-634.0,-124.0,,186.5,11548.25,100.0,0,8,4,3483.947942940109,0.6491277109736381,55,558.7191666666649,interpolation,0 days 00:01:00.590000,60.59,3163.272,0.0
2024-03-01 16:39:19.045,0 days 00:52:43.372000,2507.7275295802847,-617.9604665300751,-123.06441777414868,,189.0,11717.5,100.0,0,8,4,3490.063771870414,0.6502672096398796,55,557.5580555555539,interpolation,0 days 00:01:00.690000,60.69,3163.372,0.0
2024-03-01 16:39:19.145,0 days 00:52:43.472000,2557.0,-600.0,-122.0,,191.5,11886.75,100.0,0,8,4,3496.223548198846,0.6514148965668003,55,556.3969444444429,interpolation,0 days 00:01:00.790000,60.79,3163.472,0.0
2024-03-01 16:39:19.245,0 days 00:52:43.572000,2610.460228758783,-577.4361914120645,-120.60237553506903,,194.0,12056.0,100.0,0,8,4,3502.007222222223,0.6524925082709075,55,555.2358333333318,interpolation,0 days 00:01:00.890000,60.89,3163.572,0.0
2024-03-01 16:39:19.345,0 days 00:52:43.672000,2668.0,-549.0,-119.0,,197.33333333333334,11646.0,100.0,0,8,4,3507.414793940547,0.6535000447522016,55,553.8048148148135,interpolation,0 days 00:01:00.990000,60.99,3163.672,0.0
2024-03-01 16:39:19.445,0 days 00:52:43.772000,2729.5110978670173,-513.4223849975374,-117.32132901543707,,200.66666666666666,11236.0,100.0,0,8,4,3512.538366456362,0.6544546666218934,55,552.3737962962952,interpolation,0 days 00:01:01.090000,61.09,3163.772,0.0
2024-03-01 16:39:19.545,0 days 00:52:43.872000,2792.4993893755664,-472.72079682715395,-115.5957957367115,,204.0,10826.0,100.0,0,8,4,3517.930555555556,0.6554593370200805,55,550.9427777777769,interpolation,0 days 00:01:01.190000,61.19,3163.872,0.0
2024-03-01 16:39:19.645,0 days 00:52:43.972000,2842.0,-439.0,-114.0,,206.0,10913.666666666666,100.0,0,8,4,3523.683463397544,0.6565312163822503,55,548.9872222222215,interpolation,0 days 00:01:01.290000,61.29,3163.972,0.0
2024-03-01 16:39:19.745,0 days 00:52:44.072000,2875.518771215997,-414.277465597351,-112.56337526203092,,208.0,11001.333333333334,100.0,0,8,4,3529.8332884045813,0.6576770491831669,55,547.031666666666,interpolation,0 days 00:01:01.390000,61.39,3164.072,0.0
2024-03-01 16:39:19.845,0 days 00:52:44.172000,2896.321181344942,-396.2390541574635,-111.26729492785677,,210.0,11089.0,100.0,0,8,4,3536.5972222222226,0.6589373024786044,55,545.0761111111105,interpolation,0 days 00:01:01.490000,61.49,3164.172,0.0
2024-03-01 16:39:19.945,0 days 00:52:44.272000,2924.0,-371.0,-110.0,,213.5,11162.0,100.0,0,8,5,3544.011463643399,0.6603187208123905,55,542.7094444444438,interpolation,0 days 00:01:01.590000,61.59,3164.272,0.0
2024-03-01 16:39:20.045,0 days 00:52:44.372000,2961.8206720642297,-336.2461873598843,-108.74286407424859,,217.0,11235.0,100.0,0,8,5,3551.0638888888893,0.6616327257089605,55,540.342777777777,interpolation,0 days 00:01:01.690000,61.69,3164.372,0.0
2024-03-01 16:39:20.145,0 days 00:52:44.472000,3010.0,-286.0,-107.0,,218.66666666666666,11343.0,100.0,0,8,5,3556.7423741794755,0.6626907386927494,55,538.653888888888,interpolation,0 days 00:01:01.790000,61.79,3164.472,0.0
2024-03-01 16:39:20.245,0 days 00:52:44.572000,3068.754786269678,-214.28382168323105,-104.27552062665168,,220.33333333333334,11451.0,100.0,0,8,5,3561.2565162297956,0.6635318117352075,55,536.9649999999989,interpolation,0 days 00:01:01.890000,61.89,3164.572,0.0
2024-03-01 16:39:20.345,0 days 00:52:44.672000,3134.308295563368,-126.93746667860563,-100.80479004164083,,222.0,11559.0,100.0,0,8,5,3565.8638888888895,0.6643902554653617,55,535.2761111111099,interpolation,0 days 00:01:01.990000,61.99,3164.672,0.0
2024-03-01 16:39:20.445,0 days 00:52:44.772000,3184.0,-59.0,-98.0,,223.75,11655.75,100.0,0,8,5,3570.7740867251355,0.6653051214547714,55,533.2761111111099,interpolation,0 days 00:01:02.090000,62.09,3164.772,0.0
2024-03-01 16:39:20.545,0 days 00:52:44.872000,3214.053125595711,-16.311295716446768,-96.09651699930697,,225.5,11752.5,100.0,0,8,5,3575.9871097385344,0.666276409703437,55,531.2761111111099,interpolation,0 days 00:01:02.190000,62.19,3164.872,0.0
2024-03-01 16:39:20.645,0 days 00:52:44.972000,3224.4676723505013,1.1286461720540948,-95.09434103956175,,227.25,11849.25,100.0,0,8,5,3582.499633438221,0.6674898203717583,55,529.2761111111099,interpolation,0 days 00:01:02.290000,62.29,3164.972,0.0
2024-03-01 16:39:20.745,0 days 00:52:45.072000,3231.898382930041,19.00426497452791,-94.04499456003565,,229.0,11946.0,100.0,0,8,5,3591.308333333334,0.6691310536201354,55,527.2761111111099,interpolation,0 days 00:01:02.390000,62.39,3165.072,0.0
2024-03-01 16:39:20.845,0 days 00:52:45.172000,3253.0,63.0,-92.0,,233.0,11946.0,100.0,0,8,5,3601.6638888888892,0.6710604963626021,55,524.164999999999,interpolation,0 days 00:01:02.490000,62.49,3165.172,0.0
2024-03-01 16:39:20.945,0 days 00:52:45.272000,3287.0,133.0,-89.0,,234.5,11666.0,100.0,0,8,5,3609.0703999140433,0.6724404743722627,55,522.3594444444434,interpolation,0 days 00:01:02.590000,62.59,3165.272,0.0
2024-03-01 16:39:21.045,0 days 00:52:45.372000,3329.263217835762,228.30915392474327,-85.28885165185332,,236.0,11386.0,100.0,0,8,5,3614.7750000000005,0.6735033530537083,55,520.5538888888877,interpolation,0 days 00:01:02.690000,62.69,3165.372,0.0
2024-03-01 16:39:21.145,0 days 00:52:45.472000,3376.210274661253,341.3108164706658,-81.14552618975789,,237.0,11228.333333333334,100.0,0,8,6,3620.774135599944,0.674621109467866,55,519.0242592592581,interpolation,0 days 00:01:02.790000,62.79,3165.472,0.0
2024-03-01 16:39:21.245,0 days 00:52:45.572000,3411.0,427.0,-78.0,,238.0,11070.666666666666,100.0,0,8,6,3627.035348330539,0.6757876959824451,55,517.4946296296284,interpolation,0 days 00:01:02.890000,62.89,3165.572,0.0
2024-03-01 16:39:21.345,0 days 00:52:45.672000,3430.8255177347633,477.87583483546246,-76.09060370054264,,239.0,10913.0,100.0,0,8,6,3633.3638888888895,0.6769668269894884,55,515.9649999999988,interpolation,0 days 00:01:02.990000,62.99,3165.672,0.0
2024-03-01 16:39:21.445,0 days 00:52:45.772000,3438.2886222582683,499.91751267209446,-75.19731423231751,,240.66666666666666,10947.333333333334,100.0,0,8,6,3639.7272992240305,0.6781524549186332,55,514.513148148147,interpolation,0 days 00:01:03.090000,63.09,3165.772,0.0
2024-03-01 16:39:21.545,0 days 00:52:45.872000,3449.0,529.0,-74.0,,242.33333333333334,10981.666666666666,100.0,0,8,6,3646.1014613562847,0.6793400861180799,55,513.0612962962952,interpolation,0 days 00:01:03.190000,63.19,3165.872,0.0
2024-03-01 16:39:21.645,0 days 00:52:45.972000,3465.561418710443,571.1024272876107,-72.2786401975464,,244.0,11016.0,100.0,0,8,6,3652.341666666667,0.6805027585389877,55,511.6094444444434,interpolation,0 days 00:01:03.290000,63.29,3165.972,0.0
2024-03-01 16:39:21.745,0 days 00:52:46.072000,3488.1690578269186,625.9617841280105,-70.11503633660315,,245.66666666666666,11083.0,100.0,0,8,6,3658.4237969285296,0.6816359784835413,55,510.41685185185105,interpolation,0 days 00:01:03.390000,63.39,3166.072,0.0
2024-03-01 16:39:21.845,0 days 00:52:46.172000,3518.0,692.0,-68.0,,247.33333333333334,11150.0,100.0,0,8,6,3664.5250195273393,0.6827727557042605,55,509.22425925925864,interpolation,0 days 00:01:03.490000,63.49,3166.172,0.0
2024-03-01 16:39:21.945,0 days 00:52:46.272000,3554.0,766.0,-66.0,,249.0,11217.0,100.0,0,8,6,3671.7083333333335,0.6841111477022063,55,508.0316666666663,interpolation,0 days 00:01:03.590000,63.59,3166.272,0.0
2024-03-01 16:39:22.045,0 days 00:52:46.372000,3588.666459358294,830.2373225583855,-64.02303464334393,,250.0,11264.666666666666,100.0,0,8,6,3680.1509039177927,0.6856841638918794,55,506.7649999999996,interpolation,0 days 00:01:03.690000,63.69,3166.372,0.0
2024-03-01 16:39:22.145,0 days 00:52:46.472000,3621.165888537049,883.2510195041706,-62.04352507340517,,251.0,11312.333333333334,100.0,0,8,6,3689.4187903076,0.6874109525742333,55,505.4983333333328,interpolation,0 days 00:01:03.790000,63.79,3166.472,0.0
2024-03-01 16:39:22.245,0 days 00:52:46.572000,3654.0,934.0,-60.0,,252.0,11360.0,100.0,0,8,6,3696.9083333333333,0.6888064010712135,55,504.2316666666661,interpolation,0 days 00:01:03.890000,63.89,3166.572,0.0
2024-03-01 16:39:22.345,0 days 00:52:46.672000,3687.585747959236,983.9774232179298,-57.882214155642224,,253.0,11390.666666666666,100.0,0,8,6,3702.1855875782967,0.6897896568558473,55,503.43166666666593,interpolation,0 days 00:01:03.990000,63.99,3166.672,0.0
2024-03-01 16:39:22.445,0 days 00:52:46.772000,3736.0,1049.0,-55.0,,254.0,11421.333333333334,100.0,0,8,6,3706.1177897368043,0.6905223031031629,55,502.63166666666575,interpolation,0 days 00:01:04.090000,64.09,3166.772,0.0
2024-03-01 16:39:22.545,0 days 00:52:46.872000,3807.0,1137.0,-51.0,,255.0,11452.0,100.0,0,8,6,3713.9083333333333,0.6919738338995122,55,501.83166666666557,interpolation,0 days 00:01:04.190000,64.19,3166.872,0.0
2024-03-01 16:39:22.645,0 days 00:52:46.972000,3862.6678115745017,1200.6705338775637,-47.90308454603187,,256.0,11452.0,100.0,0,8,6,3725.286111111111,0.6940937366551838,55,500.45388888888783,interpolation,0 days 00:01:04.290000,64.29,3166.972,0.0
2024-03-01 16:39:22.745,0 days 00:52:47.072000,3899.6784245047543,1236.197106093905,-45.88729567571195,,256.5,11519.5,100.0,0,8,6,3733.4211476158885,0.6956094532248684,55,499.6483333333324,interpolation,0 days 00:01:04.390000,64.39,3167.072,0.0
2024-03-01 16:39:22.845,0 days 00:52:47.172000,3936.0,1268.0,-44.0,,257.0,11587.0,100.0,0,8,6,3739.563888888889,0.6967539661874477,55,498.842777777777,interpolation,0 days 00:01:04.490000,64.49,3167.172,0.0
2024-03-01 16:39:22.945,0 days 00:52:47.272000,3974.6272469279684,1300.1492836596888,-42.082424474474124,,257.3333333333333,11544.333333333334,100.0,0,8,6,3746.1031043854787,0.6979723500601075,55,498.2464814814809,interpolation,0 days 00:01:04.590000,64.59,3167.272,0.0
2024-03-01 16:39:23.045,0 days 00:52:47.372000,4019.0,1334.0,-40.0,,257.6666666666667,11501.666666666666,100.0,0,8,6,3752.956526881087,0.6992492768482718,55,497.65018518518474,interpolation,0 days 00:01:04.690000,64.69,3167.372,0.0
2024-03-01 16:39:23.145,0 days 00:52:47.472000,4072.5580939274373,1370.907191947963,-37.61815747744333,,258.0,11459.0,100.0,0,8,6,3759.6305555555555,0.7004927790553609,55,497.05388888888865,interpolation,0 days 00:01:04.790000,64.79,3167.472,0.0
2024-03-01 16:39:23.245,0 days 00:52:47.572000,4136.387054154579,1410.6607473789702,-34.941761558066254,,258.6666666666667,11121.0,100.0,0,8,6,3766.042924026729,0.7016875288437575,55,496.58722222222195,interpolation,0 days 00:01:04.890000,64.89,3167.572,0.0
2024-03-01 16:39:23.345,0 days 00:52:47.672000,4217.0,1452.0,-32.0,,259.3333333333333,10783.0,100.0,0,8,6,3772.390309114236,0.7028701709555235,55,496.12055555555526,interpolation,0 days 00:01:04.990000,64.99,3167.672,0.0
2024-03-01 16:39:23.445,0 days 00:52:47.772000,4315.482445792277,1494.7148398379825,-28.79773740469293,,260.0,10445.0,100.0,0,8,6,3779.8527777777776,0.7042605749687618,55,495.65388888888856,interpolation,0 days 00:01:05.090000,65.09,3167.772,0.0
2024-03-01 16:39:23.545,0 days 00:52:47.872000,4405.0,1531.0,-26.0,,260.0,10472.5,100.0,0,8,7,3788.627008850964,0.7058953860007788,55,495.25388888888847,interpolation,0 days 00:01:05.190000,65.19,3167.872,0.0
2024-03-01 16:39:23.645,0 days 00:52:47.972000,4458.718271091759,1553.0502135931363,-24.271814013776172,,260.0,10500.0,100.0,0,8,7,3797.1861111111107,0.7074901143231055,55,494.8538888888884,interpolation,0 days 00:01:05.290000,65.29,3167.972,0.0
2024-03-01 16:39:23.745,0 days 00:52:48.072000,4485.997564459003,1563.0381619709729,-23.388280625152497,,260.75,10515.5,100.0,0,8,7,3804.003193335533,0.7087602702072728,55,494.58722222222184,interpolation,0 days 00:01:05.390000,65.39,3168.072,0.0
2024-03-01 16:39:23.845,0 days 00:52:48.172000,4543.0,1574.0,-22.0,,261.5,10531.0,100.0,0,8,7,3809.0782555242313,0.7097058536532812,55,494.3205555555553,interpolation,0 days 00:01:05.490000,65.49,3168.172,0.0
2024-03-01 16:39:23.945,0 days 00:52:48.272000,4639.08597895622,1588.1084312821708,-19.88207101447403,,262.25,10546.5,100.0,0,8,7,3814.0516899508143,0.7106325018575254,55,494.05388888888876,interpolation,0 days 00:01:05.590000,65.59,3168.272,0.0
2024-03-01 16:39:24.045,0 days 00:52:48.372000,4765.087851467265,1604.2784439355523,-17.205908924525357,,263.0,10562.0,100.0,0,8,7,3820.563888888889,0.7118458520163998,55,493.7872222222222,interpolation,0 days 00:01:05.690000,65.69,3168.372,0.0
2024-03-01 16:39:24.145,0 days 00:52:48.472000,4866.0,1616.0,-15.0,,263.3333333333333,10588.333333333334,100.0,0,8,7,3828.614852338458,0.7133459041299054,55,493.5877777777776,interpolation,0 days 00:01:05.790000,65.79,3168.472,0.0
2024-03-01 16:39:24.245,0 days 00:52:48.572000,4932.654868570285,1622.1880987040465,-13.435757741565507,,263.6666666666667,10614.666666666666,100.0,0,8,7,3837.933188571335,0.7150820926057372,55,493.38833333333304,interpolation,0 days 00:01:05.890000,65.89,3168.572,0.0
2024-03-01 16:39:24.345,0 days 00:52:48.672000,4965.052457178117,1622.8427400476912,-12.51318214922187,,264.0,10641.0,100.0,0,8,7,3846.8905555555552,0.7167510254434394,55,493.1888888888884,interpolation,0 days 00:01:05.990000,65.99,3168.672,0.0
2024-03-01 16:39:24.445,0 days 00:52:48.772000,4999.173817196891,1615.3260113674905,-11.834015482267304,,264.6666666666667,10669.666666666666,100.0,0,8,7,3855.2155643419737,0.7183021375684968,55,493.0999999999996,interpolation,0 days 00:01:06.090000,66.09,3168.772,0.0
2024-03-01 16:39:24.545,0 days 00:52:48.872000,5071.0,1597.0,-11.0,,265.3333333333333,10698.333333333334,100.0,0,8,7,3862.9711583466974,0.7197471565716449,55,493.0111111111108,interpolation,0 days 00:01:06.190000,66.19,3168.872,0.0
2024-03-01 16:39:24.645,0 days 00:52:48.972000,5180.531005587445,1567.8647059452196,-10.011135702419963,,266.0,10727.0,100.0,0,8,7,3870.5350000000003,0.7211564483575699,55,492.922222222222,interpolation,0 days 00:01:06.290000,66.29,3168.972,0.0
2024-03-01 16:39:24.745,0 days 00:52:49.072000,5293.0,1536.0,-9.0,,266.5,10728.5,100.0,0,8,7,3877.9700333625337,0.7225417406370984,55,492.8944444444444,interpolation,0 days 00:01:06.390000,66.39,3169.072,0.0
2024-03-01 16:39:24.845,0 days 00:52:49.172000,5373.640149278437,1509.4857529611916,-8.099170303212913,,267.0,10730.0,100.0,0,8,7,3885.368333333333,0.7239201887665754,55,492.8666666666668,interpolation,0 days 00:01:06.490000,66.49,3169.172,0.0
2024-03-01 16:39:24.945,0 days 00:52:49.272000,5422.4514534227565,1488.321964828794,-7.308646612058703,,267.6666666666667,10730.666666666666,100.0,0,8,7,3892.8219748114343,0.7253089481023464,55,492.8666666666668,interpolation,0 days 00:01:06.590000,66.59,3169.272,0.0
2024-03-01 16:39:25.045,0 days 00:52:49.372000,5458.787030855698,1468.4971942819993,-6.613799614875141,,268.3333333333333,10731.333333333334,100.0,0,8,7,3900.152654217788,0.7266747971967826,55,492.8666666666668,interpolation,0 days 00:01:06.690000,66.69,3169.372,0.0
2024-03-01 16:39:25.145,0 days 00:52:49.472000,5502.0,1446.0,-6.0,,269.0,10732.0,100.0,0,8,7,3906.2905555555553,0.727818408384671,55,492.8666666666668,interpolation,0 days 00:01:06.790000,66.79,3169.472,0.0
2024-03-01 16:39:25.245,0 days 00:52:49.572000,5552.090360855663,1420.830381982796,-5.467247767433282,,269.0,10773.0,100.0,0,8,7,3911.0573770715073,0.7287065605585691,55,492.9111111111115,interpolation,0 days 00:01:06.890000,66.89,3169.572,0.0
2024-03-01 16:39:25.345,0 days 00:52:49.672000,5610.0,1392.0,-5.0,,269.0,10814.0,100.0,0,8,7,3918.2461111111115,0.7300459624521544,55,492.9555555555562,interpolation,0 days 00:01:06.990000,66.99,3169.672,0.0
2024-03-01 16:39:25.445,0 days 00:52:49.772000,5676.670804010326,1358.5205138212257,-4.582713780525171,,271.0,10849.0,100.0,0,8,7,3930.290555555556,0.7322900782599161,55,493.04444444444516,interpolation,0 days 00:01:07.090000,67.09,3169.772,0.0
2024-03-01 16:39:25.545,0 days 00:52:49.872000,5752.403226680094,1320.4347867584163,-4.226719516395219,,272.0,10849.0,100.0,0,8,7,3939.0355853734827,0.733919448526372,55,493.1000000000008,interpolation,0 days 00:01:07.190000,67.19,3169.872,0.0
2024-03-01 16:39:25.645,0 days 00:52:49.972000,5839.0,1278.0,-4.0,,273.0,10849.0,100.0,0,8,7,3945.4572222222228,0.7351159251949669,55,493.1555555555565,interpolation,0 days 00:01:07.290000,67.29,3169.972,0.0
2024-03-01 16:39:25.745,0 days 00:52:50.072000,5936.761580840161,1231.2590172968423,-3.913885754749904,,268.25,10569.0,75.0,0,8,7,3951.890668305311,0.7363146021551237,55,493.73215277777877,interpolation,0 days 00:01:07.390000,67.39,3170.072,0.0
2024-03-01 16:39:25.845,0 days 00:52:50.172000,6028.0,1188.0,-4.0,,263.5,10289.0,50.0,0,8,7,3958.335923622746,0.7375154794068419,55,494.30875000000106,interpolation,0 days 00:01:07.490000,67.49,3170.172,0.0
2024-03-01 16:39:25.945,0 days 00:52:50.272000,6095.027288278943,1156.01110946053,-4.289965955105361,,258.75,10009.0,25.0,0,8,7,3964.7094671288087,0.7387029953441178,55,494.88534722222334,interpolation,0 days 00:01:07.590000,67.59,3170.272,0.0
2024-03-01 16:39:26.045,0 days 00:52:50.372000,6140.793625503111,1133.7541505776655,-4.730288660261381,,254.0,9729.0,0.0,0,8,7,3970.9277777777775,0.7398615883609473,55,495.46194444444563,interpolation,0 days 00:01:07.690000,67.69,3170.372,0.0
2024-03-01 16:39:26.145,0 days 00:52:50.472000,6183.0,1112.0,-5.0,,243.0,9874.5,0.0,1,8,7,3976.990855569652,0.7409912584573304,55,497.4341666666679,interpolation,0 days 00:01:07.790000,67.79,3170.472,0.0
2024-03-01 16:39:26.245,0 days 00:52:50.572000,6224.596561386041,1089.2104783778036,-5.045605562302195,,232.0,10020.0,0.0,1,8,7,3982.8987005044346,0.7420920056332673,55,499.4063888888902,interpolation,0 days 00:01:07.890000,67.89,3170.572,0.0
2024-03-01 16:39:26.345,0 days 00:52:50.672000,6265.58772688776,1065.4383275310709,-4.9266052157858,,221.0,10165.5,0.0,1,8,7,3988.6544174092205,0.7431644083788328,55,501.3786111111125,interpolation,0 days 00:01:07.990000,67.99,3170.672,0.0
2024-03-01 16:39:26.445,0 days 00:52:50.772000,6306.0,1041.0,-5.0,,210.0,10311.0,0.0,1,8,7,3994.261111111111,0.7442090451841022,55,503.3508333333348,interpolation,0 days 00:01:08.090000,68.09,3170.772,0.0
2024-03-01 16:39:26.545,0 days 00:52:50.872000,6345.83779799452,1015.9482381446645,-5.325290392844403,,202.5,10296.0,0.0,1,8,7,3999.718781610103,0.7452259160490755,55,506.2675000000014,interpolation,0 days 00:01:08.190000,68.19,3170.872,0.0
2024-03-01 16:39:26.645,0 days 00:52:50.972000,6395.0,980.0,-6.0,,195.0,10281.0,0.0,1,8,7,4005.0274289061977,0.7462150209737526,55,509.18416666666803,interpolation,0 days 00:01:08.290000,68.29,3170.972,0.0
2024-03-01 16:39:26.745,0 days 00:52:51.072000,6457.0,929.0,-7.0,,187.5,10266.0,0.0,1,8,7,4009.9529173047495,0.7471327358942806,55,512.1008333333347,interpolation,0 days 00:01:08.390000,68.39,3171.072,0.0
2024-03-01 16:39:26.845,0 days 00:52:51.172000,6493.524690961027,899.7149647843304,-7.595372092782396,,180.0,10251.0,0.0,1,8,7,4014.2611111111114,0.7479354367468066,55,515.0175000000013,interpolation,0 days 00:01:08.490000,68.49,3171.172,0.0
2024-03-01 16:39:26.945,0 days 00:52:51.272000,6504.633889886914,890.5312681305084,-7.752543245037083,,175.0,10002.5,0.0,1,8,5,4017.9520103252835,0.7486231235313308,55,517.5952777777791,interpolation,0 days 00:01:08.590000,68.59,3171.272,0.0
2024-03-01 16:39:27.045,0 days 00:52:51.372000,6529.0,855.0,-8.0,,170.0,9754.0,0.0,1,8,5,4021.8166666666666,0.7493431846704948,55,520.1730555555569,interpolation,0 days 00:01:08.690000,68.69,3171.372,0.0
2024-03-01 16:39:27.145,0 days 00:52:51.472000,6573.068454837849,785.379635749912,-8.425823899186426,,165.66666666666666,9479.0,0.0,1,8,4,4026.6461318546617,0.7502430085869407,55,524.5730555555568,interpolation,0 days 00:01:08.790000,68.79,3171.472,0.0
2024-03-01 16:39:27.245,0 days 00:52:51.572000,6618.0,709.0,-9.0,,161.33333333333334,9204.0,0.0,1,8,4,4032.253425017284,0.751287757083481,55,528.9730555555567,interpolation,0 days 00:01:08.890000,68.89,3171.572,0.0
2024-03-01 16:39:27.345,0 days 00:52:51.672000,6644.955381085996,653.1909173700188,-9.692513359844366,,157.0,8929.0,0.0,1,8,4,4037.5166666666664,0.7522684020472176,55,533.3730555555567,interpolation,0 days 00:01:08.990000,68.99,3171.672,0.0
2024-03-01 16:39:27.445,0 days 00:52:51.772000,6653.934598095838,617.9523878599688,-10.503363978719523,,154.0,8840.333333333334,0.0,1,8,4,4042.2488778455004,0.7531501056377047,55,537.6100925925936,interpolation,0 days 00:01:09.090000,69.09,3171.772,0.0
2024-03-01 16:39:27.545,0 days 00:52:51.872000,6654.44651605776,591.9876644199344,-11.31253260823492,,151.0,8751.666666666666,0.0,1,8,4,4046.5113931700635,0.7539442956947723,55,541.8471296296306,interpolation,0 days 00:01:09.190000,69.19,3171.872,0.0
2024-03-01 16:39:27.645,0 days 00:52:51.972000,6656.0,564.0,-12.0,,148.0,8663.0,0.0,1,8,4,4050.6722222222215,0.7547195396084629,55,546.0841666666674,interpolation,0 days 00:01:09.290000,69.29,3171.972,0.0
2024-03-01 16:39:27.745,0 days 00:52:52.072000,6658.595049922556,533.9893946001658,-12.565766154014767,,146.25,8577.5,0.0,0,8,4,4054.792700246325,0.7554872653356293,55,550.278611111112,interpolation,0 days 00:01:09.390000,69.39,3172.072,0.0
2024-03-01 16:39:27.845,0 days 00:52:52.172000,6662.231665825428,501.9558482204318,-13.009831070279219,,144.5,8492.0,0.0,0,8,4,4058.8728272423705,0.7562474728762706,55,554.4730555555566,interpolation,0 days 00:01:09.490000,69.49,3172.172,0.0
2024-03-01 16:39:27.945,0 days 00:52:52.272000,6665.252448815587,469.1943777304819,-13.448980451404063,,142.75,8406.5,0.0,0,8,4,4062.769318395008,0.7569734654640377,55,558.6675000000012,interpolation,0 days 00:01:09.590000,69.59,3172.272,0.0
2024-03-01 16:39:28.045,0 days 00:52:52.372000,6666.0,437.0,-14.0,,141.0,8321.0,0.0,0,8,4,4066.3388888888885,0.7576385463325813,55,562.8619444444457,interpolation,0 days 00:01:09.690000,69.69,3172.372,0.0
2024-03-01 16:39:28.145,0 days 00:52:52.472000,6664.474319378671,405.3727150289865,-14.66288971606704,,140.0,8322.0,0.0,0,8,4,4069.581538724011,0.7582427154819016,55,566.2841666666679,interpolation,0 days 00:01:09.790000,69.79,3172.472,0.0
2024-03-01 16:39:28.245,0 days 00:52:52.572000,6660.941712002938,374.5548099371822,-15.401618404328625,,139.0,8323.0,0.0,0,8,4,4072.516666666666,0.7587895872819499,55,569.7063888888902,interpolation,0 days 00:01:09.890000,69.89,3172.572,0.0
2024-03-01 16:39:28.345,0 days 00:52:52.672000,6657.0,346.0,-16.0,,138.0,8454.5,25.0,0,8,4,4075.1636714831475,0.7592827761026786,55,573.195277777779,interpolation,0 days 00:01:09.990000,69.99,3172.672,0.0
2024-03-01 16:39:28.445,0 days 00:52:52.772000,6652.91548569425,319.95056985617384,-16.42200367676217,,137.0,8586.0,50.0,0,8,4,4078.605555555555,0.7599240664910398,55,576.6841666666678,interpolation,0 days 00:01:10.090000,70.09,3172.772,0.0
2024-03-01 16:39:28.545,0 days 00:52:52.872000,6641.0,280.0,-17.0,,138.0,8539.0,51.5,0,8,4,4083.925321265988,0.7609152429939858,55,582.7508333333344,interpolation,0 days 00:01:10.190000,70.19,3172.872,0.0
2024-03-01 16:39:28.645,0 days 00:52:52.972000,6616.0,216.0,-18.0,,139.0,8492.0,53.0,0,8,4,4089.416666666666,0.761938388152435,55,588.817500000001,interpolation,0 days 00:01:10.290000,70.29,3172.972,0.0
2024-03-01 16:39:28.745,0 days 00:52:53.072000,6592.523167913418,165.4997520493828,-19.023848504729933,,141.33333333333334,8757.0,62.66666666666667,0,8,4,4093.3732898098096,0.7626755845073055,55,592.1286111111121,interpolation,0 days 00:01:10.390000,70.39,3173.072,0.0
2024-03-01 16:39:28.845,0 days 00:52:53.172000,6572.510457604996,132.5604128318777,-20.011407295216085,,143.66666666666666,9022.0,72.33333333333334,0,8,4,4096.06937281757,0.7631779175559289,55,595.4397222222233,interpolation,0 days 00:01:10.490000,70.49,3173.172,0.0
2024-03-01 16:39:28.945,0 days 00:52:53.272000,6553.0,104.0,-21.0,,146.0,9287.0,82.0,0,8,4,4099.15,0.763751898712951,55,598.7508333333344,interpolation,0 days 00:01:10.590000,70.59,3173.272,0.0
2024-03-01 16:39:29.045,0 days 00:52:53.372000,6533.498152780103,77.6215277444414,-21.995847191989164,,148.5,9557.5,86.5,0,8,4,4102.889350671638,0.7644486129525903,55,602.6397222222231,interpolation,0 days 00:01:10.690000,70.69,3173.372,0.0
2024-03-01 16:39:29.145,0 days 00:52:53.472000,6513.2804418075575,52.71273127837603,-22.997914981647796,,151.0,9828.0,91.0,0,8,4,4107.287424832486,0.7652680602748468,55,606.5286111111118,interpolation,0 days 00:01:10.790000,70.79,3173.472,0.0
2024-03-01 16:39:29.245,0 days 00:52:53.572000,6488.0,25.0,-24.0,,153.5,10098.5,95.5,0,8,4,4111.950119910424,0.7661368116547415,55,610.4175000000005,interpolation,0 days 00:01:10.890000,70.89,3173.572,0.0
2024-03-01 16:39:29.345,0 days 00:52:53.672000,6456.9323458010385,-6.228938171141294,-25.00106834692292,,156.0,10369.0,100.0,0,8,4,4116.483333333333,0.7669814380672947,55,614.3063888888892,interpolation,0 days 00:01:10.990000,70.99,3173.672,0.0
2024-03-01 16:39:29.445,0 days 00:52:53.772000,6421.2513276364025,-39.94792026667691,-26.001102797193212,,161.33333333333334,10457.333333333334,100.0,0,8,4,4120.887065101213,0.7678019395125067,55,617.495277777778,interpolation,0 days 00:01:11.090000,71.09,3173.772,0.0
2024-03-01 16:39:29.545,0 days 00:52:53.872000,6388.0,-70.0,-27.0,,166.66666666666666,10545.666666666666,100.0,0,8,4,4125.222984719033,0.7686098062265272,55,620.6841666666669,interpolation,0 days 00:01:11.190000,71.19,3173.872,0.0
2024-03-01 16:39:29.645,0 days 00:52:53.972000,6358.352199297421,-95.35902491059466,-27.99774273029634,,172.0,10634.0,100.0,0,8,4,4129.86111111111,0.7694739799792368,55,623.8730555555558,interpolation,0 days 00:01:11.290000,71.29,3173.972,0.0
2024-03-01 16:39:29.745,0 days 00:52:54.072000,6318.0,-126.0,-29.0,,176.5,10990.0,100.0,0,8,4,4134.863114413912,0.7704059511244457,55,627.0119444444449,interpolation,0 days 00:01:11.390000,71.39,3174.072,0.0
2024-03-01 16:39:29.845,0 days 00:52:54.172000,6260.0,-167.0,-30.0,,181.0,11346.0,100.0,0,8,4,4139.916666666666,0.7713475268482631,55,630.150833333334,interpolation,0 days 00:01:11.490000,71.49,3174.172,0.0
2024-03-01 16:39:29.945,0 days 00:52:54.272000,6228.539113585559,-188.9715937559675,-30.923098186304607,,184.5,11502.0,100.0,0,8,4,4144.709439908602,0.7722405143367984,55,632.650833333334,interpolation,0 days 00:01:11.590000,71.59,3174.272,0.0
2024-03-01 16:39:30.045,0 days 00:52:54.372000,6199.0,-207.0,-32.0,,188.0,11658.0,100.0,0,8,4,4150.36111111111,0.7732935313310086,55,635.150833333334,interpolation,0 days 00:01:11.690000,71.69,3174.372,0.0
2024-03-01 16:39:30.145,0 days 00:52:54.472000,6139.4008704780645,-241.06831757940137,-33.473851575807764,,193.5,11965.5,100.0,0,8,4,4157.991357245583,0.7747151955718513,55,637.0952777777784,interpolation,0 days 00:01:11.790000,71.79,3174.472,0.0
2024-03-01 16:39:30.245,0 days 00:52:54.572000,6066.0,-282.0,-35.0,,199.0,12273.0,100.0,0,8,4,4165.8388888888885,0.7761773443570348,55,639.0397222222227,interpolation,0 days 00:01:11.890000,71.89,3174.572,0.0
2024-03-01 16:39:30.345,0 days 00:52:54.672000,5995.055663546059,-320.61850076762465,-36.23379235884881,,201.0,11859.75,100.0,0,8,4,4172.142416617904,0.7773518149842686,55,638.6397222222229,interpolation,0 days 00:01:11.990000,71.99,3174.672,0.0
2024-03-01 16:39:30.445,0 days 00:52:54.772000,5926.9526854619335,-356.8220464966731,-37.194749954484884,,203.0,11446.5,100.0,0,8,4,4176.901940432628,0.7782386074535526,55,638.239722222223,interpolation,0 days 00:01:12.090000,72.09,3174.772,0.0
2024-03-01 16:39:30.545,0 days 00:52:54.872000,5864.0,-390.0,-38.0,,205.0,11033.25,100.0,0,8,4,4181.304938475483,0.7790589721914274,55,637.8397222222231,interpolation,0 days 00:01:12.190000,72.19,3174.872,0.0
2024-03-01 16:39:30.645,0 days 00:52:54.972000,5806.582427565367,-420.0505889341572,-38.669063597627726,,207.0,10620.0,100.0,0,8,4,4186.538888888888,0.7800341596244337,55,637.4397222222233,interpolation,0 days 00:01:12.290000,72.29,3174.972,0.0
2024-03-01 16:39:30.745,0 days 00:52:55.072000,5754.699968158039,-446.9738132991448,-39.201940747368084,,210.33333333333334,10892.666666666666,100.0,0,8,5,4192.603791672847,0.781164169752572,55,635.9924074074085,interpolation,0 days 00:01:12.390000,72.39,3175.072,0.0
2024-03-01 16:39:30.845,0 days 00:52:55.172000,5703.967524671691,-473.16013101456,-39.633847523424386,,213.66666666666666,11165.333333333334,100.0,0,8,5,4199.3375402348765,0.7824187989439179,55,634.5450925925937,interpolation,0 days 00:01:12.490000,72.49,3175.172,0.0
2024-03-01 16:39:30.945,0 days 00:52:55.272000,5650.0,-501.0,-40.0,,217.0,11438.0,100.0,0,8,5,4205.7675,0.783616826334782,55,633.0977777777789,interpolation,0 days 00:01:12.590000,72.59,3175.272,0.0
2024-03-01 16:39:31.045,0 days 00:52:55.372000,5592.797394142969,-530.4934202554647,-40.30039817709491,,218.33333333333334,11529.0,100.0,0,8,5,4211.731566035701,0.7847280486025243,55,631.3348148148158,interpolation,0 days 00:01:12.690000,72.69,3175.372,0.0
2024-03-01 16:39:31.145,0 days 00:52:55.472000,5532.359707100597,-561.6403917809541,-40.53504205470912,,219.66666666666666,11620.0,100.0,0,8,5,4217.306890519748,0.7857668407083591,55,629.5718518518528,interpolation,0 days 00:01:12.790000,72.79,3175.472,0.0
2024-03-01 16:39:31.245,0 days 00:52:55.572000,5471.7421665079255,-592.9671674159665,-40.75216490496878,,221.0,11711.0,100.0,0,8,5,4222.956388888889,0.7868194528611728,55,627.8088888888897,interpolation,0 days 00:01:12.890000,72.89,3175.572,0.0
2024-03-01 16:39:31.345,0 days 00:52:55.672000,5414.0,-623.0,-41.0,,223.0,11720.333333333334,100.0,0,8,5,4228.757214110935,0.7879002601693805,55,625.6051851851862,interpolation,0 days 00:01:12.990000,72.99,3175.672,0.0
2024-03-01 16:39:31.445,0 days 00:52:55.772000,5359.133207576816,-651.7388895330541,-41.27854733980278,,225.0,11729.666666666666,100.0,0,8,5,4234.6870438131045,0.7890051035379024,55,623.4014814814827,interpolation,0 days 00:01:13.090000,73.09,3175.772,0.0
2024-03-01 16:39:31.545,0 days 00:52:55.872000,5307.141789238378,-679.1838360151294,-41.587806924377134,,227.0,11739.0,100.0,0,8,5,4240.611944444444,0.7901090285240266,55,621.1977777777793,interpolation,0 days 00:01:13.190000,73.19,3175.872,0.0
2024-03-01 16:39:31.645,0 days 00:52:55.972000,5259.329476280749,-704.53686448964,-41.853163046762916,,230.66666666666666,11455.333333333334,100.0,0,8,5,4246.509593860752,0.7912078760752624,55,618.5533333333348,interpolation,0 days 00:01:13.290000,73.29,3175.972,0.0
2024-03-01 16:39:31.745,0 days 00:52:56.072000,5217.0,-727.0,-42.0,,234.33333333333334,11171.666666666666,100.0,0,8,5,4252.479982443759,0.7923202763573515,55,615.9088888888904,interpolation,0 days 00:01:13.390000,73.39,3176.072,0.0
2024-03-01 16:39:31.845,0 days 00:52:56.172000,5180.153360396127,-746.5732425462095,-42.02831778408837,,238.0,10888.0,100.0,0,8,6,4259.123055555555,0.7935580109370628,55,613.2644444444459,car,0 days 00:01:13.490000,73.49,3176.172,0.0
2024-03-01 16:39:31.945,0 days 00:52:56.272000,5148.789557469134,-763.2565921282687,-41.93811639902805,,240.0,10948.5,100.0,0,8,6,4266.538804601781,0.7949397101709121,55,609.8116666666679,interpolation,0 days 00:01:13.590000,73.59,3176.272,0.0
2024-03-01 16:39:32.045,0 days 00:52:56.372000,5119.484770445123,-778.8913649645998,-41.731139962804704,,242.0,11009.0,100.0,0,8,6,4274.727229582433,0.7964653740588993,55,606.3588888888899,interpolation,0 days 00:01:13.690000,73.69,3176.372,0.0
2024-03-01 16:39:32.145,0 days 00:52:56.472000,5071.696179860128,-804.5254018006965,-41.417853129753354,,244.0,11069.5,100.0,0,8,6,4282.630234216314,0.7979378585482846,55,602.9061111111118,interpolation,0 days 00:01:13.790000,73.79,3176.472,0.0
2024-03-01 16:39:32.245,0 days 00:52:56.572000,5002.0,-842.0,-41.0,,246.0,11130.0,100.0,0,8,6,4289.189722222222,0.7991600195863283,55,599.4533333333338,interpolation,0 days 00:01:13.890000,73.89,3176.572,0.0
2024-03-01 16:39:32.345,0 days 00:52:56.672000,4910.396230864739,-891.3151595625102,-40.47758057354466,,247.0,11183.0,100.0,0,8,6,4294.405693600157,0.8001318571730305,55,596.9422222222229,interpolation,0 days 00:01:13.990000,73.99,3176.672,0.0
2024-03-01 16:39:32.445,0 days 00:52:56.772000,4820.0,-940.0,-40.0,,248.0,11236.0,100.0,0,8,6,4300.211944444444,0.8012136753808853,55,594.4311111111119,car,0 days 00:01:14.090000,74.09,3176.772,0.0
2024-03-01 16:39:32.545,0 days 00:52:56.872000,4753.926434951441,-975.5836408242424,-39.71666342897872,,250.0,11360.5,100.0,0,8,6,4308.542270849411,0.802765778282387,55,590.6822222222231,interpolation,0 days 00:01:14.190000,74.19,3176.872,0.0
2024-03-01 16:39:32.645,0 days 00:52:56.972000,4712.175535719062,-998.0660820352374,-39.627570860480816,,252.0,11485.0,100.0,0,8,6,4317.081944444444,0.8043568866640263,55,586.9333333333343,interpolation,0 days 00:01:14.290000,74.29,3176.972,0.0
2024-03-01 16:39:32.745,0 days 00:52:57.072000,4674.586868627152,-1018.5154822286136,-39.724692861742504,,254.0,11524.333333333334,100.0,0,8,6,4323.516236858937,0.8055557213122932,55,584.0814814814825,interpolation,0 days 00:01:14.390000,74.39,3177.072,0.0
2024-03-01 16:39:32.845,0 days 00:52:57.172000,4621.0,-1048.0,-40.0,,256.0,11563.666666666666,100.0,0,8,6,4328.631809996332,0.8065088527411725,55,581.2296296296305,interpolation,0 days 00:01:14.490000,74.49,3177.172,0.0
2024-03-01 16:39:32.945,0 days 00:52:57.272000,4551.414929837605,-1086.5196353493964,-40.453492275253296,,258.0,11603.0,100.0,0,8,6,4337.148611111111,0.8080956995319395,55,578.3777777777786,interpolation,0 days 00:01:14.590000,74.59,3177.272,0.0
2024-03-01 16:39:33.045,0 days 00:52:57.372000,4476.5,-1128.0,-41.0,,261.0,11603.0,100.0,0,8,6,4348.74861111111,0.8102570066383078,55,573.6222222222232,interpolation,0 days 00:01:14.690000,74.69,3177.372,0.0
2024-03-01 16:39:33.145,0 days 00:52:57.472000,4406.923552347217,-1166.3667056750082,-41.554353486737675,,261.6666666666667,11323.0,100.0,0,8,6,4356.803746290707,0.8117578360267921,55,571.2888888888898,interpolation,0 days 00:01:14.790000,74.79,3177.472,0.0
2024-03-01 16:39:33.245,0 days 00:52:57.572000,4342.685586879257,-1201.6197523744213,-42.11655273546634,,262.3333333333333,11043.0,100.0,0,8,6,4361.022296367625,0.812543834497466,55,568.9555555555565,interpolation,0 days 00:01:14.890000,74.89,3177.572,0.0
2024-03-01 16:39:33.345,0 days 00:52:57.672000,4284.479827971668,-1233.5629228866235,-42.62047561646183,,263.0,10763.0,100.0,0,8,6,4366.281944444443,0.8135238099082784,55,566.6222222222232,interpolation,0 days 00:01:14.990000,74.99,3177.672,0.0
2024-03-01 16:39:33.445,0 days 00:52:57.772000,4233.0,-1262.0,-43.0,,264.3333333333333,10765.333333333334,100.0,0,8,7,4373.395633542641,0.8148492294600396,55,563.8370370370379,interpolation,0 days 00:01:15.090000,75.09,3177.772,0.0
2024-03-01 16:39:33.545,0 days 00:52:57.872000,4188.246102964253,-1286.930983714551,-43.255125886080855,,265.6666666666667,10767.666666666666,100.0,0,8,7,4382.011158528259,0.8164544704407735,55,561.0518518518526,interpolation,0 days 00:01:15.190000,75.19,3177.872,0.0
2024-03-01 16:39:33.645,0 days 00:52:57.972000,4129.0,-1320.0,-44.0,,267.0,10770.0,100.0,0,8,7,4390.015277777777,0.8179457945626876,55,558.2666666666673,interpolation,0 days 00:01:15.290000,75.29,3177.972,0.0
2024-03-01 16:39:33.745,0 days 00:52:58.072000,4034.0435542428168,-1372.8511748260717,-45.848769067053084,,268.3333333333333,10800.333333333334,100.0,0,8,7,4397.055782550636,0.8192575784418255,55,556.0370370370377,interpolation,0 days 00:01:15.390000,75.39,3178.072,0.0
2024-03-01 16:39:33.845,0 days 00:52:58.172000,3933.0,-1429.0,-48.0,,269.6666666666667,10830.666666666666,100.0,0,8,7,4403.449019136538,0.8204487635854292,55,553.807407407408,interpolation,0 days 00:01:15.490000,75.49,3178.172,0.0
2024-03-01 16:39:33.945,0 days 00:52:58.272000,3855.492571578846,-1471.9619673290208,-49.652259711600664,,271.0,10861.0,100.0,0,8,7,4411.093055555554,0.8218729972262707,55,551.5777777777785,interpolation,0 days 00:01:15.590000,75.59,3178.272,0.0
2024-03-01 16:39:34.045,0 days 00:52:58.372000,3798.845027377645,-1503.2564899491192,-50.86556335439908,,272.0,10914.0,100.0,0,8,7,4420.304234858017,0.8235892202680333,55,548.8777777777782,interpolation,0 days 00:01:15.690000,75.69,3178.372,0.0
2024-03-01 16:39:34.145,0 days 00:52:58.472000,3747.0,-1532.0,-52.0,,273.0,10967.0,100.0,0,8,7,4429.293055555554,0.8252640135483316,55,546.1777777777779,interpolation,0 days 00:01:15.790000,75.79,3178.472,0.0
2024-03-01 16:39:34.245,0 days 00:52:58.572000,3697.281275248775,-1559.7118950589386,-53.11558418639543,,274.0,10965.0,100.0,0,8,7,4436.270016159796,0.8265639579047797,55,544.5555555555557,interpolation,0 days 00:01:15.890000,75.89,3178.572,0.0
2024-03-01 16:39:34.345,0 days 00:52:58.672000,3627.0,-1599.0,-55.0,,275.0,10963.0,100.0,0,8,7,4441.624526282348,0.8275616079719345,55,542.9333333333334,interpolation,0 days 00:01:15.990000,75.99,3178.672,0.0
2024-03-01 16:39:34.445,0 days 00:52:58.772000,3513.467321129705,-1662.47213969725,-58.44093152722836,,276.0,10961.0,100.0,0,8,7,4447.693055555554,0.8286922937860194,55,541.3111111111111,interpolation,0 days 00:01:16.090000,76.09,3178.772,0.0
2024-03-01 16:39:34.545,0 days 00:52:58.872000,3398.0,-1727.0,-62.0,,277.0,11016.5,100.0,0,8,7,4454.865017578595,0.8300285707245543,55,539.3944444444446,interpolation,0 days 00:01:16.190000,76.19,3178.872,0.0
2024-03-01 16:39:34.645,0 days 00:52:58.972000,3321.9147979729933,-1769.4552667575622,-64.23882665023439,,278.0,11072.0,100.0,0,8,7,4463.137499999998,0.831569896159441,55,537.4777777777781,interpolation,0 days 00:01:16.290000,76.29,3178.972,0.0
2024-03-01 16:39:34.745,0 days 00:52:59.072000,3285.2117150486856,-1789.837939969937,-65.15741147793153,,279.0,11116.0,100.0,0,8,7,4472.507590468288,0.8333157274625815,55,535.2777777777783,interpolation,0 days 00:01:16.390000,76.39,3179.072,0.0
2024-03-01 16:39:34.845,0 days 00:52:59.172000,3279.1949083733525,-1793.0060236019983,-65.11608735797758,,280.0,11160.0,100.0,0,8,7,4481.804166666665,0.835047861617965,55,533.0777777777785,interpolation,0 days 00:01:16.490000,76.49,3179.172,0.0
2024-03-01 16:39:34.945,0 days 00:52:59.272000,3251.68958796004,-1808.1073922056296,-66.2768404703016,,281.0,11203.666666666666,100.0,0,8,7,4489.856106278329,0.8365480956095804,55,531.4962962962967,interpolation,0 days 00:01:16.590000,76.59,3179.272,0.0
2024-03-01 16:39:35.045,0 days 00:52:59.372000,3194.0,-1840.0,-69.0,,282.0,11247.333333333334,100.0,0,8,7,4496.839987910028,0.8378493294889447,55,529.9148148148148,interpolation,0 days 00:01:16.690000,76.69,3179.372,0.0
2024-03-01 16:39:35.145,0 days 00:52:59.472000,3111.0,-1886.0,-73.0,,283.0,11291.0,100.0,0,8,7,4503.815277777776,0.8391489625544745,55,528.333333333333,interpolation,0 days 00:01:16.790000,76.79,3179.472,0.0
2024-03-01 16:39:35.245,0 days 00:52:59.572000,3031.9328707260015,-1930.0042278469177,-76.56343601524915,,283.6666666666667,11291.0,100.0,0,8,7,4510.9585526801675,0.8404798945207916,55,526.8814814814814,interpolation,0 days 00:01:16.890000,76.89,3179.572,0.0
2024-03-01 16:39:35.345,0 days 00:52:59.672000,2960.6481943561294,-1969.8872800913257,-79.45763794083092,,284.3333333333333,11291.0,100.0,0,8,7,4518.295688846161,0.8418469466359603,55,525.4296296296297,interpolation,0 days 00:01:16.990000,76.99,3179.672,0.0
2024-03-01 16:39:35.445,0 days 00:52:59.772000,2891.0,-2009.0,-82.0,,285.0,11291.0,100.0,0,8,7,4525.981944444442,0.8432790465364715,55,523.9777777777781,interpolation,0 days 00:01:17.090000,77.09,3179.772,0.0
2024-03-01 16:39:35.545,0 days 00:52:59.872000,2821.9639539313107,-2047.9008643101288,-84.24342150080906,,285.6666666666667,11320.333333333334,100.0,0,8,7,4534.043195968944,0.8447810155197584,55,522.4962962962967,interpolation,0 days 00:01:17.190000,77.19,3179.872,0.0
2024-03-01 16:39:35.645,0 days 00:52:59.972000,2738.0,-2095.0,-87.0,,286.3333333333333,11349.666666666666,100.0,0,8,7,4542.501928914077,0.8463570430736542,55,521.0148148148152,interpolation,0 days 00:01:17.290000,77.29,3179.972,0.0
2024-03-01 16:39:35.745,0 days 00:53:00.072000,2623.5680820560083,-2158.7075340479023,-91.08183305431469,,287.0,11379.0,100.0,0,8,7,4551.493055555554,0.8480322659964543,55,519.5333333333338,interpolation,0 days 00:01:17.390000,77.39,3180.072,0.0
2024-03-01 16:39:35.845,0 days 00:53:00.172000,2515.0,-2219.0,-95.0,,287.6666666666667,11404.333333333334,100.0,0,8,7,4561.039061157533,0.8498108737330914,55,518.0666666666672,interpolation,0 days 00:01:17.490000,77.49,3180.172,0.0
2024-03-01 16:39:35.945,0 days 00:53:00.272000,2448.6275537326437,-2255.8539314024597,-97.26558017330282,,288.3333333333333,11429.666666666666,100.0,0,8,7,4570.984095842268,0.8516638284000912,55,516.6000000000007,interpolation,0 days 00:01:17.590000,77.59,3180.272,0.0
2024-03-01 16:39:36.045,0 days 00:53:00.372000,2424.450743253938,-2269.26932825528,-97.87857357422317,,289.0,11455.0,100.0,0,8,7,4580.3930555555535,0.8534169018045619,55,515.1333333333341,interpolation,0 days 00:01:17.690000,77.69,3180.372,0.0
2024-03-01 16:39:36.145,0 days 00:53:00.472000,2406.798561148264,-2279.0500609804612,-98.05228018803194,,290.0,11475.5,100.0,0,8,7,4589.110088823732,0.8550410557656797,55,513.9666666666676,interpolation,0 days 00:01:17.790000,77.79,3180.472,0.0
2024-03-01 16:39:36.245,0 days 00:53:00.572000,2360.0,-2305.0,-99.0,,291.0,11496.0,100.0,0,8,7,4596.55972222222,0.8564290683177479,55,512.8000000000011,interpolation,0 days 00:01:17.890000,77.89,3180.572,0.0
2024-03-01 16:39:36.345,0 days 00:53:00.672000,2284.0550598091477,-2347.1191453138995,-100.72173301012744,,291.0,11512.333333333334,100.0,0,8,7,4602.166482326433,0.8574737174950702,55,511.9333333333343,interpolation,0 days 00:01:17.990000,77.99,3180.672,0.0
2024-03-01 16:39:36.445,0 days 00:53:00.772000,2184.2164204714945,-2402.5335921320648,-103.05222991826956,,291.0,11528.666666666666,100.0,0,8,7,4606.831298830442,0.8583428641381753,55,511.0666666666675,interpolation,0 days 00:01:18.090000,78.09,3180.772,0.0
2024-03-01 16:39:36.545,0 days 00:53:00.872000,2092.0,-2454.0,-105.0,,291.0,11545.0,100.0,0,8,7,4615.95972222222,0.8600436681335709,55,510.2000000000007,interpolation,0 days 00:01:18.190000,78.19,3180.872,0.0
2024-03-01 16:39:36.645,0 days 00:53:00.972000,2012.658424503286,-2498.644493556248,-106.39979564731834,,291.0,11512.0,100.0,0,8,7,4628.8930555555535,0.8624534013441196,55,508.60000000000036,interpolation,0 days 00:01:18.290000,78.29,3180.972,0.0
2024-03-01 16:39:36.745,0 days 00:53:01.072000,1944.7917200450356,-2537.1928772418673,-107.3010096206613,,292.0,11512.0,100.0,0,8,7,4636.273642252821,0.8638285491439449,55,507.80000000000064,interpolation,0 days 00:01:18.390000,78.39,3181.072,0.0
2024-03-01 16:39:36.845,0 days 00:53:01.172000,1880.0,-2574.0,-108.0,,293.0,11512.0,100.0,0,8,7,4641.915277777776,0.8648796962949472,55,507.0000000000009,interpolation,0 days 00:01:18.490000,78.49,3181.172,0.0
2024-03-01 16:39:36.945,0 days 00:53:01.272000,1816.8832760960552,-2609.7916737039805,-108.5461600515556,,293.5,11552.5,100.0,0,8,7,4651.191359038587,0.8666080118422095,55,505.900000000001,interpolation,0 days 00:01:18.590000,78.59,3181.272,0.0
2024-03-01 16:39:37.045,0 days 00:53:01.372000,1753.0,-2646.0,-109.0,,294.0,11593.0,100.0,0,8,7,4661.515277777776,0.8685315600263972,55,504.8000000000011,interpolation,0 days 00:01:18.690000,78.69,3181.372,0.0
2024-03-01 16:39:37.145,0 days 00:53:01.472000,1685.9086233786322,-2684.05708053425,-109.42203007000519,,294.0,11599.0,100.0,0,8,7,4670.300425737868,0.870168405088177,55,503.99629629629726,interpolation,0 days 00:01:18.790000,78.79,3181.472,0.0
2024-03-01 16:39:37.245,0 days 00:53:01.572000,1615.37563781714,-2724.105415313413,-109.79328791076898,,294.0,11605.0,100.0,0,8,7,4677.672085026899,0.8715418895370659,55,503.1925925925934,interpolation,0 days 00:01:18.890000,78.89,3181.572,0.0
2024-03-01 16:39:37.345,0 days 00:53:01.672000,1540.0,-2767.0,-110.0,,294.0,11611.0,100.0,0,8,7,4684.3819444444425,0.872792067713089,55,502.3888888888896,interpolation,0 days 00:01:18.990000,78.99,3181.672,0.0
2024-03-01 16:39:37.445,0 days 00:53:01.772000,1459.548203903514,-2812.883333141501,-110.02320418106959,,294.0,11595.666666666666,100.0,0,8,7,4690.555284815652,0.873942281886738,55,501.81351851851923,interpolation,0 days 00:01:19.090000,79.09,3181.772,0.0
2024-03-01 16:39:37.545,0 days 00:53:01.872000,1384.0,-2856.0,-110.0,,294.0,11580.333333333334,100.0,0,8,7,4696.481868413547,0.8750465204424808,55,501.23814814814887,interpolation,0 days 00:01:19.190000,79.19,3181.872,0.0
2024-03-01 16:39:37.645,0 days 00:53:01.972000,1323.3351387617774,-2890.594585837581,-110.06748700281358,,294.0,11565.0,100.0,0,8,7,4703.900277777776,0.8764287153456581,55,500.6627777777785,car,0 days 00:01:19.290000,79.29,3181.972,0.0
2024-03-01 16:39:37.745,0 days 00:53:02.072000,1270.0,-2921.0,-110.0,,294.3333333333333,11613.0,100.0,0,8,7,4713.100278148539,0.8781428555335824,55,499.7961111111117,interpolation,0 days 00:01:19.390000,79.39,3182.072,0.0
2024-03-01 16:39:37.845,0 days 00:53:02.172000,1216.4409635258216,-2951.5491518330136,-109.57187380204888,,294.6666666666667,11661.0,100.0,0,8,7,4723.699115538051,0.8801176264447201,55,498.9294444444449,interpolation,0 days 00:01:19.490000,79.49,3182.172,0.0
2024-03-01 16:39:37.945,0 days 00:53:02.272000,1156.0,-2986.0,-109.0,,295.0,11709.0,100.0,0,8,7,4733.400277777776,0.8819251429006469,55,498.06277777777814,interpolation,0 days 00:01:19.590000,79.59,3182.272,0.0
2024-03-01 16:39:38.045,0 days 00:53:02.372000,1082.0190800832925,-3028.110503164336,-108.50127018489312,,295.0,11717.5,100.0,0,8,7,4741.82101479931,0.8834940910700868,55,497.4516666666673,interpolation,0 days 00:01:19.690000,79.69,3182.372,0.0
2024-03-01 16:39:38.145,0 days 00:53:02.472000,989.0,-3081.0,-108.0,,295.0,11726.0,100.0,0,8,7,4749.789166666664,0.8849787137645293,55,496.8405555555564,interpolation,0 days 00:01:19.790000,79.79,3182.472,0.0
2024-03-01 16:39:38.245,0 days 00:53:02.572000,871.4445559744233,-3147.7878291809693,-107.42050508859239,,295.0,11516.0,100.0,0,8,7,4758.132573443843,0.8865332537954639,55,496.2850000000012,interpolation,0 days 00:01:19.890000,79.89,3182.572,0.0
2024-03-01 16:39:38.345,0 days 00:53:02.672000,762.0,-3210.0,-107.0,,295.0,11306.0,100.0,0,8,7,4766.178055555552,0.8880322846284119,55,495.729444444446,interpolation,0 days 00:01:19.990000,79.99,3182.672,0.0
2024-03-01 16:39:38.445,0 days 00:53:02.772000,693.313584070168,-3249.1625217498467,-106.97569928355242,,283.25,11128.25,75.0,1,8,7,4773.252433426495,0.889350379728895,55,496.55444444444606,interpolation,0 days 00:01:20.090000,80.09,3182.772,0.0
2024-03-01 16:39:38.545,0 days 00:53:02.872000,665.3853081849275,-3265.2753944305114,-107.34760293924971,,271.5,10950.5,50.0,1,8,7,4779.355707056673,0.8904875390969136,55,497.3794444444461,interpolation,0 days 00:01:20.190000,80.19,3182.872,0.0
2024-03-01 16:39:38.645,0 days 00:53:02.972000,644.514378207223,-3277.000569895919,-107.79570512532213,,259.75,10772.75,25.0,1,8,7,4785.070154936289,0.8915522526151194,55,498.20444444444615,interpolation,0 days 00:01:20.290000,80.29,3182.972,0.0
2024-03-01 16:39:38.745,0 days 00:53:03.072000,597.0,-3303.0,-108.0,,248.0,10595.0,0.0,1,8,7,4790.978055555553,0.8926530101661652,55,499.0294444444462,interpolation,0 days 00:01:20.390000,80.39,3183.072,0.0
2024-03-01 16:39:38.845,0 days 00:53:03.172000,522.8421735632583,-3343.2736847427523,-107.96048756328328,,232.0,10792.0,0.0,1,8,7,4797.07940891446,0.8937898117500507,55,500.8905555555575,interpolation,0 days 00:01:20.490000,80.49,3183.172,0.0
2024-03-01 16:39:38.945,0 days 00:53:03.272000,448.0,-3383.0,-108.0,,216.0,10989.0,0.0,1,8,7,4802.978055555553,0.8948888451037877,55,502.7516666666688,interpolation,0 days 00:01:20.590000,80.59,3183.272,0.0
2024-03-01 16:39:39.045,0 days 00:53:03.372000,398.43258041322787,-3407.357321647567,-108.44136949497812,,204.0,11162.5,0.0,1,8,7,4808.277836021374,0.8958762979643888,55,505.3350000000023,interpolation,0 days 00:01:20.690000,80.69,3183.372,0.0
2024-03-01 16:39:39.145,0 days 00:53:03.472000,363.0,-3423.0,-109.0,,192.0,11336.0,0.0,1,8,7,4813.64472222222,0.89687625393723,55,507.9183333333358,interpolation,0 days 00:01:20.790000,80.79,3183.472,0.0
2024-03-01 16:39:39.245,0 days 00:53:03.572000,330.56234395737476,-3436.5823853718452,-109.39129546684798,,183.0,11517.5,0.0,1,8,7,4819.744686068385,0.8980127966276875,55,511.76763888889127,interpolation,0 days 00:01:20.890000,80.89,3183.572,0.0
2024-03-01 16:39:39.345,0 days 00:53:03.672000,299.378306564148,-3448.4860012193008,-109.65171340596642,,174.0,11699.0,0.0,1,8,7,4825.293055555553,0.899046566489875,55,515.6169444444467,interpolation,0 days 00:01:20.990000,80.99,3183.672,0.0
2024-03-01 16:39:39.445,0 days 00:53:03.772000,259.0,-3461.0,-110.0,,170.0,11441.666666666666,0.0,1,8,5,4829.005158679409,0.8997382039779063,55,518.4613888888911,interpolation,0 days 00:01:21.090000,81.09,3183.772,0.0
2024-03-01 16:39:39.545,0 days 00:53:03.872000,207.68610071266477,-3474.505909076962,-110.47261313271991,,166.0,11184.333333333334,0.0,1,8,5,4831.455714558057,0.9001947905154126,55,521.3058333333353,interpolation,0 days 00:01:21.190000,81.19,3183.872,0.0
2024-03-01 16:39:39.645,0 days 00:53:03.972000,159.0,-3486.0,-111.0,,162.0,10927.0,0.0,1,8,5,4836.093055555553,0.9010588179337353,55,524.1502777777796,interpolation,0 days 00:01:21.290000,81.29,3183.972,0.0
2024-03-01 16:39:39.745,0 days 00:53:04.072000,126.50508915986354,-3492.4785443189276,-111.51260779771418,,152.0,10647.0,0.0,1,8,3,4842.848611111109,0.9023175101949155,55,530.3725000000013,interpolation,0 days 00:01:21.390000,81.39,3184.072,0.0
2024-03-01 16:39:39.845,0 days 00:53:04.172000,93.0,-3496.0,-112.0,,148.33333333333334,10398.0,0.0,1,8,3,4847.862588078339,0.9032517122682296,55,534.3391666666679,interpolation,0 days 00:01:21.490000,81.49,3184.172,0.0
2024-03-01 16:39:39.945,0 days 00:53:04.272000,41.283364328154015,-3498.622825009472,-112.45174008099508,,144.66666666666666,10149.0,0.0,1,8,3,4850.833836247294,0.9038053139736041,55,538.3058333333344,interpolation,0 days 00:01:21.590000,81.59,3184.272,0.0
2024-03-01 16:39:40.045,0 days 00:53:04.372000,-13.0,-3500.0,-113.0,,141.0,9900.0,0.0,1,8,3,4853.815277777776,0.9043608149017983,55,542.272500000001,interpolation,0 days 00:01:21.690000,81.69,3184.372,0.0
2024-03-01 16:39:40.145,0 days 00:53:04.472000,-54.20527512878755,-3499.784505624243,-113.77695171631541,,138.75,9752.0,0.0,1,8,3,4857.149068114921,0.9049819653110063,55,546.8558333333344,interpolation,0 days 00:01:21.790000,81.79,3184.472,0.0
2024-03-01 16:39:40.245,0 days 00:53:04.572000,-82.33246105820868,-3497.976341882203,-114.78259522994131,,136.5,9604.0,0.0,1,8,3,4860.835207258723,0.9056687652012274,55,551.4391666666679,interpolation,0 days 00:01:21.890000,81.89,3184.572,0.0
2024-03-01 16:39:40.345,0 days 00:53:04.672000,-108.79341645852544,-3490.4300071990597,-115.89694112859652,,134.25,9456.0,0.0,1,8,3,4864.67804832872,0.9063847617282298,55,556.0225000000014,interpolation,0 days 00:01:21.990000,81.99,3184.672,0.0
2024-03-01 16:39:40.445,0 days 00:53:04.772000,-145.0,-3473.0,-117.0,,132.0,9308.0,0.0,1,8,3,4868.481944444443,0.9070935020477815,55,560.6058333333349,interpolation,0 days 00:01:22.090000,82.09,3184.772,0.0
2024-03-01 16:39:40.545,0 days 00:53:04.872000,-190.9522116826323,-3445.686320285022,-118.09177184415165,,130.0,9431.0,16.0,0,8,3,4872.246895605892,0.9077949861598824,55,565.3002777777792,interpolation,0 days 00:01:22.190000,82.19,3184.872,0.0
2024-03-01 16:39:40.645,0 days 00:53:04.972000,-233.0,-3418.0,-119.0,,128.0,9554.0,32.0,0,8,3,4875.593055555554,0.9084184412700764,55,569.9947222222236,interpolation,0 days 00:01:22.290000,82.29,3184.972,0.0
2024-03-01 16:39:40.745,0 days 00:53:05.072000,-257.4933134456807,-3399.4520710908077,-119.55242780649351,,127.0,9554.0,32.0,0,8,3,4878.140578035917,0.9088930945839077,55,573.8169444444461,interpolation,0 days 00:01:22.390000,82.39,3185.072,0.0
2024-03-01 16:39:40.845,0 days 00:53:05.172000,-267.45254947126466,-3388.1790397078626,-119.79462404457134,,126.0,9554.0,32.0,0,8,3,4881.193055555554,0.9094618309076334,55,577.6391666666686,interpolation,0 days 00:01:22.490000,82.49,3185.172,0.0
2024-03-01 16:39:40.945,0 days 00:53:05.272000,-281.0,-3373.0,-120.0,,129.0,9703.0,48.0,0,8,3,4886.054080623033,0.9103675350475109,55,584.0558333333356,interpolation,0 days 00:01:22.590000,82.59,3185.272,0.0
2024-03-01 16:39:41.045,0 days 00:53:05.372000,-301.15603155476555,-3352.051477199716,-120.2141239870967,,132.0,9852.0,64.0,0,8,3,4891.45972222222,0.9113747119098216,55,590.4725000000026,interpolation,0 days 00:01:22.690000,82.69,3185.372,0.0
2024-03-01 16:39:41.145,0 days 00:53:05.472000,-331.0,-3316.0,-121.0,,134.75,10101.75,68.5,0,8,3,4896.146049336989,0.9122478664008489,55,594.5836111111139,interpolation,0 days 00:01:22.790000,82.79,3185.472,0.0
2024-03-01 16:39:41.245,0 days 00:53:05.572000,-373.6112612001425,-3255.5120970938437,-122.92063203284853,,137.5,10351.5,73.0,0,8,3,4900.113061967335,0.9129869985205918,55,598.6947222222252,interpolation,0 days 00:01:22.890000,82.89,3185.572,0.0
2024-03-01 16:39:41.345,0 days 00:53:05.672000,-415.0,-3193.0,-125.0,,140.25,10601.25,77.5,0,8,3,4903.725626947346,0.9136600901036536,55,602.8058333333365,interpolation,0 days 00:01:22.990000,82.99,3185.672,0.0
2024-03-01 16:39:41.445,0 days 00:53:05.772000,-441.17640124437986,-3150.875940237224,-126.26208381581228,,143.0,10851.0,82.0,0,8,3,4907.348611111109,0.9143351229846366,55,606.9169444444478,interpolation,0 days 00:01:23.090000,83.09,3185.772,0.0
2024-03-01 16:39:41.545,0 days 00:53:05.872000,-452.14046493328203,-3129.1399178055167,-126.70688348028534,,146.2,11082.2,85.6,0,8,3,4910.982014458623,0.9150120971635405,55,609.9480555555589,interpolation,0 days 00:01:23.190000,83.19,3185.872,0.0
2024-03-01 16:39:41.645,0 days 00:53:05.972000,-457.0342961555432,-3115.083936471051,-126.79824140461574,,149.4,11313.4,89.2,0,8,3,4914.625836989889,0.9156910126403655,55,612.9791666666699,interpolation,0 days 00:01:23.290000,83.29,3185.972,0.0
2024-03-01 16:39:41.745,0 days 00:53:06.072000,-465.0,-3096.0,-127.0,,152.6,11544.6,92.8,0,8,3,4918.326563504833,0.9163805304434236,55,616.0102777777809,interpolation,0 days 00:01:23.390000,83.39,3186.072,0.0
2024-03-01 16:39:41.845,0 days 00:53:06.172000,-476.03757646665235,-3071.8881083923643,-127.31215926643807,,155.8,11775.8,96.4,0,8,3,4922.36310423104,0.917132617008656,55,619.0413888888919,interpolation,0 days 00:01:23.490000,83.49,3186.172,0.0
2024-03-01 16:39:41.945,0 days 00:53:06.272000,-490.2216533822649,-3040.239330237843,-127.81608783591571,,159.0,12007.0,100.0,0,8,3,4926.781944444442,0.9179559334530641,55,622.072500000003,interpolation,0 days 00:01:23.590000,83.59,3186.272,0.0
2024-03-01 16:39:42.045,0 days 00:53:06.372000,-508.0,-2986.0,-129.0,,162.66666666666666,11689.0,100.0,0,8,3,4931.583084145039,0.9188504797766475,55,625.3613888888918,interpolation,0 days 00:01:23.690000,83.69,3186.372,0.0
2024-03-01 16:39:42.145,0 days 00:53:06.472000,-529.447244910815,-2906.661160576945,-130.94526522389572,,166.33333333333334,11371.0,100.0,0,8,3,4936.717722782486,0.9198071634814535,55,628.6502777777808,interpolation,0 days 00:01:23.790000,83.79,3186.472,0.0
2024-03-01 16:39:42.245,0 days 00:53:06.572000,-549.0,-2827.0,-133.0,,170.0,11053.0,100.0,0,8,3,4941.893055555553,0.9207714293004405,55,631.9391666666697,interpolation,0 days 00:01:23.890000,83.89,3186.572,0.0
2024-03-01 16:39:42.345,0 days 00:53:06.672000,-561.0948771528451,-2771.7937063004883,-134.51232082071002,,173.5,11229.0,100.0,0,8,4,4947.060281414173,0.9217341846425481,55,634.7169444444476,interpolation,0 days 00:01:23.990000,83.99,3186.672,0.0
2024-03-01 16:39:42.445,0 days 00:53:06.772000,-565.7318763693504,-2741.04227947841,-135.48222768602577,,177.0,11405.0,100.0,0,8,4,4951.726388888886,0.9226035718187701,55,637.4947222222254,interpolation,0 days 00:01:24.090000,84.09,3186.772,0.0
2024-03-01 16:39:42.545,0 days 00:53:06.872000,-567.0029374011806,-2717.269712917127,-136.21102070832868,,181.5,11425.0,100.0,0,8,4,4955.398366510228,0.9232877331401004,55,639.472500000003,interpolation,0 days 00:01:24.190000,84.19,3186.872,0.0
2024-03-01 16:39:42.645,0 days 00:53:06.972000,-569.0,-2683.0,-137.0,,186.0,11445.0,100.0,0,8,4,4959.993055555552,0.9241438136646878,55,641.4502777777807,interpolation,0 days 00:01:24.290000,84.29,3186.972,0.0
2024-03-01 16:39:42.745,0 days 00:53:07.072000,-571.7230641658091,-2638.2331407270312,-137.84916556103988,,192.0,11690.0,100.0,0,8,4,4967.427297302213,0.925528958450681,55,644.2891666666696,interpolation,0 days 00:01:24.390000,84.39,3187.072,0.0
2024-03-01 16:39:42.845,0 days 00:53:07.172000,-574.9113293197007,-2584.501586649684,-138.78873355111625,,198.0,11935.0,100.0,0,8,4,4975.393055555552,0.92701313516797,55,647.1280555555586,interpolation,0 days 00:01:24.490000,84.49,3187.172,0.0
2024-03-01 16:39:42.945,0 days 00:53:07.272000,-577.0,-2531.0,-140.0,,199.66666666666666,11524.0,100.0,0,8,4,4981.582294120906,0.9281663114864452,55,648.8132407407438,interpolation,0 days 00:01:24.590000,84.59,3187.272,0.0
2024-03-01 16:39:43.045,0 days 00:53:07.372000,-577.7282782983846,-2479.26081663722,-141.51318075794725,,201.33333333333334,11113.0,100.0,0,8,4,4986.278428660867,0.9290412932927966,55,650.498425925929,interpolation,0 days 00:01:24.690000,84.69,3187.372,0.0
2024-03-01 16:39:43.145,0 days 00:53:07.472000,-577.0,-2418.0,-143.0,,203.0,10702.0,100.0,0,8,4,4991.181944444441,0.9299549142849716,55,652.1836111111143,interpolation,0 days 00:01:24.790000,84.79,3187.472,0.0
2024-03-01 16:39:43.245,0 days 00:53:07.572000,-574.7190008899922,-2335.9335135269976,-144.13218190120023,,205.5,10798.25,100.0,0,8,4,4996.576254232053,0.9309599798089301,55,653.5725000000032,interpolation,0 days 00:01:24.890000,84.89,3187.572,0.0
2024-03-01 16:39:43.345,0 days 00:53:07.672000,-572.0,-2256.0,-145.0,,208.0,10894.5,100.0,0,8,4,5002.461358023705,0.9320564898646727,55,654.9613888888921,interpolation,0 days 00:01:24.990000,84.99,3187.672,0.0
2024-03-01 16:39:43.445,0 days 00:53:07.772000,-569.9577163616625,-2201.1381022007977,-145.6937278348513,,210.5,10990.75,100.0,0,8,4,5008.62342169239,0.9332046029678646,55,656.350277777781,interpolation,0 days 00:01:25.090000,85.09,3187.772,0.0
2024-03-01 16:39:43.545,0 days 00:53:07.872000,-568.3806728257186,-2166.7223743858785,-146.26237493705563,,213.0,11087.0,100.0,0,8,4,5014.848611111108,0.9343644776341716,55,657.7391666666699,interpolation,0 days 00:01:25.190000,85.19,3187.872,0.0
2024-03-01 16:39:43.645,0 days 00:53:07.972000,-566.0,-2125.0,-147.0,,216.0,11206.0,100.0,0,8,5,5021.136926279856,0.935536113863594,55,658.9058333333364,interpolation,0 days 00:01:25.290000,85.29,3187.972,0.0
2024-03-01 16:39:43.745,0 days 00:53:08.072000,-562.6042185697083,-2071.345485934843,-147.95561305684612,,219.0,11325.0,100.0,0,8,5,5027.015277777774,0.9366313658348165,55,660.072500000003,interpolation,0 days 00:01:25.390000,85.39,3188.072,0.0
2024-03-01 16:39:43.845,0 days 00:53:08.172000,-559.0,-2016.0,-149.0,,221.33333333333334,11372.333333333334,100.0,0,8,5,5032.0105761840005,0.9375620877265243,55,660.8058333333362,interpolation,0 days 00:01:25.490000,85.49,3188.172,0.0
2024-03-01 16:39:43.945,0 days 00:53:08.272000,-555.9940157560322,-1969.2047100050618,-150.0039467218678,,223.66666666666666,11419.666666666666,100.0,0,8,5,5036.426146099082,0.938384794850329,55,661.5391666666695,interpolation,0 days 00:01:25.590000,85.59,3188.272,0.0
2024-03-01 16:39:44.045,0 days 00:53:08.372000,-553.1666254892909,-1924.1524018442728,-150.97961776377713,,226.0,11467.0,100.0,0,8,5,5042.081944444441,0.9394385808120539,55,662.2725000000028,interpolation,0 days 00:01:25.690000,85.69,3188.372,0.0
2024-03-01 16:39:44.145,0 days 00:53:08.472000,-548.0,-1840.0,-152.0,,228.33333333333334,11602.333333333334,100.0,0,8,5,5049.28129892668,0.9407799615020306,55,663.0037962962988,interpolation,0 days 00:01:25.790000,85.79,3188.472,0.0
2024-03-01 16:39:44.245,0 days 00:53:08.572000,-541.0,-1725.0,-153.0,,230.66666666666666,11737.666666666666,100.0,0,8,5,5057.691602401662,0.9423469656974782,55,663.7350925925948,interpolation,0 days 00:01:25.890000,85.89,3188.572,0.0
2024-03-01 16:39:44.345,0 days 00:53:08.672000,-537.7195776376823,-1669.5097787816912,-153.51607305333073,,233.0,11873.0,100.0,0,8,5,5065.317222222219,0.9437677679654639,55,664.4663888888908,interpolation,0 days 00:01:25.990000,85.99,3188.672,0.0
2024-03-01 16:39:44.445,0 days 00:53:08.772000,-535.0,-1621.0,-154.0,,235.0,11641.25,100.0,0,8,5,5071.825554650095,0.9449803977177893,55,664.7163888888908,interpolation,0 days 00:01:26.090000,86.09,3188.772,0.0
2024-03-01 16:39:44.545,0 days 00:53:08.872000,-528.757046887685,-1511.881841591779,-154.9808187361993,,237.0,11409.5,100.0,0,8,5,5077.216599685287,0.9459848549544545,55,664.9663888888908,interpolation,0 days 00:01:26.190000,86.19,3188.872,0.0
2024-03-01 16:39:44.645,0 days 00:53:08.972000,-522.0,-1394.0,-156.0,,239.0,11177.75,100.0,0,8,5,5082.682955988947,0.9470033441548891,55,665.2163888888908,interpolation,0 days 00:01:26.290000,86.29,3188.972,0.0
2024-03-01 16:39:44.745,0 days 00:53:09.072000,-517.7381410362084,-1319.199171667637,-156.59901452947378,,241.0,10946.0,100.0,0,8,5,5089.41722222222,0.9482580697985226,55,665.4663888888908,interpolation,0 days 00:01:26.390000,86.39,3189.072,0.0
2024-03-01 16:39:44.845,0 days 00:53:09.172000,-515.9714699963101,-1287.4793565946898,-156.77786232462057,,242.5,10946.0,100.0,0,8,6,5097.4193983851055,0.949749031885355,55,665.6663888888907,interpolation,0 days 00:01:26.490000,86.49,3189.172,0.0
2024-03-01 16:39:44.945,0 days 00:53:09.272000,-514.9690639582568,-1268.5198632243976,-156.8177789574571,,244.0,10946.0,100.0,0,8,6,5105.683888888887,0.9512888682695221,55,665.8663888888905,interpolation,0 days 00:01:26.590000,86.59,3189.272,0.0
2024-03-01 16:39:45.045,0 days 00:53:09.372000,-513.0,-1232.0,-157.0,,245.75,11035.75,100.0,0,8,6,5113.205098144848,0.9526902168051595,55,665.6997222222237,interpolation,0 days 00:01:26.690000,86.69,3189.372,0.0
2024-03-01 16:39:45.145,0 days 00:53:09.472000,-510.06427812153964,-1177.9197669214973,-157.32452545224936,,247.5,11125.5,100.0,0,8,6,5119.98302615299,0.9539530774922673,55,665.533055555557,interpolation,0 days 00:01:26.790000,86.79,3189.472,0.0
2024-03-01 16:39:45.245,0 days 00:53:09.572000,-506.1293581446937,-1105.492695615289,-157.74685631944158,,249.25,11215.25,100.0,0,8,6,5126.5836077513,0.9551828950711118,55,665.3663888888902,interpolation,0 days 00:01:26.890000,86.89,3189.572,0.0
2024-03-01 16:39:45.345,0 days 00:53:09.672000,-501.0,-1010.0,-158.0,,251.0,11305.0,100.0,0,8,6,5133.572777777776,0.9564851142819597,55,665.1997222222235,interpolation,0 days 00:01:26.990000,86.99,3189.672,0.0
2024-03-01 16:39:45.445,0 days 00:53:09.772000,-494.64366384248626,-890.6552197554253,-158.03945795482855,,252.5,11305.0,100.0,0,8,6,5140.950536232411,0.9578597351248109,55,664.86638888889,interpolation,0 days 00:01:27.090000,87.09,3189.772,0.0
2024-03-01 16:39:45.545,0 days 00:53:09.872000,-489.0,-784.0,-158.0,,254.0,11305.0,100.0,0,8,6,5147.683888888887,0.959114290551201,55,664.5330555555565,interpolation,0 days 00:01:27.190000,87.19,3189.872,0.0
2024-03-01 16:39:45.645,0 days 00:53:09.972000,-486.00865880038884,-726.57598585216,-158.01639595158724,,255.66666666666666,11387.333333333334,100.0,0,8,6,5152.7398415208845,0.9600563135126665,55,664.109074074075,interpolation,0 days 00:01:27.290000,87.29,3189.972,0.0
2024-03-01 16:39:45.745,0 days 00:53:10.072000,-485.1159816523925,-708.4474807392835,-158.06456260579355,,257.3333333333333,11469.666666666666,100.0,0,8,6,5156.918719539788,0.9608349203022273,55,663.6850925925934,interpolation,0 days 00:01:27.390000,87.39,3190.072,0.0
2024-03-01 16:39:45.845,0 days 00:53:10.172000,-483.0,-670.0,-158.0,,259.0,11552.0,100.0,0,8,6,5165.022499999998,0.9623448132588738,55,663.2611111111119,interpolation,0 days 00:01:27.490000,87.49,3190.172,0.0
2024-03-01 16:39:45.945,0 days 00:53:10.272000,-479.1070495824584,-601.297745319634,-157.79862468379667,,259.0,11690.0,100.0,0,8,6,5176.533611111109,0.9644895586249634,55,662.416666666667,interpolation,0 days 00:01:27.590000,87.59,3190.272,0.0
2024-03-01 16:39:46.045,0 days 00:53:10.372000,-473.7715490465873,-507.8819673749616,-157.57316638417066,,260.5,11270.0,100.0,0,8,6,5183.544580003972,0.9657958393914008,55,661.7722222222219,interpolation,0 days 00:01:27.690000,87.69,3190.372,0.0
2024-03-01 16:39:46.145,0 days 00:53:10.472000,-469.0,-423.0,-158.0,,262.0,10850.0,100.0,0,8,6,5188.178055555554,0.9666591466014713,55,661.1277777777768,interpolation,0 days 00:01:27.790000,87.79,3190.472,0.0
2024-03-01 16:39:46.245,0 days 00:53:10.572000,-465.0,-350.0,-159.0,,263.2,10815.4,100.0,0,8,6,5193.874605535397,0.9677205253905415,55,659.9544444444437,interpolation,0 days 00:01:27.890000,87.89,3190.572,0.0
2024-03-01 16:39:46.345,0 days 00:53:10.672000,-461.010646951891,-275.72381196837915,-159.42204765435608,,264.4,10780.8,100.0,0,8,6,5200.634229943501,0.9689799757586122,55,658.7811111111105,interpolation,0 days 00:01:27.990000,87.99,3190.672,0.0
2024-03-01 16:39:46.445,0 days 00:53:10.772000,-456.94029876348657,-199.33800056279517,-159.19021016293468,,265.6,10746.2,100.0,0,8,6,5208.321721792121,0.970412305996765,55,657.6077777777773,interpolation,0 days 00:01:28.090000,88.09,3190.772,0.0
2024-03-01 16:39:46.545,0 days 00:53:10.872000,-453.0,-129.0,-159.0,,266.8,10711.6,100.0,0,8,6,5216.125843308328,0.9718663666253805,55,656.4344444444441,interpolation,0 days 00:01:28.190000,88.19,3190.872,0.0
2024-03-01 16:39:46.645,0 days 00:53:10.972000,-449.22492457554256,-66.0693756884537,-158.96733531775988,,268.0,10677.0,100.0,0,8,6,5223.911388888887,0.9733169661935028,55,655.261111111111,interpolation,0 days 00:01:28.290000,88.29,3190.972,0.0
2024-03-01 16:39:46.745,0 days 00:53:11.072000,-446.0,-10.0,-159.0,,269.0,10742.0,100.0,0,8,7,5231.678358533797,0.9747641047011316,55,653.6907407407407,interpolation,0 days 00:01:28.390000,88.39,3191.072,0.0
2024-03-01 16:39:46.845,0 days 00:53:11.172000,-443.7101537832584,39.754254693517446,-159.00577793050616,,270.0,10807.0,100.0,0,8,7,5239.520497869832,0.9762252487938993,55,652.1203703703704,interpolation,0 days 00:01:28.490000,88.49,3191.172,0.0
2024-03-01 16:39:46.945,0 days 00:53:11.272000,-441.0,99.0,-159.0,,271.0,10872.0,100.0,0,8,7,5248.000277777776,0.9778051978090266,55,650.5500000000002,interpolation,0 days 00:01:28.590000,88.59,3191.272,0.0
2024-03-01 16:39:47.045,0 days 00:53:11.372000,-436.51415272490704,183.54384752734904,-158.99799709920325,,272.5,10914.0,100.0,0,10,7,5257.211442924448,0.9795214182132885,55,648.5833333333335,interpolation,0 days 00:01:28.690000,88.69,3191.372,1.0
2024-03-01 16:39:47.145,0 days 00:53:11.472000,-430.7842348434541,285.5496185515185,-158.99917852049458,,274.0,10956.0,100.0,0,10,7,5266.266944444443,0.9812086354362964,55,646.6166666666668,interpolation,0 days 00:01:28.790000,88.79,3191.472,1.0
2024-03-01 16:39:47.245,0 days 00:53:11.572000,-427.0,358.0,-159.0,,274.6666666666667,10993.666666666666,100.0,0,14,7,5274.27973347235,0.9827015749076624,55,644.8277777777779,interpolation,0 days 00:01:28.890000,88.89,3191.572,1.0
2024-03-01 16:39:47.345,0 days 00:53:11.672000,-425.0,404.0,-159.0,,275.3333333333333,11031.333333333334,100.0,0,14,7,5281.311636137048,0.984011756045637,55,643.0388888888889,interpolation,0 days 00:01:28.990000,88.99,3191.672,1.0
2024-03-01 16:39:47.445,0 days 00:53:11.772000,-420.62575440887787,489.19755723319304,-158.9999535801673,,276.0,11069.0,100.0,0,14,7,5287.73361111111,0.9852082957135991,55,641.25,interpolation,0 days 00:01:29.090000,89.09,3191.772,1.0
2024-03-01 16:39:47.545,0 days 00:53:11.872000,-413.66470289985324,616.9774676484196,-158.99997780528076,,278.5,11118.0,100.0,0,12,7,5293.607485156519,0.9863027134477591,55,639.4722222222222,interpolation,0 days 00:01:29.190000,89.19,3191.872,1.0
2024-03-01 16:39:47.645,0 days 00:53:11.972000,-407.0,742.0,-159.0,,281.0,11167.0,100.0,0,12,7,5300.222499999999,0.9875352202227544,55,637.6944444444443,interpolation,0 days 00:01:29.290000,89.29,3191.972,1.0
2024-03-01 16:39:47.745,0 days 00:53:12.072000,-401.11217392412664,856.7084937236843,-159.0000080517064,,282.0,11207.333333333334,100.0,0,12,7,5308.867897368281,0.989146027013224,55,634.6611111111112,interpolation,0 days 00:01:29.390000,89.39,3192.072,1.0
2024-03-01 16:39:47.845,0 days 00:53:12.172000,-396.03820788243314,959.6381254542968,-159.00000399084237,,283.0,11247.666666666666,100.0,0,12,7,5319.140638143523,0.9910600397407595,55,631.6277777777781,interpolation,0 days 00:01:29.490000,89.49,3192.172,1.0
2024-03-01 16:39:47.945,0 days 00:53:12.272000,-392.0,1042.0,-159.0,,284.0,11288.0,100.0,0,12,7,5328.622499999999,0.9928266962417943,55,628.5944444444449,interpolation,0 days 00:01:29.590000,89.59,3192.272,1.0
2024-03-01 16:39:48.045,0 days 00:53:12.372000,-389.0345331083211,1102.3293089953331,-158.999998109601,,285.5,11316.5,100.0,0,12,7,5336.910447946967,0.9943709032068802,55,625.8166666666671,interpolation,0 days 00:01:29.690000,89.69,3192.372,1.0
2024-03-01 16:39:48.145,0 days 00:53:12.472000,-387.14180720739654,1140.6260524402962,-158.99999831964533,,287.0,11345.0,100.0,0,12,7,5344.566944444443,0.9957974584042836,55,623.0388888888892,interpolation,0 days 00:01:29.790000,89.79,3192.472,1.0
2024-03-01 16:39:48.245,0 days 00:53:12.572000,-385.42817770277367,1175.359769665111,-158.999999369867,,288.0,11408.666666666666,100.0,0,12,7,5352.15445195244,0.9972111596022712,55,623.0388888888892,interpolation,0 days 00:01:29.890000,89.89,3192.572,1.0
2024-03-01 16:39:48.345,0 days 00:53:12.672000,-383.0,1225.0,-159.0,,289.0,11472.333333333334,100.0,0,12,7,5359.672970470958,0.9986120068008435,55,623.0388888888892,interpolation,0 days 00:01:29.990000,89.99,3192.672,1.0
2024-03-01 16:39:48.445,0 days 00:53:12.772000,-379.8572740990754,1289.5467434449629,-159.00000021004433,,290.0,11536.0,100.0,0,12,7,5367.122499999999,1.0,55,623.0388888888892,interpolation,0 days 00:01:30.090000,90.09,3192.772,1.0
2024-03-01 16:39:48.484,0 days 00:53:12.811000,-378.4383750517726,1318.7512413894656,-159.0000001787237,,290.0,11536.0,100.0,0,12,7,5370.0097594529,1.0005379529632312,55,623.0388888888892,interpolation,0 days 00:01:30.129000,90.129,3192.811,1.0
