Date,SessionTime,X,Y,Z,Status,Speed,RPM,Throttle,Brake,DRS,nGear,Distance,RelativeDistance,DriverAhead,DistanceToDriverAhead,Source,Time,TimeSeconds,SessionTimeSeconds,DRSActive
2024-03-01 16:37:27.089,0 days 00:50:51.416000,-376.60120233271914,1361.0038739513702,-159.29911313154642,OnTrack,294.51999829333334,11818.11998976,100.0,0,12,7,5.463684602114357,0.0010135527200125026,,667.5541666666666,interpolation,0 days 00:00:00,0.0,3051.416,1.0
2024-03-01 16:37:27.175,0 days 00:50:51.502000,-373.71192697939716,1422.4547414565181,-159.28225860941458,OnTrack,295.6666666666667,11825.0,100.0,0,12,7,13.920049319895499,0.0025822690873167223,,667.5541666666666,interpolation,0 days 00:00:00.086000,0.086,3051.502,1.0
2024-03-01 16:37:27.275,0 days 00:50:51.602000,-370.0,1500.0,-159.0,OnTrack,297.0,11833.0,100.0,0,12,7,22.86333333333334,0.004241312479784223,,667.5541666666666,interpolation,0 days 00:00:00.186000,0.186,3051.602,1.0
2024-03-01 16:37:27.375,0 days 00:50:51.702000,-365.909479374539,1584.0905170869632,-158.4354827811708,OnTrack,297.5,11567.0,100.0,0,12,7,30.849901360209024,0.00572287818803762,,667.5541666666666,interpolation,0 days 00:00:00.286000,0.286,3051.702,1.0
2024-03-01 16:37:27.475,0 days 00:50:51.802000,-362.0,1665.0,-158.0,OnTrack,298.0,11301.0,100.0,0,12,7,37.879753400522546,0.0070269662120769115,,667.5541666666666,interpolation,0 days 00:00:00.386000,0.386,3051.802,1.0
2024-03-01 16:37:27.575,0 days 00:50:51.902000,-358.8311967733687,1733.0021560216999,-158.1048447035605,OnTrack,298.5,11035.0,100.0,0,12,7,44.89715929613034,0.008328745386916659,,667.5541666666666,interpolation,0 days 00:00:00.486000,0.486,3051.902,1.0
2024-03-01 16:37:27.675,0 days 00:50:52.002000,-356.1013332465183,1794.7320647562701,-158.64607025206283,OnTrack,299.0,10769.0,100.0,0,12,7,52.846388888888896,0.009803384547571427,,667.5541666666666,interpolation,0 days 00:00:00.586000,0.586,3052.002,1.0
2024-03-01 16:37:27.775,0 days 00:50:52.102000,-352.0,1890.0,-159.0,OnTrack,300.0,10764.666666666666,100.0,0,12,7,61.72744217879817,0.011450883694041217,,660.6800925925925,interpolation,0 days 00:00:00.686000,0.686,3052.102,1.0
2024-03-01 16:37:27.875,0 days 00:50:52.202000,-346.2254636754525,2025.4409734142282,-159.06268837199076,OnTrack,301.0,10760.333333333334,100.0,0,12,7,71.25207720342351,0.013217771872871948,,653.8060185185184,interpolation,0 days 00:00:00.786000,0.786,3052.202,1.0
2024-03-01 16:37:27.975,0 days 00:50:52.302000,-341.0,2150.0,-159.0,OnTrack,302.0,10756.0,100.0,0,12,7,79.69083333333333,0.014783221720705838,,646.9319444444443,pos,0 days 00:00:00.886000,0.886,3052.302,1.0
2024-03-01 16:37:28.075,0 days 00:50:52.402000,-338.545884700767,2212.6220947583606,-158.9777995159928,OnTrack,302.75,10780.5,100.0,0,12,8,86.75546565448019,0.016093761736543442,27,641.0569444444443,interpolation,0 days 00:00:00.986000,0.986,3052.402,1.0
2024-03-01 16:37:28.175,0 days 00:50:52.502000,-338.20182012043944,2228.0788196252242,-158.98999113945075,OnTrack,303.5,10805.0,100.0,0,12,8,92.44597416686405,0.01714939192038476,27,635.1819444444443,interpolation,0 days 00:00:01.086000,1.086,3052.502,1.0
2024-03-01 16:37:28.275,0 days 00:50:52.602000,-336.0,2285.0,-159.0,OnTrack,304.25,10829.5,100.0,0,12,8,99.38391226248255,0.01843642924779038,27,629.3069444444443,pos,0 days 00:00:01.186000,1.186,3052.602,1.0
2024-03-01 16:37:28.375,0 days 00:50:52.702000,-331.2791199104121,2398.157349080171,-159.00173025470104,OnTrack,305.0,10854.0,100.0,0,12,8,110.19083333333333,0.020441190694320887,27,623.4319444444443,interpolation,0 days 00:00:01.286000,1.286,3052.702,1.0
2024-03-01 16:37:28.475,0 days 00:50:52.802000,-326.0,2522.0,-159.0,OnTrack,306.0,10878.0,100.0,0,12,8,123.79083333333334,0.022964088335014815,27,613.0763888888887,interpolation,0 days 00:00:01.386000,1.386,3052.802,1.0
2024-03-01 16:37:28.575,0 days 00:50:52.902000,-322.12346041708827,2610.9770858937527,-158.99962733234304,OnTrack,307.0,10903.5,100.0,0,12,8,133.72845493409918,0.024807588488741365,27,606.6874999999998,interpolation,0 days 00:00:01.486000,1.486,3052.902,1.0
2024-03-01 16:37:28.675,0 days 00:50:53.002000,-319.3630421579262,2671.607010943835,-159.00028394414718,OnTrack,308.0,10929.0,100.0,0,12,8,140.90194444444444,0.026138322294711417,27,600.298611111111,interpolation,0 days 00:00:01.586000,1.586,3053.002,1.0
2024-03-01 16:37:28.775,0 days 00:50:53.102000,-316.0,2743.0,-159.0,OnTrack,308.0,10945.0,100.0,0,12,8,147.28546323657957,0.027322510860888112,27,595.2763888888887,interpolation,0 days 00:00:01.686000,1.686,3053.102,1.0
2024-03-01 16:37:28.875,0 days 00:50:53.202000,-311.7478778728841,2831.6743904965383,-158.99844719568043,OnTrack,308.0,10961.0,100.0,0,12,8,154.5908333333333,0.028677709462468694,27,590.2541666666666,interpolation,0 days 00:00:01.786000,1.786,3053.202,1.0
2024-03-01 16:37:28.975,0 days 00:50:53.302000,-307.0,2931.0,-159.0,OnTrack,308.0,10984.0,100.0,0,12,8,164.5298767575343,0.030521473374650398,27,582.9208333333332,interpolation,0 days 00:00:01.886000,1.886,3053.302,1.0
2024-03-01 16:37:29.075,0 days 00:50:53.402000,-302.1496906047694,3034.3466460769364,-159.00903288177037,OnTrack,308.0,11007.0,100.0,0,12,8,175.12416666666664,0.03248679021410462,27,575.5874999999999,interpolation,0 days 00:00:01.986000,1.986,3053.402,1.0
2024-03-01 16:37:29.175,0 days 00:50:53.502000,-297.29230744534004,3139.7028858207364,-159.02004154003916,OnTrack,309.0,11015.0,100.0,0,12,8,184.39527621821426,0.03420664759750274,27,569.5597222222221,interpolation,0 days 00:00:02.086000,2.086,3053.502,1.0
2024-03-01 16:37:29.275,0 days 00:50:53.602000,-293.0,3235.0,-159.0,OnTrack,310.0,11023.0,100.0,0,12,8,192.34638888888887,0.035681636082630426,27,563.5319444444444,interpolation,0 days 00:00:02.186000,2.186,3053.602,1.0
2024-03-01 16:37:29.375,0 days 00:50:53.702000,-289.3681270033658,3318.2265251108374,-158.94340390433632,OnTrack,310.5,11049.0,100.0,0,12,8,198.980688155402,0.036912346227273324,27,558.8875,interpolation,0 days 00:00:02.286000,2.286,3053.702,1.0
2024-03-01 16:37:29.475,0 days 00:50:53.802000,-286.3966884554373,3389.3824611532464,-158.85025325304798,OnTrack,311.0,11075.0,100.0,0,12,8,206.16861111111106,0.03824575754098274,27,554.2430555555555,interpolation,0 days 00:00:02.386000,2.386,3053.802,1.0
2024-03-01 16:37:29.575,0 days 00:50:53.902000,-283.72690567979015,3456.9721666190326,-158.70697597523568,OnTrack,311.3333333333333,11094.666666666666,100.0,0,12,8,215.78059484937347,0.04002884953331,27,547.9097222222222,interpolation,0 days 00:00:02.486000,2.486,3053.902,1.0
2024-03-01 16:37:29.675,0 days 00:50:54.002000,-281.0,3529.5,-158.5,OnTrack,311.6666666666667,11114.333333333334,100.0,0,12,8,227.2712930580391,0.042160456548057675,27,541.5763888888888,pos,0 days 00:00:02.586000,2.586,3054.002,1.0
2024-03-01 16:37:29.775,0 days 00:50:54.102000,-278.21597141606696,3606.9659612961505,-158.22932532734092,OnTrack,312.0,11134.0,100.0,0,12,8,237.36861111111108,0.044033581540221745,27,535.2430555555554,interpolation,0 days 00:00:02.686000,2.686,3054.102,1.0
2024-03-01 16:37:29.875,0 days 00:50:54.202000,-275.0,3694.0,-158.0,OnTrack,312.5,11134.0,100.0,0,12,8,245.5271971120645,0.04554705781766321,27,531.1890972222221,interpolation,0 days 00:00:02.786000,2.786,3054.202,1.0
2024-03-01 16:37:29.975,0 days 00:50:54.302000,-270.9772658238085,3795.2320656040697,-157.91707206071894,OnTrack,313.0,11134.0,100.0,0,12,8,251.7470510608993,0.04670088538038204,27,527.1351388888888,interpolation,0 days 00:00:02.886000,2.886,3054.302,1.0
2024-03-01 16:37:30.075,0 days 00:50:54.402000,-267.0,3895.0,-158.0,OnTrack,313.5,11134.0,100.0,0,12,8,257.7336572570622,0.04781144381038667,27,523.0811805555554,interpolation,0 days 00:00:02.986000,2.986,3054.402,1.0
2024-03-01 16:37:30.175,0 days 00:50:54.502000,-263.920433641082,3977.641645079436,-158.26824230834575,OnTrack,314.0,11134.0,100.0,0,12,8,265.19249999999994,0.049195112689685544,27,519.0272222222221,interpolation,0 days 00:00:03.086000,3.086,3054.502,1.0
2024-03-01 16:37:30.275,0 days 00:50:54.602000,-261.57696627124704,4046.540782693553,-158.6817244009429,OnTrack,314.5,11160.25,100.0,0,12,8,274.1235792897125,0.050851892018278645,27,513.8633333333332,interpolation,0 days 00:00:03.186000,3.186,3054.602,1.0
2024-03-01 16:37:30.375,0 days 00:50:54.702000,-259.0,4122.0,-159.0,OnTrack,315.0,11186.5,100.0,0,12,8,284.52689512619986,0.05278178179616598,27,508.69944444444434,interpolation,0 days 00:00:03.286000,3.286,3054.702,1.0
2024-03-01 16:37:30.475,0 days 00:50:54.802000,-256.02793600631395,4207.403044200203,-159.1829949310655,OnTrack,315.5,11212.75,100.0,0,12,8,294.9185689551428,0.05470951189807046,27,503.5355555555555,interpolation,0 days 00:00:03.386000,3.386,3054.802,1.0
2024-03-01 16:37:30.575,0 days 00:50:54.902000,-252.67205037929688,4302.07873833158,-159.21480449406974,OnTrack,316.0,11239.0,100.0,0,12,8,303.81472222222214,0.05635981219871501,27,498.3716666666666,interpolation,0 days 00:00:03.486000,3.486,3054.902,1.0
2024-03-01 16:37:30.675,0 days 00:50:55.002000,-249.0,4402.0,-159.0,OnTrack,316.3333333333333,11249.333333333334,100.0,0,12,8,311.21535492743794,0.05773268269809966,27,494.1457407407407,interpolation,0 days 00:00:03.586000,3.586,3055.002,1.0
2024-03-01 16:37:30.775,0 days 00:50:55.102000,-245.0230610729991,4506.495645369991,-158.5226765859217,OnTrack,316.6666666666667,11259.666666666666,100.0,0,12,8,317.8916051613212,0.05897117504837513,27,489.9198148148148,interpolation,0 days 00:00:03.686000,3.686,3055.102,1.0
2024-03-01 16:37:30.875,0 days 00:50:55.202000,-241.0,4613.0,-158.0,OnTrack,317.0,11270.0,100.0,0,12,8,328.4702777777777,0.06093359476791421,27,485.69388888888886,interpolation,0 days 00:00:03.786000,3.786,3055.202,1.0
2024-03-01 16:37:30.975,0 days 00:50:55.302000,-237.18958318270847,4718.9473894484745,-157.64913599040017,OnTrack,317.0,11306.0,100.0,0,12,8,342.5591666666666,0.06354718480745662,27,478.7605555555555,interpolation,0 days 00:00:03.886000,3.886,3055.302,1.0
2024-03-01 16:37:31.075,0 days 00:50:55.402000,-233.59181062112452,4824.337813715414,-157.47008455712225,OnTrack,317.0,11311.333333333334,100.0,0,12,8,353.1782897400066,0.06551710837716014,27,474.79388888888883,interpolation,0 days 00:00:03.986000,3.986,3055.402,1.0
2024-03-01 16:37:31.175,0 days 00:50:55.502000,-230.44813274897834,4918.809331124648,-157.30599084528322,OnTrack,317.0,11316.666666666666,100.0,0,12,8,359.90848703027586,0.06676560829370609,27,470.8272222222222,interpolation,0 days 00:00:04.086000,4.086,3055.502,1.0
2024-03-01 16:37:31.275,0 days 00:50:55.602000,-228.0,4992.0,-157.0,OnTrack,317.0,11322.0,100.0,0,12,8,367.2147222222221,0.06812096737665581,27,466.8605555555555,interpolation,0 days 00:00:04.186000,4.186,3055.602,1.0
2024-03-01 16:37:31.375,0 days 00:50:55.702000,-226.2474123741897,5043.909820341475,-156.55211202127276,OnTrack,317.5,11315.0,100.0,0,12,8,375.84115211987444,0.06972123205580276,27,462.8605555555555,interpolation,0 days 00:00:04.286000,4.286,3055.702,1.0
2024-03-01 16:37:31.475,0 days 00:50:55.802000,-224.87604963288533,5084.2180568072035,-155.93669963679545,OnTrack,318.0,11308.0,100.0,0,12,8,384.8813888888888,0.0713982608804984,27,458.86055555555555,interpolation,0 days 00:00:04.386000,4.386,3055.802,1.0
2024-03-01 16:37:31.575,0 days 00:50:55.902000,-222.0,5171.0,-155.0,OnTrack,318.25,11317.75,100.0,0,12,8,393.42904469492163,0.07298391240009428,27,455.6355555555555,pos,0 days 00:00:04.486000,4.486,3055.902,1.0
2024-03-01 16:37:31.675,0 days 00:50:56.002000,-217.30494645549462,5313.934815462838,-153.7163861010026,OnTrack,318.5,11327.5,100.0,0,12,8,401.4841195379727,0.07447818661459035,27,452.41055555555556,interpolation,0 days 00:00:04.586000,4.586,3056.002,1.0
2024-03-01 16:37:31.775,0 days 00:50:56.102000,-211.29557309541673,5497.771103787489,-152.1849225442835,OnTrack,318.75,11337.25,100.0,0,12,8,409.21282905648184,0.0759119177182562,27,449.18555555555554,interpolation,0 days 00:00:04.686000,4.686,3056.102,1.0
2024-03-01 16:37:31.875,0 days 00:50:56.202000,-207.0,5631.0,-151.0,OnTrack,319.0,11347.0,100.0,0,12,8,416.78138888888884,0.07731593990536137,27,445.9605555555555,interpolation,0 days 00:00:04.786000,4.786,3056.202,1.0
2024-03-01 16:37:31.975,0 days 00:50:56.302000,-204.92291643328372,5698.369948517019,-150.26068408705927,OnTrack,319.3333333333333,11352.0,100.0,0,12,8,424.1897990351936,0.07869025317590587,27,442.79759259259254,interpolation,0 days 00:00:04.886000,4.886,3056.302,1.0
2024-03-01 16:37:32.075,0 days 00:50:56.402000,-205.06432239526788,5699.880949338545,-149.96697480546132,OnTrack,319.6666666666667,11357.0,100.0,0,12,8,431.78740358166215,0.08009966336599492,27,439.6346296296296,interpolation,0 days 00:00:04.986000,4.986,3056.402,1.0
2024-03-01 16:37:32.175,0 days 00:50:56.502000,-204.92356715961805,5706.951475490797,-149.6897781211327,OnTrack,320.0,11362.0,100.0,0,12,8,441.6702777777777,0.08193300748310188,27,436.47166666666664,interpolation,0 days 00:00:05.086000,5.086,3056.502,1.0
2024-03-01 16:37:32.275,0 days 00:50:56.602000,-202.0,5791.0,-149.0,OnTrack,320.0,11370.0,100.0,0,12,8,454.1877692871079,0.08425509202694711,27,432.1161111111111,interpolation,0 days 00:00:05.186000,5.186,3056.602,1.0
2024-03-01 16:37:32.375,0 days 00:50:56.702000,-197.0,5933.0,-148.0,OnTrack,320.0,11378.0,100.0,0,12,8,466.5591666666666,0.08655007506084239,27,427.7605555555555,interpolation,0 days 00:00:05.286000,5.286,3056.702,1.0
2024-03-01 16:37:32.475,0 days 00:50:56.802000,-194.16186336117556,6018.791753797118,-147.3039386132495,OnTrack,320.0,11374.5,100.0,0,12,8,476.0037584734679,0.08830211464809946,27,424.84388888888884,interpolation,0 days 00:00:05.386000,5.386,3056.802,1.0
2024-03-01 16:37:32.575,0 days 00:50:56.902000,-193.51527436385717,6049.49621162317,-146.88854204159614,OnTrack,320.0,11371.0,100.0,0,12,8,484.3369444444444,0.0898479804735142,27,421.9272222222222,interpolation,0 days 00:00:05.486000,5.486,3056.902,1.0
2024-03-01 16:37:32.675,0 days 00:50:57.002000,-191.0,6146.0,-146.0,OnTrack,320.0,11456.5,100.0,0,12,8,493.3741243165285,0.0915244422218824,27,419.1494444444445,interpolation,0 days 00:00:05.586000,5.586,3057.002,1.0
2024-03-01 16:37:32.775,0 days 00:50:57.102000,-185.93933130352508,6328.450993171348,-144.51267679770189,OnTrack,320.0,11542.0,100.0,0,12,8,502.11472222222216,0.09314588588618598,27,416.3716666666667,interpolation,0 days 00:00:05.686000,5.686,3057.102,1.0
2024-03-01 16:37:32.875,0 days 00:50:57.202000,-181.0,6506.0,-143.0,OnTrack,320.0,11512.0,100.0,0,12,8,509.5581622940273,0.09452669745940687,27,414.2383333333334,interpolation,0 days 00:00:05.786000,5.786,3057.202,1.0
2024-03-01 16:37:32.975,0 days 00:50:57.302000,-178.84873781499226,6587.797829348744,-142.03539717219255,OnTrack,320.0,11482.0,100.0,0,12,8,516.026055254103,0.09572653803949771,27,412.105,interpolation,0 days 00:00:05.886000,5.886,3057.302,1.0
2024-03-01 16:37:33.075,0 days 00:50:57.402000,-178.93994057500942,6592.384549433407,-141.5354887600937,OnTrack,320.0,11452.0,100.0,0,12,8,523.4480555555555,0.09710337238139213,27,409.9716666666667,interpolation,0 days 00:00:05.986000,5.986,3057.402,1.0
2024-03-01 16:37:33.175,0 days 00:50:57.502000,-178.0,6631.0,-141.0,OnTrack,320.5,11412.0,100.0,0,12,8,532.1457706272671,0.09871686097211635,27,407.3883333333334,interpolation,0 days 00:00:06.086000,6.086,3057.502,1.0
2024-03-01 16:37:33.275,0 days 00:50:57.602000,-175.48331750342976,6722.184059415022,-140.34555219152793,OnTrack,321.0,11372.0,100.0,0,12,8,541.2813888888888,0.10041158374847854,27,404.80500000000006,interpolation,0 days 00:00:06.186000,6.186,3057.602,1.0
2024-03-01 16:37:33.375,0 days 00:50:57.702000,-171.7543666472683,6853.57476934184,-139.6077252766255,OnTrack,320.2,11348.0,100.0,0,12,8,550.017098760072,0.10203212064728699,27,402.6983333333334,interpolation,0 days 00:00:06.286000,6.286,3057.702,1.0
2024-03-01 16:37:33.475,0 days 00:50:57.802000,-169.0,6951.0,-139.0,OnTrack,319.4,11324.0,100.0,0,12,8,558.3529002408169,0.10357847166854167,27,400.5916666666667,interpolation,0 days 00:00:06.386000,6.386,3057.802,1.0
2024-03-01 16:37:33.575,0 days 00:50:57.902000,-167.58469485582305,7002.097666465768,-138.55795666794,OnTrack,318.6,11300.0,100.0,0,12,8,566.3922818036157,0.10506983466688165,27,398.485,interpolation,0 days 00:00:06.486000,6.486,3057.902,1.0
2024-03-01 16:37:33.675,0 days 00:50:58.002000,-166.0,7057.0,-138.0,OnTrack,317.8,11276.0,100.0,0,12,8,574.7561711042699,0.10662139618038498,27,396.37833333333333,interpolation,0 days 00:00:06.586000,6.586,3058.002,1.0
2024-03-01 16:37:33.775,0 days 00:50:58.102000,-162.73746421779373,7165.839231863559,-137.0445347157347,OnTrack,317.0,11252.0,100.0,0,12,8,583.5480555555555,0.10825235386710573,27,394.27166666666665,interpolation,0 days 00:00:06.686000,6.686,3058.102,1.0
2024-03-01 16:37:33.875,0 days 00:50:58.202000,-159.0,7286.0,-136.0,OnTrack,317.0,11061.333333333334,66.66666666666666,0,12,8,592.7679351574725,0.10996270772704386,27,392.1383333333334,interpolation,0 days 00:00:06.786000,6.786,3058.202,1.0
2024-03-01 16:37:33.975,0 days 00:50:58.302000,-155.9905198374148,7374.866942352883,-135.17483503765192,OnTrack,317.0,10870.666666666666,33.33333333333333,0,12,8,602.3307155662478,0.11173667214849779,27,390.00500000000005,interpolation,0 days 00:00:06.886000,6.886,3058.302,1.0
2024-03-01 16:37:34.075,0 days 00:50:58.402000,-153.5806331053696,7436.6934790285,-134.5487492735305,OnTrack,317.0,10680.0,0.0,0,12,8,611.7258333333332,0.11347953394619052,27,387.8716666666668,interpolation,0 days 00:00:06.986000,6.986,3058.402,1.0
2024-03-01 16:37:34.175,0 days 00:50:58.502000,-151.0,7497.0,-134.0,OnTrack,286.5,10400.0,0.0,0,12,8,620.868194986317,0.11517550767006432,27,387.57041666666674,interpolation,0 days 00:00:07.086000,7.086,3058.502,1.0
2024-03-01 16:37:34.275,0 days 00:50:58.602000,-148.12023121135073,7560.039881818874,-133.50829686967467,OnTrack,256.0,10120.0,0.0,0,12,8,628.863611111111,0.11665871476400613,27,387.2691666666667,interpolation,0 days 00:00:07.186000,7.186,3058.602,1.0
2024-03-01 16:37:34.375,0 days 00:50:58.702000,-145.0,7629.0,-133.0,OnTrack,245.33333333333334,10183.0,0.0,1,8,8,634.8178922936272,0.11776327667190306,27,387.98027777777776,interpolation,0 days 00:00:07.286000,7.286,3058.702,0.0
2024-03-01 16:37:34.475,0 days 00:50:58.802000,-141.69797962652603,7707.067230058257,-132.40146950842146,OnTrack,234.66666666666666,10246.0,0.0,1,8,8,639.085914501731,0.11855502543361296,27,388.69138888888875,interpolation,0 days 00:00:07.386000,7.386,3058.802,0.0
2024-03-01 16:37:34.575,0 days 00:50:58.902000,-139.0,7769.0,-132.0,OnTrack,224.0,10309.0,0.0,1,8,8,643.7969444444444,0.11942895531065045,27,389.4024999999998,interpolation,0 days 00:00:07.486000,7.486,3058.902,0.0
2024-03-01 16:37:34.675,0 days 00:50:59.002000,-137.69189102949315,7789.556737831583,-132.08288607979665,OnTrack,205.0,10235.666666666666,0.0,1,8,8,649.3058617235815,0.12045089901699702,27,392.46916666666647,interpolation,0 days 00:00:07.586000,7.586,3059.002,0.0
2024-03-01 16:37:34.775,0 days 00:50:59.102000,-136.0,7811.0,-132.0,OnTrack,186.0,10162.333333333334,0.0,1,8,8,655.3659528473986,0.12157508942866378,27,395.5358333333331,pos,0 days 00:00:07.686000,7.686,3059.102,0.0
2024-03-01 16:37:34.875,0 days 00:50:59.202000,-132.15067419651515,7875.592342952247,-131.10121401279878,OnTrack,167.0,10089.0,0.0,1,8,7,660.4969444444444,0.12252692520767902,27,398.60249999999974,interpolation,0 days 00:00:07.786000,7.786,3059.202,0.0
2024-03-01 16:37:34.975,0 days 00:50:59.302000,-127.0,7953.0,-130.0,OnTrack,167.0,10229.0,0.0,1,8,7,664.452125549308,0.12326063969870676,27,400.78027777777754,interpolation,0 days 00:00:07.886000,7.886,3059.302,0.0
2024-03-01 16:37:35.075,0 days 00:50:59.402000,-121.40406379141601,8012.889204454943,-129.30982984341068,OnTrack,167.0,10369.0,0.0,1,8,6,667.9191666666666,0.1239038007174695,27,402.95805555555535,interpolation,0 days 00:00:07.986000,7.986,3059.402,0.0
2024-03-01 16:37:35.175,0 days 00:50:59.502000,-115.36286557076313,8055.259956317072,-129.03070354303074,OnTrack,151.5,10476.5,0.0,1,8,6,671.5857383011972,0.12458397607968956,27,406.65249999999986,interpolation,0 days 00:00:08.086000,8.086,3059.502,0.0
2024-03-01 16:37:35.275,0 days 00:50:59.602000,-109.64023456472871,8086.000730020665,-128.9862254711355,OnTrack,136.0,10584.0,0.0,1,8,5,675.4747222222221,0.12530541051785501,27,410.3469444444444,interpolation,0 days 00:00:08.186000,8.186,3059.602,0.0
2024-03-01 16:37:35.375,0 days 00:50:59.702000,-105.0,8111.0,-129.0,OnTrack,126.5,10173.5,0.0,1,8,5,679.6090001990633,0.12607234876445397,27,415.513611111111,interpolation,0 days 00:00:08.286000,8.286,3059.702,0.0
2024-03-01 16:37:35.475,0 days 00:50:59.802000,-101.44216187657702,8130.2577662550775,-129.07202712962436,OnTrack,117.0,9763.0,0.0,1,8,5,683.2747222222221,0.12675236651766475,27,420.68027777777763,interpolation,0 days 00:00:08.386000,8.386,3059.802,0.0
2024-03-01 16:37:35.575,0 days 00:50:59.902000,-98.96672019445974,8143.774028785894,-129.2023068600085,OnTrack,114.0,9394.666666666666,0.0,1,8,4,685.7580382821997,0.1272130394756658,27,424.4136111111109,interpolation,0 days 00:00:08.486000,8.486,3059.902,0.0
2024-03-01 16:37:35.675,0 days 00:51:00.002000,-94.00791841511261,8158.903276923766,-129.2314331603884,OnTrack,111.0,9026.333333333334,0.0,1,8,2,687.4253104295437,0.12752233042911645,27,428.14694444444416,interpolation,0 days 00:00:08.586000,8.586,3060.002,0.0
2024-03-01 16:37:35.775,0 days 00:51:00.102000,-83.0,8183.0,-129.0,OnTrack,108.0,8658.0,0.0,1,8,2,690.4747222222221,0.12808801820979682,27,431.88027777777745,interpolation,0 days 00:00:08.686000,8.686,3060.102,0.0
2024-03-01 16:37:35.875,0 days 00:51:00.202000,-65.94296494912193,8216.0641980146,-128.50800737884327,OnTrack,98.0,8106.0,0.0,1,8,2,694.8302777777777,0.12889600503590143,27,439.83583333333297,interpolation,0 days 00:00:08.786000,8.786,3060.202,0.0
2024-03-01 16:37:35.975,0 days 00:51:00.302000,-46.0,8250.0,-128.0,OnTrack,95.0,7903.0,0.0,1,8,2,697.8377933993859,0.12945392077605627,27,444.974722222222,pos,0 days 00:00:08.886000,8.886,3060.302,0.0
2024-03-01 16:37:36.075,0 days 00:51:00.402000,-26.334291890155804,8276.711534988648,-127.72052256655186,OnTrack,92.0,7700.0,0.0,1,8,2,699.9413888888888,0.12984415284204456,27,450.113611111111,interpolation,0 days 00:00:08.986000,8.986,3060.402,0.0
2024-03-01 16:37:36.175,0 days 00:51:00.502000,-6.945840619589358,8296.19880298054,-127.66957507849887,OnTrack,89.66666666666667,7527.333333333333,0.0,1,8,2,702.027550262507,0.13023115075436864,27,455.2987962962962,interpolation,0 days 00:00:09.086000,9.086,3060.502,0.0
2024-03-01 16:37:36.275,0 days 00:51:00.602000,11.915530960771774,8310.836669482162,-127.78384005119646,OnTrack,87.33333333333333,7354.666666666667,0.0,1,8,2,704.1412695153236,0.13062326085113488,27,460.4839814814813,interpolation,0 days 00:00:09.186000,9.186,3060.602,0.0
2024-03-01 16:37:36.375,0 days 00:51:00.702000,30.0,8323.0,-128.0,OnTrack,85.0,7182.0,0.0,1,8,2,706.5524999999999,0.13107056141738188,27,465.66916666666646,interpolation,0 days 00:00:09.286000,9.286,3060.702,0.0
2024-03-01 16:37:36.475,0 days 00:51:00.802000,47.30756649809534,8332.688794534057,-128.31805492490955,OnTrack,83.5,6929.5,0.0,1,8,2,709.3062341723399,0.13158139887668296,27,472.4691666666665,interpolation,0 days 00:00:09.386000,9.386,3060.802,0.0
2024-03-01 16:37:36.575,0 days 00:51:00.902000,63.838230455057776,8339.903053084328,-128.73800482592503,OnTrack,82.0,6677.0,0.0,1,8,2,712.0191666666666,0.13208466733177848,27,479.2691666666666,interpolation,0 days 00:00:09.486000,9.486,3060.902,0.0
2024-03-01 16:37:36.675,0 days 00:51:01.002000,79.84124060864059,8344.694831350738,-129.23548062780685,OnTrack,80.0,6652.0,0.0,1,8,2,714.3079921173033,0.13250926088540876,27,485.01805555555546,interpolation,0 days 00:00:09.586000,9.586,3061.002,0.0
2024-03-01 16:37:36.775,0 days 00:51:01.102000,96.81208172846824,8347.376461933673,-129.66426862773235,OnTrack,78.0,6627.0,0.0,0,8,2,716.3308333333332,0.13288451245389551,27,490.76694444444433,interpolation,0 days 00:00:09.686000,9.686,3061.102,0.0
2024-03-01 16:37:36.875,0 days 00:51:01.202000,115.0,8348.0,-130.0,OnTrack,77.0,6627.75,0.25,0,8,2,718.2458131238398,0.13323975495356066,27,496.0669444444443,interpolation,0 days 00:00:09.786000,9.786,3061.202,0.0
2024-03-01 16:37:36.975,0 days 00:51:01.302000,134.40499542323587,8346.565445549724,-130.24267474460976,OnTrack,76.0,6628.5,0.5,0,8,2,720.0529314888231,0.1335749883844041,27,501.3669444444443,interpolation,0 days 00:00:09.886000,9.886,3061.302,0.0
2024-03-01 16:37:37.075,0 days 00:51:01.402000,155.02706799817585,8343.072798582845,-130.3922928615616,OnTrack,75.0,6629.25,0.75,0,8,2,721.8490007760614,0.1339081721319994,27,506.6669444444443,interpolation,0 days 00:00:09.986000,9.986,3061.402,0.0
2024-03-01 16:37:37.175,0 days 00:51:01.502000,175.63560657402792,8337.793752324542,-130.59576454773267,OnTrack,74.0,6630.0,1.0,0,8,2,723.7308333333332,0.13425726558192014,27,511.96694444444427,interpolation,0 days 00:00:10.086000,10.086,3061.502,0.0
2024-03-01 16:37:37.275,0 days 00:51:01.602000,195.0,8331.0,-131.0,OnTrack,74.0,6594.5,6.999999999999999,0,8,2,725.6984291606384,0.13462226873416627,27,518.133611111111,interpolation,0 days 00:00:10.186000,10.186,3061.602,0.0
2024-03-01 16:37:37.375,0 days 00:51:01.702000,213.12024827609224,8322.691541609222,-131.60499921836364,OnTrack,74.0,6559.0,12.999999999999998,0,8,2,727.751788257977,0.1350031815887378,27,524.3002777777778,interpolation,0 days 00:00:10.286000,10.286,3061.702,0.0
2024-03-01 16:37:37.475,0 days 00:51:01.802000,230.14876199157123,8312.92054326038,-132.36439660529842,OnTrack,74.0,6523.5,19.0,0,8,2,729.8502254485493,0.1353924567532407,27,530.4669444444445,interpolation,0 days 00:00:10.386000,10.386,3061.802,0.0
2024-03-01 16:37:37.575,0 days 00:51:01.902000,247.0,8302.0,-133.0,OnTrack,74.0,6488.0,25.0,0,8,2,731.9530555555554,0.13578254683528085,27,536.6336111111112,interpolation,0 days 00:00:10.486000,10.486,3061.902,0.0
2024-03-01 16:37:37.675,0 days 00:51:02.002000,263.8263713299688,8289.982077402085,-133.46544427972455,OnTrack,74.5,6692.5,25.0,0,8,2,734.0602785789954,0.13617345183485827,27,542.8836111111111,interpolation,0 days 00:00:10.586000,10.586,3062.002,0.0
2024-03-01 16:37:37.775,0 days 00:51:02.102000,279.9162657488349,8277.57187370504,-133.77341212404366,OnTrack,75.0,6897.0,25.0,0,8,2,736.1197222222221,0.13655549341637582,27,549.133611111111,interpolation,0 days 00:00:10.686000,10.686,3062.102,0.0
2024-03-01 16:37:37.875,0 days 00:51:02.202000,291.0,8269.0,-134.0,OnTrack,75.66666666666667,7130.0,28.333333333333332,0,8,2,738.0792141885879,0.13691899324423634,27,554.9410185185185,interpolation,0 days 00:00:10.786000,10.786,3062.202,0.0
2024-03-01 16:37:37.975,0 days 00:51:02.302000,296.3659565638954,8264.971561745626,-134.1578907170365,OnTrack,76.33333333333333,7363.0,31.666666666666668,0,8,2,739.984339969288,0.13727240775433583,27,560.748425925926,interpolation,0 days 00:00:10.886000,10.886,3062.302,0.0
2024-03-01 16:37:38.075,0 days 00:51:02.402000,317.0,8246.0,-135.0,OnTrack,77.0,7596.0,35.0,0,8,2,742.1086111111109,0.1376664753022696,27,566.5558333333335,interpolation,0 days 00:00:10.986000,10.986,3062.402,0.0
2024-03-01 16:37:38.175,0 days 00:51:02.502000,367.0,8199.0,-137.0,OnTrack,81.0,7843.666666666667,39.0,0,8,2,744.4976126384588,0.13810965223734017,27,572.9558333333334,interpolation,0 days 00:00:11.086000,11.086,3062.502,0.0
2024-03-01 16:37:38.275,0 days 00:51:02.602000,405.0377757572117,8162.379223465196,-138.48242069622063,OnTrack,85.0,8091.333333333333,43.0,0,8,2,747.1457796117147,0.1386009062232954,27,579.3558333333334,interpolation,0 days 00:00:11.186000,11.186,3062.602,0.0
2024-03-01 16:37:38.375,0 days 00:51:02.702000,424.22526187041325,8142.538980123447,-139.16801565545572,OnTrack,89.0,8339.0,47.0,0,8,2,750.0197222222221,0.13913404321090855,27,585.7558333333334,interpolation,0 days 00:00:11.286000,11.286,3062.702,0.0
2024-03-01 16:37:38.475,0 days 00:51:02.802000,427.2550300745009,8137.17120255068,-139.1590314520558,OnTrack,93.33333333333333,8776.666666666666,54.333333333333336,0,8,2,753.1138754733788,0.13970803085335626,27,591.8299074074075,interpolation,0 days 00:00:11.386000,11.386,3062.802,0.0
2024-03-01 16:37:38.575,0 days 00:51:02.902000,430.28242806332895,8132.427557106059,-139.06894439112025,OnTrack,97.66666666666667,9214.333333333334,61.666666666666664,0,8,2,756.3308584762647,0.14030480429660136,27,597.9039814814815,interpolation,0 days 00:00:11.486000,11.486,3062.902,0.0
2024-03-01 16:37:38.675,0 days 00:51:03.002000,436.0,8126.0,-139.0,OnTrack,102.0,9652.0,69.0,0,8,2,759.0863888888888,0.1408159749713712,27,603.9780555555557,interpolation,0 days 00:00:11.586000,11.586,3063.002,0.0
2024-03-01 16:37:38.775,0 days 00:51:03.102000,444.0,8118.0,-139.0,OnTrack,104.5,9998.5,72.0,0,8,2,761.2830868195058,0.1412234782086117,27,608.3780555555556,interpolation,0 days 00:00:11.686000,11.686,3063.102,0.0
2024-03-01 16:37:38.875,0 days 00:51:03.202000,451.8359402302477,8109.096373135356,-139.35575618742345,OnTrack,107.0,10345.0,75.0,0,8,2,763.8419444444444,0.1416981646692609,27,612.7780555555557,interpolation,0 days 00:00:11.786000,11.786,3063.202,0.0
2024-03-01 16:37:38.975,0 days 00:51:03.302000,462.12312795638246,8096.854748167179,-140.08418823882099,OnTrack,115.0,10529.5,75.5,0,8,2,767.683953940033,0.1424108850142568,27,618.8113888888889,interpolation,0 days 00:00:11.886000,11.886,3063.302,0.0
2024-03-01 16:37:39.075,0 days 00:51:03.402000,493.0,8066.0,-141.0,OnTrack,123.0,10714.0,76.0,0,8,2,772.0419444444444,0.1432193235408558,27,624.8447222222221,interpolation,0 days 00:00:11.986000,11.986,3063.402,0.0
2024-03-01 16:37:39.175,0 days 00:51:03.502000,541.0,8020.0,-142.0,OnTrack,127.0,10622.5,75.5,0,8,2,776.1487450958521,0.14398116454631438,27,628.2613888888887,interpolation,0 days 00:00:12.086000,12.086,3063.502,0.0
2024-03-01 16:37:39.275,0 days 00:51:03.602000,567.1850607366656,7994.937364411195,-142.65033429463995,OnTrack,131.0,10531.0,75.0,0,8,2,780.0043558942559,0.14469640803063255,27,631.6780555555554,interpolation,0 days 00:00:12.186000,12.186,3063.602,0.0
2024-03-01 16:37:39.375,0 days 00:51:03.702000,572.3275317550837,7991.085292219365,-142.91368477188746,OnTrack,135.0,10439.5,74.5,0,8,2,783.7398720788651,0.14538937310187697,27,635.0947222222221,interpolation,0 days 00:00:12.286000,12.286,3063.702,0.0
2024-03-01 16:37:39.475,0 days 00:51:03.802000,600.0,7974.0,-143.0,OnTrack,139.0,10348.0,74.0,0,8,2,787.4863888888889,0.1460843788681144,27,638.5113888888887,interpolation,0 days 00:00:12.386000,12.386,3063.802,0.0
2024-03-01 16:37:39.575,0 days 00:51:03.902000,652.0,7942.0,-143.0,OnTrack,142.66666666666666,10710.666666666666,74.33333333333333,0,8,2,791.2439063243271,0.1467814253293448,27,639.8854629629628,interpolation,0 days 00:00:12.486000,12.486,3063.902,0.0
2024-03-01 16:37:39.675,0 days 00:51:04.002000,695.5397610167256,7919.4404501759755,-143.24805696680886,OnTrack,146.33333333333334,11073.333333333334,74.66666666666667,0,8,2,795.05254785757,0.1474879556777615,27,641.259537037037,interpolation,0 days 00:00:12.586000,12.586,3064.002,0.0
2024-03-01 16:37:39.775,0 days 00:51:04.102000,725.9496687017146,7908.622754483424,-143.72706360527053,OnTrack,150.0,11436.0,75.0,0,8,3,799.1530555555555,0.14824862929518026,27,642.6336111111111,interpolation,0 days 00:00:12.686000,12.686,3064.102,0.0
2024-03-01 16:37:39.875,0 days 00:51:04.202000,748.0,7899.0,-144.0,OnTrack,153.5,10857.5,74.0,0,8,3,803.5855533015401,0.149070889450013,27,643.3280555555556,interpolation,0 days 00:00:12.786000,12.786,3064.202,0.0
2024-03-01 16:37:39.975,0 days 00:51:04.302000,762.485805139731,7888.8143589052615,-143.9940291255089,OnTrack,157.0,10279.0,73.0,0,8,3,807.8752777777777,0.14986666413827235,27,644.0225,interpolation,0 days 00:00:12.886000,12.886,3064.302,0.0
2024-03-01 16:37:40.075,0 days 00:51:04.402000,780.1000276256378,7878.426452776589,-143.692999196792,OnTrack,158.75,10406.5,73.75,0,8,3,811.5474656665219,0.1505478813559707,27,643.7475,interpolation,0 days 00:00:12.986000,12.986,3064.402,0.0
2024-03-01 16:37:40.175,0 days 00:51:04.502000,865.0,7870.0,-143.0,OnTrack,160.5,10534.0,74.5,0,8,3,814.6021169677731,0.15111454110310815,27,643.4725,pos,0 days 00:00:13.086000,13.086,3064.502,0.0
2024-03-01 16:37:40.275,0 days 00:51:04.602000,1010.0,7864.0,-142.0,OnTrack,162.25,10661.5,75.25,0,8,3,818.3933486740265,0.1518178418036251,27,643.1975,interpolation,0 days 00:00:13.186000,13.186,3064.602,0.0
2024-03-01 16:37:40.375,0 days 00:51:04.702000,1107.8292392188087,7861.052738809268,-141.29971659726718,OnTrack,164.0,10789.0,76.0,0,8,3,824.2752777777778,0.1529089818814621,27,642.9224999999999,interpolation,0 days 00:00:13.286000,13.286,3064.702,0.0
2024-03-01 16:37:40.475,0 days 00:51:04.802000,1140.609344459538,7861.262596898821,-141.0002688408161,OnTrack,169.0,11016.0,74.0,0,8,4,831.7863888888888,0.15430234691831593,27,641.9891666666666,interpolation,0 days 00:00:13.386000,13.386,3064.802,0.0
2024-03-01 16:37:40.575,0 days 00:51:04.902000,1120.9940696396964,7864.716178439961,-140.9613797272573,OnTrack,171.75,11258.25,80.5,0,8,4,838.15757548873,0.1554842477742836,27,640.7360416666666,interpolation,0 days 00:00:13.486000,13.486,3064.902,0.0
2024-03-01 16:37:40.675,0 days 00:51:05.002000,1124.9063269889796,7871.933111120975,-140.3413829269297,OnTrack,174.5,11500.5,87.0,0,8,4,842.927317461221,0.1563690691543657,27,639.4829166666666,interpolation,0 days 00:00:13.586000,13.586,3065.002,0.0
2024-03-01 16:37:40.775,0 days 00:51:05.102000,1165.0,7883.0,-139.0,OnTrack,177.25,11742.75,93.5,0,8,4,847.1390951475462,0.15715038415348018,27,638.2297916666666,interpolation,0 days 00:00:13.686000,13.686,3065.102,0.0
2024-03-01 16:37:40.875,0 days 00:51:05.202000,1241.2750886727576,7897.916845077032,-136.9372309464682,OnTrack,180.0,11985.0,100.0,0,8,4,851.8363888888888,0.15802176586654482,27,636.9766666666666,interpolation,0 days 00:00:13.786000,13.786,3065.202,0.0
2024-03-01 16:37:40.975,0 days 00:51:05.302000,1315.0,7911.0,-135.0,OnTrack,183.5,11623.5,100.0,0,8,4,857.0191986852486,0.15898321429355966,27,635.1988888888889,interpolation,0 days 00:00:13.886000,13.886,3065.302,0.0
2024-03-01 16:37:41.075,0 days 00:51:05.402000,1347.4431409744761,7916.565818416839,-134.03523139426125,OnTrack,187.0,11262.0,100.0,0,8,4,862.6875245366263,0.16003472943452474,27,633.4211111111111,interpolation,0 days 00:00:13.986000,13.986,3065.402,0.0
2024-03-01 16:37:41.175,0 days 00:51:05.502000,1350.6617913444045,7917.375908042098,-133.70702836411982,OnTrack,190.5,10900.5,100.0,0,8,4,868.3191714530236,0.16107944036971597,27,631.6433333333334,interpolation,0 days 00:00:14.086000,14.086,3065.502,0.0
2024-03-01 16:37:41.275,0 days 00:51:05.602000,1397.0,7930.0,-132.0,OnTrack,194.0,10539.0,100.0,0,8,4,873.3919444444442,0.16202047617940937,27,629.8655555555557,pos,0 days 00:00:14.186000,14.186,3065.602,0.0
2024-03-01 16:37:41.375,0 days 00:51:05.702000,1486.0,7954.0,-129.0,OnTrack,196.33333333333334,10703.0,100.0,0,8,4,877.905843510887,0.16285783686360494,27,628.1322222222224,interpolation,0 days 00:00:14.286000,14.286,3065.702,0.0
2024-03-01 16:37:41.475,0 days 00:51:05.802000,1542.5703859371226,7970.177428041427,-127.23756473742924,OnTrack,198.66666666666666,10867.0,100.0,0,8,4,882.0314152452853,0.16362316003972455,27,626.3988888888891,interpolation,0 days 00:00:14.386000,14.386,3065.802,0.0
2024-03-01 16:37:41.575,0 days 00:51:05.902000,1565.2095529402025,7978.391924065303,-126.72438015701718,OnTrack,201.0,11031.0,100.0,0,8,5,886.7919444444442,0.16450627238421073,27,624.6655555555558,interpolation,0 days 00:00:14.486000,14.486,3065.902,0.0
2024-03-01 16:37:41.675,0 days 00:51:06.002000,1620.0,7997.0,-125.0,OnTrack,204.0,11149.5,100.0,0,8,5,892.3579794477021,0.16553881183845626,27,622.2766666666669,interpolation,0 days 00:00:14.586000,14.586,3066.002,0.0
2024-03-01 16:37:41.775,0 days 00:51:06.102000,1708.0,8026.0,-122.0,OnTrack,207.0,11268.0,100.0,0,8,5,898.2919444444443,0.16663960494803282,27,619.8877777777778,interpolation,0 days 00:00:14.686000,14.686,3066.102,0.0
2024-03-01 16:37:41.875,0 days 00:51:06.202000,1769.4760470723452,8047.025289041321,-119.7983040334935,OnTrack,209.25,11408.25,100.0,0,8,5,904.1562636240565,0.16772747825851214,27,617.4433333333334,interpolation,0 days 00:00:14.786000,14.786,3066.202,0.0
2024-03-01 16:37:41.975,0 days 00:51:06.302000,1794.4725059330476,8057.014745613742,-118.74056784964462,OnTrack,211.5,11548.5,100.0,0,8,5,909.9509369865382,0.16880243176989432,27,614.998888888889,interpolation,0 days 00:00:14.886000,14.886,3066.302,0.0
2024-03-01 16:37:42.075,0 days 00:51:06.402000,1823.7327118272267,8061.246829379293,-117.56254774097343,OnTrack,213.75,11688.75,100.0,0,8,5,915.9161140779731,0.16990901494712246,27,612.5544444444447,interpolation,0 days 00:00:14.986000,14.986,3066.402,0.0
2024-03-01 16:37:42.175,0 days 00:51:06.502000,1898.0,8065.0,-115.0,OnTrack,216.0,11829.0,100.0,0,8,5,922.2919444444443,0.17109177725513974,27,610.1100000000002,interpolation,0 days 00:00:15.086000,15.086,3066.502,0.0
2024-03-01 16:37:42.275,0 days 00:51:06.602000,2017.2743704513691,8068.274257475868,-111.05292462672435,OnTrack,219.0,11533.5,100.0,0,8,5,929.0784280859524,0.17235071869394625,27,607.2988888888891,interpolation,0 days 00:00:15.186000,15.186,3066.602,0.0
2024-03-01 16:37:42.375,0 days 00:51:06.702000,2142.0,8070.0,-107.0,OnTrack,222.0,11238.0,100.0,0,8,5,936.2755650024967,0.17368583926354192,27,604.4877777777779,interpolation,0 days 00:00:15.286000,15.286,3066.702,0.0
2024-03-01 16:37:42.475,0 days 00:51:06.802000,2232.62106546456,8069.1076257655095,-104.11990449868054,OnTrack,225.0,10942.5,100.0,0,8,5,943.4475583066816,0.1750162955125273,27,601.6766666666667,interpolation,0 days 00:00:15.386000,15.386,3066.802,0.0
2024-03-01 16:37:42.575,0 days 00:51:06.902000,2289.1375668450496,8065.597134772395,-102.41263812276594,OnTrack,228.0,10647.0,100.0,0,8,5,950.158611111111,0.17626124398950277,27,598.8655555555556,interpolation,0 days 00:00:15.486000,15.486,3066.902,0.0
2024-03-01 16:37:42.675,0 days 00:51:07.002000,2329.335284803014,8060.7880763930825,-101.24905268546838,OnTrack,229.66666666666666,10729.666666666666,100.0,0,8,5,956.4087234157848,0.17742068469446848,27,596.5581481481482,interpolation,0 days 00:00:15.586000,15.586,3067.002,0.0
2024-03-01 16:37:42.775,0 days 00:51:07.102000,2371.0,8056.0,-100.0,OnTrack,231.33333333333334,10812.333333333334,100.0,0,8,6,962.2817518188737,0.17851017362843027,27,594.2507407407409,interpolation,0 days 00:00:15.686000,15.686,3067.102,0.0
2024-03-01 16:37:42.875,0 days 00:51:07.202000,2414.1317124360066,8051.232905593149,-98.66548006636083,OnTrack,233.0,10895.0,100.0,0,8,6,968.2808333333331,0.17962304631954507,27,591.9433333333335,interpolation,0 days 00:00:15.786000,15.786,3067.202,0.0
2024-03-01 16:37:42.975,0 days 00:51:07.302000,2458.730422111034,8046.4867931725275,-97.24549288455087,OnTrack,235.5,10991.5,100.0,0,8,6,974.4898236986469,0.18077485860952605,27,589.4155555555558,interpolation,0 days 00:00:15.886000,15.886,3067.302,0.0
2024-03-01 16:37:43.075,0 days 00:51:07.402000,2506.463920730545,8040.997284165644,-95.70275926046547,OnTrack,238.0,11088.0,100.0,0,8,6,981.5030555555553,0.18207586347021973,27,586.8877777777781,interpolation,0 days 00:00:15.986000,15.986,3067.402,0.0
2024-03-01 16:37:43.175,0 days 00:51:07.502000,2559.0,8034.0,-94.0,OnTrack,241.0,11088.0,100.0,0,8,6,989.9148615447991,0.18363631387347254,27,583.887777777778,interpolation,0 days 00:00:16.086000,16.086,3067.502,0.0
2024-03-01 16:37:43.275,0 days 00:51:07.602000,2616.3386599194005,8025.4949406756,-92.13721510315449,OnTrack,244.0,11088.0,100.0,0,8,6,997.7697222222221,0.18509344692281443,27,580.887777777778,interpolation,0 days 00:00:16.186000,16.186,3067.602,0.0
2024-03-01 16:37:43.375,0 days 00:51:07.702000,2684.0,8014.0,-90.0,OnTrack,245.0,11267.5,100.0,0,14,6,1003.1121181436677,0.18608449972177532,27,579.165277777778,interpolation,0 days 00:00:16.286000,16.286,3067.702,1.0
2024-03-01 16:37:43.475,0 days 00:51:07.802000,2767.504119753053,7998.033071780759,-87.47395012060767,OnTrack,246.0,11447.0,100.0,0,14,6,1008.634722222222,0.1871089824276776,27,577.4427777777779,interpolation,0 days 00:00:16.386000,16.386,3067.802,1.0
2024-03-01 16:37:43.575,0 days 00:51:07.902000,2846.0,7982.0,-85.0,OnTrack,249.0,11519.0,100.0,0,14,6,1017.0302073709706,0.18866640519784367,27,574.7761111111113,interpolation,0 days 00:00:16.486000,16.486,3067.902,1.0
2024-03-01 16:37:43.675,0 days 00:51:08.002000,2901.0,7970.0,-83.0,OnTrack,252.0,11591.0,100.0,0,14,6,1025.4347222222218,0.19022550304265243,27,572.1094444444448,interpolation,0 days 00:00:16.586000,16.586,3068.002,1.0
2024-03-01 16:37:43.775,0 days 00:51:08.102000,2946.684317776641,7960.193309361286,-81.35944566767424,OnTrack,253.33333333333334,11665.0,100.0,0,14,6,1030.984415408284,0.19125501097248265,27,570.5316666666669,interpolation,0 days 00:00:16.686000,16.686,3068.102,1.0
2024-03-01 16:37:43.875,0 days 00:51:08.202000,2992.505668501666,7950.802188710521,-79.93709460019929,OnTrack,254.66666666666666,11739.0,100.0,0,12,6,1034.6772893119692,0.19194006559446702,27,568.9538888888891,interpolation,0 days 00:00:16.786000,16.786,3068.202,1.0
2024-03-01 16:37:43.975,0 days 00:51:08.302000,3081.0,7933.0,-78.0,OnTrack,256.0,11813.0,100.0,0,12,6,1042.5013888888886,0.19339149223881738,27,567.3761111111112,interpolation,0 days 00:00:16.886000,16.886,3068.302,1.0
2024-03-01 16:37:44.075,0 days 00:51:08.402000,3219.25660061185,7905.315644420494,-75.42600469292739,OnTrack,261.0,12089.0,100.0,0,12,6,1054.1013888888886,0.1955433755205857,27,564.2205555555556,interpolation,0 days 00:00:16.986000,16.986,3068.402,1.0
2024-03-01 16:37:44.175,0 days 00:51:08.502000,3351.0,7879.0,-73.0,OnTrack,262.0,11630.0,100.0,0,12,6,1061.3572206219155,0.19688938440003612,27,562.8205555555556,interpolation,0 days 00:00:17.086000,17.086,3068.502,1.0
2024-03-01 16:37:44.275,0 days 00:51:08.602000,3419.9547278272357,7865.303944766513,-71.50687724223641,OnTrack,263.0,11171.0,100.0,0,12,6,1064.351645779015,0.197444871765042,27,561.4205555555556,interpolation,0 days 00:00:17.186000,17.186,3068.602,1.0
2024-03-01 16:37:44.375,0 days 00:51:08.702000,3436.9542839151973,7862.0307526781535,-70.80005052751808,OnTrack,264.0,10712.0,100.0,0,12,6,1071.7013888888885,0.19880830187913076,27,560.0205555555556,interpolation,0 days 00:00:17.286000,17.286,3068.702,1.0
2024-03-01 16:37:44.475,0 days 00:51:08.802000,3467.0,7856.0,-70.0,OnTrack,268.0,10853.0,100.0,0,12,7,1083.6124999999995,0.20101789850562085,27,557.1761111111111,interpolation,0 days 00:00:17.386000,17.386,3068.802,1.0
2024-03-01 16:37:44.575,0 days 00:51:08.902000,3520.9254868388925,7845.014938195584,-68.96013826651641,OnTrack,269.6666666666667,10885.666666666666,100.0,0,12,7,1092.70447296859,0.20270452476677603,27,555.6464814814816,interpolation,0 days 00:00:17.486000,17.486,3068.902,1.0
2024-03-01 16:37:44.675,0 days 00:51:09.002000,3597.2400979239355,7829.38869197726,-67.66257846805229,OnTrack,271.3333333333333,10918.333333333334,100.0,0,12,7,1098.4255593595892,0.20376582736663323,27,554.116851851852,interpolation,0 days 00:00:17.586000,17.586,3069.002,1.0
2024-03-01 16:37:44.775,0 days 00:51:09.102000,3687.0,7811.0,-66.0,OnTrack,273.0,10951.0,100.0,0,12,7,1104.8458333333328,0.20495683428288075,27,552.5872222222224,interpolation,0 days 00:00:17.686000,17.686,3069.102,1.0
2024-03-01 16:37:44.875,0 days 00:51:09.202000,3788.714561823288,7790.16198376978,-63.95451618650503,OnTrack,274.5,11018.5,100.0,0,12,7,1112.6436440563457,0.20640338415609158,27,551.003888888889,interpolation,0 days 00:00:17.786000,17.786,3069.202,1.0
2024-03-01 16:37:44.975,0 days 00:51:09.302000,3897.049616633204,7767.970419707394,-61.668922926468255,OnTrack,276.0,11086.0,100.0,0,12,7,1120.179166666666,0.20780127770131016,27,549.4205555555557,interpolation,0 days 00:00:17.886000,17.886,3069.302,1.0
2024-03-01 16:37:45.075,0 days 00:51:09.402000,3980.0,7751.0,-60.0,OnTrack,276.5,11140.0,100.0,0,12,7,1125.8125763023318,0.208846315633581,27,548.2427777777779,interpolation,0 days 00:00:17.986000,17.986,3069.402,1.0
2024-03-01 16:37:45.175,0 days 00:51:09.502000,4032.2314905409326,7740.346512289201,-59.090544768238686,OnTrack,277.0,11194.0,100.0,0,12,7,1132.4902777777772,0.21008507719958538,27,547.065,interpolation,0 days 00:00:18.086000,18.086,3069.502,1.0
2024-03-01 16:37:45.275,0 days 00:51:09.602000,4060.9065801322004,7734.566581330806,-58.76833026678083,OnTrack,279.5,11250.0,100.0,0,12,7,1143.1586759074366,0.21206414164600462,27,545.1205555555556,interpolation,0 days 00:00:18.186000,18.186,3069.602,1.0
2024-03-01 16:37:45.375,0 days 00:51:09.702000,4109.0,7725.0,-58.0,OnTrack,282.0,11306.0,100.0,0,12,7,1154.4236111111106,0.21415386800246922,27,543.1761111111111,interpolation,0 days 00:00:18.286000,18.286,3069.702,1.0
2024-03-01 16:37:45.475,0 days 00:51:09.802000,4183.674168676989,7710.203407832676,-56.613328767087836,OnTrack,282.25,11344.0,100.0,0,12,7,1162.8909238086003,0.21572461529860998,27,542.1761111111111,interpolation,0 days 00:00:18.386000,18.386,3069.802,1.0
2024-03-01 16:37:45.575,0 days 00:51:09.902000,4278.621912974112,7691.407890516886,-54.72109802720794,OnTrack,282.5,11382.0,100.0,0,12,7,1168.5606139999052,0.2167763835344268,27,541.1761111111111,interpolation,0 days 00:00:18.486000,18.486,3069.902,1.0
2024-03-01 16:37:45.675,0 days 00:51:10.002000,4356.0,7676.0,-53.0,OnTrack,282.75,11420.0,100.0,0,12,7,1173.450691635702,0.2176835280439975,27,540.1761111111111,interpolation,0 days 00:00:18.586000,18.586,3070.002,1.0
2024-03-01 16:37:45.775,0 days 00:51:10.102000,4409.501191979815,7665.210834576454,-51.562817299515686,OnTrack,283.0,11458.0,100.0,0,12,7,1179.5791666666662,0.2188204041613998,27,539.1761111111111,interpolation,0 days 00:00:18.686000,18.686,3070.102,1.0
2024-03-01 16:37:45.875,0 days 00:51:10.202000,4495.0,7648.0,-50.0,OnTrack,284.6,11501.6,100.0,0,12,7,1186.9460390927984,0.22018701188663375,27,537.905,interpolation,0 days 00:00:18.786000,18.786,3070.202,1.0
2024-03-01 16:37:45.975,0 days 00:51:10.302000,4650.0,7617.0,-48.0,OnTrack,286.2,11545.2,100.0,0,12,7,1195.5513089140982,0.2217833512196994,27,536.6338888888889,interpolation,0 days 00:00:18.886000,18.886,3070.302,1.0
2024-03-01 16:37:46.075,0 days 00:51:10.402000,4764.275016740759,7594.248335261886,-46.15083125595423,OnTrack,287.8,11588.8,100.0,0,12,7,1205.1075771977958,0.2235561075951978,27,535.3627777777778,interpolation,0 days 00:00:18.986000,18.986,3070.402,1.0
2024-03-01 16:37:46.175,0 days 00:51:10.502000,4827.505373846288,7581.805855948958,-44.528386002372635,OnTrack,289.4,11632.4,100.0,0,12,7,1213.8904415183463,0.22518539198290752,27,534.0916666666667,interpolation,0 days 00:00:19.086000,19.086,3070.502,1.0
2024-03-01 16:37:46.275,0 days 00:51:10.602000,4888.0,7570.0,-43.0,OnTrack,291.0,11676.0,100.0,0,12,7,1221.6124999999995,0.22661788927148568,27,532.8205555555555,interpolation,0 days 00:00:19.186000,19.186,3070.602,1.0
2024-03-01 16:37:46.375,0 days 00:51:10.702000,4953.810424539486,7557.218665484208,-41.54356242908678,OnTrack,292.0,11410.666666666666,100.0,0,12,7,1228.273752642755,0.2278535994609323,27,531.7575925925927,interpolation,0 days 00:00:19.286000,19.286,3070.702,1.0
2024-03-01 16:37:46.475,0 days 00:51:10.802000,5023.450123637897,7543.714124290208,-40.176125283210425,OnTrack,293.0,11145.333333333334,100.0,0,12,7,1234.5481222857366,0.22901754007630876,27,530.6946296296297,interpolation,0 days 00:00:19.386000,19.386,3070.802,1.0
2024-03-01 16:37:46.575,0 days 00:51:10.902000,5088.0,7531.0,-39.0,OnTrack,294.0,10880.0,100.0,0,12,7,1244.479166666666,0.23085982010853476,27,529.6316666666669,interpolation,0 days 00:00:19.486000,19.486,3070.902,1.0
2024-03-01 16:37:46.675,0 days 00:51:11.002000,5145.973545020872,7519.328561918964,-38.03223839842144,OnTrack,296.0,10413.0,100.0,0,12,7,1257.6347222222216,0.23330027011391188,27,527.7205555555558,interpolation,0 days 00:00:19.586000,19.586,3071.002,1.0
2024-03-01 16:37:46.775,0 days 00:51:11.102000,5208.0,7507.0,-37.0,OnTrack,296.75,10476.25,100.0,0,12,7,1267.3781951523983,0.23510775429536102,27,526.5455555555558,pos,0 days 00:00:19.686000,19.686,3071.102,1.0
2024-03-01 16:37:46.875,0 days 00:51:11.202000,5284.708606236876,7492.314504196016,-35.63044432626094,OnTrack,297.5,10539.5,100.0,0,12,8,1272.6034808272927,0.23607708230279797,27,525.3705555555557,interpolation,0 days 00:00:19.786000,19.786,3071.202,1.0
2024-03-01 16:37:46.975,0 days 00:51:11.302000,5371.0,7476.0,-34.0,OnTrack,298.25,10602.75,100.0,0,12,8,1277.8193871996514,0.23704467038227622,27,524.1955555555556,pos,0 days 00:00:19.886000,19.886,3071.302,1.0
2024-03-01 16:37:47.075,0 days 00:51:11.402000,5461.7748175578745,7458.784412904944,-32.18509564401292,OnTrack,299.0,10666.0,100.0,0,12,8,1287.534722222222,0.23884693477984933,27,523.0205555555556,interpolation,0 days 00:00:19.986000,19.986,3071.402,1.0
2024-03-01 16:37:47.175,0 days 00:51:11.502000,5567.0,7439.0,-30.0,OnTrack,300.0,10733.0,100.0,0,12,8,1300.8680555555552,0.24132036383935315,27,520.2205555555556,interpolation,0 days 00:00:20.086000,20.086,3071.502,1.0
2024-03-01 16:37:47.275,0 days 00:51:11.602000,5696.64248841588,7414.979018374324,-27.258981809661563,OnTrack,301.0,10755.2,100.0,0,12,8,1312.5308322404044,0.2434838926468639,27,517.7621111111112,interpolation,0 days 00:00:20.186000,20.186,3071.602,1.0
2024-03-01 16:37:47.375,0 days 00:51:11.702000,5841.571271398482,7388.3628680962765,-24.17213171255154,OnTrack,302.0,10777.4,100.0,0,12,8,1321.6416309631213,0.24517401122056828,27,515.3036666666668,interpolation,0 days 00:00:20.286000,20.286,3071.702,1.0
2024-03-01 16:37:47.475,0 days 00:51:11.802000,5947.0,7369.0,-22.0,OnTrack,303.0,10799.6,100.0,0,12,8,1328.5187418234239,0.2464497646591159,27,512.8452222222223,interpolation,0 days 00:00:20.386000,20.386,3071.802,1.0
2024-03-01 16:37:47.575,0 days 00:51:11.902000,6003.797569311368,7358.531830961882,-20.952679462900047,OnTrack,304.0,10821.8,100.0,0,12,8,1335.0719151975225,0.2476654253682756,27,510.3867777777779,interpolation,0 days 00:00:20.486000,20.486,3071.902,1.0
2024-03-01 16:37:47.675,0 days 00:51:12.002000,6023.0196581732125,7354.927288486982,-20.78211681955993,OnTrack,305.0,10844.0,100.0,0,12,8,1341.6194444444438,0.2488800390513221,27,507.9283333333335,interpolation,0 days 00:00:20.586000,20.586,3072.002,1.0
2024-03-01 16:37:47.775,0 days 00:51:12.102000,6071.0,7346.0,-20.0,OnTrack,305.0,10843.5,100.0,0,12,8,1348.1613295641869,0.25009360570825523,27,505.77277777777795,interpolation,0 days 00:00:20.686000,20.686,3072.102,1.0
2024-03-01 16:37:47.875,0 days 00:51:12.202000,6158.794160422786,7329.718913804078,-18.35827826258111,OnTrack,305.0,10843.0,100.0,0,12,8,1355.1749999999995,0.2513946919284844,27,503.6172222222224,interpolation,0 days 00:00:20.786000,20.786,3072.202,1.0
2024-03-01 16:37:47.975,0 days 00:51:12.302000,6278.1995077670545,7307.628985927365,-16.024059921997548,OnTrack,305.5,10807.5,100.0,0,12,8,1363.1378851951285,0.2528718643014188,27,500.6727777777779,interpolation,0 days 00:00:20.886000,20.886,3072.302,1.0
2024-03-01 16:37:48.075,0 days 00:51:12.402000,6380.0,7289.0,-14.0,OnTrack,306.0,10772.0,100.0,0,12,8,1372.1749999999995,0.2545483139793518,27,497.72833333333347,interpolation,0 days 00:00:20.986000,20.986,3072.402,1.0
2024-03-01 16:37:48.175,0 days 00:51:12.502000,6455.99292145173,7275.376927870568,-12.453208522480654,OnTrack,304.5,10473.0,66.0,0,12,8,1382.411359265038,0.2564472321145769,27,494.16166666666675,interpolation,0 days 00:00:21.086000,21.086,3072.502,1.0
2024-03-01 16:37:48.275,0 days 00:51:12.602000,6511.3387284019245,7265.743263291014,-11.295748422517953,OnTrack,303.0,10174.0,32.0,0,12,8,1392.3749999999998,0.2582955590045002,27,490.595,interpolation,0 days 00:00:21.186000,21.186,3072.602,1.0
2024-03-01 16:37:48.375,0 days 00:51:12.702000,6577.0,7254.0,-10.0,OnTrack,288.5,9759.5,16.0,0,12,8,1400.5939592146415,0.25982023494652806,27,488.48388888888894,interpolation,0 days 00:00:21.286000,21.286,3072.702,1.0
2024-03-01 16:37:48.475,0 days 00:51:12.802000,6658.137139682842,7239.130642158443,-8.478027088476196,OnTrack,274.0,9345.0,0.0,0,12,8,1407.597222222222,0.2611193905141004,27,486.37277777777786,interpolation,0 days 00:00:21.386000,21.386,3072.802,1.0
2024-03-01 16:37:48.575,0 days 00:51:12.902000,6740.0,7224.0,-7.0,OnTrack,262.0,9366.75,0.0,1,8,8,1413.9137743360025,0.2622911562806575,27,485.8977777777779,interpolation,0 days 00:00:21.486000,21.486,3072.902,0.0
2024-03-01 16:37:48.675,0 days 00:51:13.002000,6807.838433501029,7211.472883758323,-5.836089046624875,OnTrack,250.0,9388.5,0.0,1,8,8,1419.5436155559828,0.26333553224619943,27,485.4227777777779,interpolation,0 days 00:00:21.586000,21.586,3073.002,0.0
2024-03-01 16:37:48.775,0 days 00:51:13.102000,6863.381098723786,7201.190491433098,-4.936226005342289,OnTrack,238.0,9410.25,0.0,1,8,8,1424.8502601090827,0.2643199529096566,27,484.94777777777796,interpolation,0 days 00:00:21.686000,21.686,3073.102,0.0
2024-03-01 16:37:48.875,0 days 00:51:13.202000,6917.0,7191.0,-4.0,OnTrack,226.0,9432.0,0.0,1,8,8,1430.1972222222219,0.2653118527699594,27,484.472777777778,interpolation,0 days 00:00:21.786000,21.786,3073.202,0.0
2024-03-01 16:37:48.975,0 days 00:51:13.302000,6970.423813569086,7180.54260378456,-2.9773422948882504,OnTrack,210.66666666666666,9910.333333333334,0.0,1,8,8,1435.5845018954,0.2663112318271079,27,485.48018518518535,interpolation,0 days 00:00:21.886000,21.886,3073.302,0.0
2024-03-01 16:37:49.075,0 days 00:51:13.402000,7025.0,7168.0,-2.0,OnTrack,195.33333333333334,10388.666666666666,0.0,1,8,8,1440.9806779359076,0.26731226122426716,27,486.48759259259276,interpolation,0 days 00:00:21.986000,21.986,3073.402,0.0
2024-03-01 16:37:49.175,0 days 00:51:13.502000,7082.076019861708,7151.553885859547,-1.199720225328212,OnTrack,180.0,10867.0,0.0,1,8,8,1446.1972222222219,0.268279967641364,27,487.4950000000001,interpolation,0 days 00:00:22.086000,22.086,3073.502,0.0
2024-03-01 16:37:49.275,0 days 00:51:13.602000,7139.793249045959,7131.987472202,-0.5620197840333303,OnTrack,174.0,10525.0,0.0,1,8,8,1451.2027132398778,0.2692085221618757,27,489.24314814814824,interpolation,0 days 00:00:22.186000,22.186,3073.602,0.0
2024-03-01 16:37:49.375,0 days 00:51:13.702000,7187.0,7114.0,0.0,OnTrack,168.0,10183.0,0.0,1,8,8,1455.9990050788717,0.27009826873280784,27,490.9912962962963,interpolation,0 days 00:00:22.286000,22.286,3073.702,0.0
2024-03-01 16:37:49.475,0 days 00:51:13.802000,7221.837667647797,7098.37467207231,0.5008221653042607,OnTrack,162.0,9841.0,0.0,1,8,8,1460.597222222222,0.27095127102562816,27,492.7394444444444,interpolation,0 days 00:00:22.386000,22.386,3073.802,0.0
2024-03-01 16:37:49.575,0 days 00:51:13.902000,7250.0,7084.0,1.0,OnTrack,156.5,9463.0,0.0,1,8,8,1464.9992187409384,0.2717678729838203,27,494.8227777777778,interpolation,0 days 00:00:22.486000,22.486,3073.902,0.0
2024-03-01 16:37:49.675,0 days 00:51:14.002000,7277.180745067266,7069.764495364142,1.5570867922077656,OnTrack,151.0,9085.0,0.0,1,8,8,1468.9861111111109,0.2725074701422327,27,496.90611111111116,interpolation,0 days 00:00:22.586000,22.586,3074.002,0.0
2024-03-01 16:37:49.775,0 days 00:51:14.102000,7303.980181539855,7054.922495331962,2.189306122119828,OnTrack,148.5,8865.5,0.0,1,8,5,1472.339015808828,0.27312945803571376,27,498.72833333333335,interpolation,0 days 00:00:22.686000,22.686,3074.102,0.0
2024-03-01 16:37:49.875,0 days 00:51:14.202000,7334.0,7035.0,3.0,OnTrack,146.0,8646.0,0.0,1,8,4,1475.4749999999997,0.2737112056178579,27,500.55055555555555,interpolation,0 days 00:00:22.786000,22.786,3074.202,0.0
2024-03-01 16:37:49.975,0 days 00:51:14.302000,7367.840485284853,7009.251338899861,4.0063921824109165,OnTrack,142.66666666666666,8461.666666666666,0.0,1,8,4,1478.8111308505358,0.2743300818422596,27,503.0305555555556,interpolation,0 days 00:00:22.886000,22.886,3074.302,0.0
2024-03-01 16:37:50.075,0 days 00:51:14.402000,7404.170137701945,6977.868121641673,5.141118943771291,OnTrack,139.33333333333334,8277.333333333334,0.0,1,8,4,1482.3397603276858,0.274984667943935,27,505.51055555555575,interpolation,0 days 00:00:22.986000,22.986,3074.402,0.0
2024-03-01 16:37:50.175,0 days 00:51:14.502000,7435.0,6942.0,6.0,OnTrack,136.0,8093.0,0.0,1,8,4,1486.0149999999996,0.27566645128939565,27,507.99055555555583,interpolation,0 days 00:00:23.086000,23.086,3074.502,0.0
2024-03-01 16:37:50.275,0 days 00:51:14.602000,7458.998586121035,6901.838581622903,6.515672315316774,OnTrack,133.66666666666666,7967.666666666667,0.0,1,8,4,1489.8292017564095,0.2763740130991293,27,511.1905555555558,interpolation,0 days 00:00:23.186000,23.186,3074.602,0.0
2024-03-01 16:37:50.375,0 days 00:51:14.702000,7476.332347737779,6859.202098674968,6.741758959663742,OnTrack,131.33333333333334,7842.333333333333,0.0,1,8,4,1493.738718241839,0.27709925647540457,27,514.3905555555558,interpolation,0 days 00:00:23.286000,23.286,3074.702,0.0
2024-03-01 16:37:50.475,0 days 00:51:14.802000,7488.0,6825.0,7.0,OnTrack,129.0,7717.0,0.0,1,8,4,1497.4816666666663,0.277793600280569,27,517.5905555555557,interpolation,0 days 00:00:23.386000,23.386,3074.802,0.0
2024-03-01 16:37:50.575,0 days 00:51:14.902000,7494.167996284898,6801.05053638138,7.34401905537073,OnTrack,126.5,7693.0,2.5,1,8,4,1501.0144001227616,0.27844894769980305,27,520.8127777777778,interpolation,0 days 00:00:23.486000,23.486,3074.902,0.0
2024-03-01 16:37:50.675,0 days 00:51:15.002000,7495.5024476524895,6785.141532011218,7.741661436997672,OnTrack,124.0,7669.0,5.0,0,8,4,1504.3705555555553,0.2790715386279793,27,524.0349999999999,interpolation,0 days 00:00:23.586000,23.586,3075.002,0.0
2024-03-01 16:37:50.775,0 days 00:51:15.102000,7496.0,6764.0,8.0,OnTrack,123.0,7722.333333333333,13.666666666666666,0,8,4,1507.5837699104777,0.2796676129599704,27,527.2498148148147,interpolation,0 days 00:00:23.686000,23.686,3075.102,0.0
2024-03-01 16:37:50.875,0 days 00:51:15.202000,7496.326757566502,6735.4137871923995,8.086880384861788,OnTrack,122.0,7775.666666666667,22.333333333333332,0,8,4,1510.6762976982295,0.28024129906728645,27,530.4646296296296,interpolation,0 days 00:00:23.786000,23.786,3075.202,0.0
2024-03-01 16:37:50.975,0 days 00:51:15.302000,7496.3196222024335,6700.615409471634,8.030495093111886,OnTrack,121.0,7829.0,31.0,0,8,4,1513.7816666666663,0.2808173673058124,27,533.6794444444445,interpolation,0 days 00:00:23.886000,23.886,3075.302,0.0
2024-03-01 16:37:51.075,0 days 00:51:15.402000,7495.0,6667.0,8.0,OnTrack,121.5,7928.5,35.5,0,8,4,1516.922131554375,0.2813999460893332,27,537.235,interpolation,0 days 00:00:23.986000,23.986,3075.402,0.0
2024-03-01 16:37:51.175,0 days 00:51:15.502000,7492.204791139504,6635.800087281745,8.023587895747673,OnTrack,122.0,8028.0,40.0,0,8,4,1520.097692361356,0.2819890354178488,27,540.7905555555556,interpolation,0 days 00:00:24.086000,24.086,3075.502,0.0
2024-03-01 16:37:51.275,0 days 00:51:15.602000,7485.0,6599.0,8.0,OnTrack,122.5,8127.5,44.5,0,8,4,1523.5319069876587,0.28262610688684403,27,544.3461111111111,interpolation,0 days 00:00:24.186000,24.186,3075.602,0.0
2024-03-01 16:37:51.375,0 days 00:51:15.702000,7470.451630960545,6548.584066837904,7.827977532402084,OnTrack,123.0,8227.0,49.0,0,8,4,1527.4483333333328,0.28335263209180384,27,547.9016666666666,interpolation,0 days 00:00:24.286000,24.286,3075.702,0.0
2024-03-01 16:37:51.475,0 days 00:51:15.802000,7449.96811558615,6488.229560027988,7.503228380341837,OnTrack,126.0,8373.666666666666,49.333333333333336,0,8,4,1531.846971398379,0.2841686110327283,27,552.0683333333333,interpolation,0 days 00:00:24.386000,24.386,3075.802,0.0
2024-03-01 16:37:51.575,0 days 00:51:15.902000,7432.0,6440.0,7.0,OnTrack,129.0,8520.333333333334,49.666666666666664,0,8,4,1536.5675373742238,0.2850443099123752,27,556.2349999999998,interpolation,0 days 00:00:24.486000,24.486,3075.902,0.0
2024-03-01 16:37:51.675,0 days 00:51:16.002000,7417.955701344841,6407.5726213313965,6.3140003227154935,OnTrack,132.0,8667.0,50.0,0,8,4,1540.6483333333329,0.28580132686071263,27,560.4016666666664,interpolation,0 days 00:00:24.586000,24.586,3076.002,0.0
2024-03-01 16:37:51.775,0 days 00:51:16.102000,7407.835219620674,6390.947424022177,5.445229348488322,OnTrack,133.66666666666666,8850.0,52.333333333333336,0,8,4,1543.9290771084306,0.2864099283849712,27,563.1127777777775,interpolation,0 days 00:00:24.686000,24.686,3076.102,0.0
2024-03-01 16:37:51.875,0 days 00:51:16.202000,7400.04712808617,6381.598514701869,4.603843700016988,OnTrack,135.33333333333334,9033.0,54.666666666666664,0,8,4,1546.5976856758787,0.2869049744334087,27,565.8238888888887,interpolation,0 days 00:00:24.786000,24.786,3076.202,0.0
2024-03-01 16:37:51.975,0 days 00:51:16.302000,7393.0,6371.0,4.0,OnTrack,137.0,9216.0,57.0,0,8,4,1549.7816666666663,0.2874956257664728,27,568.5349999999999,interpolation,0 days 00:00:24.886000,24.886,3076.302,0.0
2024-03-01 16:37:52.075,0 days 00:51:16.402000,7386.6938353621645,6359.151879916572,3.6336982484373563,OnTrack,140.5,9363.25,62.25,0,8,4,1553.668938981436,0.2882167426893895,27,570.6433333333332,interpolation,0 days 00:00:24.986000,24.986,3076.402,0.0
2024-03-01 16:37:52.175,0 days 00:51:16.502000,7370.0,6336.0,3.0,OnTrack,144.0,9510.5,67.5,0,8,4,1558.2595026201864,0.2890683252021585,27,572.7516666666664,interpolation,0 days 00:00:25.086000,25.086,3076.502,0.0
2024-03-01 16:37:52.275,0 days 00:51:16.602000,7331.789859740846,6291.490205798703,1.5939668093588732,OnTrack,147.5,9657.75,72.75,0,8,4,1563.2250371710657,0.28998946751121724,27,574.8599999999997,interpolation,0 days 00:00:25.186000,25.186,3076.602,0.0
2024-03-01 16:37:52.375,0 days 00:51:16.702000,7290.0,6245.0,0.0,OnTrack,151.0,9805.0,78.0,0,8,4,1568.2372222222218,0.2909192638230027,27,576.968333333333,interpolation,0 days 00:00:25.286000,25.286,3076.702,0.0
2024-03-01 16:37:52.475,0 days 00:51:16.802000,7262.567006192762,6215.906885291213,-1.197499104590596,OnTrack,154.66666666666666,10059.0,85.33333333333333,0,8,4,1573.2960577736549,0.29185771413751516,27,577.5312962962961,interpolation,0 days 00:00:25.386000,25.386,3076.802,0.0
2024-03-01 16:37:52.575,0 days 00:51:16.902000,7246.071821502985,6200.665103870415,-2.064853144756757,OnTrack,158.33333333333334,10313.0,92.66666666666667,0,8,4,1578.299714793886,0.29278592843833745,27,578.094259259259,interpolation,0 days 00:00:25.486000,25.486,3076.902,0.0
2024-03-01 16:37:52.675,0 days 00:51:17.002000,7220.0,6178.0,-3.0,OnTrack,162.0,10567.0,100.0,0,8,4,1582.6372222222217,0.29359056720726684,27,578.6572222222221,interpolation,0 days 00:00:25.586000,25.586,3077.002,0.0
2024-03-01 16:37:52.775,0 days 00:51:17.102000,7180.932449856344,6144.3657795693,-4.069262989811481,OnTrack,162.0,10768.5,100.0,0,8,4,1586.206752069907,0.2942527406213192,27,578.5683333333333,interpolation,0 days 00:00:25.686000,25.686,3077.102,0.0
2024-03-01 16:37:52.875,0 days 00:51:17.202000,7139.0,6109.0,-5.0,OnTrack,162.0,10970.0,100.0,0,8,4,1589.8372222222217,0.2949262188993989,27,578.4794444444444,interpolation,0 days 00:00:25.786000,25.786,3077.202,0.0
2024-03-01 16:37:52.975,0 days 00:51:17.302000,7104.333479358964,6081.140218713797,-5.519568916374358,OnTrack,168.0,11233.0,100.0,0,8,4,1594.3575505644462,0.29576477226041065,27,577.6183333333332,interpolation,0 days 00:00:25.886000,25.886,3077.302,0.0
2024-03-01 16:37:53.075,0 days 00:51:17.402000,7073.7330741531505,6058.3487995024,-5.702947498448812,OnTrack,174.0,11496.0,100.0,0,8,4,1599.5038888888885,0.2967194549675392,27,576.757222222222,interpolation,0 days 00:00:25.986000,25.986,3077.402,0.0
2024-03-01 16:37:53.175,0 days 00:51:17.502000,7028.0,6026.0,-6.0,OnTrack,179.33333333333334,11510.666666666666,100.0,0,8,4,1605.0123889878569,0.29774132128396935,27,574.8016666666665,interpolation,0 days 00:00:26.086000,26.086,3077.502,0.0
2024-03-01 16:37:53.275,0 days 00:51:17.602000,6963.9344758853595,5981.656208959577,-6.485703412773855,OnTrack,184.66666666666666,11525.333333333334,100.0,0,8,4,1610.8027070543044,0.29881546685666843,27,572.846111111111,interpolation,0 days 00:00:26.186000,26.186,3077.602,0.0
2024-03-01 16:37:53.375,0 days 00:51:17.702000,6899.0,5937.0,-7.0,OnTrack,190.0,11540.0,100.0,0,8,4,1616.3927777777774,0.2998524651095774,27,570.8905555555555,interpolation,0 days 00:00:26.286000,26.286,3077.702,0.0
2024-03-01 16:37:53.475,0 days 00:51:17.802000,6850.660070534698,5903.713946740134,-7.382832024908058,OnTrack,194.5,11307.5,100.0,0,8,4,1621.7022565285038,0.3008374115370423,27,568.5016666666667,interpolation,0 days 00:00:26.386000,26.386,3077.802,0.0
2024-03-01 16:37:53.575,0 days 00:51:17.902000,6818.914687489456,5881.798049179982,-7.634199487498034,OnTrack,199.0,11075.0,100.0,0,8,4,1627.4483333333328,0.30190335003808266,27,566.1127777777779,interpolation,0 days 00:00:26.486000,26.486,3077.902,0.0
2024-03-01 16:37:53.675,0 days 00:51:18.002000,6799.874002256543,5868.481444342216,-7.810122037171205,OnTrack,201.5,11060.0,100.0,0,8,4,1634.3481982191133,0.3031833245117182,27,562.712777777778,interpolation,0 days 00:00:26.586000,26.586,3078.002,0.0
2024-03-01 16:37:53.775,0 days 00:51:18.102000,6770.19904268535,5847.139039483499,-8.246715849417523,OnTrack,204.0,11045.0,100.0,0,8,5,1641.0483333333327,0.3044262476787766,27,559.3127777777781,interpolation,0 days 00:00:26.686000,26.686,3078.102,0.0
2024-03-01 16:37:53.875,0 days 00:51:18.202000,6726.0,5815.0,-9.0,OnTrack,206.0,11098.333333333334,100.0,0,8,5,1646.1952208234777,0.3053810322600857,27,556.791203703704,interpolation,0 days 00:00:26.786000,26.786,3078.202,0.0
2024-03-01 16:37:53.975,0 days 00:51:18.302000,6670.0,5774.0,-10.0,OnTrack,208.0,11151.666666666666,100.0,0,8,5,1650.153019014218,0.3061152322393329,27,554.2696296296299,interpolation,0 days 00:00:26.886000,26.886,3078.302,0.0
2024-03-01 16:37:54.075,0 days 00:51:18.402000,6618.537881137134,5735.753143597323,-10.826866766282087,OnTrack,210.0,11205.0,100.0,0,8,5,1655.1066666666661,0.30703416944339096,27,551.7480555555558,interpolation,0 days 00:00:26.986000,26.986,3078.402,0.0
2024-03-01 16:37:54.175,0 days 00:51:18.502000,6573.292717562314,5701.381133791977,-11.438261112241777,OnTrack,214.0,11373.0,100.0,0,8,5,1661.420318376529,0.30820539716419804,27,547.7480555555557,interpolation,0 days 00:00:27.086000,27.086,3078.502,0.0
2024-03-01 16:37:54.275,0 days 00:51:18.602000,6528.0,5666.0,-12.0,OnTrack,218.0,11541.0,100.0,0,8,5,1668.7286827275059,0.3095611512214341,27,543.7480555555557,interpolation,0 days 00:00:27.186000,27.186,3078.602,0.0
2024-03-01 16:37:54.375,0 days 00:51:18.702000,6481.6156382252175,5628.795742956407,-12.539719731407619,OnTrack,222.0,11709.0,100.0,0,8,5,1674.8399999999995,0.3106948444514567,27,539.7480555555555,interpolation,0 days 00:00:27.286000,27.286,3078.702,0.0
2024-03-01 16:37:54.475,0 days 00:51:18.802000,6434.1396322379605,5589.7683626611915,-13.057420306464639,OnTrack,223.0,11704.0,100.0,0,8,5,1679.3889750371063,0.31153871198003696,27,536.6369444444443,interpolation,0 days 00:00:27.386000,27.386,3078.802,0.0
2024-03-01 16:37:54.575,0 days 00:51:18.902000,6388.343810131725,5551.106801035382,-13.546410728289338,OnTrack,224.0,11699.0,100.0,0,8,5,1684.795555555555,0.31254167148255285,27,533.5258333333331,interpolation,0 days 00:00:27.486000,27.486,3078.902,0.0
2024-03-01 16:37:54.675,0 days 00:51:19.002000,6347.0,5515.0,-14.0,OnTrack,227.0,11098.5,100.0,0,8,5,1693.4796892720747,0.31415264063438214,27,527.6924999999998,interpolation,0 days 00:00:27.586000,27.586,3079.002,0.0
2024-03-01 16:37:54.775,0 days 00:51:19.102000,6310.108201842784,5481.4479595550465,-14.418188121596621,OnTrack,230.0,10498.0,100.0,0,8,5,1702.684444444444,0.31586018880405387,27,521.8591666666664,interpolation,0 days 00:00:27.686000,27.686,3079.102,0.0
2024-03-01 16:37:54.875,0 days 00:51:19.202000,6274.0,5447.0,-15.0,OnTrack,232.0,10633.75,100.0,0,8,5,1709.6528893304412,0.3171528853600971,27,518.2591666666664,pos,0 days 00:00:27.786000,27.786,3079.202,0.0
2024-03-01 16:37:54.975,0 days 00:51:19.302000,6235.0069788115725,5408.205441634342,-15.944460542130933,OnTrack,234.0,10769.5,100.0,0,8,5,1714.3850239300668,0.31803073030251194,27,514.6591666666664,interpolation,0 days 00:00:27.886000,27.886,3079.302,0.0
2024-03-01 16:37:55.075,0 days 00:51:19.402000,6189.0,5359.0,-17.0,OnTrack,236.0,10905.25,100.0,0,8,5,1718.5557576757697,0.31880443135596753,27,511.05916666666633,interpolation,0 days 00:00:27.986000,27.986,3079.402,0.0
2024-03-01 16:37:55.175,0 days 00:51:19.502000,6131.849925287776,5293.319390638906,-17.91504862561778,OnTrack,238.0,11041.0,100.0,0,8,5,1723.8399999999995,0.31978469624513334,27,507.4591666666663,interpolation,0 days 00:00:28.086000,28.086,3079.502,0.0
2024-03-01 16:37:55.275,0 days 00:51:19.602000,6073.0,5222.0,-19.0,OnTrack,239.0,11084.5,100.0,0,8,5,1730.2377509027556,0.32097152497000914,27,502.98694444444425,interpolation,0 days 00:00:28.186000,28.186,3079.602,0.0
2024-03-01 16:37:55.375,0 days 00:51:19.702000,6021.893469461767,5155.878214532222,-20.565247704162417,OnTrack,240.0,11128.0,100.0,0,8,5,1737.1733333333327,0.32225812530463716,27,498.5147222222222,interpolation,0 days 00:00:28.286000,28.286,3079.702,0.0
2024-03-01 16:37:55.475,0 days 00:51:19.802000,5983.0,5104.0,-22.0,OnTrack,242.5,11201.0,100.0,0,8,6,1744.0710702410242,0.32353770502305934,27,493.9869444444445,interpolation,0 days 00:00:28.386000,28.386,3079.802,0.0
2024-03-01 16:37:55.575,0 days 00:51:19.902000,5960.78925794162,5075.4113221677635,-22.69346514940773,OnTrack,245.0,11274.0,100.0,0,8,6,1750.7844444444438,0.324783084136214,27,489.45916666666676,interpolation,0 days 00:00:28.486000,28.486,3079.902,0.0
2024-03-01 16:37:55.675,0 days 00:51:20.002000,5947.659444446463,5058.43407710736,-22.883806853211187,OnTrack,247.0,11413.5,100.0,0,8,6,1757.1669387622044,0.32596708265503904,27,484.8480555555558,interpolation,0 days 00:00:28.586000,28.586,3080.002,0.0
2024-03-01 16:37:55.775,0 days 00:51:20.102000,5898.0,4983.0,-24.0,OnTrack,249.0,11553.0,100.0,0,8,6,1764.617777777777,0.32734926678544923,27,480.2369444444448,pos,0 days 00:00:28.686000,28.686,3080.102,0.0
2024-03-01 16:37:55.875,0 days 00:51:20.202000,5815.0,4854.0,-26.0,OnTrack,249.5,11614.0,100.0,0,8,6,1774.536186074633,0.3291892027333593,27,474.1313888888893,interpolation,0 days 00:00:28.786000,28.786,3080.202,0.0
2024-03-01 16:37:55.975,0 days 00:51:20.302000,5763.403891329778,4770.8469291084575,-27.202580350209825,OnTrack,250.0,11675.0,100.0,0,8,6,1784.0622222222216,0.330956350830559,27,468.0258333333338,interpolation,0 days 00:00:28.886000,28.886,3080.302,0.0
2024-03-01 16:37:56.075,0 days 00:51:20.402000,5754.002359888057,4750.109511160068,-27.32753806810677,OnTrack,252.0,11642.5,100.0,0,8,6,1790.335944789993,0.33212017140883837,27,464.51472222222253,interpolation,0 days 00:00:28.986000,28.986,3080.402,0.0
2024-03-01 16:37:56.175,0 days 00:51:20.502000,5749.599648502307,4738.817337631644,-27.288726751950325,OnTrack,254.0,11610.0,100.0,0,8,6,1795.3511111111106,0.3330505207676056,27,461.00361111111124,interpolation,0 days 00:00:29.086000,29.086,3080.502,0.0
2024-03-01 16:37:56.275,0 days 00:51:20.602000,5713.0,4684.0,-28.0,OnTrack,252.66666666666666,11405.0,66.66666666666666,0,8,6,1801.1014785187372,0.33411725520626917,27,457.2702777777779,pos,0 days 00:00:29.186000,29.186,3080.602,0.0
2024-03-01 16:37:56.375,0 days 00:51:20.702000,5644.203414381138,4585.657498265136,-29.461357812255805,OnTrack,251.33333333333334,11200.0,33.33333333333333,0,8,6,1807.585684670671,0.3353201220005697,27,453.53694444444454,interpolation,0 days 00:00:29.286000,29.286,3080.702,0.0
2024-03-01 16:37:56.475,0 days 00:51:20.802000,5572.0,4485.0,-31.0,OnTrack,250.0,10995.0,0.0,0,8,6,1814.7955555555552,0.33665760481271545,27,449.8036111111112,interpolation,0 days 00:00:29.386000,29.386,3080.802,0.0
2024-03-01 16:37:56.575,0 days 00:51:20.902000,5525.179865210868,4423.237672777542,-31.943126374514883,OnTrack,240.0,10661.5,0.0,0,8,6,1822.7297288451384,0.33812945092103497,27,445.9369444444445,interpolation,0 days 00:00:29.486000,29.486,3080.902,0.0
2024-03-01 16:37:56.675,0 days 00:51:21.002000,5503.743010013743,4400.370516597759,-32.29073693580044,OnTrack,230.0,10328.0,0.0,1,8,6,1830.1288888888885,0.3395020482311448,27,442.07027777777785,interpolation,0 days 00:00:29.586000,29.586,3081.002,0.0
2024-03-01 16:37:56.775,0 days 00:51:21.102000,5487.934649809746,4391.0681021190985,-32.49297902918579,OnTrack,226.33333333333334,10091.0,0.0,1,8,6,1835.733720036274,0.34054178464866147,27,440.03435185185185,interpolation,0 days 00:00:29.686000,29.686,3081.102,0.0
2024-03-01 16:37:56.875,0 days 00:51:21.202000,5458.0,4370.0,-33.0,OnTrack,222.66666666666666,9854.0,0.0,1,8,6,1839.889516654642,0.341312714757756,27,437.99842592592586,interpolation,0 days 00:00:29.786000,29.786,3081.202,0.0
2024-03-01 16:37:56.975,0 days 00:51:21.302000,5413.939060584506,4337.166210240465,-33.81179984824309,OnTrack,219.0,9617.0,0.0,1,8,6,1844.6680555555552,0.3421991680312176,27,435.96249999999986,interpolation,0 days 00:00:29.886000,29.886,3081.302,0.0
2024-03-01 16:37:57.075,0 days 00:51:21.402000,5357.03646784411,4295.099900620335,-34.88951886605039,OnTrack,215.33333333333334,9498.0,0.0,1,8,6,1850.4146346421935,0.34326519970913977,27,434.06620370370365,interpolation,0 days 00:00:29.986000,29.986,3081.402,0.0
2024-03-01 16:37:57.175,0 days 00:51:21.502000,5295.0,4259.0,-36.0,OnTrack,211.66666666666666,9379.0,0.0,1,8,6,1856.9453678504278,0.34447669760642324,27,432.16990740740744,pos,0 days 00:00:30.086000,30.086,3081.502,0.0
2024-03-01 16:37:57.275,0 days 00:51:21.602000,5229.114280178411,4231.399650219795,-37.104383940148615,OnTrack,208.0,9260.0,0.0,1,8,6,1863.156944444444,0.34562898966039624,27,430.2736111111112,interpolation,0 days 00:00:30.186000,30.186,3081.602,0.0
2024-03-01 16:37:57.375,0 days 00:51:21.702000,5159.379308379346,4212.298851279721,-38.20267068649625,OnTrack,205.75,9199.75,9.5,1,8,6,1868.8654802430967,0.34668796403526664,27,429.051388888889,interpolation,0 days 00:00:30.286000,30.286,3081.702,0.0
2024-03-01 16:37:57.475,0 days 00:51:21.802000,5094.704682390608,4199.298626699786,-39.199622089595756,OnTrack,203.5,9139.5,19.0,1,8,6,1874.070975246386,0.34765362073103456,27,427.82916666666677,interpolation,0 days 00:00:30.386000,30.386,3081.802,0.0
2024-03-01 16:37:57.575,0 days 00:51:21.902000,5044.0,4190.0,-40.0,OnTrack,201.25,9079.25,28.5,1,8,6,1879.347232626482,0.3486324043557359,27,426.60694444444454,interpolation,0 days 00:00:30.486000,30.486,3081.902,0.0
2024-03-01 16:37:57.675,0 days 00:51:22.002000,5007.265261207519,4184.402971180361,-40.60380441770898,OnTrack,199.0,9019.0,38.0,1,8,6,1885.268055555555,0.3497307595174068,27,425.3847222222223,interpolation,0 days 00:00:30.586000,30.586,3082.002,0.0
2024-03-01 16:37:57.775,0 days 00:51:22.102000,4984.500466013167,4182.507540240871,-41.01103534272269,OnTrack,197.5,9064.5,54.0,1,8,6,1891.8334440336057,0.35094868621604747,27,424.61805555555554,interpolation,0 days 00:00:30.686000,30.686,3082.102,0.0
2024-03-01 16:37:57.875,0 days 00:51:22.202000,4953.735437812233,4182.858339180946,-41.66274859637506,OnTrack,196.0,9110.0,70.0,0,8,6,1898.334722222222,0.35215471999572057,27,423.8513888888888,interpolation,0 days 00:00:30.786000,30.786,3082.202,0.0
2024-03-01 16:37:57.975,0 days 00:51:22.302000,4893.0,4184.0,-43.0,OnTrack,196.0,9156.0,73.66666666666667,0,8,6,1904.0632142829932,0.3532173964004892,27,423.5662037037037,pos,0 days 00:00:30.886000,30.886,3082.302,0.0
2024-03-01 16:37:58.075,0 days 00:51:22.402000,4802.294152576473,4185.932522698035,-45.02278955359752,OnTrack,196.0,9202.0,77.33333333333333,0,8,6,1909.0608452556662,0.3541444928262257,27,423.2810185185187,interpolation,0 days 00:00:30.986000,30.986,3082.402,0.0
2024-03-01 16:37:58.175,0 days 00:51:22.502000,4715.0,4188.0,-47.0,OnTrack,196.0,9248.0,81.0,0,8,6,1913.5791666666662,0.3549826738870866,27,422.9958333333336,interpolation,0 days 00:00:31.086000,31.086,3082.502,0.0
2024-03-01 16:37:58.275,0 days 00:51:22.602000,4664.499646728934,4189.546524630845,-48.20051408203985,OnTrack,198.5,9347.0,90.5,0,8,6,1917.6601039850545,0.3557397170585853,27,422.8180555555557,interpolation,0 days 00:00:31.186000,31.186,3082.602,0.0
2024-03-01 16:37:58.375,0 days 00:51:22.702000,4642.806415790889,4190.452461901238,-48.81639190492393,OnTrack,201.0,9446.0,100.0,0,8,6,1922.5124999999996,0.3566398713569542,27,422.6402777777778,interpolation,0 days 00:00:31.286000,31.286,3082.702,0.0
2024-03-01 16:37:58.475,0 days 00:51:22.802000,4602.0,4190.0,-50.0,OnTrack,205.5,9606.5,100.0,0,8,6,1929.3451975006694,0.35790738579842585,27,422.2736111111111,interpolation,0 days 00:00:31.386000,31.386,3082.802,0.0
2024-03-01 16:37:58.575,0 days 00:51:22.902000,4534.093640599887,4188.069503012732,-51.94340043918047,OnTrack,210.0,9767.0,100.0,0,8,6,1936.5124999999998,0.35923697186943326,27,421.90694444444443,interpolation,0 days 00:00:31.486000,31.486,3082.902,0.0
2024-03-01 16:37:58.675,0 days 00:51:23.002000,4464.0,4185.0,-54.0,OnTrack,211.33333333333334,9877.0,100.0,0,8,6,1942.3687110109267,0.36032334105640923,27,421.7773148148148,interpolation,0 days 00:00:31.586000,31.586,3083.002,0.0
2024-03-01 16:37:58.775,0 days 00:51:23.102000,4416.631740609785,4181.130520022374,-55.52320545999324,OnTrack,212.66666666666666,9987.0,100.0,0,8,6,1947.2481745498822,0.36122851657481236,27,421.64768518518514,interpolation,0 days 00:00:31.686000,31.686,3083.102,0.0
2024-03-01 16:37:58.875,0 days 00:51:23.202000,4374.0,4175.0,-57.0,OnTrack,214.0,10097.0,100.0,0,8,6,1953.1569444444442,0.3623246358120472,27,421.5180555555555,interpolation,0 days 00:00:31.786000,31.786,3083.202,0.0
2024-03-01 16:37:58.975,0 days 00:51:23.302000,4318.115915741404,4165.147376853023,-58.91736680086005,OnTrack,217.5,10145.0,93.0,0,8,6,1960.4293612873794,0.3636737213484578,27,421.28472222222206,interpolation,0 days 00:00:31.886000,31.886,3083.302,0.0
2024-03-01 16:37:59.075,0 days 00:51:23.402000,4257.0,4152.0,-61.0,OnTrack,221.0,10193.0,86.0,0,8,6,1967.8902777777776,0.365057774922799,27,421.0513888888886,interpolation,0 days 00:00:31.986000,31.986,3083.402,0.0
2024-03-01 16:37:59.175,0 days 00:51:23.502000,4198.672764941789,4135.985218859487,-62.9725937348464,OnTrack,222.5,10300.0,86.5,0,8,6,1974.3645466147295,0.3662587982738258,27,420.9402777777774,interpolation,0 days 00:00:32.086000,32.086,3083.502,0.0
2024-03-01 16:37:59.275,0 days 00:51:23.602000,4140.0,4116.0,-65.0,OnTrack,224.0,10407.0,87.0,0,8,6,1980.3347222222221,0.36736630871166925,27,420.8291666666662,interpolation,0 days 00:00:32.186000,32.186,3083.602,0.0
2024-03-01 16:37:59.375,0 days 00:51:23.702000,4077.8474946078654,4090.941309990058,-67.24707079006157,OnTrack,225.66666666666666,10516.666666666666,91.33333333333333,0,8,6,1986.2833590242417,0.36846982354646046,27,420.72546296296264,interpolation,0 days 00:00:32.286000,32.286,3083.702,0.0
2024-03-01 16:37:59.475,0 days 00:51:23.802000,4012.215248765385,4060.809148829659,-69.71380610503113,OnTrack,227.33333333333334,10626.333333333334,95.66666666666667,0,8,6,1992.213770022977,0.3695699573638909,27,420.6217592592591,interpolation,0 days 00:00:32.386000,32.386,3083.802,0.0
2024-03-01 16:37:59.575,0 days 00:51:23.902000,3947.9753785402118,4028.0224132544313,-72.32363836748512,OnTrack,229.0,10736.0,100.0,0,8,6,1998.1458333333328,0.37067039769698973,27,420.5180555555555,interpolation,0 days 00:00:32.486000,32.486,3083.902,0.0
2024-03-01 16:37:59.675,0 days 00:51:24.002000,3890.0,3995.0,-75.0,OnTrack,230.33333333333334,10798.666666666666,99.66666666666667,0,8,6,2004.0828619914234,0.37177175913774185,27,420.5180555555555,interpolation,0 days 00:00:32.586000,32.586,3084.002,0.0
2024-03-01 16:37:59.775,0 days 00:51:24.102000,3838.2891131447504,3961.741909066369,-77.74289100257579,OnTrack,231.66666666666666,10861.333333333334,99.33333333333333,0,8,6,2010.0577716879052,0.37288014778308104,27,420.5180555555555,interpolation,0 days 00:00:32.686000,32.686,3084.102,0.0
2024-03-01 16:37:59.875,0 days 00:51:24.202000,3791.769290478383,3927.412727139611,-80.61583813450419,OnTrack,233.0,10924.0,99.0,0,8,6,2016.268055555555,0.3740322000270321,27,420.5180555555555,interpolation,0 days 00:00:32.786000,32.786,3084.202,0.0
2024-03-01 16:37:59.975,0 days 00:51:24.302000,3744.0,3887.0,-84.0,OnTrack,235.0,10992.0,99.25,0,8,6,2022.7466289479748,0.3752340219040026,27,420.49027777777775,interpolation,0 days 00:00:32.886000,32.886,3084.302,0.0
2024-03-01 16:38:00.075,0 days 00:51:24.402000,3693.907825205366,3839.6683228882002,-87.95890270784429,OnTrack,237.0,11060.0,99.5,0,8,6,2029.493491865166,0.3764856134139928,27,420.4625,interpolation,0 days 00:00:32.986000,32.986,3084.402,0.0
2024-03-01 16:38:00.175,0 days 00:51:24.502000,3645.0,3789.0,-92.0,OnTrack,239.0,11128.0,99.75,0,8,6,2036.3220810719956,0.37775236573746185,27,420.4347222222222,interpolation,0 days 00:00:33.086000,33.086,3084.502,0.0
2024-03-01 16:38:00.275,0 days 00:51:24.602000,3600.783758289423,3738.577335531186,-95.63074561843008,OnTrack,241.0,11196.0,100.0,0,8,6,2043.0458333333327,0.3789996700548689,27,420.40694444444443,interpolation,0 days 00:00:33.186000,33.186,3084.602,0.0
2024-03-01 16:38:00.375,0 days 00:51:24.702000,3561.1006533530663,3688.6815527605436,-98.88878589751093,OnTrack,242.5,11185.5,100.0,0,8,6,2049.664748649176,0.38022752636621415,27,420.43479166666657,interpolation,0 days 00:00:33.286000,33.286,3084.702,0.0
2024-03-01 16:38:00.475,0 days 00:51:24.802000,3525.0,3641.0,-102.0,OnTrack,244.0,11175.0,100.0,0,8,6,2056.178827019527,0.3814359346714975,27,420.4626388888887,interpolation,0 days 00:00:33.386000,33.386,3084.802,0.0
2024-03-01 16:38:00.575,0 days 00:51:24.902000,3492.3233498871514,3595.8139034080828,-105.00203464577415,OnTrack,245.5,11164.5,100.0,0,8,6,2063.0046724356694,0.38270217800209505,27,420.49048611111084,interpolation,0 days 00:00:33.486000,33.486,3084.902,0.0
2024-03-01 16:38:00.675,0 days 00:51:25.002000,3457.0,3544.0,-108.0,OnTrack,247.0,11154.0,100.0,0,8,6,2070.5588888888883,0.3841035393893831,27,420.518333333333,pos,0 days 00:00:33.586000,33.586,3085.002,0.0
2024-03-01 16:38:00.775,0 days 00:51:25.102000,3412.9592473240236,3476.4350267909604,-111.0990062278442,OnTrack,248.66666666666666,11333.0,100.0,0,8,6,2078.8414763791834,0.38564001883336146,27,420.58499999999987,interpolation,0 days 00:00:33.686000,33.686,3085.102,0.0
2024-03-01 16:38:00.875,0 days 00:51:25.202000,3363.0,3397.0,-115.0,OnTrack,250.33333333333334,11512.0,100.0,0,8,6,2087.6487827592323,0.38727383739858895,27,420.6516666666668,interpolation,0 days 00:00:33.786000,33.786,3085.202,0.0
2024-03-01 16:38:00.975,0 days 00:51:25.302000,3309.921166168705,3309.5759358461537,-120.40392798716059,OnTrack,252.0,11691.0,100.0,0,8,6,2095.758888888888,0.3887783203118453,27,420.7183333333337,interpolation,0 days 00:00:33.886000,33.886,3085.302,0.0
2024-03-01 16:38:01.075,0 days 00:51:25.402000,3257.0,3221.0,-126.0,OnTrack,252.66666666666666,11684.333333333334,100.0,0,8,6,2102.9681405354213,0.3901156882508311,27,420.79611111111143,interpolation,0 days 00:00:33.986000,33.986,3085.402,0.0
2024-03-01 16:38:01.175,0 days 00:51:25.502000,3207.5137556637465,3138.1093581321174,-130.4774258491923,OnTrack,253.33333333333334,11677.666666666666,100.0,0,8,6,2109.3688006876796,0.39130305666237636,27,420.8738888888891,interpolation,0 days 00:00:34.086000,34.086,3085.502,0.0
2024-03-01 16:38:01.275,0 days 00:51:25.602000,3161.4624331599452,3060.9040102425065,-133.83620553473745,OnTrack,254.0,11671.0,100.0,0,8,6,2115.5144444444436,0.39244311770167684,27,420.9516666666668,interpolation,0 days 00:00:34.186000,34.186,3085.602,0.0
2024-03-01 16:38:01.375,0 days 00:51:25.702000,3122.929894076171,2996.246657231642,-136.27688245291387,OnTrack,245.33333333333334,11174.333333333334,66.66666666666666,0,8,6,2121.497333849795,0.3935529866403013,27,421.7812962962964,interpolation,0 days 00:00:34.286000,34.286,3085.702,0.0
2024-03-01 16:38:01.475,0 days 00:51:25.802000,3096.0,2951.0,-138.0,OnTrack,236.66666666666666,10677.666666666666,33.33333333333333,0,8,6,2127.347794152613,0.39463828902963616,27,422.61092592592587,interpolation,0 days 00:00:34.386000,34.386,3085.802,0.0
2024-03-01 16:38:01.575,0 days 00:51:25.902000,3080.6727509314323,2925.16403854758,-139.0055581759957,OnTrack,228.0,10181.0,0.0,0,8,6,2133.247777777777,0.395732778350817,27,423.4405555555554,interpolation,0 days 00:00:34.486000,34.486,3085.902,0.0
2024-03-01 16:38:01.675,0 days 00:51:26.002000,3076.9481468704666,2918.7387728743806,-139.29355698090106,OnTrack,215.66666666666666,10009.0,0.0,0,8,6,2139.2276102847,0.39684208021283607,27,425.36648148148134,interpolation,0 days 00:00:34.586000,34.586,3086.002,0.0
2024-03-01 16:38:01.775,0 days 00:51:26.102000,3069.499469374268,2908.444120763992,-139.6847772953559,OnTrack,203.33333333333334,9837.0,0.0,1,8,6,2145.1538171746492,0.3979414341379034,27,427.2924074074073,interpolation,0 days 00:00:34.686000,34.686,3086.102,0.0
2024-03-01 16:38:01.875,0 days 00:51:26.202000,3043.0,2871.0,-141.0,OnTrack,191.0,9665.0,0.0,1,8,6,2150.225555555555,0.3988822780199185,27,429.21833333333325,interpolation,0 days 00:00:34.786000,34.786,3086.202,0.0
2024-03-01 16:38:01.975,0 days 00:51:26.302000,3002.0,2813.0,-143.0,OnTrack,185.0,10213.5,0.0,1,8,6,2154.309352295457,0.39963985163463706,27,430.6850000000002,interpolation,0 days 00:00:34.886000,34.886,3086.302,0.0
2024-03-01 16:38:02.075,0 days 00:51:26.402000,2973.8011766728046,2774.00585982533,-144.24941937733573,OnTrack,179.0,10762.0,0.0,1,8,6,2158.18111111111,0.4003580906920891,27,432.1516666666671,interpolation,0 days 00:00:34.986000,34.986,3086.402,0.0
2024-03-01 16:38:02.175,0 days 00:51:26.502000,2958.236300237294,2754.1872439217145,-144.7558260083782,OnTrack,170.5,10834.5,0.0,1,8,6,2162.61673571927,0.4011809309023046,27,433.90166666666687,interpolation,0 days 00:00:35.086000,35.086,3086.502,0.0
2024-03-01 16:38:02.275,0 days 00:51:26.602000,2927.0,2715.0,-146.0,OnTrack,162.0,10907.0,0.0,1,8,6,2167.18111111111,0.4020276553072542,27,435.65166666666664,pos,0 days 00:00:35.186000,35.186,3086.602,0.0
2024-03-01 16:38:02.375,0 days 00:51:26.702000,2880.0,2656.0,-148.0,OnTrack,153.0,10997.0,0.0,1,8,6,2171.439122277805,0.4028175469489089,27,437.6664814814814,interpolation,0 days 00:00:35.286000,35.286,3086.702,0.0
2024-03-01 16:38:02.475,0 days 00:51:26.802000,2844.988302178969,2613.0670089002238,-149.3833831797962,OnTrack,144.0,11087.0,0.0,1,8,6,2175.4068868504905,0.4035535957635601,27,439.6812962962961,interpolation,0 days 00:00:35.386000,35.386,3086.802,0.0
2024-03-01 16:38:02.575,0 days 00:51:26.902000,2826.590263875604,2592.181018147876,-149.92140789680505,OnTrack,135.0,11177.0,0.0,1,8,6,2179.18111111111,0.40425374146080767,27,441.6961111111109,interpolation,0 days 00:00:35.486000,35.486,3086.902,0.0
2024-03-01 16:38:02.675,0 days 00:51:27.002000,2813.6470936344367,2579.95451832159,-149.9987286654114,OnTrack,129.0,10698.0,0.0,1,8,6,2182.777912855844,0.4049209740075601,27,443.14055555555547,interpolation,0 days 00:00:35.586000,35.586,3087.002,0.0
2024-03-01 16:38:02.775,0 days 00:51:27.102000,2795.0,2563.0,-150.0,OnTrack,123.0,10219.0,0.0,1,8,3,2186.014444444443,0.4055213738538033,27,444.58500000000004,interpolation,0 days 00:00:35.686000,35.686,3087.102,0.0
2024-03-01 16:38:02.875,0 days 00:51:27.202000,2770.648982972295,2541.3174631831075,-149.92522190057093,OnTrack,119.75,9907.25,0.0,1,8,3,2188.707858236657,0.4060210214495231,27,445.56000000000006,interpolation,0 days 00:00:35.786000,35.786,3087.202,0.0
2024-03-01 16:38:02.975,0 days 00:51:27.302000,2742.0,2519.0,-150.0,OnTrack,116.5,9595.5,0.0,1,8,2,2190.8581542324873,0.4064199167947197,27,446.5350000000001,interpolation,0 days 00:00:35.886000,35.886,3087.302,0.0
2024-03-01 16:38:03.075,0 days 00:51:27.402000,2710.459008531793,2500.140702579769,-150.4499399311631,OnTrack,113.25,9283.75,0.0,1,8,2,2193.336595334295,0.4068796854129807,27,447.5100000000001,interpolation,0 days 00:00:35.986000,35.986,3087.402,0.0
2024-03-01 16:38:03.175,0 days 00:51:27.502000,2679.0,2485.0,-151.0,OnTrack,110.0,8972.0,0.0,1,8,2,2197.014444444443,0.407561952827894,27,448.4850000000001,interpolation,0 days 00:00:36.086000,36.086,3087.502,0.0
2024-03-01 16:38:03.275,0 days 00:51:27.602000,2650.596965836944,2473.838321338281,-151.37513851245063,OnTrack,103.0,8616.0,0.0,1,8,2,2201.592222222221,0.408411163471657,27,449.81833333333316,interpolation,0 days 00:00:36.186000,36.186,3087.602,0.0
2024-03-01 16:38:03.375,0 days 00:51:27.702000,2625.2544815140036,2466.3832191057923,-151.61972744281448,OnTrack,100.6,8363.2,0.0,1,8,2,2205.273043423326,0.40909398223078075,27,450.1353888888887,interpolation,0 days 00:00:36.286000,36.286,3087.702,0.0
2024-03-01 16:38:03.475,0 days 00:51:27.802000,2603.0,2461.0,-152.0,OnTrack,98.2,8110.4,0.0,1,8,2,2207.7574256403627,0.4095548529685708,27,450.45244444444427,interpolation,0 days 00:00:36.386000,36.386,3087.802,0.0
2024-03-01 16:38:03.575,0 days 00:51:27.902000,2583.838096813166,2457.416213742209,-152.56032861267795,OnTrack,95.8,7857.6,0.0,1,8,2,2209.2316587675555,0.40982833379786693,27,450.76949999999977,interpolation,0 days 00:00:36.486000,36.486,3087.902,0.0
2024-03-01 16:38:03.675,0 days 00:51:28.002000,2562.0,2456.0,-153.0,OnTrack,93.4,7604.8,0.0,1,8,2,2210.813476447448,0.41012177233408814,27,451.0865555555553,interpolation,0 days 00:00:36.586000,36.586,3088.002,0.0
2024-03-01 16:38:03.775,0 days 00:51:28.102000,2531.716937607002,2457.1194984409526,-153.01830088111763,OnTrack,91.0,7352.0,0.0,1,8,2,2212.6891666666656,0.41046972633620116,27,451.4036111111109,interpolation,0 days 00:00:36.686000,36.686,3088.102,0.0
2024-03-01 16:38:03.875,0 days 00:51:28.202000,2501.0,2461.0,-153.0,OnTrack,88.5,7242.5,0.0,1,8,2,2214.8587294252093,0.4108721958042061,27,451.6536111111109,interpolation,0 days 00:00:36.786000,36.786,3088.202,0.0
2024-03-01 16:38:03.975,0 days 00:51:28.302000,2477.8602775448217,2467.866795612074,-153.32986610061616,OnTrack,86.0,7133.0,0.0,1,8,2,2217.4669444444435,0.4113560384158567,27,451.9036111111109,interpolation,0 days 00:00:36.886000,36.886,3088.302,0.0
2024-03-01 16:38:04.075,0 days 00:51:28.402000,2461.3741584122226,2477.546632575218,-153.8929988744355,OnTrack,83.0,6985.0,0.0,1,8,2,2220.6585914457337,0.411948111848907,27,452.1369444444442,interpolation,0 days 00:00:36.986000,36.986,3088.402,0.0
2024-03-01 16:38:04.175,0 days 00:51:28.502000,2446.0,2489.0,-154.0,OnTrack,80.0,6837.0,0.0,1,8,2,2223.6891666666656,0.41251030531029187,27,452.3702777777776,interpolation,0 days 00:00:37.086000,37.086,3088.502,0.0
2024-03-01 16:38:04.275,0 days 00:51:28.602000,2430.814199936647,2502.0536469585613,-153.5359703453521,OnTrack,80.0,6796.333333333333,0.0,1,8,2,2225.8141663448237,0.41290450800694634,27,452.4369444444442,interpolation,0 days 00:00:37.186000,37.186,3088.602,0.0
2024-03-01 16:38:04.375,0 days 00:51:28.702000,2414.0,2521.0,-153.0,OnTrack,80.0,6755.666666666667,0.0,0,8,2,2227.219708996288,0.413165246259834,27,452.5036111111108,interpolation,0 days 00:00:37.286000,37.286,3088.702,0.0
2024-03-01 16:38:04.475,0 days 00:51:28.802000,2393.7406419678964,2550.1314856734107,-152.8911790534518,OnTrack,80.0,6715.0,0.0,0,8,2,2229.022499999999,0.4134996769340934,27,452.5702777777774,interpolation,0 days 00:00:37.386000,37.386,3088.802,0.0
2024-03-01 16:38:04.575,0 days 00:51:28.902000,2376.0,2578.0,-153.0,OnTrack,79.0,6801.666666666667,8.333333333333334,0,8,2,2231.4086559661937,0.4139423259971404,27,452.60361111111087,interpolation,0 days 00:00:37.486000,37.486,3088.902,0.0
2024-03-01 16:38:04.675,0 days 00:51:29.002000,2366.7419482559762,2593.157439000972,-153.1169553339372,OnTrack,78.0,6888.333333333333,16.666666666666668,0,8,2,2234.2438925992265,0.4144682827480439,27,452.6369444444443,interpolation,0 days 00:00:37.586000,37.586,3089.002,0.0
2024-03-01 16:38:04.775,0 days 00:51:29.102000,2364.3360905854247,2598.3438943205524,-153.20034862381226,OnTrack,77.0,6975.0,25.0,0,8,2,2236.722499999999,0.41492808221595684,27,452.67027777777776,interpolation,0 days 00:00:37.686000,37.686,3089.102,0.0
2024-03-01 16:38:04.875,0 days 00:51:29.202000,2359.0,2610.0,-153.0,OnTrack,78.0,7129.25,26.75,0,8,2,2238.710192497789,0.41529681344486125,27,452.5813888888889,interpolation,0 days 00:00:37.786000,37.786,3089.202,0.0
2024-03-01 16:38:04.975,0 days 00:51:29.302000,2349.1032636539603,2630.8658757422227,-152.4742126040757,OnTrack,79.0,7283.5,28.5,0,8,2,2240.206970092596,0.415574476434757,27,452.49250000000006,interpolation,0 days 00:00:37.886000,37.886,3089.302,0.0
2024-03-01 16:38:05.075,0 days 00:51:29.402000,2338.0,2655.0,-152.0,OnTrack,80.0,7437.75,30.25,0,8,2,2241.761512641104,0.4158628552382857,27,452.4036111111112,interpolation,0 days 00:00:37.986000,37.986,3089.402,0.0
2024-03-01 16:38:05.175,0 days 00:51:29.502000,2329.0443274908157,2676.4608512261098,-151.95437575173366,OnTrack,81.0,7592.0,32.0,0,8,2,2243.9224999999988,0.4162637339080889,27,452.3147222222224,interpolation,0 days 00:00:38.086000,38.086,3089.502,0.0
2024-03-01 16:38:05.275,0 days 00:51:29.602000,2321.0,2700.0,-152.0,OnTrack,84.5,7878.0,38.0,0,8,2,2246.68993216928,0.4167771124441668,27,452.0480555555555,interpolation,0 days 00:00:38.186000,38.186,3089.602,0.0
2024-03-01 16:38:05.375,0 days 00:51:29.702000,2312.630771401149,2730.369016901118,-151.79953288552247,OnTrack,88.0,8164.0,44.0,0,8,2,2249.7891666666656,0.4173520426942706,27,451.7813888888886,interpolation,0 days 00:00:38.286000,38.286,3089.702,0.0
2024-03-01 16:38:05.475,0 days 00:51:29.802000,2304.2791305433607,2765.7238228478013,-151.39071625175546,OnTrack,91.0,8187.75,48.0,0,8,2,2252.9455610098757,0.4179375765061518,27,451.32305555555536,interpolation,0 days 00:00:38.386000,38.386,3089.802,0.0
2024-03-01 16:38:05.575,0 days 00:51:29.902000,2298.0,2795.0,-151.0,OnTrack,94.0,8211.5,52.0,0,8,2,2256.1591151989096,0.4185337138798104,27,450.8647222222221,interpolation,0 days 00:00:38.486000,38.486,3089.902,0.0
2024-03-01 16:38:05.675,0 days 00:51:30.002000,2294.135865113097,2816.3534881593264,-150.66512558723602,OnTrack,97.0,8235.25,56.0,0,8,2,2259.243250677377,0.419105843153502,27,450.40638888888884,interpolation,0 days 00:00:38.586000,38.586,3090.002,0.0
2024-03-01 16:38:05.775,0 days 00:51:30.102000,2292.39199552104,2831.7517919989677,-150.36799282205874,OnTrack,100.0,8259.0,60.0,0,8,2,2262.0113888888877,0.41961935266548245,27,449.9480555555556,interpolation,0 days 00:00:38.686000,38.686,3090.102,0.0
2024-03-01 16:38:05.875,0 days 00:51:30.202000,2291.0,2853.0,-150.0,OnTrack,103.5,8387.5,61.5,0,8,2,2264.46352983344,0.42007424241575164,27,449.45916666666676,interpolation,0 days 00:00:38.786000,38.786,3090.202,0.0
2024-03-01 16:38:05.975,0 days 00:51:30.302000,2289.665145170311,2882.065636982962,-149.5430467443081,OnTrack,107.0,8516.0,63.0,0,8,2,2266.766944444443,0.42050154236337217,27,448.97027777777794,interpolation,0 days 00:00:38.886000,38.886,3090.302,0.0
2024-03-01 16:38:06.075,0 days 00:51:30.402000,2289.0,2916.0,-149.0,OnTrack,110.0,8665.0,66.0,0,8,2,2269.0889036553053,0.42093228246740677,27,448.6073148148151,interpolation,0 days 00:00:38.986000,38.986,3090.402,0.0
2024-03-01 16:38:06.175,0 days 00:51:30.502000,2289.617133457093,2951.8543861032576,-148.37372671209246,OnTrack,113.0,8814.0,69.0,0,8,2,2271.6517094237092,0.42140770133701444,27,448.2443518518523,interpolation,0 days 00:00:39.086000,39.086,3090.502,0.0
2024-03-01 16:38:06.275,0 days 00:51:30.602000,2291.516545541591,2989.628795292738,-147.6642268805856,OnTrack,116.0,8963.0,72.0,0,8,3,2275.789166666665,0.42217522936030305,27,447.88138888888943,interpolation,0 days 00:00:39.186000,39.186,3090.602,0.0
2024-03-01 16:38:06.375,0 days 00:51:30.702000,2294.157684855293,3027.088806835849,-146.87261360878597,OnTrack,125.0,9383.0,82.0,0,8,3,2281.3447222222208,0.423205824801763,27,447.1702777777782,interpolation,0 days 00:00:39.286000,39.286,3090.702,0.0
2024-03-01 16:38:06.475,0 days 00:51:30.802000,2297.0,3062.0,-146.0,OnTrack,127.4,9786.4,85.6,0,8,3,2286.045270669049,0.4240778102860623,27,446.9258333333338,interpolation,0 days 00:00:39.386000,39.386,3090.802,0.0
2024-03-01 16:38:06.575,0 days 00:51:30.902000,2300.0434909757128,3094.3623747851943,-145.04638605422787,OnTrack,129.8,10189.8,89.2,0,8,3,2289.5119630433087,0.42472090661047635,27,446.68138888888933,interpolation,0 days 00:00:39.486000,39.486,3090.902,0.0
2024-03-01 16:38:06.675,0 days 00:51:31.002000,2303.4288248825546,3125.0158597007403,-144.0233099051056,OnTrack,132.2,10593.2,92.8,0,8,3,2291.9680089481694,0.4251765207589183,27,446.4369444444449,interpolation,0 days 00:00:39.586000,39.586,3091.002,0.0
2024-03-01 16:38:06.775,0 days 00:51:31.102000,2308.0,3159.0,-143.0,OnTrack,134.6,10996.6,96.4,0,8,3,2294.7526728596727,0.4256930959068931,27,446.19250000000045,interpolation,0 days 00:00:39.686000,39.686,3091.102,0.0
2024-03-01 16:38:06.875,0 days 00:51:31.202000,2313.8976819877507,3197.1547155914614,-141.98799435439736,OnTrack,137.0,11400.0,100.0,0,8,3,2298.0891666666653,0.42631203946232327,27,445.94805555555604,interpolation,0 days 00:00:39.786000,39.786,3091.202,0.0
2024-03-01 16:38:06.975,0 days 00:51:31.302000,2320.936030749679,3239.0382443551225,-140.98752676286617,OnTrack,142.25,11431.25,100.0,0,8,3,2301.977490369147,0.42703335142520904,27,445.6417361111115,interpolation,0 days 00:00:39.886000,39.886,3091.302,0.0
2024-03-01 16:38:07.075,0 days 00:51:31.402000,2328.0,3282.0,-140.0,OnTrack,147.5,11462.5,100.0,0,8,3,2306.417643967118,0.4278570317955502,27,445.335416666667,interpolation,0 days 00:00:39.986000,39.986,3091.402,0.0
2024-03-01 16:38:07.175,0 days 00:51:31.502000,2335.0,3325.0,-139.0,OnTrack,152.75,11493.75,100.0,0,8,3,2311.093420025974,0.42872442182402815,27,445.0290972222225,interpolation,0 days 00:00:40.086000,40.086,3091.502,0.0
2024-03-01 16:38:07.275,0 days 00:51:31.602000,2342.51354726913,3364.4489306833393,-137.83363879839283,OnTrack,158.0,11525.0,100.0,0,8,3,2315.68861111111,0.42957686276132423,27,444.722777777778,interpolation,0 days 00:00:40.186000,40.186,3091.602,0.0
2024-03-01 16:38:07.375,0 days 00:51:31.702000,2353.0,3414.0,-136.0,OnTrack,164.5,11301.5,100.0,0,8,3,2320.2032172225263,0.4304143546074385,27,444.3616666666669,interpolation,0 days 00:00:40.286000,40.286,3091.702,0.0
2024-03-01 16:38:07.475,0 days 00:51:31.802000,2368.822463139167,3487.904637908149,-133.02381533503998,OnTrack,171.0,11078.0,100.0,0,8,3,2325.18861111111,0.4313391809662207,27,444.0005555555558,interpolation,0 days 00:00:40.386000,40.386,3091.802,0.0
2024-03-01 16:38:07.575,0 days 00:51:31.902000,2385.0,3563.0,-130.0,OnTrack,177.0,11305.0,100.0,0,8,3,2331.196165527751,0.4324536254415209,27,443.3338888888891,interpolation,0 days 00:00:40.486000,40.486,3091.902,0.0
2024-03-01 16:38:07.675,0 days 00:51:32.002000,2396.55167389587,3616.1232418677687,-128.02346919136738,OnTrack,183.0,11532.0,100.0,0,8,3,2337.38861111111,0.43360236855566675,27,442.66722222222234,interpolation,0 days 00:00:40.586000,40.586,3092.002,0.0
2024-03-01 16:38:07.775,0 days 00:51:32.102000,2403.477484826778,3647.274363511455,-127.09422290914216,OnTrack,187.0,11532.0,100.0,0,8,3,2342.9286784998512,0.4346300908309859,27,442.2783333333332,interpolation,0 days 00:00:40.686000,40.686,3092.102,0.0
2024-03-01 16:38:07.875,0 days 00:51:32.202000,2408.4145533442966,3669.038303399414,-126.61786517234583,OnTrack,191.0,11532.0,100.0,0,8,4,2347.9997222222214,0.43557080584885527,27,441.88944444444405,interpolation,0 days 00:00:40.786000,40.786,3092.202,0.0
2024-03-01 16:38:07.975,0 days 00:51:32.302000,2414.0,3694.0,-126.0,OnTrack,193.5,11372.75,100.0,0,8,4,2352.7850968064686,0.4364585271906519,27,441.7394444444441,interpolation,0 days 00:00:40.886000,40.886,3092.302,0.0
2024-03-01 16:38:08.075,0 days 00:51:32.402000,2420.2338247938883,3722.159453313214,-125.24062739210464,OnTrack,196.0,11213.5,100.0,0,8,4,2357.2848022525936,0.43729325485637593,27,441.5894444444441,interpolation,0 days 00:00:40.986000,40.986,3092.402,0.0
2024-03-01 16:38:08.175,0 days 00:51:32.502000,2428.044179136058,3757.953133742792,-124.19559674406602,OnTrack,198.5,11054.25,100.0,0,8,4,2362.166967683532,0.4381989315951401,27,441.4394444444441,interpolation,0 days 00:00:41.086000,41.086,3092.502,0.0
2024-03-01 16:38:08.275,0 days 00:51:32.602000,2443.0,3828.0,-122.0,OnTrack,201.0,10895.0,100.0,0,8,4,2368.0997222222213,0.43929950015605734,27,441.28944444444414,interpolation,0 days 00:00:41.186000,41.186,3092.602,0.0
2024-03-01 16:38:08.375,0 days 00:51:32.702000,2466.02944830013,3936.7365679182644,-118.50968507920304,OnTrack,205.5,10895.0,100.0,0,8,4,2375.083065868661,0.4405949605391277,27,441.056111111111,interpolation,0 days 00:00:41.286000,41.286,3092.702,0.0
2024-03-01 16:38:08.475,0 days 00:51:32.802000,2490.0,4049.0,-115.0,OnTrack,210.0,10895.0,100.0,0,8,5,2382.099722222221,0.44189660066853625,27,440.8227777777779,interpolation,0 days 00:00:41.386000,41.386,3092.802,0.0
2024-03-01 16:38:08.575,0 days 00:51:32.902000,2507.7791310631646,4129.627458747624,-112.74629278071578,OnTrack,210.5,11112.0,100.0,0,8,5,2388.1324148822723,0.4430157084684682,27,440.9477777777778,interpolation,0 days 00:00:41.486000,41.486,3092.902,0.0
2024-03-01 16:38:08.675,0 days 00:51:33.002000,2519.3668414896247,4178.618944161135,-111.7485634213504,OnTrack,211.0,11329.0,100.0,0,8,5,2393.181143848815,0.4439522839389237,27,441.0727777777777,interpolation,0 days 00:00:41.586000,41.586,3093.002,0.0
2024-03-01 16:38:08.775,0 days 00:51:33.102000,2525.6038698777497,4200.543335110459,-111.79516308870986,OnTrack,211.5,11546.0,100.0,0,8,5,2397.9891620020608,0.4448442058253382,27,441.19777777777756,interpolation,0 days 00:00:41.686000,41.686,3093.102,0.0
2024-03-01 16:38:08.875,0 days 00:51:33.202000,2531.5346736453484,4222.814045171585,-111.6161922817561,OnTrack,212.0,11763.0,100.0,0,8,5,2403.299722222221,0.44582935287314746,27,441.32277777777745,interpolation,0 days 00:00:41.786000,41.786,3093.202,0.0
2024-03-01 16:38:08.975,0 days 00:51:33.302000,2538.0,4250.0,-111.0,OnTrack,217.5,11610.5,100.0,0,8,5,2409.1128245092964,0.44690772508235144,27,441.3505555555555,interpolation,0 days 00:00:41.886000,41.886,3093.302,0.0
2024-03-01 16:38:09.075,0 days 00:51:33.402000,2546.0,4286.0,-110.0,OnTrack,223.0,11458.0,100.0,0,8,5,2415.68861111111,0.44812758070760306,27,441.37833333333356,interpolation,0 days 00:00:41.986000,41.986,3093.402,0.0
2024-03-01 16:38:09.175,0 days 00:51:33.502000,2561.5355492705894,4354.206727826642,-108.93667318024177,OnTrack,226.5,11088.5,100.0,0,8,5,2423.287224275486,0.4495371780035553,27,441.37833333333333,interpolation,0 days 00:00:42.086000,42.086,3093.502,0.0
2024-03-01 16:38:09.275,0 days 00:51:33.602000,2584.1385927200395,4452.637074061531,-107.88784631029836,OnTrack,230.0,10719.0,100.0,0,8,5,2431.0219444444433,0.4509720241260325,27,441.3783333333331,interpolation,0 days 00:00:42.186000,42.186,3093.602,0.0
2024-03-01 16:38:09.375,0 days 00:51:33.702000,2605.0,4546.0,-107.0,OnTrack,232.0,10787.0,100.0,0,8,5,2438.006052060001,0.45226762623085914,27,441.43018518518494,interpolation,0 days 00:00:42.286000,42.286,3093.702,0.0
2024-03-01 16:38:09.475,0 days 00:51:33.802000,2622.6515902361893,4628.413695972903,-106.2975475593218,OnTrack,234.0,10855.0,100.0,0,8,6,2444.2012217384304,0.45341687468419806,27,441.48203703703683,interpolation,0 days 00:00:42.386000,42.386,3093.802,0.0
2024-03-01 16:38:09.575,0 days 00:51:33.902000,2637.0933634286093,4699.878161980243,-105.78048898826378,OnTrack,236.0,10923.0,100.0,0,8,6,2449.377499999999,0.4543771114646162,27,441.53388888888867,interpolation,0 days 00:00:42.486000,42.486,3093.902,0.0
2024-03-01 16:38:09.675,0 days 00:51:34.002000,2648.738454906724,4759.153546997461,-105.37318592307385,OnTrack,237.0,10979.5,100.0,0,8,6,2453.4965610685244,0.4551412268654734,27,441.645,interpolation,0 days 00:00:42.586000,42.586,3094.002,0.0
2024-03-01 16:38:09.775,0 days 00:51:34.102000,2658.0,4805.0,-105.0,OnTrack,238.0,11036.0,100.0,0,8,6,2459.9552777777767,0.4563393651851559,27,441.7561111111113,interpolation,0 days 00:00:42.686000,42.686,3094.102,0.0
2024-03-01 16:38:09.875,0 days 00:51:34.202000,2664.8779987084354,4837.41752098786,-104.66093121904217,OnTrack,242.0,11089.0,100.0,0,8,6,2470.7108333333326,0.4583345979598224,27,441.9338888888883,interpolation,0 days 00:00:42.786000,42.786,3094.202,0.0
2024-03-01 16:38:09.975,0 days 00:51:34.302000,2669.372451032031,4856.406109961042,-104.3559795802004,OnTrack,242.5,11163.0,100.0,0,8,6,2477.1250457386077,0.4595244804116002,27,442.11166666666645,interpolation,0 days 00:00:42.886000,42.886,3094.302,0.0
2024-03-01 16:38:10.075,0 days 00:51:34.402000,2676.1806778396117,4892.941643953703,-104.12303815125846,OnTrack,243.0,11237.0,100.0,0,8,6,2481.5108333333324,0.46033807549802047,27,442.2894444444446,interpolation,0 days 00:00:42.986000,42.986,3094.402,0.0
2024-03-01 16:38:10.175,0 days 00:51:34.502000,2690.0,4978.0,-104.0,OnTrack,245.33333333333334,11318.666666666666,100.0,0,8,6,2487.6208188279293,0.4614715216736818,27,442.49620370370377,interpolation,0 days 00:00:43.086000,43.086,3094.502,0.0
2024-03-01 16:38:10.275,0 days 00:51:34.602000,2709.0,5100.0,-104.0,OnTrack,247.66666666666666,11400.333333333334,100.0,0,8,6,2495.3050280225757,0.46289699764778264,27,442.702962962963,interpolation,0 days 00:00:43.186000,43.186,3094.602,0.0
2024-03-01 16:38:10.375,0 days 00:51:34.702000,2722.198228990667,5189.454931126666,-104.20184698920593,OnTrack,250.0,11482.0,100.0,0,8,6,2503.66361111111,0.464447574820842,27,442.9097222222222,interpolation,0 days 00:00:43.286000,43.286,3094.702,0.0
2024-03-01 16:38:10.475,0 days 00:51:34.802000,2728.79782754837,5241.118599023415,-104.59084381697541,OnTrack,251.5,11584.0,100.0,0,8,6,2512.546592357967,0.46609543161716716,27,443.2763888888892,interpolation,0 days 00:00:43.386000,43.386,3094.802,0.0
2024-03-01 16:38:10.575,0 days 00:51:34.902000,2735.0,5293.0,-105.0,OnTrack,253.0,11686.0,100.0,0,8,6,2520.5302777777765,0.46757646258111424,27,443.6430555555562,interpolation,0 days 00:00:43.486000,43.486,3094.902,0.0
2024-03-01 16:38:10.675,0 days 00:51:35.002000,2741.8382751083527,5351.433934340427,-105.40148393355992,OnTrack,255.0,11736.0,100.0,0,8,6,2526.190973385171,0.46862656225703947,27,443.84305555555625,interpolation,0 days 00:00:43.586000,43.586,3095.002,0.0
2024-03-01 16:38:10.775,0 days 00:51:35.102000,2748.0,5419.0,-106.0,OnTrack,257.0,11786.0,100.0,0,8,6,2531.952499999999,0.46969536680875595,27,444.0430555555563,interpolation,0 days 00:00:43.686000,43.686,3095.102,0.0
2024-03-01 16:38:10.875,0 days 00:51:35.202000,2752.1725218015117,5498.27779493402,-107.00025258166508,OnTrack,257.5,11732.0,100.0,0,8,6,2540.2386784421074,0.4712325124000769,27,444.47638888888923,interpolation,0 days 00:00:43.786000,43.786,3095.202,0.0
2024-03-01 16:38:10.975,0 days 00:51:35.302000,2755.0,5570.0,-108.0,OnTrack,258.0,11678.0,100.0,0,8,6,2549.1524999999992,0.4728860902955159,27,444.9097222222222,interpolation,0 days 00:00:43.886000,43.886,3095.302,0.0
2024-03-01 16:38:11.075,0 days 00:51:35.402000,2757.126594082575,5614.89929605545,-108.59700057644953,OnTrack,257.75,11545.75,100.0,0,8,6,2556.796955962178,0.47430419175958716,27,445.4097222222222,interpolation,0 days 00:00:43.986000,43.986,3095.402,0.0
2024-03-01 16:38:11.175,0 days 00:51:35.502000,2753.0,5683.0,-110.0,OnTrack,257.5,11413.5,100.0,0,8,6,2563.172046328643,0.47548681679229055,27,445.9097222222222,interpolation,0 days 00:00:44.086000,44.086,3095.502,0.0
2024-03-01 16:38:11.275,0 days 00:51:35.602000,2739.0,5809.0,-113.0,OnTrack,257.25,11281.25,100.0,0,8,6,2568.9623635307867,0.476560962204655,27,446.4097222222222,interpolation,0 days 00:00:44.186000,44.186,3095.602,0.0
2024-03-01 16:38:11.375,0 days 00:51:35.702000,2726.719052510864,5900.941194482056,-115.0905496516742,OnTrack,257.0,11149.0,100.0,0,8,6,2574.852499999999,0.47765362480770956,27,446.9097222222222,interpolation,0 days 00:00:44.286000,44.286,3095.702,0.0
2024-03-01 16:38:11.475,0 days 00:51:35.802000,2718.089224045092,5943.4973116547135,-115.8539092730612,OnTrack,251.0,10865.0,66.66666666666666,0,8,6,2580.8424557362823,0.4787648046014545,27,448.02453703703696,interpolation,0 days 00:00:44.386000,44.386,3095.802,0.0
2024-03-01 16:38:11.575,0 days 00:51:35.902000,2705.1647835567737,5975.0547730000135,-116.44031425791758,OnTrack,245.0,10581.0,33.33333333333333,1,8,6,2586.96773795848,0.4799010884299079,27,449.1393518518518,interpolation,0 days 00:00:44.486000,44.486,3095.902,0.0
2024-03-01 16:38:11.675,0 days 00:51:36.002000,2680.0,6034.0,-118.0,OnTrack,239.0,10297.0,0.0,1,8,6,2593.441388888888,0.48110199715483454,27,450.2541666666666,interpolation,0 days 00:00:44.586000,44.586,3096.002,0.0
2024-03-01 16:38:11.775,0 days 00:51:36.102000,2642.5948733747696,6120.3329926546685,-120.5329664993084,OnTrack,228.0,10161.666666666666,0.0,1,8,6,2600.2989153827593,0.482374117552804,27,452.9874999999999,interpolation,0 days 00:00:44.686000,44.686,3096.102,0.0
2024-03-01 16:38:11.875,0 days 00:51:36.202000,2607.0,6202.0,-123.0,OnTrack,217.0,10026.333333333334,0.0,1,8,6,2607.41540606957,0.48369427766778755,27,455.72083333333313,interpolation,0 days 00:00:44.786000,44.786,3096.202,0.0
2024-03-01 16:38:11.975,0 days 00:51:36.302000,2587.265976194609,6246.9472710719765,-124.361886746232,OnTrack,206.0,9891.0,0.0,1,8,6,2614.041388888888,0.484923445051768,27,458.4541666666664,interpolation,0 days 00:00:44.886000,44.886,3096.302,0.0
2024-03-01 16:38:12.075,0 days 00:51:36.402000,2579.1282899255602,6262.321207552908,-124.86638091974494,OnTrack,206.0,9875.5,0.0,1,8,6,2620.05195119109,0.4860384475114349,27,460.81527777777774,interpolation,0 days 00:00:44.986000,44.986,3096.402,0.0
2024-03-01 16:38:12.175,0 days 00:51:36.502000,2557.0,6291.0,-126.0,OnTrack,206.0,9860.0,0.0,1,8,6,2625.4858333333323,0.48704647166117543,27,463.17638888888905,pos,0 days 00:00:45.086000,45.086,3096.502,0.0
2024-03-01 16:38:12.275,0 days 00:51:36.602000,2516.6166380532713,6340.129976916785,-128.01049563174792,OnTrack,186.0,10175.0,0.0,1,8,6,2630.3817756727713,0.4879547041153771,27,466.70416666666665,interpolation,0 days 00:00:45.186000,45.186,3096.602,0.0
2024-03-01 16:38:12.375,0 days 00:51:36.702000,2461.524336637167,6405.628542887525,-130.71318882872598,OnTrack,166.0,10490.0,0.0,1,8,5,2634.7080555555544,0.4887572600939989,27,470.23194444444425,interpolation,0 days 00:00:45.286000,45.286,3096.702,0.0
2024-03-01 16:38:12.475,0 days 00:51:36.802000,2413.0,6463.0,-133.0,OnTrack,161.0,10547.0,0.0,1,8,5,2638.432950327832,0.48944825481699983,27,473.43194444444435,interpolation,0 days 00:00:45.386000,45.386,3096.802,0.0
2024-03-01 16:38:12.575,0 days 00:51:36.902000,2374.5897970061455,6508.161711032476,-134.68624826818476,OnTrack,156.0,10604.0,0.0,1,8,5,2641.633808884881,0.4900420370597774,27,476.6319444444445,interpolation,0 days 00:00:45.486000,45.486,3096.902,0.0
2024-03-01 16:38:12.675,0 days 00:51:37.002000,2346.2937276556027,6541.113675984952,-135.77193363328024,OnTrack,151.0,10661.0,0.0,1,8,5,2644.774722222221,0.4906246990339243,27,479.8319444444446,interpolation,0 days 00:00:45.586000,45.586,3097.002,0.0
2024-03-01 16:38:12.775,0 days 00:51:37.102000,2328.1117919483722,6561.85589485743,-136.25705609528643,OnTrack,143.4,10166.4,0.0,1,8,5,2647.93303844308,0.4912105893679075,27,485.2341666666669,interpolation,0 days 00:00:45.686000,45.686,3097.102,0.0
2024-03-01 16:38:12.875,0 days 00:51:37.202000,2320.043989884454,6570.388367649906,-136.14161565420335,OnTrack,135.8,9671.8,0.0,1,8,4,2651.1087575474594,0.491799708061727,27,490.6363888888892,interpolation,0 days 00:00:45.786000,45.786,3097.202,0.0
2024-03-01 16:38:12.975,0 days 00:51:37.302000,2311.095689084979,6573.7472944861465,-135.88347325634487,OnTrack,128.2,9177.2,0.0,1,8,4,2654.316144085095,0.4923947012917707,27,496.03861111111144,interpolation,0 days 00:00:45.886000,45.886,3097.302,0.0
2024-03-01 16:38:13.075,0 days 00:51:37.402000,2290.2722571710783,6578.968875489909,-135.9404898480248,OnTrack,120.6,8682.6,0.0,1,8,4,2657.6407849162,0.4930114460350759,27,501.4408333333337,interpolation,0 days 00:00:45.986000,45.986,3097.402,0.0
2024-03-01 16:38:13.175,0 days 00:51:37.502000,2257.573694142752,6586.053110661194,-136.3126654292432,OnTrack,113.0,8188.0,0.0,1,8,4,2661.096944444443,0.49365258844093357,27,506.843055555556,interpolation,0 days 00:00:46.086000,46.086,3097.502,0.0
2024-03-01 16:38:13.275,0 days 00:51:37.602000,2213.0,6595.0,-137.0,OnTrack,108.5,7681.0,0.0,1,8,4,2664.6846226698235,0.49431812850934403,27,513.5097222222225,interpolation,0 days 00:00:46.186000,46.186,3097.602,0.0
2024-03-01 16:38:13.375,0 days 00:51:37.702000,2156.5511747428222,6605.80954350633,-138.00249356029528,OnTrack,104.0,7174.0,0.0,1,8,3,2668.0302777777765,0.49493877155187554,27,520.176388888889,interpolation,0 days 00:00:46.286000,46.286,3097.702,0.0
2024-03-01 16:38:13.475,0 days 00:51:37.802000,2103.0,6615.0,-139.0,OnTrack,100.0,6920.25,0.0,1,8,3,2670.760367953735,0.49544522288009674,27,525.641527777778,interpolation,0 days 00:00:46.386000,46.386,3097.802,0.0
2024-03-01 16:38:13.575,0 days 00:51:37.902000,2067.119257400315,6619.089628300837,-139.67237320898528,OnTrack,96.0,6666.5,0.0,1,8,3,2672.8748931976997,0.4958374824940075,27,531.106666666667,interpolation,0 days 00:00:46.486000,46.486,3097.902,0.0
2024-03-01 16:38:13.675,0 days 00:51:38.002000,2048.9089469437668,6618.078428408837,-140.01961318725103,OnTrack,92.0,6412.75,0.0,1,8,3,2674.773221842814,0.4961896360866561,27,536.571805555556,interpolation,0 days 00:00:46.586000,46.586,3098.002,0.0
2024-03-01 16:38:13.775,0 days 00:51:38.102000,2045.517055974923,6612.428804046955,-140.07729843955798,OnTrack,88.0,6159.0,0.0,1,8,3,2676.854722222221,0.49657576935109055,27,542.036944444445,interpolation,0 days 00:00:46.686000,46.686,3098.102,0.0
2024-03-01 16:38:13.875,0 days 00:51:38.202000,2039.8314209470645,6604.915191758011,-140.0589010874455,OnTrack,85.33333333333333,6006.666666666667,0.0,1,8,3,2679.1193943359212,0.4969958822873111,27,548.8517592592598,interpolation,0 days 00:00:46.786000,46.786,3098.202,0.0
2024-03-01 16:38:13.975,0 days 00:51:38.302000,2029.0,6596.0,-140.0,OnTrack,82.66666666666667,5854.333333333333,0.0,1,8,3,2681.541413603226,0.49744518425019324,27,555.6665740740746,interpolation,0 days 00:00:46.886000,46.886,3098.302,0.0
2024-03-01 16:38:14.075,0 days 00:51:38.402000,2013.022793133729,6585.683228772919,-139.90059517722153,OnTrack,80.0,5702.0,0.0,1,8,3,2683.9658333333323,0.49789493151615927,27,562.4813888888893,interpolation,0 days 00:00:46.986000,46.986,3098.402,0.0
2024-03-01 16:38:14.175,0 days 00:51:38.502000,1995.0,6573.0,-140.0,OnTrack,79.0,5654.0,0.0,1,8,3,2686.3668292099965,0.498340333489141,27,569.4443518518524,interpolation,0 days 00:00:47.086000,47.086,3098.502,0.0
2024-03-01 16:38:14.275,0 days 00:51:38.602000,1978.0318202505596,6556.98543560447,-140.53752784922534,OnTrack,78.0,5606.0,0.0,1,8,3,2688.712371161966,0.4987754483609626,27,576.4073148148154,interpolation,0 days 00:00:47.186000,47.186,3098.602,0.0
2024-03-01 16:38:14.375,0 days 00:51:38.702000,1964.0,6542.0,-141.0,OnTrack,77.0,5558.0,0.0,1,8,3,2690.8102777777767,0.49916462510003795,27,583.3702777777785,interpolation,0 days 00:00:47.286000,47.286,3098.702,0.0
2024-03-01 16:38:14.475,0 days 00:51:38.802000,1954.7862853629126,6532.404157600258,-140.87423772742642,OnTrack,76.66666666666667,5684.666666666667,0.0,1,8,3,2692.62851865819,0.4995019218373473,27,588.5702777777783,interpolation,0 days 00:00:47.386000,47.386,3098.802,0.0
2024-03-01 16:38:14.575,0 days 00:51:38.902000,1940.0,6506.0,-141.0,OnTrack,76.33333333333333,5811.333333333333,0.0,0,8,3,2694.217198555519,0.49979663336417013,27,593.7702777777781,interpolation,0 days 00:00:47.486000,47.486,3098.902,0.0
2024-03-01 16:38:14.675,0 days 00:51:39.002000,1913.0,6449.0,-142.0,OnTrack,76.0,5938.0,0.0,0,8,3,2695.8769444444433,0.5001045281426494,27,598.9702777777779,interpolation,0 days 00:00:47.586000,47.586,3099.002,0.0
2024-03-01 16:38:14.775,0 days 00:51:39.102000,1896.2833647458804,6411.866186470382,-142.57196967775354,OnTrack,75.66666666666667,5938.333333333333,8.333333333333334,0,8,3,2697.657860564208,0.5004349008688866,27,604.5962037037038,interpolation,0 days 00:00:47.686000,47.686,3099.102,0.0
2024-03-01 16:38:14.875,0 days 00:51:39.202000,1893.599588270661,6403.008854495309,-142.49886546958192,OnTrack,75.33333333333333,5938.666666666667,16.666666666666668,0,8,3,2699.574066231232,0.5007903707774468,27,610.2221296296298,interpolation,0 days 00:00:47.786000,47.786,3099.202,0.0
2024-03-01 16:38:14.975,0 days 00:51:39.302000,1896.1160176601104,6403.89709527258,-142.17632852661933,OnTrack,75.0,5939.0,25.0,0,8,3,2701.710277777777,0.5011866533561823,27,615.8480555555557,interpolation,0 days 00:00:47.886000,47.886,3099.302,0.0
2024-03-01 16:38:15.075,0 days 00:51:39.402000,1895.0,6396.0,-142.0,OnTrack,77.5,6131.0,30.0,0,8,3,2704.0806146648474,0.5016263678664793,27,620.4008333333336,interpolation,0 days 00:00:47.986000,47.986,3099.402,0.0
2024-03-01 16:38:15.175,0 days 00:51:39.502000,1890.2515352903279,6379.317568677567,-141.96987988972387,OnTrack,80.0,6323.0,35.0,0,8,3,2706.6850768924405,0.5021095143083375,27,624.9536111111115,interpolation,0 days 00:00:48.086000,48.086,3099.502,0.0
2024-03-01 16:38:15.275,0 days 00:51:39.602000,1884.0,6358.0,-142.0,OnTrack,82.5,6515.0,40.0,0,8,3,2709.3993617849246,0.5026130336430008,27,629.5063888888894,interpolation,0 days 00:00:48.186000,48.186,3099.602,0.0
2024-03-01 16:38:15.375,0 days 00:51:39.702000,1878.3747705979204,6336.197492662019,-142.00439213503742,OnTrack,85.0,6707.0,45.0,0,8,3,2712.0991666666655,0.5031138668317123,27,634.0591666666674,interpolation,0 days 00:00:48.286000,48.286,3099.702,0.0
2024-03-01 16:38:15.475,0 days 00:51:39.802000,1873.264376763771,6313.5614163619875,-141.99016826584534,OnTrack,88.0,7014.5,48.5,0,8,3,2714.7844915376636,0.5036120138744725,27,637.4202777777782,interpolation,0 days 00:00:48.386000,48.386,3099.802,0.0
2024-03-01 16:38:15.575,0 days 00:51:39.902000,1868.0,6288.0,-142.0,OnTrack,91.0,7322.0,52.0,0,8,3,2717.154722222221,0.504051708683441,27,640.7813888888891,interpolation,0 days 00:00:48.486000,48.486,3099.902,0.0
2024-03-01 16:38:15.675,0 days 00:51:40.002000,1862.470171127739,6259.1646168443785,-142.04099923568447,OnTrack,91.0,7742.0,58.5,0,8,3,2718.909244544642,0.5043771851707778,27,643.2702777777781,interpolation,0 days 00:00:48.586000,48.586,3100.002,0.0
2024-03-01 16:38:15.775,0 days 00:51:40.102000,1856.828872170533,6227.869491876753,-142.089110475937,OnTrack,91.0,8162.0,65.0,0,8,3,2721.1991666666654,0.5048019821648237,27,645.7591666666672,interpolation,0 days 00:00:48.686000,48.686,3100.102,0.0
2024-03-01 16:38:15.875,0 days 00:51:40.202000,1852.0,6199.0,-142.0,OnTrack,97.5,8796.0,62.0,0,8,3,2725.1755967500285,0.5055396384939195,27,648.6758333333339,pos,0 days 00:00:48.786000,48.786,3100.202,0.0
2024-03-01 16:38:15.975,0 days 00:51:40.302000,1848.1375382164683,6173.370374533459,-141.74961206458224,OnTrack,104.0,9430.0,59.0,0,8,3,2729.2880555555544,0.5063025291275894,27,651.5925000000007,interpolation,0 days 00:00:48.886000,48.886,3100.302,0.0
2024-03-01 16:38:16.075,0 days 00:51:40.402000,1845.0957256768083,6150.332755173439,-141.36405744599662,OnTrack,108.0,9264.5,60.5,0,8,3,2731.9860638440678,0.5068030290353588,27,652.9702777777784,interpolation,0 days 00:00:48.986000,48.986,3100.402,0.0
2024-03-01 16:38:16.175,0 days 00:51:40.502000,1842.0,6126.0,-141.0,OnTrack,112.0,9099.0,62.0,0,8,3,2734.265833333332,0.5072259426431375,27,654.3480555555561,interpolation,0 days 00:00:49.086000,49.086,3100.502,0.0
2024-03-01 16:38:16.275,0 days 00:51:40.602000,1838.7046015354997,6099.724255343508,-140.68355023553235,OnTrack,114.66666666666667,9347.666666666666,69.0,0,8,3,2737.123575741113,0.5077560743768361,27,655.4110185185191,interpolation,0 days 00:00:49.186000,49.186,3100.602,0.0
2024-03-01 16:38:16.375,0 days 00:51:40.702000,1835.209530283307,6071.505521203962,-140.4147081525936,OnTrack,117.33333333333333,9596.333333333334,76.0,0,8,3,2740.45108929302,0.5083733520304746,27,656.473981481482,interpolation,0 days 00:00:49.286000,49.286,3100.702,0.0
2024-03-01 16:38:16.475,0 days 00:51:40.802000,1831.5737352928543,6041.856144404449,-140.197720648861,OnTrack,120.0,9845.0,83.0,0,8,3,2743.5991666666655,0.5089573429847902,27,657.536944444445,interpolation,0 days 00:00:49.386000,49.386,3100.802,0.0
2024-03-01 16:38:16.575,0 days 00:51:40.902000,1828.1509090498196,6013.850190144234,-140.05806897993338,OnTrack,125.0,10492.666666666666,88.66666666666667,0,8,3,2746.4596071956403,0.5094879752393414,27,658.0295370370376,interpolation,0 days 00:00:49.486000,49.486,3100.902,0.0
2024-03-01 16:38:16.675,0 days 00:51:41.002000,1825.0,5988.0,-140.0,OnTrack,130.0,11140.333333333334,94.33333333333333,0,8,3,2749.3414752635663,0.5100225824562061,27,658.5221296296301,interpolation,0 days 00:00:49.586000,49.586,3101.002,0.0
2024-03-01 16:38:16.775,0 days 00:51:41.102000,1822.121008143395,5964.305573971745,-140.0235137090608,OnTrack,135.0,11788.0,100.0,0,8,3,2754.0991666666655,0.5109051683691495,27,659.0147222222226,interpolation,0 days 00:00:49.686000,49.686,3101.102,0.0
2024-03-01 16:38:16.875,0 days 00:51:41.202000,1819.38295792074,5941.390905777919,-140.0935778548545,OnTrack,145.0,12205.0,100.0,0,8,3,2760.5436111111103,0.5121006590812431,27,659.3702777777776,interpolation,0 days 00:00:49.786000,49.786,3101.202,0.0
2024-03-01 16:38:16.975,0 days 00:51:41.302000,1816.0,5911.0,-140.0,OnTrack,148.33333333333334,12192.666666666666,100.0,0,8,3,2765.6859662403435,0.5130546028770632,27,659.396111111111,interpolation,0 days 00:00:49.886000,49.886,3101.302,0.0
2024-03-01 16:38:17.075,0 days 00:51:41.402000,1811.8411601630924,5871.756864446666,-139.70774825096439,OnTrack,151.66666666666666,12180.333333333334,100.0,0,8,3,2769.2487696231597,0.5137155284835899,27,659.4219444444444,interpolation,0 days 00:00:49.986000,49.986,3101.402,0.0
2024-03-01 16:38:17.175,0 days 00:51:41.502000,1806.8846790686487,5822.8044015975165,-139.26935319840376,OnTrack,155.0,12168.0,100.0,0,8,3,2772.55611111111,0.5143290640745398,27,659.4477777777779,interpolation,0 days 00:00:50.086000,50.086,3101.502,0.0
2024-03-01 16:38:17.275,0 days 00:51:41.602000,1801.0,5759.0,-139.0,OnTrack,160.0,11818.0,100.0,0,8,3,2775.828673476012,0.5149361478884689,27,659.2922222222221,interpolation,0 days 00:00:50.186000,50.186,3101.602,0.0
2024-03-01 16:38:17.375,0 days 00:51:41.702000,1794.1653633929611,5679.486553356989,-138.9522197843252,OnTrack,165.0,11468.0,100.0,0,8,3,2779.8894444444436,0.515689450057267,27,659.1366666666663,interpolation,0 days 00:00:50.286000,50.286,3101.702,0.0
2024-03-01 16:38:17.475,0 days 00:51:41.802000,1788.0,5606.0,-139.0,OnTrack,172.5,11529.5,100.0,0,14,3,2785.561411742983,0.5167416407128241,27,658.6033333333332,interpolation,0 days 00:00:50.386000,50.386,3101.802,1.0
2024-03-01 16:38:17.575,0 days 00:51:41.902000,1784.123140573584,5560.276278260547,-139.01732809564504,OnTrack,180.0,11591.0,100.0,0,14,3,2791.889444444443,0.5179155362108203,27,658.0700000000002,interpolation,0 days 00:00:50.486000,50.486,3101.902,1.0
2024-03-01 16:38:17.675,0 days 00:51:42.002000,1782.1753468179036,5537.52455738218,-139.0085787609875,OnTrack,184.33333333333334,11355.666666666666,100.0,0,14,3,2797.918411621639,0.5190339529069355,27,657.4774074074076,interpolation,0 days 00:00:50.586000,50.586,3102.002,1.0
2024-03-01 16:38:17.775,0 days 00:51:42.102000,1780.0,5509.0,-139.0,OnTrack,188.66666666666666,11120.333333333334,100.0,0,12,4,2803.64451888348,0.5200961869143812,27,656.884814814815,interpolation,0 days 00:00:50.686000,50.686,3102.102,1.0
2024-03-01 16:38:17.875,0 days 00:51:42.202000,1777.237665504691,5469.911824415408,-138.99596645761304,OnTrack,193.0,10885.0,100.0,0,12,4,2809.0449999999987,0.5210980149340486,27,656.2922222222223,interpolation,0 days 00:00:50.786000,50.786,3102.202,1.0
2024-03-01 16:38:17.975,0 days 00:51:42.302000,1773.888343331978,5420.260030628405,-138.99647813382666,OnTrack,196.66666666666666,10930.333333333334,100.0,0,12,4,2814.1160606189587,0.5220387330863566,27,655.7737037037037,interpolation,0 days 00:00:50.886000,50.886,3102.302,1.0
2024-03-01 16:38:18.075,0 days 00:51:42.402000,1770.2198494932757,5363.9782215272,-138.99875074312692,OnTrack,200.33333333333334,10975.666666666666,100.0,0,12,4,2819.040116373543,0.5229521807809069,27,655.2551851851853,interpolation,0 days 00:00:50.986000,50.986,3102.402,1.0
2024-03-01 16:38:18.175,0 days 00:51:42.502000,1766.5,5305.0,-139.0,OnTrack,204.0,11021.0,100.0,0,12,4,2824.9116666666655,0.5240413955148582,27,654.7366666666667,interpolation,0 days 00:00:51.086000,51.086,3102.502,1.0
2024-03-01 16:38:18.275,0 days 00:51:42.602000,1762.7287948521505,5243.325366046805,-139.0002259044458,OnTrack,208.0,11195.0,100.0,0,12,4,2831.9131289994557,0.5253402170443291,27,654.0366666666664,interpolation,0 days 00:00:51.186000,51.186,3102.602,1.0
2024-03-01 16:38:18.375,0 days 00:51:42.702000,1759.0,5182.0,-139.0,OnTrack,212.0,11369.0,100.0,0,12,5,2839.044999999999,0.5266632303179324,27,653.3366666666661,interpolation,0 days 00:00:51.286000,51.286,3102.702,1.0
2024-03-01 16:38:18.475,0 days 00:51:42.802000,1755.4073813938219,5124.06958219197,-138.99989383019818,OnTrack,215.33333333333334,11534.0,100.0,0,12,5,2845.3077762963826,0.527825020284281,27,652.7403703703698,interpolation,0 days 00:00:51.386000,51.386,3102.802,1.0
2024-03-01 16:38:18.575,0 days 00:51:42.902000,1751.9509390336152,5069.534112622714,-138.99990739504034,OnTrack,218.66666666666666,11699.0,100.0,0,12,5,2850.8220829547827,0.5288479637591735,27,652.1440740740733,interpolation,0 days 00:00:51.486000,51.486,3102.902,1.0
2024-03-01 16:38:18.675,0 days 00:51:43.002000,1748.5190271566007,5014.231586742101,-138.99996726236233,OnTrack,222.0,11864.0,100.0,0,12,5,2856.311666666666,0.5298663209499899,27,651.5477777777769,interpolation,0 days 00:00:51.586000,51.586,3103.002,1.0
2024-03-01 16:38:18.775,0 days 00:51:43.102000,1745.0,4954.0,-139.0,OnTrack,224.2,11653.6,100.0,0,12,5,2861.8971512630146,0.5309024684433914,27,651.0344444444437,interpolation,0 days 00:00:51.686000,51.686,3103.102,1.0
2024-03-01 16:38:18.875,0 days 00:51:43.202000,1741.3938575638122,4888.839352396409,-139.0000056079533,OnTrack,226.4,11443.2,100.0,0,12,5,2867.5785367438284,0.5319564062393779,27,650.5211111111105,interpolation,0 days 00:00:51.786000,51.786,3103.202,1.0
2024-03-01 16:38:18.975,0 days 00:51:43.302000,1738.0,4828.0,-139.0,OnTrack,228.6,11232.8,100.0,0,12,5,2873.339476880208,0.5330251019951319,27,650.0077777777772,interpolation,0 days 00:00:51.886000,51.886,3103.302,1.0
2024-03-01 16:38:19.075,0 days 00:51:43.402000,1735.1178274605272,4780.732298879446,-138.99999908991782,OnTrack,230.8,11022.4,100.0,0,12,5,2879.0818948009182,0.5340903617468993,27,649.494444444444,interpolation,0 days 00:00:51.986000,51.986,3103.402,1.0
2024-03-01 16:38:19.175,0 days 00:51:43.502000,1732.0,4726.0,-139.0,OnTrack,233.0,10812.0,100.0,0,12,5,2884.7894444444437,0.5351491531829135,27,648.9811111111107,pos,0 days 00:00:52.086000,52.086,3103.502,1.0
2024-03-01 16:38:19.275,0 days 00:51:43.602000,1728.0,4647.0,-139.0,OnTrack,236.0,10849.5,100.0,0,12,6,2890.4621258107854,0.5362014763031747,27,648.2311111111105,interpolation,0 days 00:00:52.186000,52.186,3103.602,1.0
2024-03-01 16:38:19.375,0 days 00:51:43.702000,1723.7227583251365,4569.131042876155,-138.9999999746753,OnTrack,239.0,10887.0,100.0,0,12,6,2898.0672222222215,0.5376122762880028,27,647.4811111111103,interpolation,0 days 00:00:52.286000,52.286,3103.702,1.0
2024-03-01 16:38:19.475,0 days 00:51:43.802000,1720.0,4502.0,-139.0,OnTrack,242.0,11162.0,100.0,0,12,6,2908.822777777777,0.5396075090626692,27,646.4144444444441,interpolation,0 days 00:00:52.386000,52.386,3103.802,1.0
2024-03-01 16:38:19.575,0 days 00:51:43.902000,1717.5626287546215,4450.9806404171795,-139.0000000044895,OnTrack,244.8,11289.4,100.0,0,12,6,2918.233334121213,0.5413532348271157,27,645.5877777777774,interpolation,0 days 00:00:52.486000,52.486,3103.902,1.0
2024-03-01 16:38:19.675,0 days 00:51:44.002000,1715.0,4394.0,-139.0,OnTrack,247.6,11416.8,100.0,0,12,6,2925.5496443570255,0.5427104629030359,27,644.7611111111107,pos,0 days 00:00:52.586000,52.586,3104.002,1.0
2024-03-01 16:38:19.775,0 days 00:51:44.102000,1710.9014691471355,4308.985114620775,-138.99999999838786,OnTrack,250.4,11544.2,100.0,0,12,6,2931.092630307401,0.543738726592492,27,643.9344444444439,interpolation,0 days 00:00:52.686000,52.686,3104.102,1.0
2024-03-01 16:38:19.875,0 days 00:51:44.202000,1705.5896260586105,4201.619047124713,-138.99999999923125,OnTrack,253.2,11671.6,100.0,0,12,6,2936.7878130467743,0.5447952238789984,27,643.1077777777772,interpolation,0 days 00:00:52.786000,52.786,3104.202,1.0
2024-03-01 16:38:19.975,0 days 00:51:44.302000,1701.0,4106.0,-139.0,OnTrack,256.0,11799.0,100.0,0,12,6,2942.9561111111107,0.5459394874549991,27,642.2811111111105,interpolation,0 days 00:00:52.886000,52.886,3104.302,1.0
2024-03-01 16:38:20.075,0 days 00:51:44.402000,1697.4551775305827,4027.8109778975827,-139.0000000002723,OnTrack,257.6666666666667,11472.333333333334,100.0,0,12,6,2949.597524500409,0.5471715173204941,27,641.604629629629,interpolation,0 days 00:00:52.986000,52.986,3104.402,1.0
2024-03-01 16:38:20.175,0 days 00:51:44.502000,1694.7884988459682,3964.860542879858,-139.00000000012292,OnTrack,259.3333333333333,11145.666666666666,100.0,0,12,6,2956.6041543860665,0.5484712974681223,27,640.9281481481476,interpolation,0 days 00:00:53.086000,53.086,3104.502,1.0
2024-03-01 16:38:20.275,0 days 00:51:44.602000,1692.0,3904.0,-139.0,OnTrack,261.0,10819.0,100.0,0,12,6,2963.3286111111106,0.5497187324686047,27,640.2516666666661,interpolation,0 days 00:00:53.186000,53.186,3104.602,1.0
2024-03-01 16:38:20.375,0 days 00:51:44.702000,1688.9230194816819,3843.037888879967,-138.99999999997823,OnTrack,263.0,10750.0,100.0,0,12,6,2969.662996951817,0.5508938065195431,27,639.5016666666666,interpolation,0 days 00:00:53.286000,53.286,3104.702,1.0
2024-03-01 16:38:20.475,0 days 00:51:44.802000,1686.0,3786.0,-139.0,OnTrack,265.0,10681.0,100.0,0,12,6,2978.0508333333323,0.5524498103884735,27,638.751666666667,interpolation,0 days 00:00:53.386000,53.386,3104.802,1.0
2024-03-01 16:38:20.575,0 days 00:51:44.902000,1683.673384263941,3736.9121238403422,-139.0000000000077,OnTrack,268.0,10910.0,100.0,0,12,6,2989.961944444444,0.5546594070149636,27,637.5516666666663,interpolation,0 days 00:00:53.486000,53.486,3104.902,1.0
2024-03-01 16:38:20.675,0 days 00:51:45.002000,1681.6310196492839,3690.4868634998575,-139.00000000000347,OnTrack,269.75,10932.75,100.0,0,12,7,2999.55417677885,0.5564388349800711,27,636.8516666666662,interpolation,0 days 00:00:53.586000,53.586,3105.002,1.0
2024-03-01 16:38:20.775,0 days 00:51:45.102000,1678.0,3615.0,-139.0,OnTrack,271.5,10955.5,100.0,0,12,7,3005.8538430707968,0.5576074683054469,27,636.1516666666662,pos,0 days 00:00:53.686000,53.686,3105.102,1.0
2024-03-01 16:38:20.875,0 days 00:51:45.202000,1672.4681758882946,3505.1641905822994,-138.9999999999994,OnTrack,273.25,10978.25,100.0,0,12,7,3011.0825600495664,0.5585774328443877,27,635.4516666666661,interpolation,0 days 00:00:53.786000,53.786,3105.202,1.0
2024-03-01 16:38:20.975,0 days 00:51:45.302000,1667.0,3395.0,-139.0,OnTrack,275.0,11001.0,100.0,0,12,7,3017.461944444444,0.5597608544501903,27,634.7516666666661,interpolation,0 days 00:00:53.886000,53.886,3105.302,1.0
2024-03-01 16:38:21.075,0 days 00:51:45.402000,1663.559925020949,3318.527993006347,-139.0000000000001,OnTrack,276.3333333333333,11083.666666666666,100.0,0,12,7,3024.9919962554286,0.5611577331228548,27,633.9220370370364,interpolation,0 days 00:00:53.986000,53.986,3105.402,1.0
2024-03-01 16:38:21.175,0 days 00:51:45.502000,1661.0,3257.0,-139.0,OnTrack,277.6666666666667,11166.333333333334,100.0,0,12,7,3033.5346974912777,0.5627424655341104,27,633.0924074074068,interpolation,0 days 00:00:54.086000,54.086,3105.502,1.0
2024-03-01 16:38:21.275,0 days 00:51:45.602000,1658.172273986012,3191.6678513796182,-138.99999999999994,OnTrack,279.0,11249.0,100.0,0,12,7,3042.261944444444,0.5643614325008676,27,632.262777777777,interpolation,0 days 00:00:54.186000,54.186,3105.602,1.0
2024-03-01 16:38:21.375,0 days 00:51:45.702000,1655.108589205972,3123.0214246623323,-138.99999999999997,OnTrack,281.0,11321.0,100.0,0,12,7,3051.035720536983,0.5659890309570325,27,631.3442592592586,interpolation,0 days 00:00:54.286000,54.286,3105.702,1.0
2024-03-01 16:38:21.475,0 days 00:51:45.802000,1652.0,3054.0,-139.0,OnTrack,283.0,11393.0,100.0,0,12,7,3059.7307392673843,0.5676020193570853,27,630.42574074074,interpolation,0 days 00:00:54.386000,54.386,3105.802,1.0
2024-03-01 16:38:21.575,0 days 00:51:45.902000,1648.8783489211496,2985.0934599261227,-139.00000000000006,OnTrack,285.0,11465.0,100.0,0,12,7,3067.5952777777775,0.5690609477139249,27,629.5072222222216,interpolation,0 days 00:00:54.486000,54.486,3105.902,1.0
2024-03-01 16:38:21.675,0 days 00:51:46.002000,1645.0,2896.0,-139.0,OnTrack,286.0,11508.25,100.0,0,12,7,3074.5040482837144,0.5703425742440369,27,628.7738888888883,interpolation,0 days 00:00:54.586000,54.586,3106.002,1.0
2024-03-01 16:38:21.775,0 days 00:51:46.102000,1640.0,2777.0,-139.0,OnTrack,287.0,11551.5,100.0,0,12,7,3080.457050785194,0.5714468989474214,27,628.0405555555551,interpolation,0 days 00:00:54.686000,54.686,3106.102,1.0
2024-03-01 16:38:21.875,0 days 00:51:46.202000,1636.1504569515332,2691.5868903263226,-139.000000000001,OnTrack,288.0,11594.75,100.0,0,12,7,3086.401389005188,0.5725496163643853,27,627.3072222222219,interpolation,0 days 00:00:54.786000,54.786,3106.202,1.0
2024-03-01 16:38:21.975,0 days 00:51:46.302000,1633.0,2624.0,-139.0,OnTrack,289.0,11638.0,100.0,0,12,7,3093.2841666666664,0.5738264210352356,27,626.5738888888886,interpolation,0 days 00:00:54.886000,54.886,3106.302,1.0
2024-03-01 16:38:22.075,0 days 00:51:46.402000,1629.7185716802028,2547.896365460878,-138.99999999999386,OnTrack,290.0,11668.666666666666,100.0,0,12,7,3101.10538376963,0.5752773129599725,27,625.566481481481,interpolation,0 days 00:00:54.986000,54.986,3106.402,1.0
2024-03-01 16:38:22.175,0 days 00:51:46.502000,1626.0,2463.0,-139.0,OnTrack,291.0,11699.333333333334,100.0,0,12,7,3109.829105293888,0.5768956259343566,27,624.5590740740735,interpolation,0 days 00:00:55.086000,55.086,3106.502,1.0
2024-03-01 16:38:22.275,0 days 00:51:46.602000,1621.538112967251,2369.034916908409,-139.00000000003573,OnTrack,292.0,11730.0,100.0,0,12,7,3119.239722222222,0.5786413629377365,27,623.5516666666658,interpolation,0 days 00:00:55.186000,55.186,3106.602,1.0
2024-03-01 16:38:22.375,0 days 00:51:46.702000,1616.5124218754308,2268.9012620832295,-139.0000000000793,OnTrack,294.5,11139.0,100.0,0,12,7,3129.301299902414,0.5805078578341346,27,622.3183333333329,interpolation,0 days 00:00:55.286000,55.286,3106.702,1.0
2024-03-01 16:38:22.475,0 days 00:51:46.802000,1612.0,2180.0,-139.0,OnTrack,297.0,10548.0,100.0,0,12,7,3139.039722222222,0.5823144050910997,27,621.085,interpolation,0 days 00:00:55.386000,55.386,3106.802,1.0
2024-03-01 16:38:22.575,0 days 00:51:46.902000,1608.1803604726392,2105.231306253492,-138.99999999977615,OnTrack,297.25,10588.0,100.0,0,12,7,3147.4808730694044,0.5838802991761805,27,620.1599999999999,interpolation,0 days 00:00:55.486000,55.486,3106.902,1.0
2024-03-01 16:38:22.675,0 days 00:51:47.002000,1604.873566183373,2040.584986736663,-138.9999999995305,OnTrack,297.5,10628.0,100.0,0,12,8,3154.6247524439623,0.585205540089377,27,619.2349999999997,interpolation,0 days 00:00:55.586000,55.586,3107.002,1.0
2024-03-01 16:38:22.775,0 days 00:51:47.102000,1601.0,1962.0,-139.0,OnTrack,297.75,10668.0,100.0,0,12,8,3161.4261167076493,0.5864672419904327,27,618.3099999999995,interpolation,0 days 00:00:55.686000,55.686,3107.102,1.0
2024-03-01 16:38:22.875,0 days 00:51:47.202000,1596.379726655092,1865.4661930006387,-139.0000000013075,OnTrack,298.0,10708.0,100.0,0,12,8,3168.8397222222225,0.5878425190390908,27,617.3849999999993,interpolation,0 days 00:00:55.786000,55.786,3107.202,1.0
2024-03-01 16:38:22.975,0 days 00:51:47.302000,1591.1350725665882,1753.9222092397727,-139.0000000027379,OnTrack,299.5,10739.0,100.0,0,12,8,3176.8655689876805,0.5893313712353514,27,616.3294444444437,interpolation,0 days 00:00:55.886000,55.886,3107.302,1.0
2024-03-01 16:38:23.075,0 days 00:51:47.402000,1586.0,1645.0,-139.0,OnTrack,301.0,10770.0,100.0,0,12,8,3185.561944444444,0.5909446113178851,27,615.273888888888,interpolation,0 days 00:00:55.986000,55.986,3107.402,1.0
2024-03-01 16:38:23.175,0 days 00:51:47.502000,1581.0968366258962,1541.6382388743782,-138.99999999237878,OnTrack,302.25,10807.0,100.0,0,12,8,3194.9871360329344,0.5926930520253624,27,613.9905555555549,interpolation,0 days 00:00:56.086000,56.086,3107.502,1.0
2024-03-01 16:38:23.275,0 days 00:51:47.602000,1576.4255824442757,1443.8369258629068,-138.9999999798742,OnTrack,303.5,10844.0,100.0,0,12,8,3205.1411437531506,0.5945766933577831,27,612.7072222222218,interpolation,0 days 00:00:56.186000,56.186,3107.602,1.0
2024-03-01 16:38:23.375,0 days 00:51:47.702000,1572.0415370405178,1353.6171499199822,-138.99999997743254,OnTrack,304.75,10881.0,100.0,0,12,8,3214.855551819014,0.5963787857982319,27,611.4238888888888,interpolation,0 days 00:00:56.286000,56.286,3107.702,1.0
2024-03-01 16:38:23.475,0 days 00:51:47.802000,1568.0,1273.0,-139.0,OnTrack,306.0,10918.0,100.0,0,12,8,3222.961944444444,0.5978825798297934,27,610.1405555555557,interpolation,0 days 00:00:56.386000,56.386,3107.802,1.0
2024-03-01 16:38:23.575,0 days 00:51:47.902000,1564.300971322723,1201.9854761029605,-139.0000000475767,OnTrack,306.3333333333333,10946.0,100.0,0,12,8,3229.46032162944,0.5990880754524675,27,609.2553703703701,interpolation,0 days 00:00:56.486000,56.486,3107.902,1.0
2024-03-01 16:38:23.675,0 days 00:51:48.002000,1560.9444510086864,1140.5735782288634,-139.0000001201625,OnTrack,306.6666666666667,10974.0,100.0,0,12,8,3234.9851593922285,0.6001129725228318,27,608.3701851851844,interpolation,0 days 00:00:56.586000,56.586,3108.002,1.0
2024-03-01 16:38:23.775,0 days 00:51:48.102000,1557.8132419280907,1086.1261715537787,-139.00000019823855,OnTrack,307.0,11002.0,100.0,0,12,8,3243.3433333333332,0.6016634737961055,27,607.4849999999988,interpolation,0 days 00:00:56.686000,56.686,3108.102,1.0
2024-03-01 16:38:23.875,0 days 00:51:48.202000,1554.2041577018301,1022.8143660903474,-139.00000016469076,OnTrack,308.5,11002.0,100.0,0,12,8,3255.169325968048,0.6038572803341191,27,605.8905555555543,interpolation,0 days 00:00:56.786000,56.786,3108.202,1.0
2024-03-01 16:38:23.975,0 days 00:51:48.302000,1550.0,948.0,-139.0,OnTrack,310.0,11002.0,100.0,0,12,8,3267.4544444444446,0.6061362580120416,27,604.2961111111099,interpolation,0 days 00:00:56.886000,56.886,3108.302,1.0
2024-03-01 16:38:24.075,0 days 00:51:48.402000,1545.2007688226006,861.6830732827367,-138.9999997041662,OnTrack,309.6666666666667,11009.333333333334,100.0,0,12,8,3277.1899959105976,0.6079422727050425,27,603.2849999999988,interpolation,0 days 00:00:56.986000,56.986,3108.402,1.0
2024-03-01 16:38:24.175,0 days 00:51:48.502000,1539.9378986053232,765.9145191638521,-138.99999941951452,OnTrack,309.3333333333333,11016.666666666666,100.0,0,12,8,3284.6510235237183,0.6093263468934464,27,602.2738888888877,interpolation,0 days 00:00:57.086000,57.086,3108.502,1.0
2024-03-01 16:38:24.275,0 days 00:51:48.602000,1535.0,673.0,-139.0,OnTrack,309.0,11024.0,100.0,0,12,8,3291.487777777778,0.6105946138917973,27,601.2627777777766,interpolation,0 days 00:00:57.186000,57.186,3108.602,1.0
2024-03-01 16:38:24.375,0 days 00:51:48.702000,1530.5185087882178,584.9904700181387,-139.00000158794919,OnTrack,309.5,10891.0,100.0,0,12,8,3297.9752990135607,0.6117980956579523,27,600.4183333333322,interpolation,0 days 00:00:57.286000,57.286,3108.702,1.0
2024-03-01 16:38:24.475,0 days 00:51:48.802000,1526.5017862712632,503.1430026645768,-139.0000033182215,OnTrack,310.0,10758.0,100.0,0,12,8,3305.2655555555552,0.6131504905866179,27,599.5738888888877,interpolation,0 days 00:00:57.386000,57.386,3108.802,1.0
2024-03-01 16:38:24.575,0 days 00:51:48.902000,1523.0,435.0,-139.0,OnTrack,295.5,10389.0,50.0,0,12,8,3314.5105157282487,0.6148654970725,27,599.3072222222213,interpolation,0 days 00:00:57.486000,57.486,3108.902,1.0
2024-03-01 16:38:24.675,0 days 00:51:49.002000,1520.0215111900952,381.81852259835074,-138.999990768153,OnTrack,281.0,10020.0,0.0,1,12,8,3323.998888888889,0.6166256584152209,27,599.0405555555549,interpolation,0 days 00:00:57.586000,57.586,3109.002,1.0
2024-03-01 16:38:24.775,0 days 00:51:49.102000,1517.718049773158,335.7830256274647,-138.9999806711541,OnTrack,266.3333333333333,9999.333333333334,0.0,1,12,8,3332.0193843947227,0.6181135179144019,27,600.1664814814807,interpolation,0 days 00:00:57.686000,57.686,3109.102,1.0
2024-03-01 16:38:24.875,0 days 00:51:49.202000,1517.0,250.0,-139.0,OnTrack,251.66666666666666,9978.666666666666,0.0,1,8,8,3338.7285365018415,0.6193581137983806,27,601.2924074074064,interpolation,0 days 00:00:57.786000,57.786,3109.202,0.0
2024-03-01 16:38:24.975,0 days 00:51:49.302000,1518.0,129.0,-139.0,OnTrack,237.0,9958.0,0.0,1,8,8,3345.0655555555554,0.620533676329237,27,602.4183333333322,interpolation,0 days 00:00:57.886000,57.886,3109.302,0.0
2024-03-01 16:38:25.075,0 days 00:51:49.402000,1520.603489050894,46.86047979016142,-138.9996578502056,OnTrack,225.5,10283.0,0.0,1,8,8,3351.1869774148754,0.6216692440326612,27,604.1405555555546,interpolation,0 days 00:00:57.986000,57.986,3109.402,0.0
2024-03-01 16:38:25.175,0 days 00:51:49.502000,1524.6176348996926,9.127568659491981,-138.99916578046202,OnTrack,214.0,10608.0,0.0,1,8,8,3356.954444444444,0.6227391505739611,27,605.862777777777,interpolation,0 days 00:00:58.086000,58.086,3109.502,0.0
2024-03-01 16:38:25.275,0 days 00:51:49.602000,1529.0,-25.0,-139.0,OnTrack,207.0,10676.333333333334,0.0,1,8,8,3362.2295990089056,0.6237177296184446,27,607.6516666666658,interpolation,0 days 00:00:58.186000,58.186,3109.602,0.0
2024-03-01 16:38:25.375,0 days 00:51:49.702000,1533.5768438712025,-62.322472106786726,-139.00240654495107,OnTrack,200.0,10744.666666666666,0.0,1,8,8,3367.0860618943343,0.6246186383504861,27,609.4405555555549,interpolation,0 days 00:00:58.286000,58.286,3109.702,0.0
2024-03-01 16:38:25.475,0 days 00:51:49.802000,1542.0,-112.0,-139.0,OnTrack,193.0,10813.0,0.0,1,8,8,3371.965555555555,0.6255238194567858,27,611.2294444444437,interpolation,0 days 00:00:58.386000,58.386,3109.802,0.0
2024-03-01 16:38:25.575,0 days 00:51:49.902000,1557.9213018730943,-183.19273601877163,-138.9863949498316,OnTrack,187.0,10972.5,0.0,1,8,8,3376.9417000247695,0.6264469299818691,27,612.7294444444437,interpolation,0 days 00:00:58.486000,58.486,3109.902,0.0
2024-03-01 16:38:25.675,0 days 00:51:50.002000,1575.0,-251.0,-139.0,OnTrack,181.0,11132.0,0.0,1,8,5,3382.0211111111107,0.6273891972058283,27,614.2294444444437,interpolation,0 days 00:00:58.586000,58.586,3110.002,0.0
2024-03-01 16:38:25.775,0 days 00:51:50.102000,1586.8953448902334,-290.52111178058345,-139.07922375605918,OnTrack,177.33333333333334,10932.0,0.0,1,8,5,3387.210404623713,0.6283518484087557,27,614.910925925925,interpolation,0 days 00:00:58.686000,58.686,3110.102,0.0
2024-03-01 16:38:25.875,0 days 00:51:50.202000,1601.0,-323.0,-139.0,OnTrack,173.66666666666666,10732.0,0.0,1,8,4,3392.422201226891,0.629318674096545,27,615.5924074074063,interpolation,0 days 00:00:58.786000,58.786,3110.202,0.0
2024-03-01 16:38:25.975,0 days 00:51:50.302000,1624.706628785506,-369.6805932977276,-138.53826251381324,OnTrack,170.0,10532.0,0.0,1,8,4,3397.132222222222,0.6301924168065994,27,616.2738888888875,interpolation,0 days 00:00:58.886000,58.886,3110.302,0.0
2024-03-01 16:38:26.075,0 days 00:51:50.402000,1651.0,-417.0,-138.0,OnTrack,168.25,10435.25,0.0,1,8,4,3401.2530873792534,0.6309568668788267,27,616.6294444444432,interpolation,0 days 00:00:58.986000,58.986,3110.402,0.0
2024-03-01 16:38:26.175,0 days 00:51:50.502000,1672.8648823967321,-451.39532843305096,-137.69120116106137,OnTrack,166.5,10338.5,0.0,1,8,4,3404.7847966979825,0.6316120243132266,27,616.9849999999988,interpolation,0 days 00:00:59.086000,59.086,3110.502,0.0
2024-03-01 16:38:26.275,0 days 00:51:50.602000,1693.6002671543413,-475.59839342238894,-137.52719965158076,OnTrack,164.75,10241.75,0.0,1,8,4,3408.1124410010543,0.6322293262221448,27,617.3405555555544,interpolation,0 days 00:00:59.186000,59.186,3110.602,0.0
2024-03-01 16:38:26.375,0 days 00:51:50.702000,1733.0,-506.0,-137.0,OnTrack,163.0,10145.0,0.0,1,8,4,3411.621111111111,0.6328802097179269,27,617.69611111111,interpolation,0 days 00:00:59.286000,59.286,3110.702,0.0
2024-03-01 16:38:26.475,0 days 00:51:50.802000,1794.3630383308514,-545.3319350177521,-136.02493672788157,OnTrack,161.75,10171.5,13.5,1,8,4,3415.3108070281537,0.6335646748005729,27,617.668333333332,interpolation,0 days 00:00:59.386000,59.386,3110.802,0.0
2024-03-01 16:38:26.575,0 days 00:51:50.902000,1856.0,-582.0,-135.0,OnTrack,160.5,10198.0,27.0,0,8,4,3419.1815287521817,0.6342827214700828,27,617.6405555555541,interpolation,0 days 00:00:59.486000,59.486,3110.902,0.0
2024-03-01 16:38:26.675,0 days 00:51:51.002000,1896.2215028605501,-604.4099964710981,-134.32317998113,OnTrack,159.25,10224.5,40.5,0,8,4,3423.6609305445636,0.6351136826622681,27,617.6127777777762,interpolation,0 days 00:00:59.586000,59.586,3111.002,0.0
2024-03-01 16:38:26.775,0 days 00:51:51.102000,1915.027546912503,-612.5619244310466,-133.99447667127163,OnTrack,158.0,10251.0,54.0,0,8,4,3429.1766666666667,0.6361368913129404,27,617.5849999999982,interpolation,0 days 00:00:59.686000,59.686,3111.102,0.0
2024-03-01 16:38:26.875,0 days 00:51:51.202000,1929.5698175082039,-615.9328901754717,-133.66853502577737,OnTrack,159.5,10336.5,59.0,0,8,4,3435.728737118492,0.6373523474220999,27,617.0776388888873,interpolation,0 days 00:00:59.786000,59.786,3111.202,0.0
2024-03-01 16:38:26.975,0 days 00:51:51.302000,1957.0,-624.0,-133.0,OnTrack,161.0,10422.0,64.0,0,8,4,3441.743611111111,0.6384681497312948,27,616.5702777777765,interpolation,0 days 00:00:59.886000,59.886,3111.302,0.0
2024-03-01 16:38:27.075,0 days 00:51:51.402000,1997.3180943878904,-636.7632539046314,-131.98887159393945,OnTrack,162.0,10614.5,65.5,0,8,4,3445.647757855597,0.6391923969820732,27,616.1702777777766,interpolation,0 days 00:00:59.986000,59.986,3111.402,0.0
2024-03-01 16:38:27.175,0 days 00:51:51.502000,2044.0,-650.0,-131.0,OnTrack,163.0,10807.0,67.0,0,8,4,3448.988055555555,0.6398120461869585,27,615.7702777777768,interpolation,0 days 00:01:00.086000,60.086,3111.502,0.0
2024-03-01 16:38:27.275,0 days 00:51:51.602000,2090.5216161644535,-659.4875863967401,-130.39823541058593,OnTrack,166.5,10851.5,71.5,0,8,4,3453.311382414592,0.6406140543584742,27,614.9924999999989,interpolation,0 days 00:01:00.186000,60.186,3111.602,0.0
2024-03-01 16:38:27.375,0 days 00:51:51.702000,2135.0,-666.0,-130.0,OnTrack,170.0,10896.0,76.0,0,8,4,3458.4325,0.6415640584374405,27,614.2147222222211,interpolation,0 days 00:01:00.286000,60.286,3111.702,0.0
2024-03-01 16:38:27.475,0 days 00:51:51.802000,2175.5522086253895,-670.3112277149285,-129.6217159425449,OnTrack,171.5,11107.5,81.0,0,8,4,3464.1661698790704,0.6426276953646775,27,613.114722222221,interpolation,0 days 00:01:00.386000,60.386,3111.802,0.0
2024-03-01 16:38:27.575,0 days 00:51:51.902000,2220.0,-671.0,-129.0,OnTrack,173.0,11319.0,86.0,0,8,4,3469.965833333333,0.6437035745739113,27,612.0147222222208,pos,0 days 00:01:00.486000,60.486,3111.902,0.0
2024-03-01 16:38:27.675,0 days 00:51:52.002000,2276.165132083209,-666.6450473136895,-127.8714689341445,OnTrack,177.5,11587.0,88.0,0,8,4,3475.284931644318,0.6446903054988672,27,610.9313888888876,interpolation,0 days 00:01:00.586000,60.586,3112.002,0.0
2024-03-01 16:38:27.775,0 days 00:51:52.102000,2341.197901449213,-657.9348154142137,-126.3367933532992,OnTrack,182.0,11855.0,90.0,0,8,4,3480.076944444444,0.6455792582773683,27,609.8480555555543,interpolation,0 days 00:01:00.686000,60.686,3112.102,0.0
2024-03-01 16:38:27.875,0 days 00:51:52.202000,2398.0,-649.0,-125.0,OnTrack,183.66666666666666,11760.666666666666,93.33333333333333,0,8,4,3484.295351366135,0.6463618030472376,27,608.9591666666655,pos,0 days 00:01:00.786000,60.786,3112.202,0.0
2024-03-01 16:38:27.975,0 days 00:51:52.302000,2443.7216951286537,-640.5290538789862,-123.96176051343997,OnTrack,185.33333333333334,11666.333333333334,96.66666666666667,0,8,4,3488.110404494616,0.6470695227926025,27,608.0702777777766,interpolation,0 days 00:01:00.886000,60.886,3112.302,0.0
2024-03-01 16:38:28.075,0 days 00:51:52.402000,2478.3629868351727,-632.5219770511719,-123.22207489361907,OnTrack,187.0,11572.0,100.0,0,8,4,3492.5436111111107,0.6478919144480044,27,607.1813888888878,interpolation,0 days 00:01:00.986000,60.986,3112.402,0.0
2024-03-01 16:38:28.175,0 days 00:51:52.502000,2518.322785124106,-618.0039116977717,-122.37135182698867,OnTrack,190.5,11114.0,100.0,0,8,4,3497.7652215574753,0.6488605606741629,27,606.0424999999989,interpolation,0 days 00:01:01.086000,61.086,3112.502,0.0
2024-03-01 16:38:28.275,0 days 00:51:52.602000,2580.0,-590.0,-121.0,OnTrack,194.0,10656.0,100.0,0,8,4,3503.3213888888886,0.6498912696044367,27,604.90361111111,interpolation,0 days 00:01:01.186000,61.186,3112.602,0.0
2024-03-01 16:38:28.375,0 days 00:51:52.702000,2663.3946314628556,-548.5102419578568,-119.10801941265315,OnTrack,196.75,10781.25,100.0,0,8,4,3508.758266160533,0.6508998493721847,27,603.7369444444433,interpolation,0 days 00:01:01.286000,61.286,3112.702,0.0
2024-03-01 16:38:28.475,0 days 00:51:52.802000,2748.0,-503.0,-117.0,OnTrack,199.5,10906.5,100.0,0,8,4,3514.0758533724074,0.651886299977407,27,602.5702777777767,interpolation,0 days 00:01:01.386000,61.386,3112.802,0.0
2024-03-01 16:38:28.575,0 days 00:51:52.902000,2813.3094260987623,-462.93463655508765,-114.98053169709257,OnTrack,202.25,11031.75,100.0,0,8,4,3519.710652786967,0.6529315957236405,27,601.4036111111101,interpolation,0 days 00:01:01.486000,61.486,3112.902,0.0
2024-03-01 16:38:28.675,0 days 00:51:53.002000,2859.322909759141,-428.31415162311976,-113.04961450393083,OnTrack,205.0,11157.0,100.0,0,8,4,3526.0991666666664,0.6541167109144225,27,600.2369444444435,interpolation,0 days 00:01:01.586000,61.586,3113.002,0.0
2024-03-01 16:38:28.775,0 days 00:51:53.102000,2893.6749385399503,-398.036590879592,-111.3438900588037,OnTrack,208.33333333333334,11316.666666666666,100.0,0,8,4,3533.241395011504,0.6554416455497525,27,599.0369444444433,interpolation,0 days 00:01:01.686000,61.686,3113.102,0.0
2024-03-01 16:38:28.875,0 days 00:51:53.202000,2924.0,-371.0,-110.0,OnTrack,211.66666666666666,11476.333333333334,100.0,0,8,5,3540.8942466034664,0.6568613044634247,27,597.8369444444432,interpolation,0 days 00:01:01.786000,61.786,3113.202,0.0
2024-03-01 16:38:28.975,0 days 00:51:53.302000,2950.2980941392916,-347.204378984344,-109.01794432751981,OnTrack,215.0,11636.0,100.0,0,8,5,3547.5991666666664,0.6581051152728724,27,596.6369444444431,interpolation,0 days 00:01:01.886000,61.886,3113.302,0.0
2024-03-01 16:38:29.075,0 days 00:51:53.402000,2974.7010748505727,-324.0568249216743,-108.27112970464486,OnTrack,217.0,11410.4,100.0,0,8,5,3553.113061493822,0.6591279823501124,27,595.8791666666652,interpolation,0 days 00:01:01.986000,61.986,3113.402,0.0
2024-03-01 16:38:29.175,0 days 00:51:53.502000,3010.0,-286.0,-107.0,OnTrack,219.0,11184.8,100.0,0,8,5,3557.4359310849327,0.6599299056951449,27,595.1213888888874,interpolation,0 days 00:01:02.086000,62.086,3113.502,0.0
2024-03-01 16:38:29.275,0 days 00:51:53.602000,3058.3267016502505,-230.44102785956147,-105.07796317317616,OnTrack,221.0,10959.2,100.0,0,8,5,3561.041404628992,0.6605987469229311,27,594.3636111111095,interpolation,0 days 00:01:02.186000,62.186,3113.602,0.0
2024-03-01 16:38:29.375,0 days 00:51:53.702000,3106.0,-173.0,-103.0,OnTrack,223.0,10733.6,100.0,0,8,5,3566.7712718099106,0.6616616784223597,27,593.6058333333317,interpolation,0 days 00:01:02.286000,62.286,3113.702,0.0
2024-03-01 16:38:29.475,0 days 00:51:53.802000,3139.3387152479263,-129.29700792095701,-101.26109125629833,OnTrack,225.0,10508.0,100.0,0,8,5,3575.0991666666664,0.6632065627080991,27,592.8480555555539,interpolation,0 days 00:01:02.386000,62.386,3113.802,0.0
2024-03-01 16:38:29.575,0 days 00:51:53.902000,3160.6747953855834,-96.54260213218296,-99.77229979483107,OnTrack,228.0,10634.0,100.0,0,8,5,3585.2325,0.6650863687933221,27,591.6480555555536,interpolation,0 days 00:01:02.486000,62.486,3113.902,0.0
2024-03-01 16:38:29.675,0 days 00:51:54.002000,3184.0,-58.0,-98.0,OnTrack,229.5,10681.5,100.0,0,8,5,3592.4157609626036,0.6664189152738398,27,590.898055555554,interpolation,0 days 00:01:02.586000,62.586,3114.002,0.0
2024-03-01 16:38:29.775,0 days 00:51:54.102000,3211.646300962001,-10.879723470049626,-95.8552538138441,OnTrack,231.0,10729.0,100.0,0,8,6,3598.065833333333,0.6674670442630944,27,590.1480555555545,interpolation,0 days 00:01:02.686000,62.686,3114.102,0.0
2024-03-01 16:38:29.875,0 days 00:51:54.202000,3243.846788852894,46.36336020024178,-93.28823636989976,OnTrack,233.0,10810.0,100.0,0,8,6,3604.3921819742363,0.6686406273557666,27,589.564722222221,interpolation,0 days 00:01:02.786000,62.786,3114.202,0.0
2024-03-01 16:38:29.975,0 days 00:51:54.302000,3282.0,123.0,-90.0,OnTrack,235.0,10891.0,100.0,0,8,6,3611.1213888888888,0.6698889435505253,27,588.9813888888875,interpolation,0 days 00:01:02.886000,62.886,3114.302,0.0
2024-03-01 16:38:30.075,0 days 00:51:54.402000,3326.33902259779,220.57531284972038,-85.94072034788525,OnTrack,237.5,11010.5,100.0,0,8,6,3617.9800360808686,0.6711612718460398,27,588.4258333333321,interpolation,0 days 00:01:02.986000,62.986,3114.402,0.0
2024-03-01 16:38:30.175,0 days 00:51:54.502000,3368.0,317.0,-82.0,OnTrack,240.0,11130.0,100.0,0,8,6,3624.4547222222222,0.6723623726100292,27,587.8702777777767,interpolation,0 days 00:01:03.086000,63.086,3114.502,0.0
2024-03-01 16:38:30.275,0 days 00:51:54.602000,3398.1190755603648,390.184762701436,-79.06744154278881,OnTrack,241.0,11175.333333333334,100.0,0,8,6,3630.032045985,0.6733970062102128,27,587.4276851851838,interpolation,0 days 00:01:03.186000,63.186,3114.602,0.0
2024-03-01 16:38:30.375,0 days 00:51:54.702000,3416.6962492788844,440.12960095402855,-77.14304497625167,OnTrack,242.0,11220.666666666666,100.0,0,8,6,3634.944521034777,0.6743083056008784,27,586.9850925925911,interpolation,0 days 00:01:03.286000,63.286,3114.702,0.0
2024-03-01 16:38:30.475,0 days 00:51:54.802000,3431.6752983579613,482.5096387296067,-75.6471259215887,OnTrack,243.0,11266.0,100.0,0,8,6,3640.587222222222,0.6753550671827125,27,586.5424999999982,interpolation,0 days 00:01:03.386000,63.386,3114.802,0.0
2024-03-01 16:38:30.575,0 days 00:51:54.902000,3451.0,533.0,-74.0,OnTrack,244.0,11343.5,100.0,0,8,6,3647.1926608319814,0.6765804234683237,27,586.1536111111095,interpolation,0 days 00:01:03.486000,63.486,3114.902,0.0
2024-03-01 16:38:30.675,0 days 00:51:55.002000,3474.670354204999,591.6006847652081,-72.20166721148556,OnTrack,245.0,11421.0,100.0,0,8,6,3654.1983333333333,0.6778800260142894,27,585.7647222222208,interpolation,0 days 00:01:03.586000,63.586,3115.002,0.0
2024-03-01 16:38:30.775,0 days 00:51:55.102000,3502.01436101074,656.4080301030817,-70.23530749860475,OnTrack,246.5,11477.0,100.0,0,8,6,3661.041736195554,0.6791495263771876,27,585.40361111111,interpolation,0 days 00:01:03.686000,63.686,3115.102,0.0
2024-03-01 16:38:30.875,0 days 00:51:55.202000,3529.0,716.0,-68.0,OnTrack,248.0,11533.0,100.0,0,8,6,3667.9761111111106,0.68043590270911,27,585.0424999999991,interpolation,0 days 00:01:03.786000,63.786,3115.202,0.0
2024-03-01 16:38:30.975,0 days 00:51:55.302000,3554.9552643292436,768.4729120402048,-65.47892448599232,OnTrack,250.0,11557.333333333334,100.0,0,8,6,3675.254699772472,0.6817861331621489,27,584.6573148148135,interpolation,0 days 00:01:03.886000,63.886,3115.302,0.0
2024-03-01 16:38:31.075,0 days 00:51:55.402000,3584.0,821.0,-63.0,OnTrack,252.0,11581.666666666666,100.0,0,8,6,3682.8452101294474,0.6831942273291546,27,584.2721296296278,interpolation,0 days 00:01:03.986000,63.986,3115.402,0.0
2024-03-01 16:38:31.175,0 days 00:51:55.502000,3620.254053013796,880.7544976556896,-60.89114558544124,OnTrack,254.0,11606.0,100.0,0,8,6,3690.553888888889,0.6846242425832033,27,583.8869444444422,interpolation,0 days 00:01:04.086000,64.086,3115.502,0.0
2024-03-01 16:38:31.275,0 days 00:51:55.602000,3658.0,940.0,-59.0,OnTrack,254.75,11644.5,100.0,0,8,6,3698.3484436699364,0.6860701884558035,27,583.7036111111091,interpolation,0 days 00:01:04.186000,64.186,3115.602,0.0
2024-03-01 16:38:31.375,0 days 00:51:55.702000,3691.5204175879826,991.0001020256582,-57.17420200136024,OnTrack,255.5,11683.0,100.0,0,8,6,3706.228874472588,0.6875320649469551,27,583.5202777777761,interpolation,0 days 00:01:04.286000,64.286,3115.702,0.0
2024-03-01 16:38:31.475,0 days 00:51:55.802000,3723.0503506767495,1036.058799916831,-55.33390145424719,OnTrack,256.25,11721.5,100.0,0,8,6,3714.1245902611677,0.6889967769127344,27,583.336944444443,interpolation,0 days 00:01:04.386000,64.386,3115.802,0.0
2024-03-01 16:38:31.575,0 days 00:51:55.902000,3766.0,1089.0,-53.0,OnTrack,257.0,11760.0,100.0,0,8,6,3721.965,0.6904512292092178,27,583.15361111111,interpolation,0 days 00:01:04.486000,64.486,3115.902,0.0
2024-03-01 16:38:31.675,0 days 00:51:56.002000,3822.6043875699997,1152.127674866532,-50.09264832100508,OnTrack,257.5,11437.25,100.0,0,8,6,3729.7501036890835,0.691895421836405,27,583.0702777777765,interpolation,0 days 00:01:04.586000,64.586,3116.002,0.0
2024-03-01 16:38:31.775,0 days 00:51:56.102000,3889.2215949900674,1221.6704541727838,-46.77211317146428,OnTrack,258.0,11114.5,100.0,0,8,6,3737.479901328419,0.6933293547942962,27,582.986944444443,interpolation,0 days 00:01:04.686000,64.686,3116.102,0.0
2024-03-01 16:38:31.875,0 days 00:51:56.202000,3944.0,1275.0,-44.0,OnTrack,258.5,10791.75,100.0,0,8,6,3744.646692747989,0.6946588460563389,27,582.9036111111095,interpolation,0 days 00:01:04.786000,64.786,3116.202,0.0
2024-03-01 16:38:31.975,0 days 00:51:56.302000,3983.2976469096825,1308.3449033855077,-41.93657720195405,OnTrack,259.0,10469.0,100.0,0,8,6,3750.7427777777775,0.6957897135959802,27,582.820277777776,interpolation,0 days 00:01:04.886000,64.886,3116.302,0.0
2024-03-01 16:38:32.075,0 days 00:51:56.402000,4021.0,1335.0,-40.0,OnTrack,259.5,10485.5,100.0,0,8,6,3755.7681564177838,0.6967219574132203,27,582.8647222222205,interpolation,0 days 00:01:04.986000,64.986,3116.402,0.0
2024-03-01 16:38:32.175,0 days 00:51:56.502000,4070.99252355184,1368.2601255141717,-37.608423616811436,OnTrack,260.0,10502.0,100.0,0,8,6,3759.7228286680074,0.6974555775080591,27,582.909166666665,interpolation,0 days 00:01:05.086000,65.086,3116.502,0.0
2024-03-01 16:38:32.275,0 days 00:51:56.602000,4133.292097396142,1407.2813366872006,-34.82181788967016,OnTrack,260.5,10518.5,100.0,0,8,7,3764.9874754731177,0.6984322072877428,27,582.9536111111095,interpolation,0 days 00:01:05.186000,65.186,3116.602,0.0
2024-03-01 16:38:32.375,0 days 00:51:56.702000,4208.0,1447.0,-32.0,OnTrack,261.0,10535.0,100.0,0,8,7,3773.9427777777782,0.700093480159517,27,582.998055555554,interpolation,0 days 00:01:05.286000,65.286,3116.702,0.0
2024-03-01 16:38:32.475,0 days 00:51:56.802000,4295.133111021504,1486.5721808536825,-29.202939170994807,OnTrack,262.0,10612.0,100.0,0,8,7,3785.5872222222224,0.702253608204817,27,583.0424999999987,interpolation,0 days 00:01:05.386000,65.386,3116.802,0.0
2024-03-01 16:38:32.575,0 days 00:51:56.902000,4391.616445588034,1524.9670944129284,-26.46584764968755,OnTrack,262.0,10631.0,100.0,0,8,7,3793.911697881247,0.7037978582048292,27,583.15361111111,interpolation,0 days 00:01:05.486000,65.486,3116.902,0.0
2024-03-01 16:38:32.675,0 days 00:51:57.002000,4479.0,1556.0,-24.0,OnTrack,262.0,10650.0,100.0,0,8,7,3800.142777777778,0.7049537682614421,27,583.2647222222213,interpolation,0 days 00:01:05.586000,65.586,3117.002,0.0
2024-03-01 16:38:32.775,0 days 00:51:57.102000,4554.208757896773,1578.6401022242862,-21.84060882954038,OnTrack,262.5,10672.75,100.0,0,8,7,3806.5085585500597,0.7061346662975864,27,583.4647222222212,interpolation,0 days 00:01:05.686000,65.686,3117.102,0.0
2024-03-01 16:38:32.875,0 days 00:51:57.202000,4617.242719278353,1592.8874010857878,-19.987674138308698,OnTrack,263.0,10695.5,100.0,0,8,7,3813.0090401980915,0.7073405523132624,27,583.6647222222211,interpolation,0 days 00:01:05.786000,65.786,3117.202,0.0
2024-03-01 16:38:32.975,0 days 00:51:57.302000,4673.655321020757,1601.9409994043956,-18.390902377922664,OnTrack,263.5,10718.25,100.0,0,8,7,3819.676390635966,0.7085773936874825,27,583.8647222222211,interpolation,0 days 00:01:05.886000,65.886,3117.302,0.0
2024-03-01 16:38:33.075,0 days 00:51:57.402000,4729.0,1609.0,-17.0,OnTrack,264.0,10741.0,100.0,0,8,7,3826.542777777778,0.7098511577992597,27,584.064722222221,interpolation,0 days 00:01:05.986000,65.986,3117.402,0.0
2024-03-01 16:38:33.175,0 days 00:51:57.502000,4783.2767562160825,1614.0644028726022,-15.814967004540701,OnTrack,265.0,10776.0,100.0,0,8,7,3833.6082016235264,0.7111618446485934,27,584.2591666666651,interpolation,0 days 00:01:06.086000,66.086,3117.502,0.0
2024-03-01 16:38:33.275,0 days 00:51:57.602000,4836.485589669004,1617.1342080222012,-14.835803391544765,OnTrack,266.0,10811.0,100.0,0,8,7,3841.320555555556,0.7125925416735431,27,584.4536111111092,interpolation,0 days 00:01:06.186000,66.186,3117.602,0.0
2024-03-01 16:38:33.375,0 days 00:51:57.702000,4892.951628287424,1616.8869091606998,-13.938738082776448,OnTrack,267.0,10836.5,100.0,0,8,7,3850.1277329562126,0.7142263363121673,27,584.7548611111097,interpolation,0 days 00:01:06.286000,66.286,3117.702,0.0
2024-03-01 16:38:33.475,0 days 00:51:57.802000,4957.0,1612.0,-13.0,OnTrack,268.0,10862.0,100.0,0,8,7,3859.261666666667,0.7159207465921938,27,585.0561111111101,pos,0 days 00:01:06.386000,66.386,3117.802,0.0
2024-03-01 16:38:33.575,0 days 00:51:57.902000,5028.630704806734,1602.4734805401026,-12.019589143215427,OnTrack,269.0,10887.333333333334,100.0,0,8,7,3867.954289528091,0.7175332905413503,27,585.3227777777769,interpolation,0 days 00:01:06.486000,66.486,3117.902,0.0
2024-03-01 16:38:33.675,0 days 00:51:58.002000,5105.883834495308,1588.696062027502,-11.004866747813223,OnTrack,270.0,10912.666666666666,100.0,0,8,7,3876.1317076651203,0.7190502603152387,27,585.5894444444435,interpolation,0 days 00:01:06.586000,66.586,3118.002,0.0
2024-03-01 16:38:33.775,0 days 00:51:58.102000,5177.0,1573.0,-10.0,OnTrack,271.0,10938.0,100.0,0,8,7,3883.3505555555557,0.7203894084263641,27,585.8561111111103,pos,0 days 00:01:06.686000,66.686,3118.102,0.0
2024-03-01 16:38:33.875,0 days 00:51:58.202000,5240.0193131778515,1555.7740017237097,-9.0123500597876,OnTrack,271.3333333333333,10945.333333333334,100.0,0,8,7,3889.5369385673575,0.7215370268899601,27,586.078333333332,interpolation,0 days 00:01:06.786000,66.786,3118.202,0.0
2024-03-01 16:38:33.975,0 days 00:51:58.302000,5321.0,1526.0,-8.0,OnTrack,271.6666666666667,10952.666666666666,100.0,0,8,7,3894.9876998175055,0.7225481822354,27,586.3005555555537,interpolation,0 days 00:01:06.886000,66.886,3118.302,0.0
2024-03-01 16:38:34.075,0 days 00:51:58.402000,5434.0,1478.0,-7.0,OnTrack,272.0,10960.0,100.0,0,8,7,3901.48388888889,0.7237532719472894,27,586.5227777777754,interpolation,0 days 00:01:06.986000,66.986,3118.402,0.0
2024-03-01 16:38:34.175,0 days 00:51:58.502000,5507.017963199892,1443.814271895798,-6.486150273159243,OnTrack,272.75,11030.25,100.0,0,8,7,3909.3223458588345,0.7252073619911241,27,586.8588888888868,interpolation,0 days 00:01:07.086000,67.086,3118.502,0.0
2024-03-01 16:38:34.275,0 days 00:51:58.602000,5579.0,1407.0,-6.0,OnTrack,273.5,11100.5,100.0,0,8,7,3918.503070727337,0.726910452366904,27,587.1949999999981,interpolation,0 days 00:01:07.186000,67.186,3118.602,0.0
2024-03-01 16:38:34.375,0 days 00:51:58.702000,5700.892384355927,1345.7743509375168,-5.004132063124763,OnTrack,274.25,11170.75,100.0,0,8,7,3927.5769824543945,0.7285937281380848,27,587.5311111111095,interpolation,0 days 00:01:07.286000,67.286,3118.702,0.0
2024-03-01 16:38:34.475,0 days 00:51:58.802000,5825.0,1284.0,-4.0,OnTrack,275.0,11241.0,100.0,0,8,7,3935.0950000000007,0.729988374368122,27,587.8672222222208,interpolation,0 days 00:01:07.386000,67.386,3118.802,0.0
2024-03-01 16:38:34.575,0 days 00:51:58.902000,5903.627730664548,1245.5396224791016,-3.489057348092181,OnTrack,275.0,11071.5,100.0,0,8,7,3941.0571233641585,0.731094391057016,27,588.1338888888874,interpolation,0 days 00:01:07.486000,67.486,3118.902,0.0
2024-03-01 16:38:34.675,0 days 00:51:59.002000,5936.775576349572,1230.3932183748218,-3.471304107401307,OnTrack,275.0,10902.0,100.0,0,8,7,3947.317222222223,0.7322556843393339,27,588.4005555555541,interpolation,0 days 00:01:07.586000,67.586,3119.002,0.0
2024-03-01 16:38:34.775,0 days 00:51:59.102000,5958.785633859809,1221.0502050831312,-3.7178988130097794,OnTrack,273.6666666666667,10794.666666666666,79.0,0,8,7,3955.7291662495545,0.7338161603496429,27,589.0338888888874,interpolation,0 days 00:01:07.686000,67.686,3119.102,0.0
2024-03-01 16:38:34.875,0 days 00:51:59.202000,6004.0,1200.0,-4.0,OnTrack,272.3333333333333,10687.333333333334,58.0,0,8,7,3965.7828052330497,0.7356811825608083,27,589.6672222222209,interpolation,0 days 00:01:07.786000,67.786,3119.202,0.0
2024-03-01 16:38:34.975,0 days 00:51:59.302000,6072.418674770148,1167.2426031254286,-4.317607668371971,OnTrack,271.0,10580.0,37.0,0,8,7,3974.417222222223,0.7372829289027755,27,590.3005555555542,interpolation,0 days 00:01:07.886000,67.886,3119.302,0.0
2024-03-01 16:38:35.075,0 days 00:51:59.402000,6159.722871184361,1124.3773272515007,-4.664128190146054,OnTrack,262.6666666666667,10092.0,24.666666666666668,0,8,7,3981.1222617800076,0.7385267618793265,27,591.3005555555542,interpolation,0 days 00:01:07.986000,67.986,3119.402,0.0
2024-03-01 16:38:35.175,0 days 00:51:59.502000,6240.0,1081.0,-5.0,OnTrack,254.33333333333334,9604.0,12.333333333333336,0,8,7,3986.1282595393695,0.7394554104040627,27,592.3005555555542,pos,0 days 00:01:08.086000,68.086,3119.502,0.0
2024-03-01 16:38:35.275,0 days 00:51:59.602000,6308.931318455328,1038.709917786131,-5.31862953747258,OnTrack,246.0,9116.0,0.0,1,8,7,3990.8172222222224,0.7403252466459651,27,593.3005555555542,interpolation,0 days 00:01:08.186000,68.186,3119.602,0.0
2024-03-01 16:38:35.375,0 days 00:51:59.702000,6366.210547119666,998.6858000897082,-5.630665455630306,OnTrack,233.66666666666666,9232.0,0.0,1,8,7,3995.419483102909,0.7411789990810933,27,595.4783333333321,interpolation,0 days 00:01:08.286000,68.286,3119.702,0.0
2024-03-01 16:38:35.475,0 days 00:51:59.802000,6410.0,968.0,-6.0,OnTrack,221.33333333333334,9348.0,0.0,1,8,7,4000.236027634061,0.7420725026718245,27,597.65611111111,interpolation,0 days 00:01:08.386000,68.386,3119.802,0.0
2024-03-01 16:38:35.575,0 days 00:51:59.902000,6439.99339452933,947.8312490669691,-6.43728193269094,OnTrack,209.0,9464.0,0.0,1,8,7,4007.072777777778,0.7433407689076769,27,599.8338888888879,interpolation,0 days 00:01:08.486000,68.486,3119.902,0.0
2024-03-01 16:38:35.675,0 days 00:52:00.002000,6456.190730707657,938.1795472906159,-6.9425112537031275,OnTrack,191.0,9875.0,0.0,1,8,7,4015.5616666666674,0.7449155187422277,27,604.3672222222203,interpolation,0 days 00:01:08.586000,68.586,3120.002,0.0
2024-03-01 16:38:35.775,0 days 00:52:00.102000,6462.511736914253,934.7918426154392,-7.481052763036162,OnTrack,183.66666666666666,9993.0,0.0,1,8,7,4021.6883413345035,0.746052060879344,27,607.6338888888872,interpolation,0 days 00:01:08.686000,68.686,3120.102,0.0
2024-03-01 16:38:35.875,0 days 00:52:00.202000,6482.474903839203,912.1496920542264,-7.845094196690674,OnTrack,176.33333333333334,10111.0,0.0,1,8,7,4025.212432494045,0.7467058050905203,27,610.9005555555541,interpolation,0 days 00:01:08.786000,68.786,3120.202,0.0
2024-03-01 16:38:35.975,0 days 00:52:00.302000,6520.0,866.0,-8.0,OnTrack,169.0,10229.0,0.0,1,8,7,4028.706111111111,0.7473539075567218,27,614.167222222221,interpolation,0 days 00:01:08.886000,68.886,3120.302,0.0
2024-03-01 16:38:36.075,0 days 00:52:00.402000,6570.0,802.0,-8.0,OnTrack,164.5,9942.25,0.0,1,8,7,4032.598074541594,0.748075894715283,27,618.2227777777767,interpolation,0 days 00:01:08.986000,68.986,3120.402,0.0
2024-03-01 16:38:36.175,0 days 00:52:00.502000,6601.952907732205,754.0929195480434,-8.170471492971227,OnTrack,160.0,9655.5,0.0,1,8,7,4036.8883227854935,0.7488717665662041,27,622.2783333333325,interpolation,0 days 00:01:09.086000,69.086,3120.502,0.0
2024-03-01 16:38:36.275,0 days 00:52:00.602000,6613.72103479371,724.8771411386552,-8.545030705501867,OnTrack,155.5,9368.75,0.0,1,8,7,4041.281909636646,0.7496868084706864,27,626.3338888888883,interpolation,0 days 00:01:09.186000,69.186,3120.602,0.0
2024-03-01 16:38:36.375,0 days 00:52:00.702000,6623.0,696.0,-9.0,OnTrack,151.0,9082.0,0.0,1,8,7,4045.483888888889,0.7504663057899309,27,630.389444444444,interpolation,0 days 00:01:09.286000,69.286,3120.702,0.0
2024-03-01 16:38:36.475,0 days 00:52:00.802000,6632.739058053419,664.4027343310191,-9.514766542405045,OnTrack,148.25,8981.25,0.0,1,8,7,4049.49426054222,0.751210258523938,27,634.8061111111106,interpolation,0 days 00:01:09.386000,69.386,3120.802,0.0
2024-03-01 16:38:36.575,0 days 00:52:00.902000,6642.0,632.0,-10.0,OnTrack,145.5,8880.5,0.0,1,8,4,4053.313024596642,0.7519186666727076,27,639.2227777777771,interpolation,0 days 00:01:09.486000,69.486,3120.902,0.0
2024-03-01 16:38:36.675,0 days 00:52:01.002000,6649.844616885771,600.7064528752301,-10.36637004006786,OnTrack,142.75,8779.75,0.0,1,8,4,4057.106109686076,0.7526223111891105,27,643.6394444444436,interpolation,0 days 00:01:09.586000,69.586,3121.002,0.0
2024-03-01 16:38:36.775,0 days 00:52:01.102000,6656.352366720083,568.2502206842335,-10.753596200406276,OnTrack,140.0,8679.0,0.0,1,8,4,4061.0394444444446,0.7533519730260186,27,648.0561111111101,interpolation,0 days 00:01:09.686000,69.686,3121.102,0.0
2024-03-01 16:38:36.875,0 days 00:52:01.202000,6662.0,521.0,-12.0,OnTrack,138.75,8680.0,7.5,1,8,4,4065.1130288717477,0.7541076521834311,27,653.0558333333327,pos,0 days 00:01:09.786000,69.786,3121.202,0.0
2024-03-01 16:38:36.975,0 days 00:52:01.302000,6666.0,459.0,-14.0,OnTrack,137.5,8681.0,15.0,1,8,4,4069.326862967986,0.7548893486613484,27,658.0555555555552,interpolation,0 days 00:01:09.886000,69.886,3121.302,0.0
2024-03-01 16:38:37.075,0 days 00:52:01.402000,6663.150486795352,396.1469201194394,-15.281774220398175,OnTrack,136.25,8682.0,22.5,1,8,4,4073.5126128024526,0.7556658353070773,27,663.0552777777777,interpolation,0 days 00:01:09.986000,69.986,3121.402,0.0
2024-03-01 16:38:37.175,0 days 00:52:01.502000,6656.0,340.0,-16.0,OnTrack,135.0,8683.0,30.0,1,8,4,4077.5019444444442,0.7564058849679248,27,668.0550000000003,interpolation,0 days 00:01:10.086000,70.086,3121.502,0.0
2024-03-01 16:38:37.275,0 days 00:52:01.602000,6647.96406365428,295.8023508522919,-16.554659596902535,OnTrack,135.5,8769.0,38.5,1,8,4,4081.2948578939595,0.757109497643891,27,672.5272222222225,interpolation,0 days 00:01:10.186000,70.186,3121.602,0.0
2024-03-01 16:38:37.375,0 days 00:52:01.702000,6639.042677758194,263.5539726763151,-16.94575301110578,OnTrack,136.0,8855.0,47.0,0,8,4,4085.0575,0.7578074947683103,27,676.9994444444446,interpolation,0 days 00:01:10.286000,70.286,3121.702,0.0
2024-03-01 16:38:37.475,0 days 00:52:01.802000,6627.349952983013,235.27860816218083,-17.363969919756133,OnTrack,137.5,8957.0,50.5,0,8,4,4088.9560176115656,0.7585306977745181,27,680.3049999999998,interpolation,0 days 00:01:10.386000,70.386,3121.802,0.0
2024-03-01 16:38:37.575,0 days 00:52:01.902000,6611.0,203.0,-18.0,OnTrack,139.0,9059.0,54.0,0,8,4,4092.9904107286566,0.7592791066625136,27,683.610555555555,interpolation,0 days 00:01:10.486000,70.486,3121.902,0.0
2024-03-01 16:38:37.675,0 days 00:52:02.002000,6589.992818809156,166.71814818977276,-18.853843251837375,OnTrack,140.5,9161.0,57.5,0,8,4,4097.002792925864,0.7600234323668443,27,686.9161111111102,interpolation,0 days 00:01:10.586000,70.586,3122.002,0.0
2024-03-01 16:38:37.775,0 days 00:52:02.102000,6564.328409410486,126.43305273149905,-19.925499675268263,OnTrack,142.0,9263.0,61.0,0,8,4,4100.835277777778,0.7607343858220567,27,690.2216666666654,interpolation,0 days 00:01:10.686000,70.686,3122.102,0.0
2024-03-01 16:38:37.875,0 days 00:52:02.202000,6537.7497953065695,87.4314309074758,-21.034406261065016,OnTrack,144.0,9456.2,62.8,0,8,4,4104.487865284399,0.7614119670281508,27,691.3461111111098,interpolation,0 days 00:01:10.786000,70.786,3122.202,0.0
2024-03-01 16:38:37.975,0 days 00:52:02.302000,6514.0,55.0,-22.0,OnTrack,146.0,9649.4,64.6,0,8,4,4107.960555445727,0.7620561759851269,27,692.4705555555544,interpolation,0 days 00:01:10.886000,70.886,3122.302,0.0
2024-03-01 16:38:38.075,0 days 00:52:02.402000,6493.079023490774,29.138760009071596,-22.822280892073206,OnTrack,148.0,9842.6,66.4,0,8,4,4111.337900463336,0.7626826977334166,27,693.5949999999988,interpolation,0 days 00:01:10.986000,70.986,3122.402,0.0
2024-03-01 16:38:38.175,0 days 00:52:02.502000,6474.986865778893,9.847710934690612,-23.501248937284636,OnTrack,150.0,10035.8,68.2,0,8,4,4115.127216144148,0.7633856429974579,27,694.7194444444433,interpolation,0 days 00:01:11.086000,71.086,3122.502,0.0
2024-03-01 16:38:38.275,0 days 00:52:02.602000,6457.401275177565,-6.867193607035679,-24.17959251385375,OnTrack,152.0,10229.0,70.0,0,8,4,4119.413055555556,0.7641806969782986,27,695.8438888888877,interpolation,0 days 00:01:11.186000,71.186,3122.602,0.0
2024-03-01 16:38:38.375,0 days 00:52:02.702000,6438.0,-25.0,-25.0,OnTrack,155.33333333333334,10382.333333333334,72.66666666666667,0,8,4,4124.195418697559,0.7650678596759385,27,696.1105555555547,interpolation,0 days 00:01:11.286000,71.286,3122.702,0.0
2024-03-01 16:38:38.475,0 days 00:52:02.802000,6416.783040246198,-44.55070824420236,-25.96247139572338,OnTrack,158.66666666666666,10535.666666666666,75.33333333333333,0,8,4,4129.314677157492,0.7660175188737817,27,696.3772222222218,interpolation,0 days 00:01:11.386000,71.386,3122.802,0.0
2024-03-01 16:38:38.575,0 days 00:52:02.902000,6391.0,-67.0,-27.0,OnTrack,162.0,10689.0,78.0,0,8,4,4133.813055555555,0.7668520003625627,27,696.6438888888888,pos,0 days 00:01:11.486000,71.486,3122.902,0.0
2024-03-01 16:38:38.675,0 days 00:52:03.002000,6357.900483345253,-93.82855692775018,-28.045579111805985,OnTrack,163.66666666666666,10923.0,85.33333333333333,0,8,4,4137.530923844478,0.767541691622455,27,696.3846296296293,interpolation,0 days 00:01:11.586000,71.586,3123.002,0.0
2024-03-01 16:38:38.775,0 days 00:52:03.102000,6318.734261481599,-124.07821937585925,-29.08133225238146,OnTrack,165.33333333333334,11157.0,92.66666666666667,0,8,4,4140.932374091639,0.7681726850638889,27,696.12537037037,interpolation,0 days 00:01:11.686000,71.686,3123.102,0.0
2024-03-01 16:38:38.875,0 days 00:52:03.202000,6281.0,-152.0,-30.0,OnTrack,167.0,11391.0,100.0,0,8,4,4146.801944444444,0.7692615325046961,27,695.8661111111105,pos,0 days 00:01:11.786000,71.786,3123.202,0.0
2024-03-01 16:38:38.975,0 days 00:52:03.302000,6245.947482897824,-176.63572933697378,-30.78370569284568,OnTrack,181.0,11763.0,100.0,0,8,4,4154.846388888889,0.7707538347039301,27,694.2216666666654,interpolation,0 days 00:01:11.886000,71.886,3123.302,0.0
2024-03-01 16:38:39.075,0 days 00:52:03.402000,6198.0,-207.0,-32.0,OnTrack,183.0,11714.0,100.0,0,8,4,4160.52173071554,0.7718066513586792,27,693.1105555555541,pos,0 days 00:01:11.986000,71.986,3123.402,0.0
2024-03-01 16:38:39.175,0 days 00:52:03.502000,6127.0,-249.0,-34.0,OnTrack,185.0,11665.0,100.0,0,8,4,4163.606193485266,0.772378841347249,27,691.9994444444428,interpolation,0 days 00:01:12.086000,72.086,3123.502,0.0
2024-03-01 16:38:39.275,0 days 00:52:03.602000,6065.462602586201,-283.99120626338964,-35.48509750071611,OnTrack,187.0,11616.0,100.0,0,8,4,4167.313055555556,0.7730664908745662,27,690.8883333333315,interpolation,0 days 00:01:12.186000,72.186,3123.602,0.0
2024-03-01 16:38:39.375,0 days 00:52:03.702000,6018.807022119617,-308.8661823678849,-36.23885669531255,OnTrack,191.0,11155.5,100.0,0,8,4,4172.177860577334,0.7739689471327926,27,689.1938888888867,interpolation,0 days 00:01:12.286000,72.286,3123.702,0.0
2024-03-01 16:38:39.475,0 days 00:52:03.802000,5978.247930593223,-329.55806728843766,-36.623187542252694,OnTrack,195.0,10695.0,100.0,0,8,4,4178.14638888889,0.7750761519854132,27,687.4994444444419,interpolation,0 days 00:01:12.386000,72.386,3123.802,0.0
2024-03-01 16:38:39.575,0 days 00:52:03.902000,5935.0,-352.0,-37.0,OnTrack,200.5,10889.5,100.0,0,8,4,4185.164420828517,0.7763780472959132,27,684.9994444444424,interpolation,0 days 00:01:12.486000,72.486,3123.902,0.0
2024-03-01 16:38:39.675,0 days 00:52:04.002000,5889.063230339951,-376.19198050257216,-37.36929406855445,OnTrack,206.0,11084.0,100.0,0,8,4,4191.879722222223,0.7776237839167021,27,682.4994444444428,interpolation,0 days 00:01:12.586000,72.586,3124.002,0.0
2024-03-01 16:38:39.775,0 days 00:52:04.102000,5840.868378607263,-401.82000043677886,-37.721588998267706,OnTrack,207.66666666666666,11210.666666666666,100.0,0,8,4,4196.94005889602,0.7785625127001902,27,680.6105555555538,interpolation,0 days 00:01:12.686000,72.686,3124.102,0.0
2024-03-01 16:38:39.875,0 days 00:52:04.202000,5793.0,-427.0,-38.0,OnTrack,209.33333333333334,11337.333333333334,100.0,0,8,5,4200.773268367882,0.7792736005776055,27,678.7216666666649,interpolation,0 days 00:01:12.786000,72.786,3124.202,0.0
2024-03-01 16:38:39.975,0 days 00:52:04.302000,5745.888855923327,-451.41796761739863,-38.195046227019624,OnTrack,211.0,11464.0,100.0,0,8,5,4205.9463888888895,0.7802332515744786,27,676.8327777777758,interpolation,0 days 00:01:12.886000,72.886,3124.302,0.0
2024-03-01 16:38:40.075,0 days 00:52:04.402000,5699.652916628612,-475.0774802995476,-38.380611891859274,OnTrack,215.0,11389.0,100.0,0,8,5,4212.887262358097,0.7815208334347594,27,673.7575925925906,interpolation,0 days 00:01:12.986000,72.986,3124.402,0.0
2024-03-01 16:38:40.175,0 days 00:52:04.502000,5655.0,-498.0,-39.0,OnTrack,219.0,11314.0,100.0,0,8,5,4221.177672369356,0.7830587640125382,27,670.6824074074053,interpolation,0 days 00:01:13.086000,73.086,3124.502,0.0
2024-03-01 16:38:40.275,0 days 00:52:04.602000,5612.04807508085,-520.1891036927007,-40.127094007404054,OnTrack,223.0,11239.0,100.0,0,8,5,4228.308333333334,0.7843815528156712,27,667.6072222222201,interpolation,0 days 00:01:13.186000,73.186,3124.602,0.0
2024-03-01 16:38:40.375,0 days 00:52:04.702000,5557.0,-549.0,-41.0,OnTrack,224.66666666666666,10989.333333333334,100.0,0,8,5,4233.861033126399,0.7854116184926863,27,665.6294444444424,pos,0 days 00:01:13.286000,73.286,3124.702,0.0
2024-03-01 16:38:40.475,0 days 00:52:04.802000,5479.0,-590.0,-41.0,OnTrack,226.33333333333334,10739.666666666666,100.0,0,8,5,4238.199746521018,0.7862164809770195,27,663.6516666666645,interpolation,0 days 00:01:13.386000,73.386,3124.802,0.0
2024-03-01 16:38:40.575,0 days 00:52:04.902000,5399.0,-631.0,-41.0,OnTrack,228.0,10490.0,100.0,0,8,5,4243.508333333334,0.7872012619435056,27,661.6738888888867,interpolation,0 days 00:01:13.486000,73.486,3124.902,0.0
2024-03-01 16:38:40.675,0 days 00:52:05.002000,5339.76431406001,-661.4414357505015,-41.22630353525402,OnTrack,230.25,10633.75,100.0,0,8,5,4250.150772062939,0.7884334820169889,27,659.1377777777757,interpolation,0 days 00:01:13.586000,73.586,3125.002,0.0
2024-03-01 16:38:40.775,0 days 00:52:05.102000,5304.596788606623,-679.8625189316361,-41.69276552087972,OnTrack,232.5,10777.5,100.0,0,8,6,4258.127062709829,0.7899131411974689,27,656.6016666666646,interpolation,0 days 00:01:13.686000,73.686,3125.102,0.0
2024-03-01 16:38:40.875,0 days 00:52:05.202000,5270.630868849926,-698.1023426469528,-42.06284474606557,OnTrack,234.75,10921.25,100.0,0,8,6,4266.035655335139,0.7913802419089105,27,654.0655555555536,interpolation,0 days 00:01:13.786000,73.786,3125.202,0.0
2024-03-01 16:38:40.975,0 days 00:52:05.302000,5215.0,-728.0,-42.0,OnTrack,237.0,11065.0,100.0,0,8,6,4272.475,0.7925747865752776,27,651.5294444444426,pos,0 days 00:01:13.886000,73.886,3125.302,0.0
2024-03-01 16:38:41.075,0 days 00:52:05.402000,5137.704182056848,-769.5554909907778,-41.504231282683016,OnTrack,237.0,11150.5,100.0,0,8,6,4277.445096704412,0.7934967751965702,27,649.9072222222198,interpolation,0 days 00:01:13.986000,73.986,3125.402,0.0
2024-03-01 16:38:41.175,0 days 00:52:05.502000,5062.0,-810.0,-41.0,OnTrack,237.0,11236.0,100.0,0,8,6,4283.008333333334,0.7945287955322857,27,648.2849999999971,interpolation,0 days 00:01:14.086000,74.086,3125.502,0.0
2024-03-01 16:38:41.275,0 days 00:52:05.602000,5011.144038808987,-836.5647114083807,-40.91176755783635,OnTrack,242.5,11328.0,100.0,0,8,6,4291.227097771728,0.7960534353419213,27,645.718333333331,interpolation,0 days 00:01:14.186000,74.186,3125.602,0.0
2024-03-01 16:38:41.375,0 days 00:52:05.702000,4965.0,-861.0,-41.0,OnTrack,248.0,11420.0,100.0,0,8,6,4299.541666666667,0.7975958475660704,27,643.1516666666648,interpolation,0 days 00:01:14.286000,74.286,3125.702,0.0
2024-03-01 16:38:41.475,0 days 00:52:05.802000,4905.0,-894.0,-41.0,OnTrack,249.0,11493.0,100.0,0,8,6,4305.392316665226,0.7986811851453268,27,641.5738888888868,interpolation,0 days 00:01:14.386000,74.386,3125.802,0.0
2024-03-01 16:38:41.575,0 days 00:52:05.902000,4840.5544800920425,-929.2273005023518,-40.76078810905901,OnTrack,250.0,11566.0,100.0,0,8,6,4310.652777777778,0.7996570384489903,27,639.9961111111088,interpolation,0 days 00:01:14.486000,74.486,3125.902,0.0
2024-03-01 16:38:41.675,0 days 00:52:06.002000,4773.78383244353,-965.3817693997994,-40.3139525953191,OnTrack,252.0,11634.0,100.0,0,8,6,4317.196780014703,0.8008709978463602,27,638.1072222222197,interpolation,0 days 00:01:14.586000,74.586,3126.002,0.0
2024-03-01 16:38:41.775,0 days 00:52:06.102000,4708.0,-1001.0,-40.0,OnTrack,254.0,11702.0,100.0,0,8,6,4324.76388888889,0.8022747508702985,27,636.2183333333305,interpolation,0 days 00:01:14.686000,74.686,3126.102,0.0
2024-03-01 16:38:41.875,0 days 00:52:06.202000,4643.754970426191,-1035.8380924363348,-39.875681122739906,OnTrack,256.0,11322.0,100.0,0,8,6,4333.093669913236,0.8038199850536677,27,634.1183333333305,interpolation,0 days 00:01:14.786000,74.786,3126.202,0.0
2024-03-01 16:38:41.975,0 days 00:52:06.302000,4581.0,-1070.0,-40.0,OnTrack,258.0,10942.0,100.0,0,8,6,4342.044193767341,0.8054803714885572,27,632.0183333333304,interpolation,0 days 00:01:14.886000,74.886,3126.302,0.0
2024-03-01 16:38:42.075,0 days 00:52:06.402000,4519.686344999331,-1103.589675982192,-40.43196066824148,OnTrack,260.0,10562.0,100.0,0,8,6,4350.76388888889,0.8070979375363311,27,629.9183333333303,interpolation,0 days 00:01:14.986000,74.986,3126.402,0.0
2024-03-01 16:38:42.175,0 days 00:52:06.502000,4461.0,-1136.0,-41.0,OnTrack,261.3333333333333,10589.333333333334,100.0,0,8,6,4359.110827410832,0.8086463545586859,27,628.2294444444411,interpolation,0 days 00:01:15.086000,75.086,3126.502,0.0
2024-03-01 16:38:42.275,0 days 00:52:06.602000,4406.126959577829,-1166.6238516705134,-41.532554867811214,OnTrack,262.6666666666667,10616.666666666666,100.0,0,8,6,4367.034356272694,0.810116226049242,27,626.540555555552,interpolation,0 days 00:01:15.186000,75.186,3126.602,0.0
2024-03-01 16:38:42.375,0 days 00:52:06.702000,4359.0,-1193.0,-42.0,OnTrack,264.0,10644.0,100.0,0,8,6,4374.230555555557,0.8114511726810579,27,624.8516666666628,interpolation,0 days 00:01:15.286000,75.286,3126.702,0.0
2024-03-01 16:38:42.475,0 days 00:52:06.802000,4323.551897533695,-1212.6672139947282,-42.37271012489126,OnTrack,265.25,10691.5,100.0,0,8,6,4380.648771680256,0.8126417978515336,27,623.7183333333298,interpolation,0 days 00:01:15.386000,75.386,3126.802,0.0
2024-03-01 16:38:42.575,0 days 00:52:06.902000,4287.594664454538,-1232.4171550302024,-42.78024864993138,OnTrack,266.5,10739.0,100.0,0,8,7,4386.289004646791,0.8136881015606685,27,622.5849999999969,interpolation,0 days 00:01:15.486000,75.486,3126.902,0.0
2024-03-01 16:38:42.675,0 days 00:52:07.002000,4178.0,-1293.0,-44.0,OnTrack,267.75,10786.5,100.0,0,8,7,4391.877790845487,0.8147248615250091,27,621.4516666666639,interpolation,0 days 00:01:15.586000,75.586,3127.002,0.0
2024-03-01 16:38:42.775,0 days 00:52:07.102000,4001.0,-1391.0,-46.0,OnTrack,269.0,10834.0,100.0,0,8,7,4398.141666666667,0.8158868554611014,27,620.3183333333309,interpolation,0 days 00:01:15.686000,75.686,3127.102,0.0
2024-03-01 16:38:42.875,0 days 00:52:07.202000,3867.1164804848513,-1465.17196249579,-47.81107023206884,OnTrack,269.5,10867.5,100.0,0,8,7,4405.080632110334,0.8171740833689458,27,619.040555555553,interpolation,0 days 00:01:15.786000,75.786,3127.202,0.0
2024-03-01 16:38:42.975,0 days 00:52:07.302000,3794.769838438384,-1505.3083031356487,-49.27168013286243,OnTrack,270.0,10901.0,100.0,0,8,7,4413.141666666667,0.8186694631530432,27,617.7627777777752,interpolation,0 days 00:01:15.886000,75.886,3127.302,0.0
2024-03-01 16:38:43.075,0 days 00:52:07.402000,3774.6819887732536,-1516.5488992156513,-50.43980002592269,OnTrack,272.5,10962.5,100.0,0,8,7,4422.771749825852,0.8204559127178956,27,616.2294444444419,interpolation,0 days 00:01:15.986000,75.986,3127.402,0.0
2024-03-01 16:38:43.175,0 days 00:52:07.502000,3751.1847059872052,-1529.7328566157676,-51.663250071658936,OnTrack,275.0,11024.0,100.0,0,8,7,4431.475,0.822070428109861,27,614.6961111111086,interpolation,0 days 00:01:16.086000,76.086,3127.502,0.0
2024-03-01 16:38:43.275,0 days 00:52:07.602000,3715.0,-1550.0,-53.0,OnTrack,275.5,11069.5,100.0,0,8,7,4436.755535601225,0.823050005375297,27,613.7627777777752,interpolation,0 days 00:01:16.186000,76.186,3127.602,0.0
2024-03-01 16:38:43.375,0 days 00:52:07.702000,3666.127870811638,-1577.3503293683482,-54.45004981094593,OnTrack,276.0,11115.0,100.0,0,8,7,4443.741666666667,0.8243459828446045,27,612.8294444444418,interpolation,0 days 00:01:16.286000,76.286,3127.702,0.0
2024-03-01 16:38:43.475,0 days 00:52:07.802000,3604.56831842212,-1611.7838447208128,-56.01339950449666,OnTrack,278.0,11220.0,100.0,0,8,7,4456.0972222222235,0.8266380271064115,27,610.962777777775,interpolation,0 days 00:01:16.386000,76.386,3127.802,0.0
2024-03-01 16:38:43.575,0 days 00:52:07.902000,3534.224606821541,-1651.0754377128708,-57.82004944579907,OnTrack,279.0,11214.0,100.0,0,8,7,4465.035271211405,0.8282960993642952,27,609.8794444444411,interpolation,0 days 00:01:16.486000,76.486,3127.902,0.0
2024-03-01 16:38:43.675,0 days 00:52:08.002000,3459.0,-1693.0,-60.0,OnTrack,280.0,11208.0,100.0,0,8,7,4471.652777777779,0.8295236943424994,27,608.7961111111072,interpolation,0 days 00:01:16.586000,76.586,3128.002,0.0
2024-03-01 16:38:43.775,0 days 00:52:08.102000,3378.894497957497,-1737.5575315822002,-62.55325116709945,OnTrack,280.5,11256.25,100.0,0,8,7,4478.511202072514,0.8307959812889748,27,607.9484722222187,interpolation,0 days 00:01:16.686000,76.686,3128.102,0.0
2024-03-01 16:38:43.875,0 days 00:52:08.202000,3293.908100694032,-1784.7480324594717,-65.4798029470974,OnTrack,281.0,11304.5,100.0,0,8,7,4485.610544095613,0.8321129602037214,27,607.1008333333302,interpolation,0 days 00:01:16.786000,76.786,3128.202,0.0
2024-03-01 16:38:43.975,0 days 00:52:08.302000,3212.7176530835504,-1829.814517107007,-68.41645325354666,OnTrack,281.5,11352.75,100.0,0,8,7,4492.76141962646,0.8334394989541386,27,606.2531944444418,interpolation,0 days 00:01:16.886000,76.886,3128.302,0.0
2024-03-01 16:38:44.075,0 days 00:52:08.402000,3144.0,-1868.0,-71.0,OnTrack,282.0,11401.0,100.0,0,8,7,4499.774444444445,0.8347404654076254,27,605.4055555555533,interpolation,0 days 00:01:16.986000,76.986,3128.402,0.0
2024-03-01 16:38:44.175,0 days 00:52:08.502000,3087.75514144338,-1899.3044811384493,-73.23044318645742,OnTrack,283.3333333333333,11440.0,100.0,0,8,7,4506.649618549567,0.836015859564182,27,604.5499999999978,interpolation,0 days 00:01:17.086000,77.086,3128.502,0.0
2024-03-01 16:38:44.275,0 days 00:52:08.602000,3043.98307741369,-1923.7279605223562,-75.10778281291893,OnTrack,284.6666666666667,11479.0,100.0,0,8,7,4513.612771645176,0.8373075744551158,27,603.6944444444422,interpolation,0 days 00:01:17.186000,77.186,3128.602,0.0
2024-03-01 16:38:44.375,0 days 00:52:08.702000,3001.5944746771547,-1947.4124596450845,-76.93123103292096,OnTrack,286.0,11518.0,100.0,0,8,7,4522.01888888889,0.8388669695552309,27,602.8388888888867,interpolation,0 days 00:01:17.286000,77.286,3128.702,0.0
2024-03-01 16:38:44.475,0 days 00:52:08.802000,2949.5,-1976.5,-79.0,OnTrack,287.0,11544.0,100.0,0,8,7,4532.093802296567,0.840735938324821,27,601.7055555555535,interpolation,0 days 00:01:17.386000,77.386,3128.802,0.0
2024-03-01 16:38:44.575,0 days 00:52:08.902000,2887.699653382224,-2010.9905815871018,-81.31408971415601,OnTrack,288.0,11570.0,100.0,0,8,7,4541.2188888888895,0.8424287074009165,27,600.5722222222203,interpolation,0 days 00:01:17.486000,77.486,3128.902,0.0
2024-03-01 16:38:44.675,0 days 00:52:09.002000,2816.193434823827,-2050.8842044063895,-83.87350017538901,OnTrack,288.0,11588.0,100.0,0,8,7,4546.775525686537,0.8434595034205472,27,599.8611111111095,interpolation,0 days 00:01:17.586000,77.586,3129.002,0.0
2024-03-01 16:38:44.775,0 days 00:52:09.102000,2734.9654988535162,-2096.210725022483,-86.74616054892752,OnTrack,288.0,11606.0,100.0,0,8,7,4554.01888888889,0.8448031992980402,27,599.1499999999987,interpolation,0 days 00:01:17.686000,77.686,3129.102,0.0
2024-03-01 16:38:44.875,0 days 00:52:09.202000,2644.0,-2147.0,-90.0,OnTrack,289.0,11613.0,100.0,0,8,7,4566.863333333335,0.8471859359586956,27,597.6833333333316,interpolation,0 days 00:01:17.786000,77.786,3129.202,0.0
2024-03-01 16:38:44.975,0 days 00:52:09.302000,2543.2969382632773,-2203.2520293389416,-93.63501852860651,OnTrack,289.5,11642.5,100.0,0,8,7,4577.263889657754,0.8491153138272827,27,597.0083333333314,interpolation,0 days 00:01:17.886000,77.886,3129.302,0.0
2024-03-01 16:38:45.075,0 days 00:52:09.402000,2447.0,-2257.0,-97.0,OnTrack,290.0,11672.0,100.0,0,8,7,4583.879722770078,0.8503425983677465,27,596.3333333333312,interpolation,0 days 00:01:17.986000,77.986,3129.402,0.0
2024-03-01 16:38:45.175,0 days 00:52:09.502000,2369.25287156682,-2300.2770989438714,-99.44372827943354,OnTrack,290.5,11701.5,100.0,0,8,7,4589.262361164031,0.8513411164342767,27,595.658333333331,interpolation,0 days 00:01:18.086000,78.086,3129.502,0.0
2024-03-01 16:38:45.275,0 days 00:52:09.602000,2310.055552963737,-2333.083326170554,-100.9662033669071,OnTrack,291.0,11731.0,100.0,0,8,7,4595.963333333335,0.8525841948810629,27,594.9833333333308,interpolation,0 days 00:01:18.186000,78.186,3129.602,0.0
2024-03-01 16:38:45.375,0 days 00:52:09.702000,2259.0804578787847,-2361.34789031196,-102.00557677092709,OnTrack,292.0,11743.5,100.0,0,8,7,4603.982639277991,0.8540718337081052,27,594.288888888886,interpolation,0 days 00:01:18.286000,78.286,3129.702,0.0
2024-03-01 16:38:45.475,0 days 00:52:09.802000,2206.0,-2391.0,-103.0,OnTrack,293.0,11756.0,100.0,0,8,7,4612.241111111113,0.8556038395245406,27,593.5944444444413,interpolation,0 days 00:01:18.386000,78.386,3129.802,0.0
2024-03-01 16:38:45.575,0 days 00:52:09.902000,2149.0,-2423.0,-104.0,OnTrack,293.25,11525.0,100.0,0,8,7,4619.659580945817,0.8569800189395063,27,592.9833333333304,interpolation,0 days 00:01:18.486000,78.486,3129.902,0.0
2024-03-01 16:38:45.675,0 days 00:52:10.002000,2077.195326182714,-2463.10998840581,-105.30873999836561,OnTrack,293.5,11294.0,100.0,0,8,7,4626.238048782101,0.8582003719530018,27,592.3722222222195,interpolation,0 days 00:01:18.586000,78.586,3130.002,0.0
2024-03-01 16:38:45.775,0 days 00:52:10.102000,1992.8018376227976,-2510.119105646418,-106.86518979693082,OnTrack,293.75,11063.0,100.0,0,8,7,4633.984714449558,0.859637434051213,27,591.7611111111087,interpolation,0 days 00:01:18.686000,78.686,3130.102,0.0
2024-03-01 16:38:45.875,0 days 00:52:10.202000,1920.0,-2551.0,-108.0,OnTrack,294.0,10832.0,100.0,0,8,7,4644.907777777779,0.8616637407203248,27,591.1499999999978,interpolation,0 days 00:01:18.786000,78.786,3130.202,0.0
2024-03-01 16:38:45.975,0 days 00:52:10.302000,1862.8199115616464,-2583.5814350628916,-108.60161180377813,OnTrack,296.0,10429.0,100.0,0,8,7,4658.063333333334,0.8641041907257019,27,590.2166666666644,interpolation,0 days 00:01:18.886000,78.886,3130.302,0.0
2024-03-01 16:38:46.075,0 days 00:52:10.402000,1806.0,-2616.0,-109.0,OnTrack,296.25,10463.75,100.0,0,8,7,4667.7879775123,0.865908182038621,27,589.8166666666643,interpolation,0 days 00:01:18.986000,78.986,3130.402,0.0
2024-03-01 16:38:46.175,0 days 00:52:10.502000,1734.2786930073262,-2656.3922839762326,-109.5251393804005,OnTrack,296.5,10498.5,100.0,0,8,7,4673.137814546785,0.8669006152174739,27,589.4166666666642,interpolation,0 days 00:01:19.086000,79.086,3130.502,0.0
2024-03-01 16:38:46.275,0 days 00:52:10.602000,1662.0,-2697.0,-110.0,OnTrack,296.75,10533.25,100.0,0,8,8,4677.550410974544,0.8677191835348951,27,589.0166666666642,interpolation,0 days 00:01:19.186000,79.186,3130.602,0.0
2024-03-01 16:38:46.375,0 days 00:52:10.702000,1603.5079303943976,-2730.064861079712,-110.24755191381884,OnTrack,297.0,10568.0,100.0,0,8,8,4684.463333333335,0.8690015802635196,27,588.6166666666641,interpolation,0 days 00:01:19.286000,79.286,3130.702,0.0
2024-03-01 16:38:46.475,0 days 00:52:10.802000,1553.0376132477854,-2758.8573207777044,-110.26104736281204,OnTrack,297.5,10610.5,100.0,0,8,8,4693.876581623158,0.8707478054033475,27,588.0811111111084,interpolation,0 days 00:01:19.386000,79.386,3130.802,0.0
2024-03-01 16:38:46.575,0 days 00:52:10.902000,1476.0,-2803.0,-110.0,OnTrack,298.0,10653.0,100.0,0,8,8,4704.412777777779,0.8727023454342581,27,587.5455555555527,pos,0 days 00:01:19.486000,79.486,3130.902,0.0
2024-03-01 16:38:46.675,0 days 00:52:11.002000,1366.6302787402842,-2865.7633188196614,-109.45766213543445,OnTrack,298.0,10647.0,100.0,0,8,8,4714.694543730971,0.8746096868361313,27,587.1122222222198,interpolation,0 days 00:01:19.586000,79.586,3131.002,0.0
2024-03-01 16:38:46.775,0 days 00:52:11.102000,1260.0,-2927.0,-109.0,OnTrack,298.0,10641.0,100.0,0,8,8,4724.279444444445,0.8763877547329187,27,586.6788888888868,interpolation,0 days 00:01:19.686000,79.686,3131.102,0.0
2024-03-01 16:38:46.875,0 days 00:52:11.202000,1191.1807143105113,-2966.562766304327,-108.99297982458128,OnTrack,298.0,10638.333333333334,100.0,0,8,8,4732.725044879912,0.8779544742485719,27,586.4196296296274,interpolation,0 days 00:01:19.786000,79.786,3131.202,0.0
2024-03-01 16:38:46.975,0 days 00:52:11.302000,1138.0,-2997.0,-109.0,OnTrack,298.0,10635.666666666666,100.0,0,8,8,4740.171220770968,0.8793357933359055,27,586.160370370368,interpolation,0 days 00:01:19.886000,79.886,3131.302,0.0
2024-03-01 16:38:47.075,0 days 00:52:11.402000,1078.2854353966486,-3030.8600833543787,-108.58445891707784,OnTrack,298.0,10633.0,100.0,0,8,8,4747.457222222223,0.8806873989146896,27,585.9011111111085,interpolation,0 days 00:01:19.986000,79.986,3131.402,0.0
2024-03-01 16:38:47.175,0 days 00:52:11.502000,1018.0,-3065.0,-108.0,OnTrack,297.8,10596.2,81.0,0,8,8,4754.722923534954,0.8820352386720333,27,585.7788888888863,interpolation,0 days 00:01:20.086000,80.086,3131.502,0.0
2024-03-01 16:38:47.275,0 days 00:52:11.602000,963.1066733095968,-3096.276733569402,-107.50026667295181,OnTrack,297.6,10559.4,62.0,0,8,8,4761.968324709161,0.8833793126079366,27,585.656666666664,interpolation,0 days 00:01:20.186000,80.186,3131.602,0.0
2024-03-01 16:38:47.375,0 days 00:52:11.702000,913.605455325439,-3124.6902840625858,-107.08525893593324,OnTrack,297.4,10522.6,43.0,0,8,8,4769.200405566296,0.8847209155293906,27,585.5344444444418,interpolation,0 days 00:01:20.286000,80.286,3131.702,0.0
2024-03-01 16:38:47.475,0 days 00:52:11.802000,851.5515096785616,-3160.0086925244764,-106.87762173094804,OnTrack,297.2,10485.8,24.0,0,8,8,4776.461044820657,0.8860678162385638,27,585.4122222222195,interpolation,0 days 00:01:20.386000,80.386,3131.802,0.0
2024-03-01 16:38:47.575,0 days 00:52:11.902000,759.0,-3212.0,-107.0,OnTrack,297.0,10449.0,5.0,0,8,8,4783.757222222223,0.8874213095291889,27,585.2899999999972,interpolation,0 days 00:01:20.486000,80.486,3131.902,0.0
2024-03-01 16:38:47.675,0 days 00:52:12.002000,635.950926289754,-3280.6642064891566,-107.4523937430891,OnTrack,279.5,10029.0,2.5,0,8,8,4791.088937770997,0.8887813954012653,27,586.1511111111085,interpolation,0 days 00:01:20.586000,80.586,3132.002,0.0
2024-03-01 16:38:47.775,0 days 00:52:12.102000,524.0,-3343.0,-108.0,OnTrack,262.0,9609.0,0.0,1,8,8,4798.312777777779,0.8901214695858138,27,587.0122222222199,interpolation,0 days 00:01:20.686000,80.686,3132.102,0.0
2024-03-01 16:38:47.875,0 days 00:52:12.202000,464.7429325829148,-3376.006068540584,-108.4080158105174,OnTrack,254.0,9301.0,0.0,1,8,8,4805.285328553369,0.8914149278138547,27,588.3733333333307,interpolation,0 days 00:01:20.786000,80.786,3132.202,0.0
2024-03-01 16:38:47.975,0 days 00:52:12.302000,449.0341581036087,-3384.345837225144,-108.69807709052692,OnTrack,246.0,8993.0,0.0,1,8,8,4811.979444444446,0.8926567343718054,27,589.7344444444416,interpolation,0 days 00:01:20.886000,80.886,3132.302,0.0
2024-03-01 16:38:48.075,0 days 00:52:12.402000,422.0,-3396.0,-109.0,OnTrack,223.66666666666666,9116.666666666666,0.0,1,8,8,4818.3679797976865,0.8938418535460834,27,593.6344444444418,interpolation,0 days 00:01:20.986000,80.986,3132.402,0.0
2024-03-01 16:38:48.175,0 days 00:52:12.502000,374.49479868612445,-3415.632029733104,-109.33542067637518,OnTrack,201.33333333333334,9240.333333333334,0.0,1,8,8,4824.412171764536,0.8949630945499852,27,597.5344444444421,interpolation,0 days 00:01:21.086000,81.086,3132.502,0.0
2024-03-01 16:38:48.275,0 days 00:52:12.602000,310.84398376744537,-3441.3719544778573,-109.69247737584988,OnTrack,179.0,9364.0,0.0,1,8,8,4829.879444444446,0.8959773128841892,27,601.4344444444423,interpolation,0 days 00:01:21.186000,81.186,3132.602,0.0
2024-03-01 16:38:48.375,0 days 00:52:12.702000,257.0,-3462.0,-110.0,OnTrack,171.0,9591.0,0.0,1,8,8,4834.73103538579,0.8968773178356253,27,605.1288888888866,interpolation,0 days 00:01:21.286000,81.286,3132.702,0.0
2024-03-01 16:38:48.475,0 days 00:52:12.802000,217.28823269707942,-3475.646213501346,-110.24612692648661,OnTrack,163.0,9818.0,0.0,1,8,7,4838.935000000001,0.897657183453769,27,608.823333333331,interpolation,0 days 00:01:21.386000,81.386,3132.802,0.0
2024-03-01 16:38:48.575,0 days 00:52:12.902000,191.70868185868358,-3482.3105949818964,-110.4308581553097,OnTrack,159.5,10308.0,0.0,1,8,7,4842.459393698509,0.8983109837880957,27,611.9566666666642,interpolation,0 days 00:01:21.486000,81.486,3132.902,0.0
2024-03-01 16:38:48.675,0 days 00:52:13.002000,168.52479009094597,-3485.8196789714984,-110.65016030647794,OnTrack,156.0,10798.0,0.0,1,8,5,4845.868333333335,0.898943366564711,27,615.0899999999974,interpolation,0 days 00:01:21.586000,81.586,3133.002,0.0
2024-03-01 16:38:48.775,0 days 00:52:13.102000,136.0,-3490.0,-111.0,OnTrack,151.33333333333334,10615.333333333334,0.0,1,8,5,4849.725935756494,0.89965897950972,27,619.7418518518492,interpolation,0 days 00:01:21.686000,81.686,3133.102,0.0
2024-03-01 16:38:48.875,0 days 00:52:13.202000,94.13431158584567,-3494.851558067402,-111.48037723587589,OnTrack,146.66666666666666,10432.666666666666,0.0,1,8,5,4853.999248479103,0.9004517096998538,27,624.3937037037009,interpolation,0 days 00:01:21.786000,81.786,3133.202,0.0
2024-03-01 16:38:48.975,0 days 00:52:13.302000,52.0,-3499.0,-112.0,OnTrack,142.0,10250.0,0.0,1,8,5,4858.490555555557,0.901284879407708,27,629.0455555555527,interpolation,0 days 00:01:21.886000,81.886,3133.302,0.0
2024-03-01 16:38:49.075,0 days 00:52:13.402000,18.669340393980008,-3501.0709726240893,-112.46757627826682,OnTrack,139.5,10030.5,0.0,1,8,5,4863.166904159537,0.9021523756474169,27,634.4122222222195,interpolation,0 days 00:01:21.986000,81.986,3133.402,0.0
2024-03-01 16:38:49.175,0 days 00:52:13.502000,-16.0,-3500.0,-113.0,OnTrack,137.0,9811.0,0.0,1,8,5,4867.623888888891,0.9029791783134682,27,639.7788888888863,pos,0 days 00:01:22.086000,82.086,3133.502,0.0
2024-03-01 16:38:49.275,0 days 00:52:13.602000,-62.15035394972573,-3494.7226061880583,-113.7141650945232,OnTrack,134.5,9652.5,0.0,1,8,3,4871.457104341471,0.9036902673003494,27,644.3899999999971,interpolation,0 days 00:01:22.186000,82.186,3133.602,0.0
2024-03-01 16:38:49.375,0 days 00:52:13.702000,-107.0,-3486.0,-115.0,OnTrack,132.0,9494.0,0.0,1,8,3,4874.957222222224,0.9043395642961953,27,649.001111111108,interpolation,0 days 00:01:22.286000,82.286,3133.702,0.0
2024-03-01 16:38:49.475,0 days 00:52:13.802000,-139.0,-3475.0,-117.0,OnTrack,130.75,9527.0,1.7500000000000002,1,8,3,4878.414914236102,0.9049809909891409,27,653.2761111111081,interpolation,0 days 00:01:22.386000,82.386,3133.802,0.0
2024-03-01 16:38:49.575,0 days 00:52:13.902000,-165.5470159049977,-3464.1622522117,-118.22957376808016,OnTrack,129.5,9560.0,3.5000000000000004,1,8,3,4881.830180383107,0.9056145473791863,27,657.5511111111082,interpolation,0 days 00:01:22.486000,82.486,3133.902,0.0
2024-03-01 16:38:49.675,0 days 00:52:14.002000,-189.2093332351395,-3452.4274316605733,-118.59294111811339,OnTrack,128.25,9593.0,5.25,0,8,3,4884.983967449669,0.9061995975225304,27,661.8261111111083,interpolation,0 days 00:01:22.586000,82.586,3134.002,0.0
2024-03-01 16:38:49.775,0 days 00:52:14.102000,-218.0,-3431.0,-119.0,OnTrack,127.0,9626.0,7.0,0,8,3,4887.657222222224,0.9066955054753727,27,666.1011111111084,interpolation,0 days 00:01:22.686000,82.686,3134.102,0.0
2024-03-01 16:38:49.875,0 days 00:52:14.202000,-253.25451736338565,-3398.414041677723,-119.60239929561179,OnTrack,126.0,9519.5,24.0,0,8,3,4889.8499447007725,0.907102271237713,27,669.9455555555533,interpolation,0 days 00:01:22.786000,82.786,3134.202,0.0
2024-03-01 16:38:49.975,0 days 00:52:14.302000,-292.8445477138545,-3357.362153608752,-120.35644813985735,OnTrack,125.0,9413.0,41.0,0,8,3,4893.21277777778,0.9077261009168326,27,673.7899999999981,interpolation,0 days 00:01:22.886000,82.886,3134.302,0.0
2024-03-01 16:38:50.075,0 days 00:52:14.402000,-324.0,-3324.0,-121.0,OnTrack,126.0,9577.0,46.0,0,8,3,4898.812777777779,0.9087649411218242,27,681.478888888887,interpolation,0 days 00:01:22.986000,82.986,3134.402,0.0
2024-03-01 16:38:50.175,0 days 00:52:14.502000,-344.59251481609147,-3301.0202053388107,-121.48936356355156,OnTrack,128.0,9853.0,49.0,0,8,3,4903.148407365343,0.9095692315378086,27,685.8085185185167,interpolation,0 days 00:01:23.086000,83.086,3134.502,0.0
2024-03-01 16:38:50.275,0 days 00:52:14.602000,-354.62209216212904,-3288.4227696251846,-121.8245388305121,OnTrack,130.0,10129.0,52.0,0,8,3,4905.947591463593,0.9100885002846719,27,690.1381481481463,interpolation,0 days 00:01:23.186000,83.186,3134.602,0.0
2024-03-01 16:38:50.375,0 days 00:52:14.702000,-363.590623427102,-3274.3639490989653,-122.24744468221655,OnTrack,132.0,10405.0,55.0,0,8,3,4909.0794444444455,0.910669481497642,27,694.4677777777761,interpolation,0 days 00:01:23.286000,83.286,3134.702,0.0
2024-03-01 16:38:50.475,0 days 00:52:14.802000,-381.0,-3247.0,-123.0,OnTrack,134.0,10558.5,59.5,0,8,3,4912.855486964867,0.911369964495137,27,699.0005555555535,interpolation,0 days 00:01:23.386000,83.386,3134.802,0.0
2024-03-01 16:38:50.575,0 days 00:52:14.902000,-405.0,-3209.0,-124.0,OnTrack,136.0,10712.0,64.0,0,8,3,4916.5972222222235,0.9120640832490257,27,703.533333333331,interpolation,0 days 00:01:23.486000,83.486,3134.902,0.0
2024-03-01 16:38:50.675,0 days 00:52:15.002000,-424.48923530315466,-3176.3784971235887,-124.7542134537025,OnTrack,137.0,10777.0,70.5,0,8,3,4919.626153413885,0.9126259717311775,27,707.1111111111086,interpolation,0 days 00:01:23.586000,83.586,3135.002,0.0
2024-03-01 16:38:50.775,0 days 00:52:15.102000,-438.7969400188334,-3149.662570601984,-125.26058292352549,OnTrack,138.0,10842.0,77.0,0,8,3,4922.730555555557,0.9132018606163974,27,710.6888888888861,interpolation,0 days 00:01:23.686000,83.686,3135.102,0.0
2024-03-01 16:38:50.875,0 days 00:52:15.202000,-455.0,-3116.0,-126.0,OnTrack,142.66666666666666,11192.333333333334,84.66666666666667,0,8,3,4926.698703662954,0.9139379805794913,27,715.0148148148119,interpolation,0 days 00:01:23.786000,83.786,3135.202,0.0
2024-03-01 16:38:50.975,0 days 00:52:15.302000,-474.2779022611011,-3073.2487376111917,-127.05261369190941,OnTrack,147.33333333333334,11542.666666666666,92.33333333333333,0,8,3,4931.421200572861,0.9148140376612697,27,719.3407407407376,interpolation,0 days 00:01:23.886000,83.886,3135.302,0.0
2024-03-01 16:38:51.075,0 days 00:52:15.402000,-491.0,-3034.0,-128.0,OnTrack,152.0,11893.0,100.0,0,8,3,4936.241666666669,0.9157082687300281,27,723.6666666666633,interpolation,0 days 00:01:23.986000,83.986,3135.402,0.0
2024-03-01 16:38:51.175,0 days 00:52:15.502000,-499.5356464145601,-3010.8450037308667,-128.42373492501804,OnTrack,158.33333333333334,11605.666666666666,100.0,0,8,3,4941.050705901387,0.9166003800343864,27,727.4592592592559,interpolation,0 days 00:01:24.086000,84.086,3135.502,0.0
2024-03-01 16:38:51.275,0 days 00:52:15.602000,-507.0,-2986.0,-129.0,OnTrack,164.66666666666666,11318.333333333334,100.0,0,8,3,4945.93800273457,0.9175070086851077,27,731.2518518518485,interpolation,0 days 00:01:24.186000,84.186,3135.602,0.0
2024-03-01 16:38:51.375,0 days 00:52:15.702000,-520.508219251538,-2941.681240003608,-130.40497675798218,OnTrack,171.0,11031.0,100.0,0,8,3,4951.441666666668,0.9185279778578624,27,735.0444444444411,interpolation,0 days 00:01:24.286000,84.286,3135.702,0.0
2024-03-01 16:38:51.475,0 days 00:52:15.802000,-535.0,-2891.0,-132.0,OnTrack,175.5,11306.5,100.0,0,8,3,4957.651383073615,0.919679924833779,27,738.9777777777745,interpolation,0 days 00:01:24.386000,84.386,3135.802,0.0
2024-03-01 16:38:51.575,0 days 00:52:15.902000,-545.4150380762123,-2847.06755624749,-133.1464045270888,OnTrack,180.0,11582.0,100.0,0,8,3,4963.441666666669,0.9207540640114161,27,742.9111111111079,interpolation,0 days 00:01:24.486000,84.486,3135.902,0.0
2024-03-01 16:38:51.675,0 days 00:52:16.002000,-552.3072369028379,-2808.0562294525357,-133.9449287457146,OnTrack,183.5,11508.5,100.0,0,8,4,4967.687032157096,0.9215416097893339,27,745.3999999999965,interpolation,0 days 00:01:24.586000,84.586,3136.002,0.0
2024-03-01 16:38:51.775,0 days 00:52:16.102000,-559.0,-2763.0,-135.0,OnTrack,187.0,11435.0,100.0,0,8,4,4971.7527777777805,0.9222958347918402,27,747.888888888885,interpolation,0 days 00:01:24.686000,84.686,3136.102,0.0
2024-03-01 16:38:51.875,0 days 00:52:16.202000,-566.0472251184201,-2710.071207311679,-136.41235566485489,OnTrack,190.66666666666666,11211.333333333334,100.0,0,8,4,4977.004201761612,0.9232700116432442,27,750.8814814814777,interpolation,0 days 00:01:24.786000,84.786,3136.202,0.0
2024-03-01 16:38:51.975,0 days 00:52:16.302000,-572.0,-2648.0,-138.0,OnTrack,194.33333333333334,10987.666666666666,100.0,0,8,4,4983.251158232791,0.9244288669184392,27,753.8740740740704,interpolation,0 days 00:01:24.886000,84.886,3136.302,0.0
2024-03-01 16:38:52.075,0 days 00:52:16.402000,-575.4094123866414,-2575.5165266773884,-139.580937265156,OnTrack,198.0,10764.0,100.0,0,8,4,4989.35277777778,0.9255607611503852,27,756.8666666666631,interpolation,0 days 00:01:24.986000,84.986,3136.402,0.0
2024-03-01 16:38:52.175,0 days 00:52:16.502000,-577.0,-2505.0,-141.0,OnTrack,201.33333333333334,10931.333333333334,100.0,0,8,4,4995.118916467866,0.9266304212751744,27,759.1999999999965,interpolation,0 days 00:01:25.086000,85.086,3136.502,0.0
2024-03-01 16:38:52.275,0 days 00:52:16.602000,-577.4963005617312,-2448.829632623989,-142.10202074420917,OnTrack,204.66666666666666,11098.666666666666,100.0,0,8,5,5000.5368859321625,0.9276354935089113,27,761.5333333333298,interpolation,0 days 00:01:25.186000,85.186,3136.602,0.0
2024-03-01 16:38:52.375,0 days 00:52:16.702000,-576.875420757721,-2402.946841094244,-142.95867300194564,OnTrack,208.0,11266.0,100.0,0,8,5,5005.530555555558,0.9285618550759165,27,763.8666666666631,interpolation,0 days 00:01:25.286000,85.286,3136.702,0.0
2024-03-01 16:38:52.475,0 days 00:52:16.802000,-575.0,-2343.0,-144.0,OnTrack,210.25,11387.5,100.0,0,8,5,5010.087236837238,0.9294071521681918,27,765.9166666666631,interpolation,0 days 00:01:25.386000,85.386,3136.802,0.0
2024-03-01 16:38:52.575,0 days 00:52:16.902000,-571.8471447400252,-2264.930484326038,-145.29767597647478,OnTrack,212.5,11509.0,100.0,0,8,5,5014.206929777204,0.9301713847857376,27,767.9666666666631,interpolation,0 days 00:01:25.486000,85.486,3136.902,0.0
2024-03-01 16:38:52.675,0 days 00:52:17.002000,-567.6713968784843,-2173.6912632852177,-146.77813680641802,OnTrack,214.75,11630.5,100.0,0,8,5,5019.413435606346,0.9311372289969584,27,770.016666666663,interpolation,0 days 00:01:25.586000,85.586,3137.002,0.0
2024-03-01 16:38:52.775,0 days 00:52:17.102000,-564.0,-2099.0,-148.0,OnTrack,217.0,11752.0,100.0,0,8,5,5027.230555555558,0.932587360870259,27,772.066666666663,interpolation,0 days 00:01:25.686000,85.686,3137.102,0.0
2024-03-01 16:38:52.875,0 days 00:52:17.202000,-561.0874933987641,-2045.8096129650999,-148.88970218556148,OnTrack,222.0,11311.0,100.0,0,8,5,5037.097222222225,0.934417698374292,27,775.4888888888836,interpolation,0 days 00:01:25.786000,85.786,3137.202,0.0
2024-03-01 16:38:52.975,0 days 00:52:17.302000,-558.7628608776208,-2010.0166197819794,-149.48361840198385,OnTrack,224.4,11208.8,100.0,0,8,5,5045.647013954612,0.9360037461235615,27,777.2258333333282,interpolation,0 days 00:01:25.886000,85.886,3137.302,0.0
2024-03-01 16:38:53.075,0 days 00:52:17.402000,-556.0,-1967.0,-150.0,OnTrack,226.8,11106.6,100.0,0,8,5,5052.318857604746,0.9372414210209146,27,778.9627777777729,interpolation,0 days 00:01:25.986000,85.986,3137.402,0.0
2024-03-01 16:38:53.175,0 days 00:52:17.502000,-552.6278928175313,-1912.65622920075,-150.4752223909736,OnTrack,229.2,11004.4,100.0,0,8,5,5057.404575254348,0.9381848581576363,27,780.6997222222175,interpolation,0 days 00:01:26.086000,86.086,3137.502,0.0
2024-03-01 16:38:53.275,0 days 00:52:17.602000,-549.0,-1853.0,-151.0,OnTrack,231.6,10902.2,100.0,0,8,5,5062.655090429015,0.9391588664184152,27,782.4366666666622,interpolation,0 days 00:01:26.186000,86.186,3137.602,0.0
2024-03-01 16:38:53.375,0 days 00:52:17.702000,-545.4697822171921,-1794.0460050135232,-151.66504725217453,OnTrack,234.0,10800.0,100.0,0,8,5,5068.362222222225,0.940217580340196,27,784.1736111111068,interpolation,0 days 00:01:26.286000,86.286,3137.702,0.0
2024-03-01 16:38:53.475,0 days 00:52:17.802000,-542.0703093869027,-1736.4337222370195,-152.42414724685864,OnTrack,235.75,10899.0,100.0,0,8,5,5074.52597063398,0.9413609999229788,27,785.7569444444398,interpolation,0 days 00:01:26.386000,86.386,3137.802,0.0
2024-03-01 16:38:53.575,0 days 00:52:17.902000,-539.0,-1684.0,-153.0,OnTrack,237.5,10998.0,100.0,0,8,6,5081.14633566428,0.9425891251667639,27,787.3402777777728,interpolation,0 days 00:01:26.486000,86.486,3137.902,0.0
2024-03-01 16:38:53.675,0 days 00:52:18.002000,-536.2919236356447,-1637.384309749944,-153.34638908421869,OnTrack,239.25,11097.0,100.0,0,8,6,5088.069088417997,0.9438733455042241,27,788.9236111111059,interpolation,0 days 00:01:26.586000,86.586,3138.002,0.0
2024-03-01 16:38:53.775,0 days 00:52:18.102000,-532.0,-1564.0,-154.0,OnTrack,241.0,11196.0,100.0,0,8,6,5095.140000000003,0.945185050368033,27,790.5069444444389,pos,0 days 00:01:26.686000,86.686,3138.102,0.0
2024-03-01 16:38:53.875,0 days 00:52:18.202000,-524.1781487992292,-1431.2604192633178,-155.4975182478293,OnTrack,243.66666666666666,11280.666666666666,100.0,0,8,6,5102.359070410302,0.9465242397581909,27,791.9884259259206,interpolation,0 days 00:01:26.786000,86.786,3138.202,0.0
2024-03-01 16:38:53.975,0 days 00:52:18.302000,-516.0,-1291.0,-157.0,OnTrack,246.33333333333334,11365.333333333334,100.0,0,8,6,5109.729815840621,0.9478915659535077,27,793.4699074074024,interpolation,0 days 00:01:26.886000,86.886,3138.302,0.0
2024-03-01 16:38:54.075,0 days 00:52:18.402000,-510.63918356898074,-1195.053174670151,-157.6685014288056,OnTrack,249.0,11450.0,100.0,0,8,6,5117.273333333336,0.9492909426068094,27,794.9513888888841,interpolation,0 days 00:01:26.986000,86.986,3138.402,0.0
2024-03-01 16:38:54.175,0 days 00:52:18.502000,-508.0956995061713,-1143.4199432737705,-157.50302253424613,OnTrack,250.33333333333334,11518.0,100.0,0,8,6,5124.9931390441725,0.9507230219902272,27,796.2847222222172,interpolation,0 days 00:01:27.086000,87.086,3138.502,0.0
2024-03-01 16:38:54.275,0 days 00:52:18.602000,-507.0043656902762,-1116.8267402405045,-157.08603237256358,OnTrack,251.66666666666666,11586.0,100.0,0,8,6,5132.755967550456,0.9521630824110812,27,797.6180555555502,interpolation,0 days 00:01:27.186000,87.186,3138.602,0.0
2024-03-01 16:38:54.375,0 days 00:52:18.702000,-506.0,-1096.0,-157.0,OnTrack,253.0,11654.0,100.0,0,8,6,5139.762222222225,0.9534627929538392,27,798.9513888888832,interpolation,0 days 00:01:27.286000,87.286,3138.702,0.0
2024-03-01 16:38:54.475,0 days 00:52:18.802000,-505.08260243534266,-1080.9397225522562,-157.24492541655536,OnTrack,253.66666666666666,11669.333333333334,100.0,0,8,6,5145.878636272168,0.9545974316726704,27,799.884722222217,interpolation,0 days 00:01:27.386000,87.386,3138.802,0.0
2024-03-01 16:38:54.575,0 days 00:52:18.902000,-503.52898527780616,-1057.5216721042682,-157.73995894075048,OnTrack,254.33333333333334,11684.666666666666,100.0,0,8,6,5151.251907947192,0.9555942121455915,27,800.8180555555506,interpolation,0 days 00:01:27.486000,87.486,3138.902,0.0
2024-03-01 16:38:54.675,0 days 00:52:19.002000,-497.0,-941.0,-158.0,OnTrack,255.0,11700.0,100.0,0,8,6,5156.762222222225,0.9566164150047066,27,801.7513888888843,interpolation,0 days 00:01:27.586000,87.586,3139.002,0.0
2024-03-01 16:38:54.775,0 days 00:52:19.102000,-486.0,-740.0,-158.0,OnTrack,257.0,11281.0,100.0,0,8,6,5162.556275841998,0.9576912535493671,27,801.9069444444398,interpolation,0 days 00:01:27.686000,87.686,3139.102,0.0
2024-03-01 16:38:54.875,0 days 00:52:19.202000,-477.8943141205502,-591.0204160954592,-158.07477214547274,OnTrack,259.0,10862.0,100.0,0,8,6,5168.863692590112,0.958861324640006,27,802.0624999999951,interpolation,0 days 00:01:27.786000,87.786,3139.202,0.0
2024-03-01 16:38:54.975,0 days 00:52:19.302000,-473.9105034538659,-516.811155430703,-158.28011892291295,OnTrack,261.0,10443.0,100.0,0,8,6,5177.0622222222255,0.9603822107478013,27,802.2180555555506,interpolation,0 days 00:01:27.886000,87.886,3139.302,0.0
2024-03-01 16:38:55.075,0 days 00:52:19.402000,-473.3809523561871,-505.25995587907806,-158.58885593909227,OnTrack,263.0,10556.0,100.0,0,8,6,5187.381490873298,0.9622965091693806,27,800.8180555555505,interpolation,0 days 00:01:27.986000,87.986,3139.402,0.0
2024-03-01 16:38:55.175,0 days 00:52:19.502000,-472.29998747403545,-483.69361676808523,-158.8378776697418,OnTrack,265.0,10669.0,100.0,0,8,7,5197.673333333337,0.9642057198356176,27,799.4180555555504,interpolation,0 days 00:01:28.086000,88.086,3139.502,0.0
2024-03-01 16:38:55.275,0 days 00:52:19.602000,-470.0,-440.0,-159.0,OnTrack,266.0,10711.5,100.0,0,8,7,5205.789584392348,0.9657113426773867,27,797.7236111111051,interpolation,0 days 00:01:28.186000,88.186,3139.602,0.0
2024-03-01 16:38:55.375,0 days 00:52:19.702000,-466.48098993408087,-374.1791055748225,-159.0752229298668,OnTrack,267.0,10754.0,100.0,0,8,7,5212.506666666671,0.9669574096643159,27,796.0291666666599,interpolation,0 days 00:01:28.286000,88.286,3139.702,0.0
2024-03-01 16:38:55.475,0 days 00:52:19.802000,-461.74295727627793,-286.2309334925526,-159.0635464593422,OnTrack,268.0,10796.333333333334,100.0,0,8,7,5218.601002772645,0.9680879527660335,27,794.340277777771,interpolation,0 days 00:01:28.386000,88.386,3139.802,0.0
2024-03-01 16:38:55.575,0 days 00:52:19.902000,-457.1334459803361,-202.66729466400645,-159.02009675914653,OnTrack,269.0,10838.666666666666,100.0,0,8,7,5224.248729998943,0.9691356467141593,27,792.6513888888821,interpolation,0 days 00:01:28.486000,88.486,3139.902,0.0
2024-03-01 16:38:55.675,0 days 00:52:20.002000,-454.0,-150.0,-159.0,OnTrack,270.0,10881.0,100.0,0,8,7,5230.506666666671,0.970296538894646,27,790.9624999999933,interpolation,0 days 00:01:28.586000,88.586,3140.002,0.0
2024-03-01 16:38:55.775,0 days 00:52:20.102000,-452.0,-120.0,-159.0,OnTrack,270.5,10931.5,100.0,0,8,7,5237.550948260859,0.9716033037045253,27,787.9347222222154,interpolation,0 days 00:01:28.686000,88.686,3140.102,0.0
2024-03-01 16:38:55.875,0 days 00:52:20.202000,-449.0777194434175,-63.29274486354361,-159.00055956770046,OnTrack,271.0,10982.0,100.0,0,8,7,5245.562222222226,0.9730894525410024,27,784.9069444444376,interpolation,0 days 00:01:28.786000,88.786,3140.202,0.0
2024-03-01 16:38:55.975,0 days 00:52:20.302000,-444.0,38.0,-159.0,OnTrack,272.3333333333333,11016.0,100.0,0,8,7,5254.721135991494,0.974788496801282,27,780.0736111111042,interpolation,0 days 00:01:28.886000,88.886,3140.302,0.0
2024-03-01 16:38:56.075,0 days 00:52:20.402000,-435.87630618320463,193.52733541483013,-158.99989880904332,OnTrack,273.6666666666667,11050.0,100.0,0,10,7,5264.647728562097,0.9766299509907309,27,775.240277777771,interpolation,0 days 00:01:28.986000,88.986,3140.402,1.0
2024-03-01 16:38:56.175,0 days 00:52:20.502000,-428.0,343.0,-159.0,OnTrack,275.0,11084.0,100.0,0,10,7,5273.062222222226,0.9781908999762291,27,770.4069444444376,interpolation,0 days 00:01:29.086000,89.086,3140.502,1.0
2024-03-01 16:38:56.275,0 days 00:52:20.602000,-423.66444345735476,426.12873237456284,-159.00004757803956,OnTrack,276.3333333333333,11167.666666666666,100.0,0,10,7,5279.5846520745035,0.9794008575413689,27,766.8513888888823,interpolation,0 days 00:01:29.186000,89.186,3140.602,1.0
2024-03-01 16:38:56.375,0 days 00:52:20.702000,-422.86963655526915,442.9135325385189,-159.00004154316207,OnTrack,277.6666666666667,11251.333333333334,100.0,0,14,7,5284.738231223347,0.9803568834734089,27,763.2958333333269,interpolation,0 days 00:01:29.286000,89.286,3140.702,1.0
2024-03-01 16:38:56.475,0 days 00:52:20.802000,-422.64001137554885,448.4915664332154,-159.00001473670352,OnTrack,279.0,11335.0,100.0,0,14,7,5291.662222222226,0.9816413335142369,27,759.7402777777716,interpolation,0 days 00:01:29.386000,89.386,3140.802,1.0
2024-03-01 16:38:56.575,0 days 00:52:20.902000,-420.0,498.0,-159.0,OnTrack,281.0,11383.5,100.0,0,14,7,5300.87983281789,0.9833512664572249,27,753.9069444444376,interpolation,0 days 00:01:29.486000,89.486,3140.902,1.0
2024-03-01 16:38:56.675,0 days 00:52:21.002000,-414.9496024286226,591.4388332388727,-158.99999733305145,OnTrack,283.0,11432.0,100.0,0,12,7,5310.528888888894,0.985141235633435,27,748.0736111111037,interpolation,0 days 00:01:29.586000,89.586,3141.002,1.0
2024-03-01 16:38:56.775,0 days 00:52:21.102000,-409.0,702.0,-159.0,OnTrack,283.6666666666667,11446.666666666666,100.0,0,12,7,5318.747216313794,0.9866657943739301,27,743.1476851851779,interpolation,0 days 00:01:29.686000,89.686,3141.102,1.0
2024-03-01 16:38:56.875,0 days 00:52:21.202000,-403.6623740527158,802.8754341335483,-159.0000012649877,OnTrack,284.3333333333333,11461.333333333334,100.0,0,12,7,5325.735244445153,0.9879621237625849,27,738.221759259252,interpolation,0 days 00:01:29.786000,89.786,3141.202,1.0
2024-03-01 16:38:56.975,0 days 00:52:21.302000,-398.93672458676986,894.0651356395178,-159.00000112801453,OnTrack,285.0,11476.0,100.0,0,12,7,5332.69555555556,0.9892533114448601,27,733.2958333333263,interpolation,0 days 00:01:29.886000,89.886,3141.302,1.0
2024-03-01 16:38:57.075,0 days 00:52:21.402000,-394.9927128274389,971.9722693257282,-159.00000042703408,OnTrack,285.6666666666667,11526.666666666666,100.0,0,12,7,5339.8285810499865,0.9905765388853673,27,728.0774999999925,interpolation,0 days 00:01:29.986000,89.986,3141.402,1.0
2024-03-01 16:38:57.175,0 days 00:52:21.502000,-392.0,1033.0,-159.0,OnTrack,286.3333333333333,11577.333333333334,100.0,0,12,7,5347.170463314538,0.9919385107562121,27,722.8591666666586,interpolation,0 days 00:01:30.086000,90.086,3141.502,1.0
2024-03-01 16:38:57.275,0 days 00:52:21.602000,-389.9585861044528,1077.1483276623326,-158.9999998469122,OnTrack,287.0,11628.0,100.0,0,12,7,5354.938055555561,0.9933794548840613,27,717.6408333333247,interpolation,0 days 00:01:30.186000,90.186,3141.602,1.0
2024-03-01 16:38:57.375,0 days 00:52:21.702000,-388.45406643207764,1112.4386944937567,-158.99999992748465,OnTrack,288.25,11627.5,100.0,0,12,7,5363.167499789062,0.9949060758723643,27,717.6408333333247,interpolation,0 days 00:01:30.286000,90.286,3141.702,1.0
2024-03-01 16:38:57.475,0 days 00:52:21.802000,-385.0,1187.0,-159.0,OnTrack,289.5,11627.0,100.0,0,12,7,5371.858796015045,0.9965183737211221,27,717.6408333333247,interpolation,0 days 00:01:30.386000,90.386,3141.802,1.0
2024-03-01 16:38:57.575,0 days 00:52:21.902000,-379.1819778559741,1308.8537685020808,-159.00000002417178,OnTrack,290.75,11626.5,100.0,0,12,7,5381.011944233507,0.9982163484303338,27,717.6408333333247,interpolation,0 days 00:01:30.486000,90.486,3141.902,1.0
2024-03-01 16:38:57.618,0 days 00:52:21.945000,-375.9534459614989,1375.7906293408696,-159.00000001970471,OnTrack,291.2874976,11626.28500096,100.0,0,12,7,5385.08977595959,0.9989728154921633,27,717.6408333333247,interpolation,0 days 00:01:30.529000,90.529,3141.945,1.0
