Date,SessionTime,X,Y,Z,Status,Speed,RPM,Throttle,Brake,DRS,nGear,Distance,RelativeDistance,DriverAhead,DistanceToDriverAhead,Source,Time,TimeSeconds,SessionTimeSeconds,DRSActive
2024-03-01 16:59:32.452,0 days 01:12:56.779000,-378.6681308693735,1306.8895157684572,-159.0538557727633,OnTrack,293.8800003072,10808.99956992,100.0,0,12,7,0.9235630285429032,0.0001708973933503344,,58.715555555555554,interpolation,0 days 00:00:00,0.0,4376.779,1.0
2024-03-01 16:59:32.476,0 days 01:12:56.803000,-378.0,1321.0,-159.0,OnTrack,294.0,10641.0,100.0,0,12,7,3.1483333333333334,0.0005825719993507103,,58.715555555555554,interpolation,0 days 00:00:00.024000,0.024,4376.803,1.0
2024-03-01 16:59:32.576,0 days 01:12:56.903000,-375.31323275325633,1379.1016646287758,-158.67478541701558,OnTrack,296.00000341333043,10658.666696817752,100.0,0,12,7,13.19488278298814,0.0024415995481472733,,58.715555555555554,interpolation,0 days 00:00:00.124000,0.124,4376.903,1.0
2024-03-01 16:59:32.676,0 days 01:12:57.003000,-372.51535348155846,1441.092235229229,-158.23845989869366,OnTrack,297.99999658666957,10676.333303182248,100.0,0,12,8,24.06136073494982,0.004452347812744858,,58.715555555555554,interpolation,0 days 00:00:00.224000,0.224,4377.003,1.0
2024-03-01 16:59:32.776,0 days 01:12:57.103000,-368.0,1537.0,-158.0,OnTrack,300.0,10694.0,100.0,0,12,8,33.14833333333334,0.0061338139201092,,58.715555555555554,interpolation,0 days 00:00:00.324000,0.324,4377.103,1.0
2024-03-01 16:59:32.876,0 days 01:12:57.203000,-362.0,1662.0,-158.0,OnTrack,300.0,10727.99991296,100.0,0,12,8,40.0224537034098,0.0074058107589994775,,58.64888905955555,interpolation,0 days 00:00:00.424000,0.424,4377.203,1.0
2024-03-01 16:59:32.976,0 days 01:12:57.303000,-357.5186582134709,1757.11464909438,-158.17305093497245,OnTrack,300.0,10762.0,100.0,0,12,8,46.481666666666676,0.008601032551557418,,58.58222222222221,interpolation,0 days 00:00:00.524000,0.524,4377.303,1.0
2024-03-01 16:59:33.076,0 days 01:12:57.403000,-355.0565228662493,1812.5143999214538,-158.50825136677943,OnTrack,301.99999488,10798.99990528,100.0,0,12,8,54.323780511211844,0.010052148255597406,27,58.4155559822222,interpolation,0 days 00:00:00.624000,0.624,4377.403,1.0
2024-03-01 16:59:33.176,0 days 01:12:57.503000,-353.06612608590297,1862.1569507878005,-158.83932611519666,OnTrack,304.0,10836.0,100.0,0,12,8,63.37055555555556,0.011726176151391826,27,58.248888888888864,interpolation,0 days 00:00:00.724000,0.724,4377.503,1.0
2024-03-01 16:59:33.276,0 days 01:12:57.603000,-350.0,1940.0,-159.0,OnTrack,305.49999616,10851.99995904,100.0,0,12,8,73.44357917600911,0.013590102517746897,27,57.94888965688887,pos,0 days 00:00:00.824000,0.824,4377.603,1.0
2024-03-01 16:59:33.376,0 days 01:12:57.703000,-346.0,2042.0,-159.0,OnTrack,307.0,10868.0,100.0,0,12,8,83.83722222222222,0.015513356750664838,27,57.64888888888888,interpolation,0 days 00:00:00.924000,0.924,4377.703,1.0
2024-03-01 16:59:33.476,0 days 01:12:57.803000,-341.917262792474,2143.8955412212813,-158.89768828687383,OnTrack,307.77777600790074,10901.888811772818,100.0,0,12,8,93.84564596520136,0.017365329465422852,27,57.22296393218134,interpolation,0 days 00:00:01.024000,1.024,4377.803,1.0
2024-03-01 16:59:33.576,0 days 01:12:57.903000,-337.8936452214885,2241.643034699653,-158.7027919390368,OnTrack,308.55555599802483,10935.777797056795,100.0,0,12,8,103.4689528914634,0.01914603962626923,27,56.79703679473244,interpolation,0 days 00:00:01.124000,1.124,4377.903,1.0
2024-03-01 16:59:33.676,0 days 01:12:58.003000,-333.9291472870435,2335.242480435116,-158.415310956489,OnTrack,309.33333200592557,10969.666608829613,100.0,0,12,8,112.7070444585977,0.02085546899877861,27,56.3711118380249,interpolation,0 days 00:00:01.224000,1.224,4378.003,1.0
2024-03-01 16:59:33.776,0 days 01:12:58.103000,-330.02376898913894,2424.693878427669,-158.03524533923036,OnTrack,310.11111199604966,11003.555594113592,100.0,0,12,8,121.56001526490405,0.022493635087552574,27,55.945184700576,interpolation,0 days 00:00:01.324000,1.324,4378.103,1.0
2024-03-01 16:59:33.876,0 days 01:12:58.203000,-326.115419567592,2512.5585416167633,-157.71327405456793,OnTrack,310.88888800395034,11037.444405886408,100.0,0,12,8,130.0775822875704,0.02406973759152243,27,55.51925974386847,interpolation,0 days 00:00:01.424000,1.424,4378.203,1.0
2024-03-01 16:59:33.976,0 days 01:12:58.303000,-322.14200826221986,2601.397782941849,-157.60007606980875,OnTrack,311.66666799407443,11071.333391170387,100.0,0,12,8,138.5586810851303,0.02563909196415939,27,55.093332606419565,interpolation,0 days 00:00:01.524000,1.524,4378.303,1.0
2024-03-01 16:59:34.076,0 days 01:12:58.403000,-318.10353507302256,2691.2116024029287,-157.69565138495278,OnTrack,312.44444400197517,11105.222202943205,100.0,0,12,8,147.0530324427313,0.027210898609024946,27,54.667407649712025,interpolation,0 days 00:00:01.624000,1.624,4378.403,1.0
2024-03-01 16:59:34.176,0 days 01:12:58.503000,-314.0,2782.0,-158.0,OnTrack,313.22222399209926,11139.111188227182,100.0,0,12,8,155.56072334275405,0.02878517362146033,27,54.24148051226313,interpolation,0 days 00:00:01.724000,1.724,4378.503,1.0
2024-03-01 16:59:34.276,0 days 01:12:58.603000,-309.8314030431522,2873.7629757330633,-158.51312191495046,OnTrack,314.0,11173.0,100.0,0,12,8,164.08166666666665,0.030361900880930687,27,53.81555555555559,interpolation,0 days 00:00:01.824000,1.824,4378.603,1.0
2024-03-01 16:59:34.376,0 days 01:12:58.703000,-306.0,2957.0,-159.0,OnTrack,314.50000128,11184.50002944,100.0,0,12,8,172.61594966915433,0.031941096533164896,27,53.37333220124447,interpolation,0 days 00:00:01.924000,1.924,4378.703,1.0
2024-03-01 16:59:34.476,0 days 01:12:58.803000,-302.9080466680643,3022.210543198691,-159.2256171253445,OnTrack,315.0,11196.0,100.0,0,12,8,181.49416666666664,0.03358393421243759,27,52.931111111111136,interpolation,0 days 00:00:02.024000,2.024,4378.803,1.0
2024-03-01 16:59:34.576,0 days 01:12:58.903000,-300.555543047345,3069.3946053291356,-159.18997329098394,OnTrack,315.6666678044435,11221.666710471074,100.0,0,12,8,191.04709027966868,0.0353516205466476,27,52.13110974577896,interpolation,0 days 00:00:02.124000,2.124,4378.903,1.0
2024-03-01 16:59:34.676,0 days 01:12:59.003000,-297.6752679029532,3130.1313647950124,-159.0593428111314,OnTrack,316.3333321955565,11247.333289528926,100.0,0,12,8,200.9962996784067,0.03719263615640358,27,51.33111247644328,interpolation,0 days 00:00:02.224000,2.224,4379.003,1.0
2024-03-01 16:59:34.776,0 days 01:12:59.103000,-293.0,3236.0,-159.0,OnTrack,317.0,11273.0,100.0,0,12,8,209.67194444444442,0.03879798958689816,27,50.5311111111111,pos,0 days 00:00:02.324000,2.324,4379.103,1.0
2024-03-01 16:59:34.876,0 days 01:12:59.203000,-287.0,3377.0,-159.0,OnTrack,317.49999872,11293.49994752,100.0,0,12,8,216.79561273134055,0.04011616312102469,27,49.68666882844444,interpolation,0 days 00:00:02.424000,2.424,4379.203,1.0
2024-03-01 16:59:34.976,0 days 01:12:59.303000,-282.4968174256831,3493.1286063450707,-158.98767403253828,OnTrack,318.0,11314.0,100.0,0,12,8,222.36737748564514,0.04114717025691469,27,48.84222222222222,interpolation,0 days 00:00:02.524000,2.524,4379.303,1.0
2024-03-01 16:59:35.076,0 days 01:12:59.403000,-279.0,3589.0,-159.0,OnTrack,318.49999872,11334.49994752,100.0,0,12,8,228.680278313132,0.04231531824741922,27,47.997779939555556,interpolation,0 days 00:00:02.624000,2.624,4379.403,1.0
2024-03-01 16:59:35.176,0 days 01:12:59.503000,-275.5488395998314,3679.2287704689697,-159.08590054004554,OnTrack,319.0,11355.0,100.0,0,12,8,238.0275,0.04404494120977804,27,47.153333333333336,interpolation,0 days 00:00:02.724000,2.724,4379.503,1.0
2024-03-01 16:59:35.276,0 days 01:12:59.603000,-272.2785044781013,3761.286193359626,-159.1922171003511,OnTrack,319.99999744,11371.49995776,100.0,0,12,8,250.40894683094422,0.04633602143269737,27,45.28667144533331,interpolation,0 days 00:00:02.824000,2.824,4379.603,1.0
2024-03-01 16:59:35.376,0 days 01:12:59.703000,-270.0,3820.0,-159.0,OnTrack,321.0,11388.0,100.0,0,12,8,262.9941666666667,0.04866480809716483,27,43.41999999999996,interpolation,0 days 00:00:02.924000,2.924,4379.703,1.0
2024-03-01 16:59:35.476,0 days 01:12:59.803000,-268.84849303433595,3852.8414918917447,-158.45609123100937,OnTrack,321.0,11391.99998976,100.0,0,12,8,272.95245170926376,0.0505075030767424,27,41.89222613333327,interpolation,0 days 00:00:03.024000,3.024,4379.803,1.0
2024-03-01 16:59:35.576,0 days 01:12:59.903000,-265.0,3962.0,-158.0,OnTrack,321.0,11396.0,100.0,0,12,8,280.82750000000004,0.051964713016726824,27,40.36444444444436,interpolation,0 days 00:00:03.124000,3.124,4379.903,1.0
2024-03-01 16:59:35.676,0 days 01:13:00.003000,-256.0,4212.0,-158.0,OnTrack,321.24999936,11398.74999296,100.0,0,12,8,287.1628269667601,0.05313701077137983,27,38.986670193777705,interpolation,0 days 00:00:03.224000,3.224,4380.003,1.0
2024-03-01 16:59:35.776,0 days 01:13:00.103000,-250.06522706928743,4376.8535172126985,-158.02868033780047,OnTrack,321.5,11401.5,100.0,0,12,8,291.9584974834616,0.0540244083450618,27,37.60888888888883,interpolation,0 days 00:00:03.324000,3.324,4380.103,1.0
2024-03-01 16:59:35.876,0 days 01:13:00.203000,-248.5651298687531,4418.896082034331,-158.01480622925658,OnTrack,321.74999936,11404.24999296,100.0,0,12,8,298.34418817755386,0.05520602547419655,27,36.231114638222174,interpolation,0 days 00:00:03.424000,3.424,4380.203,1.0
2024-03-01 16:59:35.976,0 days 01:13:00.303000,-248.53246773384217,4419.990605838797,-157.9935290060844,OnTrack,322.0,11407.0,100.0,0,12,8,309.44972222222225,0.05726100901223566,27,34.853333333333296,interpolation,0 days 00:00:03.524000,3.524,4380.303,1.0
2024-03-01 16:59:36.076,0 days 01:13:00.403000,-247.0,4462.0,-158.0,OnTrack,322.0,11448.0,100.0,0,12,8,323.7608333333334,0.05990915700999008,27,31.964444444444325,interpolation,0 days 00:00:03.624000,3.624,4380.403,1.0
2024-03-01 16:59:36.176,0 days 01:13:00.503000,-243.96772666722657,4544.924264517941,-158.03421921100343,OnTrack,322.0,11448.0,100.0,0,12,8,332.1926751495696,0.06146939680197323,27,30.40888490666656,interpolation,0 days 00:00:03.724000,3.724,4380.503,1.0
2024-03-01 16:59:36.276,0 days 01:13:00.603000,-239.72411947518134,4661.372551429272,-158.07553075922573,OnTrack,322.0,11448.0,100.0,0,12,8,338.07194444444445,0.0625573050077445,27,28.85333333333324,interpolation,0 days 00:00:03.824000,3.824,4380.603,1.0
2024-03-01 16:59:36.376,0 days 01:13:00.703000,-236.0,4767.0,-158.0,OnTrack,322.0,11441.99998464,100.0,0,12,8,346.23963710102913,0.06406866627011464,27,26.787494711466575,pos,0 days 00:00:03.924000,3.924,4380.703,1.0
2024-03-01 16:59:36.476,0 days 01:13:00.803000,-233.08383702740653,4854.415837948675,-157.78697126497246,OnTrack,322.0,11436.0,100.0,0,12,8,356.0502777777778,0.06588404092992349,27,24.72166666666658,interpolation,0 days 00:00:04.024000,4.024,4380.803,1.0
2024-03-01 16:59:36.576,0 days 01:13:00.903000,-230.90058852576936,4924.329764855084,-157.44217566041291,OnTrack,322.0,11443.5000192,100.0,0,12,8,366.8585752313008,0.06788402339379095,27,22.08832659199992,interpolation,0 days 00:00:04.124000,4.124,4380.903,1.0
2024-03-01 16:59:36.676,0 days 01:13:01.003000,-229.0,4981.0,-157.0,OnTrack,322.0,11451.0,100.0,0,12,8,377.5169444444444,0.0698562629265551,27,19.454999999999927,interpolation,0 days 00:00:04.224000,4.224,4381.003,1.0
2024-03-01 16:59:36.776,0 days 01:13:01.103000,-227.30702865003238,5025.136250230568,-156.4661754486903,OnTrack,322.0,11451.333333902221,100.0,0,12,8,386.8780202186955,0.07158844946860242,27,17.199440594966163,interpolation,0 days 00:00:04.324000,4.324,4381.103,1.0
2024-03-01 16:59:36.876,0 days 01:13:01.203000,-225.5390137913323,5067.648908793177,-155.8269708847951,OnTrack,322.0,11451.666666097779,100.0,0,12,8,395.03651743158605,0.07309810919322207,27,14.943892738366984,interpolation,0 days 00:00:04.424000,4.424,4381.203,1.0
2024-03-01 16:59:36.976,0 days 01:13:01.303000,-222.0,5174.0,-155.0,OnTrack,322.0,11452.0,100.0,0,12,8,402.56138888888887,0.07449052192262534,27,12.688333333333219,interpolation,0 days 00:00:04.524000,4.524,4381.303,1.0
2024-03-01 16:59:37.076,0 days 01:13:01.403000,-217.0,5335.0,-154.0,OnTrack,322.49999872,11447.50001152,100.0,0,12,8,409.5473682708203,0.07578321730937643,27,10.643894122666545,interpolation,0 days 00:00:04.624000,4.624,4381.403,1.0
2024-03-01 16:59:37.176,0 days 01:13:01.503000,-214.09501866896522,5430.050694003654,-152.9977791309214,OnTrack,323.0,11443.0,100.0,0,12,8,416.9169444444444,0.07714689398248459,27,8.599444444444316,interpolation,0 days 00:00:04.724000,4.724,4381.503,1.0
2024-03-01 16:59:37.276,0 days 01:13:01.603000,-212.0,5496.0,-152.0,OnTrack,322.50000128,11437.00001536,100.0,0,12,8,425.5924592759285,0.0787522233697078,27,6.016117724444307,interpolation,0 days 00:00:04.824000,4.824,4381.603,1.0
2024-03-01 16:59:37.376,0 days 01:13:01.703000,-208.83722354105566,5589.7954355326965,-150.98485731920667,OnTrack,322.0,11431.0,100.0,0,12,8,434.80583333333334,0.08045707897967762,27,3.4327777777776305,interpolation,0 days 00:00:04.924000,4.924,4381.703,1.0
2024-03-01 16:59:37.476,0 days 01:13:01.803000,-204.7946457944405,5706.778685233956,-149.96318653574806,OnTrack,322.0,11435.24998912,100.0,0,12,8,443.78880400252064,0.0821193004247355,27,88.15117200924443,interpolation,0 days 00:00:05.024000,5.024,4381.803,1.0
2024-03-01 16:59:37.576,0 days 01:13:01.903000,-201.0,5819.0,-149.0,OnTrack,322.0,11439.5,100.0,0,12,8,452.5414632693405,0.0837389047260717,27,172.87000000000012,interpolation,0 days 00:00:05.124000,5.124,4381.903,1.0
2024-03-01 16:59:37.676,0 days 01:13:02.003000,-197.64124073537778,5921.8011121639465,-148.10613304821467,OnTrack,322.0,11443.74998912,100.0,0,12,8,461.37070621704623,0.08537268017873385,27,257.5883942314669,interpolation,0 days 00:00:05.224000,5.224,4382.003,1.0
2024-03-01 16:59:37.776,0 days 01:13:02.103000,-194.7183680005738,6015.182021725797,-147.28158568039214,OnTrack,322.0,11448.0,100.0,0,12,8,470.58361111111105,0.08707744897406366,27,342.3072222222226,interpolation,0 days 00:00:05.324000,5.324,4382.103,1.0
2024-03-01 16:59:37.876,0 days 01:13:02.203000,-192.4363112654829,6090.971920424748,-146.5662454723735,OnTrack,321.75000064,11382.75016704,100.0,0,12,8,480.1800836116306,0.08885319365527333,27,337.96834444088927,interpolation,0 days 00:00:05.424000,5.424,4382.203,1.0
2024-03-01 16:59:37.976,0 days 01:13:02.303000,-191.0,6141.0,-146.0,OnTrack,321.5,11317.5,100.0,0,12,8,490.16022198673454,0.09069993240603492,16,333.6294444444448,interpolation,0 days 00:00:05.524000,5.524,4382.303,1.0
2024-03-01 16:59:38.076,0 days 01:13:02.403000,-190.409434204125,6165.266260451552,-145.58284926327167,OnTrack,321.25000064,11252.25016704,100.0,0,12,8,500.16033803869374,0.09255036785403777,16,329.29056666311146,interpolation,0 days 00:00:05.624000,5.624,4382.403,1.0
2024-03-01 16:59:38.176,0 days 01:13:02.503000,-188.0,6247.0,-145.0,OnTrack,321.0,11187.0,100.0,0,12,8,509.8169444444444,0.09433723979710004,16,324.951666666667,interpolation,0 days 00:00:05.724000,5.724,4382.503,1.0
2024-03-01 16:59:38.276,0 days 01:13:02.603000,-182.0,6443.0,-144.0,OnTrack,321.0,11324.99964672,100.0,0,12,8,519.1299423205903,0.0960605299376999,16,321.17389856000034,interpolation,0 days 00:00:05.824000,5.824,4382.603,1.0
2024-03-01 16:59:38.376,0 days 01:13:02.703000,-177.7669057152215,6594.6839711986,-142.96289362946177,OnTrack,321.0,11463.0,100.0,0,12,8,527.6502777777778,0.09763714471666203,16,317.3961111111115,interpolation,0 days 00:00:05.924000,5.924,4382.703,1.0
2024-03-01 16:59:38.476,0 days 01:13:02.803000,-175.82916143380828,6684.30913163729,-141.95564541671075,OnTrack,321.0,11424.50009856,100.0,0,12,8,534.9287143133078,0.09898395678378252,16,314.48500745244485,interpolation,0 days 00:00:06.024000,6.024,4382.803,1.0
2024-03-01 16:59:38.576,0 days 01:13:02.903000,-174.0,6764.0,-141.0,OnTrack,321.0,11386.0,100.0,0,12,8,541.9169444444444,0.10027706865231163,16,311.5738888888893,interpolation,0 days 00:00:06.124000,6.124,4382.903,1.0
2024-03-01 16:59:38.676,0 days 01:13:03.003000,-171.91496208720807,6842.443951587871,-140.09958146714962,OnTrack,321.333332764444,11356.666716728932,100.0,0,12,8,549.5665145977614,0.10169255580267418,16,308.51463485077034,interpolation,0 days 00:00:06.224000,6.224,4383.003,1.0
2024-03-01 16:59:38.776,0 days 01:13:03.103000,-169.57404769543254,6919.640986400904,-139.2543898181596,OnTrack,321.666667235556,11327.333283271068,100.0,0,12,8,557.8898991926699,0.10323272651886921,16,305.4553651492306,interpolation,0 days 00:00:06.324000,6.324,4383.103,1.0
2024-03-01 16:59:38.876,0 days 01:13:03.203000,-167.44610945594073,6990.017528013485,-138.5320032600898,OnTrack,322.0,11298.0,100.0,0,12,8,566.9613888888888,0.10491132764838185,16,302.3961111111116,interpolation,0 days 00:00:06.424000,6.424,4383.203,1.0
2024-03-01 16:59:38.976,0 days 01:13:03.303000,-166.0,7048.0,-138.0,OnTrack,320.99999744,11304.00001536,100.0,0,12,8,576.7934726663166,0.10673067016950405,16,299.2488808320005,interpolation,0 days 00:00:06.524000,6.524,4383.303,1.0
2024-03-01 16:59:39.076,0 days 01:13:03.403000,-165.23571932761044,7093.5884023604485,-137.65838003789023,OnTrack,320.0,11310.0,100.0,0,12,8,587.386049844673,0.10869073545221612,16,296.10166666666714,interpolation,0 days 00:00:06.624000,6.624,4383.403,1.0
2024-03-01 16:59:39.176,0 days 01:13:03.503000,-163.0,7172.0,-137.0,OnTrack,318.99999744,11316.00001536,100.0,0,12,8,597.4830129611341,0.11055909161636451,16,292.95443638755603,interpolation,0 days 00:00:06.724000,6.724,4383.503,1.0
2024-03-01 16:59:39.276,0 days 01:13:03.603000,-157.13957457839678,7328.4520578238335,-135.517716512569,OnTrack,318.0,11322.0,100.0,0,12,8,605.8280555555555,0.1121032699590534,16,289.80722222222266,interpolation,0 days 00:00:06.824000,6.824,4383.603,1.0
2024-03-01 16:59:39.376,0 days 01:13:03.703000,-151.0,7486.0,-134.0,OnTrack,308.99997696,10831.9987456,52.4998784,0,12,8,612.4212630814046,0.11332328629271188,16,288.00721761422267,interpolation,0 days 00:00:06.924000,6.924,4383.703,1.0
2024-03-01 16:59:39.476,0 days 01:13:03.803000,-147.92683320200888,7567.699250696553,-133.23532088669586,OnTrack,300.0,10342.0,5.0,0,12,8,619.1613888888888,0.11457048859050163,16,286.20722222222264,interpolation,0 days 00:00:07.024000,7.024,4383.803,1.0
2024-03-01 16:59:39.576,0 days 01:13:03.903000,-147.36677352333572,7586.266246768928,-133.11644899890544,OnTrack,281.49995264,9501.9978496,2.99999488,1,8,8,627.9473228615764,0.11619625008990825,16,284.9072188942227,interpolation,0 days 00:00:07.124000,7.124,4383.903,0.0
2024-03-01 16:59:39.676,0 days 01:13:04.003000,-146.0,7618.0,-133.0,OnTrack,263.0,8662.0,1.0,1,8,8,636.6947222222221,0.11781488109085603,16,283.60722222222273,interpolation,0 days 00:00:07.224000,7.224,4384.003,0.0
2024-03-01 16:59:39.776,0 days 01:13:04.103000,-143.2732063050863,7675.617077462186,-132.77874261818585,OnTrack,237.49993472,8249.498944,1.0,1,8,8,643.3194237348766,0.11904072511584136,16,284.0516678044449,interpolation,0 days 00:00:07.324000,7.324,4384.103,0.0
2024-03-01 16:59:39.876,0 days 01:13:04.203000,-139.54866496397776,7752.061765618739,-132.45025432232396,OnTrack,212.0,7837.0,1.0,1,8,8,648.4725,0.1199942575486353,16,284.49611111111153,interpolation,0 days 00:00:07.424000,7.424,4384.203,0.0
2024-03-01 16:59:39.976,0 days 01:13:04.303000,-137.0,7805.0,-132.0,OnTrack,203.49997824,7878.50010624,0.49999872,1,8,8,652.805144222476,0.12079597608982,16,285.3183354382227,interpolation,0 days 00:00:07.524000,7.524,4384.303,0.0
2024-03-01 16:59:40.076,0 days 01:13:04.403000,-135.98948022888456,7827.376139319361,-131.42555714488157,OnTrack,195.0,7920.0,0.0,1,8,8,657.1391666666666,0.12159794965907662,16,286.14055555555603,interpolation,0 days 00:00:07.624000,7.624,4384.403,0.0
2024-03-01 16:59:40.176,0 days 01:13:04.503000,-135.0,7843.0,-131.0,OnTrack,176.49995264,7700.49943808,0.0,1,8,8,662.2964663436121,0.12255226359789573,16,288.74056221155604,interpolation,0 days 00:00:07.724000,7.724,4384.503,0.0
2024-03-01 16:59:40.276,0 days 01:13:04.603000,-132.51445366271489,7875.681398465094,-130.99640280838665,OnTrack,158.0,7481.0,0.0,1,8,8,667.6724999999999,0.12354705237792071,16,291.3405555555561,interpolation,0 days 00:00:07.824000,7.824,4384.603,0.0
2024-03-01 16:59:40.376,0 days 01:13:04.703000,-129.0,7919.0,-131.0,OnTrack,147.49997312,7761.0007168,0.0,1,8,8,672.6628322438418,0.12447047042960495,16,294.8072310968895,interpolation,0 days 00:00:07.924000,7.924,4384.703,0.0
2024-03-01 16:59:40.476,0 days 01:13:04.803000,-124.92379779482617,7966.535469890076,-130.59602600479855,OnTrack,137.0,8041.0,0.0,1,8,8,676.8058333333332,0.12523709714046274,16,298.2738888888896,interpolation,0 days 00:00:08.024000,8.024,4384.803,0.0
2024-03-01 16:59:40.576,0 days 01:13:04.903000,-121.0,8009.0,-130.0,OnTrack,129.99998208,8195.00039424,0.0,1,8,8,679.6399670519788,0.12576152920406208,16,300.9627846613339,interpolation,0 days 00:00:08.124000,8.124,4384.903,0.0
2024-03-01 16:59:40.676,0 days 01:13:05.003000,-117.94275956832806,8037.105782194456,-129.42744116282205,OnTrack,123.0,8349.0,0.0,1,8,8,682.2724999999999,0.1262486567793565,16,303.6516666666671,interpolation,0 days 00:00:08.224000,8.224,4385.003,0.0
2024-03-01 16:59:40.776,0 days 01:13:05.103000,-114.0,8061.0,-129.0,OnTrack,115.99998208,8475.00032256,0.0,1,8,8,685.8107547562964,0.12690338038367238,16,308.2850118613338,interpolation,0 days 00:00:08.324000,8.324,4385.103,0.0
2024-03-01 16:59:40.876,0 days 01:13:05.203000,-107.41964479520558,8090.829836943192,-128.83932701826924,OnTrack,109.0,8601.0,0.0,1,8,8,689.5391666666666,0.12759329093349578,16,312.91833333333386,interpolation,0 days 00:00:08.424000,8.424,4385.203,0.0
2024-03-01 16:59:40.976,0 days 01:13:05.303000,-98.20169395394481,8126.595293024035,-128.94542221762975,OnTrack,103.66665756445221,8264.99942656049,0.0,1,8,8,692.7422454875664,0.12818599311436485,16,317.7624156746206,interpolation,0 days 00:00:08.524000,8.524,4385.303,0.0
2024-03-01 16:59:41.076,0 days 01:13:05.403000,-88.63289613571162,8161.06310259286,-129.0788063081754,OnTrack,98.33334243554779,7929.000573439511,0.0,1,8,8,695.4430323862028,0.12868575049605638,16,322.6064732142692,interpolation,0 days 00:00:08.624000,8.624,4385.403,0.0
2024-03-01 16:59:41.176,0 days 01:13:05.503000,-81.0,8187.0,-129.0,OnTrack,93.0,7593.0,0.0,1,8,8,697.7799999999999,0.12911818624889523,16,327.450555555556,pos,0 days 00:00:08.724000,8.724,4385.503,0.0
2024-03-01 16:59:41.276,0 days 01:13:05.603000,-75.30300554680997,8204.405985245456,-128.70900329310356,OnTrack,90.00000512000437,7462.000223573524,0.0,1,8,8,699.7761983651208,0.1294875655837822,16,331.3616599916985,interpolation,0 days 00:00:08.824000,8.824,4385.603,0.0
2024-03-01 16:59:41.376,0 days 01:13:05.703000,-69.90672705892838,8215.767136593237,-128.26243391832492,OnTrack,86.99999487999563,7330.999776426476,0.0,1,8,5,701.5020559899011,0.12980692069031358,16,335.2727844527469,interpolation,0 days 00:00:08.924000,8.924,4385.703,0.0
2024-03-01 16:59:41.476,0 days 01:13:05.803000,-55.0,8236.0,-128.0,OnTrack,84.0,7200.0,0.0,1,8,5,703.3799999999999,0.1301544180741035,16,339.18388888888944,interpolation,0 days 00:00:09.024000,9.024,4385.803,0.0
2024-03-01 16:59:41.576,0 days 01:13:05.903000,-28.947621908424225,8267.590679187324,-127.97831984873608,OnTrack,81.66666268444784,7024.333033529145,0.0,1,8,5,705.4804576928248,0.13054308970067646,16,344.7838984462146,interpolation,0 days 00:00:09.124000,9.124,4385.903,0.0
2024-03-01 16:59:41.676,0 days 01:13:06.003000,-3.0,8298.0,-128.0,OnTrack,79.33333731555216,6848.666966470855,0.0,1,8,3,707.789582215972,0.1309703733291147,16,350.38387933156423,interpolation,0 days 00:00:09.224000,9.224,4386.003,0.0
2024-03-01 16:59:41.776,0 days 01:13:06.103000,11.592458509473706,8314.68878828282,-127.86764698925859,OnTrack,77.0,6673.0,0.0,1,8,3,710.2244444444443,0.13142092363824692,16,355.9838888888894,interpolation,0 days 00:00:09.324000,9.324,4386.103,0.0
2024-03-01 16:59:41.876,0 days 01:13:06.203000,14.8297536199969,8317.657044035783,-127.58126081651187,OnTrack,74.5000064,6353.50081792,0.0,1,8,3,712.7711941015441,0.13189217775351925,16,362.5838719928893,interpolation,0 days 00:00:09.424000,9.424,4386.203,0.0
2024-03-01 16:59:41.976,0 days 01:13:06.303000,17.15217192052164,8316.546777770853,-127.50424423550919,OnTrack,72.0,6034.0,0.0,1,8,2,715.0244444444443,0.13230912234556827,16,369.1838888888892,interpolation,0 days 00:00:09.524000,9.524,4386.303,0.0
2024-03-01 16:59:42.076,0 days 01:13:06.403000,29.0,8321.0,-128.0,OnTrack,70.50000384,5900.00034304,0.0,1,8,2,716.5787595783177,0.13259673498987587,16,373.67276628622255,interpolation,0 days 00:00:09.624000,9.624,4386.403,0.0
2024-03-01 16:59:42.176,0 days 01:13:06.503000,50.373237858431985,8331.016710723226,-129.06852810998427,OnTrack,69.0,5766.0,0.0,1,8,2,718.091111111111,0.13287658263080138,16,378.161666666667,interpolation,0 days 00:00:09.724000,9.724,4386.503,0.0
2024-03-01 16:59:42.276,0 days 01:13:06.603000,73.0,8341.0,-130.0,OnTrack,67.50000384,5679.50022144,0.0,1,8,2,720.2184392480922,0.13327022640190866,16,385.1949819946669,interpolation,0 days 00:00:09.824000,9.824,4386.603,0.0
2024-03-01 16:59:42.376,0 days 01:13:06.703000,88.60840092888647,8345.352957889798,-130.08458710458518,OnTrack,66.0,5593.0,0.0,1,8,2,722.491111111111,0.13369076477917927,16,392.22833333333347,interpolation,0 days 00:00:09.924000,9.924,4386.703,0.0
2024-03-01 16:59:42.476,0 days 01:13:06.803000,105.0,8346.0,-130.0,OnTrack,65.50000128,5600.99997952,0.49999872,1,8,2,724.4394487660255,0.13405128790137105,16,398.11720714666694,interpolation,0 days 00:00:10.024000,10.024,4386.803,0.0
2024-03-01 16:59:42.576,0 days 01:13:06.903000,129.9763565682492,8344.865541937994,-130.42394926250475,OnTrack,65.0,5609.0,1.0,1,8,2,726.102222222222,0.1343589698251965,16,404.0061111111115,interpolation,0 days 00:00:10.124000,10.124,4386.903,0.0
2024-03-01 16:59:42.676,0 days 01:13:07.003000,157.0,8342.0,-131.0,OnTrack,64.75000064,5745.2496512,10.24997632,0,8,2,727.5181645113033,0.13462097776494725,16,408.86568200391145,interpolation,0 days 00:00:10.224000,10.224,4387.003,0.0
2024-03-01 16:59:42.776,0 days 01:13:07.103000,179.53345966161842,8337.453790482245,-131.37171732038658,OnTrack,64.5,5881.5,19.5,0,8,2,728.6872901325561,0.13483731440359162,16,413.72527777777805,interpolation,0 days 00:00:10.324000,10.324,4387.103,0.0
2024-03-01 16:59:42.876,0 days 01:13:07.203000,197.5767355531044,8331.22691338473,-131.5391012236644,OnTrack,64.25000064,6017.7496512,28.749976320000002,0,8,2,729.990541160776,0.1350784697949625,16,418.58484867057797,interpolation,0 days 00:00:10.424000,10.424,4387.203,0.0
2024-03-01 16:59:42.976,0 days 01:13:07.303000,211.61920724568134,8323.540876735608,-131.54954141849078,OnTrack,64.0,6154.0,38.0,0,8,2,731.8088888888888,0.13541493939945634,16,423.44444444444457,interpolation,0 days 00:00:10.524000,10.524,4387.303,0.0
2024-03-01 16:59:43.076,0 days 01:13:07.403000,224.59716720048127,8315.724735508562,-131.68737761262585,OnTrack,66.99999232,6391.499392,40.499993599999996,0,8,2,734.1423146970615,0.1358467197716333,16,430.6110927644447,interpolation,0 days 00:00:10.624000,10.624,4387.403,0.0
2024-03-01 16:59:43.176,0 days 01:13:07.503000,237.0,8308.0,-132.0,OnTrack,70.0,6629.0,43.0,0,8,2,736.4755555555554,0.13627846592046322,16,437.77777777777817,interpolation,0 days 00:00:10.724000,10.724,4387.503,0.0
2024-03-01 16:59:43.276,0 days 01:13:07.603000,248.82770564423748,8300.366670209925,-132.4874085806132,OnTrack,71.33333105777584,6769.333093830906,43.66666552888792,0,8,2,738.2933006479752,0.13661482401240638,16,442.53332521717863,interpolation,0 days 00:00:10.824000,10.824,4387.603,0.0
2024-03-01 16:59:43.376,0 days 01:13:07.703000,261.21830964129026,8291.783168828571,-133.1510939803156,OnTrack,72.66666894222416,6909.666906169094,44.33333447111208,0,8,2,739.709629683198,0.13687690351620355,16,447.28889700504425,interpolation,0 days 00:00:10.924000,10.924,4387.703,0.0
2024-03-01 16:59:43.476,0 days 01:13:07.803000,281.0,8276.0,-134.0,OnTrack,74.0,7050.0,45.0,0,8,2,741.4088888888887,0.13719133681409904,16,452.0444444444447,interpolation,0 days 00:00:11.024000,11.024,4387.803,0.0
2024-03-01 16:59:43.576,0 days 01:13:07.903000,309.3108138819042,8251.975575748645,-135.0356172807807,OnTrack,76.5000064,7346.50075904,50.0000128,0,8,2,743.5051567606276,0.1375792331503236,16,457.93334840888906,interpolation,0 days 00:00:11.124000,11.124,4387.903,0.0
2024-03-01 16:59:43.676,0 days 01:13:08.003000,337.0,8228.0,-136.0,OnTrack,79.0,7643.0,55.0,0,8,2,745.7977777777776,0.13800346294695076,16,463.8222222222223,interpolation,0 days 00:00:11.224000,11.224,4388.003,0.0
2024-03-01 16:59:43.776,0 days 01:13:08.103000,354.9168070672848,8212.36337667957,-136.6352023350003,OnTrack,82.00000768,8111.00119808,59.00001024,0,8,2,748.0861413619258,0.1384269049422261,16,469.60001479111116,interpolation,0 days 00:00:11.324000,11.324,4388.103,0.0
2024-03-01 16:59:43.876,0 days 01:13:08.203000,363.06123508375873,8205.065705787354,-136.94122428578152,OnTrack,85.0,8579.0,63.0,0,8,2,750.5199999999999,0.13887726954558868,16,475.37777777777785,interpolation,0 days 00:00:11.424000,11.424,4388.203,0.0
2024-03-01 16:59:43.976,0 days 01:13:08.303000,363.9588639114769,8203.698740880365,-137.0026971923801,OnTrack,88.6666729244391,8760.666976710847,63.66666780444347,0,8,2,753.2491545344909,0.13938227611425846,16,481.2740841370779,interpolation,0 days 00:00:11.524000,11.524,4388.303,0.0
2024-03-01 16:59:44.076,0 days 01:13:08.403000,372.7632503088488,8193.812929319098,-137.32741169489768,OnTrack,92.3333270755609,8942.333023289153,64.33333219555652,0,8,2,756.2135813073727,0.13993081778667982,16,487.17036030736665,interpolation,0 days 00:00:11.624000,11.624,4388.403,0.0
2024-03-01 16:59:44.176,0 days 01:13:08.503000,392.0,8173.0,-138.0,OnTrack,96.0,9124.0,65.0,0,8,2,759.0533333333332,0.14045628946971553,16,493.0666666666667,pos,0 days 00:00:11.724000,11.724,4388.503,0.0
2024-03-01 16:59:44.276,0 days 01:13:08.603000,421.6691129849303,8141.259952923068,-139.020462107687,OnTrack,100.49998848,9357.24940288,68.7499904,0,8,2,761.7083858218316,0.14094758409224772,16,498.1777646933335,interpolation,0 days 00:00:11.824000,11.824,4388.603,0.0
2024-03-01 16:59:44.376,0 days 01:13:08.703000,453.0,8108.0,-140.0,OnTrack,105.0,9590.5,72.5,0,8,2,764.1787659606749,0.1414047066851463,16,503.28888888888906,interpolation,0 days 00:00:11.924000,11.924,4388.703,0.0
2024-03-01 16:59:44.476,0 days 01:13:08.803000,477.22207178156935,8082.627353142495,-140.54981565898038,OnTrack,109.49998848,9823.74940288,76.2499904,0,8,2,767.2530802391848,0.1419735820951613,16,508.3999869155558,interpolation,0 days 00:00:12.024000,12.024,4388.803,0.0
2024-03-01 16:59:44.576,0 days 01:13:08.903000,495.2975728624762,8064.081574011952,-140.74098881123703,OnTrack,114.0,10057.0,80.0,0,8,2,771.7199999999998,0.14280014716959133,16,513.5111111111114,interpolation,0 days 00:00:12.124000,12.124,4388.903,0.0
2024-03-01 16:59:44.676,0 days 01:13:09.003000,513.0,8046.0,-141.0,OnTrack,123.0,9500.0,82.0,0,8,2,777.1866666666665,0.1438117068084851,16,521.3333333333337,interpolation,0 days 00:00:12.224000,12.224,4389.003,0.0
2024-03-01 16:59:44.776,0 days 01:13:09.103000,531.2916075804134,8027.322181909095,-141.39792967973838,OnTrack,125.5000064,9730.0005888,82.0,0,8,2,781.2962390940102,0.14457214783298716,16,525.0666762240004,interpolation,0 days 00:00:12.324000,12.324,4389.103,0.0
2024-03-01 16:59:44.876,0 days 01:13:09.203000,550.172395603716,8008.048119739235,-141.93477785045206,OnTrack,128.0,9960.0,82.0,0,8,2,783.6558623648043,0.14500877582025487,16,528.8000000000003,interpolation,0 days 00:00:12.424000,12.424,4389.203,0.0
2024-03-01 16:59:44.976,0 days 01:13:09.303000,576.3419858251607,7986.999997699757,-142.50423709593977,OnTrack,130.5000064,10190.0005888,82.0,0,8,2,785.7364584745277,0.14539377223173697,16,532.533342890667,interpolation,0 days 00:00:12.524000,12.524,4389.303,0.0
2024-03-01 16:59:45.076,0 days 01:13:09.403000,616.5,7963.0,-143.0,OnTrack,133.0,10420.0,82.0,0,8,2,789.0088888888887,0.1459993073283692,16,536.266666666667,pos,0 days 00:00:12.624000,12.624,4389.403,0.0
2024-03-01 16:59:45.176,0 days 01:13:09.503000,670.6464381282342,7936.048126639964,-143.42206656263284,OnTrack,139.333344142213,10273.999750826879,83.00000170666522,0,8,2,793.4731871176605,0.1468253873108467,16,541.2666751999931,interpolation,0 days 00:00:12.724000,12.724,4389.503,0.0
2024-03-01 16:59:45.276,0 days 01:13:09.603000,735.4585570632845,7907.445631734686,-143.76542447077225,OnTrack,145.666655857787,10128.000249173121,83.99999829333478,0,8,3,798.9328177984238,0.1478356450010771,16,546.266658133341,interpolation,0 days 00:00:12.824000,12.824,4389.603,0.0
2024-03-01 16:59:45.376,0 days 01:13:09.703000,791.0,7885.0,-144.0,OnTrack,152.0,9982.0,85.0,0,8,3,804.2088888888886,0.14881193656822014,16,551.2666666666671,interpolation,0 days 00:00:12.924000,12.924,4389.703,0.0
2024-03-01 16:59:45.476,0 days 01:13:09.803000,833.9480578165176,7870.012472226168,-144.1207808885759,OnTrack,156.24998912,10214.99940352,86.49999616,0,8,3,809.104856714103,0.14971789329602064,16,554.9611016533337,interpolation,0 days 00:00:13.024000,13.024,4389.803,0.0
2024-03-01 16:59:45.576,0 days 01:13:09.903000,864.3027305128373,7862.483048413194,-144.12776713649993,OnTrack,160.5,10448.0,88.0,0,8,4,813.6207714089057,0.15055352446149922,16,558.6555555555559,interpolation,0 days 00:00:13.124000,13.124,4389.903,0.0
2024-03-01 16:59:45.676,0 days 01:13:10.003000,884.6717712550534,7861.505988821601,-144.00232034597505,OnTrack,164.74998912,10680.99940352,89.49999616,0,8,4,818.1251652525888,0.1513870237925879,16,562.3499905422225,interpolation,0 days 00:00:13.224000,13.224,4390.003,0.0
2024-03-01 16:59:45.776,0 days 01:13:10.103000,910.7016189298282,7861.646882838785,-143.6326107027887,OnTrack,169.0,10914.0,91.0,0,8,4,822.9866666666665,0.15228660280750972,16,566.0444444444447,interpolation,0 days 00:00:13.324000,13.324,4390.103,0.0
2024-03-01 16:59:45.876,0 days 01:13:10.203000,945.0,7862.0,-143.0,OnTrack,171.66666211555167,11095.9996893864,93.99999487999563,0,8,4,828.2052258694921,0.1532522522945992,16,568.9185136134282,pos,0 days 00:00:13.424000,13.424,4390.203,0.0
2024-03-01 16:59:45.976,0 days 01:13:10.303000,987.5669144655686,7862.565340305247,-142.10448823760896,OnTrack,174.33333788444833,11278.0003106136,97.00000512000437,0,8,4,833.6704932276537,0.15426355300349187,16,571.7925974976835,interpolation,0 days 00:00:13.524000,13.524,4390.303,0.0
2024-03-01 16:59:46.076,0 days 01:13:10.403000,1042.0,7866.0,-141.0,OnTrack,177.0,11460.0,100.0,0,8,4,838.7199999999998,0.15519792079261863,16,574.666666666667,interpolation,0 days 00:00:13.624000,13.624,4390.403,0.0
2024-03-01 16:59:46.176,0 days 01:13:10.503000,1111.8968942767608,7874.961075329738,-139.7404598715576,OnTrack,179.5000064,11546.50022144,100.0,0,8,4,843.2433948220182,0.15603493609128963,16,575.1777790862226,interpolation,0 days 00:00:13.724000,13.724,4390.503,0.0
2024-03-01 16:59:46.276,0 days 01:13:10.603000,1192.91512591168,7888.397176828599,-138.35295417338352,OnTrack,182.0,11633.0,100.0,0,8,4,847.240631374264,0.15677459032849012,16,575.6888888888892,interpolation,0 days 00:00:13.824000,13.824,4390.603,0.0
2024-03-01 16:59:46.376,0 days 01:13:10.703000,1259.0,7900.0,-137.0,OnTrack,184.5000064,11719.50022144,100.0,0,8,4,851.1331290713771,0.15749486354157913,16,576.2000013084448,interpolation,0 days 00:00:13.924000,13.924,4390.703,0.0
2024-03-01 16:59:46.476,0 days 01:13:10.803000,1305.80908962423,7908.718166144248,-135.70868339514635,OnTrack,187.0,11806.0,100.0,0,8,4,855.3422222222221,0.15827372001982407,16,576.7111111111114,interpolation,0 days 00:00:14.024000,14.024,4390.803,0.0
2024-03-01 16:59:46.576,0 days 01:13:10.903000,1337.1646133511058,7915.384947155849,-134.4444530444216,OnTrack,191.00001024,11246.49856768,100.0,0,8,4,859.8679539280328,0.15911116773873749,16,576.4888883200003,interpolation,0 days 00:00:14.124000,14.124,4390.903,0.0
2024-03-01 16:59:46.676,0 days 01:13:11.003000,1376.0,7925.0,-133.0,OnTrack,195.0,10687.0,100.0,0,8,4,866.1755555555553,0.16027833515787573,16,576.2666666666671,interpolation,0 days 00:00:14.224000,14.224,4391.003,0.0
2024-03-01 16:59:46.776,0 days 01:13:11.103000,1426.137507277368,7938.396605103958,-131.34077259367336,OnTrack,201.0,10922.0,100.0,0,8,4,875.1088888888887,0.16193137164094604,16,575.2000000000003,interpolation,0 days 00:00:14.324000,14.324,4391.103,0.0
2024-03-01 16:59:46.876,0 days 01:13:11.203000,1484.208358826989,7954.626484554131,-129.5358827618646,OnTrack,204.24999168,11047.49967872,100.0,0,8,4,882.9390111742548,0.16338026841011902,16,573.394449066667,interpolation,0 days 00:00:14.424000,14.424,4391.203,0.0
2024-03-01 16:59:46.976,0 days 01:13:11.303000,1530.0,7968.0,-128.0,OnTrack,207.5,11173.0,100.0,0,8,5,889.0445220762554,0.16451004067901345,16,571.5888888888892,interpolation,0 days 00:00:14.524000,14.524,4391.303,0.0
2024-03-01 16:59:47.076,0 days 01:13:11.403000,1560.1436889362749,7977.568883238301,-126.80223553679997,OnTrack,210.74999168,11298.49967872,100.0,0,8,5,894.1266303934549,0.16545044110355592,16,569.7833379555559,interpolation,0 days 00:00:14.624000,14.624,4391.403,0.0
2024-03-01 16:59:47.176,0 days 01:13:11.503000,1609.0,7994.0,-125.0,OnTrack,214.0,11424.0,100.0,0,8,5,898.8866666666665,0.16633124486702872,16,567.9777777777781,pos,0 days 00:00:14.724000,14.724,4391.503,0.0
2024-03-01 16:59:47.276,0 days 01:13:11.603000,1700.0,8024.0,-122.0,OnTrack,215.99999488,11644.99943424,100.0,0,8,5,903.3245821532441,0.16715244295002452,16,566.2666710471115,interpolation,0 days 00:00:14.824000,14.824,4391.603,0.0
2024-03-01 16:59:47.376,0 days 01:13:11.703000,1767.5669793574323,8043.8077087993215,-119.89800070245026,OnTrack,218.0,11866.0,100.0,0,8,5,908.5755555555554,0.16812409040588108,16,564.5555555555559,interpolation,0 days 00:00:14.924000,14.924,4391.703,0.0
2024-03-01 16:59:47.476,0 days 01:13:11.803000,1827.0,8055.0,-118.0,OnTrack,219.49999616,11582.00072704,100.0,0,8,5,915.7746663617446,0.16945622392919785,16,561.7888959715559,interpolation,0 days 00:00:15.024000,15.024,4391.803,0.0
2024-03-01 16:59:47.576,0 days 01:13:11.903000,1904.5275194931844,8063.113922667739,-115.26270337940667,OnTrack,221.0,11298.0,100.0,0,8,5,923.3088888888888,0.17085036699363135,16,559.0222222222226,interpolation,0 days 00:00:15.124000,15.124,4391.903,0.0
2024-03-01 16:59:47.676,0 days 01:13:12.003000,1995.9421840280004,8068.2487368741895,-111.87830900961659,OnTrack,223.4999936,10901.00101632,100.0,0,8,5,929.5650465847641,0.17200801515577196,16,556.3833400888893,interpolation,0 days 00:00:15.224000,15.224,4392.003,0.0
2024-03-01 16:59:47.776,0 days 01:13:12.103000,2076.0,8071.0,-109.0,OnTrack,226.0,10504.0,100.0,0,8,5,935.8644444444443,0.1731736645382451,16,553.7444444444449,interpolation,0 days 00:00:15.324000,15.324,4392.103,0.0
2024-03-01 16:59:47.876,0 days 01:13:12.203000,2140.49365668328,8071.466971100403,-106.81997255140409,OnTrack,226.99999744,10626.99968512,100.0,0,8,5,943.5282588940995,0.17459178747310639,16,550.4582028572448,interpolation,0 days 00:00:15.424000,15.424,4392.203,0.0
2024-03-01 16:59:47.976,0 days 01:13:12.303000,2189.42315407784,8069.6496501754,-105.3382266638288,OnTrack,228.0,10750.0,100.0,0,8,5,951.0011111111111,0.1759745744895967,16,547.1719444444449,interpolation,0 days 00:00:15.524000,15.524,4392.303,0.0
2024-03-01 16:59:48.076,0 days 01:13:12.403000,2230.3910744334803,8066.757504162697,-104.18736744433913,OnTrack,230.24999424,10815.74983168,100.0,0,8,5,956.7274672734105,0.1770341874356417,16,544.7497284231115,interpolation,0 days 00:00:15.624000,15.624,4392.403,0.0
2024-03-01 16:59:48.176,0 days 01:13:12.503000,2271.0,8064.0,-103.0,OnTrack,232.5,10881.5,100.0,0,8,6,960.7073860190253,0.17777063716170405,16,542.3275000000003,interpolation,0 days 00:00:15.724000,15.724,4392.503,0.0
2024-03-01 16:59:48.276,0 days 01:13:12.603000,2311.2499307773996,8061.3771376873065,-101.7761243308114,OnTrack,234.74999424,10947.24983168,100.0,0,8,6,965.1008070120189,0.17858360192143224,16,539.9052839786671,interpolation,0 days 00:00:15.824000,15.824,4392.603,0.0
2024-03-01 16:59:48.376,0 days 01:13:12.703000,2355.3994291225317,8058.162770968547,-100.38031330815663,OnTrack,237.0,11013.0,100.0,0,8,6,972.0677777777778,0.1798727799272849,16,537.4830555555559,interpolation,0 days 00:00:15.924000,15.924,4392.703,0.0
2024-03-01 16:59:48.476,0 days 01:13:12.803000,2429.0,8050.0,-98.0,OnTrack,238.99999488,11146.49965824,100.0,0,8,6,981.6082269747039,0.18163815797811297,16,533.2052887288893,interpolation,0 days 00:00:16.024000,16.024,4392.803,0.0
2024-03-01 16:59:48.576,0 days 01:13:12.903000,2536.310249374559,8036.16267108982,-94.49975589094385,OnTrack,241.0,11280.0,100.0,0,8,6,990.8122222222221,0.18334127811999582,16,528.9275000000005,interpolation,0 days 00:00:16.124000,16.124,4392.903,0.0
2024-03-01 16:59:48.676,0 days 01:13:13.003000,2644.0,8021.0,-91.0,OnTrack,243.99999232,11280.0,100.0,0,8,6,996.7696391966942,0.18444364688160006,16,526.3719509866671,interpolation,0 days 00:00:16.224000,16.224,4393.003,0.0
2024-03-01 16:59:48.776,0 days 01:13:13.103000,2718.739074630116,8008.861202492542,-88.62115134618026,OnTrack,247.0,11280.0,100.0,0,8,6,1001.7899999999998,0.18537262145988817,16,523.8163888888893,interpolation,0 days 00:00:16.324000,16.324,4393.103,0.0
2024-03-01 16:59:48.876,0 days 01:13:13.203000,2764.820243928139,7999.340140711753,-87.22696771445577,OnTrack,248.99999488,11416.99964928,100.0,0,14,6,1008.182714321523,0.18655553825085727,16,520.566397208889,interpolation,0 days 00:00:16.424000,16.424,4393.203,1.0
2024-03-01 16:59:48.976,0 days 01:13:13.303000,2808.0,7990.0,-86.0,OnTrack,251.0,11554.0,100.0,0,12,6,1015.7344444444445,0.18795292094527782,16,517.3163888888889,interpolation,0 days 00:00:16.524000,16.524,4393.303,1.0
2024-03-01 16:59:49.076,0 days 01:13:13.403000,2852.571069551186,7980.43464666042,-84.8040073828973,OnTrack,252.99999488,11661.4997248,100.0,0,12,6,1024.2317098608526,0.18952526681165704,16,513.4830653688889,interpolation,0 days 00:00:16.624000,16.624,4393.403,1.0
2024-03-01 16:59:49.176,0 days 01:13:13.503000,2900.101541774653,7970.352048123402,-83.58288478345905,OnTrack,255.0,11769.0,100.0,0,12,6,1032.7344444444445,0.1910986247003743,16,509.6497222222222,interpolation,0 days 00:00:16.724000,16.724,4393.503,1.0
2024-03-01 16:59:49.276,0 days 01:13:13.603000,2960.0,7958.0,-82.0,OnTrack,256.99999488,11629.0003584,100.0,0,12,6,1040.3024079889365,0.19249901124980612,16,506.4552859555555,pos,0 days 00:00:16.824000,16.824,4393.603,1.0
2024-03-01 16:59:49.376,0 days 01:13:13.703000,3033.834549477501,7943.086466730174,-79.99924737831263,OnTrack,259.0,11489.0,100.0,0,12,6,1047.1233333333334,0.19376116480681216,16,503.26083333333327,interpolation,0 days 00:00:16.924000,16.924,4393.703,1.0
2024-03-01 16:59:49.476,0 days 01:13:13.803000,3116.681626491563,7926.547568759067,-77.72016754799925,OnTrack,260.99999658666377,11148.333914738274,100.0,0,12,6,1053.3848059744014,0.1949197964538381,16,500.69463400928765,interpolation,0 days 00:00:17.024000,17.024,4393.803,1.0
2024-03-01 16:59:49.576,0 days 01:13:13.903000,3179.0,7914.0,-76.0,OnTrack,263.00000341333623,10807.666085261726,100.0,0,12,6,1059.1573442886195,0.19598795500980717,16,498.12842154626793,interpolation,0 days 00:00:17.124000,17.124,4393.903,1.0
2024-03-01 16:59:49.676,0 days 01:13:14.003000,3215.8661567042564,7906.379871312295,-74.97828393502849,OnTrack,265.0,10467.0,100.0,0,12,6,1064.8636111111111,0.19704385059634216,16,495.5622222222223,interpolation,0 days 00:00:17.224000,17.224,4394.003,1.0
2024-03-01 16:59:49.776,0 days 01:13:14.103000,3316.0,7886.0,-73.0,OnTrack,265.0,10600.00034048,100.0,0,12,6,1070.574119133035,0.19810053098034655,16,493.1399937991112,pos,0 days 00:00:17.324000,17.324,4394.103,1.0
2024-03-01 16:59:49.876,0 days 01:13:14.203000,3534.0,7842.0,-69.0,OnTrack,265.0,10733.0,100.0,0,12,7,1076.641388888889,0.19922322705412143,16,490.7177777777779,interpolation,0 days 00:00:17.424000,17.424,4394.203,1.0
2024-03-01 16:59:49.976,0 days 01:13:14.303000,3665.1386052136945,7815.340441390779,-66.51749276326886,OnTrack,266.75000448,10813.25020544,100.0,0,12,7,1083.4180615176324,0.20047719202678604,16,487.939992888889,interpolation,0 days 00:00:17.524000,17.524,4394.303,1.0
2024-03-01 16:59:50.076,0 days 01:13:14.403000,3675.2947317598682,7812.848050899126,-66.14234340772695,OnTrack,268.5,10893.5,100.0,0,12,7,1090.9040676263148,0.20186241305777172,16,485.16222222222234,interpolation,0 days 00:00:17.624000,17.624,4394.403,1.0
2024-03-01 16:59:50.176,0 days 01:13:14.503000,3663.053492426108,7814.93163495791,-66.19602234832156,OnTrack,270.25000448,10973.75020544,100.0,0,12,7,1098.8143286062873,0.20332613880297715,16,482.38443733333344,interpolation,0 days 00:00:17.724000,17.724,4394.503,1.0
2024-03-01 16:59:50.276,0 days 01:13:14.603000,3727.0,7802.0,-65.0,OnTrack,272.0,11054.0,100.0,0,12,7,1106.8636111111114,0.20481558928540408,16,479.6066666666668,interpolation,0 days 00:00:17.824000,17.824,4394.603,1.0
2024-03-01 16:59:50.376,0 days 01:13:14.703000,3867.134254481546,7774.053146025402,-62.55427636276231,OnTrack,273.6666695111087,11096.33340558216,100.0,0,12,7,1115.051997565651,0.2063307797570645,16,476.88073608849794,interpolation,0 days 00:00:17.924000,17.924,4394.703,1.0
2024-03-01 16:59:50.476,0 days 01:13:14.803000,4013.0,7745.0,-60.0,OnTrack,275.3333304888913,11138.66659441784,100.0,0,12,7,1123.3393952034148,0.20786429139642282,16,474.15481946705796,interpolation,0 days 00:00:18.024000,18.024,4394.803,1.0
2024-03-01 16:59:50.576,0 days 01:13:14.903000,4094.1409806846186,7728.749488889686,-58.478319475104605,OnTrack,277.0,11181.0,100.0,0,12,7,1131.4858333333336,0.20937171969147847,16,471.4288888888891,interpolation,0 days 00:00:18.124000,18.124,4394.903,1.0
2024-03-01 16:59:50.676,0 days 01:13:15.003000,4110.557196535401,7725.301612694462,-57.98923478807613,OnTrack,278.2499968,11213.4999168,100.0,0,12,7,1139.451219618465,0.2108456459001804,16,469.1511169422225,interpolation,0 days 00:00:18.224000,18.224,4395.003,1.0
2024-03-01 16:59:50.776,0 days 01:13:15.103000,4112.444814118482,7724.702930152005,-57.755532707009586,OnTrack,279.5,11246.0,100.0,0,12,7,1147.235635624574,0.2122860851155715,16,466.87333333333356,interpolation,0 days 00:00:18.324000,18.324,4395.103,1.0
2024-03-01 16:59:50.876,0 days 01:13:15.203000,4150.0,7717.0,-57.0,OnTrack,280.7499968,11278.4999168,100.0,0,12,7,1154.9784437117291,0.21371882514349835,16,464.5955613866669,interpolation,0 days 00:00:18.424000,18.424,4395.203,1.0
2024-03-01 16:59:50.976,0 days 01:13:15.303000,4223.222754179953,7702.192822238445,-55.72263666704734,OnTrack,282.0,11311.0,100.0,0,12,7,1162.819166666667,0.21516968347538176,16,462.317777777778,interpolation,0 days 00:00:18.524000,18.524,4395.303,1.0
2024-03-01 16:59:51.076,0 days 01:13:15.403000,4319.0,7683.0,-54.0,OnTrack,282.99999744,11373.49984,100.0,0,12,7,1170.75772420059,0.21663864525447066,16,460.01222812444456,interpolation,0 days 00:00:18.624000,18.624,4395.403,1.0
2024-03-01 16:59:51.176,0 days 01:13:15.503000,4424.218660801805,7662.14013641733,-51.908647290706355,OnTrack,284.0,11436.0,100.0,0,12,7,1178.5969444444447,0.2180892255225955,16,457.7066666666667,interpolation,0 days 00:00:18.724000,18.724,4395.503,1.0
2024-03-01 16:59:51.276,0 days 01:13:15.603000,4521.0,7643.0,-50.0,OnTrack,284.9999982933319,11481.666588728822,100.0,0,12,7,1186.139493964735,0.21948490942547652,16,455.76222554074366,interpolation,0 days 00:00:18.824000,18.824,4395.603,1.0
2024-03-01 16:59:51.376,0 days 01:13:15.703000,4591.465281009222,7628.966359257574,-48.82547958871454,OnTrack,286.0000017066681,11527.333411271178,100.0,0,12,7,1193.4503869209686,0.22083772727403725,16,453.8177744592565,interpolation,0 days 00:00:18.924000,18.924,4395.703,1.0
2024-03-01 16:59:51.476,0 days 01:13:15.803000,4646.0,7618.0,-48.0,OnTrack,287.0,11573.0,100.0,0,12,7,1200.919166666667,0.22221976071474506,16,451.87333333333345,interpolation,0 days 00:00:19.024000,19.024,4395.803,1.0
2024-03-01 16:59:51.576,0 days 01:13:15.903000,4694.989653142868,7608.061708037223,-47.13847517700644,OnTrack,288.00000256,11601.00007168,100.0,0,12,7,1208.6108466059388,0.22364303991874313,16,449.9288839111112,interpolation,0 days 00:00:19.124000,19.124,4395.903,1.0
2024-03-01 16:59:51.676,0 days 01:13:16.003000,4744.95273358922,7597.899331762352,-46.0956501985785,OnTrack,289.0,11629.0,100.0,0,12,7,1216.9747222222225,0.22519070315011394,16,447.98444444444453,interpolation,0 days 00:00:19.224000,19.224,4396.003,1.0
2024-03-01 16:59:51.776,0 days 01:13:16.103000,4835.0,7580.0,-44.0,OnTrack,291.00000512,11651.5000576,100.0,0,12,7,1226.4602534078679,0.2269459190953945,16,445.7177719751112,pos,0 days 00:00:19.324000,19.324,4396.103,1.0
2024-03-01 16:59:51.876,0 days 01:13:16.203000,4962.0,7555.0,-41.0,OnTrack,293.0,11674.0,100.0,0,12,7,1236.508055555556,0.2288051784451856,16,443.45111111111123,interpolation,0 days 00:00:19.424000,19.424,4396.203,1.0
2024-03-01 16:59:51.976,0 days 01:13:16.303000,5068.05375736703,7534.229829958631,-38.85801429014869,OnTrack,293.50000128,11253.9989248,100.0,0,12,7,1246.558944079299,0.23066500890231467,16,441.28443889777793,interpolation,0 days 00:00:19.524000,19.524,4396.303,1.0
2024-03-01 16:59:52.076,0 days 01:13:16.403000,5146.914481051908,7518.906316520512,-37.69784999350207,OnTrack,294.0,10834.0,100.0,0,12,7,1256.108055555556,0.23243198983341448,16,439.117777777778,interpolation,0 days 00:00:19.624000,19.624,4396.403,1.0
2024-03-01 16:59:52.176,0 days 01:13:16.503000,5219.0,7505.0,-36.5,OnTrack,295.00000256,10712.99969024,100.0,0,12,7,1264.6507272647634,0.23401273774366213,16,437.3955511466669,interpolation,0 days 00:00:19.724000,19.724,4396.503,1.0
2024-03-01 16:59:52.276,0 days 01:13:16.603000,5287.7132682790125,7491.839307221289,-35.09454732794371,OnTrack,296.0,10592.0,100.0,0,12,7,1272.5525000000002,0.2354748928122006,16,435.67333333333363,interpolation,0 days 00:00:19.824000,19.824,4396.603,1.0
2024-03-01 16:59:52.376,0 days 01:13:16.703000,5354.607274718082,7479.118151130353,-33.5191769655715,OnTrack,296.75000192,10609.5000448,100.0,0,12,7,1280.1790829454467,0.2368861263774974,16,434.17332949333365,interpolation,0 days 00:00:19.924000,19.924,4396.703,1.0
2024-03-01 16:59:52.476,0 days 01:13:16.803000,5429.0,7465.0,-32.0,OnTrack,297.5,10627.0,100.0,0,12,7,1287.5303980050926,0.23824642398855772,16,432.67333333333363,interpolation,0 days 00:00:20.024000,20.024,4396.803,1.0
2024-03-01 16:59:52.576,0 days 01:13:16.903000,5512.444448856588,7449.178763641858,-30.574701805363762,OnTrack,298.25000192,10644.5000448,100.0,0,12,7,1294.8678023341927,0.23960414753859954,16,431.17332949333365,interpolation,0 days 00:00:20.124000,20.124,4396.903,1.0
2024-03-01 16:59:52.676,0 days 01:13:17.003000,5609.0,7431.0,-29.0,OnTrack,299.0,10662.0,100.0,0,12,7,1302.4525,0.2410076305932232,16,429.67333333333363,interpolation,0 days 00:00:20.224000,20.224,4397.003,1.0
2024-03-01 16:59:52.776,0 days 01:13:17.103000,5722.726032142393,7409.8092670185015,-27.032612202245936,OnTrack,299.6666678044435,10663.666669511109,100.0,0,12,7,1310.2845686700189,0.24245688752413208,16,428.24740497382953,interpolation,0 days 00:00:20.324000,20.324,4397.103,1.0
2024-03-01 16:59:52.876,0 days 01:13:17.203000,5846.5459056373475,7386.896358762445,-24.7925634185003,OnTrack,300.3333321955565,10665.333330488891,100.0,0,12,8,1318.2720343220794,0.24393489932974335,16,426.8214839150599,interpolation,0 days 00:00:20.424000,20.424,4397.203,1.0
2024-03-01 16:59:52.976,0 days 01:13:17.303000,5938.0,7370.0,-23.0,OnTrack,301.0,10667.0,100.0,0,12,8,1325.8636111111114,0.24533965530694105,16,425.3955555555558,interpolation,0 days 00:00:20.524000,20.524,4397.303,1.0
2024-03-01 16:59:53.076,0 days 01:13:17.403000,5990.011748048353,7360.409971588829,-21.77494572409399,OnTrack,301.333332764444,10707.666597262163,100.0,0,12,8,1332.9673274775769,0.24665413690983104,16,424.0733355899281,interpolation,0 days 00:00:20.624000,20.624,4397.403,1.0
2024-03-01 16:59:53.176,0 days 01:13:17.503000,6011.169097668537,7356.554178248335,-21.00324935819039,OnTrack,301.666667235556,10748.333402737837,100.0,0,12,8,1339.98783343422,0.2479532211422128,16,422.7511088545168,interpolation,0 days 00:00:20.724000,20.724,4397.503,1.0
2024-03-01 16:59:53.276,0 days 01:13:17.603000,6053.0,7349.0,-20.0,OnTrack,302.0,10789.0,100.0,0,12,8,1349.3525000000004,0.24968607212934235,16,421.4288888888891,pos,0 days 00:00:20.824000,20.824,4397.603,1.0
2024-03-01 16:59:53.376,0 days 01:13:17.703000,6124.092490869913,7336.175325464891,-18.65104524801632,OnTrack,303.00000256,10719.99982336,100.0,0,12,8,1361.466000339831,0.25192757115912867,16,419.44555047822263,interpolation,0 days 00:00:20.924000,20.924,4397.703,1.0
2024-03-01 16:59:53.476,0 days 01:13:17.803000,6219.0,7319.0,-17.0,OnTrack,304.0,10651.0,100.0,0,12,8,1372.9969444444446,0.2540612731691105,16,417.46222222222286,pos,0 days 00:00:21.024000,21.024,4397.803,1.0
2024-03-01 16:59:53.576,0 days 01:13:17.903000,6332.275957111995,7298.393868962321,-15.090479153711687,OnTrack,303.49999872,10674.50006016,100.0,0,12,8,1380.6141844236192,0.2554707778988729,16,416.30666370844494,interpolation,0 days 00:00:21.124000,21.124,4397.903,1.0
2024-03-01 16:59:53.676,0 days 01:13:18.003000,6455.0,7276.0,-13.0,OnTrack,303.0,10698.0,100.0,0,12,8,1386.4636111111113,0.25655316398687317,16,415.1511111111115,interpolation,0 days 00:00:21.224000,21.224,4398.003,1.0
2024-03-01 16:59:53.776,0 days 01:13:18.103000,6578.251766458125,7253.461460761188,-10.806079829713566,OnTrack,303.0,10487.9994624,75.49993728,0,12,8,1392.6912532393435,0.25770553558853065,16,413.79555208533367,interpolation,0 days 00:00:21.324000,21.324,4398.103,1.0
2024-03-01 16:59:53.876,0 days 01:13:18.203000,6697.21585448488,7231.672657470546,-8.607839376803723,OnTrack,303.0,10278.0,51.0,0,12,8,1399.930277777778,0.2590450548046359,16,412.4400000000003,interpolation,0 days 00:00:21.424000,21.424,4398.203,1.0
2024-03-01 16:59:53.976,0 days 01:13:18.303000,6783.0,7216.0,-7.0,OnTrack,283.99995136,9673.49845248,25.499934720000002,1,12,8,1408.8139895945715,0.26068890925294663,16,411.33999718400025,interpolation,0 days 00:00:21.524000,21.524,4398.303,1.0
2024-03-01 16:59:54.076,0 days 01:13:18.403000,6830.788850311461,7207.33788541554,-6.081681418262618,OnTrack,265.0,9069.0,0.0,1,12,8,1417.5969444444447,0.2623141194913048,16,410.24000000000024,interpolation,0 days 00:00:21.624000,21.624,4398.403,1.0
2024-03-01 16:59:54.176,0 days 01:13:18.503000,6847.76230698696,7204.34795329602,-5.706927836457185,OnTrack,254.66664903112616,8860.332977209193,0.0,1,12,8,1424.5338789887487,0.26359773955276805,16,409.9807402982723,interpolation,0 days 00:00:21.724000,21.724,4398.503,1.0
2024-03-01 16:59:54.276,0 days 01:13:18.603000,6877.0,7199.0,-5.0,OnTrack,244.33335096887384,8651.667022790807,0.0,1,8,8,1429.9499886680169,0.2645999440560673,16,409.7214819239506,interpolation,0 days 00:00:21.824000,21.824,4398.603,0.0
2024-03-01 16:59:54.376,0 days 01:13:18.703000,6925.681904440848,7189.955651401453,-3.8149406191616735,OnTrack,234.0,8443.0,0.0,1,8,8,1435.7969444444445,0.2656818729232316,16,409.46222222222264,interpolation,0 days 00:00:21.924000,21.924,4398.703,0.0
2024-03-01 16:59:54.476,0 days 01:13:18.803000,6991.432640245347,7177.0173770153915,-2.261702599875555,OnTrack,216.5000448,8583.99963904,0.0,1,8,8,1442.3999529199207,0.26690370283830445,16,410.19249813048924,interpolation,0 days 00:00:22.024000,22.024,4398.803,0.0
2024-03-01 16:59:54.576,0 days 01:13:18.903000,7060.0,7159.0,-1.0,OnTrack,199.0,8725.0,0.0,1,8,8,1449.0083333333334,0.2681265267842797,16,410.92277777777804,interpolation,0 days 00:00:22.124000,22.124,4398.903,0.0
2024-03-01 16:59:54.676,0 days 01:13:19.003000,7129.00862796442,7135.705991892996,-0.13978459955636652,OnTrack,190.50002176,8929.9994752,0.0,1,8,8,1454.8712696389643,0.26921141271089816,16,412.5422180764447,interpolation,0 days 00:00:22.224000,22.224,4399.003,0.0
2024-03-01 16:59:54.776,0 days 01:13:19.103000,7196.1974553539085,7108.547783161692,0.38825618675256496,OnTrack,182.0,9135.0,0.0,1,8,8,1459.98882187343,0.2701583717274194,16,414.161666666667,interpolation,0 days 00:00:22.324000,22.324,4399.103,0.0
2024-03-01 16:59:54.876,0 days 01:13:19.203000,7248.0,7086.0,1.0,OnTrack,173.50002176,9339.9994752,0.0,1,8,8,1464.6577706911778,0.2710223205408513,16,415.78110696533366,pos,0 days 00:00:22.424000,22.424,4399.203,0.0
2024-03-01 16:59:54.976,0 days 01:13:19.303000,7282.15516996453,7069.475087338593,1.7647601352476654,OnTrack,165.0,9545.0,0.0,1,8,8,1469.1750000000002,0.2718581949643451,16,417.4005555555559,interpolation,0 days 00:00:22.524000,22.524,4399.303,0.0
2024-03-01 16:59:55.076,0 days 01:13:19.403000,7302.049267267273,7057.251497799431,2.5988330432613456,OnTrack,159.00001536,9379.50042368,0.0,1,8,8,1473.5404635435882,0.2726659864385687,16,419.23388419555585,interpolation,0 days 00:00:22.624000,22.624,4399.403,0.0
2024-03-01 16:59:55.176,0 days 01:13:19.503000,7328.0,7039.0,3.0,OnTrack,153.0,9214.0,0.0,1,8,8,1477.6750000000002,0.27343104684189334,16,421.0672222222224,interpolation,0 days 00:00:22.724000,22.724,4399.503,0.0
2024-03-01 16:59:55.276,0 days 01:13:19.603000,7361.0,7015.0,3.0,OnTrack,149.66667235556042,9040.333629724697,0.0,1,8,8,1481.499361007292,0.2741387119466865,16,423.1412927565404,interpolation,0 days 00:00:22.824000,22.824,4399.603,0.0
2024-03-01 16:59:55.376,0 days 01:13:19.703000,7386.687527757932,6997.257051186021,3.291479616808621,OnTrack,146.33332764443958,8866.666370275303,0.0,1,8,8,1485.0779843942685,0.2748009054188329,16,425.21537391012663,interpolation,0 days 00:00:22.924000,22.924,4399.703,0.0
2024-03-01 16:59:55.476,0 days 01:13:19.803000,7402.668972277573,6987.772068877779,3.9898793549596756,OnTrack,143.0,8693.0,0.0,1,8,6,1488.7972222222224,0.27548911838362644,16,427.2894444444446,interpolation,0 days 00:00:23.024000,23.024,4399.803,0.0
2024-03-01 16:59:55.576,0 days 01:13:19.903000,7418.315930658427,6970.901052130645,4.943339415630892,OnTrack,139.99999232,8626.99983104,0.0,1,8,6,1492.7215112434938,0.2762152743077616,16,429.7894508444446,interpolation,0 days 00:00:23.124000,23.124,4399.903,0.0
2024-03-01 16:59:55.676,0 days 01:13:20.003000,7443.0,6931.0,6.0,OnTrack,137.0,8561.0,0.0,1,8,6,1496.4083333333335,0.2768974890190781,16,432.2894444444446,pos,0 days 00:00:23.224000,23.224,4400.003,0.0
2024-03-01 16:59:55.776,0 days 01:13:20.103000,7473.0,6875.0,7.0,OnTrack,135.99999829333478,8532.666618311152,0.0,1,8,4,1499.4152483047565,0.2774538927671288,16,434.5338927194044,interpolation,0 days 00:00:23.324000,23.324,4400.103,0.0
2024-03-01 16:59:55.876,0 days 01:13:20.203000,7485.98873452963,6844.487790139354,6.984167856278907,OnTrack,135.00000170666522,8504.333381688848,0.0,1,8,4,1501.9591548103656,0.27792462078167635,16,436.7783295028184,interpolation,0 days 00:00:23.424000,23.424,4400.203,0.0
2024-03-01 16:59:55.976,0 days 01:13:20.303000,7490.0,6819.0,7.0,OnTrack,134.0,8476.0,0.0,1,8,4,1505.3416666666667,0.27855052550214837,16,439.0227777777782,interpolation,0 days 00:00:23.524000,23.524,4400.303,0.0
2024-03-01 16:59:56.076,0 days 01:13:20.403000,7496.0,6775.0,8.0,OnTrack,132.00000512,8274.50051584,4.9999872,1,8,4,1509.7796786801607,0.2793717414466197,16,442.57082425031143,interpolation,0 days 00:00:23.624000,23.624,4400.403,0.0
2024-03-01 16:59:56.176,0 days 01:13:20.503000,7499.2558913843195,6735.63506757502,8.45504204113831,OnTrack,130.0,8073.0,10.0,1,8,4,1514.0444444444445,0.2801608996630499,16,446.11888888888916,interpolation,0 days 00:00:23.724000,23.724,4400.503,0.0
2024-03-01 16:59:56.276,0 days 01:13:20.603000,7498.960099953434,6702.8315020733235,8.225196489812046,OnTrack,129.00000256,7992.50020608,13.99998976,0,8,4,1516.9071284366887,0.2806906147091709,16,448.6077714062225,interpolation,0 days 00:00:23.824000,23.824,4400.603,0.0
2024-03-01 16:59:56.376,0 days 01:13:20.703000,7495.0,6665.0,8.0,OnTrack,128.0,7912.0,18.0,0,8,4,1519.7333333333333,0.2812135796124678,16,451.09666666666703,interpolation,0 days 00:00:23.924000,23.924,4400.703,0.0
2024-03-01 16:59:56.476,0 days 01:13:20.803000,7487.3568206689015,6620.209020662092,7.894374758961699,OnTrack,127.50000128,8154.4993792000005,35.4999552,0,8,4,1523.8886035565743,0.281982476620979,16,454.9633234346669,interpolation,0 days 00:00:24.024000,24.024,4400.803,0.0
2024-03-01 16:59:56.576,0 days 01:13:20.903000,7476.805978882962,6570.930930043614,7.903672113319452,OnTrack,127.0,8397.0,53.0,0,8,4,1528.2,0.28278026344343743,16,458.83000000000015,interpolation,0 days 00:00:24.124000,24.124,4400.903,0.0
2024-03-01 16:59:56.676,0 days 01:13:21.003000,7468.0,6532.0,8.0,OnTrack,127.66666552888792,8392.333341297785,52.66666723555604,0,8,4,1531.4944968585503,0.2833898817457371,16,461.4522177469593,interpolation,0 days 00:00:24.224000,24.224,4401.003,0.0
2024-03-01 16:59:56.776,0 days 01:13:21.103000,7461.714308883145,6505.888621832426,8.178709718023201,OnTrack,128.3333344711121,8387.666658702215,52.33333276444396,0,8,4,1533.9684770188753,0.2838476704916411,16,464.0744489197078,interpolation,0 days 00:00:24.324000,24.324,4401.103,0.0
2024-03-01 16:59:56.876,0 days 01:13:21.203000,7457.948905532401,6492.596795540891,8.439801267389056,OnTrack,129.0,8383.0,52.0,0,8,4,1536.8,0.2843716194607215,16,466.69666666666694,interpolation,0 days 00:00:24.424000,24.424,4401.203,0.0
2024-03-01 16:59:56.976,0 days 01:13:21.303000,7449.7090494154545,6475.50657147891,8.230992183060382,OnTrack,129.66666780444348,8491.666852124286,53.33333560888695,0,8,4,1540.185443947719,0.2849980667394867,16,470.16333924977306,interpolation,0 days 00:00:24.524000,24.524,4401.303,0.0
2024-03-01 16:59:57.076,0 days 01:13:21.403000,7430.0,6438.0,7.0,OnTrack,130.33333219555652,8600.333147875714,54.66666439111305,0,8,4,1544.1054869227578,0.2857234369692937,16,473.6299940835609,interpolation,0 days 00:00:24.624000,24.624,4401.403,0.0
2024-03-01 16:59:57.176,0 days 01:13:21.503000,7402.0,6386.0,5.0,OnTrack,131.0,8709.0,56.0,0,8,4,1548.4444444444443,0.2865263237321863,16,477.09666666666703,interpolation,0 days 00:00:24.724000,24.724,4401.503,0.0
2024-03-01 16:59:57.276,0 days 01:13:21.603000,7384.778603335215,6355.044266806663,3.7500516513841498,OnTrack,132.99999488,8743.9999104,57.99999488,0,8,4,1553.1829848095508,0.2874031498627857,16,480.9966566826669,interpolation,0 days 00:00:24.824000,24.824,4401.603,0.0
2024-03-01 16:59:57.376,0 days 01:13:21.703000,7376.824496184467,6344.2741876169075,3.2522399598430978,OnTrack,135.0,8779.0,60.0,0,8,4,1557.4444444444443,0.2881916963084138,16,484.89666666666676,interpolation,0 days 00:00:24.924000,24.924,4401.703,0.0
2024-03-01 16:59:57.476,0 days 01:13:21.803000,7350.0,6313.0,2.0,OnTrack,135.49999872,8918.9996416,66.99998208,0,8,4,1560.3520676154983,0.28872972696297794,16,487.51888217600015,pos,0 days 00:00:25.024000,25.024,4401.803,0.0
2024-03-01 16:59:57.576,0 days 01:13:21.903000,7305.0,6261.0,0.0,OnTrack,136.0,9059.0,74.0,0,8,4,1563.4888888888888,0.28931016875467036,16,490.1411111111113,interpolation,0 days 00:00:25.124000,25.124,4401.903,0.0
2024-03-01 16:59:57.676,0 days 01:13:22.003000,7274.131795519629,6227.634136166584,-1.2011701137566844,OnTrack,141.49998592,9290.49940736,78.99998719999999,0,8,4,1568.4378809356604,0.29022593715852163,16,493.7744351431113,interpolation,0 days 00:00:25.224000,25.224,4402.003,0.0
2024-03-01 16:59:57.776,0 days 01:13:22.103000,7249.0,6204.0,-2.0,OnTrack,147.0,9522.0,84.0,0,8,4,1573.2888888888888,0.2911235744487848,16,497.40777777777794,interpolation,0 days 00:00:25.324000,25.324,4402.103,0.0
2024-03-01 16:59:57.876,0 days 01:13:22.203000,7215.8246494240975,6174.635157988352,-3.0507456249522535,OnTrack,148.99999488,9830.99920896,85.49999616,0,8,4,1576.1316575296714,0.29164960433044246,16,499.78554946844434,interpolation,0 days 00:00:25.424000,25.424,4402.203,0.0
2024-03-01 16:59:57.976,0 days 01:13:22.303000,7176.567594528392,6141.127009554422,-4.252520211754421,OnTrack,151.0,10140.0,87.0,0,8,4,1580.0,0.29236540782661374,16,502.16333333333296,interpolation,0 days 00:00:25.524000,25.524,4402.303,0.0
2024-03-01 16:59:58.076,0 days 01:13:22.403000,7143.0,6113.0,-5.0,OnTrack,160.0,10390.0,100.0,0,8,4,1587.111111111111,0.2936812577633861,16,506.5633333333333,interpolation,0 days 00:00:25.624000,25.624,4402.403,0.0
2024-03-01 16:59:58.176,0 days 01:13:22.503000,7117.083736664854,6091.841545002928,-5.192297179744084,OnTrack,162.25000576,10570.25046144,100.0,0,8,4,1592.5657242197235,0.29469058699505446,16,508.6522275697777,interpolation,0 days 00:00:25.724000,25.724,4402.503,0.0
2024-03-01 16:59:58.276,0 days 01:13:22.603000,7096.9071087116845,6076.1593840606565,-4.950373973455451,OnTrack,164.5,10750.5,100.0,0,8,4,1595.5472338617865,0.29524228970545996,16,510.7411111111111,interpolation,0 days 00:00:25.824000,25.824,4402.603,0.0
2024-03-01 16:59:58.376,0 days 01:13:22.703000,7071.0,6057.0,-5.0,OnTrack,166.75000576,10930.75046144,100.0,0,8,4,1598.0662569125084,0.2957084132507441,16,512.8300053475556,interpolation,0 days 00:00:25.924000,25.924,4402.703,0.0
2024-03-01 16:59:58.476,0 days 01:13:22.803000,7037.4507342942,6032.871147599082,-5.462136243199696,OnTrack,169.0,11111.0,100.0,0,8,4,1602.1333333333332,0.29646099075481774,16,514.9188888888889,interpolation,0 days 00:00:26.024000,26.024,4402.803,0.0
2024-03-01 16:59:58.576,0 days 01:13:22.903000,6995.656454552017,6003.361157399023,-6.267456341959933,OnTrack,176.00001194665649,11184.666792391004,100.0,0,8,4,1607.7485047712296,0.2975000299240943,16,516.5855583999976,interpolation,0 days 00:00:26.124000,26.124,4402.903,0.0
2024-03-01 16:59:58.676,0 days 01:13:23.003000,6942.0,5966.0,-7.0,OnTrack,182.99998805334351,11258.333207608996,100.0,0,8,4,1614.6350822578324,0.2987743318452336,16,518.2522193777802,interpolation,0 days 00:00:26.224000,26.224,4403.003,0.0
2024-03-01 16:59:58.776,0 days 01:13:23.103000,6875.878507422598,5920.37600172762,-7.59044014631972,OnTrack,190.0,11332.0,100.0,0,8,4,1621.1333333333332,0.29997677730463146,16,519.9188888888889,interpolation,0 days 00:00:26.324000,26.324,4403.103,0.0
2024-03-01 16:59:58.876,0 days 01:13:23.203000,6814.0,5878.0,-8.0,OnTrack,193.49999104,11015.50081024,100.0,0,8,4,1626.9665599866557,0.30105616571567173,16,519.8911111822222,interpolation,0 days 00:00:26.424000,26.424,4403.203,0.0
2024-03-01 16:59:58.976,0 days 01:13:23.303000,6773.072500912405,5850.38283223526,-8.189902780121747,OnTrack,197.0,10699.0,100.0,0,8,4,1632.0777777777776,0.3020019525979452,16,519.8633333333332,interpolation,0 days 00:00:26.524000,26.524,4403.303,0.0
2024-03-01 16:59:59.076,0 days 01:13:23.403000,6753.096010159814,5837.524498433405,-8.160148486684966,OnTrack,197.99999744,10779.49979392,100.0,0,8,4,1636.4098901955485,0.3028035727332441,16,519.3522235306667,interpolation,0 days 00:00:26.624000,26.624,4403.403,0.0
2024-03-01 16:59:59.176,0 days 01:13:23.503000,6746.795654023731,5833.924921090623,-8.040618861091193,OnTrack,199.0,10860.0,100.0,0,8,4,1640.922222222222,0.3036385409568058,16,518.8411111111113,interpolation,0 days 00:00:26.724000,26.724,4403.503,0.0
2024-03-01 16:59:59.276,0 days 01:13:23.603000,6710.521966708319,5806.583466221116,-8.61060834173041,OnTrack,203.33332593777146,11027.666380515311,100.0,0,8,4,1646.574008272926,0.3046843553452,16,516.9151884721018,interpolation,0 days 00:00:26.824000,26.824,4403.603,0.0
2024-03-01 16:59:59.376,0 days 01:13:23.703000,6637.0,5750.0,-10.0,OnTrack,207.66667406222854,11195.333619484689,100.0,0,8,4,1653.1953739664402,0.30590958210555036,16,514.989255972343,pos,0 days 00:00:26.924000,26.924,4403.703,0.0
2024-03-01 16:59:59.476,0 days 01:13:23.803000,6535.0,5671.0,-12.0,OnTrack,212.0,11363.0,100.0,0,8,5,1659.7666666666664,0.3071255432892526,16,513.0633333333335,interpolation,0 days 00:00:27.024000,27.024,4403.803,0.0
2024-03-01 16:59:59.576,0 days 01:13:23.903000,6457.143173894671,5610.536121979547,-13.357851740455356,OnTrack,214.75000704,11496.00034048,100.0,0,8,5,1666.1180214081496,0.308300806845737,16,510.3411041422223,interpolation,0 days 00:00:27.124000,27.124,4403.903,0.0
2024-03-01 16:59:59.676,0 days 01:13:24.003000,6412.199677978384,5575.43377361884,-13.864763523504042,OnTrack,217.5,11629.0,100.0,0,8,5,1672.2493731531847,0.3094353607403355,16,507.61888888888893,interpolation,0 days 00:00:27.224000,27.224,4404.003,0.0
2024-03-01 16:59:59.776,0 days 01:13:24.103000,6394.695567817946,5561.081137548143,-13.669540374510083,OnTrack,220.25000704,11762.00034048,100.0,0,8,5,1678.33384781496,0.31056124043394345,16,504.89665969777775,interpolation,0 days 00:00:27.324000,27.324,4404.103,0.0
2024-03-01 16:59:59.876,0 days 01:13:24.203000,6371.7870086540415,5539.807167873525,-13.665017016963638,OnTrack,223.0,11895.0,100.0,0,8,5,1684.5444444444443,0.3117104579126939,16,502.17444444444436,interpolation,0 days 00:00:27.424000,27.424,4404.203,0.0
2024-03-01 16:59:59.976,0 days 01:13:24.303000,6338.0,5507.0,-14.0,OnTrack,225.00000512,11507.74900864,100.0,0,8,5,1690.8812266383093,0.31288302494460396,16,498.6466576355555,pos,0 days 00:00:27.524000,27.524,4404.303,0.0
2024-03-01 17:00:00.076,0 days 01:13:24.403000,6293.334541855823,5462.6596339275675,-14.674489323619166,OnTrack,227.0,11120.5,100.0,0,8,5,1697.3441295080715,0.31407892952261773,16,495.11888888888893,interpolation,0 days 00:00:27.624000,27.624,4404.403,0.0
2024-03-01 17:00:00.176,0 days 01:13:24.503000,6237.790634221508,5406.7860696562275,-15.688484987821138,OnTrack,229.00000512,10733.24900864,100.0,0,8,5,1703.8238893660205,0.3152779533412809,16,491.5911020800001,interpolation,0 days 00:00:27.724000,27.724,4404.503,0.0
2024-03-01 17:00:00.276,0 days 01:13:24.603000,6181.101409476439,5348.269470556774,-16.858238158112542,OnTrack,231.0,10346.0,100.0,0,8,5,1710.2111111111108,0.3164598537782317,16,488.0633333333335,interpolation,0 days 00:00:27.824000,27.824,4404.603,0.0
2024-03-01 17:00:00.376,0 days 01:13:24.703000,6133.0,5296.0,-18.0,OnTrack,233.5000064,10607.50066944,100.0,0,8,5,1716.5058601486646,0.31762464293616244,16,484.20221233777806,interpolation,0 days 00:00:27.924000,27.924,4404.703,0.0
2024-03-01 17:00:00.476,0 days 01:13:24.803000,6093.4864057921895,5249.977657985905,-19.11377051348351,OnTrack,236.0,10869.0,100.0,0,8,5,1723.3222222222219,0.31888595209915577,16,480.34111111111156,interpolation,0 days 00:00:28.024000,28.024,4404.803,0.0
2024-03-01 17:00:00.576,0 days 01:13:24.903000,6060.869225606071,5208.460854949607,-20.17095673446753,OnTrack,237.50000384,11009.50035968,100.0,0,8,5,1731.2744173331175,0.32035743739454425,16,475.4077651484448,interpolation,0 days 00:00:28.124000,28.124,4404.903,0.0
2024-03-01 17:00:00.676,0 days 01:13:25.003000,6025.0,5161.0,-21.0,OnTrack,239.0,11150.0,100.0,0,8,6,1739.2555555555552,0.3218342783637364,16,470.47444444444477,interpolation,0 days 00:00:28.224000,28.224,4405.003,0.0
2024-03-01 17:00:00.776,0 days 01:13:25.103000,5984.187310407002,5105.853485738231,-21.572307053191913,OnTrack,241.33333731555217,11193.333407288826,100.0,0,8,6,1746.1589101210511,0.32311168473899776,16,466.2485113062782,interpolation,0 days 00:00:28.324000,28.324,4405.103,0.0
2024-03-01 17:00:00.876,0 days 01:13:25.203000,5953.0,5063.0,-22.0,OnTrack,243.66666268444783,11236.666592711174,100.0,0,8,6,1752.1684949744013,0.32422370671780687,16,462.0225998048339,interpolation,0 days 00:00:28.424000,28.424,4405.203,0.0
2024-03-01 17:00:00.976,0 days 01:13:25.303000,5946.006911951922,5052.418230621002,-22.395200946380957,OnTrack,246.0,11280.0,100.0,0,8,6,1758.3888888888885,0.3253747370998646,16,457.7966666666673,interpolation,0 days 00:00:28.524000,28.524,4405.303,0.0
2024-03-01 17:00:01.076,0 days 01:13:25.403000,5926.0,5022.0,-23.0,OnTrack,247.2499968,11323.49988864,100.0,0,8,6,1765.0041128028079,0.3265988273767364,16,453.03084553386725,interpolation,0 days 00:00:28.624000,28.624,4405.403,0.0
2024-03-01 17:00:01.176,0 days 01:13:25.503000,5864.0,4931.0,-24.0,OnTrack,248.5,11367.0,100.0,0,8,6,1772.0142344562264,0.32789599008313886,16,448.26500000000055,interpolation,0 days 00:00:28.724000,28.724,4405.503,0.0
2024-03-01 17:00:01.276,0 days 01:13:25.603000,5809.379857452154,4847.595796475052,-25.056275599952144,OnTrack,249.7499968,11410.49988864,100.0,0,8,6,1779.1664393841102,0.32921944407718967,16,443.4991788672005,interpolation,0 days 00:00:28.824000,28.824,4405.603,0.0
2024-03-01 17:00:01.376,0 days 01:13:25.703000,5770.3684387381545,4783.150375245789,-26.112338952901524,OnTrack,251.0,11454.0,100.0,0,8,6,1786.2080555555551,0.33052243457321684,16,438.7333333333338,interpolation,0 days 00:00:28.924000,28.924,4405.703,0.0
2024-03-01 17:00:01.476,0 days 01:13:25.803000,5739.6728006550775,4729.879766393632,-27.11223282940014,OnTrack,251.49999872,11512.99984896,99.50000128,0,8,6,1793.1390108645965,0.33180494822863194,16,433.9277900800006,interpolation,0 days 00:00:29.024000,29.024,4405.803,0.0
2024-03-01 17:00:01.576,0 days 01:13:25.903000,5710.0,4680.0,-28.0,OnTrack,252.0,11572.0,99.0,0,8,6,1800.2080555555551,0.33311301413623745,16,429.12222222222294,pos,0 days 00:00:29.124000,29.124,4405.903,0.0
2024-03-01 17:00:01.676,0 days 01:13:26.003000,5681.350036772922,4633.511076064895,-28.775640464701112,OnTrack,249.33333788444833,11277.33383623154,76.00003925336682,0,8,6,1807.6637965127516,0.33449263486130093,16,424.2926008351682,interpolation,0 days 00:00:29.224000,29.224,4406.003,0.0
2024-03-01 17:00:01.776,0 days 01:13:26.103000,5652.820844874821,4589.556802447433,-29.44020518920427,OnTrack,246.66666211555167,10982.66616376846,52.99996074663317,0,8,6,1815.3020229646606,0.33590602295730376,16,419.46295472038867,interpolation,0 days 00:00:29.324000,29.324,4406.103,0.0
2024-03-01 17:00:01.876,0 days 01:13:26.203000,5619.0,4543.0,-30.0,OnTrack,244.0,10688.0,30.0,0,8,6,1821.896944444444,0.3371263564433932,16,414.6333333333339,interpolation,0 days 00:00:29.424000,29.424,4406.203,0.0
2024-03-01 17:00:01.976,0 days 01:13:26.303000,5578.985426812233,4492.98446781426,-30.45607587355104,OnTrack,240.3333270755609,10534.666404978001,30.0,0,8,6,1827.2443413657625,0.33811584624194513,16,411.36666109156073,interpolation,0 days 00:00:29.524000,29.524,4406.303,0.0
2024-03-01 17:00:02.076,0 days 01:13:26.403000,5536.0,4444.0,-31.0,OnTrack,236.6666729244391,10381.333595021999,30.0,1,8,6,1831.7034719111741,0.3389409699890726,16,408.10000557510665,interpolation,0 days 00:00:29.624000,29.624,4406.403,0.0
2024-03-01 17:00:02.176,0 days 01:13:26.503000,5493.266594251789,4400.536390667013,-31.823339569489526,OnTrack,233.0,10228.0,30.0,1,8,6,1837.4302777777775,0.3400006661490304,16,404.8333333333335,interpolation,0 days 00:00:29.724000,29.724,4406.503,0.0
2024-03-01 17:00:02.276,0 days 01:13:26.603000,5450.612337205593,4362.35233371999,-32.891842794263866,OnTrack,228.0000128,10127.00025856,33.99998976,1,8,6,1844.784013262994,0.34136141163902056,16,400.4000113493335,interpolation,0 days 00:00:29.824000,29.824,4406.603,0.0
2024-03-01 17:00:02.376,0 days 01:13:26.703000,5407.0,4328.0,-34.0,OnTrack,223.0,10026.0,38.0,1,8,6,1852.296944444444,0.3427516149230952,16,395.9666666666669,interpolation,0 days 00:00:29.924000,29.924,4406.703,0.0
2024-03-01 17:00:02.476,0 days 01:13:26.803000,5362.256712043209,4297.238085882698,-35.11355974967869,OnTrack,220.33333788444833,9939.666814009015,44.33332252443522,1,8,6,1858.5011851651138,0.34389965629559716,16,392.9225051953824,interpolation,0 days 00:00:30.024000,30.024,4406.803,0.0
2024-03-01 17:00:02.576,0 days 01:13:26.903000,5317.0,4270.0,-36.0,OnTrack,217.66666211555167,9853.333185990985,50.66667747556478,1,8,6,1863.6295953459087,0.34484862448167947,16,389.87832813795126,pos,0 days 00:00:30.124000,30.124,4406.903,0.0
2024-03-01 17:00:02.676,0 days 01:13:27.003000,5271.847390535155,4246.219150983825,-36.42679870766396,OnTrack,215.0,9767.0,57.0,1,8,6,1869.0788888888885,0.3458569693734898,16,386.83416666666676,interpolation,0 days 00:00:30.224000,30.224,4407.003,0.0
2024-03-01 17:00:02.776,0 days 01:13:27.103000,5217.0,4225.0,-37.0,OnTrack,213.99999829333478,9816.66675143104,61.333340728882575,1,8,6,1875.081917984291,0.3469677782656875,16,383.7230502459305,pos,0 days 00:00:30.324000,30.324,4407.103,0.0
2024-03-01 17:00:02.876,0 days 01:13:27.203000,5142.658944745857,4205.4470082143525,-38.3256480043375,OnTrack,213.00000170666522,9866.33324856896,65.66665927111742,0,8,6,1881.5468737623353,0.34816406271671857,16,380.61194975406954,interpolation,0 days 00:00:30.424000,30.424,4407.203,0.0
2024-03-01 17:00:02.976,0 days 01:13:27.303000,5061.0,4191.0,-40.0,OnTrack,212.0,9916.0,70.0,0,8,6,1887.923333333333,0.3493439717059367,16,377.5008333333333,interpolation,0 days 00:00:30.524000,30.524,4407.303,0.0
2024-03-01 17:00:03.076,0 days 01:13:27.403000,4984.198940989695,4185.098799730059,-41.619313266311025,OnTrack,212.99999744,9985.49982208,77.99997952,0,8,6,1894.119484003586,0.35049051608420484,16,374.7508403733334,interpolation,0 days 00:00:30.624000,30.624,4407.403,0.0
2024-03-01 17:00:03.176,0 days 01:13:27.503000,4914.0,4184.0,-43.0,OnTrack,214.0,10055.0,86.0,0,8,6,1899.8122222222219,0.35154390831897797,16,372.0008333333335,interpolation,0 days 00:00:30.724000,30.724,4407.503,0.0
2024-03-01 17:00:03.276,0 days 01:13:27.603000,4853.0,4184.0,-44.0,OnTrack,214.0,10143.99977216,86.0,0,8,6,1904.678322696139,0.35244433835035904,16,370.0008384533334,interpolation,0 days 00:00:30.824000,30.824,4407.603,0.0
2024-03-01 17:00:03.376,0 days 01:13:27.703000,4806.314458902385,4185.337638075448,-44.86847760380911,OnTrack,214.0,10233.0,86.0,0,8,6,1909.323333333333,0.3533038576094111,16,368.0008333333333,interpolation,0 days 00:00:30.924000,30.924,4407.703,0.0
2024-03-01 17:00:03.476,0 days 01:13:27.803000,4756.0,4187.0,-46.0,OnTrack,215.49999616,10262.49992448,92.99998208,0,8,6,1914.3527046480058,0.3542344995053134,16,365.6952836799998,interpolation,0 days 00:00:31.024000,31.024,4407.803,0.0
2024-03-01 17:00:03.576,0 days 01:13:27.903000,4683.260664632149,4187.934365360225,-47.74760720018217,OnTrack,217.0,10292.0,100.0,0,8,6,1921.3788888888887,0.3555346344553455,16,363.38972222222196,interpolation,0 days 00:00:31.124000,31.124,4407.903,0.0
2024-03-01 17:00:03.676,0 days 01:13:28.003000,4593.817876272327,4188.183055813055,-49.990068122497135,OnTrack,221.0,10395.0,100.0,0,8,6,1931.201111111111,0.35735215218051236,16,359.7897222222218,interpolation,0 days 00:00:31.224000,31.224,4408.003,0.0
2024-03-01 17:00:03.776,0 days 01:13:28.103000,4522.0,4188.0,-52.0,OnTrack,223.66667121777388,10393.999998293335,100.0,0,8,6,1938.940807795006,0.35878431647003217,16,357.8971263996073,interpolation,0 days 00:00:31.324000,31.324,4408.103,0.0
2024-03-01 17:00:03.876,0 days 01:13:28.203000,4473.52840070159,4187.427519144623,-53.6561729922322,OnTrack,226.33332878222612,10393.000001706665,100.0,0,8,6,1944.14913757307,0.35974807309006956,16,356.00454026705864,interpolation,0 days 00:00:31.424000,31.424,4408.203,0.0
2024-03-01 17:00:03.976,0 days 01:13:28.303000,4442.333762090819,4185.564029401351,-55.08000420465696,OnTrack,229.0,10392.0,100.0,0,8,6,1949.012222222222,0.3606479450690219,16,354.11194444444413,interpolation,0 days 00:00:31.524000,31.524,4408.303,0.0
2024-03-01 17:00:04.076,0 days 01:13:28.403000,4392.0,4177.0,-57.0,OnTrack,229.6666655288879,10507.33313649761,94.3333430044527,0,8,6,1953.8943535761223,0.361551341476836,16,352.7563912023721,interpolation,0 days 00:00:31.624000,31.624,4408.403,0.0
2024-03-01 17:00:04.176,0 days 01:13:28.503000,4316.45773599274,4160.833837862733,-59.53757872704209,OnTrack,230.3333344711121,10622.66686350239,88.6666569955473,0,8,6,1958.8729561598027,0.3624725890558135,16,351.4008310198496,interpolation,0 days 00:00:31.724000,31.724,4408.503,0.0
2024-03-01 17:00:04.276,0 days 01:13:28.603000,4221.623912240033,4138.432757058463,-62.52990816595965,OnTrack,231.0,10738.0,83.0,0,8,6,1964.412222222222,0.36349758258834464,16,350.0452777777775,interpolation,0 days 00:00:31.824000,31.824,4408.603,0.0
2024-03-01 17:00:04.376,0 days 01:13:28.703000,4143.0,4118.0,-65.0,OnTrack,231.50000128,10777.50010112,82.49999872,0,8,6,1970.5895830174888,0.3646406500618892,16,348.57305178666667,interpolation,0 days 00:00:31.924000,31.924,4408.703,0.0
2024-03-01 17:00:04.476,0 days 01:13:28.803000,4086.50288085446,4100.902766756057,-66.78502367673293,OnTrack,232.0,10817.0,82.0,0,8,6,1977.3011111111107,0.3658825605987445,16,347.10083333333364,interpolation,0 days 00:00:32.024000,32.024,4408.803,0.0
2024-03-01 17:00:04.576,0 days 01:13:28.903000,4052.132554803411,4087.141057326635,-67.88497919615847,OnTrack,233.6666695111087,10891.000126293226,82.0,0,8,6,1984.4430110508276,0.36720410774338513,16,345.6786086838542,interpolation,0 days 00:00:32.124000,32.124,4408.903,0.0
2024-03-01 17:00:04.676,0 days 01:13:29.003000,4021.1959513506567,4070.3088192338946,-69.04244511750477,OnTrack,235.3333304888913,10964.999873706774,82.0,0,8,6,1991.8318768629201,0.36857135379815004,16,344.2563913161462,interpolation,0 days 00:00:32.224000,32.224,4409.003,0.0
2024-03-01 17:00:04.776,0 days 01:13:29.103000,3975.0,4044.0,-71.0,OnTrack,237.0,11039.0,82.0,0,8,6,1998.3677777777773,0.3697807660364327,16,342.83416666666676,interpolation,0 days 00:00:32.324000,32.324,4409.103,0.0
2024-03-01 17:00:04.876,0 days 01:13:29.203000,3913.544700751443,4008.2145996249515,-73.75764384364419,OnTrack,237.99999829333188,11089.999912959925,87.99998975999127,0,8,6,2003.8673140270948,0.37079840790883073,16,341.7971313995078,interpolation,0 days 00:00:32.424000,32.424,4409.203,0.0
2024-03-01 17:00:04.976,0 days 01:13:29.303000,3850.0,3969.0,-77.0,OnTrack,239.00000170666812,11141.000087040075,94.00001024000873,0,8,6,2008.9168824481662,0.37173278710552365,16,340.76009082271463,interpolation,0 days 00:00:32.524000,32.524,4409.303,0.0
2024-03-01 17:00:05.076,0 days 01:13:29.403000,3797.535844140692,3932.403583016401,-80.41169182063024,OnTrack,240.0,11192.0,100.0,0,8,6,2017.034444444444,0.3732348721204602,16,339.7230555555557,interpolation,0 days 00:00:32.624000,32.624,4409.403,0.0
2024-03-01 17:00:05.176,0 days 01:13:29.503000,3754.835663545371,3897.6403183567036,-83.91015487016533,OnTrack,244.0,11257.0,100.0,0,8,6,2027.8788888888887,0.37524154327403814,16,337.90083333333337,interpolation,0 days 00:00:32.724000,32.724,4409.503,0.0
2024-03-01 17:00:05.276,0 days 01:13:29.603000,3714.0,3860.0,-87.0,OnTrack,244.74999808,11397.99963904,99.75000064,0,8,6,2035.8849435863133,0.3767229948225791,16,337.0258355733333,interpolation,0 days 00:00:32.824000,32.824,4409.603,0.0
2024-03-01 17:00:05.376,0 days 01:13:29.703000,3673.7122703946907,3818.6975895900896,-89.59866192930062,OnTrack,245.5,11539.0,99.5,0,8,6,2040.12515574594,0.37750760960569346,16,336.15083333333325,interpolation,0 days 00:00:32.924000,32.924,4409.703,0.0
2024-03-01 17:00:05.476,0 days 01:13:29.803000,3638.0,3781.0,-92.0,OnTrack,246.24999808,11679.99963904,99.25000064,0,8,6,2044.417202861042,0.3783018160014009,16,335.2758355733332,pos,0 days 00:00:33.024000,33.024,4409.803,0.0
2024-03-01 17:00:05.576,0 days 01:13:29.903000,3610.8907140864885,3754.1741441027593,-94.49787355403095,OnTrack,247.0,11821.0,99.0,0,8,6,2052.5788888888887,0.37981206578879595,16,334.40083333333314,interpolation,0 days 00:00:33.124000,33.124,4409.903,0.0
2024-03-01 17:00:05.676,0 days 01:13:30.003000,3549.0,3673.0,-100.0,OnTrack,251.0,11443.0,94.0,0,8,6,2063.734444444444,0.38187630537710754,16,332.9341666666669,pos,0 days 00:00:33.224000,33.224,4410.003,0.0
2024-03-01 17:00:05.776,0 days 01:13:30.103000,3427.0,3499.0,-110.0,OnTrack,251.75000192,11537.50024192,95.50000384,0,8,6,2072.6298240680517,0.3835223188526954,16,332.25916493866686,interpolation,0 days 00:00:33.324000,33.324,4410.103,0.0
2024-03-01 17:00:05.876,0 days 01:13:30.203000,3353.230598267468,3392.6296908736354,-116.01324963374847,OnTrack,252.5,11632.0,97.0,0,8,6,2078.389250861673,0.3845880512345716,16,331.58416666666676,interpolation,0 days 00:00:33.424000,33.424,4410.203,0.0
2024-03-01 17:00:05.976,0 days 01:13:30.303000,3345.7485346160943,3380.6318006716847,-116.62563767430696,OnTrack,253.25000192,11726.50024192,98.50000384,0,8,6,2083.171306958673,0.38547292957700774,16,330.9091649386667,interpolation,0 days 00:00:33.524000,33.524,4410.303,0.0
2024-03-01 17:00:06.076,0 days 01:13:30.403000,3358.892203656673,3396.318010133892,-115.67520687771194,OnTrack,254.0,11821.0,100.0,0,8,6,2089.134444444444,0.3865763568700164,16,330.2341666666666,interpolation,0 days 00:00:33.624000,33.624,4410.403,0.0
2024-03-01 17:00:06.176,0 days 01:13:30.503000,3347.0,3373.0,-117.0,OnTrack,255.33333560888696,11819.666664391114,100.0,0,8,6,2096.2787243816706,0.387898344412722,16,329.523054341927,pos,0 days 00:00:33.724000,33.724,4410.503,0.0
2024-03-01 17:00:06.276,0 days 01:13:30.603000,3310.071923646076,3310.677770270009,-120.60001704117113,OnTrack,256.66666439111304,11818.333335608886,100.0,0,8,6,2104.3770974278564,0.3893968786775195,16,328.81194565807306,interpolation,0 days 00:00:33.824000,33.824,4410.603,0.0
2024-03-01 17:00:06.376,0 days 01:13:30.703000,3263.0,3232.0,-125.0,OnTrack,258.0,11817.0,100.0,0,8,6,2112.0677777777773,0.39081997291610737,16,328.1008333333334,interpolation,0 days 00:00:33.924000,33.924,4410.703,0.0
2024-03-01 17:00:06.476,0 days 01:13:30.803000,3220.6762544668736,3159.6153682460554,-128.72469087526136,OnTrack,256.6666689422242,11742.000128000109,76.33337372447892,0,8,6,2119.1237104938127,0.3921256125655509,16,327.7119451081488,interpolation,0 days 00:00:34.024000,34.024,4410.803,0.0
2024-03-01 17:00:06.576,0 days 01:13:30.903000,3181.9592134163317,3092.2210438678135,-131.8687341911139,OnTrack,255.33333105777584,11666.999871999891,52.66662627552109,0,8,6,2125.5996181246205,0.39332392356272095,16,327.3230548918515,interpolation,0 days 00:00:34.124000,34.124,4410.903,0.0
2024-03-01 17:00:06.676,0 days 01:13:31.003000,3140.0,3022.0,-135.0,OnTrack,254.0,11592.0,29.0,0,8,6,2131.823333333333,0.3944755685217031,16,326.9341666666669,interpolation,0 days 00:00:34.224000,34.224,4411.003,0.0
2024-03-01 17:00:06.776,0 days 01:13:31.103000,3093.6571288987643,2947.649392161193,-138.21313379524324,OnTrack,245.33331854223485,10985.33229795644,19.66665073779137,0,8,6,2137.8495701466795,0.39559067180245877,16,327.3489821894316,interpolation,0 days 00:00:34.324000,34.324,4411.103,0.0
2024-03-01 17:00:06.876,0 days 01:13:31.203000,3050.0,2880.0,-141.0,OnTrack,236.66668145776515,10378.66770204356,10.333349262208628,1,8,6,2143.705731504095,0.39667430408319243,16,327.7637955883463,interpolation,0 days 00:00:34.424000,34.424,4411.203,0.0
2024-03-01 17:00:06.976,0 days 01:13:31.303000,3016.0980131910846,2829.882603165028,-142.85246303742667,OnTrack,228.0,9772.0,1.0,1,8,6,2149.5566666666664,0.3977569693015293,16,328.17861111111097,interpolation,0 days 00:00:34.524000,34.524,4411.303,0.0
2024-03-01 17:00:07.076,0 days 01:13:31.403000,2991.9511684720183,2797.2972016562762,-143.7705229075233,OnTrack,215.33335495112956,9545.000387413664,0.666667235556041,1,8,6,2155.429780368913,0.39884373846783894,16,329.92675627575045,interpolation,0 days 00:00:34.624000,34.624,4411.403,0.0
2024-03-01 17:00:07.176,0 days 01:13:31.503000,2972.8287395169423,2773.313199319386,-144.3033213238582,OnTrack,202.66664504887044,9317.999612586336,0.333332764443959,1,8,6,2161.2365646035896,0.3999182339367836,16,331.674910390916,interpolation,0 days 00:00:34.724000,34.724,4411.503,0.0
2024-03-01 17:00:07.276,0 days 01:13:31.603000,2954.0,2749.0,-145.0,OnTrack,190.0,9091.0,0.0,1,8,6,2166.445555555555,0.40088211290136366,16,333.4230555555555,interpolation,0 days 00:00:34.824000,34.824,4411.603,0.0
2024-03-01 17:00:07.376,0 days 01:13:31.703000,2935.464949921191,2724.3576036981167,-145.86055893594866,OnTrack,180.59998074880986,9226.400277299059,0.0,1,8,6,2170.9682384169287,0.4017189964578421,16,336.4630617814723,interpolation,0 days 00:00:34.924000,34.924,4411.703,0.0
2024-03-01 17:00:07.476,0 days 01:13:31.803000,2906.0,2688.0,-147.0,OnTrack,171.20000962559507,9361.799861350471,0.0,1,8,6,2174.8045668755585,0.40242887603655353,16,339.50305244259704,pos,0 days 00:00:35.024000,35.024,4411.803,0.0
2024-03-01 17:00:07.576,0 days 01:13:31.903000,2854.3815609559147,2628.541178491914,-148.53332506045004,OnTrack,161.79999037440493,9497.200138649529,0.0,1,8,6,2178.0872460478554,0.40303630757767545,16,342.54305866851377,interpolation,0 days 00:00:35.124000,35.124,4411.903,0.0
2024-03-01 17:00:07.676,0 days 01:13:32.003000,2800.0,2568.0,-150.0,OnTrack,152.40001925119014,9632.599722700941,0.0,1,8,6,2181.6122305206627,0.4036885756301911,16,345.5830493296385,interpolation,0 days 00:00:35.224000,35.224,4412.003,0.0
2024-03-01 17:00:07.776,0 days 01:13:32.103000,2762.245684343323,2528.3953253504,-150.9394907013512,OnTrack,143.0,9768.0,0.0,1,8,6,2185.5122222222217,0.40441023554433464,16,348.6230555555553,interpolation,0 days 00:00:35.324000,35.324,4412.103,0.0
2024-03-01 17:00:07.876,0 days 01:13:32.203000,2741.1186139858833,2509.727154543114,-151.3517971645036,OnTrack,133.50002432,9243.001344,0.0,1,8,6,2189.78718121672,0.40520127993032745,16,353.1563772835553,interpolation,0 days 00:00:35.424000,35.424,4412.203,0.0
2024-03-01 17:00:07.976,0 days 01:13:32.303000,2734.078764343299,2508.901833642788,-151.29989468651877,OnTrack,124.0,8718.0,0.0,1,8,6,2193.7788888888886,0.40593991109583255,16,357.6897222222219,interpolation,0 days 00:00:35.524000,35.524,4412.303,0.0
2024-03-01 17:00:08.076,0 days 01:13:32.403000,2725.885909879461,2507.3573439999277,-151.16163698437364,OnTrack,120.75000832,8432.75073024,0.0,1,8,6,2196.8290419727955,0.40650431568463646,16,361.3794349987553,interpolation,0 days 00:00:35.624000,35.624,4412.403,0.0
2024-03-01 17:00:08.176,0 days 01:13:32.503000,2714.0,2502.0,-151.0,OnTrack,117.5,8147.5,0.0,1,8,3,2198.937671702085,0.4068944994762561,16,365.06916666666643,interpolation,0 days 00:00:35.724000,35.724,4412.503,0.0
2024-03-01 17:00:08.276,0 days 01:13:32.603000,2698.4210347049184,2492.8298016430053,-150.81498373339792,OnTrack,114.25000832,7862.25073024,0.0,1,8,3,2201.234187522911,0.4073194499727978,16,368.7588794431998,interpolation,0 days 00:00:35.824000,35.824,4412.603,0.0
2024-03-01 17:00:08.376,0 days 01:13:32.703000,2670.0,2481.0,-151.0,OnTrack,111.0,7577.0,0.0,1,8,3,2204.848055555555,0.40798816516342795,16,372.44861111111095,pos,0 days 00:00:35.924000,35.924,4412.703,0.0
2024-03-01 17:00:08.476,0 days 01:13:32.803000,2619.5878818910314,2467.6638461420407,-151.9484606152389,OnTrack,103.0,7149.0,0.0,1,8,3,2209.425833333333,0.40883524356022516,16,379.33749999999964,interpolation,0 days 00:00:36.024000,36.024,4412.803,0.0
2024-03-01 17:00:08.576,0 days 01:13:32.903000,2568.0,2456.0,-153.0,OnTrack,99.74999168,6994.24960384,0.0,1,8,3,2212.8471168737415,0.4094683226473025,16,383.0125094079997,interpolation,0 days 00:00:36.124000,36.124,4412.903,0.0
2024-03-01 17:00:08.676,0 days 01:13:33.003000,2536.051673948895,2449.1871215047504,-153.49425257516867,OnTrack,96.5,6839.5,0.0,1,8,3,2214.7584656821577,0.4098220013016516,16,386.6874999999998,interpolation,0 days 00:00:36.224000,36.224,4413.003,0.0
2024-03-01 17:00:08.776,0 days 01:13:33.103000,2523.742903737717,2447.2252106562923,-153.43121834074495,OnTrack,93.24999168,6684.74960384,0.0,1,8,3,2216.2535098361586,0.4100986463610207,16,390.3625094079998,interpolation,0 days 00:00:36.324000,36.324,4413.103,0.0
2024-03-01 17:00:08.876,0 days 01:13:33.203000,2515.56268165768,2451.150694479688,-153.15257493594873,OnTrack,90.0,6530.0,0.0,1,8,3,2218.425833333333,0.41050061613645267,16,394.0374999999999,interpolation,0 days 00:00:36.424000,36.424,4413.203,0.0
2024-03-01 17:00:08.976,0 days 01:13:33.303000,2496.0,2462.0,-153.0,OnTrack,88.49999616,6361.49956864,0.0,1,8,3,2221.2754584183253,0.4110279147441279,16,398.10417707733296,interpolation,0 days 00:00:36.524000,36.524,4413.303,0.0
2024-03-01 17:00:09.076,0 days 01:13:33.403000,2465.0548587646767,2479.7731272172286,-152.97349353289871,OnTrack,87.0,6193.0,0.0,1,8,3,2224.225833333333,0.4115738562411327,16,402.17083333333267,interpolation,0 days 00:00:36.624000,36.624,4413.403,0.0
2024-03-01 17:00:09.176,0 days 01:13:33.503000,2434.0,2499.0,-153.0,OnTrack,84.99999658666958,6103.333180302353,0.0,1,8,3,2226.7004657125417,0.41203176567453026,16,404.43444830767015,interpolation,0 days 00:00:36.724000,36.724,4413.503,0.0
2024-03-01 17:00:09.276,0 days 01:13:33.603000,2414.108165754259,2514.210542216941,-153.00646386665898,OnTrack,83.00000341333042,6013.666819697647,0.0,1,8,3,2228.7355395265754,0.41240833857680703,16,406.69805169232865,interpolation,0 days 00:00:36.824000,36.824,4413.603,0.0
2024-03-01 17:00:09.376,0 days 01:13:33.703000,2405.3793560274544,2525.4047538680516,-152.9928851328756,OnTrack,81.0,5924.0,0.0,1,8,3,2230.5483333333327,0.4127437804759325,16,408.96166666666613,interpolation,0 days 00:00:36.924000,36.924,4413.703,0.0
2024-03-01 17:00:09.476,0 days 01:13:33.803000,2400.960868286922,2535.8965885851367,-152.98286383265443,OnTrack,80.20000163840083,5951.199944294372,5.799988121593919,1,8,3,2232.1750378806473,0.41304478815845724,16,410.33055275206925,interpolation,0 days 00:00:37.024000,37.024,4413.803,0.0
2024-03-01 17:00:09.576,0 days 01:13:33.903000,2394.0,2549.0,-153.0,OnTrack,79.39999918079958,5978.400027852815,11.600005939203042,0,8,3,2233.6156698260147,0.41331136470670754,16,411.699445846187,interpolation,0 days 00:00:37.124000,37.124,4413.903,0.0
2024-03-01 17:00:09.676,0 days 01:13:34.003000,2384.4967511666887,2564.7149881126415,-153.0442936349123,OnTrack,78.60000081920042,6005.599972147185,17.39999406079696,0,8,3,2234.9957489155163,0.41356673646989434,16,413.06833193159014,interpolation,0 days 00:00:37.224000,37.224,4414.003,0.0
2024-03-01 17:00:09.776,0 days 01:13:34.103000,2372.6885529920087,2583.37714128522,-153.09192778452712,OnTrack,77.79999836159917,6032.800055705628,23.200011878406084,0,8,3,2237.0685026972697,0.41395028172605036,16,414.4372250257079,interpolation,0 days 00:00:37.324000,37.324,4414.103,0.0
2024-03-01 17:00:09.876,0 days 01:13:34.203000,2360.0,2607.0,-153.0,OnTrack,77.0,6060.0,29.0,0,8,3,2239.9594444444438,0.4144852256266297,16,415.806111111111,interpolation,0 days 00:00:37.424000,37.424,4414.203,0.0
2024-03-01 17:00:09.976,0 days 01:13:34.303000,2346.6685258269927,2635.9191560555823,-152.74469308457995,OnTrack,78.0,6095.0,36.0,0,8,3,2243.4261111111105,0.41512670247080624,16,417.6283333333331,interpolation,0 days 00:00:37.524000,37.524,4414.303,0.0
2024-03-01 17:00:10.076,0 days 01:13:34.403000,2333.1300415233377,2668.8405650139603,-152.3544580397059,OnTrack,78.99999744,6195.99974144,38.499993599999996,0,8,3,2246.0135237187837,0.41560548091527344,16,418.3783314133331,interpolation,0 days 00:00:37.624000,37.624,4414.403,0.0
2024-03-01 17:00:10.176,0 days 01:13:34.503000,2322.0,2698.0,-152.0,OnTrack,80.0,6297.0,41.0,0,8,3,2247.870555555555,0.415949108681289,16,419.1283333333331,interpolation,0 days 00:00:37.724000,37.724,4414.503,0.0
2024-03-01 17:00:10.276,0 days 01:13:34.603000,2313.7143078436243,2722.103429826642,-151.70976967556444,OnTrack,81.33333105777584,6416.666462435382,43.99999487999563,0,8,3,2249.388527047625,0.4162299962473322,16,419.3061108077032,interpolation,0 days 00:00:37.824000,37.824,4414.603,0.0
2024-03-01 17:00:10.376,0 days 01:13:34.703000,2308.2729650542096,2741.150854493886,-151.48376706639925,OnTrack,82.66666894222416,6536.333537564618,47.00000512000437,0,8,3,2250.79670330383,0.4164905671495075,16,419.4838891922963,interpolation,0 days 00:00:37.924000,37.924,4414.703,0.0
2024-03-01 17:00:10.476,0 days 01:13:34.803000,2304.4451397376906,2758.372851914187,-151.26588092403443,OnTrack,84.0,6656.0,50.0,0,8,3,2253.4705555555547,0.4169853405064972,16,419.6616666666664,interpolation,0 days 00:00:38.024000,38.024,4414.803,0.0
2024-03-01 17:00:10.576,0 days 01:13:34.903000,2301.0,2777.0,-151.0,OnTrack,86.0,6907.0,57.0,0,8,3,2257.2927777777772,0.4176926098475124,16,419.79499999999916,interpolation,0 days 00:00:38.124000,38.124,4414.903,0.0
2024-03-01 17:00:10.676,0 days 01:13:35.003000,2297.9375458411378,2797.0322987513246,-150.68612429429595,OnTrack,88.74999296,7177.74930688,59.74999296,0,8,3,2260.183850755369,0.4182275780311517,16,419.3450011519992,interpolation,0 days 00:00:38.224000,38.224,4415.003,0.0
2024-03-01 17:00:10.776,0 days 01:13:35.103000,2295.2621445506525,2818.2128214617505,-150.3337661591335,OnTrack,91.5,7448.5,62.5,0,8,3,2261.7972211228857,0.418526118338414,16,418.8949999999993,interpolation,0 days 00:00:38.324000,38.324,4415.103,0.0
2024-03-01 17:00:10.876,0 days 01:13:35.203000,2293.0,2839.0,-150.0,OnTrack,94.24999296,7719.2493068799995,65.24999296,0,8,3,2263.5833574018498,0.4188566274913464,16,418.44500115199935,interpolation,0 days 00:00:38.424000,38.424,4415.203,0.0
2024-03-01 17:00:10.976,0 days 01:13:35.303000,2291.1554795234506,2859.1369050287194,-149.6943382665137,OnTrack,97.0,7990.0,68.0,0,8,3,2266.992777777777,0.41948751140189094,16,417.99499999999944,interpolation,0 days 00:00:38.524000,38.524,4415.303,0.0
2024-03-01 17:00:11.076,0 days 01:13:35.403000,2289.7597709171628,2879.239105920426,-149.39818888671581,OnTrack,104.0,8341.0,72.0,0,8,3,2271.6149999999993,0.42034281386079303,16,416.7949999999996,interpolation,0 days 00:00:38.624000,38.624,4415.403,0.0
2024-03-01 17:00:11.176,0 days 01:13:35.503000,2289.0,2903.0,-149.0,OnTrack,106.6666712177739,8597.000436906294,74.6666712177739,0,8,3,2274.9873663554317,0.42096684124360745,16,415.9727763745193,interpolation,0 days 00:00:38.724000,38.724,4415.503,0.0
2024-03-01 17:00:11.276,0 days 01:13:35.603000,2288.9073542487604,2931.0351503365628,-148.48117972478943,OnTrack,109.3333287822261,8852.999563093706,77.3333287822261,0,8,3,2276.9583446809825,0.4213315538271309,16,415.15055695881324,interpolation,0 days 00:00:38.824000,38.824,4415.603,0.0
2024-03-01 17:00:11.376,0 days 01:13:35.703000,2289.6236733744017,2963.908086142076,-147.8326564243949,OnTrack,112.0,9109.0,80.0,0,8,3,2279.081666666666,0.421724456294404,16,414.3283333333329,interpolation,0 days 00:00:38.924000,38.924,4415.703,0.0
2024-03-01 17:00:11.476,0 days 01:13:35.803000,2292.0,3005.0,-147.0,OnTrack,116.99999146665938,9468.332720070588,84.99999146665938,0,8,3,2281.616260277866,0.42219346103795663,16,413.03203924938424,interpolation,0 days 00:00:39.024000,39.024,4415.803,0.0
2024-03-01 17:00:11.576,0 days 01:13:35.903000,2296.0,3053.0,-146.0,OnTrack,122.00000853334062,9827.667279929412,90.00000853334062,0,8,3,2284.6777227434673,0.4227599583305525,16,411.7357385283929,interpolation,0 days 00:00:39.124000,39.124,4415.903,0.0
2024-03-01 17:00:11.676,0 days 01:13:36.003000,2300.5546161670704,3096.661467202279,-144.9878248867265,OnTrack,127.0,10187.0,95.0,0,8,3,2288.9594444444438,0.4235522540972019,16,410.43944444444423,interpolation,0 days 00:00:39.224000,39.224,4416.003,0.0
2024-03-01 17:00:11.776,0 days 01:13:36.103000,2305.3975421705445,3134.5160135834585,-143.98883243261415,OnTrack,135.50002176,10695.50130176,97.5000064,0,8,3,2294.5770405003113,0.4245917419211759,16,407.9894381724444,interpolation,0 days 00:00:39.324000,39.324,4416.103,0.0
2024-03-01 17:00:11.876,0 days 01:13:36.203000,2310.0,3169.0,-143.0,OnTrack,144.0,11204.0,100.0,0,8,3,2300.1594444444436,0.42562471774761834,16,405.5394444444446,interpolation,0 days 00:00:39.424000,39.424,4416.203,0.0
2024-03-01 17:00:11.976,0 days 01:13:36.303000,2314.273859535808,3200.519488673679,-142.0208238133608,OnTrack,146.75000704,11402.00050688,100.0,0,8,3,2304.3357044981876,0.4263974987436962,16,404.05055174400013,interpolation,0 days 00:00:39.524000,39.524,4416.303,0.0
2024-03-01 17:00:12.076,0 days 01:13:36.403000,2318.5707015639723,3230.667265842026,-141.04114381823848,OnTrack,149.5,11600.0,100.0,0,8,3,2307.1057778967506,0.42691007699615213,16,402.5616666666667,interpolation,0 days 00:00:39.624000,39.624,4416.403,0.0
2024-03-01 17:00:12.176,0 days 01:13:36.503000,2325.0,3269.0,-140.0,OnTrack,152.25000704,11798.00050688,100.0,0,8,3,2309.847146649159,0.4274173437007731,16,401.07277396622226,interpolation,0 days 00:00:39.724000,39.724,4416.503,0.0
2024-03-01 17:00:12.276,0 days 01:13:36.603000,2333.913332029726,3317.1104610750835,-138.88723240822577,OnTrack,155.0,11996.0,100.0,0,8,3,2313.9372222222214,0.42817417700011484,16,399.58388888888885,interpolation,0 days 00:00:39.824000,39.824,4416.603,0.0
2024-03-01 17:00:12.376,0 days 01:13:36.703000,2344.8449107019005,3372.8137049722923,-137.65319388970414,OnTrack,164.50002432,11616.99902976,100.0,0,8,3,2319.3760464984125,0.42918058464416925,16,396.9172153955557,interpolation,0 days 00:00:39.924000,39.924,4416.703,0.0
2024-03-01 17:00:12.476,0 days 01:13:36.803000,2355.0,3423.0,-136.0,OnTrack,174.0,11238.0,100.0,0,8,3,2325.5372222222213,0.4303206572094748,16,394.2505555555558,interpolation,0 days 00:00:40.024000,40.024,4416.803,0.0
2024-03-01 17:00:12.576,0 days 01:13:36.903000,2364.0,3466.0,-134.0,OnTrack,178.00001024,11415.00045312,100.0,0,8,3,2331.794470922138,0.43147850725252773,16,391.5172152248891,interpolation,0 days 00:00:40.124000,40.124,4416.903,0.0
2024-03-01 17:00:12.676,0 days 01:13:37.003000,2372.3680641618857,3504.9074426765264,-132.38517917238838,OnTrack,182.0,11592.0,100.0,0,8,3,2337.6705555555545,0.43256582616409267,16,388.7838888888891,interpolation,0 days 00:00:40.224000,40.224,4417.003,0.0
2024-03-01 17:00:12.776,0 days 01:13:37.103000,2380.2502779698825,3540.683337341001,-131.20230599574168,OnTrack,184.75000704,11633.50010624,100.0,0,8,4,2342.6883633251778,0.4334943283254607,16,387.07277339733355,interpolation,0 days 00:00:40.324000,40.324,4417.103,0.0
2024-03-01 17:00:12.876,0 days 01:13:37.203000,2388.0,3576.0,-130.0,OnTrack,187.5,11675.0,100.0,0,8,4,2346.847842848787,0.43426400422879397,16,385.3616666666669,interpolation,0 days 00:00:40.424000,40.424,4417.203,0.0
2024-03-01 17:00:12.976,0 days 01:13:37.303000,2395.6761236497737,3611.302818934998,-128.7030307216413,OnTrack,190.25000704,11716.50010624,100.0,0,8,4,2350.7075895737785,0.43497821715623664,16,383.65055117511133,interpolation,0 days 00:00:40.524000,40.524,4417.303,0.0
2024-03-01 17:00:13.076,0 days 01:13:37.403000,2406.0,3659.0,-127.0,OnTrack,193.0,11758.0,100.0,0,8,4,2354.82611111111,0.435740314136556,16,381.9394444444447,interpolation,0 days 00:00:40.624000,40.624,4417.403,0.0
2024-03-01 17:00:13.176,0 days 01:13:37.503000,2421.6929801314777,3731.499749049011,-124.57950967441042,OnTrack,195.5000064,11573.74952832,100.0,0,8,4,2359.2034496345514,0.43655030297364517,16,380.07832856888916,interpolation,0 days 00:00:40.724000,40.724,4417.503,0.0
2024-03-01 17:00:13.276,0 days 01:13:37.603000,2439.0,3812.0,-122.0,OnTrack,198.0,11389.5,100.0,0,8,4,2363.8395603202694,0.4374081753732397,16,378.2172222222225,interpolation,0 days 00:00:40.824000,40.824,4417.603,0.0
2024-03-01 17:00:13.376,0 days 01:13:37.703000,2454.1659955613623,3883.6986867709384,-119.81991123189614,OnTrack,200.5000064,11205.24952832,100.0,0,8,4,2369.6078641614154,0.4384755503763946,16,376.356106346667,interpolation,0 days 00:00:40.924000,40.924,4417.703,0.0
2024-03-01 17:00:13.476,0 days 01:13:37.803000,2467.1909668155636,3946.5958093618256,-118.03924337009886,OnTrack,203.0,11021.0,100.0,0,8,4,2377.3816666666658,0.43991402565475596,16,374.49500000000035,interpolation,0 days 00:00:41.024000,41.024,4417.803,0.0
2024-03-01 17:00:13.576,0 days 01:13:37.903000,2479.6204546619833,4005.6950272718,-116.48895382325215,OnTrack,209.0,11364.0,100.0,0,8,5,2386.670555555555,0.44163285463466495,16,371.25055555555537,interpolation,0 days 00:00:41.124000,41.124,4417.903,0.0
2024-03-01 17:00:13.676,0 days 01:13:38.003000,2493.0,4066.0,-115.0,OnTrack,212.33332764443958,11516.999738879776,100.0,0,8,5,2394.5315095167352,0.44308745654021364,16,369.4431512327925,interpolation,0 days 00:00:41.224000,41.224,4418.003,0.0
2024-03-01 17:00:13.776,0 days 01:13:38.103000,2507.329602829613,4127.510727546424,-113.57238190034238,OnTrack,215.66667235556042,11670.000261120224,100.0,0,8,5,2400.6562189144847,0.44422078132558857,16,367.6357376560958,interpolation,0 days 00:00:41.324000,41.324,4418.103,0.0
2024-03-01 17:00:13.876,0 days 01:13:38.203000,2522.6092631508227,4190.227209911074,-112.2060995242793,OnTrack,219.0,11823.0,100.0,0,8,5,2406.1372222222217,0.44523499383657933,16,365.8283333333329,interpolation,0 days 00:00:41.424000,41.424,4418.203,0.0
2024-03-01 17:00:13.976,0 days 01:13:38.303000,2537.584291896622,4250.830087320188,-110.98676738607658,OnTrack,222.00000768,11882.00015104,100.0,0,8,5,2411.1566773178756,0.4461638008214579,16,364.5616634239996,interpolation,0 days 00:00:41.524000,41.524,4418.303,0.0
2024-03-01 17:00:14.076,0 days 01:13:38.403000,2551.0,4306.0,-110.0,OnTrack,225.0,11941.0,100.0,0,8,5,2416.1372222222217,0.4470854078101655,16,363.2949999999996,interpolation,0 days 00:00:41.624000,41.624,4418.403,0.0
2024-03-01 17:00:14.176,0 days 01:13:38.503000,2562.8563874609586,4355.736947950514,-109.24579736604959,OnTrack,226.6666695111087,11519.665947591724,100.0,0,8,5,2421.501597356043,0.44807803928088363,16,362.0764794018779,interpolation,0 days 00:00:41.724000,41.724,4418.503,0.0
2024-03-01 17:00:14.276,0 days 01:13:38.603000,2573.2766546493954,4400.49516053731,-108.67581639093399,OnTrack,228.3333304888913,11098.334052408276,100.0,0,8,5,2427.3213449362806,0.4491549335054052,16,360.85796504256575,interpolation,0 days 00:00:41.824000,41.824,4418.603,0.0
2024-03-01 17:00:14.376,0 days 01:13:38.703000,2583.0,4443.0,-108.0,OnTrack,230.0,10677.0,100.0,0,8,5,2434.026111111111,0.4503955928073586,16,359.63944444444405,interpolation,0 days 00:00:41.924000,41.924,4418.703,0.0
2024-03-01 17:00:14.476,0 days 01:13:38.803000,2592.1496226211057,4483.705691052883,-107.17000559498703,OnTrack,232.33332935110772,10762.666520462097,100.0,0,8,5,2441.6874243719058,0.4518132529187382,16,358.27278011022383,interpolation,0 days 00:00:42.024000,42.024,4418.803,0.0
2024-03-01 17:00:14.576,0 days 01:13:38.903000,2600.725522512711,4522.612233695956,-106.1858331758951,OnTrack,234.66667064889228,10848.333479537903,100.0,0,8,5,2450.0660584094053,0.4533636470689935,16,356.90610877866436,interpolation,0 days 00:00:42.124000,42.124,4418.903,0.0
2024-03-01 17:00:14.676,0 days 01:13:39.003000,2611.9386611479613,4575.962659491051,-105.35874416885558,OnTrack,237.0,10934.0,100.0,0,8,5,2457.7261111111106,0.45478107392475775,16,355.53944444444414,interpolation,0 days 00:00:42.224000,42.224,4419.003,0.0
2024-03-01 17:00:14.776,0 days 01:13:39.103000,2629.0,4660.0,-105.0,OnTrack,239.00000512,11036.5002624,100.0,0,8,5,2464.4283561548596,0.45602126671309295,16,351.32582254648844,interpolation,0 days 00:00:42.324000,42.324,4419.103,0.0
2024-03-01 17:00:14.876,0 days 01:13:39.203000,2650.0,4765.0,-105.0,OnTrack,241.0,11139.0,100.0,0,8,5,2471.0480555555555,0.4572461851402917,16,347.1122222222216,interpolation,0 days 00:00:42.424000,42.424,4419.203,0.0
2024-03-01 17:00:14.976,0 days 01:13:39.303000,2663.481485395837,4832.617426882329,-104.70114351980669,OnTrack,242.6666695111087,11232.000158719864,100.0,0,8,5,2478.460607744828,0.4586178141553884,16,342.164065629241,interpolation,0 days 00:00:42.524000,42.524,4419.303,0.0
2024-03-01 17:00:15.076,0 days 01:13:39.403000,2669.517126345974,4864.069040750121,-104.1184911625943,OnTrack,244.3333304888913,11324.999841280136,100.0,0,8,6,2486.3604495064005,0.4600796119138616,81,337.2159343707573,interpolation,0 days 00:00:42.624000,42.624,4419.403,0.0
2024-03-01 17:00:15.176,0 days 01:13:39.503000,2680.0,4925.0,-104.0,OnTrack,246.0,11418.0,100.0,0,8,6,2492.9147222222223,0.46129242369586676,81,332.2677777777767,interpolation,0 days 00:00:42.724000,42.724,4419.503,0.0
2024-03-01 17:00:15.276,0 days 01:13:39.603000,2696.912275734105,5026.351108347633,-104.47032890570773,OnTrack,247.33333105777584,11446.666617742181,100.0,0,8,6,2497.8178714647784,0.4621997092831671,81,328.5566730003008,interpolation,0 days 00:00:42.824000,42.824,4419.603,0.0
2024-03-01 17:00:15.376,0 days 01:13:39.703000,2714.0,5129.0,-105.0,OnTrack,248.66666894222416,11475.333382257819,100.0,0,8,6,2501.8377829102715,0.4629435593142991,81,324.84554922191984,interpolation,0 days 00:00:42.924000,42.924,4419.703,0.0
2024-03-01 17:00:15.476,0 days 01:13:39.803000,2725.0092192493944,5193.824309164086,-105.05953540315926,OnTrack,250.0,11504.0,100.0,0,8,6,2509.581388888889,0.464376446985177,81,321.13444444444394,interpolation,0 days 00:00:43.024000,43.024,4419.803,0.0
2024-03-01 17:00:15.576,0 days 01:13:39.903000,2729.9399334822883,5220.824035839892,-104.64893511518557,OnTrack,253.0,11626.0,100.0,0,8,6,2520.8258333333333,0.46645713469769834,81,313.7566666666662,interpolation,0 days 00:00:43.124000,43.124,4419.903,0.0
2024-03-01 17:00:15.676,0 days 01:13:40.003000,2733.1506809740376,5250.661744595751,-104.41386726961905,OnTrack,253.99999829333188,11680.333240604365,100.0,0,8,6,2529.626426848892,0.46808560881940253,81,309.5156553861589,interpolation,0 days 00:00:43.224000,43.224,4420.003,0.0
2024-03-01 17:00:15.776,0 days 01:13:40.103000,2739.0,5324.0,-105.0,OnTrack,255.00000170666812,11734.666759395635,100.0,0,8,6,2535.4240573974234,0.4691584104774718,81,305.27462239161827,pos,0 days 00:00:43.324000,43.324,4420.103,0.0
2024-03-01 17:00:15.876,0 days 01:13:40.203000,2747.4878905601736,5440.83880205264,-106.4073333063284,OnTrack,256.0,11789.0,100.0,0,8,6,2540.8080555555553,0.4701546730200287,81,301.033611111111,interpolation,0 days 00:00:43.424000,43.424,4420.203,0.0
2024-03-01 17:00:15.976,0 days 01:13:40.303000,2755.0,5557.0,-108.0,OnTrack,257.0000017066652,11932.333577955347,100.0,0,8,6,2546.210045128975,0.47115426471921096,81,297.5002717475605,interpolation,0 days 00:00:43.524000,43.524,4420.303,0.0
2024-03-01 17:00:16.076,0 days 01:13:40.403000,2757.9219756649222,5628.305443088412,-109.14213289241064,OnTrack,257.9999982933348,12075.666422044653,100.0,0,8,6,2551.7418404987557,0.4721778758643372,81,293.96695047466113,interpolation,0 days 00:00:43.624000,43.624,4420.403,0.0
2024-03-01 17:00:16.176,0 days 01:13:40.503000,2756.365425432866,5663.271872837477,-109.93653193561875,OnTrack,259.0,12219.0,100.0,0,8,6,2558.074722222222,0.4733497211477542,81,290.4336111111106,interpolation,0 days 00:00:43.724000,43.724,4420.503,0.0
2024-03-01 17:00:16.276,0 days 01:13:40.603000,2751.0,5713.0,-111.0,OnTrack,259.0,12112.25027328,92.00002048,0,8,6,2565.320495148138,0.47469048909490885,81,285.8502895111106,interpolation,0 days 00:00:43.824000,43.824,4420.603,0.0
2024-03-01 17:00:16.376,0 days 01:13:40.703000,2741.9373083871214,5786.006653307464,-112.43533809028975,OnTrack,259.0,12005.5,84.0,0,8,6,2573.4792334734066,0.4762001934352998,81,281.2669444444439,interpolation,0 days 00:00:43.924000,43.924,4420.703,0.0
2024-03-01 17:00:16.476,0 days 01:13:40.803000,2729.0,5866.0,-114.0,OnTrack,259.0,11898.75027328,76.00002048,0,8,6,2581.8495645428625,0.47774905119274624,81,276.68362284444385,interpolation,0 days 00:00:44.024000,44.024,4420.803,0.0
2024-03-01 17:00:16.576,0 days 01:13:40.903000,2712.010724244404,5936.688207317742,-115.45143952264286,OnTrack,259.0,11792.0,68.0,0,8,6,2589.7302777777777,0.47920730938191747,81,272.10027777777714,interpolation,0 days 00:00:44.124000,44.124,4420.903,0.0
2024-03-01 17:00:16.676,0 days 01:13:41.003000,2691.0,6004.0,-117.0,OnTrack,255.00001024,11581.50053888,36.50008064,0,8,6,2597.1212924798556,0.4805749530702881,81,268.266954257777,interpolation,0 days 00:00:44.224000,44.224,4421.003,0.0
2024-03-01 17:00:16.776,0 days 01:13:41.103000,2665.9983461464526,6073.864102786087,-118.85602477385305,OnTrack,251.0,11371.0,5.0,0,8,6,2603.6747222222225,0.48178760886730715,81,264.43361111111017,interpolation,0 days 00:00:44.324000,44.324,4421.103,0.0
2024-03-01 17:00:16.876,0 days 01:13:41.203000,2635.0,6146.0,-121.0,OnTrack,242.2500224,10871.00128,4.00000256,0,8,6,2609.0425377868787,0.4827808769601545,81,262.08361712711013,interpolation,0 days 00:00:44.424000,44.424,4421.203,0.0
2024-03-01 17:00:16.976,0 days 01:13:41.303000,2595.9991988768793,6220.12717596575,-123.41241183423894,OnTrack,233.5,10371.0,3.0,0,8,6,2613.224794140394,0.4835547675199209,81,259.7336111111101,interpolation,0 days 00:00:44.524000,44.524,4421.303,0.0
2024-03-01 17:00:17.076,0 days 01:13:41.403000,2551.552592425909,6293.206135402695,-125.97742151150896,OnTrack,224.7500224,9871.00128,2.00000256,1,8,6,2618.0319868868273,0.484444297183093,81,257.3836171271101,interpolation,0 days 00:00:44.624000,44.624,4421.403,0.0
2024-03-01 17:00:17.176,0 days 01:13:41.503000,2517.0,6347.0,-128.0,OnTrack,216.0,9371.0,1.0,1,8,6,2625.2747222222224,0.4857845030502532,81,255.03361111111008,interpolation,0 days 00:00:44.724000,44.724,4421.503,0.0
2024-03-01 17:00:17.276,0 days 01:13:41.603000,2494.8980450680147,6378.469305601299,-129.36430972083414,OnTrack,203.0,8606.0,1.0,1,8,6,2634.2969444444443,0.48745398765753317,81,251.52249999999913,interpolation,0 days 00:00:44.824000,44.824,4421.603,0.0
2024-03-01 17:00:17.376,0 days 01:13:41.703000,2482.7971751371406,6391.454679117668,-130.16833668849222,OnTrack,189.49996544,8936.0008448,0.74999936,1,8,6,2641.162823134592,0.4887244594444529,81,251.07805441777688,interpolation,0 days 00:00:44.924000,44.924,4421.703,0.0
2024-03-01 17:00:17.476,0 days 01:13:41.803000,2466.0,6409.0,-131.0,OnTrack,176.0,9266.0,0.5,1,8,6,2645.2163064495344,0.4894745216612197,81,250.6336111111102,interpolation,0 days 00:00:45.024000,45.024,4421.803,0.0
2024-03-01 17:00:17.576,0 days 01:13:41.903000,2442.0569420802353,6434.94593448759,-131.95728667322032,OnTrack,162.49996543999998,9596.0008448,0.24999936,1,8,6,2647.9490188419227,0.4899801865808864,81,250.18916552888797,interpolation,0 days 00:00:45.124000,45.124,4421.903,0.0
2024-03-01 17:00:17.676,0 days 01:13:42.003000,2409.0,6467.0,-133.0,OnTrack,149.0,9926.0,0.0,1,8,6,2650.8525,0.4905174507915814,81,249.7447222222213,interpolation,0 days 00:00:45.224000,45.224,4422.003,0.0
2024-03-01 17:00:17.776,0 days 01:13:42.103000,2364.861172381447,6502.869713956791,-134.08794327218584,OnTrack,140.33331854223485,9475.999232000655,0.0,1,8,6,2653.9267796554896,0.4910863197949043,81,250.05583386429495,interpolation,0 days 00:00:45.324000,45.324,4422.103,0.0
2024-03-01 17:00:17.876,0 days 01:13:42.203000,2313.1584867294705,6540.437726108152,-135.17672526572562,OnTrack,131.66668145776515,9026.000767999345,0.0,1,8,6,2657.1531035023554,0.49168332326785974,81,250.36694391348104,interpolation,0 days 00:00:45.424000,45.424,4422.203,0.0
2024-03-01 17:00:17.976,0 days 01:13:42.303000,2275.0,6567.0,-136.0,OnTrack,123.0,8576.0,0.0,1,8,6,2660.4191666666666,0.49228768015964547,81,250.6780555555547,interpolation,0 days 00:00:45.524000,45.524,4422.303,0.0
2024-03-01 17:00:18.076,0 days 01:13:42.403000,2253.9037036735126,6580.43920706408,-136.51337670552056,OnTrack,119.50000896,8221.0009088,0.0,1,8,6,2663.706212878531,0.49289591978387126,81,251.4558313422212,interpolation,0 days 00:00:45.624000,45.624,4422.403,0.0
2024-03-01 17:00:18.176,0 days 01:13:42.503000,2246.658755128667,6582.872182218355,-136.76014012006374,OnTrack,116.0,7866.0,0.0,1,8,4,2666.863611111111,0.4934801691648454,81,252.2336111111099,interpolation,0 days 00:00:45.724000,45.724,4422.503,0.0
2024-03-01 17:00:18.276,0 days 01:13:42.603000,2234.0,6587.0,-137.0,OnTrack,108.00002048,7455.50105088,0.0,1,8,4,2669.7406643464565,0.4940125431157889,81,253.59471873777653,interpolation,0 days 00:00:45.824000,45.824,4422.603,0.0
2024-03-01 17:00:18.376,0 days 01:13:42.703000,2212.7165627869745,6594.939517003478,-137.2762415263437,OnTrack,100.0,7045.0,0.0,1,8,4,2672.4191666666666,0.49450817692794885,81,254.95583333333207,interpolation,0 days 00:00:45.924000,45.924,4422.703,0.0
2024-03-01 17:00:18.476,0 days 01:13:42.803000,2183.33337393603,6605.551435042673,-137.5957681095192,OnTrack,95.50001152,6790.0006528,0.0,1,8,3,2674.980855264944,0.4949821953657718,81,256.6780511466653,interpolation,0 days 00:00:46.024000,46.024,4422.803,0.0
2024-03-01 17:00:18.576,0 days 01:13:42.903000,2149.0,6612.0,-138.0,OnTrack,91.0,6535.0,0.0,1,8,3,2677.474722222222,0.495443663992373,81,258.4002777777764,interpolation,0 days 00:00:46.124000,46.124,4422.903,0.0
2024-03-01 17:00:18.676,0 days 01:13:43.003000,2110.241366050064,6613.145925355697,-138.49584053751977,OnTrack,89.00000512,6341.50049536,0.0,1,8,3,2679.949707850541,0.4959016387914795,81,260.5947166044432,interpolation,0 days 00:00:46.224000,46.224,4423.003,0.0
2024-03-01 17:00:18.776,0 days 01:13:43.103000,2075.0,6611.0,-139.0,OnTrack,87.0,6148.0,0.0,1,8,3,2682.4058374938195,0.49635612445276567,81,262.78916666666555,interpolation,0 days 00:00:46.324000,46.324,4423.103,0.0
2024-03-01 17:00:18.876,0 days 01:13:43.203000,2051.2184297635877,6607.5730128231535,-139.4291886653621,OnTrack,85.00000512,5954.50049536,0.0,1,8,3,2684.701953252409,0.49678100092123223,81,264.98360549333233,interpolation,0 days 00:00:46.424000,46.424,4423.203,0.0
2024-03-01 17:00:18.976,0 days 01:13:43.303000,2038.896655340827,6602.864963825156,-139.78340653360607,OnTrack,83.0,5761.0,0.0,1,8,3,2686.6969444444444,0.49715015687912467,81,267.1780555555547,interpolation,0 days 00:00:46.524000,46.524,4423.303,0.0
2024-03-01 17:00:19.076,0 days 01:13:43.403000,2031.3765532476527,6597.22443291458,-139.99592113504698,OnTrack,80.00000768,5677.00021504,0.0,1,8,3,2688.390790641268,0.49746358854629547,81,269.17805043555444,interpolation,0 days 00:00:46.624000,46.624,4423.403,0.0
2024-03-01 17:00:19.176,0 days 01:13:43.503000,2022.0,6591.0,-140.0,OnTrack,77.0,5593.0,0.0,1,8,3,2690.119166666667,0.4977834096611964,81,271.17805555555424,interpolation,0 days 00:00:46.724000,46.724,4423.503,0.0
2024-03-01 17:00:19.276,0 days 01:13:43.603000,2010.7669955978686,6584.191665081415,-139.79564312846503,OnTrack,75.66666894222416,5556.666728675608,0.0,1,8,3,2692.217712300867,0.4981717274777695,81,274.1706430407842,interpolation,0 days 00:00:46.824000,46.824,4423.603,0.0
2024-03-01 17:00:19.376,0 days 01:13:43.703000,1995.0,6572.0,-140.0,OnTrack,74.33333105777584,5520.333271324392,0.0,0,8,3,2694.584526556375,0.49860968609489714,81,277.16324584810144,interpolation,0 days 00:00:46.924000,46.924,4423.703,0.0
2024-03-01 17:00:19.476,0 days 01:13:43.803000,1974.0,6552.0,-141.0,OnTrack,73.0,5484.0,0.0,0,8,3,2696.608055555556,0.49898412272850123,81,280.15583333333143,interpolation,0 days 00:00:47.024000,47.024,4423.803,0.0
2024-03-01 17:00:19.576,0 days 01:13:43.903000,1959.6380958269158,6538.438132557756,-141.41432963582608,OnTrack,73.50000128,5626.00036352,17.500044799999998,0,8,3,2698.1863975427477,0.499276181335321,81,282.4669503608872,interpolation,0 days 00:00:47.124000,47.124,4423.903,0.0
2024-03-01 17:00:19.676,0 days 01:13:44.003000,1953.8927940556007,6533.6887967623625,-141.01277117075722,OnTrack,74.0,5768.0,35.0,0,8,3,2699.8969444444447,0.4995927033242584,81,284.77805555555415,interpolation,0 days 00:00:47.224000,47.224,4424.003,0.0
2024-03-01 17:00:19.776,0 days 01:13:44.103000,1948.4510952564854,6524.345062585787,-140.60482712030972,OnTrack,76.00000512,5880.00028672,39.50001152,0,8,3,2702.3171218653756,0.5000405363360833,81,288.3113979342208,interpolation,0 days 00:00:47.324000,47.324,4424.103,0.0
2024-03-01 17:00:19.876,0 days 01:13:44.203000,1935.0,6497.0,-141.0,OnTrack,78.0,5992.0,44.0,0,8,3,2705.0969444444445,0.5005549185905233,81,291.84472222222075,pos,0 days 00:00:47.424000,47.424,4424.203,0.0
2024-03-01 17:00:19.976,0 days 01:13:44.303000,1916.0,6457.0,-142.0,OnTrack,80.00000512,6304.5008,47.000007679999996,0,8,3,2707.8864800685574,0.5010710981603907,81,295.37806460088717,interpolation,0 days 00:00:47.524000,47.524,4424.303,0.0
2024-03-01 17:00:20.076,0 days 01:13:44.403000,1906.2141211261805,6436.423572797483,-142.41508216985775,OnTrack,82.0,6617.0,50.0,0,8,3,2710.563611111111,0.501566478229417,81,298.9113888888869,interpolation,0 days 00:00:47.624000,47.624,4424.403,0.0
2024-03-01 17:00:20.176,0 days 01:13:44.503000,1905.6955243400591,6434.552654389269,-142.16966341727007,OnTrack,84.00000512,6816.00050944,53.000007679999996,0,8,3,2713.006275924163,0.5020184723397031,81,301.88361871999797,interpolation,0 days 00:00:47.724000,47.724,4424.503,0.0
2024-03-01 17:00:20.276,0 days 01:13:44.603000,1900.0,6415.0,-142.0,OnTrack,86.0,7015.0,56.0,0,8,3,2715.341388888889,0.502450564905686,81,304.85583333333125,pos,0 days 00:00:47.824000,47.824,4424.603,0.0
2024-03-01 17:00:20.376,0 days 01:13:44.703000,1888.0,6375.0,-142.0,OnTrack,87.66666951110868,7172.000267946438,59.000005119995635,0,8,3,2717.695913310906,0.5028862493948508,81,307.70769005233933,interpolation,0 days 00:00:47.924000,47.924,4424.703,0.0
2024-03-01 17:00:20.476,0 days 01:13:44.803000,1877.3745586167497,6334.346529034083,-141.9968509967848,OnTrack,89.33333048889132,7328.999732053562,61.999994880004365,0,8,3,2720.0649382423876,0.5033246170785497,81,310.55953216987837,interpolation,0 days 00:00:48.024000,48.024,4424.803,0.0
2024-03-01 17:00:20.576,0 days 01:13:44.903000,1869.282756472785,6296.896785395257,-141.97345080752967,OnTrack,91.0,7486.0,65.0,0,8,3,2722.419166666667,0.5037602467958797,81,313.41138888888645,interpolation,0 days 00:00:48.124000,48.124,4424.903,0.0
2024-03-01 17:00:20.676,0 days 01:13:45.003000,1863.0,6266.0,-142.0,OnTrack,94.33332764443959,7789.332815644003,67.33332935110771,0,8,3,2724.7536876389504,0.504192229818754,81,316.18545822853685,interpolation,0 days 00:00:48.224000,48.224,4425.003,0.0
2024-03-01 17:00:20.776,0 days 01:13:45.103000,1858.4055229853905,6242.21438085908,-142.08819872872795,OnTrack,97.66667235556041,8092.667184355997,69.66667064889229,0,8,3,2727.1697554205107,0.5046393023771671,81,318.9595417714586,interpolation,0 days 00:00:48.324000,48.324,4425.103,0.0
2024-03-01 17:00:20.876,0 days 01:13:45.203000,1855.4993254289557,6225.53992797249,-142.23804699371348,OnTrack,101.0,8396.0,72.0,0,8,3,2730.2747222222224,0.505213849772908,81,321.733611111109,interpolation,0 days 00:00:48.424000,48.424,4425.203,0.0
2024-03-01 17:00:20.976,0 days 01:13:45.303000,1853.3434651580433,6211.595511099657,-142.26887176184226,OnTrack,107.50001664,8875.00122624,76.50001152,0,8,3,2734.169850194738,0.5059346096958329,81,325.03361955910896,interpolation,0 days 00:00:48.524000,48.524,4425.303,0.0
2024-03-01 17:00:21.076,0 days 01:13:45.403000,1851.0,6196.0,-142.0,OnTrack,114.0,9354.0,81.0,0,8,3,2737.8747222222223,0.5066201643928334,81,328.3336111111089,interpolation,0 days 00:00:48.624000,48.624,4425.403,0.0
2024-03-01 17:00:21.176,0 days 01:13:45.503000,1848.4689299548263,6178.753394673522,-141.43143170818664,OnTrack,117.33333902221737,9625.000462506272,83.33333731555216,0,8,3,2740.4089990128155,0.5070891105114582,81,330.48917034547645,interpolation,0 days 00:00:48.724000,48.724,4425.503,0.0
2024-03-01 17:00:21.276,0 days 01:13:45.603000,1845.0,6153.0,-141.0,OnTrack,120.66666097778263,9895.999537493728,85.66666268444784,0,8,3,2742.236616547648,0.5074272954139408,81,332.64471854340894,interpolation,0 days 00:00:48.824000,48.824,4425.603,0.0
2024-03-01 17:00:21.376,0 days 01:13:45.703000,1839.8429551130002,6111.88412085922,-141.14253798903798,OnTrack,124.0,10167.0,88.0,0,8,3,2746.1413888888887,0.5081498399443313,81,334.8002777777765,interpolation,0 days 00:00:48.924000,48.924,4425.703,0.0
2024-03-01 17:00:21.476,0 days 01:13:45.803000,1835.0,6073.0,-141.0,OnTrack,134.0,10893.0,91.0,0,8,3,2752.059722222222,0.5092449766143653,81,338.7311111111094,interpolation,0 days 00:00:49.024000,49.024,4425.803,0.0
2024-03-01 17:00:21.576,0 days 01:13:45.903000,1832.0,6050.0,-140.0,OnTrack,139.66667633776953,10819.666541511218,94.00000511999563,0,8,3,2756.8265555729604,0.5101270381185616,81,340.7792627547608,interpolation,0 days 00:00:49.124000,49.124,4425.903,0.0
2024-03-01 17:00:21.676,0 days 01:13:46.003000,1828.0029043689378,6019.232718737254,-139.86250464973892,OnTrack,145.33332366223047,10746.333458488782,96.99999488000437,0,8,3,2760.1900009789274,0.5107494147564211,81,342.8274039119026,interpolation,0 days 00:00:49.224000,49.224,4426.003,0.0
2024-03-01 17:00:21.776,0 days 01:13:46.103000,1823.0,5978.0,-140.0,OnTrack,151.0,10673.0,100.0,0,8,3,2763.8041666666663,0.5114181850255659,81,344.875555555554,interpolation,0 days 00:00:49.324000,49.324,4426.103,0.0
2024-03-01 17:00:21.876,0 days 01:13:46.203000,1817.4559180005635,5927.545608112694,-139.53830952374216,OnTrack,155.9999872,10621.00013312,100.0,0,8,3,2767.9446922388966,0.5121843536632504,81,346.84777272888726,interpolation,0 days 00:00:49.424000,49.424,4426.203,0.0
2024-03-01 17:00:21.976,0 days 01:13:46.303000,1812.0,5874.0,-139.0,OnTrack,161.0,10569.0,100.0,0,8,3,2772.748611111111,0.5130732775241625,81,348.81999999999834,interpolation,0 days 00:00:49.524000,49.524,4426.303,0.0
2024-03-01 17:00:22.076,0 days 01:13:46.403000,1807.2615876276802,5823.493632586579,-138.9076382078082,OnTrack,166.49998592,10976.99895552,100.0,0,8,3,2778.3528651077086,0.5141102965148456,81,350.9533278719982,interpolation,0 days 00:00:49.624000,49.624,4426.403,0.0
2024-03-01 17:00:22.176,0 days 01:13:46.503000,1803.0,5777.0,-139.0,OnTrack,172.0,11385.0,100.0,0,14,4,2784.215277777778,0.515195085547208,81,353.08666666666477,interpolation,0 days 00:00:49.724000,49.724,4426.503,1.0
2024-03-01 17:00:22.276,0 days 01:13:46.603000,1798.9745562333544,5735.492596367829,-139.01586122940859,OnTrack,176.3999909887954,11367.800035225619,100.0,0,14,4,2789.7935552517542,0.5162272978058469,81,354.36933070642885,interpolation,0 days 00:00:49.824000,49.824,4426.603,1.0
2024-03-01 17:00:22.376,0 days 01:13:46.703000,1795.0,5694.0,-139.0,OnTrack,180.80000450560232,11350.599982387192,100.0,0,14,4,2795.0877546513425,0.5172069438606417,81,355.65200131344966,interpolation,0 days 00:00:49.924000,49.924,4426.703,1.0
2024-03-01 17:00:22.476,0 days 01:13:46.803000,1790.8910749721927,5647.550789206444,-138.9971944157403,OnTrack,185.19999549439768,11333.400017612808,100.0,0,14,4,2800.132628369057,0.5181404543428652,81,356.93466535321375,interpolation,0 days 00:00:50.024000,50.024,4426.803,1.0
2024-03-01 17:00:22.576,0 days 01:13:46.903000,1787.0,5601.0,-139.0,OnTrack,189.6000090112046,11316.199964774381,100.0,0,14,4,2805.1370694765096,0.5190664831183872,81,358.21733596023455,interpolation,0 days 00:00:50.124000,50.124,4426.903,1.0
2024-03-01 17:00:22.676,0 days 01:13:47.003000,1783.6789939334885,5559.202668393507,-139.00097227614964,OnTrack,194.0,11299.0,100.0,0,14,4,2810.1358333333333,0.5199914613675196,81,359.49999999999864,interpolation,0 days 00:00:50.224000,50.224,4427.003,1.0
2024-03-01 17:00:22.776,0 days 01:13:47.103000,1780.6228146459432,5517.72898973182,-139.000398253863,OnTrack,198.00001024,11292.49998336,100.0,0,14,4,2815.128971127,0.5209153985620638,81,360.4250023679986,interpolation,0 days 00:00:50.324000,50.324,4427.103,1.0
2024-03-01 17:00:22.876,0 days 01:13:47.203000,1776.0,5450.0,-139.0,OnTrack,202.0,11286.0,100.0,0,14,4,2820.1164317279117,0.5218382852409276,81,361.34999999999854,pos,0 days 00:00:50.424000,50.424,4427.203,1.0
2024-03-01 17:00:22.976,0 days 01:13:47.303000,1770.0,5359.0,-139.0,OnTrack,206.00001024,11279.49998336,100.0,0,12,4,2825.363620011535,0.5228092322931329,81,362.2750023679985,interpolation,0 days 00:00:50.524000,50.524,4427.303,1.0
2024-03-01 17:00:23.076,0 days 01:13:47.403000,1765.591001383551,5289.214122406502,-139.0000110888405,OnTrack,210.0,11273.0,100.0,0,12,4,2831.1358333333333,0.5238773307120506,81,363.19999999999845,interpolation,0 days 00:00:50.624000,50.624,4427.403,1.0
2024-03-01 17:00:23.176,0 days 01:13:47.503000,1762.0,5230.0,-139.0,OnTrack,213.25000832,11436.50041856,100.0,0,12,4,2837.433130800922,0.525042591435036,81,363.9500019199982,interpolation,0 days 00:00:50.724000,50.724,4427.503,1.0
2024-03-01 17:00:23.276,0 days 01:13:47.603000,1757.9592913762367,5163.30103882117,-138.9999979947911,OnTrack,216.5,11600.0,100.0,0,12,4,2844.2554479301402,0.5263050025298501,81,364.699999999998,interpolation,0 days 00:00:50.824000,50.824,4427.603,1.0
2024-03-01 17:00:23.376,0 days 01:13:47.703000,1754.0,5098.0,-139.0,OnTrack,219.75000832,11763.50041856,100.0,0,12,5,2850.7124339209527,0.5274998122403151,81,365.45000191999776,interpolation,0 days 00:00:50.924000,50.924,4427.703,1.0
2024-03-01 17:00:23.476,0 days 01:13:47.803000,1750.65325035903,5042.979644666488,-139.00000094241292,OnTrack,223.0,11927.0,100.0,0,12,5,2855.9136111111115,0.5284622453354919,81,366.19999999999754,interpolation,0 days 00:00:51.024000,51.024,4427.803,1.0
2024-03-01 17:00:23.576,0 days 01:13:47.903000,1747.9190424533272,4998.239972820633,-139.00000082202993,OnTrack,223.0,12006.00020224,100.0,0,12,5,2859.85903276083,0.5291923116707248,81,366.82222381510917,interpolation,0 days 00:00:51.124000,51.124,4427.903,1.0
2024-03-01 17:00:23.676,0 days 01:13:48.003000,1745.2253133209606,4953.130314564461,-139.00000029063193,OnTrack,223.0,12085.0,100.0,0,12,5,2865.8247222222226,0.5302962111848685,81,367.444444444443,interpolation,0 days 00:00:51.224000,51.224,4428.003,1.0
2024-03-01 17:00:23.776,0 days 01:13:48.103000,1742.0,4897.0,-139.0,OnTrack,232.0,11385.0,100.0,0,12,5,2876.1358333333337,0.5322041935931884,81,368.2444444444427,interpolation,0 days 00:00:51.324000,51.324,4428.103,1.0
2024-03-01 17:00:23.876,0 days 01:13:48.203000,1738.2431024904452,4829.8490291272465,-138.99999995013403,OnTrack,234.99999487999563,11324.666769635644,100.0,0,12,5,2885.0864831743493,0.5338604343470378,81,368.2740740235041,interpolation,0 days 00:00:51.424000,51.424,4428.203,1.0
2024-03-01 17:00:23.976,0 days 01:13:48.303000,1734.0,4754.0,-139.0,OnTrack,238.00000512000437,11264.333230364356,100.0,0,12,6,2891.8929449309544,0.5351199115415478,81,368.30370375426935,interpolation,0 days 00:00:51.524000,51.524,4428.303,1.0
2024-03-01 17:00:24.076,0 days 01:13:48.403000,1729.3160717363685,4671.775510672056,-139.0000000085638,OnTrack,241.0,11204.0,100.0,0,12,6,2897.558055555556,0.5361681915277152,81,368.33333333333076,interpolation,0 days 00:00:51.624000,51.624,4428.403,1.0
2024-03-01 17:00:24.176,0 days 01:13:48.503000,1725.0,4594.0,-139.0,OnTrack,242.75000448,11282.00019968,100.0,0,12,6,2902.2490255937987,0.537036215178559,81,367.86666547199775,interpolation,0 days 00:00:51.724000,51.724,4428.503,1.0
2024-03-01 17:00:24.276,0 days 01:13:48.603000,1721.8604670913433,4531.497906840417,-138.99999999848313,OnTrack,244.5,11360.0,100.0,0,12,6,2905.965807010271,0.5377239736055396,81,367.39999999999804,interpolation,0 days 00:00:51.824000,51.824,4428.603,1.0
2024-03-01 17:00:24.376,0 days 01:13:48.703000,1719.0,4471.0,-139.0,OnTrack,246.25000448,11438.00019968,100.0,0,12,6,2910.989852027394,0.5386536299159007,81,366.93333213866504,interpolation,0 days 00:00:51.924000,51.924,4428.703,1.0
2024-03-01 17:00:24.476,0 days 01:13:48.803000,1715.5211257155715,4399.237048285441,-139.00000000053734,OnTrack,248.0,11516.0,100.0,0,12,6,2919.6025,0.5402473263317095,81,366.46666666666533,interpolation,0 days 00:00:52.024000,52.024,4428.803,1.0
2024-03-01 17:00:24.576,0 days 01:13:48.903000,1711.5673820183968,4318.885041425565,-139.00000000024258,OnTrack,253.0,11632.0,100.0,0,12,6,2930.8469444444445,0.5423280140442308,81,365.3111111111093,interpolation,0 days 00:00:52.124000,52.124,4428.903,1.0
2024-03-01 17:00:24.676,0 days 01:13:49.003000,1708.0,4246.0,-139.0,OnTrack,254.99999488,11708.99980288,100.0,0,12,6,2938.9817511463807,0.5438332900435995,81,364.0333366044426,interpolation,0 days 00:00:52.224000,52.224,4429.003,1.0
2024-03-01 17:00:24.776,0 days 01:13:49.103000,1704.962518910555,4183.257941139846,-138.99999999995705,OnTrack,257.0,11786.0,100.0,0,12,6,2945.1247222222223,0.5449699939954067,81,362.75555555555366,interpolation,0 days 00:00:52.324000,52.324,4429.103,1.0
2024-03-01 17:00:24.876,0 days 01:13:49.203000,1702.0,4119.0,-139.0,OnTrack,258.99999658666377,11583.333679218073,100.0,0,12,6,2951.350408261229,0.5461220036395805,81,361.1222250097784,interpolation,0 days 00:00:52.424000,52.424,4429.203,1.0
2024-03-01 17:00:24.976,0 days 01:13:49.303000,1698.657504518275,4041.5673117353626,-139.00000000001523,OnTrack,261.00000341333623,11380.666320781927,100.0,0,12,6,2957.8288992746375,0.5473207926694769,81,359.4888861013293,interpolation,0 days 00:00:52.524000,52.524,4429.303,1.0
2024-03-01 17:00:25.076,0 days 01:13:49.403000,1694.9536343242835,3953.606808288351,-139.00000000000685,OnTrack,263.0,11178.0,100.0,0,12,6,2965.5802777777776,0.5487551185791534,81,357.855555555554,interpolation,0 days 00:00:52.624000,52.624,4429.403,1.0
2024-03-01 17:00:25.176,0 days 01:13:49.503000,1691.0,3871.0,-139.0,OnTrack,265.00000512,10968.99946496,100.0,0,12,6,2974.7746494049898,0.5504564579528872,81,355.08888180622046,interpolation,0 days 00:00:52.724000,52.724,4429.503,1.0
2024-03-01 17:00:25.276,0 days 01:13:49.603000,1686.8152032138466,3796.3937917082835,-138.9999999999988,OnTrack,267.0,10760.0,100.0,0,12,6,2983.380277777778,0.5520488554521368,81,352.32222222222026,interpolation,0 days 00:00:52.824000,52.824,4429.603,1.0
2024-03-01 17:00:25.376,0 days 01:13:49.703000,1683.0,3730.0,-139.0,OnTrack,268.50000384,10780.50005248,100.0,0,12,6,2989.365608789605,0.5531563894662191,81,350.18888342755326,interpolation,0 days 00:00:52.924000,52.924,4429.703,1.0
2024-03-01 17:00:25.476,0 days 01:13:49.803000,1680.1551463926378,3672.0304414619486,-139.00000000000043,OnTrack,270.0,10801.0,100.0,0,12,6,2995.3802777777782,0.5542693522204403,81,348.0555555555529,interpolation,0 days 00:00:53.024000,53.024,4429.803,1.0
2024-03-01 17:00:25.576,0 days 01:13:49.903000,1678.016589071135,3619.778011568128,-139.00000000000017,OnTrack,271.00000256,10926.00032,100.0,0,12,7,3004.0740429596426,0.5558780586780002,81,344.4888797582201,interpolation,0 days 00:00:53.124000,53.124,4429.903,1.0
2024-03-01 17:00:25.676,0 days 01:13:50.003000,1675.0,3557.0,-139.0,OnTrack,272.0,11051.0,100.0,0,12,7,3013.513611111111,0.5576247695592098,81,340.9222222222206,interpolation,0 days 00:00:53.224000,53.224,4430.003,1.0
2024-03-01 17:00:25.776,0 days 01:13:50.103000,1670.8413231546888,3480.9892745106727,-138.99999999999997,OnTrack,274.5000064,11116.50016768,100.0,0,12,7,3021.7658746934094,0.55915177994385,81,337.6444360533317,interpolation,0 days 00:00:53.324000,53.324,4430.103,1.0
2024-03-01 17:00:25.876,0 days 01:13:50.203000,1666.0,3389.0,-139.0,OnTrack,277.0,11182.0,100.0,0,12,7,3028.9025,0.5604723510630063,81,334.36666666666497,interpolation,0 days 00:00:53.424000,53.424,4430.203,1.0
2024-03-01 17:00:25.976,0 days 01:13:50.303000,1660.9354720007343,3278.286341367843,-139.0,OnTrack,278.0000017066652,11218.66672924439,100.0,0,12,7,3034.9953109065386,0.5615997733069938,81,331.5444396278541,interpolation,0 days 00:00:53.524000,53.524,4430.303,1.0
2024-03-01 17:00:26.076,0 days 01:13:50.403000,1655.8547619225849,3155.66100278603,-139.0,OnTrack,278.9999982933348,11255.33327075561,100.0,0,12,7,3040.435332643704,0.5626064025309002,81,328.7222270388087,interpolation,0 days 00:00:53.624000,53.624,4430.403,1.0
2024-03-01 17:00:26.176,0 days 01:13:50.503000,1652.0,3062.0,-139.0,OnTrack,280.0,11292.0,100.0,0,12,7,3047.569166666667,0.5639264571470338,81,325.8999999999978,interpolation,0 days 00:00:53.724000,53.724,4430.503,1.0
2024-03-01 17:00:26.276,0 days 01:13:50.603000,1649.5782068787707,3004.1159674198516,-139.00000000000003,OnTrack,280.99999744,11347.99985664,100.0,0,12,7,3056.787827546059,0.5656322910379317,81,321.43334476799777,interpolation,0 days 00:00:53.824000,53.824,4430.603,1.0
2024-03-01 17:00:26.376,0 days 01:13:50.703000,1648.2523251493483,2973.7112874929708,-139.00000000000003,OnTrack,282.0,11404.0,100.0,0,12,7,3066.369166666667,0.5674052354173758,81,316.9666666666644,interpolation,0 days 00:00:53.924000,53.924,4430.703,1.0
2024-03-01 17:00:26.476,0 days 01:13:50.803000,1646.0,2921.0,-139.0,OnTrack,283.49999616,11456.4998656,100.0,0,12,7,3074.590842901322,0.5689265858764665,81,313.3916758186645,interpolation,0 days 00:00:54.024000,54.024,4430.803,1.0
2024-03-01 17:00:26.576,0 days 01:13:50.903000,1642.4841705696913,2837.6844024202874,-138.99999999999997,OnTrack,285.0,11509.0,100.0,0,12,7,3081.452940440193,0.5701963579938704,81,309.81666666666456,interpolation,0 days 00:00:54.124000,54.124,4430.903,1.0
2024-03-01 17:00:26.676,0 days 01:13:51.003000,1637.8535041585164,2728.0711453426356,-138.99999999999991,OnTrack,286.49999616,11561.4998656,100.0,0,12,7,3087.9731142282985,0.5714028600626425,81,306.24167581866465,interpolation,0 days 00:00:54.224000,54.224,4431.003,1.0
2024-03-01 17:00:26.776,0 days 01:13:51.103000,1633.0,2618.0,-139.0,OnTrack,288.0,11614.0,100.0,0,12,7,3095.1691666666666,0.5727344276613039,81,302.6666666666647,interpolation,0 days 00:00:54.324000,54.324,4431.103,1.0
2024-03-01 17:00:26.876,0 days 01:13:51.203000,1628.072323871891,2511.7775728813076,-139.0000000000003,OnTrack,288.99999744,11645.99991808,100.0,0,12,7,3103.0410240679093,0.5741910471546375,81,298.5000106666646,interpolation,0 days 00:00:54.424000,54.424,4431.203,1.0
2024-03-01 17:00:26.976,0 days 01:13:51.303000,1623.0704757741898,2409.4038639865585,-139.00000000000085,OnTrack,290.0,11678.0,100.0,0,12,7,3111.280277777778,0.5757156501743038,81,294.3333333333312,interpolation,0 days 00:00:54.524000,54.524,4431.303,1.0
2024-03-01 17:00:27.076,0 days 01:13:51.403000,1618.5333897893934,2318.078223098529,-139.00000000000094,OnTrack,291.3333310577758,11519.000271360232,100.0,0,12,7,3119.578354164265,0.577251137824248,81,289.62223026252343,interpolation,0 days 00:00:54.624000,54.624,4431.403,1.0
2024-03-01 17:00:27.176,0 days 01:13:51.503000,1615.0,2245.0,-139.0,OnTrack,292.6666689422242,11359.999728639768,100.0,0,12,7,3128.0533908726525,0.5788193704594337,81,284.91110307080623,interpolation,0 days 00:00:54.724000,54.724,4431.503,1.0
2024-03-01 17:00:27.276,0 days 01:13:51.603000,1612.4703064060086,2190.1691946909687,-138.99999999999795,OnTrack,294.0,11201.0,100.0,0,12,7,3137.413611111111,0.5805513986919424,81,280.19999999999845,interpolation,0 days 00:00:54.824000,54.824,4431.603,1.0
2024-03-01 17:00:27.376,0 days 01:13:51.703000,1610.9443090074196,2153.5858071714365,-138.99999999999486,OnTrack,295.50000384,10849.49910016,100.0,0,12,7,3147.7771634012947,0.5824690848893171,81,274.79998617599836,interpolation,0 days 00:00:54.924000,54.924,4431.703,1.0
2024-03-01 17:00:27.476,0 days 01:13:51.803000,1609.446157105121,2118.9595160661866,-138.99999999999434,OnTrack,297.0,10498.0,100.0,0,12,7,3157.2136111111113,0.584215218359643,81,269.3999999999983,interpolation,0 days 00:00:55.024000,55.024,4431.803,1.0
2024-03-01 17:00:27.576,0 days 01:13:51.903000,1607.0,2070.0,-139.0,OnTrack,298.00000256,10560.00015872,100.0,0,12,7,3163.792720360424,0.5854326259285109,81,265.77776850488715,pos,0 days 00:00:55.124000,55.124,4431.903,1.0
2024-03-01 17:00:27.676,0 days 01:13:52.003000,1603.6058376920564,2006.7072589728773,-139.00000000001182,OnTrack,299.0,10622.0,100.0,0,12,8,3170.5025,0.5866742129289864,81,262.15555555555375,interpolation,0 days 00:00:55.224000,55.224,4432.003,1.0
2024-03-01 17:00:27.776,0 days 01:13:52.103000,1598.0,1896.0,-139.0,OnTrack,300.00000256,10686.00016384,100.0,0,12,8,3180.3310949588745,0.5884929098742482,81,256.68887489422036,pos,0 days 00:00:55.324000,55.324,4432.103,1.0
2024-03-01 17:00:27.876,0 days 01:13:52.203000,1590.0,1729.0,-139.0,OnTrack,301.0,10750.0,100.0,0,12,8,3190.569166666667,0.590387376969316,81,251.22222222222035,interpolation,0 days 00:00:55.424000,55.424,4432.203,1.0
2024-03-01 17:00:27.976,0 days 01:13:52.303000,1586.0929040229778,1650.9249348778203,-139.0000000004041,OnTrack,301.50000128,10767.00004352,100.0,0,12,8,3198.5075820356237,0.5918563124420009,81,247.5999907271092,interpolation,0 days 00:00:55.524000,55.524,4432.303,1.0
2024-03-01 17:00:28.076,0 days 01:13:52.403000,1584.0,1612.0,-139.0,OnTrack,302.0,10784.0,100.0,0,12,8,3204.146259776579,0.5928997012504421,81,243.97777777777583,interpolation,0 days 00:00:55.624000,55.624,4432.403,1.0
2024-03-01 17:00:28.176,0 days 01:13:52.503000,1580.3614036759336,1538.2475686677917,-138.99999999751014,OnTrack,302.50000128,10801.00004352,100.0,0,12,8,3209.7297587705784,0.593932879706442,81,240.35554628266468,interpolation,0 days 00:00:55.724000,55.724,4432.503,1.0
2024-03-01 17:00:28.276,0 days 01:13:52.603000,1575.4607677829163,1435.860971283223,-138.9999999944597,OnTrack,303.0,10818.0,100.0,0,12,8,3217.5025000000005,0.5953711586048414,81,236.7333333333313,interpolation,0 days 00:00:55.824000,55.824,4432.603,1.0
2024-03-01 17:00:28.376,0 days 01:13:52.703000,1571.0,1342.0,-139.0,OnTrack,304.00000256,10858.0001024,100.0,0,12,8,3227.464563057908,0.5972145526736512,81,231.38901409635372,interpolation,0 days 00:00:55.924000,55.924,4432.703,1.0
2024-03-01 17:00:28.476,0 days 01:13:52.803000,1567.262750154734,1262.857921800771,-139.0000000156562,OnTrack,305.0,10898.0,100.0,0,12,8,3237.751111111111,0.5991179898994126,81,226.04472222222057,interpolation,0 days 00:00:56.024000,56.024,4432.803,1.0
2024-03-01 17:00:28.576,0 days 01:13:52.903000,1564.0313740703295,1195.3535866854202,-139.00000003283768,OnTrack,305.6666678044435,10914.666695111087,100.0,0,12,8,3246.4975146721736,0.6007364366362138,81,221.94841893491792,interpolation,0 days 00:00:56.124000,56.124,4432.903,1.0
2024-03-01 17:00:28.676,0 days 01:13:53.003000,1560.0,1121.0,-139.0,OnTrack,306.3333321955565,10931.333304888913,100.0,0,12,8,3253.9547041832325,0.6021163254037082,81,217.85213662063444,interpolation,0 days 00:00:56.224000,56.224,4433.003,1.0
2024-03-01 17:00:28.776,0 days 01:13:53.103000,1555.0,1036.0,-139.0,OnTrack,307.0,10948.0,100.0,0,12,8,3261.628888888889,0.603536367265231,81,213.7558333333318,interpolation,0 days 00:00:56.324000,56.324,4433.103,1.0
2024-03-01 17:00:28.876,0 days 01:13:53.203000,1549.3254863465722,936.0576835308907,-139.00000058152577,OnTrack,307.99999744,10862.00022016,100.0,0,12,8,3269.7710102107767,0.6050429967720965,81,209.42251109333142,interpolation,0 days 00:00:56.424000,56.424,4433.203,1.0
2024-03-01 17:00:28.976,0 days 01:13:53.303000,1543.2365911749664,824.7683662839365,-139.00000141786055,OnTrack,309.0,10776.0,100.0,0,12,8,3278.795555555556,0.6067129112532207,81,205.08916666666437,interpolation,0 days 00:00:56.524000,56.524,4433.303,1.0
2024-03-01 17:00:29.076,0 days 01:13:53.403000,1538.0,728.0,-139.0,OnTrack,308.50000128,10834.49985024,100.0,0,12,8,3289.116836543234,0.6086227755097117,81,200.03487405013118,interpolation,0 days 00:00:56.624000,56.624,4433.403,1.0
2024-03-01 17:00:29.176,0 days 01:13:53.503000,1533.8268281550486,650.0639320432485,-138.99999590977467,OnTrack,308.0,10893.0,100.0,0,12,8,3299.4144444444446,0.6105282592652027,81,194.98055555555356,interpolation,0 days 00:00:56.724000,56.724,4433.503,1.0
2024-03-01 17:00:29.276,0 days 01:13:53.603000,1530.0,575.0,-139.0,OnTrack,308.0,10895.4999936,100.0,0,12,8,3308.367759392415,0.6121849931741667,81,190.92501038222036,interpolation,0 days 00:00:56.824000,56.824,4433.603,1.0
2024-03-01 17:00:29.376,0 days 01:13:53.703000,1525.8024398947412,486.848041456573,-139.00002312349147,OnTrack,308.0,10898.0,100.0,0,12,8,3316.5255555555555,0.6136945231755612,81,186.8694444444427,interpolation,0 days 00:00:56.924000,56.924,4433.703,1.0
2024-03-01 17:00:29.476,0 days 01:13:53.803000,1521.4235791710184,389.57695386351514,-139.00005122794857,OnTrack,296.00003072,10442.00116736,75.00006400000001,0,12,8,3324.4364318844746,0.6151583627857955,81,184.42500625777603,interpolation,0 days 00:00:57.024000,57.024,4433.803,1.0
2024-03-01 17:00:29.576,0 days 01:13:53.903000,1518.0,307.0,-139.0,OnTrack,284.0,9986.0,50.0,1,12,8,3332.100469386757,0.6165765269946267,81,181.9805555555538,interpolation,0 days 00:00:57.124000,57.124,4433.903,1.0
2024-03-01 17:00:29.676,0 days 01:13:54.003000,1515.721131773665,243.08603667527353,-138.9998553874891,OnTrack,272.00003072,9530.00116736,25.00006400000001,1,12,8,3339.19923521788,0.6178900925435393,81,179.53611736888712,interpolation,0 days 00:00:57.224000,57.224,4434.003,1.0
2024-03-01 17:00:29.776,0 days 01:13:54.103000,1514.965025628812,191.58540948354153,-138.99969672250282,OnTrack,260.0,9074.0,0.0,1,12,8,3345.4144444444446,0.6190401635436991,81,177.09166666666488,interpolation,0 days 00:00:57.324000,57.324,4434.103,1.0
2024-03-01 17:00:29.876,0 days 01:13:54.203000,1518.0,115.0,-139.0,OnTrack,252.5000192,9112.49990144,0.0,1,12,8,3350.7460334228717,0.6200267282184091,81,175.58055942399815,interpolation,0 days 00:00:57.424000,57.424,4434.203,1.0
2024-03-01 17:00:29.976,0 days 01:13:54.303000,1525.0,14.0,-139.0,OnTrack,245.0,9151.0,0.0,1,12,8,3356.3033333333333,0.6210550587593817,81,174.06944444444252,interpolation,0 days 00:00:57.524000,57.524,4434.303,1.0
2024-03-01 17:00:30.076,0 days 01:13:54.403000,1534.740359986792,-69.89491686848729,-138.99462937927873,OnTrack,227.00004608,9249.99974656,0.0,1,12,8,3363.1955638537597,0.6223304067257991,81,173.16944674844243,interpolation,0 days 00:00:57.624000,57.624,4434.403,1.0
2024-03-01 17:00:30.176,0 days 01:13:54.503000,1546.3692119677173,-131.1414806351624,-138.98690549744953,OnTrack,209.0,9349.0,0.0,1,8,8,3370.2366666666667,0.6236333022292451,81,172.26944444444234,interpolation,0 days 00:00:57.724000,57.724,4434.503,0.0
2024-03-01 17:00:30.276,0 days 01:13:54.603000,1556.0,-178.0,-139.0,OnTrack,204.50001152,9823.998784,0.0,1,8,8,3376.2404407772556,0.6247442489800938,81,171.90833425777592,interpolation,0 days 00:00:57.824000,57.824,4434.603,0.0
2024-03-01 17:00:30.376,0 days 01:13:54.703000,1562.9849614433112,-211.84720012847123,-139.03777484761792,OnTrack,200.0,10299.0,0.0,1,8,8,3381.3477777777775,0.6256893177554519,81,171.54722222222063,interpolation,0 days 00:00:57.924000,57.924,4434.703,0.0
2024-03-01 17:00:30.476,0 days 01:13:54.803000,1568.6555003351589,-235.96002079734635,-139.0794115716814,OnTrack,197.5000064,10112.00047872,0.0,1,8,8,3385.699455482688,0.6264945582788228,81,171.45833356088744,interpolation,0 days 00:00:58.024000,58.024,4434.803,0.0
2024-03-01 17:00:30.576,0 days 01:13:54.903000,1581.0,-270.0,-139.0,OnTrack,195.0,9925.0,0.0,1,8,7,3390.0144444444445,0.6272930098658933,81,171.36944444444316,interpolation,0 days 00:00:58.124000,58.124,4434.903,0.0
2024-03-01 17:00:30.676,0 days 01:13:55.003000,1601.3498508418352,-317.2440439575109,-138.77872187713186,OnTrack,190.0000128,9723.50051584,0.0,1,8,7,3395.011626468822,0.6282176954105395,81,171.7305546311098,interpolation,0 days 00:00:58.224000,58.224,4435.003,0.0
2024-03-01 17:00:30.776,0 days 01:13:55.103000,1628.1422130777883,-374.0983509215304,-138.42551428273214,OnTrack,185.0,9522.0,0.0,1,8,6,3400.292222222222,0.6291948242276345,81,172.09166666666533,interpolation,0 days 00:00:58.324000,58.324,4435.103,0.0
2024-03-01 17:00:30.876,0 days 01:13:55.203000,1652.0,-419.0,-138.0,OnTrack,181.50000896,9506.50003968,0.0,1,8,6,3405.4573471266062,0.6301505861574735,81,172.75833162666518,interpolation,0 days 00:00:58.424000,58.424,4435.203,0.0
2024-03-01 17:00:30.976,0 days 01:13:55.303000,1671.3603558220334,-448.355152643853,-137.5121162103469,OnTrack,178.0,9491.0,0.0,1,8,6,3410.181111111111,0.6310246780459587,81,173.42499999999836,interpolation,0 days 00:00:58.524000,58.524,4435.303,0.0
2024-03-01 17:00:31.076,0 days 01:13:55.403000,1698.0,-475.0,-137.0,OnTrack,175.66667064889228,9323.333619484689,1.999996586663754,1,8,5,3414.137522842646,0.6317567780012879,81,174.3842576221204,interpolation,0 days 00:00:58.624000,58.624,4435.403,0.0
2024-03-01 17:00:31.176,0 days 01:13:55.503000,1743.6956519900114,-511.7707332153519,-136.50178845518658,OnTrack,173.33332935110772,9155.666380515311,4.000003413336246,1,8,5,3417.741373741804,0.6324236396075402,81,175.34352015565406,interpolation,0 days 00:00:58.724000,58.724,4435.503,0.0
2024-03-01 17:00:31.276,0 days 01:13:55.603000,1789.0,-546.0,-136.0,OnTrack,171.0,8988.0,6.0,0,8,5,3423.481111111111,0.6334857286308283,81,176.3027777777761,interpolation,0 days 00:00:58.824000,58.824,4435.603,0.0
2024-03-01 17:00:31.376,0 days 01:13:55.703000,1814.465732237899,-565.0204480640356,-135.47715305853376,OnTrack,168.0,8942.0,48.0,0,8,5,3430.947777777778,0.6348673710644394,81,178.12499999999818,interpolation,0 days 00:00:58.924000,58.924,4435.703,0.0
2024-03-01 17:00:31.476,0 days 01:13:55.803000,1828.6616169075116,-573.0059929843454,-134.89232707813926,OnTrack,166.50000384,8906.00009216,55.99997952,0,8,5,3435.198738331873,0.6356539747454855,81,179.16944177066512,interpolation,0 days 00:00:59.024000,59.024,4435.803,0.0
2024-03-01 17:00:31.576,0 days 01:13:55.903000,1883.0,-595.0,-134.0,OnTrack,165.0,8870.0,64.0,0,8,5,3438.2811111111114,0.6362243413117359,81,180.2138888888876,pos,0 days 00:00:59.124000,59.124,4435.903,0.0
2024-03-01 17:00:31.676,0 days 01:13:56.003000,1968.0,-628.0,-133.0,OnTrack,166.33333105777584,9014.999752533122,67.33332764443959,0,8,5,3443.065706214476,0.6371096894754575,81,181.8138861582185,interpolation,0 days 00:00:59.224000,59.224,4436.003,0.0
2024-03-01 17:00:31.776,0 days 01:13:56.103000,1991.0,-635.0,-133.0,OnTrack,167.66666894222416,9160.000247466878,70.66667235556041,0,8,5,3449.2680670452232,0.6382573829905014,81,183.4138916195564,interpolation,0 days 00:00:59.324000,59.324,4436.103,0.0
2024-03-01 17:00:31.876,0 days 01:13:56.203000,2027.7623059526659,-645.1349469058925,-132.2198782608761,OnTrack,169.0,9305.0,74.0,0,8,5,3455.1811111111115,0.6393515409270965,81,185.01388888888732,interpolation,0 days 00:00:59.424000,59.424,4436.203,0.0
2024-03-01 17:00:31.976,0 days 01:13:56.303000,2082.0,-658.0,-131.0,OnTrack,170.75000448,9419.50029312,80.50001664,0,8,5,3460.5203933707276,0.6403395291773077,81,186.3472256355538,interpolation,0 days 00:00:59.524000,59.524,4436.303,0.0
2024-03-01 17:00:32.076,0 days 01:13:56.403000,2141.790803714308,-667.138418351065,-130.01754342311696,OnTrack,172.5,9534.0,87.0,0,8,5,3465.285859149959,0.6412213376241616,81,187.6805555555536,interpolation,0 days 00:00:59.624000,59.624,4436.403,0.0
2024-03-01 17:00:32.176,0 days 01:13:56.503000,2205.0,-671.0,-129.0,OnTrack,174.25000448,9648.50029312,93.50001664,0,8,5,3469.887864829766,0.6420728991858053,81,189.01389230222009,interpolation,0 days 00:00:59.724000,59.724,4436.503,0.0
2024-03-01 17:00:32.276,0 days 01:13:56.603000,2269.492871761485,-668.0345429877178,-127.67486120042211,OnTrack,176.0,9763.0,100.0,0,8,5,3474.736666666667,0.6429701282532205,81,190.3472222222199,interpolation,0 days 00:00:59.824000,59.824,4436.603,0.0
2024-03-01 17:00:32.376,0 days 01:13:56.703000,2333.3439098254303,-659.395097491849,-126.14192696463348,OnTrack,179.50000896,10016.00064768,100.0,0,8,5,3479.832314312519,0.6439130340140562,81,191.51389187555307,interpolation,0 days 00:00:59.924000,59.924,4436.703,0.0
2024-03-01 17:00:32.476,0 days 01:13:56.803000,2385.0,-652.0,-125.0,OnTrack,183.0,10269.0,100.0,0,8,5,3484.903333333334,0.6448513824596999,81,192.68055555555293,interpolation,0 days 00:01:00.024000,60.024,4436.803,0.0
2024-03-01 17:00:32.576,0 days 01:13:56.903000,2422.535613394546,-647.0023124970959,-124.34888126872852,OnTrack,186.50000896,10375.75027328,100.0,0,8,5,3489.678353401787,0.6457349588455819,81,193.355557283553,interpolation,0 days 00:01:00.124000,60.124,4436.903,0.0
2024-03-01 17:00:32.676,0 days 01:13:57.003000,2445.95075000907,-644.4020349831366,-124.18857077081901,OnTrack,190.0,10482.5,100.0,0,8,5,3494.1573256217966,0.6465637541239029,81,194.03055555555306,interpolation,0 days 00:01:00.224000,60.224,4437.003,0.0
2024-03-01 17:00:32.776,0 days 01:13:57.103000,2460.3864568188674,-642.0797496442915,-124.33296972144439,OnTrack,193.50000896,10589.25027328,100.0,0,8,5,3498.934326913577,0.6474476971181179,81,194.70555728355313,interpolation,0 days 00:01:00.324000,60.324,4437.103,0.0
2024-03-01 17:00:32.876,0 days 01:13:57.203000,2496.6891736092152,-627.3188844888394,-123.66547969466754,OnTrack,197.0,10696.0,100.0,0,8,5,3504.603333333334,0.6484966979876646,81,195.3805555555532,interpolation,0 days 00:01:00.424000,60.424,4437.203,0.0
2024-03-01 17:00:32.976,0 days 01:13:57.303000,2560.0,-598.0,-122.0,OnTrack,199.00000512,10871.000448,100.0,0,8,5,3511.1644029318372,0.6497107674743389,81,196.18055760355293,pos,0 days 00:01:00.524000,60.524,4437.303,0.0
2024-03-01 17:00:33.076,0 days 01:13:57.403000,2650.318935991222,-554.1230961777733,-119.3365306374418,OnTrack,201.0,11046.0,100.0,0,8,5,3518.003333333334,0.6509762527122701,81,196.98055555555266,interpolation,0 days 00:01:00.624000,60.624,4437.403,0.0
2024-03-01 17:00:33.176,0 days 01:13:57.503000,2732.0,-513.0,-117.0,OnTrack,204.00000768,11178.25033856,100.0,0,8,5,3524.506059378066,0.6521795262262277,81,197.23055619555277,pos,0 days 00:01:00.724000,60.724,4437.503,0.0
2024-03-01 17:00:33.276,0 days 01:13:57.603000,2769.3972104434524,-491.9425384445215,-116.3153364806817,OnTrack,207.0,11310.5,100.0,0,8,5,3530.6725144782886,0.6533205756947219,81,197.48055555555288,interpolation,0 days 00:01:00.824000,60.824,4437.603,0.0
2024-03-01 17:00:33.376,0 days 01:13:57.703000,2791.0,-476.0,-116.0,OnTrack,210.00000768,11442.75033856,100.0,0,8,5,3536.421075966032,0.6543842975452158,81,197.730556195553,interpolation,0 days 00:01:00.924000,60.924,4437.703,0.0
2024-03-01 17:00:33.476,0 days 01:13:57.803000,2825.2978013480647,-450.2216731550982,-114.77145047846807,OnTrack,213.0,11575.0,100.0,0,8,5,3541.6700000000005,0.6553555657830906,81,197.9805555555531,interpolation,0 days 00:01:01.024000,61.024,4437.803,0.0
2024-03-01 17:00:33.576,0 days 01:13:57.903000,2870.1819061944234,-415.9233696113685,-112.78805267410418,OnTrack,214.00000170666522,11632.333431182138,100.0,0,8,5,3546.4193403293175,0.656234390354159,81,198.09166685629373,interpolation,0 days 00:01:01.124000,61.124,4437.903,0.0
2024-03-01 17:00:33.676,0 days 01:13:58.003000,2913.0,-381.0,-111.0,OnTrack,214.99999829333478,11689.666568817862,100.0,0,8,5,3550.852472902926,0.6570547034002556,81,198.20277758814598,pos,0 days 00:01:01.224000,61.224,4438.003,0.0
2024-03-01 17:00:33.776,0 days 01:13:58.103000,2951.643352878288,-346.7673894965261,-109.56565883583724,OnTrack,216.0,11747.0,100.0,0,8,5,3556.07,0.6580201619050546,81,198.3138888888866,interpolation,0 days 00:01:01.324000,61.324,4438.103,0.0
2024-03-01 17:00:33.876,0 days 01:13:58.203000,2992.0,-306.0,-108.0,OnTrack,218.66666211555167,11606.333573404649,100.0,0,8,5,3562.255292775265,0.6591646971232618,81,198.19537057264006,pos,0 days 00:01:01.424000,61.424,4438.203,0.0
2024-03-01 17:00:33.976,0 days 01:13:58.303000,3039.95797653585,-251.47229340947501,-105.81799431087244,OnTrack,221.33333788444833,11465.666426595351,100.0,0,8,5,3569.2363932792687,0.6604564897156237,81,198.0768516495782,interpolation,0 days 00:01:01.524000,61.524,4438.303,0.0
2024-03-01 17:00:34.076,0 days 01:13:58.403000,3092.88639374466,-186.72473414898082,-103.17464870057127,OnTrack,224.0,11325.0,100.0,0,8,5,3575.981111111111,0.6617045417280173,81,197.95833333333167,interpolation,0 days 00:01:01.624000,61.624,4438.403,0.0
2024-03-01 17:00:34.176,0 days 01:13:58.503000,3135.0,-133.0,-101.0,OnTrack,226.00000512,10957.99906048,100.0,0,8,5,3582.3174940498707,0.6628770348812048,81,197.7361105422204,interpolation,0 days 00:01:01.724000,61.724,4438.503,0.0
2024-03-01 17:00:34.276,0 days 01:13:58.603000,3163.6679335008557,-93.8385191323921,-99.44905355401244,OnTrack,228.0,10591.0,100.0,0,8,5,3588.647777777778,0.6640483994278932,81,197.51388888888687,interpolation,0 days 00:01:01.824000,61.824,4438.603,0.0
2024-03-01 17:00:34.376,0 days 01:13:58.703000,3197.0,-37.0,-97.0,OnTrack,230.00000512,10643.5001344,100.0,0,8,5,3595.3743276837295,0.6652930896218929,81,197.20833255110853,interpolation,0 days 00:01:01.924000,61.924,4438.703,0.0
2024-03-01 17:00:34.476,0 days 01:13:58.803000,3253.106005250208,69.75584894333339,-92.13102997535407,OnTrack,232.0,10696.0,100.0,0,8,5,3601.5366666666673,0.6664333774382931,81,196.90277777777465,interpolation,0 days 00:01:02.024000,62.024,4438.803,0.0
2024-03-01 17:00:34.576,0 days 01:13:58.903000,3310.0,182.0,-87.0,OnTrack,232.0,10758.00015872,100.0,0,8,6,3606.1744496077376,0.6672915592743547,81,196.65833270755303,interpolation,0 days 00:01:02.124000,62.124,4438.903,0.0
2024-03-01 17:00:34.676,0 days 01:13:59.003000,3345.6960349979017,255.3034254723916,-83.76476659386319,OnTrack,232.0,10820.0,100.0,0,8,6,3611.847777777778,0.668341359846613,81,196.41388888888696,interpolation,0 days 00:01:02.224000,62.224,4439.003,0.0
2024-03-01 17:00:34.776,0 days 01:13:59.103000,3360.194110243913,289.6661253605084,-82.42532975694367,OnTrack,235.00000768,10963.00036608,100.0,0,8,6,3621.1168580334556,0.6700565234093528,81,195.8694430506647,interpolation,0 days 00:01:02.324000,62.324,4439.103,0.0
2024-03-01 17:00:34.876,0 days 01:13:59.203000,3366.5951303679676,310.1957625683709,-81.8732280415523,OnTrack,238.0,11106.0,100.0,0,8,6,3630.3588888888894,0.6717666817132737,81,195.324999999998,interpolation,0 days 00:01:02.424000,62.424,4439.203,0.0
2024-03-01 17:00:34.976,0 days 01:13:59.303000,3378.0,342.0,-81.0,OnTrack,240.00000512,11104.49999616,100.0,0,8,6,3635.9512584119234,0.6728015015843616,81,194.9716657621312,interpolation,0 days 00:01:02.524000,62.524,4439.303,0.0
2024-03-01 17:00:35.076,0 days 01:13:59.403000,3394.4087191400104,385.0788376553957,-79.80564563228677,OnTrack,242.0,11103.0,100.0,0,8,6,3641.0472222222224,0.6737444658487083,81,194.61833333333107,interpolation,0 days 00:01:02.624000,62.624,4439.403,0.0
2024-03-01 17:00:35.176,0 days 01:13:59.503000,3417.0,443.0,-78.0,OnTrack,242.50000128,11218.50029568,100.0,0,8,6,3648.8001453880192,0.6751790775849212,81,194.11833205333085,interpolation,0 days 00:01:02.724000,62.724,4439.503,0.0
2024-03-01 17:00:35.276,0 days 01:13:59.603000,3446.952554791972,519.331211499255,-75.29289816472705,OnTrack,243.0,11334.0,100.0,0,8,6,3657.2472222222227,0.676742136485918,81,193.6183333333306,interpolation,0 days 00:01:02.824000,62.824,4439.603,0.0
2024-03-01 17:00:35.376,0 days 01:13:59.703000,3482.606224052416,609.3809568378412,-71.88719211348383,OnTrack,245.5000064,11334.0,100.0,0,8,6,3664.425812925723,0.6780704729407593,81,193.11833205333085,interpolation,0 days 00:01:02.924000,62.924,4439.703,0.0
2024-03-01 17:00:35.476,0 days 01:13:59.803000,3514.0,685.0,-69.0,OnTrack,248.0,11334.0,100.0,0,8,6,3671.025,0.6792915957384144,81,192.61833333333107,pos,0 days 00:01:03.024000,63.024,4439.803,0.0
2024-03-01 17:00:35.576,0 days 01:13:59.903000,3539.4737061710944,741.4967776290496,-66.83417588850644,OnTrack,249.00000170666522,11416.000139946547,100.0,0,8,6,3677.734007030976,0.680533039774315,81,192.14999920070946,interpolation,0 days 00:01:03.124000,63.124,4439.903,0.0
2024-03-01 17:00:35.676,0 days 01:14:00.003000,3561.8428067109153,784.0798034713423,-65.2045378500854,OnTrack,249.99999829333478,11497.999860053453,100.0,0,8,6,3684.456721502848,0.6817770202542329,81,191.68166746595247,interpolation,0 days 00:01:03.224000,63.224,4440.003,0.0
2024-03-01 17:00:35.776,0 days 01:14:00.103000,3598.0,844.0,-63.0,OnTrack,251.0,11580.0,100.0,0,8,6,3690.616944444445,0.6829169165153868,81,191.21333333333087,interpolation,0 days 00:01:03.324000,63.324,4440.103,0.0
2024-03-01 17:00:35.876,0 days 01:14:00.203000,3650.7607213533593,926.4658276264677,-60.035382305585706,OnTrack,251.49999872,11644.9998336,100.0,0,8,6,3696.118568959503,0.6839349448033955,81,190.85777868799747,interpolation,0 days 00:01:03.424000,63.424,4440.203,0.0
2024-03-01 17:00:35.976,0 days 01:14:00.303000,3706.0,1010.0,-57.0,OnTrack,252.0,11710.0,100.0,0,8,6,3701.8169444444447,0.6849893801658032,81,190.50222222221964,interpolation,0 days 00:01:03.524000,63.524,4440.303,0.0
2024-03-01 17:00:36.076,0 days 01:14:00.403000,3749.592865168928,1073.1252307698514,-54.58316831640034,OnTrack,253.99999488,11743.49991424,100.0,0,8,6,3708.567305607683,0.6862384764281242,81,190.00222350221964,interpolation,0 days 00:01:03.624000,63.624,4440.403,0.0
2024-03-01 17:00:36.176,0 days 01:14:00.503000,3781.539316860143,1115.8415199360227,-52.78488725478674,OnTrack,256.0,11777.0,100.0,0,8,6,3716.0391666666674,0.6876210800393481,81,189.50222222221964,interpolation,0 days 00:01:03.724000,63.724,4440.503,0.0
2024-03-01 17:00:36.276,0 days 01:14:00.603000,3804.3393576709186,1141.527411824483,-51.481102394959585,OnTrack,256.6666655288879,11334.334088818423,100.0,0,8,6,3723.9018962033106,0.6890760104998616,81,188.88000106192405,interpolation,0 days 00:01:03.824000,63.824,4440.603,0.0
2024-03-01 17:00:36.376,0 days 01:14:00.703000,3832.992926385078,1170.4540686025243,-49.92749102666028,OnTrack,257.3333344711121,10891.665911181577,100.0,0,8,6,3731.9525047085726,0.6905657063472624,81,188.257776715848,interpolation,0 days 00:01:03.924000,63.924,4440.703,0.0
2024-03-01 17:00:36.476,0 days 01:14:00.803000,3870.0,1206.0,-48.0,OnTrack,258.0,10449.0,100.0,0,8,6,3738.9725000000008,0.6918646960854391,81,187.6355555555524,interpolation,0 days 00:01:04.024000,64.024,4440.803,0.0
2024-03-01 17:00:36.576,0 days 01:14:00.903000,3915.360578515684,1248.1652060169104,-45.69862931497875,OnTrack,258.50000128,10478.00007424,100.0,0,8,6,3744.7588839389423,0.6929354166551545,81,187.0133317404417,interpolation,0 days 00:01:04.124000,64.124,4440.903,0.0
2024-03-01 17:00:36.676,0 days 01:14:01.003000,3966.0,1292.0,-43.0,OnTrack,259.0,10507.0,100.0,0,8,6,3750.4836111111117,0.6939947281705894,81,186.39111111110878,interpolation,0 days 00:01:04.224000,64.224,4441.003,0.0
2024-03-01 17:00:36.776,0 days 01:14:01.103000,4018.8436025208184,1332.5546952960149,-39.88073308346725,OnTrack,260.00000256,10525.50004736,100.0,0,8,6,3757.3187539760165,0.6952595125574571,81,185.41888639999726,interpolation,0 days 00:01:04.324000,64.324,4441.103,0.0
2024-03-01 17:00:36.876,0 days 01:14:01.203000,4071.0,1369.0,-37.0,OnTrack,261.0,10544.0,100.0,0,8,7,3764.9836111111117,0.6966778284322893,81,184.44666666666353,interpolation,0 days 00:01:04.424000,64.424,4441.203,0.0
2024-03-01 17:00:36.976,0 days 01:14:01.303000,4119.577806359407,1400.5066222070013,-35.01697218421775,OnTrack,261.75000192,10564.75005312,100.0,0,8,7,3773.197629573867,0.6981977618865669,81,182.3077723022193,interpolation,0 days 00:01:04.524000,64.524,4441.303,0.0
2024-03-01 17:00:37.076,0 days 01:14:01.403000,4184.0,1435.0,-33.0,OnTrack,262.5,10585.5,100.0,0,8,7,3781.9607252529486,0.6998192973562114,81,180.16888888888616,interpolation,0 days 00:01:04.624000,64.624,4441.403,0.0
2024-03-01 17:00:37.176,0 days 01:14:01.503000,4283.689559322741,1480.4055714619772,-30.017433811226255,OnTrack,263.25000192,10606.25005312,100.0,0,8,7,3790.3019718291084,0.7013627732783768,81,178.02999452444192,interpolation,0 days 00:01:04.724000,64.724,4441.503,0.0
2024-03-01 17:00:37.276,0 days 01:14:01.603000,4386.0,1524.0,-27.0,OnTrack,264.0,10627.0,100.0,0,8,7,3797.250277777778,0.7026484975203939,81,175.89111111110878,interpolation,0 days 00:01:04.824000,64.824,4441.603,0.0
2024-03-01 17:00:37.376,0 days 01:14:01.703000,4458.284837704149,1553.059949021137,-24.87842494842473,OnTrack,264.0,10675.50012416,100.0,0,8,7,3802.8057142498046,0.7036764832481147,81,174.04666194488658,interpolation,0 days 00:01:04.924000,64.924,4441.703,0.0
2024-03-01 17:00:37.476,0 days 01:14:01.803000,4500.544072435188,1567.5854185253888,-23.65270865650045,OnTrack,264.0,10724.0,100.0,0,8,7,3808.9836111111113,0.7048196499160683,81,172.20222222221992,interpolation,0 days 00:01:05.024000,65.024,4441.803,0.0
2024-03-01 17:00:37.576,0 days 01:14:01.903000,4538.281270948633,1576.068178766946,-22.600638036325947,OnTrack,264.50000128,10730.00001536,100.0,0,8,7,3817.7994183769906,0.7064509392113909,81,169.16888112355284,interpolation,0 days 00:01:05.124000,65.124,4441.903,0.0
2024-03-01 17:00:37.676,0 days 01:14:02.003000,4597.0,1587.0,-21.0,OnTrack,265.0,10736.0,100.0,0,8,7,3826.6502777777787,0.7080887146027374,81,166.1355555555524,interpolation,0 days 00:01:05.224000,65.224,4442.003,0.0
2024-03-01 17:00:37.776,0 days 01:14:02.103000,4676.70025958929,1600.380882224551,-18.850794547522618,OnTrack,265.50000128,10765.00007424,100.0,0,8,7,3832.93351195044,0.709251373033978,81,164.00221676088563,interpolation,0 days 00:01:05.324000,65.324,4442.103,0.0
2024-03-01 17:00:37.876,0 days 01:14:02.203000,4756.0,1612.0,-17.0,OnTrack,266.0,10794.0,100.0,0,8,7,3838.4725000000008,0.7102763151226213,81,161.86888888888552,interpolation,0 days 00:01:05.424000,65.424,4442.203,0.0
2024-03-01 17:00:37.976,0 days 01:14:02.303000,4813.517171515633,1617.6465278857493,-16.294594678538363,OnTrack,266.50000128,10778.9999616,100.0,0,8,7,3845.090742091064,0.7115009638872093,81,158.89665905777446,interpolation,0 days 00:01:05.524000,65.524,4442.303,0.0
2024-03-01 17:00:38.076,0 days 01:14:02.403000,4889.0,1616.0,-15.0,OnTrack,267.0,10764.0,100.0,0,8,7,3853.3058333333342,0.7130210958501075,81,155.92444444444118,interpolation,0 days 00:01:05.624000,65.624,4442.403,0.0
2024-03-01 17:00:38.176,0 days 01:14:02.503000,5007.0,1607.0,-12.0,OnTrack,268.00000256,10784.50005248,100.0,0,8,7,3863.63552072989,0.7149325156402441,81,151.45221077332988,interpolation,0 days 00:01:05.724000,65.724,4442.503,0.0
2024-03-01 17:00:38.276,0 days 01:14:02.603000,5076.33643676958,1598.2068638288697,-11.004789387219684,OnTrack,269.0,10805.0,100.0,0,8,7,3874.2280555555567,0.7168925730859551,81,146.97999999999638,interpolation,0 days 00:01:05.824000,65.824,4442.603,0.0
2024-03-01 17:00:38.376,0 days 01:14:02.703000,5125.0,1586.0,-11.0,OnTrack,269.25000064,10834.00007424,100.0,0,8,7,3883.231903328685,0.7185586576594991,81,143.50776888888544,interpolation,0 days 00:01:05.924000,65.924,4442.703,0.0
2024-03-01 17:00:38.476,0 days 01:14:02.803000,5196.178246314552,1565.4987545847634,-10.35289472586346,OnTrack,269.5,10863.0,100.0,0,8,7,3890.646971850111,0.7199307523002136,81,140.03555555555226,interpolation,0 days 00:01:06.024000,66.024,4442.803,0.0
2024-03-01 17:00:38.576,0 days 01:14:02.903000,5285.640213688741,1537.5238893377064,-9.159946955864225,OnTrack,269.75000064,10892.00007424,100.0,0,8,7,3897.3526206242545,0.7211715749195773,81,136.56332444444132,interpolation,0 days 00:01:06.124000,66.124,4442.903,0.0
2024-03-01 17:00:38.676,0 days 01:14:03.003000,5368.0,1507.0,-8.0,OnTrack,270.0,10921.0,100.0,0,8,7,3904.2280555555562,0.7224438150067135,81,133.09111111110815,interpolation,0 days 00:01:06.224000,66.224,4443.003,0.0
2024-03-01 17:00:38.776,0 days 01:14:03.103000,5438.0,1476.0,-7.0,OnTrack,270.75000192,10950.00007424,100.0,0,8,7,3911.273347048649,0.7237474855893943,81,129.69110240710805,interpolation,0 days 00:01:06.324000,66.324,4443.103,0.0
2024-03-01 17:00:38.876,0 days 01:14:03.203000,5489.480582760116,1452.0367874186697,-6.342778468654759,OnTrack,271.5,10979.0,100.0,0,8,7,3918.4884229599347,0.725082573318067,81,126.29111111110797,interpolation,0 days 00:01:06.424000,66.424,4443.203,0.0
2024-03-01 17:00:38.976,0 days 01:14:03.303000,5521.415137869351,1436.3625183471877,-6.05880748077919,OnTrack,272.25000192,11008.00007424,100.0,0,8,7,3925.3983501130283,0.7263611958941217,81,122.89110240710788,interpolation,0 days 00:01:06.524000,66.524,4443.303,0.0
2024-03-01 17:00:39.076,0 days 01:14:03.403000,5562.89212404391,1415.2569901021116,-5.745432752514025,OnTrack,273.0,11037.0,100.0,0,8,7,3931.5280555555564,0.7274954451546037,81,119.49111111110778,interpolation,0 days 00:01:06.624000,66.624,4443.403,0.0
2024-03-01 17:00:39.176,0 days 01:14:03.503000,5643.0,1375.0,-5.0,OnTrack,273.0,11070.50008576,100.0,0,8,7,3936.8776020558767,0.728485332714258,81,116.42443659377452,pos,0 days 00:01:06.724000,66.724,4443.503,0.0
2024-03-01 17:00:39.276,0 days 01:14:03.603000,5751.0,1321.0,-4.0,OnTrack,273.0,11104.0,100.0,0,8,7,3943.6613888888896,0.7297406141092216,81,113.35777777777457,interpolation,0 days 00:01:06.824000,66.824,4443.603,0.0
2024-03-01 17:00:39.376,0 days 01:14:03.703000,5822.459859511939,1285.7075357099166,-3.8103719605933,OnTrack,274.00000256,11065.49990144,100.0,0,8,7,3954.093939574885,0.7316710678661729,81,107.796652430219,interpolation,0 days 00:01:06.924000,66.924,4443.703,0.0
2024-03-01 17:00:39.476,0 days 01:14:03.803000,5874.0,1261.0,-4.0,OnTrack,275.0,11027.0,100.0,0,8,7,3965.050277777779,0.7336984439971699,81,102.23555555555231,interpolation,0 days 00:01:07.024000,67.024,4443.803,0.0
2024-03-01 17:00:39.576,0 days 01:14:03.903000,5932.97949870159,1233.3463891636175,-3.9602792771735604,OnTrack,269.999991466674,10797.666275271446,66.66660977782632,0,8,7,3973.40564618366,0.73524453304244,81,98.91703137343377,interpolation,0 days 00:01:07.124000,67.124,4443.903,0.0
2024-03-01 17:00:39.676,0 days 01:14:04.003000,5998.0,1203.0,-4.0,OnTrack,265.000008533326,10568.333724728554,33.333390222173676,0,8,7,3979.4887596722156,0.7363701608626535,81,95.59852418211555,pos,0 days 00:01:07.224000,67.224,4444.003,0.0
2024-03-01 17:00:39.776,0 days 01:14:04.103000,6067.663148278519,1170.2141293083785,-4.427952376365337,OnTrack,260.0,10339.0,0.0,0,8,7,3985.272500000001,0.7374403922548662,81,92.27999999999702,interpolation,0 days 00:01:07.324000,67.324,4444.103,0.0
2024-03-01 17:00:39.876,0 days 01:14:04.203000,6142.0,1133.0,-5.0,OnTrack,246.00002389335373,9768.334307271942,0.0,0,8,7,3991.0856083801114,0.7385160579525188,81,90.07630005728412,interpolation,0 days 00:01:07.424000,67.424,4444.203,0.0
2024-03-01 17:00:39.976,0 days 01:14:04.303000,6221.041611627304,1089.3688349861122,-5.4720064646344175,OnTrack,231.99997610664627,9197.665692728058,0.0,0,8,7,3996.8645891835604,0.7395854086356977,81,87.8725888315986,interpolation,0 days 00:01:07.524000,67.524,4444.303,0.0
2024-03-01 17:00:40.076,0 days 01:14:04.403000,6301.205847089068,1041.7811540161704,-5.831094402213711,OnTrack,218.0,8627.0,0.0,1,8,7,4002.2280555555567,0.740577871947858,81,85.6688888888857,interpolation,0 days 00:01:07.624000,67.624,4444.403,0.0
2024-03-01 17:00:40.176,0 days 01:14:04.503000,6361.0,1005.0,-6.0,OnTrack,210.74998144,8737.25028224,0.0,1,8,7,4007.112507262771,0.7414816977170915,81,84.36888556088574,interpolation,0 days 00:01:07.724000,67.724,4444.503,0.0
2024-03-01 17:00:40.276,0 days 01:14:04.603000,6396.841970969628,981.4858674914633,-5.965846021801981,OnTrack,203.5,8847.5,0.0,1,8,7,4011.5178942885454,0.7422968766882463,81,83.0688888888858,interpolation,0 days 00:01:07.824000,67.824,4444.603,0.0
2024-03-01 17:00:40.376,0 days 01:14:04.703000,6412.990704673484,968.3211367830376,-5.807703382450784,OnTrack,196.24998144,8957.75028224,0.0,1,8,7,4016.0033861398265,0.7431268783682482,81,81.76888556088583,interpolation,0 days 00:01:07.924000,67.924,4444.703,0.0
2024-03-01 17:00:40.476,0 days 01:14:04.803000,6435.0,948.0,-6.0,OnTrack,189.0,9068.0,0.0,1,8,7,4021.128055555557,0.7440751543579358,81,80.46888888888589,interpolation,0 days 00:01:08.024000,68.024,4444.803,0.0
2024-03-01 17:00:40.576,0 days 01:14:04.903000,6467.128845236523,917.6048075582485,-6.621807598971073,OnTrack,179.99997696,9403.0008576,0.0,1,8,7,4026.891955012483,0.7451417143676798,81,79.40221949155216,interpolation,0 days 00:01:08.124000,68.124,4444.903,0.0
2024-03-01 17:00:40.676,0 days 01:14:05.003000,6507.072211910853,878.7364253999867,-7.544908437140183,OnTrack,171.0,9738.0,0.0,1,8,7,4032.5280555555573,0.7461846262878241,81,78.33555555555176,interpolation,0 days 00:01:08.224000,68.224,4445.003,0.0
2024-03-01 17:00:40.776,0 days 01:14:05.103000,6541.0,841.0,-8.0,OnTrack,167.99999488000438,9730.999988053343,0.0,1,8,7,4037.2694449657192,0.7470619796097018,81,77.81703615209585,interpolation,0 days 00:01:08.324000,68.324,4445.103,0.0
2024-03-01 17:00:40.876,0 days 01:14:05.203000,6567.0,806.0,-8.0,OnTrack,165.00000511999562,9724.000011946657,0.0,1,8,7,4041.233859602046,0.7477955604337164,81,77.29851940345247,interpolation,0 days 00:01:08.424000,68.424,4445.203,0.0
2024-03-01 17:00:40.976,0 days 01:14:05.303000,6587.428972033427,773.758139842556,-8.391708951896167,OnTrack,162.0,9717.0,0.0,1,8,7,4045.1280555555572,0.7485161478945427,81,76.77999999999656,interpolation,0 days 00:01:08.524000,68.524,4445.303,0.0
2024-03-01 17:00:41.076,0 days 01:14:05.403000,6605.0,739.0,-9.0,OnTrack,158.75000832,9633.50021376,0.0,1,8,7,4049.0697778605727,0.7492455296978623,81,76.77999999999668,interpolation,0 days 00:01:08.624000,68.624,4445.403,0.0
2024-03-01 17:00:41.176,0 days 01:14:05.503000,6622.033376456768,696.4475418894314,-9.508613592098865,OnTrack,155.5,9550.0,0.0,1,8,7,4053.0590668804307,0.7499837133125642,81,76.77999999999679,interpolation,0 days 00:01:08.724000,68.724,4445.503,0.0
2024-03-01 17:00:41.276,0 days 01:14:05.603000,6637.0,651.0,-10.0,OnTrack,152.25000832,9466.50021376,0.0,1,8,5,4057.2217179356307,0.7507539760805347,81,76.7799999999969,interpolation,0 days 00:01:08.824000,68.824,4445.603,0.0
2024-03-01 17:00:41.376,0 days 01:14:05.703000,6648.370769225963,607.5566088208564,-10.556609495510639,OnTrack,149.0,9383.0,0.0,1,8,5,4061.6836111111124,0.7515796110285908,81,76.77999999999702,interpolation,0 days 00:01:08.924000,68.924,4445.703,0.0
2024-03-01 17:00:41.476,0 days 01:14:05.803000,6656.331824244895,565.4860019087843,-11.193386824157514,OnTrack,147.3333361777802,9312.333453937881,13.666643342202317,1,8,5,4066.4447007172075,0.7524606097022521,81,77.17888820811497,interpolation,0 days 00:01:09.024000,69.024,4445.803,0.0
2024-03-01 17:00:41.576,0 days 01:14:05.903000,6662.0,521.0,-12.0,OnTrack,145.6666638222198,9241.666546062119,27.33335665779768,0,8,4,4071.413817934502,0.7533801020957791,81,77.57777845854578,interpolation,0 days 00:01:09.124000,69.124,4445.903,0.0
2024-03-01 17:00:41.676,0 days 01:14:06.003000,6665.56143469545,473.46724311644704,-12.99139361553142,OnTrack,144.0,9171.0,41.0,0,8,4,4076.043611111112,0.7542368054946605,81,77.97666666666373,interpolation,0 days 00:01:09.224000,69.224,4446.003,0.0
2024-03-01 17:00:41.776,0 days 01:14:06.103000,6666.0,425.0,-14.0,OnTrack,143.49999872,9178.00001792,46.0000128,0,8,4,4080.2429100831478,0.7550138496443726,81,78.39333439999737,interpolation,0 days 00:01:09.324000,69.324,4446.103,0.0
2024-03-01 17:00:41.876,0 days 01:14:06.203000,6662.299567582411,377.71053939253386,-14.85825148265398,OnTrack,143.0,9185.0,51.0,0,8,4,4083.9880555555565,0.7557068565958984,81,78.80999999999767,interpolation,0 days 00:01:09.424000,69.424,4446.203,0.0
2024-03-01 17:00:41.976,0 days 01:14:06.303000,6654.460137442682,331.5988612940485,-15.566148063493353,OnTrack,143.80000163839915,9293.600222412686,53.0000040959979,0,8,4,4087.255469584386,0.7563114634535419,81,78.95700030105364,interpolation,0 days 00:01:09.524000,69.524,4446.303,0.0
2024-03-01 17:00:42.076,0 days 01:14:06.403000,6643.390638581612,287.43775254853887,-16.24097061258605,OnTrack,144.5999991808004,9402.199888793657,54.999997952001046,0,8,4,4090.0451187114013,0.7568276640261453,81,79.10399984946999,interpolation,0 days 00:01:09.624000,69.624,4446.403,0.0
2024-03-01 17:00:42.176,0 days 01:14:06.503000,6630.0,246.0,-17.0,OnTrack,145.4000008191996,9510.800111206343,57.00000204799895,0,8,4,4092.6149509478196,0.7573031893741494,81,79.25100015052594,interpolation,0 days 00:01:09.724000,69.724,4446.503,0.0
2024-03-01 17:00:42.276,0 days 01:14:06.603000,6614.288221697843,207.2856036484318,-17.843236225735204,OnTrack,146.19999836160085,9619.399777587314,58.9999959040021,0,8,4,4096.512443444017,0.7580243868318405,81,79.39799969894229,interpolation,0 days 00:01:09.824000,69.824,4446.603,0.0
2024-03-01 17:00:42.376,0 days 01:14:06.703000,6596.255303675145,171.29456349383435,-18.770679289791662,OnTrack,147.0,9728.0,61.0,0,8,4,4101.995555555556,0.7590389895588336,81,79.54499999999825,interpolation,0 days 00:01:09.924000,69.924,4446.703,0.0
2024-03-01 17:00:42.476,0 days 01:14:06.803000,6575.094733814873,136.4062415923197,-19.812782708952287,OnTrack,148.0,9747.0,69.0,0,8,4,4108.573333333334,0.760256150750348,81,79.76722222222088,interpolation,0 days 00:01:10.024000,70.024,4446.803,0.0
2024-03-01 17:00:42.576,0 days 01:14:06.903000,6550.0,101.0,-21.0,OnTrack,150.00000512,10020.50070016,74.0000128,0,8,4,4113.300432186833,0.7611308597276519,81,79.711666524443,interpolation,0 days 00:01:10.124000,70.124,4446.903,0.0
2024-03-01 17:00:42.676,0 days 01:14:07.003000,6520.971102230522,65.07583871687521,-22.33233116293479,OnTrack,152.0,10294.0,79.0,0,8,4,4117.017777777778,0.7618187225502653,81,79.65611111110957,interpolation,0 days 00:01:10.224000,70.224,4447.003,0.0
2024-03-01 17:00:42.776,0 days 01:14:07.103000,6488.00804050644,28.63375774294536,-23.80977619775667,OnTrack,153.33333560888696,10456.000276479765,80.66666951110868,0,8,4,4121.057280041186,0.7625661976937196,81,79.42277737955442,interpolation,0 days 00:01:10.324000,70.324,4447.103,0.0
2024-03-01 17:00:42.876,0 days 01:14:07.203000,6456.790958529139,-4.3752021024571714,-25.132333133700207,OnTrack,154.66666439111304,10617.999723520235,82.33333048889132,0,8,4,4125.313168996194,0.7633537133329574,81,79.1894448426649,interpolation,0 days 00:01:10.424000,70.424,4447.203,0.0
2024-03-01 17:00:42.976,0 days 01:14:07.303000,6433.0,-30.0,-26.0,OnTrack,156.0,10780.0,84.0,0,8,4,4129.151111111111,0.7640638915048831,81,78.95611111110975,interpolation,0 days 00:01:10.524000,70.524,4447.303,0.0
2024-03-01 17:00:43.076,0 days 01:14:07.403000,6416.635164919024,-48.240635949683124,-26.412776796656036,OnTrack,160.33332593777146,11022.666252515202,89.33332423110335,0,8,4,4132.465338469047,0.7646771607663596,81,78.40055650370304,interpolation,0 days 00:01:10.624000,70.624,4447.403,0.0
2024-03-01 17:00:43.176,0 days 01:14:07.503000,6407.696453286211,-59.09710995150655,-26.37066352366832,OnTrack,164.66667406222854,11265.333747484798,94.66667576889665,0,8,4,4135.577560051024,0.7652530505967784,81,77.84499905184948,interpolation,0 days 00:01:10.724000,70.724,4447.503,0.0
2024-03-01 17:00:43.276,0 days 01:14:07.603000,6401.446363333754,-66.03497378952677,-26.09306174822875,OnTrack,169.0,11508.0,100.0,0,8,4,4140.417777777778,0.7661486912484567,81,77.28944444444278,interpolation,0 days 00:01:10.824000,70.824,4447.603,0.0
2024-03-01 17:00:43.376,0 days 01:14:07.703000,6369.460029990362,-89.84743170669528,-26.896374133495527,OnTrack,175.00001536,11613.50027008,100.0,0,8,4,4147.307716256502,0.7674236150922749,81,75.7727738951097,interpolation,0 days 00:01:10.924000,70.924,4447.703,0.0
2024-03-01 17:00:43.476,0 days 01:14:07.803000,6307.0,-134.0,-29.0,OnTrack,181.0,11719.0,100.0,0,8,4,4154.495555555555,0.7687536629201608,81,74.25611111110993,pos,0 days 00:01:11.024000,71.024,4447.803,0.0
2024-03-01 17:00:43.576,0 days 01:14:07.903000,6223.0,-192.0,-32.0,OnTrack,185.50001152,11428.49925632,100.0,0,8,4,4160.229619899713,0.769814702198948,81,72.86721866666569,interpolation,0 days 00:01:11.124000,71.124,4447.903,0.0
2024-03-01 17:00:43.676,0 days 01:14:08.003000,6171.062664259365,-224.8911602342798,-33.47272563798339,OnTrack,190.0,11138.0,100.0,0,8,4,4165.051111111111,0.7707068776700573,81,71.47833333333256,interpolation,0 days 00:01:11.224000,71.224,4448.003,0.0
2024-03-01 17:00:43.776,0 days 01:14:08.103000,6136.0,-244.0,-34.0,OnTrack,191.00000256,11078.49984768,100.0,0,8,4,4169.50133910076,0.7715303540758263,81,70.21166342399924,interpolation,0 days 00:01:11.324000,71.324,4448.103,0.0
2024-03-01 17:00:43.876,0 days 01:14:08.203000,6093.690196324649,-267.14578374913214,-34.56758965620198,OnTrack,192.0,11019.0,100.0,0,8,4,4173.580258298439,0.7722851229838779,81,68.94499999999925,interpolation,0 days 00:01:11.424000,71.424,4448.203,0.0
2024-03-01 17:00:43.976,0 days 01:14:08.303000,6043.8744573693375,-294.3787131772502,-35.19508177849132,OnTrack,193.00000256,10959.49984768,100.0,0,8,4,4177.705737086456,0.7730485073435858,81,67.67833009066594,interpolation,0 days 00:01:11.524000,71.524,4448.303,0.0
2024-03-01 17:00:44.076,0 days 01:14:08.403000,5985.0,-326.0,-36.0,OnTrack,194.0,10900.0,100.0,0,8,4,4182.295555555555,0.7738978137667304,81,66.41166666666595,pos,0 days 00:01:11.624000,71.624,4448.403,0.0
2024-03-01 17:00:44.176,0 days 01:14:08.503000,5916.808025702581,-362.0598464270236,-37.00193169320369,OnTrack,199.3333424355478,11040.00023893313,100.0,0,8,5,4187.3497607056,0.7748330509502317,81,64.15981097165721,interpolation,0 days 00:01:11.724000,71.724,4448.503,0.0
2024-03-01 17:00:44.276,0 days 01:14:08.603000,5842.69059868601,-400.8365556822948,-38.13456157678076,OnTrack,204.6666575644522,11179.99976106687,100.0,0,8,5,4193.102853616938,0.7758976113016799,81,61.90796680612012,interpolation,0 days 00:01:11.824000,71.824,4448.603,0.0
2024-03-01 17:00:44.376,0 days 01:14:08.703000,5783.0,-432.0,-39.0,OnTrack,210.0,11320.0,100.0,0,8,5,4200.9622222222215,0.7773519198507578,81,59.656111111111386,interpolation,0 days 00:01:11.924000,71.924,4448.703,0.0
2024-03-01 17:00:44.476,0 days 01:14:08.803000,5741.128259118923,-453.8285002341979,-39.531932360604785,OnTrack,214.0,11559.0,100.0,0,8,5,4210.473333333332,0.7791118691411908,81,56.05611111111102,interpolation,0 days 00:01:12.024000,72.024,4448.803,0.0
2024-03-01 17:00:44.576,0 days 01:14:08.903000,5717.075376042774,-466.3220563848883,-39.73035865859511,OnTrack,216.25000576,11679.25030784,100.0,0,8,5,4217.502215805059,0.7804125033756284,81,54.01166143288854,interpolation,0 days 00:01:12.124000,72.124,4448.903,0.0
2024-03-01 17:00:44.676,0 days 01:14:09.003000,5705.368133407582,-472.32895770518564,-39.662295121393285,OnTrack,218.5,11799.5,100.0,0,8,5,4221.359792118162,0.7811263146870225,81,51.96722222222161,interpolation,0 days 00:01:12.224000,72.224,4449.003,0.0
2024-03-01 17:00:44.776,0 days 01:14:09.103000,5673.167395166164,-488.938852214629,-39.7298370548017,OnTrack,220.75000576,11919.75030784,100.0,0,8,5,4224.729719966847,0.781749890845141,81,49.92277254399912,interpolation,0 days 00:01:12.324000,72.324,4449.103,0.0
2024-03-01 17:00:44.876,0 days 01:14:09.203000,5615.0,-519.0,-40.0,OnTrack,223.0,12040.0,100.0,0,8,5,4230.295555555555,0.7827798008399439,81,47.87833333333219,pos,0 days 00:01:12.424000,72.424,4449.203,0.0
2024-03-01 17:00:44.976,0 days 01:14:09.303000,5530.865947909094,-562.5124010612988,-40.47278395698819,OnTrack,227.00001024,11409.9983872,100.0,0,8,5,4238.057355878572,0.7842160552177336,81,44.578324885332464,interpolation,0 days 00:01:12.524000,72.524,4449.303,0.0
2024-03-01 17:00:45.076,0 days 01:14:09.403000,5445.0,-607.0,-41.0,OnTrack,231.0,10780.0,100.0,0,8,5,4245.695555555555,0.7856294383592666,81,41.27833333333274,interpolation,0 days 00:01:12.624000,72.624,4449.403,0.0
2024-03-01 17:00:45.176,0 days 01:14:09.503000,5381.636917379282,-639.986741417579,-41.433459203269194,OnTrack,232.00000256,10767.499968,100.0,0,8,5,4250.890746902121,0.7865907638255807,81,39.03388314311089,interpolation,0 days 00:01:12.724000,72.724,4449.503,0.0
2024-03-01 17:00:45.276,0 days 01:14:09.603000,5336.396757540897,-663.7551162505367,-41.7710385494848,OnTrack,233.0,10755.0,100.0,0,8,5,4256.05111111111,0.7875456448296912,81,36.7894444444446,interpolation,0 days 00:01:12.824000,72.824,4449.603,0.0
2024-03-01 17:00:45.376,0 days 01:14:09.703000,5283.0,-692.0,-42.0,OnTrack,236.50000896,10904.00038144,100.0,0,8,6,4263.584935416282,0.7889397142065745,81,33.22276864711087,interpolation,0 days 00:01:12.924000,72.924,4449.703,0.0
2024-03-01 17:00:45.476,0 days 01:14:09.803000,5217.066747100934,-727.0038602298825,-42.11822055924341,OnTrack,240.0,11053.0,100.0,0,8,6,4272.051111111111,0.7905063071874293,81,29.656111111110476,interpolation,0 days 00:01:13.024000,73.024,4449.803,0.0
2024-03-01 17:00:45.576,0 days 01:14:09.903000,5142.19801374905,-766.8457579269113,-42.12320701306804,OnTrack,242.33333731555217,11142.000151893204,100.0,0,8,6,4280.008693329067,0.791978789320636,81,26.30795724879458,interpolation,0 days 00:01:13.124000,73.124,4449.903,0.0
2024-03-01 17:00:45.676,0 days 01:14:10.003000,5080.0,-800.0,-42.0,OnTrack,244.66666268444783,11230.999848106796,100.0,0,8,6,4287.414129493881,0.7933491015766232,81,22.959820528982576,pos,0 days 00:01:13.224000,73.224,4450.003,0.0
2024-03-01 17:00:45.776,0 days 01:14:10.103000,5034.073757633716,-824.5456277653595,-41.746106280361644,OnTrack,247.0,11320.0,100.0,0,8,6,4294.006666666666,0.7945689938672139,81,19.61166666666668,interpolation,0 days 00:01:13.324000,73.324,4450.103,0.0
2024-03-01 17:00:45.876,0 days 01:14:10.203000,4999.415204341939,-843.1703125776669,-41.378608276752544,OnTrack,247.49999872,11408.99977216,100.0,0,8,6,4299.74276624918,0.7956304097493505,81,17.100561983999718,interpolation,0 days 00:01:13.424000,73.424,4450.203,0.0
2024-03-01 17:00:45.976,0 days 01:14:10.303000,4946.0,-872.0,-41.0,OnTrack,248.0,11498.0,100.0,0,8,6,4305.028888888889,0.7966085612692113,81,14.58944444444387,interpolation,0 days 00:01:13.524000,73.524,4450.303,0.0
2024-03-01 17:00:46.076,0 days 01:14:10.403000,4868.824113541183,-913.7223338654225,-40.62736369778048,OnTrack,249.6666638222198,11567.333215004344,100.0,0,8,6,4310.271382365689,0.7975786395878018,81,11.582042169683229,interpolation,0 days 00:01:13.624000,73.624,4450.403,0.0
2024-03-01 17:00:46.176,0 days 01:14:10.503000,4773.421937822148,-965.3545531411783,-40.271809663621774,OnTrack,251.3333361777802,11636.666784995656,100.0,0,8,6,4315.923756460995,0.7986245627887908,81,8.574624496983523,interpolation,0 days 00:01:13.724000,73.724,4450.503,0.0
2024-03-01 17:00:46.276,0 days 01:14:10.603000,4693.0,-1009.0,-40.0,OnTrack,253.0,11706.0,100.0,0,8,6,4324.706666666666,0.8002497647661234,81,5.567222222222881,interpolation,0 days 00:01:13.824000,73.824,4450.603,0.0
2024-03-01 17:00:46.376,0 days 01:14:10.703000,4633.092749603877,-1041.675882865503,-39.82304511421296,OnTrack,256.0,11761.0,100.0,0,8,6,4336.084444444445,0.8023551246649594,81,0.27833333333273913,interpolation,0 days 00:01:13.924000,73.924,4450.703,0.0
2024-03-01 17:00:46.476,0 days 01:14:10.803000,4593.700186633776,-1063.3822017376865,-39.74094500626062,OnTrack,257.49999616,11444.50081024,100.0,0,8,6,4344.121736491924,0.8038423564164043,81,275.3602680106653,interpolation,0 days 00:01:14.024000,74.024,4450.803,0.0
2024-03-01 17:00:46.576,0 days 01:14:10.903000,4560.707530346787,-1081.6474197410266,-39.78837239517798,OnTrack,259.0,11128.0,100.0,0,8,6,4350.473333333332,0.8050176647713971,81,550.443611111109,interpolation,0 days 00:01:14.124000,74.124,4450.903,0.0
2024-03-01 17:00:46.676,0 days 01:14:11.003000,4520.0,-1104.0,-40.0,OnTrack,260.99999658666377,10991.000233813533,100.0,0,8,6,4357.783092724213,0.806370272863441,81,546.8288024655833,interpolation,0 days 00:01:14.224000,74.224,4451.003,0.0
2024-03-01 17:00:46.776,0 days 01:14:11.103000,4471.577595593415,-1130.4399425146064,-40.375827820726684,OnTrack,263.00000341333623,10853.999766186467,100.0,0,8,6,4365.912382996717,0.8078745280949988,81,543.2139753121899,interpolation,0 days 00:01:14.324000,74.324,4451.103,0.0
2024-03-01 17:00:46.876,0 days 01:14:11.203000,4405.0,-1167.0,-41.0,OnTrack,265.0,10717.0,100.0,0,8,6,4374.028888888888,0.8093764176869557,16,539.5991666666641,interpolation,0 days 00:01:14.424000,74.424,4451.203,0.0
2024-03-01 17:00:46.976,0 days 01:14:11.303000,4309.826896092726,-1219.7129251713359,-41.95666068046195,OnTrack,265.75000192,10742.75006592,100.0,0,8,6,4381.993986993968,0.8108502905704181,16,536.3769361955528,interpolation,0 days 00:01:14.524000,74.524,4451.303,0.0
2024-03-01 17:00:47.076,0 days 01:14:11.403000,4212.0,-1274.0,-43.0,OnTrack,266.5,10768.5,100.0,0,8,7,4389.8075957495585,0.8122961316529661,16,533.1547222222193,interpolation,0 days 00:01:14.624000,74.624,4451.403,0.0
2024-03-01 17:00:47.176,0 days 01:14:11.503000,4137.461027850228,-1315.2825064573785,-43.884208096501624,OnTrack,267.25000192,10794.25006592,100.0,0,8,7,4397.176333634812,0.8136596532080227,16,529.932491751108,interpolation,0 days 00:01:14.724000,74.724,4451.503,0.0
2024-03-01 17:00:47.276,0 days 01:14:11.603000,4086.2099796434095,-1343.560444543472,-44.60928496996684,OnTrack,268.0,10820.0,100.0,0,8,7,4403.806666666666,0.81488653929719,16,526.7102777777745,interpolation,0 days 00:01:14.824000,74.824,4451.603,0.0
2024-03-01 17:00:47.376,0 days 01:14:11.703000,4035.6039416148865,-1371.5581603578294,-45.52971935844863,OnTrack,269.50000384,10844.00006144,100.0,0,8,7,4409.698662739914,0.8159768024838151,16,524.3324939128856,interpolation,0 days 00:01:14.924000,74.924,4451.703,0.0
2024-03-01 17:00:47.476,0 days 01:14:11.803000,3963.0,-1412.0,-47.0,OnTrack,271.0,10868.0,100.0,0,8,7,4415.85111111111,0.8171152601275982,16,521.9547222222191,interpolation,0 days 00:01:15.024000,75.024,4451.803,0.0
2024-03-01 17:00:47.576,0 days 01:14:11.903000,3868.3981547987514,-1464.8859634699843,-49.020126894620944,OnTrack,272.00000256,10935.00017152,100.0,0,8,7,4423.262924371946,0.8184867524103442,16,519.0658259377743,interpolation,0 days 00:01:15.124000,75.124,4451.903,0.0
2024-03-01 17:00:47.676,0 days 01:14:12.003000,3777.0,-1516.0,-51.0,OnTrack,273.0,11002.0,100.0,0,8,7,4431.017777777777,0.8199217213208706,16,516.1769444444408,interpolation,0 days 00:01:15.224000,75.224,4452.003,0.0
2024-03-01 17:00:47.776,0 days 01:14:12.103000,3714.007129592609,-1551.126058822265,-52.34951927382572,OnTrack,273.6666678044435,11033.333386808843,100.0,0,8,7,4438.199501890625,0.8212506375861561,16,513.8436071288886,interpolation,0 days 00:01:15.324000,75.324,4452.103,0.0
2024-03-01 17:00:47.876,0 days 01:14:12.203000,3679.4195435765764,-1570.2641399367787,-53.06868471609808,OnTrack,274.3333321955565,11064.666613191157,100.0,0,8,7,4444.981717248494,0.8225056281931633,16,511.51028175999295,interpolation,0 days 00:01:15.424000,75.424,4452.203,0.0
2024-03-01 17:00:47.976,0 days 01:14:12.303000,3665.3137347316397,-1577.8642044350827,-53.37973309438822,OnTrack,275.0,11096.0,100.0,0,8,7,4452.406666666666,0.8238795512088187,16,509.1769444444408,interpolation,0 days 00:01:15.524000,75.524,4452.303,0.0
2024-03-01 17:00:48.076,0 days 01:14:12.403000,3624.148416325245,-1600.6261555696979,-54.616091841259774,OnTrack,276.3333310577758,11147.666578488814,100.0,0,8,7,4460.647968192527,0.8254045331592177,16,506.68805980325965,interpolation,0 days 00:01:15.624000,75.624,4452.403,0.0
2024-03-01 17:00:48.176,0 days 01:14:12.503000,3548.0,-1643.0,-57.0,OnTrack,277.6666689422242,11199.333421511186,100.0,0,8,7,4469.442024270149,0.8270317975842711,16,504.1991624189566,interpolation,0 days 00:01:15.724000,75.724,4452.503,0.0
2024-03-01 17:00:48.276,0 days 01:14:12.603000,3436.8684857559037,-1704.9857377259889,-60.531457570608886,OnTrack,279.0,11251.0,100.0,0,8,7,4477.206666666665,0.8284685778633123,16,501.71027777777545,interpolation,0 days 00:01:15.824000,75.824,4452.603,0.0
2024-03-01 17:00:48.376,0 days 01:14:12.703000,3331.0,-1764.0,-64.0,OnTrack,279.6666678044435,11272.333369742191,100.0,0,8,7,4483.678292945146,0.829666096633065,16,499.7469410936893,interpolation,0 days 00:01:15.924000,75.924,4452.703,0.0
2024-03-01 17:00:48.476,0 days 01:14:12.803000,3270.6406691393327,-1797.459418074368,-66.19516273508688,OnTrack,280.3333321955565,11293.666630257809,100.0,0,8,7,4489.550367134906,0.8307526734465317,16,497.78361446186125,interpolation,0 days 00:01:16.024000,76.024,4452.803,0.0
2024-03-01 17:00:48.576,0 days 01:14:12.903000,3255.7904931739004,-1805.3639919490925,-67.11694577586951,OnTrack,281.0,11315.0,100.0,0,8,7,4498.984166666665,0.8324983168942895,16,495.8202777777751,interpolation,0 days 00:01:16.124000,76.124,4452.903,0.0
2024-03-01 17:00:48.676,0 days 01:14:13.003000,3235.7950706215183,-1816.3365698492707,-68.23025592871738,OnTrack,283.0,11345.0,100.0,0,8,7,4511.640555555554,0.8348402727798035,16,492.46611111110906,interpolation,0 days 00:01:16.224000,76.224,4453.003,0.0
2024-03-01 17:00:48.776,0 days 01:14:13.103000,3160.0,-1859.0,-71.0,OnTrack,284.0000017066652,11382.000063146614,100.0,0,8,7,4521.324192445851,0.8366321464814976,16,490.6772191691857,pos,0 days 00:01:16.324000,76.324,4453.103,0.0
2024-03-01 17:00:48.876,0 days 01:14:13.203000,3043.0,-1925.0,-75.0,OnTrack,284.9999982933348,11418.999936853386,100.0,0,8,7,4527.581264338492,0.8377899638078851,16,488.8883363863656,interpolation,0 days 00:01:16.424000,76.424,4453.203,0.0
2024-03-01 17:00:48.976,0 days 01:14:13.303000,2972.3629344172164,-1964.2111320842719,-77.67320108255649,OnTrack,286.0,11456.0,100.0,0,8,7,4533.884999999998,0.8389564158632697,16,487.09944444444227,interpolation,0 days 00:01:16.524000,76.524,4453.303,0.0
2024-03-01 17:00:49.076,0 days 01:14:13.403000,2918.0,-1994.0,-80.0,OnTrack,286.6666655288879,11480.999957333297,100.0,0,8,7,4540.814190723015,0.8402386029972211,16,485.4920397803459,interpolation,0 days 00:01:16.624000,76.624,4453.403,0.0
2024-03-01 17:00:49.176,0 days 01:14:13.503000,2835.227824255202,-2040.0874043482354,-83.3869671303382,OnTrack,287.3333344711121,11506.000042666703,100.0,0,8,7,4548.339565833581,0.8416311089233279,16,483.88462688631654,interpolation,0 days 00:01:16.724000,76.724,4453.503,0.0
2024-03-01 17:00:49.276,0 days 01:14:13.603000,2730.1069002266936,-2099.0113530518374,-87.57394536004908,OnTrack,288.0,11531.0,100.0,0,8,7,4556.284999999998,0.8431013431641027,16,482.2772222222202,interpolation,0 days 00:01:16.824000,76.824,4453.603,0.0
2024-03-01 17:00:49.376,0 days 01:14:13.703000,2639.0,-2150.0,-91.0,OnTrack,288.6666678044435,11544.66668999109,100.0,0,8,7,4564.621232954665,0.8446438913587411,16,480.5883304509634,interpolation,0 days 00:01:16.924000,76.924,4453.703,0.0
2024-03-01 17:00:49.476,0 days 01:14:13.803000,2567.967554559863,-2189.591388566201,-93.40497660066414,OnTrack,289.3333321955565,11558.33331000891,100.0,0,8,7,4573.30338511538,0.8462504489266399,16,478.8994473268104,interpolation,0 days 00:01:17.024000,77.024,4453.803,0.0
2024-03-01 17:00:49.576,0 days 01:14:13.903000,2515.2177891289775,-2218.831916228423,-94.88313087541067,OnTrack,290.0,11572.0,100.0,0,8,7,4582.062777777775,0.8478712991849024,16,477.2105555555536,interpolation,0 days 00:01:17.124000,77.124,4453.903,0.0
2024-03-01 17:00:49.676,0 days 01:14:14.003000,2470.0,-2244.0,-96.0,OnTrack,290.333332764444,11594.333295217746,100.0,0,8,7,4590.854527026508,0.8494981367511144,16,475.6698174443453,interpolation,0 days 00:01:17.224000,77.224,4454.003,0.0
2024-03-01 17:00:49.776,0 days 01:14:14.103000,2430.522394047757,-2266.142048074081,-96.84984065298468,OnTrack,290.666667235556,11616.666704782254,100.0,0,8,7,4599.61140792287,0.8511185222286802,16,474.1290714445378,interpolation,0 days 00:01:17.324000,77.324,4454.103,0.0
2024-03-01 17:00:49.876,0 days 01:14:14.203000,2379.0,-2295.0,-98.0,OnTrack,291.0,11639.0,100.0,0,8,7,4607.929444444443,0.8526577033299122,16,472.5883333333295,interpolation,0 days 00:01:17.424000,77.424,4454.203,0.0
2024-03-01 17:00:49.976,0 days 01:14:14.303000,2297.64784658448,-2340.3157953270934,-100.01782520668127,OnTrack,291.6666678044435,11665.333378275518,100.0,0,8,7,4615.7414068016915,0.8541032397606103,16,471.3698127352077,interpolation,0 days 00:01:17.524000,77.524,4454.303,0.0
2024-03-01 17:00:50.076,0 days 01:14:14.403000,2191.193254198156,-2399.4982123012646,-102.71926306712437,OnTrack,292.3333321955565,11691.666621724482,100.0,0,8,7,4623.14403539284,0.8554730324992434,16,470.1512983758953,interpolation,0 days 00:01:17.624000,77.624,4454.403,0.0
2024-03-01 17:00:50.176,0 days 01:14:14.503000,2088.0,-2457.0,-105.0,OnTrack,293.0,11718.0,100.0,0,8,7,4630.718333333332,0.8568745911741625,16,468.9327777777735,interpolation,0 days 00:01:17.724000,77.724,4454.503,0.0
2024-03-01 17:00:50.276,0 days 01:14:14.603000,1992.7953559794578,-2510.2299632031777,-106.67598468409922,OnTrack,293.24999936,11726.99997696,100.0,0,8,7,4638.561043455074,0.858325817214168,16,467.76611409777365,interpolation,0 days 00:01:17.824000,77.824,4454.603,0.0
2024-03-01 17:00:50.376,0 days 01:14:14.703000,1905.579322136531,-2559.1881019107996,-107.74721711942209,OnTrack,293.5,11736.0,100.0,0,8,7,4646.672246067619,0.8598267254798524,16,466.59944444444045,interpolation,0 days 00:01:17.924000,77.924,4454.703,0.0
2024-03-01 17:00:50.476,0 days 01:14:14.803000,1828.073627225338,-2602.8021896630207,-108.44484099503387,OnTrack,293.74999936,11744.99997696,100.0,0,8,7,4654.973117166357,0.8613627302672565,16,465.4327807644406,interpolation,0 days 00:01:18.024000,78.024,4454.803,0.0
2024-03-01 17:00:50.576,0 days 01:14:14.903000,1762.0,-2640.0,-109.0,OnTrack,294.0,11754.0,100.0,0,8,7,4663.384999999998,0.8629192768212105,16,464.2661111111074,interpolation,0 days 00:01:18.124000,78.124,4454.903,0.0
2024-03-01 17:00:50.676,0 days 01:14:15.003000,1707.358440460516,-2670.7815329217356,-109.41269413432036,OnTrack,294.0,11767.49996544,100.0,0,8,7,4671.907808431088,0.8644963492027191,16,463.210558257774,interpolation,0 days 00:01:18.224000,78.224,4455.003,0.0
2024-03-01 17:00:50.776,0 days 01:14:15.103000,1664.1489486068867,-2695.1467884282274,-109.68292339799501,OnTrack,294.0,11781.0,100.0,0,8,7,4679.718333333332,0.8659416196447347,16,462.1549999999961,interpolation,0 days 00:01:18.324000,78.324,4455.103,0.0
2024-03-01 17:00:50.876,0 days 01:14:15.203000,1620.1149824498143,-2720.1886497206065,-109.86169096267217,OnTrack,294.0,11788.4999808,100.0,0,8,7,4685.993198327106,0.8671027294314193,16,461.332779882662,interpolation,0 days 00:01:18.424000,78.424,4455.203,0.0
2024-03-01 17:00:50.976,0 days 01:14:15.303000,1563.0,-2753.0,-110.0,OnTrack,294.0,11796.0,100.0,0,8,7,4692.785,0.868359493903554,16,460.5105555555501,interpolation,0 days 00:01:18.524000,78.524,4455.303,0.0
2024-03-01 17:00:51.076,0 days 01:14:15.403000,1492.8040012574443,-2793.580839266409,-110.09785050997854,OnTrack,294.49999872,11810.49996288,100.0,0,8,7,4702.146201136911,0.8700917036428832,16,459.4105583715502,interpolation,0 days 00:01:18.624000,78.624,4455.403,0.0
2024-03-01 17:00:51.176,0 days 01:14:15.503000,1407.0,-2843.0,-110.0,OnTrack,295.0,11825.0,100.0,0,8,7,4712.451666666666,0.8719986413849401,16,458.3105555555503,interpolation,0 days 00:01:18.724000,78.724,4455.503,0.0
2024-03-01 17:00:51.276,0 days 01:14:15.603000,1303.0610100055205,-2902.3263146809413,-109.55120597745669,OnTrack,295.0,11824.666667235557,100.0,0,8,7,4722.076060131463,0.8737795526003955,16,457.4216681837,interpolation,0 days 00:01:18.824000,78.824,4455.603,0.0
2024-03-01 17:00:51.376,0 days 01:14:15.703000,1207.0,-2957.0,-109.0,OnTrack,295.0,11824.333332764443,100.0,0,8,7,4730.951930062084,0.8754219559751307,16,456.5327762607346,interpolation,0 days 00:01:18.924000,78.924,4455.703,0.0
2024-03-01 17:00:51.476,0 days 01:14:15.803000,1144.8299387094335,-2992.461272647945,-108.59491362528128,OnTrack,295.0,11824.0,100.0,0,8,7,4738.673888888888,0.8768508380267882,16,455.64388888888425,interpolation,0 days 00:01:19.024000,79.024,4455.803,0.0
2024-03-01 17:00:51.576,0 days 01:14:15.903000,1110.1994408940493,-3012.2938337334235,-108.31115808412893,OnTrack,295.0,11815.99997952,100.0,0,8,7,4745.174465661693,0.878053713836465,16,455.0216650737726,interpolation,0 days 00:01:19.124000,79.124,4455.903,0.0
2024-03-01 17:00:51.676,0 days 01:14:16.003000,1065.0,-3038.0,-108.0,OnTrack,295.0,11808.0,100.0,0,8,7,4751.785,0.8792769363477124,16,454.3994444444388,interpolation,0 days 00:01:19.224000,79.224,4456.003,0.0
2024-03-01 17:00:51.776,0 days 01:14:16.103000,1002.8801657489967,-3073.163509253609,-107.63665034988456,OnTrack,294.66666609777826,11787.333298062253,99.66666609777826,0,8,7,4759.8369657811145,0.8807668833473337,16,453.68833211969945,interpolation,0 days 00:01:19.324000,79.324,4456.103,0.0
2024-03-01 17:00:51.876,0 days 01:14:16.203000,926.6311346487208,-3116.244072156534,-107.2485118549065,OnTrack,294.33333390222174,11766.666701937747,99.33333390222174,0,8,7,4769.069536978193,0.8824752912228542,16,452.9772234358459,interpolation,0 days 00:01:19.424000,79.424,4456.203,0.0
2024-03-01 17:00:51.976,0 days 01:14:16.303000,853.0,-3158.0,-107.0,OnTrack,294.0,11746.0,99.0,0,8,7,4777.918333333333,0.884112684865351,16,452.2661111111065,interpolation,0 days 00:01:19.524000,79.524,4456.303,0.0
2024-03-01 17:00:52.076,0 days 01:14:16.403000,784.7779297288106,-3196.8910192187714,-106.91851722568657,OnTrack,288.50001408,11658.00022528,49.50012672,0,8,7,4786.122520660167,0.8856307991525003,16,451.96055633777263,interpolation,0 days 00:01:19.624000,79.624,4456.403,0.0
2024-03-01 17:00:52.176,0 days 01:14:16.503000,714.0,-3237.0,-107.0,OnTrack,283.0,11570.0,0.0,0,8,7,4793.640555555556,0.8870219468349337,16,451.6549999999943,interpolation,0 days 00:01:19.724000,79.724,4456.503,0.0
2024-03-01 17:00:52.276,0 days 01:14:16.603000,632.7012869784162,-3282.40981253084,-107.24038479097419,OnTrack,267.66669283557786,11221.000595627174,0.0,0,8,7,4800.430733620788,0.888278410872438,16,452.64018350379524,interpolation,0 days 00:01:19.824000,79.824,4456.603,0.0
2024-03-01 17:00:52.376,0 days 01:14:16.703000,544.7104985890327,-3330.994693751547,-107.61768718221562,OnTrack,252.3333071644221,10871.999404372826,0.0,1,8,7,4806.520482697787,0.8894052665512094,16,453.6253720517486,interpolation,0 days 00:01:19.924000,79.924,4456.703,0.0
2024-03-01 17:00:52.476,0 days 01:14:16.803000,473.0,-3370.0,-108.0,OnTrack,237.0,10523.0,0.0,1,8,7,4812.073888888889,0.8904328765929109,16,454.6105555555496,interpolation,0 days 00:01:20.024000,80.024,4456.803,0.0
2024-03-01 17:00:52.576,0 days 01:14:16.903000,421.3985383424619,-3397.299946448533,-108.36533860281233,OnTrack,228.49997824,10032.9987456,0.0,1,8,7,4817.118367371445,0.8913663139402686,16,455.9216700231056,interpolation,0 days 00:01:20.124000,80.124,4456.903,0.0
2024-03-01 17:00:52.676,0 days 01:14:17.003000,389.90611361641834,-3412.8945330971437,-108.71370299065256,OnTrack,220.0,9543.0,0.0,1,8,7,4821.8516666666665,0.8922421702559729,16,457.23277777777275,interpolation,0 days 00:01:20.224000,80.224,4457.003,0.0
2024-03-01 17:00:52.776,0 days 01:14:17.103000,363.4606320821656,-3424.041853197183,-108.95521588316652,OnTrack,208.99997184,9449.24976,0.0,1,8,7,4826.471635420208,0.8930970557298814,16,460.23278545777254,interpolation,0 days 00:01:20.324000,80.324,4457.103,0.0
2024-03-01 17:00:52.876,0 days 01:14:17.203000,327.0,-3438.0,-109.0,OnTrack,198.0,9355.5,0.0,1,8,7,4830.97822632371,0.8939309616079891,16,463.2327777777723,interpolation,0 days 00:01:20.424000,80.424,4457.203,0.0
2024-03-01 17:00:52.976,0 days 01:14:17.303000,282.0,-3454.0,-109.0,OnTrack,186.99997184,9261.74976,0.0,1,8,7,4835.810451318694,0.8948251232734119,16,466.2327854577721,interpolation,0 days 00:01:20.524000,80.524,4457.303,0.0
2024-03-01 17:00:53.076,0 days 01:14:17.403000,237.31537319883353,-3467.4279885406727,-109.86688850400446,OnTrack,176.0,9168.0,0.0,1,8,7,4841.407222222222,0.8958607575820969,16,469.23277777777184,interpolation,0 days 00:01:20.624000,80.624,4457.403,0.0
2024-03-01 17:00:53.176,0 days 01:14:17.503000,195.0,-3478.0,-111.0,OnTrack,167.99997952,9461.50075136,0.0,1,8,7,4847.768596345371,0.8970378751389655,16,474.13279032177195,interpolation,0 days 00:01:20.724000,80.724,4457.503,0.0
2024-03-01 17:00:53.276,0 days 01:14:17.603000,155.63196306482882,-3486.201050135889,-111.64672276120493,OnTrack,160.0,9755.0,0.0,1,8,7,4853.8516666666665,0.8981634949714485,16,479.032777777772,interpolation,0 days 00:01:20.824000,80.824,4457.603,0.0
2024-03-01 17:00:53.376,0 days 01:14:17.703000,118.90705254441833,-3492.1988865493868,-111.86472302642413,OnTrack,156.49999104,9616.49964544,0.0,1,8,7,4858.613653595713,0.899044659687003,16,482.60778692977186,interpolation,0 days 00:01:20.924000,80.924,4457.703,0.0
2024-03-01 17:00:53.476,0 days 01:14:17.803000,83.0,-3497.0,-112.0,OnTrack,153.0,9478.0,0.0,1,8,6,4862.054508369893,0.8996813602625251,16,486.18277777777166,interpolation,0 days 00:01:21.024000,81.024,4457.803,0.0
2024-03-01 17:00:53.576,0 days 01:14:17.903000,47.60659246754737,-3500.7721398065205,-112.11022051124277,OnTrack,149.49999104,9339.49964544,0.0,1,8,6,4865.043960980454,0.9002345327509209,16,489.7577869297715,interpolation,0 days 00:01:21.124000,81.124,4457.903,0.0
2024-03-01 17:00:53.676,0 days 01:14:18.003000,2.0,-3501.0,-113.0,OnTrack,146.0,9201.0,0.0,1,8,6,4868.451666666667,0.9008650993728844,16,493.3327777777713,interpolation,0 days 00:01:21.224000,81.224,4458.003,0.0
2024-03-01 17:00:53.776,0 days 01:14:18.103000,-58.0,-3496.0,-115.0,OnTrack,143.99999488,9020.9995392,0.0,1,8,6,4872.27766032352,0.9015730665854335,16,497.4994551111049,interpolation,0 days 00:01:21.324000,81.324,4458.103,0.0
2024-03-01 17:00:53.876,0 days 01:14:18.203000,-93.11356232177334,-3490.7625176882557,-115.26648251461351,OnTrack,142.0,8841.0,0.0,1,8,6,4876.3405555555555,0.9023248703964912,16,501.66611111110524,interpolation,0 days 00:01:21.424000,81.424,4458.203,0.0
2024-03-01 17:00:53.976,0 days 01:14:18.303000,-115.0,-3484.0,-115.0,OnTrack,140.49999616,8779.49984256,0.0,1,8,4,4880.4590467495345,0.9030869617620342,16,505.9438998399942,interpolation,0 days 00:01:21.524000,81.524,4458.303,0.0
2024-03-01 17:00:54.076,0 days 01:14:18.403000,-141.86530045666498,-3473.593159965045,-115.87506367175111,OnTrack,139.0,8718.0,0.0,1,8,4,4884.062777777778,0.903753801187205,16,510.2216666666609,interpolation,0 days 00:01:21.624000,81.624,4458.403,0.0
2024-03-01 17:00:54.176,0 days 01:14:18.503000,-172.87252324794468,-3459.5590516523976,-117.66391546568948,OnTrack,137.99999744,8712.49998592,14.500037119999998,0,8,4,4886.58147158815,0.9042198638093947,16,513.7327867662162,interpolation,0 days 00:01:21.724000,81.724,4458.503,0.0
2024-03-01 17:00:54.276,0 days 01:14:18.603000,-203.0,-3442.0,-119.0,OnTrack,137.0,8707.0,29.0,0,8,4,4890.151666666667,0.9048804976955663,16,517.2438888888828,interpolation,0 days 00:01:21.824000,81.824,4458.603,0.0
2024-03-01 17:00:54.376,0 days 01:14:18.703000,-231.41078169869343,-3420.9330592514934,-119.6555568782509,OnTrack,136.0,8928.0,59.0,0,8,4,4896.196111111111,0.905998970141823,16,524.3105555555485,interpolation,0 days 00:01:21.924000,81.924,4458.703,0.0
2024-03-01 17:00:54.476,0 days 01:14:18.803000,-260.0,-3395.0,-120.0,OnTrack,136.0,8931.99998976,58.50000128,0,8,4,4900.431663144476,0.9067827226086619,16,528.7827663288822,pos,0 days 00:01:22.024000,82.024,4458.803,0.0
2024-03-01 17:00:54.576,0 days 01:14:18.903000,-290.66278655989487,-3362.842592838643,-120.40274326480517,OnTrack,136.0,8936.0,58.0,0,8,4,4903.751666666666,0.9073970606996434,16,533.2549999999937,interpolation,0 days 00:01:22.124000,82.124,4458.903,0.0
2024-03-01 17:00:54.676,0 days 01:14:19.003000,-318.0,-3332.0,-121.0,OnTrack,137.6666638222198,9039.999822506516,57.66666723555604,0,8,4,4907.763240947167,0.9081393680101151,16,537.9068439126779,interpolation,0 days 00:01:22.224000,82.224,4459.003,0.0
2024-03-01 17:00:54.776,0 days 01:14:19.103000,-336.61249894193736,-3310.011383716649,-121.92798353291803,OnTrack,139.3333361777802,9144.000177493484,57.33333276444396,0,8,4,4912.2912951069975,0.9089772454791654,16,542.558711642864,interpolation,0 days 00:01:22.324000,82.324,4459.103,0.0
2024-03-01 17:00:54.876,0 days 01:14:19.203000,-361.0,-3276.0,-123.0,OnTrack,141.0,9248.0,57.0,0,8,4,4916.285,0.9097162462132048,16,547.2105555555481,pos,0 days 00:01:22.424000,82.424,4459.203,0.0
2024-03-01 17:00:54.976,0 days 01:14:19.303000,-401.0,-3216.0,-124.0,OnTrack,141.0,9274.50006784,57.0,0,8,4,4919.569264564206,0.9103239711174608,16,550.6994533759932,interpolation,0 days 00:01:22.524000,82.524,4459.303,0.0
2024-03-01 17:00:55.076,0 days 01:14:19.403000,-428.63903698717223,-3171.476966851303,-124.75184940499386,OnTrack,141.0,9301.0,57.0,0,8,4,4922.551666666666,0.9108758389699855,16,554.1883333333271,interpolation,0 days 00:01:22.624000,82.624,4459.403,0.0
2024-03-01 17:00:55.176,0 days 01:14:19.503000,-441.71623288192643,-3145.7202456191926,-125.29030005619369,OnTrack,144.25000832,9571.75069312,67.75002752,0,8,4,4925.639848345103,0.9114472804230607,16,557.7883425493272,interpolation,0 days 00:01:22.724000,82.724,4459.503,0.0
2024-03-01 17:00:55.276,0 days 01:14:19.603000,-455.0,-3117.0,-126.0,OnTrack,147.5,9842.5,78.5,0,8,4,4928.833777976615,0.9120382896251409,16,561.3883333333274,interpolation,0 days 00:01:22.824000,82.824,4459.603,0.0
2024-03-01 17:00:55.376,0 days 01:14:19.703000,-470.95175299641585,-3081.6945720669564,-126.94505757237975,OnTrack,150.75000832,10113.25069312,89.25002752,0,8,4,4932.736671665158,0.9127604865270109,16,564.9883425493275,interpolation,0 days 00:01:22.924000,82.924,4459.703,0.0
2024-03-01 17:00:55.476,0 days 01:14:19.803000,-487.0,-3044.0,-128.0,OnTrack,154.0,10384.0,100.0,0,8,4,4937.951666666666,0.9137254764893081,16,568.5883333333277,interpolation,0 days 00:01:23.024000,83.024,4459.803,0.0
2024-03-01 17:00:55.576,0 days 01:14:19.903000,-500.5732491395784,-3008.112321979069,-129.0393545095278,OnTrack,161.00001792,10732.50089216,100.0,0,8,4,4944.478816382815,0.9149332693935535,16,573.6050128426613,interpolation,0 days 00:01:23.124000,83.124,4459.903,0.0
2024-03-01 17:00:55.676,0 days 01:14:20.003000,-513.0,-2970.0,-130.0,OnTrack,168.0,11081.0,100.0,0,8,4,4951.0183333333325,0.9161433507481274,16,578.6216666666614,interpolation,0 days 00:01:23.224000,83.224,4460.003,0.0
2024-03-01 17:00:55.776,0 days 01:14:20.103000,-525.6087521661141,-2925.63149605863,-130.8188153704533,OnTrack,172.00001024,11353.00069632,100.0,0,8,4,4956.270563840584,0.917115230820439,16,582.0105642311053,interpolation,0 days 00:01:23.324000,83.324,4460.103,0.0
2024-03-01 17:00:55.876,0 days 01:14:20.203000,-538.1359202476165,-2875.992819932862,-131.6034725715953,OnTrack,176.0,11625.0,100.0,0,8,4,4960.796111111111,0.9179526444111894,16,585.3994444444379,interpolation,0 days 00:01:23.424000,83.424,4460.203,0.0
2024-03-01 17:00:55.976,0 days 01:14:20.303000,-549.0,-2827.0,-133.0,OnTrack,179.20000655359664,11454.799651430578,100.0,0,8,4,4965.155678475877,0.918759344848245,16,587.9905608621422,interpolation,0 days 00:01:23.524000,83.524,4460.303,0.0
2024-03-01 17:00:56.076,0 days 01:14:20.403000,-558.0,-2777.0,-135.0,OnTrack,182.39999672320167,11284.600174284711,100.0,0,8,4,4969.3492212930305,0.9195353238710142,16,590.5816640133643,interpolation,0 days 00:01:23.624000,83.624,4460.403,0.0
2024-03-01 17:00:56.176,0 days 01:14:20.503000,-565.5114659324532,-2710.1586853562194,-136.9070651142887,OnTrack,185.60000327679833,11114.399825715289,100.0,0,8,4,4973.509939124011,0.9203052289124738,16,593.1727804310686,interpolation,0 days 00:01:23.724000,83.724,4460.503,0.0
2024-03-01 17:00:56.276,0 days 01:14:20.603000,-571.5684808297572,-2628.7220543379444,-138.59466257631766,OnTrack,188.79999344640336,10944.200348569422,100.0,0,8,4,4978.436722262312,0.921216887748868,16,595.7638835822908,interpolation,0 days 00:01:23.824000,83.824,4460.603,0.0
2024-03-01 17:00:56.376,0 days 01:14:20.703000,-576.0,-2562.0,-140.0,OnTrack,192.0,10774.0,100.0,0,8,4,4984.262777777777,0.9222949492025382,16,598.354999999995,interpolation,0 days 00:01:23.924000,83.924,4460.703,0.0
2024-03-01 17:00:56.476,0 days 01:14:20.803000,-578.7775161404879,-2514.877479507124,-141.11261204123738,OnTrack,196.9999872,10841.99982592,100.0,0,8,4,4990.988046011747,0.9235394022341636,16,601.5549918079948,interpolation,0 days 00:01:24.024000,84.024,4460.803,0.0
2024-03-01 17:00:56.576,0 days 01:14:20.903000,-579.901029251221,-2487.3544928593155,-141.93249870002975,OnTrack,202.0,10910.0,100.0,0,8,4,4997.729444444443,0.9247868400203009,16,604.7549999999947,interpolation,0 days 00:01:24.124000,84.124,4460.903,0.0
2024-03-01 17:00:56.676,0 days 01:14:21.003000,-579.4766377505808,-2473.2157051592017,-142.51422794461723,OnTrack,205.33332764443958,11075.999716693092,100.0,0,8,4,5003.603752657437,0.9258738302205485,16,606.9586999427075,interpolation,0 days 00:01:24.224000,84.224,4461.003,0.0
2024-03-01 17:00:56.776,0 days 01:14:21.103000,-578.1409288895273,-2435.1692979569866,-143.18520590811832,OnTrack,208.66667235556042,11242.000283306908,100.0,0,8,5,5008.774043663758,0.9268305480931085,16,609.1624111683931,interpolation,0 days 00:01:24.324000,84.324,4461.103,0.0
2024-03-01 17:00:56.876,0 days 01:14:21.203000,-576.0,-2367.0,-144.0,OnTrack,212.0,11408.0,100.0,0,8,5,5014.218333333332,0.9278379670611918,16,611.366111111106,interpolation,0 days 00:01:24.424000,84.424,4461.203,0.0
2024-03-01 17:00:56.976,0 days 01:14:21.303000,-573.0,-2273.0,-145.0,OnTrack,215.00000768,11567.00040704,100.0,0,8,5,5020.099690275799,0.9289262615681905,16,613.5605611733281,interpolation,0 days 00:01:24.524000,84.524,4461.303,0.0
2024-03-01 17:00:57.076,0 days 01:14:21.403000,-568.8178207432231,-2178.922562084019,-146.43354585804346,OnTrack,218.0,11726.0,100.0,0,8,5,5026.329444444444,0.9300790239847573,16,615.7549999999947,interpolation,0 days 00:01:24.624000,84.624,4461.403,0.0
2024-03-01 17:00:57.176,0 days 01:14:21.503000,-564.0,-2090.0,-148.0,OnTrack,220.5000064,11620.24972928,100.0,0,8,5,5032.819049810343,0.9312798696299693,16,617.6438937244386,interpolation,0 days 00:01:24.724000,84.724,4461.503,0.0
2024-03-01 17:00:57.276,0 days 01:14:21.603000,-559.146927174098,-2007.1723948318927,-149.357334648168,OnTrack,223.0,11514.5,100.0,0,8,5,5039.568439920105,0.9325287862071983,16,619.5327777777716,interpolation,0 days 00:01:24.824000,84.824,4461.603,0.0
2024-03-01 17:00:57.376,0 days 01:14:21.703000,-554.2586022655167,-1930.4397465796958,-150.5055498025474,OnTrack,225.5000064,11408.74972928,100.0,0,8,5,5046.0316980520365,0.9337247565234201,16,621.4216715022155,interpolation,0 days 00:01:24.924000,84.924,4461.703,0.0
2024-03-01 17:00:57.476,0 days 01:14:21.803000,-549.9909762241772,-1866.7372250376513,-151.4009900556531,OnTrack,228.0,11303.0,100.0,0,8,5,5051.662777777778,0.934766739384509,16,623.3105555555485,interpolation,0 days 00:01:25.024000,85.024,4461.803,0.0
2024-03-01 17:00:57.576,0 days 01:14:21.903000,-547.0,-1823.0,-152.0,OnTrack,229.00000256,11022.9992832,100.0,0,8,5,5056.461736759741,0.9356547454603982,16,624.7772259768823,interpolation,0 days 00:01:25.124000,85.124,4461.903,0.0
2024-03-01 17:00:57.676,0 days 01:14:22.003000,-545.2856735929853,-1799.2280714667422,-152.3025796355882,OnTrack,230.0,10743.0,100.0,0,8,5,5061.884999999999,0.9366582736686193,16,626.2438888888828,interpolation,0 days 00:01:25.224000,85.224,4462.003,0.0
2024-03-01 17:00:57.776,0 days 01:14:22.103000,-544.847997003133,-1795.4214394378782,-152.30872896241755,OnTrack,234.00001024,10814.00018176,100.0,0,8,6,5069.389097176211,0.9380468422960202,16,628.1772271715495,interpolation,0 days 00:01:25.324000,85.324,4462.103,0.0
2024-03-01 17:00:57.876,0 days 01:14:22.203000,-543.4863219117142,-1772.6540876900751,-152.41051380803816,OnTrack,238.0,10885.0,100.0,0,8,6,5077.751666666665,0.9395942638400425,16,630.1105555555496,interpolation,0 days 00:01:25.424000,85.424,4462.203,0.0
2024-03-01 17:00:57.976,0 days 01:14:22.303000,-539.0,-1692.0,-153.0,OnTrack,240.00000341333043,10932.333414115486,100.0,0,8,6,5085.750509324314,0.9410743808626658,16,631.6512989258183,pos,0 days 00:01:25.524000,85.524,4462.303,0.0
2024-03-01 17:00:58.076,0 days 01:14:22.403000,-532.0,-1565.0,-154.0,OnTrack,241.99999658666957,10979.666585884514,100.0,0,8,6,5093.250400714377,0.9424621712455209,16,633.1920344075013,interpolation,0 days 00:01:25.624000,85.624,4462.403,0.0
2024-03-01 17:00:58.176,0 days 01:14:22.503000,-526.152115534876,-1460.898674951266,-154.9473909494126,OnTrack,244.0,11027.0,100.0,0,8,6,5099.440555555555,0.9436076061471984,16,634.73277777777,interpolation,0 days 00:01:25.724000,85.724,4462.503,0.0
2024-03-01 17:00:58.276,0 days 01:14:22.603000,-522.0673090803496,-1391.2367303087162,-155.76498610033104,OnTrack,245.33333105777584,11135.666481208731,100.0,0,8,6,5104.185767933984,0.9444856668764665,16,635.7772204396947,interpolation,0 days 00:01:25.824000,85.824,4462.603,0.0
2024-03-01 17:00:58.376,0 days 01:14:22.703000,-518.6988480856484,-1334.7064205118083,-156.45008820108404,OnTrack,246.66666894222416,11244.333518791269,100.0,0,8,6,5108.223026094711,0.9452327267680248,16,636.8216684491795,interpolation,0 days 00:01:25.924000,85.924,4462.703,0.0
2024-03-01 17:00:58.476,0 days 01:14:22.803000,-515.0,-1270.0,-157.0,OnTrack,248.0,11353.0,100.0,0,8,6,5115.973888888888,0.9466669572501941,16,637.8661111111041,interpolation,0 days 00:01:26.024000,86.024,4462.803,0.0
2024-03-01 17:00:58.576,0 days 01:14:22.903000,-510.97076482340447,-1197.1174687732914,-157.4147214970791,OnTrack,250.0,11415.0,100.0,0,8,6,5127.084999999999,0.948722972776401,16,639.8661111111032,interpolation,0 days 00:01:26.124000,86.124,4462.903,0.0
2024-03-01 17:00:58.676,0 days 01:14:23.003000,-506.61114255586165,-1116.0588268316824,-157.6942526923213,OnTrack,251.6666638222198,11518.999822506516,100.0,0,8,6,5135.014049440489,0.9501901751645949,16,640.5994431928796,interpolation,0 days 00:01:26.224000,86.224,4463.003,0.0
2024-03-01 17:00:58.776,0 days 01:14:23.103000,-502.44594901038795,-1038.220771474232,-157.8766575414028,OnTrack,253.3333361777802,11623.000177493484,100.0,0,8,6,5139.340742813077,0.9509907925522009,16,641.3327790293258,interpolation,0 days 00:01:26.324000,86.324,4463.103,0.0
2024-03-01 17:00:58.876,0 days 01:14:23.203000,-499.0,-975.0,-158.0,OnTrack,255.0,11727.0,100.0,0,8,6,5144.085,0.9518686765314976,16,642.0661111111021,interpolation,0 days 00:01:26.424000,86.424,4463.203,0.0
2024-03-01 17:00:58.976,0 days 01:14:23.303000,-496.27329552469763,-926.3965124089859,-158.06428006811285,OnTrack,256.00000256,11747.50005248,100.0,0,8,6,5149.916869331135,0.9529478137817439,16,642.7605573333243,interpolation,0 days 00:01:26.524000,86.524,4463.303,0.0
2024-03-01 17:00:59.076,0 days 01:14:23.403000,-494.2658355844809,-892.4103087011897,-158.06949774574133,OnTrack,257.0,11768.0,100.0,0,8,6,5158.362777777778,0.9545106564826735,16,643.4549999999908,interpolation,0 days 00:01:26.624000,86.624,4463.403,0.0
2024-03-01 17:00:59.176,0 days 01:14:23.503000,-491.6254578520237,-845.7189506427987,-158.03996655049917,OnTrack,260.0,11208.0,100.0,0,8,6,5169.918333333334,0.9566489126299287,16,644.2994444444348,interpolation,0 days 00:01:26.724000,86.724,4463.503,0.0
2024-03-01 17:00:59.276,0 days 01:14:23.603000,-487.0,-759.0,-158.0,OnTrack,261.49999616,10810.00101888,100.0,0,8,6,5178.397679359776,0.9582179426673485,16,644.6049992177683,interpolation,0 days 00:01:26.824000,86.824,4463.603,0.0
2024-03-01 17:00:59.376,0 days 01:14:23.703000,-480.38946202840987,-632.2534567727935,-157.9495980942439,OnTrack,263.0,10412.0,100.0,0,8,6,5184.529444444445,0.9593525730468907,16,644.9105555555461,interpolation,0 days 00:01:26.924000,86.924,4463.703,0.0
2024-03-01 17:00:59.476,0 days 01:14:23.803000,-474.0,-511.0,-158.0,OnTrack,263.74999808,10493.99979008,100.0,0,8,7,5190.073072739249,0.9603783737729978,16,644.8355557475461,interpolation,0 days 00:01:27.024000,87.024,4463.803,0.0
2024-03-01 17:00:59.576,0 days 01:14:23.903000,-470.03776997751686,-440.7603087204408,-158.26244488403745,OnTrack,264.5,10576.0,100.0,0,8,7,5195.028621011096,0.9612953553498986,16,644.760555555546,interpolation,0 days 00:01:27.124000,87.124,4463.903,0.0
2024-03-01 17:00:59.676,0 days 01:14:24.003000,-468.1255477900032,-413.1652185184627,-158.68988107609206,OnTrack,265.24999808,10657.99979008,100.0,0,8,7,5201.384546951627,0.9624714647674425,16,644.685555747546,interpolation,0 days 00:01:27.224000,87.224,4464.003,0.0
2024-03-01 17:00:59.776,0 days 01:14:24.103000,-466.0,-378.0,-159.0,OnTrack,266.0,10740.0,100.0,0,8,7,5211.129444444446,0.96427467421663,16,644.610555555546,interpolation,0 days 00:01:27.324000,87.324,4464.103,0.0
2024-03-01 17:00:59.876,0 days 01:14:24.203000,-463.2839062993056,-326.89557444920416,-159.14575046730357,OnTrack,268.0,10849.0,100.0,0,8,7,5223.040555555556,0.9664787228607237,16,644.254999999991,interpolation,0 days 00:01:27.424000,87.424,4464.203,0.0
2024-03-01 17:00:59.976,0 days 01:14:24.303000,-459.9772666879199,-259.85194186607544,-159.1271324780028,OnTrack,269.50000384,10849.0,100.0,0,8,7,5229.7819907757,0.9677261674540617,16,643.8549989759919,interpolation,0 days 00:01:27.524000,87.524,4464.303,0.0
2024-03-01 17:01:00.076,0 days 01:14:24.403000,-456.18199373257426,-184.38233834990888,-159.04494824970064,OnTrack,271.0,10849.0,100.0,0,8,7,5235.085,0.9687074436911317,16,643.4549999999927,interpolation,0 days 00:01:27.624000,87.624,4464.403,0.0
2024-03-01 17:01:00.176,0 days 01:14:24.503000,-452.0,-108.0,-159.0,OnTrack,272.00000256,10929.0002048,100.0,0,8,7,5243.903614605228,0.9703392524604502,16,642.5883311146588,interpolation,0 days 00:01:27.724000,87.724,4464.503,0.0
2024-03-01 17:01:00.276,0 days 01:14:24.603000,-447.4312854901972,-30.70492681634869,-158.99228772890092,OnTrack,273.0,11009.0,100.0,0,8,7,5253.285000000001,0.9720751971230587,16,641.7216666666582,interpolation,0 days 00:01:27.824000,87.824,4464.603,0.0
2024-03-01 17:01:00.376,0 days 01:14:24.703000,-443.0,46.0,-159.0,OnTrack,273.75000192,11025.50004224,100.0,0,8,7,5260.276507960892,0.9733689155257859,16,640.6994418275474,interpolation,0 days 00:01:27.924000,87.924,4464.703,0.0
2024-03-01 17:01:00.476,0 days 01:14:24.803000,-439.2302933262429,120.61189924800105,-159.001325376894,OnTrack,274.5,11042.0,100.0,0,8,7,5264.878066895042,0.9742203944209891,16,639.6772222222144,interpolation,0 days 00:01:28.024000,88.024,4464.803,0.0
2024-03-01 17:01:00.576,0 days 01:14:24.903000,-435.0,206.0,-159.0,OnTrack,275.25000192,11058.50004224,100.0,0,8,7,5269.816457117674,0.975134201048487,16,638.6549973831036,interpolation,0 days 00:01:28.124000,88.124,4464.903,0.0
2024-03-01 17:01:00.676,0 days 01:14:25.003000,-429.1869545523457,315.0335313283424,-158.99976000973504,OnTrack,276.0,11075.0,100.0,0,8,7,5277.818333333334,0.9766148794049233,16,637.6327777777706,interpolation,0 days 00:01:28.224000,88.224,4465.003,0.0
2024-03-01 17:01:00.776,0 days 01:14:25.103000,-423.0,429.0,-159.0,OnTrack,277.00000256,11142.5001728,100.0,0,8,7,5288.883777481419,0.9786624446524788,16,635.4938834133259,interpolation,0 days 00:01:28.324000,88.324,4465.103,0.0
2024-03-01 17:01:00.876,0 days 01:14:25.203000,-417.6479793596832,529.1869127819446,-159.00011456469582,OnTrack,278.0,11210.0,100.0,0,8,7,5299.440555555556,0.9806158856189219,16,633.3549999999923,interpolation,0 days 00:01:28.424000,88.424,4465.203,0.0
2024-03-01 17:01:00.976,0 days 01:14:25.303000,-413.13089263139517,615.5942696741761,-159.0001037038225,OnTrack,279.00000256,11252.5001088,100.0,0,8,7,5305.916654960863,0.981814232102313,16,631.8883295786594,interpolation,0 days 00:01:28.524000,88.524,4465.303,0.0
2024-03-01 17:01:01.076,0 days 01:14:25.403000,-409.2983595874096,690.4544917293197,-159.00004099103796,OnTrack,280.0,11295.0,100.0,0,14,7,5311.885,0.9829186230082735,16,630.4216666666598,interpolation,0 days 00:01:28.624000,88.624,4465.403,1.0
2024-03-01 17:01:01.176,0 days 01:14:25.503000,-406.0,756.0,-159.0,OnTrack,281.00000256,11324.50007552,100.0,0,14,7,5320.918642406781,0.9845902208224623,16,627.8883268479923,interpolation,0 days 00:01:28.724000,88.724,4465.503,1.0
2024-03-01 17:01:01.276,0 days 01:14:25.603000,-403.2358138691665,812.2307944862174,-158.99998073070867,OnTrack,282.0,11354.0,100.0,0,14,7,5330.685000000001,0.9863974012786157,16,625.3549999999914,interpolation,0 days 00:01:28.824000,88.824,4465.603,1.0
2024-03-01 17:01:01.376,0 days 01:14:25.703000,-401.00580119490894,859.1468751879715,-158.99998318316392,OnTrack,283.33333560888696,11351.333328782226,100.0,0,12,7,5338.851683110429,0.9879085757331542,16,622.9698107440938,interpolation,0 days 00:01:28.924000,88.924,4465.703,1.0
2024-03-01 17:01:01.476,0 days 01:14:25.803000,-398.7728879231969,905.73951829574,-158.9999940440372,OnTrack,284.66666439111304,11348.666671217774,100.0,0,12,7,5345.7012286482895,0.9891760252107514,16,620.5846337003338,interpolation,0 days 00:01:29.024000,89.024,4465.803,1.0
2024-03-01 17:01:01.576,0 days 01:14:25.903000,-396.0,961.0,-159.0,OnTrack,286.0,11346.0,100.0,0,12,7,5352.929444444445,0.9905135443620816,16,618.1994444444363,interpolation,0 days 00:01:29.124000,89.124,4465.903,1.0
2024-03-01 17:01:01.676,0 days 01:14:26.003000,-392.6871374253182,1024.928320300752,-159.00000105105227,OnTrack,286.49999872,11402.99985408,100.0,0,12,7,5360.818877019004,0.9919734159900446,16,615.4216737777696,interpolation,0 days 00:01:29.224000,89.224,4466.003,1.0
2024-03-01 17:01:01.776,0 days 01:14:26.103000,-389.0,1098.0,-159.0,OnTrack,287.0,11460.0,100.0,0,12,7,5368.873888888889,0.9934639266421884,16,612.6438888888806,pos,0 days 00:01:29.324000,89.324,4466.103,1.0
2024-03-01 17:01:01.876,0 days 01:14:26.203000,-385.10428752489395,1180.6905598997494,-158.99999964964925,OnTrack,287.39999918079957,11484.199950438375,100.0,0,12,7,5376.598679299931,0.9948933326541499,16,612.6438888888806,interpolation,0 days 00:01:29.424000,89.424,4466.203,1.0
2024-03-01 17:01:01.959,0 days 01:14:26.286000,-381.7125045991763,1256.6290062611488,-158.99999989208692,OnTrack,287.7320004567049,11504.286027630646,100.0,0,12,7,5382.759351548589,0.9960333120557099,16,612.6438888888806,interpolation,0 days 00:01:29.507000,89.507,4466.286,1.0
