Date,SessionTime,X,Y,Z,Status,Speed,RPM,Throttle,Brake,DRS,nGear,Distance,RelativeDistance,DriverAhead,DistanceToDriverAhead,Source,Time,TimeSeconds,SessionTimeSeconds,DRSActive
2024-03-01 16:55:21.374,0 days 01:08:45.701000,-372.00969610860767,1443.5899486466787,-158.38759569046024,OnTrack,289.89500032,10410.66504064,99.0,0,12,8,10.849782314968095,0.0020090873850639873,,,interpolation,0 days 00:00:00,0.0,4125.701,1.0
2024-03-01 16:55:21.395,0 days 01:08:45.722000,-370.8456622974111,1467.815240148135,-158.3187319876729,OnTrack,290.0,10424.0,99.0,0,12,8,12.509722222222225,0.002316463536106918,,,interpolation,0 days 00:00:00.021000,0.021,4125.722,1.0
2024-03-01 16:55:21.495,0 days 01:08:45.822000,-366.0,1571.0,-158.0,OnTrack,291.0,10447.0,99.0,0,12,8,19.31486233586443,0.00357659215058149,,,interpolation,0 days 00:00:00.121000,0.121,4125.822,1.0
2024-03-01 16:55:21.595,0 days 01:08:45.922000,-362.30867540517784,1654.0361863703968,-157.6958693579876,OnTrack,292.0,10470.0,99.0,0,12,8,25.487500000000004,0.004719598351404247,,,interpolation,0 days 00:00:00.221000,0.221,4125.922,1.0
2024-03-01 16:55:21.695,0 days 01:08:46.022000,-359.7716885129447,1716.923799259325,-157.40634006163558,OnTrack,293.0,10501.25,99.0,0,12,8,32.302817133805306,0.0059816114758379745,,,interpolation,0 days 00:00:00.321000,0.321,4126.022,1.0
2024-03-01 16:55:21.795,0 days 01:08:46.122000,-357.5988573642391,1772.099512518591,-157.41364073446582,OnTrack,294.0,10532.5,99.0,0,12,8,39.76081373728033,0.00736263152388267,,,interpolation,0 days 00:00:00.421000,0.421,4126.122,1.0
2024-03-01 16:55:21.895,0 days 01:08:46.222000,-355.0,1832.0,-158.0,OnTrack,295.0,10563.75,99.0,0,12,8,48.30437569433741,0.008944669029626531,,,interpolation,0 days 00:00:00.521000,0.521,4126.222,1.0
2024-03-01 16:55:21.995,0 days 01:08:46.322000,-352.0,1897.0,-159.0,OnTrack,296.0,10595.0,99.0,0,12,8,58.37638888888889,0.01080973452715775,,,interpolation,0 days 00:00:00.621000,0.621,4126.322,1.0
2024-03-01 16:55:22.095,0 days 01:08:46.422000,-348.74815807845573,1969.3479307853584,-159.42113866665633,OnTrack,297.0,10635.5,99.0,0,12,8,69.97685332093477,0.01295782801647633,,,interpolation,0 days 00:00:00.721000,0.721,4126.422,1.0
2024-03-01 16:55:22.195,0 days 01:08:46.522000,-345.31784678743907,2048.394991311612,-159.2057131469463,OnTrack,298.0,10676.0,99.0,0,12,8,81.55416666666667,0.015101634548313769,,,interpolation,0 days 00:00:00.821000,0.821,4126.522,1.0
2024-03-01 16:55:22.295,0 days 01:08:46.622000,-342.0,2128.0,-159.0,OnTrack,298.75,10699.5,99.0,0,12,8,91.55672660227631,0.016953839173401573,,,interpolation,0 days 00:00:00.921000,0.921,4126.622,1.0
2024-03-01 16:55:22.395,0 days 01:08:46.722000,-338.84310644671694,2207.1394318278603,-158.911711434184,OnTrack,299.5,10723.0,99.0,0,12,8,99.98453312776365,0.01851444189173974,,,interpolation,0 days 00:00:01.021000,1.021,4126.722,1.0
2024-03-01 16:55:22.495,0 days 01:08:46.822000,-335.84581290525136,2285.3664477757425,-158.9311354775439,OnTrack,300.25,10746.5,99.0,0,12,8,107.55826753381362,0.019916893462775226,,,interpolation,0 days 00:00:01.121000,1.121,4126.822,1.0
2024-03-01 16:55:22.595,0 days 01:08:46.922000,-333.0,2360.0,-159.0,OnTrack,301.0,10770.0,99.0,0,12,8,114.99861111111113,0.021294644645955003,,,interpolation,0 days 00:00:01.221000,1.221,4126.922,1.0
2024-03-01 16:55:22.695,0 days 01:08:47.022000,-330.30431449476737,2430.5932449055263,-159.10859293014673,OnTrack,301.4,10776.4,99.0,0,12,8,122.30556385965617,0.02264769544127906,,,interpolation,0 days 00:00:01.321000,1.321,4127.022,1.0
2024-03-01 16:55:22.795,0 days 01:08:47.122000,-327.0,2511.0,-159.0,OnTrack,301.8,10782.8,99.0,0,12,8,129.4791257794488,0.023976045848747407,,,pos,0 days 00:00:01.421000,1.421,4127.122,1.0
2024-03-01 16:55:22.895,0 days 01:08:47.222000,-322.32830012614454,2615.074082791098,-158.4173069415757,OnTrack,302.2,10789.2,99.0,0,12,8,136.59259628584752,0.02529326894535407,,,interpolation,0 days 00:00:01.521000,1.521,4127.222,1.0
2024-03-01 16:55:22.995,0 days 01:08:47.322000,-317.0,2728.0,-158.0,OnTrack,302.6,10795.6,99.0,0,12,8,144.08576961925394,0.026680802776099778,,,interpolation,0 days 00:00:01.621000,1.621,4127.322,1.0
2024-03-01 16:55:23.095,0 days 01:08:47.422000,-311.72588474836544,2834.9622583478836,-158.38756542039908,OnTrack,303.0,10802.0,99.0,0,12,8,152.03194444444446,0.028152220278990957,,,interpolation,0 days 00:00:01.721000,1.721,4127.422,1.0
2024-03-01 16:55:23.195,0 days 01:08:47.522000,-307.0,2930.0,-159.0,OnTrack,303.5,10834.0,99.0,0,12,8,160.4311207614191,0.029707521454027625,,,interpolation,0 days 00:00:01.821000,1.821,4127.522,1.0
2024-03-01 16:55:23.295,0 days 01:08:47.622000,-303.3163913836629,3007.152367121601,-159.25730053602973,OnTrack,304.0,10866.0,99.0,0,12,8,168.92083333333338,0.0312795875043779,,,interpolation,0 days 00:00:01.921000,1.921,4127.622,1.0
2024-03-01 16:55:23.395,0 days 01:08:47.722000,-300.67505889935416,3066.419359712687,-159.1594670284884,OnTrack,304.6666666666667,10895.0,99.0,0,12,8,177.13861692334308,0.032801299633209935,,,interpolation,0 days 00:00:02.021000,2.021,4127.722,1.0
2024-03-01 16:55:23.495,0 days 01:08:47.822000,-298.1961969653683,3124.976672447429,-158.98190000670286,OnTrack,305.3333333333333,10924.0,99.0,0,12,8,185.08029775894454,0.03427188497030001,,,interpolation,0 days 00:00:02.121000,2.121,4127.822,1.0
2024-03-01 16:55:23.595,0 days 01:08:47.922000,-295.0,3200.0,-159.0,OnTrack,306.0,10953.0,99.0,0,12,8,192.72083333333336,0.03568670631804816,,,interpolation,0 days 00:00:02.221000,2.221,4127.922,1.0
2024-03-01 16:55:23.695,0 days 01:08:48.022000,-291.08646800324914,3291.4893423703998,-159.21376700837993,OnTrack,306.5,10957.0,99.0,0,12,8,200.05604991674517,0.03704499081414481,,,interpolation,0 days 00:00:02.321000,2.321,4128.022,1.0
2024-03-01 16:55:23.795,0 days 01:08:48.122000,-287.0,3387.0,-159.0,OnTrack,307.0,10961.0,99.0,0,12,8,207.0859475091799,0.038346738458589956,,,interpolation,0 days 00:00:02.421000,2.421,4128.122,1.0
2024-03-01 16:55:23.895,0 days 01:08:48.222000,-283.28499501513704,3474.0872733301735,-157.73549794301783,OnTrack,307.5,10965.0,99.0,0,12,8,215.48884356924688,0.039902728429835214,,,interpolation,0 days 00:00:02.521000,2.521,4128.222,1.0
2024-03-01 16:55:23.995,0 days 01:08:48.322000,-280.0,3557.0,-157.0,OnTrack,308.0,10969.0,99.0,0,12,8,226.9430555555556,0.042023739906332215,,,interpolation,0 days 00:00:02.621000,2.621,4128.322,1.0
2024-03-01 16:55:24.095,0 days 01:08:48.422000,-277.0,3643.0,-158.0,OnTrack,309.0,11035.0,99.0,0,12,8,240.67638888888894,0.04456678325539686,,,interpolation,0 days 00:00:02.721000,2.721,4128.422,1.0
2024-03-01 16:55:24.195,0 days 01:08:48.522000,-273.0636173261239,3750.165259997967,-158.49601447580358,OnTrack,309.2,11049.4,99.0,0,12,8,252.05569981568178,0.04667392507355116,,,interpolation,0 days 00:00:02.821000,2.821,4128.522,1.0
2024-03-01 16:55:24.295,0 days 01:08:48.622000,-268.23495247753834,3875.8387459298865,-158.2418672394212,OnTrack,309.4,11063.8,99.0,0,12,8,260.30880166394905,0.04820217719231737,,,interpolation,0 days 00:00:02.921000,2.921,4128.622,1.0
2024-03-01 16:55:24.395,0 days 01:08:48.722000,-264.0,3986.0,-158.0,OnTrack,309.6,11078.2,99.0,0,12,8,265.92586942753417,0.049242306814945805,,,interpolation,0 days 00:00:03.021000,3.021,4128.722,1.0
2024-03-01 16:55:24.495,0 days 01:08:48.822000,-260.60642691918605,4074.9789168781726,-157.89748702634915,OnTrack,309.8,11092.6,99.0,0,12,8,271.84796812772345,0.050338919949316246,,,interpolation,0 days 00:00:03.121000,3.121,4128.822,1.0
2024-03-01 16:55:24.595,0 days 01:08:48.922000,-258.0542332350965,4142.775496564405,-157.93432831846877,OnTrack,310.0,11107.0,99.0,0,12,8,278.56527777777785,0.05158278472813992,,,interpolation,0 days 00:00:03.221000,3.221,4128.922,1.0
2024-03-01 16:55:24.695,0 days 01:08:49.022000,-256.205582369785,4193.146875170555,-158.07528490912,OnTrack,310.3333333333333,11101.0,99.0,0,12,8,286.0777983776974,0.05297390115141684,,,interpolation,0 days 00:00:03.321000,3.321,4129.022,1.0
2024-03-01 16:55:24.795,0 days 01:08:49.122000,-254.2334506212195,4248.635984787377,-158.1089219123263,OnTrack,310.6666666666667,11095.0,99.0,0,12,8,294.6878899837662,0.05456825815580887,,,interpolation,0 days 00:00:03.421000,3.421,4129.122,1.0
2024-03-01 16:55:24.895,0 days 01:08:49.222000,-252.0,4313.0,-158.0,OnTrack,311.0,11089.0,99.0,0,12,8,306.2097222222223,0.056701791081273274,,,interpolation,0 days 00:00:03.521000,3.521,4129.222,1.0
2024-03-01 16:55:24.995,0 days 01:08:49.322000,-249.50523050612634,4386.238920808422,-157.74851917214107,OnTrack,312.0,11160.0,99.0,0,12,8,320.07638888888897,0.05926952417159097,,,interpolation,0 days 00:00:03.621000,3.621,4129.322,1.0
2024-03-01 16:55:25.095,0 days 01:08:49.422000,-246.0,4486.0,-158.0,OnTrack,312.25,11166.5,99.0,0,12,8,331.0722471398566,0.0613056608846284,,,interpolation,0 days 00:00:03.721000,3.721,4129.422,1.0
2024-03-01 16:55:25.195,0 days 01:08:49.522000,-241.0,4625.0,-159.0,OnTrack,312.5,11173.0,99.0,0,12,8,338.32801871711746,0.0626492343058822,,,interpolation,0 days 00:00:03.821000,3.821,4129.522,1.0
2024-03-01 16:55:25.295,0 days 01:08:49.622000,-236.09422431833008,4773.65613010004,-158.34875313000165,OnTrack,312.75,11179.5,99.0,0,12,8,344.261239269153,0.0637479069075852,,,interpolation,0 days 00:00:03.921000,3.921,4129.622,1.0
2024-03-01 16:55:25.395,0 days 01:08:49.722000,-232.0,4902.0,-157.0,OnTrack,313.0,11186.0,99.0,0,12,8,351.28944444444454,0.06504934116197014,,,interpolation,0 days 00:00:04.021000,4.021,4129.722,1.0
2024-03-01 16:55:25.495,0 days 01:08:49.822000,-229.1698231439246,4984.99365927389,-156.30744017921648,OnTrack,313.0,11175.5,99.0,0,12,8,359.4126342429921,0.06655353706903708,,,interpolation,0 days 00:00:04.121000,4.121,4129.822,1.0
2024-03-01 16:55:25.595,0 days 01:08:49.922000,-227.60369375010384,5022.637107921708,-156.27107366765114,OnTrack,313.0,11165.0,99.0,0,12,8,368.67833333333346,0.06826929491705604,,,interpolation,0 days 00:00:04.221000,4.221,4129.922,1.0
2024-03-01 16:55:25.695,0 days 01:08:50.022000,-226.48571748123118,5047.212002608673,-156.34917032226022,OnTrack,313.5,11182.5,99.0,0,12,8,379.1340663840066,0.07020541499429703,,,interpolation,0 days 00:00:04.321000,4.321,4130.022,1.0
2024-03-01 16:55:25.795,0 days 01:08:50.122000,-225.0,5091.0,-156.0,OnTrack,314.0,11200.0,99.0,0,12,8,389.6116666666668,0.07214558429378563,,,interpolation,0 days 00:00:04.421000,4.421,4130.122,1.0
2024-03-01 16:55:25.895,0 days 01:08:50.222000,-223.14654130641037,5154.001100095693,-155.22356270087056,OnTrack,314.0,11200.0,99.0,0,12,8,398.94296745296936,0.0738734898085474,,,interpolation,0 days 00:00:04.521000,4.521,4130.222,1.0
2024-03-01 16:55:25.995,0 days 01:08:50.322000,-220.7768519733805,5237.810574074235,-154.08776008197492,OnTrack,314.0,11200.0,99.0,0,12,8,407.0561111111112,0.07537582544106029,,,interpolation,0 days 00:00:04.621000,4.621,4130.322,1.0
2024-03-01 16:55:26.095,0 days 01:08:50.422000,-217.0,5352.0,-153.0,OnTrack,314.0,11202.75,99.0,0,12,8,413.8792400092898,0.07663928509380233,,,interpolation,0 days 00:00:04.721000,4.721,4130.422,1.0
2024-03-01 16:55:26.195,0 days 01:08:50.522000,-212.0,5491.0,-152.0,OnTrack,314.0,11205.5,99.0,0,12,8,419.4123541475052,0.0776638687667735,,,interpolation,0 days 00:00:04.821000,4.821,4130.522,1.0
2024-03-01 16:55:26.295,0 days 01:08:50.622000,-207.77185688067095,5611.822997875088,-150.91866044732905,OnTrack,314.0,11208.25,99.0,0,12,8,425.7669301008568,0.07884056503723201,,,interpolation,0 days 00:00:04.921000,4.921,4130.622,1.0
2024-03-01 16:55:26.395,0 days 01:08:50.722000,-204.57822078235768,5708.477292811532,-149.79141917549808,OnTrack,314.0,11211.0,99.0,0,12,8,435.0544444444446,0.08056036248243613,,,interpolation,0 days 00:00:05.021000,5.021,4130.722,1.0
2024-03-01 16:55:26.495,0 days 01:08:50.822000,-202.0,5788.0,-149.0,OnTrack,314.5,11229.5,99.0,0,12,8,447.27489717826836,0.08282326110238583,,,interpolation,0 days 00:00:05.121000,5.121,4130.822,1.0
2024-03-01 16:55:26.595,0 days 01:08:50.922000,-199.96734627371234,5851.563965967274,-148.60802323101325,OnTrack,315.0,11248.0,99.0,0,12,8,459.5544444444445,0.08509710243768492,,,interpolation,0 days 00:00:05.221000,5.221,4130.922,1.0
2024-03-01 16:55:26.695,0 days 01:08:51.022000,-198.3092890771485,5904.634097144386,-148.5018895993387,OnTrack,315.0,11244.666666666666,99.0,0,12,8,469.0192423850896,0.08684972802893721,,,interpolation,0 days 00:00:05.321000,5.321,4131.022,1.0
2024-03-01 16:55:26.795,0 days 01:08:51.122000,-196.0,5980.0,-148.0,OnTrack,315.0,11241.333333333334,99.0,0,12,8,476.17482862514686,0.08817474982479422,,,interpolation,0 days 00:00:05.421000,5.421,4131.122,1.0
2024-03-01 16:55:26.895,0 days 01:08:51.222000,-192.86850676517366,6083.1266369260775,-146.98875400053555,OnTrack,315.0,11238.0,99.0,0,12,8,484.0544444444445,0.08963384239293373,,,interpolation,0 days 00:00:05.521000,5.521,4131.222,1.0
2024-03-01 16:55:26.995,0 days 01:08:51.322000,-189.23270958859987,6203.495959466731,-145.64168632647193,OnTrack,315.0,11224.666666666666,99.0,0,12,8,493.16363264465775,0.09132061864059857,,,interpolation,0 days 00:00:05.621000,5.621,4131.322,1.0
2024-03-01 16:55:27.095,0 days 01:08:51.422000,-187.0,6278.0,-145.0,OnTrack,315.0,11211.333333333334,99.0,0,12,8,503.1672496659018,0.09317301900946734,,,interpolation,0 days 00:00:05.721000,5.721,4131.422,1.0
2024-03-01 16:55:27.195,0 days 01:08:51.522000,-186.0,6313.0,-145.0,OnTrack,315.0,11198.0,99.0,0,12,8,512.0544444444446,0.09481868805607524,,,pos,0 days 00:00:05.821000,5.821,4131.522,1.0
2024-03-01 16:55:27.295,0 days 01:08:51.622000,-183.30307482821823,6409.770534294441,-144.21832579613127,OnTrack,315.0,11220.333333333334,99.0,0,12,8,519.4900768522539,0.09619556685758751,,,interpolation,0 days 00:00:05.921000,5.921,4131.622,1.0
2024-03-01 16:55:27.395,0 days 01:08:51.722000,-180.0,6530.0,-143.0,OnTrack,315.0,11242.666666666666,99.0,0,12,8,525.8127890544018,0.09736636281975176,,,interpolation,0 days 00:00:06.021000,6.021,4131.722,1.0
2024-03-01 16:55:27.495,0 days 01:08:51.822000,-177.6698209908036,6618.497784849563,-141.92727076367038,OnTrack,315.0,11265.0,99.0,0,12,8,533.0544444444446,0.09870732230343136,,,interpolation,0 days 00:00:06.121000,6.121,4131.822,1.0
2024-03-01 16:55:27.595,0 days 01:08:51.922000,-176.0982981327516,6683.119658770655,-140.97584889641152,OnTrack,315.0,11258.0,99.0,0,12,8,541.5536886551681,0.10028115335650102,,,interpolation,0 days 00:00:06.221000,6.221,4131.922,1.0
2024-03-01 16:55:27.695,0 days 01:08:52.022000,-174.0,6771.0,-140.0,OnTrack,315.0,11251.0,99.0,0,12,8,550.5544444444445,0.10194785084289479,,,interpolation,0 days 00:00:06.321000,6.321,4132.022,1.0
2024-03-01 16:55:27.795,0 days 01:08:52.122000,-171.1606891184745,6889.994498022452,-138.97543513242502,OnTrack,315.0,11228.0,99.0,0,12,8,559.300634570146,0.10356740962654673,,,interpolation,0 days 00:00:06.421000,6.421,4132.122,1.0
2024-03-01 16:55:27.895,0 days 01:08:52.222000,-168.0,7016.0,-138.0,OnTrack,315.0,11205.0,99.0,0,12,8,568.0544444444445,0.10518837938235821,,,interpolation,0 days 00:00:06.521000,6.521,4132.222,1.0
2024-03-01 16:55:27.995,0 days 01:08:52.322000,-164.9375671564016,7124.913353094638,-137.17154030903825,OnTrack,314.6666666666667,11140.666666666666,99.0,0,12,8,577.0780594795118,0.10685930978523062,,,interpolation,0 days 00:00:06.621000,6.621,4132.322,1.0
2024-03-01 16:55:28.095,0 days 01:08:52.422000,-161.97339058767938,7216.73455730637,-136.4900560595399,OnTrack,314.3333333333333,11076.333333333334,99.0,0,12,8,586.374907523004,0.10858083558020157,,,interpolation,0 days 00:00:06.721000,6.721,4132.422,1.0
2024-03-01 16:55:28.195,0 days 01:08:52.522000,-159.1206544066044,7292.997807853469,-135.94244895946147,OnTrack,314.0,11012.0,99.0,0,12,8,595.9655555555556,0.11035676521799768,,,interpolation,0 days 00:00:06.821000,6.821,4132.522,1.0
2024-03-01 16:55:28.295,0 days 01:08:52.622000,-156.4584628847891,7362.90822891528,-135.4501296589207,OnTrack,300.5,10328.0,49.5,0,12,8,605.8534313897215,0.11218773343715685,,,interpolation,0 days 00:00:06.921000,6.921,4132.622,1.0
2024-03-01 16:55:28.395,0 days 01:08:52.722000,-154.0,7428.0,-135.0,OnTrack,287.0,9644.0,0.0,1,8,8,615.098888888889,0.11389974308781103,,,interpolation,0 days 00:00:07.021000,7.021,4132.722,0.0
2024-03-01 16:55:28.495,0 days 01:08:52.822000,-151.7452657522372,7488.273121107632,-134.5920599826994,OnTrack,274.3333333333333,9719.333333333334,0.0,1,8,8,622.7622819164449,0.11531879702009218,,,interpolation,0 days 00:00:07.121000,7.121,4132.822,0.0
2024-03-01 16:55:28.595,0 days 01:08:52.922000,-149.0,7555.0,-134.0,OnTrack,261.6666666666667,9794.666666666666,0.0,1,8,8,628.9683523798059,0.11646799407463174,,,interpolation,0 days 00:00:07.221000,7.221,4132.922,0.0
2024-03-01 16:55:28.695,0 days 01:08:53.022000,-145.06994260178791,7639.453044438933,-132.997510444883,OnTrack,249.0,9870.0,0.0,1,8,8,634.4655555555556,0.11748592800481725,,,interpolation,0 days 00:00:07.321000,7.321,4133.022,0.0
2024-03-01 16:55:28.795,0 days 01:08:53.122000,-141.0,7722.0,-132.0,OnTrack,230.5,9734.25,0.0,1,8,8,639.3786346284749,0.11839569788781354,,,interpolation,0 days 00:00:07.421000,7.421,4133.122,0.0
2024-03-01 16:55:28.895,0 days 01:08:53.222000,-137.83507863703554,7783.00861225878,-131.4228773480027,OnTrack,212.0,9598.5,0.0,1,8,8,643.7075895985631,0.11919730372362058,,,interpolation,0 days 00:00:07.521000,7.521,4133.222,0.0
2024-03-01 16:55:28.995,0 days 01:08:53.322000,-135.43958920257595,7825.211023111004,-131.20727612988728,OnTrack,193.5,9462.75,0.0,1,8,8,647.7905275471478,0.11995335383489181,,,interpolation,0 days 00:00:07.621000,7.621,4133.322,0.0
2024-03-01 16:55:29.095,0 days 01:08:53.422000,-133.0,7865.0,-131.0,OnTrack,175.0,9327.0,0.0,1,8,8,651.9655555555556,0.12072645654428069,,,interpolation,0 days 00:00:07.721000,7.721,4133.422,0.0
2024-03-01 16:55:29.195,0 days 01:08:53.522000,-130.38072310741663,7905.10765684452,-130.74218320212555,OnTrack,163.5,9391.5,0.0,1,8,8,656.2326736237872,0.12151661185178722,,,interpolation,0 days 00:00:07.821000,7.821,4133.522,0.0
2024-03-01 16:55:29.295,0 days 01:08:53.622000,-127.40363621590458,7946.0585462540685,-130.4255004755237,OnTrack,152.0,9456.0,0.0,1,8,7,660.4100000000001,0.12229014015697415,,,interpolation,0 days 00:00:07.921000,7.921,4133.622,0.0
2024-03-01 16:55:29.395,0 days 01:08:53.722000,-123.0,7991.0,-130.0,OnTrack,144.0,9510.5,0.0,1,8,7,664.3156529323531,0.12301336185940442,,,interpolation,0 days 00:00:08.021000,8.021,4133.722,0.0
2024-03-01 16:55:29.495,0 days 01:08:53.822000,-116.99169032679985,8040.456576063267,-129.45735642956308,OnTrack,136.0,9565.0,0.0,1,8,7,667.9655555555556,0.12368922549464725,,,interpolation,0 days 00:00:08.121000,8.121,4133.822,0.0
2024-03-01 16:55:29.595,0 days 01:08:53.922000,-110.0,8087.0,-129.0,OnTrack,127.5,9240.0,0.0,1,8,7,671.3756310043166,0.12432067959827203,,,pos,0 days 00:00:08.221000,8.221,4133.922,0.0
2024-03-01 16:55:29.695,0 days 01:08:54.022000,-102.64622182329633,8123.2019973663355,-128.83036094709783,OnTrack,119.0,8915.0,0.0,1,8,7,674.5766666666668,0.12491342516511122,,,interpolation,0 days 00:00:08.321000,8.321,4134.022,0.0
2024-03-01 16:55:29.795,0 days 01:08:54.122000,-94.83564414894337,8150.220159625969,-128.90907969525676,OnTrack,111.75,8564.75,0.0,1,8,7,677.5994499306375,0.12547316318999746,,,interpolation,0 days 00:00:08.421000,8.421,4134.122,0.0
2024-03-01 16:55:29.895,0 days 01:08:54.222000,-86.0,8175.0,-129.0,OnTrack,104.5,8214.5,0.0,1,8,6,680.4439807962285,0.12599989367293074,,,interpolation,0 days 00:00:08.521000,8.521,4134.222,0.0
2024-03-01 16:55:29.995,0 days 01:08:54.322000,-76.04457869856299,8198.69909809845,-129.06376268876767,OnTrack,97.25,7864.25,0.0,1,8,6,683.1048545970389,0.12649261581529855,,,interpolation,0 days 00:00:08.621000,8.621,4134.322,0.0
2024-03-01 16:55:30.095,0 days 01:08:54.422000,-64.0,8222.0,-129.0,OnTrack,90.0,7514.0,0.0,1,8,6,685.5766666666668,0.12695032881848825,,,interpolation,0 days 00:00:08.721000,8.721,4134.422,0.0
2024-03-01 16:55:30.195,0 days 01:08:54.522000,-48.89688365967862,8245.585251783335,-128.70834417213723,OnTrack,87.66666666666667,7245.666666666667,0.0,1,8,6,687.859417005113,0.12737303268249994,,,interpolation,0 days 00:00:08.821000,8.821,4134.522,0.0
2024-03-01 16:55:30.295,0 days 01:08:54.622000,-31.12244634992137,8268.942765752457,-128.2508668711822,OnTrack,85.33333333333333,6977.333333333333,0.0,1,8,2,689.9724934267497,0.127764317508236,,,interpolation,0 days 00:00:08.921000,8.921,4134.622,0.0
2024-03-01 16:55:30.395,0 days 01:08:54.722000,-13.0,8289.0,-128.0,OnTrack,83.0,6709.0,0.0,1,8,2,692.0322222222223,0.12814572379082365,,,interpolation,0 days 00:00:09.021000,9.021,4134.722,0.0
2024-03-01 16:55:30.495,0 days 01:08:54.822000,5.0832347526439445,8305.244861586167,-128.01781586021065,OnTrack,81.0,6495.0,0.0,1,8,2,694.0579910073739,0.12852084159440294,,,interpolation,0 days 00:00:09.121000,9.121,4134.822,0.0
2024-03-01 16:55:30.595,0 days 01:08:54.922000,23.127257908010474,8317.677350510952,-128.3043144518141,OnTrack,79.0,6281.0,0.0,1,8,2,696.0512956175869,0.12888994790738806,,,interpolation,0 days 00:00:09.221000,9.221,4134.922,0.0
2024-03-01 16:55:30.695,0 days 01:08:55.022000,40.10765210937177,8327.271164180262,-128.68865581751052,OnTrack,77.0,6067.0,0.0,1,8,2,698.0211111111113,0.12925470466877337,,,interpolation,0 days 00:00:09.321000,9.321,4135.022,0.0
2024-03-01 16:55:30.795,0 days 01:08:55.122000,55.0,8335.0,-129.0,OnTrack,74.5,5960.5,0.0,1,8,2,699.9689333386475,0.1296153888698095,,,interpolation,0 days 00:00:09.421000,9.421,4135.122,0.0
2024-03-01 16:55:30.895,0 days 01:08:55.222000,67.80430157989517,8340.863857970166,-129.23834699928253,OnTrack,72.0,5854.0,0.0,1,8,2,702.0211111111113,0.129995396906365,,,interpolation,0 days 00:00:09.521000,9.521,4135.222,0.0
2024-03-01 16:55:30.995,0 days 01:08:55.322000,78.52055684905727,8344.862738090762,-129.40369681535816,OnTrack,70.0,5613.0,0.0,1,8,2,704.3039932394181,0.13041812517430837,,,interpolation,0 days 00:00:09.621000,9.621,4135.322,0.0
2024-03-01 16:55:31.095,0 days 01:08:55.422000,91.47653369369075,8346.930249165976,-129.6171982237547,OnTrack,68.0,5372.0,0.0,0,8,2,706.5544444444446,0.13083484810896887,,,interpolation,0 days 00:00:09.721000,9.721,4135.422,0.0
2024-03-01 16:55:31.195,0 days 01:08:55.522000,111.0,8347.0,-130.0,OnTrack,66.5,5253.5,0.0,0,8,2,708.5093294470678,0.13119684014567567,,,interpolation,0 days 00:00:09.821000,9.821,4135.522,0.0
2024-03-01 16:55:31.295,0 days 01:08:55.622000,137.09095576798506,8345.071990592838,-130.55210214409405,OnTrack,65.0,5135.0,0.0,0,8,2,710.1655555555557,0.1315035286012391,,,interpolation,0 days 00:00:09.921000,9.921,4135.622,0.0
2024-03-01 16:55:31.395,0 days 01:08:55.722000,162.0,8342.0,-131.0,OnTrack,64.5,5382.5,4.5,0,8,2,711.5200300781767,0.1317543407924694,,,interpolation,0 days 00:00:10.021000,10.021,4135.722,0.0
2024-03-01 16:55:31.495,0 days 01:08:55.822000,177.97773169839894,8338.637807277002,-131.0701889116809,OnTrack,64.0,5630.0,9.0,0,8,2,713.0100000000001,0.13203024308130426,,,interpolation,0 days 00:00:10.121000,10.121,4135.822,0.0
2024-03-01 16:55:31.595,0 days 01:08:55.922000,186.7864616013654,8334.647320665323,-130.86517590654094,OnTrack,64.0,5752.5,12.5,0,8,2,715.0727123060946,0.1324122018296815,,,interpolation,0 days 00:00:10.221000,10.221,4135.922,0.0
2024-03-01 16:55:31.695,0 days 01:08:56.022000,199.0,8328.0,-131.0,OnTrack,64.0,5875.0,16.0,0,8,2,717.2766666666668,0.132820314801402,,,interpolation,0 days 00:00:10.321000,10.321,4136.022,0.0
2024-03-01 16:55:31.795,0 days 01:08:56.122000,216.38063958651674,8318.357756984555,-131.5771671697957,OnTrack,65.5,5957.5,22.0,0,8,2,719.1903627519231,0.1331746797602667,,,interpolation,0 days 00:00:10.421000,10.421,4136.122,0.0
2024-03-01 16:55:31.895,0 days 01:08:56.222000,237.4124719437677,8306.488533008484,-132.47906329089707,OnTrack,67.0,6040.0,28.0,0,8,2,720.998888888889,0.13350957007804978,,,interpolation,0 days 00:00:10.521000,10.521,4136.222,0.0
2024-03-01 16:55:31.995,0 days 01:08:56.322000,253.0,8297.0,-133.0,OnTrack,69.0,6123.5,32.5,0,8,2,722.88733340459,0.13385925912652533,,,interpolation,0 days 00:00:10.621000,10.621,4136.322,0.0
2024-03-01 16:55:32.095,0 days 01:08:56.422000,261.6272998150841,8290.660107212363,-133.02236196769877,OnTrack,71.0,6207.0,37.0,0,8,2,724.9236111111113,0.13423632289922566,,,interpolation,0 days 00:00:10.721000,10.721,4136.422,0.0
2024-03-01 16:55:32.195,0 days 01:08:56.522000,271.0,8283.0,-133.0,OnTrack,74.33333333333333,6569.666666666667,40.0,0,8,2,727.1756368205389,0.1346533373896831,,,interpolation,0 days 00:00:10.821000,10.821,4136.522,0.0
2024-03-01 16:55:32.295,0 days 01:08:56.622000,288.82372916572785,8269.550823717347,-133.38676490291022,OnTrack,77.66666666666667,6932.333333333333,43.0,0,8,2,729.6208192183165,0.13510611929506547,,,interpolation,0 days 00:00:10.921000,10.921,4136.622,0.0
2024-03-01 16:55:32.395,0 days 01:08:56.722000,310.0,8253.0,-134.0,OnTrack,81.0,7295.0,46.0,0,8,2,732.1236111111114,0.13556956892689062,,,interpolation,0 days 00:00:11.021000,11.021,4136.722,0.0
2024-03-01 16:55:32.495,0 days 01:08:56.822000,329.4303251905487,8236.034950483558,-134.65704861483985,OnTrack,84.33333333333333,7524.333333333333,47.0,0,8,2,734.6614214157019,0.13603950302516316,,,interpolation,0 days 00:00:11.121000,11.121,4136.822,0.0
2024-03-01 16:55:32.595,0 days 01:08:56.922000,347.1088004238344,8218.893212195098,-135.3465122198818,OnTrack,87.66666666666667,7753.666666666667,48.0,0,8,2,737.16306055604,0.13650273919828917,,,interpolation,0 days 00:00:11.221000,11.221,4136.922,0.0
2024-03-01 16:55:32.695,0 days 01:08:57.022000,363.0,8203.0,-136.0,OnTrack,91.0,7983.0,49.0,0,8,2,739.2013888888891,0.13688018269174027,,,interpolation,0 days 00:00:11.321000,11.321,4137.022,0.0
2024-03-01 16:55:32.795,0 days 01:08:57.122000,377.09801966596604,8188.592848492973,-136.6061135443669,OnTrack,91.0,8278.5,52.5,0,8,2,740.705216109217,0.13715865097893423,,,interpolation,0 days 00:00:11.421000,11.421,4137.122,0.0
2024-03-01 16:55:32.895,0 days 01:08:57.222000,390.41235383516874,8174.645458116787,-137.20082851620217,OnTrack,91.0,8574.0,56.0,0,8,2,743.2458333333336,0.13762910484308294,,,interpolation,0 days 00:00:11.521000,11.521,4137.222,0.0
2024-03-01 16:55:32.995,0 days 01:08:57.322000,409.0,8155.0,-138.0,OnTrack,103.0,9545.0,62.0,0,8,2,747.8522222222225,0.13848208396641504,,,interpolation,0 days 00:00:11.621000,11.621,4137.322,0.0
2024-03-01 16:55:33.095,0 days 01:08:57.422000,433.87046291117184,8128.630164076017,-139.03960402737277,OnTrack,107.5,9335.0,68.0,0,8,2,751.2705093841163,0.1391150586580835,,,interpolation,0 days 00:00:11.721000,11.721,4137.422,0.0
2024-03-01 16:55:33.195,0 days 01:08:57.522000,459.0,8102.0,-140.0,OnTrack,112.0,9125.0,74.0,0,8,2,754.0744444444447,0.13963427189155758,,,interpolation,0 days 00:00:11.821000,11.821,4137.522,0.0
2024-03-01 16:55:33.295,0 days 01:08:57.622000,478.36486869780026,8081.573557427118,-140.56154731956127,OnTrack,117.5,9228.0,75.0,0,8,2,757.3800920372425,0.14024638876960727,,,interpolation,0 days 00:00:11.921000,11.921,4137.622,0.0
2024-03-01 16:55:33.395,0 days 01:08:57.722000,492.76500496608725,8066.536185044396,-140.7811244024802,OnTrack,123.0,9331.0,76.0,0,8,2,760.907777777778,0.14089962113077664,,,interpolation,0 days 00:00:12.021000,12.021,4137.722,0.0
2024-03-01 16:55:33.495,0 days 01:08:57.822000,507.0,8052.0,-141.0,OnTrack,126.5,9600.25,77.5,0,8,2,764.3778272813211,0.14154218081360992,,,interpolation,0 days 00:00:12.121000,12.121,4137.822,0.0
2024-03-01 16:55:33.595,0 days 01:08:57.922000,521.8697815697508,8037.150359322941,-141.27505194611234,OnTrack,130.0,9869.5,79.0,0,8,3,767.7902405478715,0.14217406781810704,,,interpolation,0 days 00:00:12.221000,12.221,4137.922,0.0
2024-03-01 16:55:33.695,0 days 01:08:58.022000,538.5394896631187,8021.374963873117,-141.60698191796496,OnTrack,133.5,10138.75,80.5,0,8,3,771.1864224293752,0.14280294920737685,,,interpolation,0 days 00:00:12.321000,12.321,4138.022,0.0
2024-03-01 16:55:33.795,0 days 01:08:58.122000,564.0,8001.0,-142.0,OnTrack,137.0,10408.0,82.0,0,8,3,774.607777777778,0.14343649204452802,,,interpolation,0 days 00:00:12.421000,12.421,4138.122,0.0
2024-03-01 16:55:33.895,0 days 01:08:58.222000,599.4164644992682,7975.413162293511,-142.4548078765505,OnTrack,140.5,10530.0,81.75,0,8,3,778.0543065930807,0.14407469632956066,,,interpolation,0 days 00:00:12.521000,12.521,4138.222,0.0
2024-03-01 16:55:33.995,0 days 01:08:58.322000,638.0,7950.0,-143.0,OnTrack,144.0,10652.0,81.5,0,8,3,781.5260088752825,0.1447175620624747,,,interpolation,0 days 00:00:12.621000,12.621,4138.322,0.0
2024-03-01 16:55:34.095,0 days 01:08:58.422000,672.9617233412719,7930.146062365817,-143.66417082273205,OnTrack,147.5,10774.0,81.25,0,8,3,785.3135956087324,0.14541892108564253,,,interpolation,0 days 00:00:12.721000,12.721,4138.422,0.0
2024-03-01 16:55:34.195,0 days 01:08:58.522000,711.0,7913.0,-144.0,OnTrack,151.0,10896.0,81.0,0,8,3,789.707777777778,0.14623260524143647,,,interpolation,0 days 00:00:12.821000,12.821,4138.522,0.0
2024-03-01 16:55:34.295,0 days 01:08:58.622000,758.8131954531001,7895.710463511588,-143.56016718705717,OnTrack,154.5,10565.0,81.0,0,8,3,794.7085553824201,0.14715861452985657,,,interpolation,0 days 00:00:12.921000,12.921,4138.622,0.0
2024-03-01 16:55:34.395,0 days 01:08:58.722000,808.0,7881.0,-143.0,OnTrack,158.0,10234.0,81.0,0,8,3,800.2411111111113,0.1481830948004278,,,interpolation,0 days 00:00:13.021000,13.021,4138.722,0.0
2024-03-01 16:55:34.495,0 days 01:08:58.822000,850.1591039401271,7871.591156564655,-142.97482605492502,OnTrack,165.0,10641.0,90.0,0,8,3,806.2306276523057,0.14929219190267512,,,interpolation,0 days 00:00:13.121000,13.121,4138.822,0.0
2024-03-01 16:55:34.595,0 days 01:08:58.922000,888.0,7866.0,-143.0,OnTrack,172.0,11048.0,99.0,0,8,3,811.707777777778,0.1503064125481905,,,interpolation,0 days 00:00:13.221000,13.221,4138.922,0.0
2024-03-01 16:55:34.695,0 days 01:08:59.022000,924.232180906137,7862.742597100483,-142.59087648339272,OnTrack,173.5,11262.0,99.0,0,8,3,815.7032342593034,0.15104626344856575,,,interpolation,0 days 00:00:13.321000,13.321,4139.022,0.0
2024-03-01 16:55:34.795,0 days 01:08:59.122000,964.0,7862.0,-142.0,OnTrack,175.0,11476.0,99.0,0,8,4,819.4855555555558,0.1517466474546187,,,interpolation,0 days 00:00:13.421000,13.421,4139.122,0.0
2024-03-01 16:55:34.895,0 days 01:08:59.222000,1012.4478106230501,7863.953260832444,-141.47991504471872,OnTrack,179.0,11600.0,99.0,0,8,4,824.3233001252097,0.15264246741716714,,,interpolation,0 days 00:00:13.521000,13.521,4139.222,0.0
2024-03-01 16:55:34.995,0 days 01:08:59.322000,1063.0,7868.0,-141.0,OnTrack,183.0,11724.0,99.0,0,8,4,829.6522222222226,0.15362924022516414,,,interpolation,0 days 00:00:13.621000,13.621,4139.322,0.0
2024-03-01 16:55:35.095,0 days 01:08:59.422000,1109.0809553555625,7873.537837904856,-140.52963324829494,OnTrack,186.5,11164.0,99.0,0,8,4,834.9080761005516,0.15460248276756272,,,interpolation,0 days 00:00:13.721000,13.721,4139.422,0.0
2024-03-01 16:55:35.195,0 days 01:08:59.522000,1154.2652262238776,7881.001574928185,-139.88908699569853,OnTrack,190.0,10604.0,99.0,0,8,4,840.2077777777781,0.15558384474103096,,,interpolation,0 days 00:00:13.821000,13.821,4139.522,0.0
2024-03-01 16:55:35.295,0 days 01:08:59.622000,1220.0,7893.0,-138.0,OnTrack,193.5,10814.5,99.0,0,8,4,845.6682432714831,0.15659497584223703,,,interpolation,0 days 00:00:13.921000,13.921,4139.622,0.0
2024-03-01 16:55:35.395,0 days 01:08:59.722000,1304.0,7909.0,-135.0,OnTrack,197.0,11025.0,99.0,0,8,4,851.1522222222226,0.1576104610022192,,,interpolation,0 days 00:00:14.021000,14.021,4139.722,0.0
2024-03-01 16:55:35.495,0 days 01:08:59.822000,1371.106668546779,7923.194150367392,-132.79319940044073,OnTrack,200.0,11086.0,99.33333333333333,0,8,4,856.5224642705527,0.1586048851520158,,,interpolation,0 days 00:00:14.121000,14.121,4139.822,0.0
2024-03-01 16:55:35.595,0 days 01:08:59.922000,1418.8979741580556,7935.252198052984,-131.50680935821111,OnTrack,203.0,11147.0,99.66666666666667,0,8,5,861.8070478522388,0.1595834476614806,,,interpolation,0 days 00:00:14.221000,14.221,4139.922,0.0
2024-03-01 16:55:35.695,0 days 01:09:00.022000,1468.0,7949.0,-130.0,OnTrack,206.0,11208.0,100.0,0,8,5,867.1744444444448,0.1605773449094613,,,interpolation,0 days 00:00:14.321000,14.321,4140.022,0.0
2024-03-01 16:55:35.795,0 days 01:09:00.122000,1521.8504089994133,7965.0751957675875,-128.08263398709528,OnTrack,208.66666666666666,11333.333333333334,99.66666666666667,0,8,5,872.6527327704603,0.16159177631905344,,,interpolation,0 days 00:00:14.421000,14.421,4140.122,0.0
2024-03-01 16:55:35.895,0 days 01:09:00.222000,1578.0,7983.0,-126.0,OnTrack,211.33333333333334,11458.666666666666,99.33333333333333,0,8,5,878.2282354797079,0.16262420921340615,,,interpolation,0 days 00:00:14.521000,14.521,4140.222,0.0
2024-03-01 16:55:35.995,0 days 01:09:00.322000,1633.9995718454652,8002.2966273414895,-123.9973867192171,OnTrack,214.0,11584.0,99.0,0,8,5,883.8188888888892,0.16365944760921763,,,interpolation,0 days 00:00:14.621000,14.621,4140.322,0.0
2024-03-01 16:55:36.095,0 days 01:09:00.422000,1691.0,8021.0,-122.0,OnTrack,216.5,11163.5,99.5,0,8,5,889.411015787482,0.1646949588555714,,,interpolation,0 days 00:00:14.721000,14.721,4140.422,0.0
2024-03-01 16:55:36.195,0 days 01:09:00.522000,1750.152159927795,8037.145040183475,-119.93304569760208,OnTrack,219.0,10743.0,100.0,0,8,5,895.9855555555558,0.16591238649855886,,,interpolation,0 days 00:00:14.821000,14.821,4140.522,0.0
2024-03-01 16:55:36.295,0 days 01:09:00.622000,1810.465868886112,8050.647290055162,-117.8420309518847,OnTrack,222.0,10765.0,99.5,0,8,5,904.5234475731793,0.16749337408427117,,,interpolation,0 days 00:00:14.921000,14.921,4140.622,0.0
2024-03-01 16:55:36.395,0 days 01:09:00.722000,1866.0,8061.0,-116.0,OnTrack,225.0,10787.0,99.0,0,8,5,913.485555555556,0.16915291503802232,,,pos,0 days 00:00:15.021000,15.021,4140.722,0.0
2024-03-01 16:55:36.495,0 days 01:09:00.822000,1915.7643603871975,8068.118711316389,-114.45246044780487,OnTrack,226.6,10858.2,99.0,0,8,5,921.3327432178887,0.170606002785126,,,interpolation,0 days 00:00:15.121000,15.121,4140.822,0.0
2024-03-01 16:55:36.595,0 days 01:09:00.922000,1959.7589500477038,8072.003424004326,-113.19941229529925,OnTrack,228.2,10929.4,99.0,0,8,6,928.065010560178,0.17185263732558234,,,interpolation,0 days 00:00:15.221000,15.221,4140.922,0.0
2024-03-01 16:55:36.695,0 days 01:09:01.022000,2014.1240646843582,8072.886424690099,-111.59665799514404,OnTrack,229.8,11000.6,99.0,0,8,6,933.8015553328732,0.17291489087151543,,,interpolation,0 days 00:00:15.321000,15.321,4141.022,0.0
2024-03-01 16:55:36.795,0 days 01:09:01.122000,2095.0,8071.0,-109.0,OnTrack,231.4,11071.8,99.0,0,8,6,939.2575603769311,0.17392519601761405,,,interpolation,0 days 00:00:15.421000,15.421,4141.122,0.0
2024-03-01 16:55:36.895,0 days 01:09:01.222000,2202.3867559946284,8066.344149934023,-105.40943830986717,OnTrack,233.0,11143.0,99.0,0,8,6,944.5522222222227,0.17490562474998408,,,interpolation,0 days 00:00:15.521000,15.521,4141.222,0.0
2024-03-01 16:55:36.995,0 days 01:09:01.322000,2304.0,8061.0,-102.0,OnTrack,235.0,11179.666666666666,99.0,0,8,6,949.6855408687478,0.17585617706862547,,,interpolation,0 days 00:00:15.621000,15.621,4141.322,0.0
2024-03-01 16:55:37.095,0 days 01:09:01.422000,2367.5553993478707,8057.048675705755,-99.94671214565292,OnTrack,237.0,11216.333333333334,99.0,0,8,6,954.770561923485,0.17679778597443396,,,interpolation,0 days 00:00:15.721000,15.721,4141.422,0.0
2024-03-01 16:55:37.195,0 days 01:09:01.522000,2399.2204568597886,8054.009674962671,-99.03750871147426,OnTrack,239.0,11253.0,99.0,0,8,6,960.485555555556,0.1778560488297241,,,interpolation,0 days 00:00:15.821000,15.821,4141.522,0.0
2024-03-01 16:55:37.295,0 days 01:09:01.622000,2436.0,8049.0,-98.0,OnTrack,241.0,11373.0,99.0,0,8,6,966.9435662143578,0.17905189842103875,,,interpolation,0 days 00:00:15.921000,15.921,4141.622,0.0
2024-03-01 16:55:37.395,0 days 01:09:01.722000,2484.0614684351476,8041.539153649439,-96.62212214742348,OnTrack,243.0,11493.0,99.0,0,8,6,973.985555555556,0.1803558851315959,,,interpolation,0 days 00:00:16.021000,16.021,4141.722,0.0
2024-03-01 16:55:37.495,0 days 01:09:01.822000,2543.4048621652328,8031.627135910991,-94.90387515374475,OnTrack,245.0,11397.0,99.0,0,14,6,981.4524852348151,0.18173855934461336,,,interpolation,0 days 00:00:16.121000,16.121,4141.822,1.0
2024-03-01 16:55:37.595,0 days 01:09:01.922000,2614.0301811902523,8019.263946784649,-92.84525901896376,OnTrack,247.0,11301.0,99.0,0,14,6,989.3443552521359,0.18319992106009125,,,interpolation,0 days 00:00:16.221000,16.221,4141.922,1.0
2024-03-01 16:55:37.695,0 days 01:09:02.022000,2695.9374255102093,8004.4495862704225,-90.44627374308055,OnTrack,249.0,11205.0,99.0,0,14,6,997.6611656075172,0.1847399702780295,,,interpolation,0 days 00:00:16.321000,16.321,4142.022,1.0
2024-03-01 16:55:37.795,0 days 01:09:02.122000,2789.1265951251025,7987.184054368306,-87.7069193260951,OnTrack,251.0,11109.0,99.0,0,14,6,1006.4029163009602,0.1863587069984281,,,interpolation,0 days 00:00:16.421000,16.421,4142.122,1.0
2024-03-01 16:55:37.895,0 days 01:09:02.222000,2891.050742848468,7967.978784534082,-84.70882314954667,OnTrack,253.0,11013.0,99.0,0,14,6,1014.869580234561,0.18792650506190692,,,interpolation,0 days 00:00:16.521000,16.521,4142.222,1.0
2024-03-01 16:55:37.995,0 days 01:09:02.322000,2986.428107319038,7949.902393213734,-81.94175201027267,OnTrack,255.0,10917.0,99.0,0,14,6,1022.3611303104163,0.18931373830908566,,,interpolation,0 days 00:00:16.621000,16.621,4142.322,1.0
2024-03-01 16:55:38.095,0 days 01:09:02.422000,3072.7117152694764,7933.466319100153,-79.48733412568099,OnTrack,257.0,10821.0,99.0,0,14,6,1028.8775665285257,0.19052040673996434,,,interpolation,0 days 00:00:16.721000,16.721,4142.422,1.0
2024-03-01 16:55:38.195,0 days 01:09:02.522000,3149.901566699783,7918.670562193338,-77.34556949577166,OnTrack,259.0,10725.0,99.0,0,14,6,1034.4188888888893,0.19154651035454298,,,interpolation,0 days 00:00:16.821000,16.821,4142.522,1.0
2024-03-01 16:55:38.295,0 days 01:09:02.622000,3217.9976616099575,7905.515122493285,-75.51645812054467,OnTrack,260.5,10755.0,99.0,0,14,6,1038.9850973915075,0.19239204915282151,,,interpolation,0 days 00:00:16.921000,16.921,4142.622,1.0
2024-03-01 16:55:38.395,0 days 01:09:02.722000,3277.0,7894.0,-74.0,OnTrack,262.0,10785.0,99.0,0,12,7,1046.0633333333337,0.19370274775730975,,,interpolation,0 days 00:00:17.021000,17.021,4142.722,1.0
2024-03-01 16:55:38.495,0 days 01:09:02.822000,3326.9085818699114,7884.125194713479,-72.79619513413769,OnTrack,266.0,10938.0,99.0,0,12,7,1057.885555555556,0.19589190481508062,,,interpolation,0 days 00:00:17.121000,17.121,4142.822,1.0
2024-03-01 16:55:38.595,0 days 01:09:02.922000,3370.118473611563,7875.413312141917,-71.86876060283907,OnTrack,267.0,11031.0,99.0,0,12,7,1066.9207078826532,0.19756497161361536,,,interpolation,0 days 00:00:17.221000,17.221,4142.922,1.0
2024-03-01 16:55:38.695,0 days 01:09:03.022000,3421.0,7865.0,-71.0,OnTrack,268.0,11124.0,99.0,0,12,7,1072.5657075501306,0.1986102734723423,,,interpolation,0 days 00:00:17.321000,17.321,4143.022,1.0
2024-03-01 16:55:38.795,0 days 01:09:03.122000,3481.948202901741,7852.407868684417,-70.15363077703702,OnTrack,269.0,11217.0,99.0,0,12,7,1078.7330555555561,0.19975230017087858,,,interpolation,0 days 00:00:17.421000,17.421,4143.122,1.0
2024-03-01 16:55:38.895,0 days 01:09:03.222000,3552.0,7838.0,-69.0,OnTrack,270.5,11224.5,99.0,0,12,7,1086.074832059863,0.20111179938759677,,,interpolation,0 days 00:00:17.521000,17.521,4143.222,1.0
2024-03-01 16:55:38.995,0 days 01:09:03.322000,3630.192308977993,7822.139475751591,-67.2094547349388,OnTrack,272.0,11232.0,99.0,0,12,7,1093.8441666666674,0.20255047084622482,,,interpolation,0 days 00:00:17.621000,17.621,4143.322,1.0
2024-03-01 16:55:39.095,0 days 01:09:03.422000,3712.525314313673,7805.597353244769,-65.03559181171285,OnTrack,273.3333333333333,11256.666666666666,99.0,0,12,7,1101.2941889795857,0.2039300142704906,,,interpolation,0 days 00:00:17.721000,17.721,4143.422,1.0
2024-03-01 16:55:39.195,0 days 01:09:03.522000,3775.0,7793.0,-64.0,OnTrack,274.6666666666667,11281.333333333334,99.0,0,12,7,1108.4331808158572,0.20525196322982966,,,interpolation,0 days 00:00:17.821000,17.821,4143.522,1.0
2024-03-01 16:55:39.295,0 days 01:09:03.622000,3819.0,7784.0,-64.0,OnTrack,276.0,11306.0,99.0,0,12,7,1115.310833333334,0.2065255191879666,,,interpolation,0 days 00:00:17.921000,17.921,4143.622,1.0
2024-03-01 16:55:39.395,0 days 01:09:03.722000,3876.8264223554424,7771.886431573734,-62.89790850776628,OnTrack,277.0,11360.5,99.0,0,12,7,1121.9354284340618,0.20775221573004082,,,interpolation,0 days 00:00:18.021000,18.021,4143.722,1.0
2024-03-01 16:55:39.495,0 days 01:09:03.822000,3954.0,7756.0,-61.0,OnTrack,278.0,11415.0,99.0,0,12,7,1130.8325000000007,0.20939971369158786,,,interpolation,0 days 00:00:18.121000,18.121,4143.822,1.0
2024-03-01 16:55:39.595,0 days 01:09:03.922000,4050.657920296724,7736.799903229434,-58.96883132821961,OnTrack,281.0,11524.0,99.0,0,12,7,1143.3213888888895,0.21171231945562397,,,interpolation,0 days 00:00:18.221000,18.221,4143.922,1.0
2024-03-01 16:55:39.695,0 days 01:09:04.022000,4151.0,7717.0,-57.0,OnTrack,282.0,11587.5,99.0,0,12,7,1152.1648999010226,0.21334989944555977,,,interpolation,0 days 00:00:18.321000,18.321,4144.022,1.0
2024-03-01 16:55:39.795,0 days 01:09:04.122000,4239.226055864211,7699.31414904966,-55.28910352291608,OnTrack,283.0,11651.0,99.0,0,12,7,1159.0436111111117,0.21462365144504666,,,interpolation,0 days 00:00:18.421000,18.421,4144.122,1.0
2024-03-01 16:55:39.895,0 days 01:09:04.222000,4318.632732628389,7683.155174161954,-53.764907126543875,OnTrack,284.0,11651.0,99.0,0,12,7,1166.8443059695699,0.21606812997741687,,,interpolation,0 days 00:00:18.521000,18.521,4144.222,1.0
2024-03-01 16:55:39.995,0 days 01:09:04.322000,4409.0,7665.0,-52.0,OnTrack,285.0,11651.0,99.0,0,12,7,1174.8769444444451,0.21755555821884695,,,interpolation,0 days 00:00:18.621000,18.621,4144.322,1.0
2024-03-01 16:55:40.095,0 days 01:09:04.422000,4513.624536475889,7644.261444334618,-49.92314664341269,OnTrack,285.75,11328.75,99.0,0,12,7,1182.4514865037866,0.21895815934551333,,,interpolation,0 days 00:00:18.721000,18.721,4144.422,1.0
2024-03-01 16:55:40.195,0 days 01:09:04.522000,4611.0,7625.0,-48.0,OnTrack,286.5,11006.5,99.0,0,12,7,1189.567932147594,0.22027593335741613,,,interpolation,0 days 00:00:18.821000,18.821,4144.522,1.0
2024-03-01 16:55:40.295,0 days 01:09:04.622000,4679.620048516277,7611.276159830334,-46.69621301297997,OnTrack,287.25,10684.25,99.0,0,12,7,1196.5388839398274,0.2215667658276993,,,interpolation,0 days 00:00:18.921000,18.921,4144.622,1.0
2024-03-01 16:55:40.395,0 days 01:09:04.722000,4719.48468202472,7603.0899238256225,-46.011785682352624,OnTrack,288.0,10362.0,99.0,0,12,7,1203.676944444445,0.22288854232950675,,,interpolation,0 days 00:00:19.021000,19.021,4144.722,1.0
2024-03-01 16:55:40.495,0 days 01:09:04.822000,4760.106974520803,7594.858725908098,-45.321465510548954,OnTrack,289.3333333333333,10383.666666666666,99.0,0,12,7,1210.9821136614478,0.22424126286283858,,,interpolation,0 days 00:00:19.121000,19.121,4144.822,1.0
2024-03-01 16:55:40.595,0 days 01:09:04.922000,4831.0,7581.0,-44.0,OnTrack,290.6666666666667,10405.333333333334,99.0,0,12,7,1218.4870889595554,0.2256309820994949,,,interpolation,0 days 00:00:19.221000,19.221,4144.922,1.0
2024-03-01 16:55:40.695,0 days 01:09:05.022000,4932.163758462311,7561.5137461013255,-42.047389150705754,OnTrack,292.0,10427.0,99.0,0,12,7,1226.388055555556,0.22709402825627706,,,interpolation,0 days 00:00:19.321000,19.321,4145.022,1.0
2024-03-01 16:55:40.795,0 days 01:09:05.122000,5038.0,7541.0,-40.0,OnTrack,292.6666666666667,10471.333333333334,99.0,0,12,7,1234.7177111529932,0.2286364560669854,,,interpolation,0 days 00:00:19.421000,19.421,4145.122,1.0
2024-03-01 16:55:40.895,0 days 01:09:05.222000,5122.910474705336,7524.058797483949,-38.39419958521655,OnTrack,293.3333333333333,10515.666666666666,99.0,0,12,8,1243.4603112022048,0.23025535006519024,,,interpolation,0 days 00:00:19.521000,19.521,4145.222,1.0
2024-03-01 16:55:40.995,0 days 01:09:05.322000,5198.0,7509.0,-37.0,OnTrack,294.0,10560.0,99.0,0,12,8,1252.5213888888895,0.23193321754187582,,,interpolation,0 days 00:00:19.621000,19.621,4145.322,1.0
2024-03-01 16:55:41.095,0 days 01:09:05.422000,5274.373393305676,7494.133468994976,-35.58741333799496,OnTrack,295.3333333333333,10594.0,99.0,0,12,8,1261.885199824609,0.2336671430604666,,,interpolation,0 days 00:00:19.721000,19.721,4145.422,1.0
2024-03-01 16:55:41.195,0 days 01:09:05.522000,5359.0,7478.0,-34.0,OnTrack,296.6666666666667,10628.0,99.0,0,12,8,1271.272773443211,0.2354054687877462,,,interpolation,0 days 00:00:19.821000,19.821,4145.522,1.0
2024-03-01 16:55:41.295,0 days 01:09:05.622000,5458.849165460617,7459.140388546192,-32.08132038681371,OnTrack,298.0,10662.0,99.0,0,12,8,1279.0102777777784,0.23683824613748267,,,interpolation,0 days 00:00:19.921000,19.921,4145.622,1.0
2024-03-01 16:55:41.395,0 days 01:09:05.722000,5569.89696787695,7438.305444056075,-29.91469007894483,OnTrack,298.3333333333333,10675.333333333334,99.0,0,12,8,1284.8187394054858,0.23791381674748063,,,interpolation,0 days 00:00:20.021000,20.021,4145.722,1.0
2024-03-01 16:55:41.495,0 days 01:09:05.822000,5668.0,7420.0,-28.0,OnTrack,298.6666666666667,10688.666666666666,99.0,0,12,8,1289.6198366468502,0.23880285061213097,,,interpolation,0 days 00:00:20.121000,20.121,4145.822,1.0
2024-03-01 16:55:41.595,0 days 01:09:05.922000,5749.134381223939,7404.974858112238,-26.420564877340787,OnTrack,299.0,10702.0,99.0,0,12,8,1298.9436111111117,0.24052936245481438,,,interpolation,0 days 00:00:20.221000,20.221,4145.922,1.0
2024-03-01 16:55:41.695,0 days 01:09:06.022000,5813.3001115487705,7393.230018392792,-25.176384710967206,OnTrack,301.0,10800.0,99.0,0,12,8,1312.3213888888895,0.24300656649387087,,,interpolation,0 days 00:00:20.321000,20.321,4146.022,1.0
2024-03-01 16:55:41.795,0 days 01:09:06.122000,5863.537787543586,7384.178385947155,-24.209244304448255,OnTrack,301.3333333333333,10838.333333333334,99.0,0,12,8,1321.4111559396097,0.24468974646786706,,,interpolation,0 days 00:00:20.421000,20.421,4146.122,1.0
2024-03-01 16:55:41.895,0 days 01:09:06.222000,5918.090895216149,7374.297409443787,-23.169854267562663,OnTrack,301.6666666666667,10876.666666666666,99.0,0,12,8,1325.9224819101137,0.2455251224997665,,,interpolation,0 days 00:00:20.521000,20.521,4146.222,1.0
2024-03-01 16:55:41.995,0 days 01:09:06.322000,5980.0,7363.0,-22.0,OnTrack,302.0,10915.0,99.0,0,12,8,1332.4547222222227,0.2467347174230821,,,interpolation,0 days 00:00:20.621000,20.621,4146.322,1.0
2024-03-01 16:55:42.095,0 days 01:09:06.422000,6049.265101895141,7350.286157615794,-20.699681501760267,OnTrack,302.0,10859.0,99.0,0,12,8,1342.1077638148,0.24852220066727493,,,interpolation,0 days 00:00:20.721000,20.721,4146.422,1.0
2024-03-01 16:55:42.195,0 days 01:09:06.522000,6125.886200901572,7336.155882291169,-19.26889877284345,OnTrack,302.0,10803.0,99.0,0,12,8,1352.588055555556,0.25046286835229337,,,interpolation,0 days 00:00:20.821000,20.821,4146.522,1.0
2024-03-01 16:55:42.295,0 days 01:09:06.622000,6208.939199457218,7320.8226658209605,-17.703666657504915,OnTrack,302.0,10804.0,99.0,0,12,8,1361.6020463122013,0.25213201659808593,,,interpolation,0 days 00:00:20.921000,20.921,4146.622,1.0
2024-03-01 16:55:42.395,0 days 01:09:06.722000,6297.5,7304.5,-16.0,OnTrack,302.0,10805.0,99.0,0,12,8,1369.365833333334,0.2535696607933028,,,pos,0 days 00:00:21.021000,21.021,4146.722,1.0
2024-03-01 16:55:42.495,0 days 01:09:06.822000,6391.568602529921,7287.18788482829,-14.157898800328717,OnTrack,302.0,10628.0,99.0,0,12,8,1376.0955138675517,0.25481581632659445,,,interpolation,0 days 00:00:21.121000,21.121,4146.822,1.0
2024-03-01 16:55:42.595,0 days 01:09:06.922000,6491.14500704698,7268.886320305829,-12.177363058491057,OnTrack,302.0,10451.0,99.0,0,12,8,1382.7880555555562,0.25605509474611027,,,interpolation,0 days 00:00:21.221000,21.221,4146.922,1.0
2024-03-01 16:55:42.695,0 days 01:09:07.022000,6583.773908040549,7252.016595630454,-10.358145787407869,OnTrack,288.5,10262.5,49.5,0,12,8,1390.4404260380484,0.25747210759999956,,,interpolation,0 days 00:00:21.321000,21.321,4147.022,1.0
2024-03-01 16:55:42.795,0 days 01:09:07.122000,6657.0,7239.0,-9.0,OnTrack,275.0,10074.0,0.0,0,12,8,1398.065833333334,0.2588841275980228,,,interpolation,0 days 00:00:21.421000,21.421,4147.122,1.0
2024-03-01 16:55:42.895,0 days 01:09:07.222000,6710.823282925334,7229.836533414467,-8.102925696267448,OnTrack,259.0,9850.0,0.0,1,8,8,1404.677485459721,0.26010842744994067,,,interpolation,0 days 00:00:21.521000,21.521,4147.222,0.0
2024-03-01 16:55:42.995,0 days 01:09:07.322000,6752.770291209959,7222.851858227897,-7.478923174525834,OnTrack,243.0,9626.0,0.0,1,8,8,1410.6513907899089,0.261214633776485,,,interpolation,0 days 00:00:21.621000,21.621,4147.322,0.0
2024-03-01 16:55:43.095,0 days 01:09:07.422000,6828.0,7208.0,-6.0,OnTrack,227.0,9402.0,0.0,1,8,8,1418.2436111111117,0.2626205084409851,,,interpolation,0 days 00:00:21.721000,21.721,4147.422,0.0
2024-03-01 16:55:43.195,0 days 01:09:07.522000,6944.038866617548,7183.606638229949,-3.4781583961126543,OnTrack,200.0,9424.0,0.0,1,8,8,1427.1325000000006,0.2642664911911887,,,interpolation,0 days 00:00:21.821000,21.821,4147.522,0.0
2024-03-01 16:55:43.295,0 days 01:09:07.622000,7057.0,7159.0,-1.0,OnTrack,193.33333333333334,9373.666666666666,0.0,1,8,8,1433.1320841461884,0.26537745254265344,,,interpolation,0 days 00:00:21.921000,21.921,4147.622,0.0
2024-03-01 16:55:43.395,0 days 01:09:07.722000,7122.996509084756,7143.508312392421,0.3478735512017571,OnTrack,186.66666666666666,9323.333333333334,0.0,1,8,8,1436.0738247487961,0.2659221836499935,,,interpolation,0 days 00:00:22.021000,22.021,4147.722,0.0
2024-03-01 16:55:43.495,0 days 01:09:07.822000,7142.028393871815,7137.131575407209,0.5654622574926182,OnTrack,180.0,9273.0,0.0,1,8,8,1439.1325000000006,0.2664885679039637,,,interpolation,0 days 00:00:22.121000,22.121,4147.822,0.0
2024-03-01 16:55:43.595,0 days 01:09:07.922000,7143.296081722964,7133.6890507183925,0.25031983503717026,OnTrack,173.25,9302.5,0.0,1,8,8,1442.8372423076469,0.2671745863713515,,,interpolation,0 days 00:00:22.221000,22.221,4147.922,0.0
2024-03-01 16:55:43.695,0 days 01:09:08.022000,7156.0,7127.0,0.0,OnTrack,166.5,9332.0,0.0,1,8,6,1447.1880516717347,0.2679802390521567,,,interpolation,0 days 00:00:22.321000,22.321,4148.022,0.0
2024-03-01 16:55:43.795,0 days 01:09:08.122000,7180.140148702918,7117.064423252032,-0.18549724761889244,OnTrack,159.75,9361.5,0.0,1,8,6,1451.7610851999557,0.2688270416613066,,,interpolation,0 days 00:00:22.421000,22.421,4148.122,0.0
2024-03-01 16:55:43.895,0 days 01:09:08.222000,7216.302177234206,7102.498581679069,-0.1548364265350637,OnTrack,153.0,9391.0,0.0,1,8,6,1456.1325000000006,0.2696365099137282,,,interpolation,0 days 00:00:22.521000,22.521,4148.222,0.0
2024-03-01 16:55:43.995,0 days 01:09:08.322000,7268.0,7075.0,1.0,OnTrack,150.5,9242.5,0.0,1,8,6,1460.3022960718697,0.27040864380942153,,,interpolation,0 days 00:00:22.621000,22.621,4148.322,0.0
2024-03-01 16:55:44.095,0 days 01:09:08.422000,7330.0,7037.0,3.0,OnTrack,148.0,9094.0,0.0,1,8,5,1464.3547222222228,0.27115904395766655,,,interpolation,0 days 00:00:22.721000,22.721,4148.422,0.0
2024-03-01 16:55:44.195,0 days 01:09:08.522000,7367.386364066377,7011.389147379479,3.263055975372569,OnTrack,145.0,8823.5,0.0,1,8,5,1468.3740272577215,0.27190331096774323,,,interpolation,0 days 00:00:22.821000,22.821,4148.522,0.0
2024-03-01 16:55:44.295,0 days 01:09:08.622000,7391.0,6990.0,3.0,OnTrack,142.0,8553.0,0.0,1,8,4,1472.2436111111117,0.27261985364847224,,,interpolation,0 days 00:00:22.921000,22.921,4148.622,0.0
2024-03-01 16:55:44.395,0 days 01:09:08.722000,7417.501147591263,6960.850001906409,3.8520176175155587,OnTrack,139.8,8469.4,0.0,1,8,4,1475.8468737151402,0.2732870808086743,,,interpolation,0 days 00:00:23.021000,23.021,4148.722,0.0
2024-03-01 16:55:44.495,0 days 01:09:08.822000,7445.649146880886,6924.798321990856,5.607856923304757,OnTrack,137.6,8385.8,0.0,1,8,4,1479.183815069807,0.27390499244834937,,,interpolation,0 days 00:00:23.121000,23.121,4148.822,0.0
2024-03-01 16:55:44.595,0 days 01:09:08.922000,7468.0,6887.0,7.0,OnTrack,135.4,8302.2,0.0,1,8,4,1482.3389774744314,0.2744892435237109,,,interpolation,0 days 00:00:23.221000,23.221,4148.922,0.0
2024-03-01 16:55:44.695,0 days 01:09:09.022000,7483.313034284905,6848.314213623932,7.817192779756221,OnTrack,133.2,8218.6,0.0,1,8,4,1485.819617322076,0.2751337642529616,,,interpolation,0 days 00:00:23.321000,23.321,4149.022,0.0
2024-03-01 16:55:44.795,0 days 01:09:09.122000,7491.5882497356,6808.740962862647,8.05943526257342,OnTrack,131.0,8135.0,0.0,1,8,4,1489.7102777777784,0.2758542097526224,,,interpolation,0 days 00:00:23.421000,23.421,4149.122,0.0
2024-03-01 16:55:44.895,0 days 01:09:09.222000,7495.569340318495,6771.547230670039,8.021960114103909,OnTrack,129.0,8024.0,1.0,0,8,4,1494.0109588415382,0.2766505800226935,,,interpolation,0 days 00:00:23.521000,23.521,4149.222,0.0
2024-03-01 16:55:44.995,0 days 01:09:09.322000,7498.0,6740.0,8.0,OnTrack,127.0,7913.0,2.0,0,8,4,1498.176944444445,0.27742200832219144,,,interpolation,0 days 00:00:23.621000,23.621,4149.322,0.0
2024-03-01 16:55:45.095,0 days 01:09:09.422000,7498.880228780117,6714.099270852528,7.9935549202616984,OnTrack,124.5,7940.0,9.0,0,8,4,1501.6635185175892,0.2780676279101329,,,interpolation,0 days 00:00:23.721000,23.721,4149.422,0.0
2024-03-01 16:55:45.195,0 days 01:09:09.522000,7498.210026658842,6693.845043227626,8.002624874889,OnTrack,122.0,7967.0,16.0,0,8,4,1504.954722222223,0.2786770701692217,,,interpolation,0 days 00:00:23.821000,23.821,4149.522,0.0
2024-03-01 16:55:45.295,0 days 01:09:09.622000,7496.18481120815,6673.91829398891,8.0103823920718,OnTrack,123.66666666666667,8080.666666666667,27.666666666666664,0,8,4,1508.5345967196,0.2793399664821616,,,interpolation,0 days 00:00:23.921000,23.921,4149.622,0.0
2024-03-01 16:55:45.395,0 days 01:09:09.722000,7493.0,6649.0,8.0,OnTrack,125.33333333333333,8194.333333333334,39.33333333333333,0,8,4,1512.3640282810898,0.2800490740401576,,,interpolation,0 days 00:00:24.021000,24.021,4149.722,0.0
2024-03-01 16:55:45.495,0 days 01:09:09.822000,7488.655593034402,6619.090161260898,7.971477698673597,OnTrack,127.0,8308.0,51.0,0,8,4,1516.2083333333342,0.28076093576794053,,,interpolation,0 days 00:00:24.121000,24.121,4149.822,0.0
2024-03-01 16:55:45.595,0 days 01:09:09.922000,7483.0,6587.0,8.0,OnTrack,129.5,8437.0,54.5,0,8,4,1520.0283977471759,0.2814683087825487,,,interpolation,0 days 00:00:24.221000,24.221,4149.922,0.0
2024-03-01 16:55:45.695,0 days 01:09:10.022000,7475.881630585449,6555.540738445705,8.160751415886622,OnTrack,132.0,8566.0,58.0,0,8,4,1523.5416666666674,0.2821188715368585,,,interpolation,0 days 00:00:24.321000,24.321,4150.022,0.0
2024-03-01 16:55:45.795,0 days 01:09:10.122000,7464.0,6519.0,8.0,OnTrack,133.0,8626.0,60.0,0,8,4,1526.4655852358615,0.2826603024837465,,,interpolation,0 days 00:00:24.421000,24.421,4150.122,0.0
2024-03-01 16:55:45.895,0 days 01:09:10.222000,7444.054623452905,6471.665408064875,7.064013806006667,OnTrack,134.0,8686.0,62.0,0,8,4,1529.497222222223,0.28322167997949493,,,interpolation,0 days 00:00:24.521000,24.521,4150.222,0.0
2024-03-01 16:55:45.995,0 days 01:09:10.322000,7417.4929911656045,6416.468676677617,5.478755810114349,OnTrack,137.33333333333334,8770.333333333334,62.333333333333336,0,8,4,1533.3336463932171,0.2839320823803861,,,interpolation,0 days 00:00:24.621000,24.621,4150.322,0.0
2024-03-01 16:55:46.095,0 days 01:09:10.422000,7393.0,6371.0,4.0,OnTrack,140.66666666666666,8854.666666666666,62.666666666666664,0,8,4,1537.854453552657,0.2847692140730475,,,interpolation,0 days 00:00:24.721000,24.721,4150.422,0.0
2024-03-01 16:55:46.195,0 days 01:09:10.522000,7372.023125355308,6338.191062048716,2.7537080620170764,OnTrack,144.0,8939.0,63.0,0,8,4,1542.3372222222229,0.2855993020621641,,,interpolation,0 days 00:00:24.821000,24.821,4150.522,0.0
2024-03-01 16:55:46.295,0 days 01:09:10.622000,7354.382620552994,6316.758266946769,1.7444893357161444,OnTrack,144.66666666666666,9258.666666666666,67.0,0,8,4,1546.6615494386597,0.2864000509626694,,,interpolation,0 days 00:00:24.921000,24.921,4150.622,0.0
2024-03-01 16:55:46.395,0 days 01:09:10.722000,7339.0,6299.0,1.0,OnTrack,145.33333333333334,9578.333333333334,71.0,0,8,4,1550.880781740751,0.2871813391163581,,,interpolation,0 days 00:00:25.021000,25.021,4150.722,0.0
2024-03-01 16:55:46.495,0 days 01:09:10.822000,7325.695515177183,6283.632652187331,0.5248494416190894,OnTrack,146.0,9898.0,75.0,0,8,4,1555.3150000000007,0.28800243687746147,,,interpolation,0 days 00:00:25.121000,25.121,4150.822,0.0
2024-03-01 16:55:46.595,0 days 01:09:10.922000,7314.469166084536,6270.656223508756,0.31903766057341204,OnTrack,155.5,9968.0,76.5,0,8,4,1560.0175513014638,0.28887322268892895,,,interpolation,0 days 00:00:25.221000,25.221,4150.922,0.0
2024-03-01 16:55:46.695,0 days 01:09:11.022000,7299.508233949622,6254.6016830758035,-0.046292950758971274,OnTrack,165.0,10038.0,78.0,0,8,4,1564.4816666666675,0.289699856588609,,,interpolation,0 days 00:00:25.321000,25.321,4151.022,0.0
2024-03-01 16:55:46.795,0 days 01:09:11.122000,7275.0,6230.0,-1.0,OnTrack,167.5,10485.0,88.5,0,8,4,1568.2005771171403,0.2903884986143498,,,pos,0 days 00:00:25.421000,25.421,4151.122,0.0
2024-03-01 16:55:46.895,0 days 01:09:11.222000,7240.944464235668,6196.851174281343,-2.5420834871496742,OnTrack,170.0,10932.0,99.0,0,8,4,1572.0372222222231,0.2910989419262821,,,interpolation,0 days 00:00:25.521000,25.521,4151.222,0.0
2024-03-01 16:55:46.995,0 days 01:09:11.322000,7201.0,6160.0,-4.0,OnTrack,172.66666666666666,11151.0,99.0,0,8,4,1576.854541551259,0.29199097968453636,,,interpolation,0 days 00:00:25.621000,25.621,4151.322,0.0
2024-03-01 16:55:47.095,0 days 01:09:11.422000,7158.824980636364,6124.291271236138,-4.701206126342984,OnTrack,175.33333333333334,11370.0,99.0,0,8,4,1582.4778946818383,0.2930322731878006,,,interpolation,0 days 00:00:25.721000,25.721,4151.422,0.0
2024-03-01 16:55:47.195,0 days 01:09:11.522000,7115.276822790824,6090.135972696928,-4.775314839755296,OnTrack,178.0,11589.0,99.0,0,8,4,1587.8594444444452,0.29402879122164455,,,interpolation,0 days 00:00:25.821000,25.821,4151.522,0.0
2024-03-01 16:55:47.295,0 days 01:09:11.622000,7075.5,6060.0,-5.0,OnTrack,182.25,11489.75,99.0,0,8,4,1592.824552204979,0.2949481954159029,,,interpolation,0 days 00:00:25.921000,25.921,4151.622,0.0
2024-03-01 16:55:47.395,0 days 01:09:11.722000,7040.351920130051,6034.294333644062,-5.504873253423712,OnTrack,186.5,11390.5,99.0,0,8,4,1597.3732179634403,0.2957904857705757,,,interpolation,0 days 00:00:26.021000,26.021,4151.722,0.0
2024-03-01 16:55:47.495,0 days 01:09:11.822000,7008.06125709904,6011.666320473393,-6.25046984142125,OnTrack,190.75,11291.25,99.0,0,8,4,1602.039996962404,0.2966546475153477,,,interpolation,0 days 00:00:26.121000,26.121,4151.822,0.0
2024-03-01 16:55:47.595,0 days 01:09:11.922000,6968.0,5984.0,-7.0,OnTrack,195.0,11192.0,99.0,0,8,4,1607.3594444444454,0.29763966587990387,,,pos,0 days 00:00:26.221000,26.221,4151.922,0.0
2024-03-01 16:55:47.695,0 days 01:09:12.022000,6918.396804612525,5949.942705216919,-7.713998566433585,OnTrack,198.66666666666666,11147.666666666666,99.0,0,8,5,1613.3315604095646,0.2987455408642441,,,interpolation,0 days 00:00:26.321000,26.321,4152.022,0.0
2024-03-01 16:55:47.795,0 days 01:09:12.122000,6859.744494955195,5909.643859665106,-8.38853209142196,OnTrack,202.33333333333334,11103.333333333334,99.0,0,8,5,1619.7826518691384,0.299940109206269,,,interpolation,0 days 00:00:26.421000,26.421,4152.122,0.0
2024-03-01 16:55:47.895,0 days 01:09:12.222000,6795.0,5864.0,-9.0,OnTrack,206.0,11059.0,99.0,0,8,5,1625.6705555555566,0.30103039034532336,,,interpolation,0 days 00:00:26.521000,26.521,4152.222,0.0
2024-03-01 16:55:47.995,0 days 01:09:12.322000,6724.656138719034,5813.160548232469,-9.544468883145987,OnTrack,208.33333333333334,11251.333333333334,99.0,0,8,5,1630.8215767015722,0.30198422068995434,,,interpolation,0 days 00:00:26.621000,26.621,4152.322,0.0
2024-03-01 16:55:48.095,0 days 01:09:12.422000,6663.0,5768.0,-10.0,OnTrack,210.66666666666666,11443.666666666666,99.0,0,8,5,1635.6050777734736,0.3028699962180716,,,interpolation,0 days 00:00:26.721000,26.721,4152.422,0.0
2024-03-01 16:55:48.195,0 days 01:09:12.522000,6624.318672730607,5739.392850940082,-10.344654609702133,OnTrack,213.0,11636.0,99.0,0,8,5,1642.2372222222232,0.30409809069601546,,,interpolation,0 days 00:00:26.821000,26.821,4152.522,0.0
2024-03-01 16:55:48.295,0 days 01:09:12.622000,6605.2921179609875,5725.023692251792,-10.611617675908345,OnTrack,217.5,11125.0,99.0,0,8,5,1651.0873687318576,0.3057368994013242,,,interpolation,0 days 00:00:26.921000,26.921,4152.622,0.0
2024-03-01 16:55:48.395,0 days 01:09:12.722000,6586.0,5711.0,-11.0,OnTrack,222.0,10614.0,99.0,0,8,5,1659.5038888888898,0.307295412188286,,,interpolation,0 days 00:00:27.021000,27.021,4152.722,0.0
2024-03-01 16:55:48.495,0 days 01:09:12.822000,6563.12224590041,5695.006341673878,-11.542986885448835,OnTrack,223.0,10639.0,99.0,0,8,5,1664.8351542798318,0.30828261891118897,,,interpolation,0 days 00:00:27.121000,27.121,4152.822,0.0
2024-03-01 16:55:48.595,0 days 01:09:12.922000,6536.6588556622155,5677.042717273423,-12.240578332254843,OnTrack,224.0,10664.0,99.0,0,8,5,1669.4594444444454,0.3091389128685141,,,interpolation,0 days 00:00:27.221000,27.221,4152.922,0.0
2024-03-01 16:55:48.695,0 days 01:09:13.022000,6489.116037592911,5639.307734236256,-13.06788061293343,OnTrack,227.0,10791.75,99.0,0,8,5,1675.7550389224914,0.31030468735874245,,,interpolation,0 days 00:00:27.321000,27.321,4153.022,0.0
2024-03-01 16:55:48.795,0 days 01:09:13.122000,6403.0,5564.0,-14.0,OnTrack,230.0,10919.5,99.0,0,8,5,1683.7219377139702,0.3117799423818741,,,interpolation,0 days 00:00:27.421000,27.421,4153.122,0.0
2024-03-01 16:55:48.895,0 days 01:09:13.222000,6290.0,5462.0,-15.0,OnTrack,233.0,11047.25,99.0,0,8,5,1691.7687009817976,0.31326998615442847,,,interpolation,0 days 00:00:27.521000,27.521,4153.222,0.0
2024-03-01 16:55:48.995,0 days 01:09:13.322000,6220.251939387243,5398.590981097996,-15.846260517513196,OnTrack,236.0,11175.0,99.0,0,8,5,1698.3038888888898,0.3144801268929249,,,interpolation,0 days 00:00:27.621000,27.621,4153.322,0.0
2024-03-01 16:55:49.095,0 days 01:09:13.422000,6205.445194976854,5384.653540146075,-16.501844680853416,OnTrack,237.0,11228.0,99.5,0,8,5,1703.3275014352466,0.3154103645973635,,,interpolation,0 days 00:00:27.721000,27.721,4153.422,0.0
2024-03-01 16:55:49.195,0 days 01:09:13.522000,6201.415853078037,5376.639329121116,-17.156506503766924,OnTrack,238.0,11281.0,100.0,0,8,6,1708.8816666666673,0.3164388463656672,,,interpolation,0 days 00:00:27.821000,27.821,4153.522,0.0
2024-03-01 16:55:49.295,0 days 01:09:13.622000,6164.0,5331.0,-18.0,OnTrack,240.5,11370.0,99.5,0,8,6,1717.0085126289523,0.31794371929575904,,,interpolation,0 days 00:00:27.921000,27.921,4153.622,0.0
2024-03-01 16:55:49.395,0 days 01:09:13.722000,6099.0,5254.0,-19.0,OnTrack,243.0,11459.0,99.0,0,8,6,1725.0816666666674,0.3194386499279134,,,interpolation,0 days 00:00:28.021000,28.021,4153.722,0.0
2024-03-01 16:55:49.495,0 days 01:09:13.822000,6041.229860373562,5183.225819981612,-19.962556479476863,OnTrack,243.5,11528.5,99.0,0,8,6,1730.474756124379,0.3204373048024044,,,interpolation,0 days 00:00:28.121000,28.121,4153.822,0.0
2024-03-01 16:55:49.595,0 days 01:09:13.922000,5996.491885962039,5124.941843014505,-20.855344599885985,OnTrack,244.0,11598.0,99.0,0,8,6,1735.9261111111118,0.3214467488831618,,,interpolation,0 days 00:00:28.221000,28.221,4153.922,0.0
2024-03-01 16:55:49.695,0 days 01:09:14.022000,5956.507968569498,5068.936944540144,-21.820460420352113,OnTrack,246.0,11038.0,99.0,0,8,6,1744.1740617358914,0.3229740471341152,,,interpolation,0 days 00:00:28.321000,28.321,4154.022,0.0
2024-03-01 16:55:49.795,0 days 01:09:14.122000,5913.0,5005.0,-23.0,OnTrack,248.0,10478.0,99.0,0,8,6,1752.4594444444451,0.3245082767985406,,,interpolation,0 days 00:00:28.421000,28.421,4154.122,0.0
2024-03-01 16:55:49.895,0 days 01:09:14.222000,5865.967980253551,4933.131009394075,-24.393963338829646,OnTrack,248.0,10371.5,99.0,0,8,6,1758.0230956824998,0.32553851511971416,,,interpolation,0 days 00:00:28.521000,28.521,4154.222,0.0
2024-03-01 16:55:49.995,0 days 01:09:14.322000,5817.3750507832265,4856.59699609767,-25.910665535664958,OnTrack,248.0,10265.0,99.0,0,8,6,1763.4816666666673,0.3265492954087931,,,interpolation,0 days 00:00:28.621000,28.621,4154.322,0.0
2024-03-01 16:55:50.095,0 days 01:09:14.422000,5779.0,4795.0,-27.0,OnTrack,249.5,10273.5,99.0,0,8,6,1771.4518086135588,0.32802515097693463,,,interpolation,0 days 00:00:28.721000,28.721,4154.422,0.0
2024-03-01 16:55:50.195,0 days 01:09:14.522000,5752.805949254485,4751.607011022222,-27.57028276950726,OnTrack,251.0,10282.0,99.0,0,8,6,1780.2150000000008,0.32964785793605156,,,interpolation,0 days 00:00:28.821000,28.821,4154.522,0.0
2024-03-01 16:55:50.295,0 days 01:09:14.622000,5738.792898546683,4726.418029164335,-27.62151384418673,OnTrack,249.25,10167.0,74.25,0,8,6,1788.0527193028213,0.33109919239805696,,,interpolation,0 days 00:00:28.921000,28.921,4154.622,0.0
2024-03-01 16:55:50.395,0 days 01:09:14.722000,5725.133398565539,4702.520032724282,-27.611987996772843,OnTrack,247.5,10052.0,49.5,0,8,7,1794.96496652202,0.3323791543629506,,,interpolation,0 days 00:00:29.021000,29.021,4154.722,0.0
2024-03-01 16:55:50.495,0 days 01:09:14.822000,5700.0,4663.0,-28.0,OnTrack,245.75,9937.0,24.75,0,8,7,1801.2800082579868,0.33354852996142514,,,interpolation,0 days 00:00:29.121000,29.121,4154.822,0.0
2024-03-01 16:55:50.595,0 days 01:09:14.922000,5663.392702850064,4607.857930991492,-28.785549853868208,OnTrack,244.0,9822.0,0.0,0,8,7,1807.326111111112,0.3346681053241727,,,interpolation,0 days 00:00:29.221000,29.221,4154.922,0.0
2024-03-01 16:55:50.695,0 days 01:09:15.022000,5616.227458122942,4539.79296269436,-29.907608531854166,OnTrack,240.5,10070.75,0.0,0,8,7,1813.1032750813947,0.33573788045119335,,,interpolation,0 days 00:00:29.321000,29.321,4155.022,0.0
2024-03-01 16:55:50.795,0 days 01:09:15.122000,5564.0,4475.0,-31.0,OnTrack,237.0,10319.5,0.0,1,8,7,1818.6115001688363,0.33675785534248726,,,interpolation,0 days 00:00:29.421000,29.421,4155.122,0.0
2024-03-01 16:55:50.895,0 days 01:09:15.222000,5507.626288867831,4416.178207543318,-32.00169460684199,OnTrack,233.5,10568.25,0.0,1,8,7,1824.2270307274155,0.3377977003161618,,,interpolation,0 days 00:00:29.521000,29.521,4155.222,0.0
2024-03-01 16:55:50.995,0 days 01:09:15.322000,5455.0,4367.0,-33.0,OnTrack,230.0,10817.0,0.0,1,8,7,1830.326111111112,0.33892708569032465,,,interpolation,0 days 00:00:29.621000,29.621,4155.322,0.0
2024-03-01 16:55:51.095,0 days 01:09:15.422000,5414.014808670073,4331.137792045727,-34.082223827093934,OnTrack,226.66666666666666,10732.666666666666,5.0,1,8,7,1836.9087413199254,0.3401460114649758,,,interpolation,0 days 00:00:29.721000,29.721,4155.422,0.0
2024-03-01 16:55:51.195,0 days 01:09:15.522000,5381.229845508374,4306.440312459262,-35.192985145414205,OnTrack,223.33333333333334,10648.333333333334,10.0,0,8,6,1843.792368138503,0.3414206737027253,,,interpolation,0 days 00:00:29.821000,29.821,4155.522,0.0
2024-03-01 16:55:51.295,0 days 01:09:15.622000,5336.0,4280.0,-36.0,OnTrack,220.0,10564.0,15.0,0,8,6,1849.8816666666676,0.3425482477407727,,,interpolation,0 days 00:00:29.921000,29.921,4155.622,0.0
2024-03-01 16:55:51.395,0 days 01:09:15.722000,5274.8844380096,4249.6656054756095,-36.447888015239684,OnTrack,219.0,10504.6,27.0,0,8,6,1854.994081819711,0.34349492929557407,,,interpolation,0 days 00:00:30.021000,30.021,4155.722,0.0
2024-03-01 16:55:51.495,0 days 01:09:15.822000,5206.0,4222.0,-37.0,OnTrack,218.0,10445.2,39.0,0,8,6,1859.129613597634,0.34426071836712935,,,interpolation,0 days 00:00:30.121000,30.121,4155.822,0.0
2024-03-01 16:55:51.595,0 days 01:09:15.922000,5137.463526434029,4203.566054687084,-38.119686763147676,OnTrack,217.0,10385.8,51.0,0,8,6,1862.7076417132012,0.3449232727799006,,,interpolation,0 days 00:00:30.221000,30.221,4155.922,0.0
2024-03-01 16:55:51.695,0 days 01:09:16.022000,5071.226735912799,4193.542311835299,-39.68897263797379,OnTrack,216.0,10326.4,62.99999999999999,0,8,6,1868.2444573263929,0.3459485418663174,,,interpolation,0 days 00:00:30.321000,30.321,4156.022,0.0
2024-03-01 16:55:51.795,0 days 01:09:16.122000,5019.0,4187.0,-41.0,OnTrack,215.0,10267.0,75.0,0,8,6,1876.1594444444454,0.34741418424606224,,,interpolation,0 days 00:00:30.421000,30.421,4156.122,0.0
2024-03-01 16:55:51.895,0 days 01:09:16.222000,4982.735057282447,4183.117653067855,-41.93479197444036,OnTrack,218.0,10485.0,99.0,0,8,6,1885.8483333333343,0.3492083054437842,,,interpolation,0 days 00:00:30.521000,30.521,4156.222,0.0
2024-03-01 16:55:51.995,0 days 01:09:16.322000,4953.866261696938,4181.858287144512,-42.6404968679412,OnTrack,219.25,10563.5,99.0,0,8,6,1893.6855241520166,0.3506595420447648,,,interpolation,0 days 00:00:30.621000,30.621,4156.322,0.0
2024-03-01 16:55:52.095,0 days 01:09:16.422000,4881.0,4183.0,-44.0,OnTrack,220.5,10642.0,99.0,0,8,6,1899.0667533541587,0.35165600071944686,,,interpolation,0 days 00:00:30.721000,30.721,4156.422,0.0
2024-03-01 16:55:52.195,0 days 01:09:16.522000,4769.0,4186.0,-46.0,OnTrack,221.75,10720.5,99.0,0,8,6,1903.3982864347781,0.3524580839518684,,,interpolation,0 days 00:00:30.821000,30.821,4156.522,0.0
2024-03-01 16:55:52.295,0 days 01:09:16.622000,4698.441566109487,4187.823453970793,-47.677812774059355,OnTrack,223.0,10799.0,99.0,0,8,6,1908.0863888888898,0.35332619422606715,,,interpolation,0 days 00:00:30.921000,30.921,4156.622,0.0
2024-03-01 16:55:52.395,0 days 01:09:16.722000,4656.0,4189.0,-49.0,OnTrack,225.5,10849.25,99.0,0,8,6,1913.131060716495,0.35426033154204317,,,interpolation,0 days 00:00:31.021000,31.021,4156.722,0.0
2024-03-01 16:55:52.495,0 days 01:09:16.822000,4614.921454698461,4190.565079114483,-50.09356988313518,OnTrack,228.0,10899.5,99.0,0,8,6,1918.5323019175926,0.35526049589979647,,,interpolation,0 days 00:00:31.121000,31.121,4156.822,0.0
2024-03-01 16:55:52.595,0 days 01:09:16.922000,4571.666648510917,4191.756373534506,-51.11464988737933,OnTrack,230.5,10949.75,99.0,0,8,6,1925.198989382117,0.35649498681365216,,,interpolation,0 days 00:00:31.221000,31.221,4156.922,0.0
2024-03-01 16:55:52.695,0 days 01:09:17.022000,4505.0,4188.0,-53.0,OnTrack,233.0,11000.0,99.0,0,8,6,1934.0400000000009,0.35813210379793514,,,interpolation,0 days 00:00:31.321000,31.321,4157.022,0.0
2024-03-01 16:55:52.795,0 days 01:09:17.122000,4411.382263713816,4178.533648537328,-55.905746086174574,OnTrack,234.0,11268.0,99.0,0,8,6,1944.440000000001,0.36005790361567347,,,interpolation,0 days 00:00:31.421000,31.421,4157.122,0.0
2024-03-01 16:55:52.895,0 days 01:09:17.222000,4315.0,4165.0,-59.0,OnTrack,235.0,11303.25,99.0,0,8,6,1952.7069678515386,0.3615887233446869,,,interpolation,0 days 00:00:31.521000,31.521,4157.222,0.0
2024-03-01 16:55:52.995,0 days 01:09:17.322000,4240.039769206188,4149.041735241532,-61.45087359557317,OnTrack,236.0,11338.5,99.0,0,8,6,1958.225563482321,0.36261061858121874,,,interpolation,0 days 00:00:31.621000,31.621,4157.322,0.0
2024-03-01 16:55:53.095,0 days 01:09:17.422000,4184.792087569817,4131.342034478748,-63.32253556142391,OnTrack,237.0,11373.75,99.0,0,8,6,1962.8013773719433,0.36345793603839555,,,interpolation,0 days 00:00:31.721000,31.721,4157.422,0.0
2024-03-01 16:55:53.195,0 days 01:09:17.522000,4139.0,4116.0,-65.0,OnTrack,238.0,11409.0,99.0,0,8,6,1968.240000000001,0.3644650224293437,,,interpolation,0 days 00:00:31.821000,31.821,4157.522,0.0
2024-03-01 16:55:53.295,0 days 01:09:17.622000,4100.954005228974,4103.698819017917,-66.54743625692197,OnTrack,239.25,11468.5,99.0,0,8,6,1974.5414313664946,0.36563187775406325,,,interpolation,0 days 00:00:31.921000,31.921,4157.622,0.0
2024-03-01 16:55:53.395,0 days 01:09:17.722000,4065.7540538553717,4091.1919229460564,-68.15904230329404,OnTrack,240.5,11528.0,99.0,0,8,6,1981.7056714714236,0.3669585020125542,,,interpolation,0 days 00:00:32.021000,32.021,4157.722,0.0
2024-03-01 16:55:53.495,0 days 01:09:17.822000,4004.0,4059.0,-71.0,OnTrack,241.75,11587.5,99.0,0,8,6,1988.8870758406413,0.36828830463037576,,,pos,0 days 00:00:32.121000,32.121,4157.822,0.0
2024-03-01 16:55:53.595,0 days 01:09:17.922000,3910.7918444377424,4003.876514837998,-75.26450532956702,OnTrack,243.0,11647.0,99.0,0,8,6,1995.240000000001,0.3694646950330873,,,interpolation,0 days 00:00:32.221000,32.221,4157.922,0.0
2024-03-01 16:55:53.695,0 days 01:09:18.022000,3809.0,3940.0,-80.0,OnTrack,244.0,11642.5,99.0,0,8,6,2000.7644439495025,0.3704876732206888,,,interpolation,0 days 00:00:32.321000,32.321,4158.022,0.0
2024-03-01 16:55:53.795,0 days 01:09:18.122000,3721.4948795181713,3881.548988025954,-84.25392571930387,OnTrack,245.0,11638.0,99.0,0,8,6,2006.12888888889,0.3714810239020868,,,interpolation,0 days 00:00:32.421000,32.421,4158.122,0.0
2024-03-01 16:55:53.895,0 days 01:09:18.222000,3648.2764829922576,3828.52347891586,-88.02628248747864,OnTrack,245.88888888888889,11503.888888888889,99.0,0,8,6,2012.001816017907,0.37256853178618793,,,interpolation,0 days 00:00:32.521000,32.521,4158.222,0.0
2024-03-01 16:55:53.995,0 days 01:09:18.322000,3589.344810422258,3780.9234726697196,-91.3170703045243,OnTrack,246.77777777777777,11369.777777777777,99.0,0,8,6,2018.383225336553,0.37375019687299194,,,interpolation,0 days 00:00:32.621000,32.621,4158.322,0.0
2024-03-01 16:55:54.095,0 days 01:09:18.422000,3544.699861808173,3738.7489692875315,-94.12628917044083,OnTrack,247.66666666666666,11235.666666666666,99.0,0,8,6,2025.2731168448292,0.3750260191624991,,,interpolation,0 days 00:00:32.721000,32.721,4158.422,0.0
2024-03-01 16:55:54.195,0 days 01:09:18.522000,3514.3416371500025,3701.9999687692953,-96.45393908522826,OnTrack,248.55555555555554,11101.555555555555,99.0,0,8,6,2032.6714905427348,0.3763959986547094,,,interpolation,0 days 00:00:32.821000,32.821,4158.522,0.0
2024-03-01 16:55:54.295,0 days 01:09:18.622000,3498.270136447746,3670.6764711150117,-98.30002004888658,OnTrack,249.44444444444446,10967.444444444445,99.0,0,8,6,2040.4980232569062,0.37784526166187027,,,interpolation,0 days 00:00:32.921000,32.921,4158.622,0.0
2024-03-01 16:55:54.395,0 days 01:09:18.722000,3486.5447392761707,3638.39872506545,-100.15721100982897,OnTrack,250.33333333333334,10833.333333333334,99.0,0,8,6,2048.2707784146783,0.37928456651438586,,,interpolation,0 days 00:00:33.021000,33.021,4158.722,0.0
2024-03-01 16:55:54.495,0 days 01:09:18.822000,3469.2248252100426,3598.7869793613795,-102.51819091646864,OnTrack,251.22222222222223,10699.222222222223,99.0,0,8,6,2055.9094336651924,0.38069903967680946,,,interpolation,0 days 00:00:33.121000,33.121,4158.822,0.0
2024-03-01 16:55:54.595,0 days 01:09:18.922000,3446.310394249361,3551.8412340027976,-105.38295976880555,OnTrack,252.11111111111111,10565.111111111111,99.0,0,8,6,2063.413989008448,0.382088681149141,,,interpolation,0 days 00:00:33.221000,33.221,4158.922,0.0
2024-03-01 16:55:54.695,0 days 01:09:19.022000,3417.8014463941277,3497.5614889897083,-108.7515175668398,OnTrack,253.0,10431.0,99.0,0,8,6,2070.784444444446,0.38345349093138065,,,interpolation,0 days 00:00:33.321000,33.321,4159.022,0.0
2024-03-01 16:55:54.795,0 days 01:09:19.122000,3383.69798164434,3435.9477443221085,-112.62386431057125,OnTrack,254.0,10455.0,99.0,0,8,6,2078.0207999731856,0.38479346902352835,,,interpolation,0 days 00:00:33.421000,33.421,4159.122,0.0
2024-03-01 16:55:54.895,0 days 01:09:19.222000,3344.0,3367.0,-117.0,OnTrack,255.0,10479.0,99.0,0,8,6,2084.9511111111124,0.38607677593951767,,,pos,0 days 00:00:33.521000,33.521,4159.222,0.0
2024-03-01 16:55:54.995,0 days 01:09:19.322000,3298.7075014611073,3290.7182560233814,-121.87992463512602,OnTrack,255.66666666666666,10508.666666666666,99.0,0,8,7,2091.4034333746727,0.3872715721932823,,,interpolation,0 days 00:00:33.621000,33.621,4159.322,0.0
2024-03-01 16:55:55.095,0 days 01:09:19.422000,3257.0,3221.0,-126.0,OnTrack,256.3333333333333,10538.333333333334,99.0,0,8,7,2097.6073107386296,0.3884203631448957,,,interpolation,0 days 00:00:33.721000,33.721,4159.422,0.0
2024-03-01 16:55:55.195,0 days 01:09:19.522000,3228.0570095890184,3171.7427195376004,-128.0965878786726,OnTrack,257.0,10568.0,99.0,0,8,7,2104.9400000000014,0.38977817964903816,,,interpolation,0 days 00:00:33.821000,33.821,4159.522,0.0
2024-03-01 16:55:55.295,0 days 01:09:19.622000,3199.0,3122.0,-130.0,OnTrack,257.0,10325.0,49.5,0,8,7,2113.6310427830335,0.3913875266305304,,,interpolation,0 days 00:00:33.921000,33.921,4159.622,0.0
2024-03-01 16:55:55.395,0 days 01:09:19.722000,3156.950441004783,3050.825426751016,-133.54054809283826,OnTrack,257.0,10082.0,0.0,0,8,7,2122.073333333335,0.3929508114000558,,,interpolation,0 days 00:00:34.021000,34.021,4159.722,0.0
2024-03-01 16:55:55.495,0 days 01:09:19.822000,3114.0,2979.0,-137.0,OnTrack,238.0,10053.5,0.0,0,8,7,2128.6597658965147,0.39417044126829776,,,interpolation,0 days 00:00:34.121000,34.121,4159.822,0.0
2024-03-01 16:55:55.595,0 days 01:09:19.922000,3082.240344382283,2927.3047199563034,-138.66012356429792,OnTrack,219.0,10025.0,0.0,1,8,7,2134.2400000000016,0.39520375028939697,,,interpolation,0 days 00:00:34.221000,34.221,4159.922,0.0
2024-03-01 16:55:55.695,0 days 01:09:20.022000,3049.0,2878.0,-140.0,OnTrack,207.5,10007.5,0.0,1,8,7,2139.6636951712253,0.3962080725174941,,,interpolation,0 days 00:00:34.321000,34.321,4160.022,0.0
2024-03-01 16:55:55.795,0 days 01:09:20.122000,3001.607492701518,2813.346253511165,-142.49871052137428,OnTrack,196.0,9990.0,0.0,1,8,7,2145.1288888888907,0.3972200791583965,,,interpolation,0 days 00:00:34.421000,34.421,4160.122,0.0
2024-03-01 16:55:55.895,0 days 01:09:20.222000,2957.0,2754.0,-145.0,OnTrack,181.0,10077.0,0.0,1,8,7,2150.8336186317038,0.3982764414179115,,,interpolation,0 days 00:00:34.521000,34.521,4160.222,0.0
2024-03-01 16:55:55.995,0 days 01:09:20.322000,2932.1146994086134,2720.6177589767112,-146.34761330745658,OnTrack,166.0,10164.0,0.0,1,8,7,2156.1955555555573,0.39926932768240003,,,interpolation,0 days 00:00:34.621000,34.621,4160.322,0.0
2024-03-01 16:55:56.095,0 days 01:09:20.422000,2926.9515909273578,2713.1995304412967,-146.54155044374403,OnTrack,159.0,10129.333333333334,0.0,1,8,7,2160.6323708163436,0.4000909063382232,,,interpolation,0 days 00:00:34.721000,34.721,4160.422,0.0
2024-03-01 16:55:56.195,0 days 01:09:20.522000,2921.0626869824227,2706.181536685234,-146.46471235815946,OnTrack,152.0,10094.666666666666,0.0,1,8,5,2164.226586019568,0.4007564581635387,,,interpolation,0 days 00:00:34.821000,34.821,4160.522,0.0
2024-03-01 16:55:56.295,0 days 01:09:20.622000,2894.0,2674.0,-147.0,OnTrack,145.0,10060.0,0.0,1,8,5,2167.473333333335,0.4013576682967209,,,pos,0 days 00:00:34.921000,34.921,4160.622,0.0
2024-03-01 16:55:56.395,0 days 01:09:20.722000,2851.0,2623.0,-148.0,OnTrack,141.5,9803.5,0.0,1,8,5,2170.4551352081753,0.40190981767240347,,,interpolation,0 days 00:00:35.021000,35.021,4160.722,0.0
2024-03-01 16:55:56.495,0 days 01:09:20.822000,2823.4813462380835,2591.251819451501,-148.58023667108878,OnTrack,138.0,9547.0,0.0,1,8,4,2173.6066666666684,0.40249339639436144,,,interpolation,0 days 00:00:35.121000,35.121,4160.822,0.0
2024-03-01 16:55:56.595,0 days 01:09:20.922000,2805.0,2572.0,-149.0,OnTrack,131.33333333333334,9069.333333333334,0.0,1,8,4,2177.3626027313967,0.4031888945663701,,,interpolation,0 days 00:00:35.221000,35.221,4160.922,0.0
2024-03-01 16:55:56.695,0 days 01:09:21.022000,2783.875506172768,2552.144068649871,-149.66599183322782,OnTrack,124.66666666666667,8591.666666666666,0.0,1,8,4,2181.5806071373095,0.4039699553467669,,,interpolation,0 days 00:00:35.321000,35.321,4161.022,0.0
2024-03-01 16:55:56.795,0 days 01:09:21.122000,2759.9193001404374,2531.948485164496,-150.49636066776077,OnTrack,118.0,8114.0,0.0,1,8,4,2185.4066666666686,0.4046784384952568,,,interpolation,0 days 00:00:35.421000,35.421,4161.122,0.0
2024-03-01 16:55:56.895,0 days 01:09:21.222000,2732.0,2513.0,-151.0,OnTrack,115.0,7903.8,0.0,1,8,4,2188.6984465119394,0.40528798744007005,,,interpolation,0 days 00:00:35.521000,35.521,4161.222,0.0
2024-03-01 16:55:56.995,0 days 01:09:21.322000,2699.9290430663987,2495.563070211712,-151.09505916508917,OnTrack,112.0,7693.6,0.0,1,8,3,2191.4559466731234,0.40579860218120667,,,interpolation,0 days 00:00:35.621000,35.621,4161.322,0.0
2024-03-01 16:55:57.095,0 days 01:09:21.422000,2664.6695195167513,2479.946152884121,-150.886044806998,OnTrack,109.0,7483.4,0.0,1,8,3,2193.7380788516575,0.40622119157865627,,,interpolation,0 days 00:00:35.721000,35.721,4161.422,0.0
2024-03-01 16:55:57.195,0 days 01:09:21.522000,2632.0,2468.0,-151.0,OnTrack,106.0,7273.2,0.0,1,8,3,2195.898311446407,0.4066212084572371,,,interpolation,0 days 00:00:35.821000,35.821,4161.522,0.0
2024-03-01 16:55:57.295,0 days 01:09:21.622000,2602.8835845553567,2460.033071802456,-151.54143245821837,OnTrack,103.0,7063.0,0.0,1,8,3,2197.9955555555575,0.40700956156523277,,,interpolation,0 days 00:00:35.921000,35.921,4161.622,0.0
2024-03-01 16:55:57.395,0 days 01:09:21.722000,2576.841375339033,2455.93015795745,-152.40959415217836,OnTrack,99.66666666666667,6844.666666666667,0.0,1,8,3,2200.029811179108,0.407386250902643,,,interpolation,0 days 00:00:36.021000,36.021,4161.722,0.0
2024-03-01 16:55:57.495,0 days 01:09:21.822000,2551.0,2455.0,-153.0,OnTrack,96.33333333333333,6626.333333333333,0.0,1,8,3,2202.147693475224,0.4077784256468595,,,interpolation,0 days 00:00:36.121000,36.121,4161.822,0.0
2024-03-01 16:55:57.595,0 days 01:09:21.922000,2524.8805655983583,2457.1273887758157,-153.21190300386309,OnTrack,93.0,6408.0,0.0,1,8,3,2205.228888888891,0.408348980028211,,,interpolation,0 days 00:00:36.221000,36.221,4161.922,0.0
2024-03-01 16:55:57.695,0 days 01:09:22.022000,2498.9489016988205,2462.250679325619,-153.10083625424588,OnTrack,88.0,6067.0,0.0,1,8,3,2209.140000000002,0.4090732124383006,,,interpolation,0 days 00:00:36.321000,36.321,4162.022,0.0
2024-03-01 16:55:57.795,0 days 01:09:22.122000,2476.0,2470.0,-153.0,OnTrack,86.25,6010.0,0.0,1,8,3,2212.2009689488227,0.4096400214232756,,,interpolation,0 days 00:00:36.421000,36.421,4162.122,0.0
2024-03-01 16:55:57.895,0 days 01:09:22.222000,2456.4996948367293,2480.313705208434,-152.96492790026554,OnTrack,84.5,5953.0,0.0,1,8,3,2214.13178752571,0.40999755700630014,,,interpolation,0 days 00:00:36.521000,36.521,4162.222,0.0
2024-03-01 16:55:57.995,0 days 01:09:22.322000,2440.1318880059703,2493.1213203517614,-152.98538923519607,OnTrack,82.75,5896.0,0.0,1,8,3,2215.591712339744,0.4102678957506058,,,interpolation,0 days 00:00:36.621000,36.621,4162.322,0.0
2024-03-01 16:55:58.095,0 days 01:09:22.422000,2425.0,2508.0,-153.0,OnTrack,81.0,5839.0,0.0,1,8,3,2217.240000000002,0.41057311421942366,,,interpolation,0 days 00:00:36.721000,36.721,4162.422,0.0
2024-03-01 16:55:58.195,0 days 01:09:22.522000,2410.787935852611,2524.8792702756473,-152.99852957959314,OnTrack,80.0,5860.0,5.5,1,8,3,2219.0766505064853,0.4109132124127539,,,interpolation,0 days 00:00:36.821000,36.821,4162.522,0.0
2024-03-01 16:55:58.295,0 days 01:09:22.622000,2397.0,2544.0,-153.0,OnTrack,79.0,5881.0,11.0,0,8,3,2221.101663859193,0.4112881903305965,,,interpolation,0 days 00:00:36.921000,36.921,4162.622,0.0
2024-03-01 16:55:58.395,0 days 01:09:22.722000,2383.1404968783636,2565.6030579943554,-153.0234332872453,OnTrack,78.0,5902.0,16.5,0,8,3,2223.334734171194,0.4117016947921204,,,interpolation,0 days 00:00:37.021000,37.021,4162.722,0.0
2024-03-01 16:55:58.495,0 days 01:09:22.822000,2369.408671493386,2589.3266500721884,-153.05369744161848,OnTrack,77.0,5923.0,22.0,0,8,3,2225.7955555555577,0.4121573726164947,,,interpolation,0 days 00:00:37.121000,37.121,4162.822,0.0
2024-03-01 16:55:58.595,0 days 01:09:22.922000,2357.0,2613.0,-153.0,OnTrack,79.0,6111.0,26.5,0,8,3,2228.484128012283,0.41265522380371955,,,interpolation,0 days 00:00:37.221000,37.221,4162.922,0.0
2024-03-01 16:55:58.695,0 days 01:09:23.022000,2346.1137294441687,2636.261309886475,-152.847208807727,OnTrack,81.0,6299.0,31.0,0,8,3,2231.195555555558,0.4131573071372434,,,interpolation,0 days 00:00:37.321000,37.321,4163.022,0.0
2024-03-01 16:55:58.795,0 days 01:09:23.122000,2336.7498598258917,2659.1105797316122,-152.59532386479935,OnTrack,83.0,6398.5,33.75,0,8,3,2233.72494219957,0.41362568140051537,,,interpolation,0 days 00:00:37.421000,37.421,4163.122,0.0
2024-03-01 16:55:58.895,0 days 01:09:23.222000,2328.7610602946693,2680.1545597109434,-152.29577698947205,OnTrack,85.0,6498.0,36.5,0,8,3,2236.0722879443188,0.41406034659353513,,,interpolation,0 days 00:00:37.521000,37.521,4163.222,0.0
2024-03-01 16:55:58.995,0 days 01:09:23.322000,2322.0,2698.0,-152.0,OnTrack,87.0,6597.5,39.25,0,8,3,2238.447309161354,0.41450013653842854,,,interpolation,0 days 00:00:37.621000,37.621,4163.322,0.0
2024-03-01 16:55:59.095,0 days 01:09:23.422000,2316.466678941884,2712.646900598782,-151.70799289638322,OnTrack,89.0,6697.0,42.0,0,8,3,2241.0597222222245,0.414983885057321,,,interpolation,0 days 00:00:37.721000,37.721,4163.422,0.0
2024-03-01 16:55:59.195,0 days 01:09:23.522000,2311.818512113712,2726.6124831298744,-151.40472358878839,OnTrack,91.0,7065.333333333333,45.666666666666664,0,8,3,2243.909527126931,0.4155115921502127,,,interpolation,0 days 00:00:37.821000,37.821,4163.522,0.0
2024-03-01 16:55:59.295,0 days 01:09:23.622000,2306.0,2755.0,-151.0,OnTrack,93.0,7433.666666666667,49.333333333333336,0,8,3,2246.9088616964277,0.41606698810860426,,,interpolation,0 days 00:00:37.921000,37.921,4163.622,0.0
2024-03-01 16:55:59.395,0 days 01:09:23.722000,2298.6685611021912,2800.3266470555272,-150.4787901941126,OnTrack,95.0,7802.0,53.0,0,8,3,2249.530555555558,0.4165524551813041,,,interpolation,0 days 00:00:38.021000,38.021,4163.722,0.0
2024-03-01 16:55:59.495,0 days 01:09:23.822000,2292.0,2845.0,-150.0,OnTrack,98.0,7872.0,53.0,0,8,3,2251.6867474249793,0.41695172382641377,,,interpolation,0 days 00:00:38.121000,38.121,4163.822,0.0
2024-03-01 16:55:59.595,0 days 01:09:23.922000,2288.1701212731436,2871.4276345369644,-149.72253524653615,OnTrack,101.0,7942.0,53.0,0,8,3,2254.0194444444464,0.4173836764701569,,,interpolation,0 days 00:00:38.221000,38.221,4163.922,0.0
2024-03-01 16:55:59.695,0 days 01:09:24.022000,2287.1789249216217,2879.6095506664187,-149.646395933721,OnTrack,106.33333333333333,8301.0,59.333333333333336,0,8,3,2257.170653753714,0.4179671955387571,,,interpolation,0 days 00:00:38.321000,38.321,4164.022,0.0
2024-03-01 16:55:59.795,0 days 01:09:24.122000,2287.8482661092885,2886.4866914626637,-149.49705865404533,OnTrack,111.66666666666667,8660.0,65.66666666666667,0,8,3,2260.9726909476785,0.4186712303979082,,,interpolation,0 days 00:00:38.421000,38.421,4164.122,0.0
2024-03-01 16:55:59.895,0 days 01:09:24.222000,2289.0,2909.0,-149.0,OnTrack,117.0,9019.0,72.0,0,8,3,2264.4194444444465,0.4193094762878952,,,interpolation,0 days 00:00:38.521000,38.521,4164.222,0.0
2024-03-01 16:55:59.995,0 days 01:09:24.322000,2290.634126593755,2947.149476278426,-148.15521997158493,OnTrack,120.33333333333333,9273.333333333334,76.33333333333333,0,8,3,2267.3432281218193,0.41985088225645195,,,interpolation,0 days 00:00:38.621000,38.621,4164.322,0.0
2024-03-01 16:56:00.095,0 days 01:09:24.422000,2292.711806257527,2997.7843608238436,-147.0268854840379,OnTrack,123.66666666666667,9527.666666666666,80.66666666666667,0,8,3,2269.8845119140133,0.42032145955105094,,,interpolation,0 days 00:00:38.721000,38.721,4164.422,0.0
2024-03-01 16:56:00.195,0 days 01:09:24.522000,2295.0,3042.0,-146.0,OnTrack,127.0,9782.0,85.0,0,8,3,2272.886111111113,0.4208772748574642,,,interpolation,0 days 00:00:38.821000,38.821,4164.522,0.0
2024-03-01 16:56:00.295,0 days 01:09:24.622000,2297.4598677904273,3076.6456020688524,-145.13873109178155,OnTrack,132.5,10029.0,88.5,0,8,3,2276.488494208932,0.42154433915681055,,,interpolation,0 days 00:00:38.921000,38.921,4164.622,0.0
2024-03-01 16:56:00.395,0 days 01:09:24.722000,2300.091409628808,3101.721167030401,-144.44307875938247,OnTrack,138.0,10276.0,92.0,0,8,3,2280.69166120747,0.4223226524490902,,,interpolation,0 days 00:00:39.021000,39.021,4164.722,0.0
2024-03-01 16:56:00.495,0 days 01:09:24.822000,2303.427246652785,3125.686148476749,-143.7758870472922,OnTrack,143.5,10523.0,95.5,0,8,3,2285.1309420467182,0.4231446876636203,,,interpolation,0 days 00:00:39.121000,39.121,4164.822,0.0
2024-03-01 16:56:00.595,0 days 01:09:24.922000,2308.0,3157.0,-143.0,OnTrack,149.0,10770.0,99.0,0,8,3,2289.441666666669,0.4239429177297185,,,interpolation,0 days 00:00:39.221000,39.221,4164.922,0.0
2024-03-01 16:56:00.695,0 days 01:09:25.022000,2313.8096696704524,3195.6627216001516,-142.1154176175059,OnTrack,153.75,10914.75,99.0,0,8,3,2293.623835067322,0.4247173426473846,,,interpolation,0 days 00:00:39.321000,39.321,4165.022,0.0
2024-03-01 16:56:00.795,0 days 01:09:25.122000,2321.0,3241.0,-141.0,OnTrack,158.5,11059.5,99.0,0,8,3,2297.6774472486777,0.42546796241661883,,,interpolation,0 days 00:00:39.421000,39.421,4165.122,0.0
2024-03-01 16:56:00.895,0 days 01:09:25.222000,2329.714735324499,3292.337521922339,-139.53160724767253,OnTrack,163.25,11204.25,99.0,0,8,3,2302.2798358056953,0.4263202007862598,,,interpolation,0 days 00:00:39.521000,39.521,4165.222,0.0
2024-03-01 16:56:00.995,0 days 01:09:25.322000,2339.7630504416743,3348.5626950879227,-137.76180661003323,OnTrack,168.0,11349.0,99.0,0,8,3,2308.108333333336,0.42739948150514623,,,interpolation,0 days 00:00:39.621000,39.621,4165.322,0.0
2024-03-01 16:56:01.095,0 days 01:09:25.422000,2350.0,3403.0,-136.0,OnTrack,174.5,11187.5,99.0,0,8,3,2315.1629398315995,0.42870580457327806,,,interpolation,0 days 00:00:39.721000,39.721,4165.422,0.0
2024-03-01 16:56:01.195,0 days 01:09:25.522000,2360.234760751242,3454.5368557722104,-134.29775413903667,OnTrack,181.0,11026.0,99.0,0,8,3,2322.1861111111134,0.4300063066857812,,,interpolation,0 days 00:00:39.821000,39.821,4165.522,0.0
2024-03-01 16:56:01.295,0 days 01:09:25.622000,2370.4673326953994,3503.1732624045553,-132.6550690271432,OnTrack,183.66666666666666,10886.0,99.33333333333333,0,8,3,2327.920302982506,0.43106812453778165,,,interpolation,0 days 00:00:39.921000,39.921,4165.622,0.0
2024-03-01 16:56:01.395,0 days 01:09:25.722000,2379.4662382918564,3543.2230378346217,-131.1848494016781,OnTrack,186.33333333333334,10746.0,99.66666666666667,0,8,4,2332.5171107739066,0.43191932949997947,,,interpolation,0 days 00:00:40.021000,40.021,4165.722,0.0
2024-03-01 16:56:01.495,0 days 01:09:25.822000,2386.0,3569.0,-130.0,OnTrack,189.0,10606.0,100.0,0,8,4,2336.8861111111137,0.43272835065893056,,,interpolation,0 days 00:00:40.121000,40.121,4165.822,0.0
2024-03-01 16:56:01.595,0 days 01:09:25.922000,2391.0,3586.0,-129.0,OnTrack,192.0,10653.5,99.5,0,8,4,2341.178900874602,0.43352325967278765,,,interpolation,0 days 00:00:40.221000,40.221,4165.922,0.0
2024-03-01 16:56:01.695,0 days 01:09:26.022000,2400.054502760916,3627.197975598519,-127.58172755701426,OnTrack,195.0,10701.0,99.0,0,8,4,2345.5527777777806,0.43433318384037917,,,interpolation,0 days 00:00:40.321000,40.321,4166.022,0.0
2024-03-01 16:56:01.795,0 days 01:09:26.122000,2411.0,3680.0,-126.0,OnTrack,196.33333333333334,10870.666666666666,99.0,0,8,4,2350.165039534064,0.4351872504605341,,,interpolation,0 days 00:00:40.421000,40.421,4166.122,0.0
2024-03-01 16:56:01.895,0 days 01:09:26.222000,2420.741610791637,3726.3163515868036,-124.61015445069515,OnTrack,197.66666666666666,11040.333333333334,99.0,0,8,4,2355.118557377874,0.43610450851445465,,,interpolation,0 days 00:00:40.521000,40.521,4166.222,0.0
2024-03-01 16:56:01.995,0 days 01:09:26.322000,2432.0,3779.0,-123.0,OnTrack,199.0,11210.0,99.0,0,8,4,2361.0305555555583,0.43719925130417125,,,interpolation,0 days 00:00:40.621000,40.621,4166.322,0.0
2024-03-01 16:56:02.095,0 days 01:09:26.422000,2447.4958324892636,3850.9039148806596,-120.7573457388149,OnTrack,204.5,11377.5,99.0,0,8,5,2368.003904248144,0.43849052761582574,,,interpolation,0 days 00:00:40.721000,40.721,4166.422,0.0
2024-03-01 16:56:02.195,0 days 01:09:26.522000,2466.095790245439,3936.8755737477477,-118.06279919639204,OnTrack,210.0,11545.0,99.0,0,8,5,2375.030555555558,0.4397916741357419,,,interpolation,0 days 00:00:40.821000,40.821,4166.522,0.0
2024-03-01 16:56:02.295,0 days 01:09:26.622000,2481.0,4006.0,-116.0,OnTrack,212.0,11210.666666666666,99.0,0,8,5,2381.102461577727,0.4409160275502434,,,interpolation,0 days 00:00:40.921000,40.921,4166.622,0.0
2024-03-01 16:56:02.395,0 days 01:09:26.722000,2491.075155344075,4053.124723917941,-114.74955382947935,OnTrack,214.0,10876.333333333334,99.0,0,8,5,2386.380568186312,0.4418933906987834,,,interpolation,0 days 00:00:41.021000,41.021,4166.722,0.0
2024-03-01 16:56:02.495,0 days 01:09:26.822000,2499.0,4089.0,-114.0,OnTrack,216.0,10542.0,99.0,0,8,5,2391.830555555558,0.4429025815336268,,,interpolation,0 days 00:00:41.121000,41.121,4166.822,0.0
2024-03-01 16:56:02.595,0 days 01:09:26.922000,2507.4532776901124,4124.376082744608,-113.43987782673184,OnTrack,219.33333333333334,10597.666666666666,99.0,0,8,5,2397.6133712052215,0.4439734031994091,,,interpolation,0 days 00:00:41.221000,41.221,4166.922,0.0
2024-03-01 16:56:02.695,0 days 01:09:27.022000,2516.996638478095,4162.18288790412,-112.97052892989338,OnTrack,222.66666666666666,10653.333333333334,99.0,0,8,5,2403.6435532866526,0.4450900304641542,,,interpolation,0 days 00:00:41.321000,41.321,4167.022,0.0
2024-03-01 16:56:02.795,0 days 01:09:27.122000,2531.0,4220.0,-112.0,OnTrack,226.0,10709.0,99.0,0,8,5,2409.408333333336,0.44615751242215457,,,pos,0 days 00:00:41.421000,41.421,4167.122,0.0
2024-03-01 16:56:02.895,0 days 01:09:27.222000,2550.0250180708363,4300.757364787098,-110.42963164700322,OnTrack,228.0,10790.5,99.0,0,8,6,2414.8222503717475,0.44716002400348376,,,interpolation,0 days 00:00:41.521000,41.521,4167.222,0.0
2024-03-01 16:56:02.995,0 days 01:09:27.322000,2572.722796546465,4398.666867793721,-108.42727148029877,OnTrack,230.0,10872.0,99.0,0,8,6,2422.186111111114,0.44852361262557233,,,interpolation,0 days 00:00:41.621000,41.621,4167.322,0.0
2024-03-01 16:56:03.095,0 days 01:09:27.422000,2591.0,4479.0,-107.0,OnTrack,235.0,11012.0,99.0,0,8,6,2432.630555555558,0.4504576423570616,,,interpolation,0 days 00:00:41.721000,41.721,4167.422,0.0
2024-03-01 16:56:03.195,0 days 01:09:27.522000,2603.507746099929,4535.968706204234,-106.31566309675198,OnTrack,236.0,11097.333333333334,99.0,0,8,6,2439.134619421856,0.4516620197617033,,,interpolation,0 days 00:00:41.821000,41.821,4167.522,0.0
2024-03-01 16:56:03.295,0 days 01:09:27.622000,2613.0,4581.0,-106.0,OnTrack,237.0,11182.666666666666,99.0,0,8,6,2441.8266058605354,0.4521605031264113,,,interpolation,0 days 00:00:41.921000,41.921,4167.622,0.0
2024-03-01 16:56:03.395,0 days 01:09:27.722000,2622.230726853961,4625.520894980875,-105.67874993918943,OnTrack,238.0,11268.0,99.0,0,8,6,2448.497222222225,0.45339572156617514,,,interpolation,0 days 00:00:42.021000,42.021,4167.722,0.0
2024-03-01 16:56:03.495,0 days 01:09:27.822000,2631.4324148211886,4670.750110487175,-105.34974748555686,OnTrack,242.0,11409.0,99.0,0,8,6,2459.2527777777805,0.45538736069392155,,,interpolation,0 days 00:00:42.121000,42.121,4167.822,0.0
2024-03-01 16:56:03.595,0 days 01:09:27.922000,2642.0,4724.0,-105.0,OnTrack,243.5,11500.0,99.0,0,8,6,2466.9404973123155,0.4568109192399245,,,interpolation,0 days 00:00:42.221000,42.221,4167.922,0.0
2024-03-01 16:56:03.695,0 days 01:09:28.022000,2654.165972930464,4786.489295339416,-104.62734203158135,OnTrack,245.0,11591.0,99.0,0,8,6,2472.863888888892,0.45790777178017095,,,interpolation,0 days 00:00:42.321000,42.321,4168.022,0.0
2024-03-01 16:56:03.795,0 days 01:09:28.122000,2667.5644343584972,4856.419534422469,-104.25251869042633,OnTrack,246.5,11626.0,99.0,0,8,6,2479.5185836693586,0.4591400419720293,,,interpolation,0 days 00:00:42.421000,42.421,4168.122,0.0
2024-03-01 16:56:03.895,0 days 01:09:28.222000,2680.0,4923.0,-104.0,OnTrack,248.0,11661.0,99.0,0,8,6,2486.641666666669,0.4604590450429865,,,interpolation,0 days 00:00:42.521000,42.521,4168.222,0.0
2024-03-01 16:56:03.995,0 days 01:09:28.322000,2691.106774347679,4984.432248405211,-103.89053085799894,OnTrack,249.0,11287.666666666666,99.0,0,8,6,2493.9702228937795,0.46181609622053016,,,interpolation,0 days 00:00:42.621000,42.621,4168.322,0.0
2024-03-01 16:56:04.095,0 days 01:09:28.422000,2703.0,5057.0,-104.0,OnTrack,250.0,10914.333333333334,99.0,0,8,6,2501.4719214337083,0.4632052086898496,,,interpolation,0 days 00:00:42.721000,42.721,4168.422,0.0
2024-03-01 16:56:04.195,0 days 01:09:28.522000,2717.794919555428,5156.986975146265,-104.40429616158002,OnTrack,251.0,10541.0,99.0,0,8,6,2508.9527777777803,0.46459046174599766,,,interpolation,0 days 00:00:42.821000,42.821,4168.522,0.0
2024-03-01 16:56:04.295,0 days 01:09:28.622000,2732.0,5264.0,-105.0,OnTrack,253.0,10483.5,99.0,0,8,6,2516.3804613400816,0.4659658686354686,,,interpolation,0 days 00:00:42.921000,42.921,4168.622,0.0
2024-03-01 16:56:04.395,0 days 01:09:28.722000,2742.123708319756,5357.6459007172,-105.68369217252095,OnTrack,255.0,10426.0,99.0,0,8,6,2523.1194444444473,0.4672137467541348,,,interpolation,0 days 00:00:43.021000,43.021,4168.722,0.0
2024-03-01 16:56:04.495,0 days 01:09:28.822000,2748.1660445146954,5437.924677297866,-106.45537267914294,OnTrack,255.0,10468.0,99.0,0,8,6,2528.534199414711,0.4682164134978686,,,interpolation,0 days 00:00:43.121000,43.121,4168.822,0.0
2024-03-01 16:56:04.595,0 days 01:09:28.922000,2751.8753584522874,5504.241115229597,-107.24936684619342,OnTrack,255.0,10510.0,99.0,0,8,7,2534.4527777777803,0.4693123747606444,,,interpolation,0 days 00:00:43.221000,43.221,4168.922,0.0
2024-03-01 16:56:04.695,0 days 01:09:29.022000,2755.0,5556.0,-108.0,OnTrack,255.5,10535.5,99.0,0,8,7,2542.703231060565,0.4708401364364372,,,interpolation,0 days 00:00:43.321000,43.321,4169.022,0.0
2024-03-01 16:56:04.795,0 days 01:09:29.122000,2757.5399691578345,5593.201331609073,-108.70727214056262,OnTrack,256.0,10561.0,99.0,0,8,7,2551.519444444447,0.4724726616410354,,,interpolation,0 days 00:00:43.421000,43.421,4169.122,0.0
2024-03-01 16:56:04.895,0 days 01:09:29.222000,2754.0,5654.0,-110.0,OnTrack,256.0,10550.5,99.0,0,8,7,2559.135303110812,0.4738829134902284,,,interpolation,0 days 00:00:43.521000,43.521,4169.222,0.0
2024-03-01 16:56:04.995,0 days 01:09:29.322000,2738.884826600707,5776.550895115966,-112.50700031043083,OnTrack,256.0,10540.0,99.0,0,8,7,2565.5508070596597,0.47507089198401575,,,interpolation,0 days 00:00:43.621000,43.621,4169.322,0.0
2024-03-01 16:56:05.095,0 days 01:09:29.422000,2720.0,5903.0,-115.0,OnTrack,256.0,10529.5,99.0,0,8,7,2571.350629700901,0.4761448628864597,,,interpolation,0 days 00:00:43.721000,43.721,4169.422,0.0
2024-03-01 16:56:05.195,0 days 01:09:29.522000,2705.151071237924,5975.49329769513,-116.2507259968524,OnTrack,256.0,10519.0,99.0,0,8,7,2577.119444444447,0.47721309196162187,,,interpolation,0 days 00:00:43.821000,43.821,4169.522,0.0
2024-03-01 16:56:05.295,0 days 01:09:29.622000,2693.8312745742824,6001.518265808602,-116.47858233959668,OnTrack,248.2,10361.0,79.2,0,8,7,2582.8572512902974,0.47827557920950226,,,interpolation,0 days 00:00:43.921000,43.921,4169.622,0.0
2024-03-01 16:56:05.395,0 days 01:09:29.722000,2683.0,6026.0,-117.0,OnTrack,240.4,10203.0,59.4,0,8,7,2588.564050238452,0.4793323246301009,,,interpolation,0 days 00:00:44.021000,44.021,4169.722,0.0
2024-03-01 16:56:05.495,0 days 01:09:29.822000,2672.1504765855734,6056.426054548736,-118.03438526337996,OnTrack,232.6,10045.0,39.6,0,8,7,2594.2620165029834,0.4803874344756502,,,interpolation,0 days 00:00:44.121000,44.121,4169.822,0.0
2024-03-01 16:56:05.595,0 days 01:09:29.922000,2658.5719524965243,6096.228538423232,-119.62150953225914,OnTrack,224.8,9887.0,19.799999999999997,0,8,7,2600.0842006870926,0.4814655461333999,,,interpolation,0 days 00:00:44.221000,44.221,4169.922,0.0
2024-03-01 16:56:05.695,0 days 01:09:30.022000,2626.0,6166.0,-122.0,OnTrack,217.0,9729.0,0.0,0,8,7,2606.05277777778,0.4825707658135348,,,interpolation,0 days 00:00:44.321000,44.321,4170.022,0.0
2024-03-01 16:56:05.795,0 days 01:09:30.122000,2576.0,6261.0,-125.0,OnTrack,209.33333333333334,9508.0,0.0,0,8,7,2612.1677477750436,0.4837030935160546,,,interpolation,0 days 00:00:44.421000,44.421,4170.122,0.0
2024-03-01 16:56:05.895,0 days 01:09:30.222000,2534.2284510181494,6332.193710864879,-127.36375000079023,OnTrack,201.66666666666666,9287.0,0.0,1,8,7,2618.25803850973,0.48483085128401904,,,interpolation,0 days 00:00:44.521000,44.521,4170.222,0.0
2024-03-01 16:56:05.995,0 days 01:09:30.322000,2504.961414247879,6371.408703177896,-128.8816244870789,OnTrack,194.0,9066.0,0.0,1,8,7,2623.2972222222247,0.4857639723489299,,,interpolation,0 days 00:00:44.621000,44.621,4170.322,0.0
2024-03-01 16:56:06.095,0 days 01:09:30.422000,2480.463670353669,6395.919343901964,-129.9586867298281,OnTrack,179.0,8860.5,0.0,1,8,7,2627.114228495144,0.48647077907822733,,,interpolation,0 days 00:00:44.721000,44.721,4170.422,0.0
2024-03-01 16:56:06.195,0 days 01:09:30.522000,2453.0,6423.0,-131.0,OnTrack,164.0,8655.0,0.0,1,8,7,2630.5861111111135,0.48711367820409684,,,interpolation,0 days 00:00:44.821000,44.821,4170.522,0.0
2024-03-01 16:56:06.295,0 days 01:09:30.622000,2422.5704031868745,6452.6506714720035,-132.00556429759462,OnTrack,156.33333333333334,8573.666666666666,0.0,1,8,5,2634.589923852761,0.48785507645872406,,,interpolation,0 days 00:00:44.921000,44.921,4170.622,0.0
2024-03-01 16:56:06.395,0 days 01:09:30.722000,2389.9733903973915,6483.797792371557,-132.98544121528295,OnTrack,148.66666666666666,8492.333333333334,0.0,1,8,5,2639.006345430855,0.4886728787539307,,,interpolation,0 days 00:00:45.021000,45.021,4170.722,0.0
2024-03-01 16:56:06.495,0 days 01:09:30.822000,2360.0,6510.0,-134.0,OnTrack,141.0,8411.0,0.0,1,8,5,2643.119444444447,0.48943451388188397,,,interpolation,0 days 00:00:45.121000,45.121,4170.822,0.0
2024-03-01 16:56:06.595,0 days 01:09:30.922000,2333.448734301097,6530.183739404178,-135.05930214138664,OnTrack,136.0,8494.0,0.0,1,8,5,2646.80989838245,0.490117886528151,,,interpolation,0 days 00:00:45.221000,45.221,4170.922,0.0
2024-03-01 16:56:06.695,0 days 01:09:31.022000,2306.0,6548.0,-136.0,OnTrack,131.0,8577.0,0.0,1,8,4,2650.0777072448627,0.49072299669273167,,,interpolation,0 days 00:00:45.321000,45.321,4171.022,0.0
2024-03-01 16:56:06.795,0 days 01:09:31.122000,2273.334203796028,6567.099771203382,-136.65874593639734,OnTrack,126.0,8660.0,0.0,1,8,4,2653.227495818179,0.4913062526793093,,,interpolation,0 days 00:00:45.421000,45.421,4171.122,0.0
2024-03-01 16:56:06.895,0 days 01:09:31.222000,2241.0,6584.0,-137.0,OnTrack,121.0,8743.0,0.0,1,8,4,2656.563888888891,0.491924062791567,,,interpolation,0 days 00:00:45.521000,45.521,4171.222,0.0
2024-03-01 16:56:06.995,0 days 01:09:31.322000,2214.546042922735,6595.217633375529,-136.98822224022933,OnTrack,110.5,8541.0,0.0,1,8,4,2660.0868864569984,0.49257642702950477,,,interpolation,0 days 00:00:45.621000,45.621,4171.322,0.0
2024-03-01 16:56:07.095,0 days 01:09:31.422000,2190.0,6603.0,-137.0,OnTrack,100.0,8339.0,0.0,1,8,3,2663.2305555555577,0.4931585498542197,,,interpolation,0 days 00:00:45.721000,45.721,4171.422,0.0
2024-03-01 16:56:07.195,0 days 01:09:31.522000,2163.389538667562,6609.594428543443,-137.41192062222675,OnTrack,98.0,8339.0,0.0,1,8,3,2665.428963217628,0.493565635726809,,,interpolation,0 days 00:00:45.821000,45.821,4171.522,0.0
2024-03-01 16:56:07.295,0 days 01:09:31.622000,2137.0,6614.0,-138.0,OnTrack,96.0,8339.0,0.0,1,8,2,2667.497222222224,0.4939486215743174,,,interpolation,0 days 00:00:45.921000,45.921,4171.622,0.0
2024-03-01 16:56:07.395,0 days 01:09:31.722000,2113.116725071892,6615.215795363805,-138.54025402641025,OnTrack,90.0,7704.5,0.0,1,8,2,2670.250445348363,0.4944584443237896,,,interpolation,0 days 00:00:46.021000,46.021,4171.722,0.0
2024-03-01 16:56:07.495,0 days 01:09:31.822000,2091.0,6614.0,-139.0,OnTrack,84.0,7070.0,0.0,1,8,2,2673.097222222224,0.4949855907069457,,,interpolation,0 days 00:00:46.121000,46.121,4171.822,0.0
2024-03-01 16:56:07.595,0 days 01:09:31.922000,2069.910110901087,6611.110799273723,-139.3465552193119,OnTrack,82.0,6843.0,0.0,1,8,2,2675.4461424699875,0.49542054745550573,,,interpolation,0 days 00:00:46.221000,46.221,4171.922,0.0
2024-03-01 16:56:07.695,0 days 01:09:32.022000,2049.3125217527986,6605.846842052956,-139.61324252670332,OnTrack,80.0,6616.0,0.0,1,8,2,2677.5416666666683,0.4958085820820475,,,interpolation,0 days 00:00:46.321000,46.321,4172.022,0.0
2024-03-01 16:56:07.795,0 days 01:09:32.122000,2026.0,6594.0,-140.0,OnTrack,78.75,6514.75,0.25,1,8,2,2679.6282553872825,0.4961949620991487,,,interpolation,0 days 00:00:46.421000,46.421,4172.122,0.0
2024-03-01 16:56:07.895,0 days 01:09:32.222000,1999.4380041466598,6574.8689148009635,-140.54015082278698,OnTrack,77.5,6413.5,0.5,1,8,2,2681.7059086318304,0.4965796875068097,,,interpolation,0 days 00:00:46.521000,46.521,4172.222,0.0
2024-03-01 16:56:07.995,0 days 01:09:32.322000,1975.0,6554.0,-141.0,OnTrack,76.25,6312.25,0.75,1,8,2,2683.78477422713,0.4969646374091684,,,interpolation,0 days 00:00:46.621000,46.621,4172.322,0.0
2024-03-01 16:56:08.095,0 days 01:09:32.422000,1958.0594533672452,6536.939669141267,-141.1458525365748,OnTrack,75.0,6211.0,1.0,1,8,2,2685.875000000002,0.49735169091036346,,,interpolation,0 days 00:00:46.721000,46.721,4172.422,0.0
2024-03-01 16:56:08.195,0 days 01:09:32.522000,1948.616364248395,6523.687922224761,-140.9777084325114,OnTrack,74.0,6357.0,11.0,1,8,2,2687.976585950445,0.4977408480103947,,,interpolation,0 days 00:00:46.821000,46.821,4172.522,0.0
2024-03-01 16:56:08.295,0 days 01:09:32.622000,1942.615093005347,6511.842214195875,-140.8207101121923,OnTrack,73.0,6503.0,21.0,0,8,2,2689.9305555555575,0.4981026705401439,,,interpolation,0 days 00:00:46.921000,46.921,4172.622,0.0
2024-03-01 16:56:08.395,0 days 01:09:32.722000,1936.0,6499.0,-141.0,OnTrack,74.0,6622.0,25.666666666666668,0,8,2,2691.577932292437,0.4984077203304928,,,interpolation,0 days 00:00:47.021000,47.021,4172.722,0.0
2024-03-01 16:56:08.495,0 days 01:09:32.822000,1928.771085232353,6485.161279637134,-141.51557809593453,OnTrack,75.0,6741.0,30.333333333333336,0,8,2,2693.0347515638964,0.49867748401197876,,,interpolation,0 days 00:00:47.121000,47.121,4172.822,0.0
2024-03-01 16:56:08.595,0 days 01:09:32.922000,1921.0,6469.0,-142.0,OnTrack,76.0,6860.0,35.0,0,8,2,2694.997222222224,0.4990408807077599,,,interpolation,0 days 00:00:47.221000,47.221,4172.922,0.0
2024-03-01 16:56:08.695,0 days 01:09:33.022000,1912.758395600535,6449.190107981325,-142.08582131220066,OnTrack,78.0,7040.0,36.333333333333336,0,8,2,2697.581378482036,0.49951939682835156,,,interpolation,0 days 00:00:47.321000,47.321,4173.022,0.0
2024-03-01 16:56:08.795,0 days 01:09:33.122000,1905.0,6429.0,-142.0,OnTrack,80.0,7220.0,37.666666666666664,0,8,2,2700.6297180382885,0.5000838671900666,,,interpolation,0 days 00:00:47.421000,47.421,4173.122,0.0
2024-03-01 16:56:08.895,0 days 01:09:33.222000,1898.6785411644369,6411.698072474923,-141.96949403086154,OnTrack,82.0,7400.0,39.0,0,8,2,2703.197222222224,0.5005592997948228,,,interpolation,0 days 00:00:47.521000,47.521,4173.222,0.0
2024-03-01 16:56:08.995,0 days 01:09:33.322000,1893.3110803578397,6395.311123249419,-141.9860335852498,OnTrack,85.0,7540.0,42.666666666666664,0,8,2,2705.1263871159654,0.50091652916028,,,interpolation,0 days 00:00:47.621000,47.621,4173.322,0.0
2024-03-01 16:56:09.095,0 days 01:09:33.422000,1886.0,6368.0,-142.0,OnTrack,88.0,7680.0,46.333333333333336,0,8,2,2706.6610124245717,0.501200700423704,,,pos,0 days 00:00:47.721000,47.721,4173.422,0.0
2024-03-01 16:56:09.195,0 days 01:09:33.522000,1877.0,6331.0,-142.0,OnTrack,91.0,7820.0,50.0,0,8,2,2709.2638888888905,0.5016826830218367,,,interpolation,0 days 00:00:47.821000,47.821,4173.522,0.0
2024-03-01 16:56:09.295,0 days 01:09:33.622000,1870.7368598967305,6303.561900032391,-141.96729243964924,OnTrack,96.5,8637.0,55.5,0,8,2,2713.1788137174844,0.5024076216296602,,,interpolation,0 days 00:00:47.921000,47.921,4173.622,0.0
2024-03-01 16:56:09.395,0 days 01:09:33.722000,1867.4333109880856,6286.89450194117,-141.92160009831383,OnTrack,102.0,9454.0,61.0,0,8,2,2717.197222222224,0.5031517226263935,,,interpolation,0 days 00:00:48.021000,48.021,4173.722,0.0
2024-03-01 16:56:09.495,0 days 01:09:33.822000,1864.0,6269.0,-142.0,OnTrack,105.5,9709.25,65.0,0,8,2,2720.1105497149824,0.5036911923912556,,,interpolation,0 days 00:00:48.121000,48.121,4173.822,0.0
2024-03-01 16:56:09.595,0 days 01:09:33.922000,1859.9220373563744,6247.878770159273,-142.22533819840334,OnTrack,109.0,9964.5,69.0,0,8,2,2721.9187961957596,0.5040260309242467,,,interpolation,0 days 00:00:48.221000,48.221,4173.922,0.0
2024-03-01 16:56:09.695,0 days 01:09:34.022000,1854.0,6212.0,-142.0,OnTrack,112.5,10219.75,73.0,0,8,2,2723.9440334675464,0.5044010503058701,,,interpolation,0 days 00:00:48.321000,48.321,4174.022,0.0
2024-03-01 16:56:09.795,0 days 01:09:34.122000,1846.0,6157.0,-141.0,OnTrack,116.0,10475.0,77.0,0,8,2,2727.508333333335,0.5050610626166298,,,interpolation,0 days 00:00:48.421000,48.421,4174.122,0.0
2024-03-01 16:56:09.895,0 days 01:09:34.222000,1841.7152184532179,6125.881287366839,-140.8671055249436,OnTrack,124.0,10582.5,82.0,0,8,2,2732.6116957931245,0.5060060678565255,,,interpolation,0 days 00:00:48.521000,48.521,4174.222,0.0
2024-03-01 16:56:09.995,0 days 01:09:34.322000,1839.0,6104.0,-141.0,OnTrack,132.0,10690.0,87.0,0,8,2,2737.775000000002,0.506962172693115,,,interpolation,0 days 00:00:48.621000,48.621,4174.322,0.0
2024-03-01 16:56:10.095,0 days 01:09:34.422000,1834.7431640413934,6069.545226293119,-140.5237403635541,OnTrack,136.0,10812.0,91.0,0,8,2,2741.5191251070546,0.5076554837939565,,,interpolation,0 days 00:00:48.721000,48.721,4174.422,0.0
2024-03-01 16:56:10.195,0 days 01:09:34.522000,1830.0,6032.0,-140.0,OnTrack,140.0,10934.0,95.0,0,8,2,2744.1357547829234,0.5081400131163484,,,interpolation,0 days 00:00:48.821000,48.821,4174.522,0.0
2024-03-01 16:56:10.295,0 days 01:09:34.622000,1825.8257972984227,6000.847354874439,-139.99045229373186,OnTrack,144.0,11056.0,99.0,0,8,2,2747.375000000002,0.5087398340633349,,,interpolation,0 days 00:00:48.921000,48.921,4174.622,0.0
2024-03-01 16:56:10.395,0 days 01:09:34.722000,1822.0,5970.0,-140.0,OnTrack,149.0,10954.333333333334,99.0,0,8,2,2751.528547413788,0.5095089591453,,,interpolation,0 days 00:00:49.021000,49.021,4174.722,0.0
2024-03-01 16:56:10.495,0 days 01:09:34.822000,1818.3020521680705,5933.370644460247,-139.53354587405482,OnTrack,154.0,10852.666666666666,99.0,0,8,2,2756.4774837852647,0.5104253688339719,,,interpolation,0 days 00:00:49.121000,49.121,4174.822,0.0
2024-03-01 16:56:10.595,0 days 01:09:34.922000,1814.0,5888.0,-139.0,OnTrack,159.0,10751.0,99.0,0,8,2,2761.508333333335,0.5113569466361587,,,interpolation,0 days 00:00:49.221000,49.221,4174.922,0.0
2024-03-01 16:56:10.695,0 days 01:09:35.022000,1808.3618896931553,5830.92877836408,-138.8082724619394,OnTrack,163.75,10874.25,99.0,0,8,2,2766.502184036649,0.5122816732490677,,,interpolation,0 days 00:00:49.321000,49.321,4175.022,0.0
2024-03-01 16:56:10.795,0 days 01:09:35.122000,1801.7124451711295,5764.858699489301,-138.90833282312502,OnTrack,168.5,10997.5,99.0,0,14,3,2771.4590358952055,0.5131995486726989,,,interpolation,0 days 00:00:49.421000,49.421,4175.122,1.0
2024-03-01 16:56:10.895,0 days 01:09:35.222000,1796.0,5706.0,-139.0,OnTrack,173.25,11120.75,99.0,0,14,3,2776.3849809172716,0.5141117009828609,,,interpolation,0 days 00:00:49.521000,49.521,4175.222,1.0
2024-03-01 16:56:10.995,0 days 01:09:35.322000,1791.549274778205,5657.054372167521,-139.03324406812553,OnTrack,178.0,11244.0,99.0,0,14,3,2781.2861111111133,0.515019258255362,,,interpolation,0 days 00:00:49.621000,49.621,4175.322,1.0
2024-03-01 16:56:11.095,0 days 01:09:35.422000,1788.2010495844818,5616.588228499302,-139.01645801239476,OnTrack,180.0,10824.5,99.0,0,14,3,2786.1624264767315,0.5159222204902025,,,interpolation,0 days 00:00:49.721000,49.721,4175.422,1.0
2024-03-01 16:56:11.195,0 days 01:09:35.522000,1785.0,5576.0,-139.0,OnTrack,182.0,10405.0,99.0,0,12,4,2791.397222222224,0.5168915636337186,,,interpolation,0 days 00:00:49.821000,49.821,4175.522,1.0
2024-03-01 16:56:11.295,0 days 01:09:35.622000,1781.786904473078,5533.856084497044,-138.99226310177917,OnTrack,189.0,10566.333333333334,99.0,0,12,4,2797.373793555691,0.5179982636322464,,,interpolation,0 days 00:00:49.921000,49.921,4175.622,1.0
2024-03-01 16:56:11.395,0 days 01:09:35.722000,1778.561763003715,5490.156481990431,-138.99324731773214,OnTrack,196.0,10727.666666666666,99.0,0,12,4,2803.857630575386,0.5191988955698209,,,interpolation,0 days 00:00:50.021000,50.021,4175.722,1.0
2024-03-01 16:56:11.495,0 days 01:09:35.822000,1775.0557400324942,5440.1286384886025,-138.99760787481907,OnTrack,203.0,10889.0,99.0,0,12,4,2809.4416666666684,0.520232908616632,,,interpolation,0 days 00:00:50.121000,50.121,4175.822,1.0
2024-03-01 16:56:11.595,0 days 01:09:35.922000,1771.0,5379.0,-139.0,OnTrack,205.33333333333334,11096.666666666666,99.0,0,12,4,2813.8913895263986,0.521056877412041,,,interpolation,0 days 00:00:50.221000,50.221,4175.922,1.0
2024-03-01 16:56:11.695,0 days 01:09:36.022000,1766.3945429062312,5306.770566524622,-139.00042369327497,OnTrack,207.66666666666666,11304.333333333334,99.0,0,12,5,2817.657219704836,0.5217542077073551,,,interpolation,0 days 00:00:50.321000,50.321,4176.022,1.0
2024-03-01 16:56:11.795,0 days 01:09:36.122000,1762.0,5236.0,-139.0,OnTrack,210.0,11512.0,99.0,0,12,5,2823.4416666666684,0.5228253314482026,,,interpolation,0 days 00:00:50.421000,50.421,4176.122,1.0
2024-03-01 16:56:11.895,0 days 01:09:36.222000,1758.5770025301179,5179.2479623636655,-138.9998499655312,OnTrack,213.5,11098.5,99.0,0,12,5,2831.695146349872,0.52435365353182,,,interpolation,0 days 00:00:50.521000,50.521,4176.222,1.0
2024-03-01 16:56:11.995,0 days 01:09:36.322000,1755.9427005503037,5133.647835635833,-138.99993238161548,OnTrack,217.0,10685.0,99.0,0,12,5,2840.319444444446,0.5259506411951519,,,interpolation,0 days 00:00:50.621000,50.621,4176.322,1.0
2024-03-01 16:56:12.095,0 days 01:09:36.422000,1753.0,5082.0,-139.0,OnTrack,222.0,10310.5,99.0,0,12,5,2847.216346640391,0.5272277616751431,,,interpolation,0 days 00:00:50.721000,50.721,4176.422,1.0
2024-03-01 16:56:12.195,0 days 01:09:36.522000,1749.5660528052995,5021.437866830401,-139.00001161285365,OnTrack,227.0,9936.0,99.0,0,12,5,2852.930555555557,0.5282858792220032,,,interpolation,0 days 00:00:50.821000,50.821,4176.522,1.0
2024-03-01 16:56:12.295,0 days 01:09:36.622000,1746.0,4960.0,-139.0,OnTrack,228.0,10455.0,99.0,0,12,5,2858.0067738078,0.5292258580859426,,,interpolation,0 days 00:00:50.921000,50.921,4176.622,1.0
2024-03-01 16:56:12.395,0 days 01:09:36.722000,1742.660982617901,4905.7249633817655,-138.9999979412627,OnTrack,229.0,10974.0,99.0,0,12,5,2863.171944444446,0.5301823085350426,,,interpolation,0 days 00:00:51.021000,51.021,4176.722,1.0
2024-03-01 16:56:12.495,0 days 01:09:36.822000,1739.0,4846.0,-139.0,OnTrack,232.0,11016.0,99.0,0,12,5,2869.153010512824,0.5312898408373852,,,interpolation,0 days 00:00:51.121000,51.121,4176.822,1.0
2024-03-01 16:56:12.595,0 days 01:09:36.922000,1734.4680514872944,4768.212352879006,-139.0000007395701,OnTrack,235.0,11058.0,99.0,0,12,6,2876.1622222222236,0.5325877580135824,,,interpolation,0 days 00:00:51.221000,51.221,4176.922,1.0
2024-03-01 16:56:12.695,0 days 01:09:37.022000,1729.3105521557122,4676.756561749889,-139.00000035317143,OnTrack,239.0,11253.0,99.0,0,12,6,2884.411829781936,0.5341153630842465,,,interpolation,0 days 00:00:51.321000,51.321,4177.022,1.0
2024-03-01 16:56:12.795,0 days 01:09:37.122000,1725.0,4598.0,-139.0,OnTrack,243.0,11448.0,99.0,0,12,6,2892.362222222224,0.5355875615758285,,,interpolation,0 days 00:00:51.421000,51.421,4177.122,1.0
2024-03-01 16:56:12.895,0 days 01:09:37.222000,1721.7818126091486,4536.337252360759,-138.99999987325617,OnTrack,243.0,11448.0,99.0,0,12,6,2898.4737885733516,0.5367192590147802,,,interpolation,0 days 00:00:51.521000,51.521,4177.222,1.0
2024-03-01 16:56:12.995,0 days 01:09:37.322000,1719.4757080209056,4488.735730768277,-138.9999999397119,OnTrack,243.0,11448.0,99.0,0,12,6,2903.1222807987588,0.5375800345417463,,,interpolation,0 days 00:00:51.621000,51.621,4177.322,1.0
2024-03-01 16:56:13.095,0 days 01:09:37.422000,1717.0,4437.0,-139.0,OnTrack,243.0,11448.0,99.0,0,12,6,2908.562222222224,0.5385873651380747,,,interpolation,0 days 00:00:51.721000,51.721,4177.422,1.0
2024-03-01 16:56:13.195,0 days 01:09:37.522000,1714.1744084302582,4378.097503045581,-139.00000002089286,OnTrack,246.0,11448.0,99.0,0,12,6,2915.1693686549083,0.5398108306569049,,,interpolation,0 days 00:00:51.821000,51.821,4177.522,1.0
2024-03-01 16:56:13.295,0 days 01:09:37.622000,1711.0574248182202,4313.051324126401,-139.00000000855786,OnTrack,249.0,11448.0,99.0,0,12,6,2922.395555555557,0.5411489257930792,,,interpolation,0 days 00:00:51.921000,51.921,4177.622,1.0
2024-03-01 16:56:13.395,0 days 01:09:37.722000,1708.0,4248.0,-139.0,OnTrack,252.0,11214.666666666666,99.0,0,12,6,2929.69261838292,0.5425001452414409,,,interpolation,0 days 00:00:52.021000,52.021,4177.722,1.0
2024-03-01 16:56:13.495,0 days 01:09:37.822000,1705.0,4183.0,-139.0,OnTrack,255.0,10981.333333333334,99.0,0,12,6,2937.152726015055,0.5438815561951208,,,interpolation,0 days 00:00:52.121000,52.121,4177.822,1.0
2024-03-01 16:56:13.595,0 days 01:09:37.922000,1701.6936664692228,4112.251542246407,-139.00000000023792,OnTrack,258.0,10748.0,99.0,0,12,6,2945.3288888888906,0.5453955612886046,,,interpolation,0 days 00:00:52.221000,52.221,4177.922,1.0
2024-03-01 16:56:13.695,0 days 01:09:38.022000,1698.0,4033.0,-139.0,OnTrack,261.0,10829.5,99.0,0,12,6,2954.3132749386823,0.5470592275402564,,,interpolation,0 days 00:00:52.321000,52.321,4178.022,1.0
2024-03-01 16:56:13.795,0 days 01:09:38.122000,1693.8986278865705,3943.4573817840446,-138.9999999999592,OnTrack,264.0,10911.0,99.0,0,12,6,2962.928888888891,0.5486546071340078,,,interpolation,0 days 00:00:52.421000,52.421,4178.122,1.0
2024-03-01 16:56:13.895,0 days 01:09:38.222000,1690.0,3860.0,-139.0,OnTrack,265.5,10962.75,99.0,0,12,6,2969.9987354639816,0.5499637522537912,,,interpolation,0 days 00:00:52.521000,52.521,4178.222,1.0
2024-03-01 16:56:13.995,0 days 01:09:38.322000,1686.914566211354,3799.0041670493238,-139.00000000000702,OnTrack,267.0,11014.5,99.0,0,12,7,2975.5228146639547,0.5509866628996065,,,interpolation,0 days 00:00:52.621000,52.621,4178.322,1.0
2024-03-01 16:56:14.095,0 days 01:09:38.422000,1684.0,3742.0,-139.0,OnTrack,268.5,11066.25,99.0,0,12,7,2980.7499309763953,0.5519545840190099,,,interpolation,0 days 00:00:52.721000,52.721,4178.422,1.0
2024-03-01 16:56:14.195,0 days 01:09:38.522000,1680.6139748453056,3670.5176159200105,-138.99999999999878,OnTrack,270.0,11118.0,99.0,0,12,7,2986.928888888891,0.5530987605595576,,,interpolation,0 days 00:00:52.821000,52.821,4178.522,1.0
2024-03-01 16:56:14.295,0 days 01:09:38.622000,1677.0,3593.0,-139.0,OnTrack,271.5,11166.5,99.0,0,12,7,2994.059688401442,0.5544191925212499,,,interpolation,0 days 00:00:52.921000,52.921,4178.622,1.0
2024-03-01 16:56:14.395,0 days 01:09:38.722000,1673.401584716813,3517.8901374306124,-139.00000000000045,OnTrack,273.0,11215.0,99.0,0,12,7,3002.095555555558,0.5559072186270927,,,interpolation,0 days 00:00:53.021000,53.021,4178.722,1.0
2024-03-01 16:56:14.495,0 days 01:09:38.822000,1669.7907921092371,3444.199845768888,-139.0000000000002,OnTrack,275.0,11285.666666666666,99.0,0,12,7,3010.9897163927485,0.5575541776000923,,,interpolation,0 days 00:00:53.121000,53.121,4178.822,1.0
2024-03-01 16:56:14.595,0 days 01:09:38.922000,1666.0,3366.0,-139.0,OnTrack,277.0,11356.333333333334,99.0,0,12,7,3020.591353254385,0.5593321420729893,,,interpolation,0 days 00:00:53.221000,53.221,4178.922,1.0
2024-03-01 16:56:14.695,0 days 01:09:39.022000,1662.0012712165185,3282.302407561948,-139.0,OnTrack,279.0,11427.0,99.0,0,12,7,3029.995555555558,0.5610735469842945,,,interpolation,0 days 00:00:53.321000,53.321,4179.022,1.0
2024-03-01 16:56:14.795,0 days 01:09:39.122000,1658.0,3197.0,-139.0,OnTrack,280.1111111111111,11307.333333333334,99.0,0,12,7,3039.051504093259,0.5627504646807706,,,interpolation,0 days 00:00:53.421000,53.421,4179.122,1.0
2024-03-01 16:56:14.895,0 days 01:09:39.222000,1654.201580591653,3113.9857088594254,-138.99999999999997,OnTrack,281.22222222222223,11187.666666666666,99.0,0,12,7,3047.7591988674876,0.5643628951624177,,,interpolation,0 days 00:00:53.521000,53.521,4179.222,1.0
2024-03-01 16:56:14.995,0 days 01:09:39.322000,1650.606012991477,3033.2595341402234,-138.99999999999994,OnTrack,282.3333333333333,11068.0,99.0,0,12,7,3056.118639878244,0.5659108384292357,,,interpolation,0 days 00:00:53.621000,53.621,4179.322,1.0
2024-03-01 16:56:15.095,0 days 01:09:39.422000,1647.2132971994722,2954.821475842395,-138.99999999999983,OnTrack,283.44444444444446,10948.333333333334,99.0,0,12,7,3064.1298271255264,0.5673942944812247,,,interpolation,0 days 00:00:53.721000,53.721,4179.422,1.0
2024-03-01 16:56:15.195,0 days 01:09:39.522000,1644.023433215639,2878.6715339659404,-138.99999999999966,OnTrack,284.55555555555554,10828.666666666666,99.0,0,12,7,3071.813477096413,0.5688170994536764,,,interpolation,0 days 00:00:53.821000,53.821,4179.522,1.0
2024-03-01 16:56:15.295,0 days 01:09:39.622000,1641.0364210399766,2804.8097085108575,-138.99999999999946,OnTrack,285.6666666666667,10709.0,99.0,0,12,7,3079.2938893497753,0.5702022702761891,,,interpolation,0 days 00:00:53.921000,53.921,4179.622,1.0
2024-03-01 16:56:15.395,0 days 01:09:39.722000,1638.0464951811161,2731.323106374907,-138.99999999999932,OnTrack,286.77777777777777,10589.333333333334,99.0,0,12,7,3086.5917805848276,0.571553643123337,,,interpolation,0 days 00:00:54.021000,54.021,4179.722,1.0
2024-03-01 16:56:15.495,0 days 01:09:39.822000,1634.8478901476883,2656.2988344558453,-138.99999999999926,OnTrack,287.8888888888889,10469.666666666666,99.0,0,12,7,3093.7071508015697,0.5728712179951199,,,interpolation,0 days 00:00:54.121000,54.121,4179.822,1.0
2024-03-01 16:56:15.595,0 days 01:09:39.922000,1631.4406059396931,2579.736892753674,-138.99999999999937,OnTrack,289.0,10350.0,99.0,0,12,7,3100.640000000002,0.5741549948915379,,,interpolation,0 days 00:00:54.221000,54.221,4179.922,1.0
2024-03-01 16:56:15.695,0 days 01:09:40.022000,1627.8246425571303,2501.637281268392,-138.9999999999996,OnTrack,289.75,10390.0,99.0,0,12,7,3107.390328180124,0.575404973812591,,,interpolation,0 days 00:00:54.321000,54.321,4180.022,1.0
2024-03-01 16:56:15.795,0 days 01:09:40.122000,1624.0,2422.0,-139.0,OnTrack,290.5,10430.0,99.0,0,12,7,3113.9581353419367,0.5766211547582794,,,interpolation,0 days 00:00:54.421000,54.421,4180.122,1.0
2024-03-01 16:56:15.895,0 days 01:09:40.222000,1619.9666782683025,2340.8250489484976,-139.0000000000005,OnTrack,291.25,10470.0,99.0,0,12,7,3121.166874832782,0.5779560191042016,,,interpolation,0 days 00:00:54.521000,54.521,4180.222,1.0
2024-03-01 16:56:15.995,0 days 01:09:40.322000,1616.0,2261.0,-139.0,OnTrack,292.0,10510.0,99.0,0,12,7,3129.840000000003,0.579562048225957,,,interpolation,0 days 00:00:54.621000,54.621,4180.322,1.0
2024-03-01 16:56:16.095,0 days 01:09:40.422000,1612.3752878330547,2185.4124250406226,-138.99999999999733,OnTrack,293.5,10544.5,99.0,0,12,8,3139.9775108436015,0.5814392421235457,,,interpolation,0 days 00:00:54.721000,54.721,4180.422,1.0
2024-03-01 16:56:16.195,0 days 01:09:40.522000,1608.9645677969581,2112.0679064750843,-138.99999999999412,OnTrack,295.0,10579.0,99.0,0,12,8,3149.506666666669,0.5832037850607825,,,interpolation,0 days 00:00:54.821000,54.821,4180.522,1.0
2024-03-01 16:56:16.295,0 days 01:09:40.622000,1605.0,2029.0,-139.0,OnTrack,296.0,10613.5,99.0,0,12,8,3156.3547267723,0.5844718613014831,,,interpolation,0 days 00:00:54.921000,54.921,4180.622,1.0
2024-03-01 16:56:16.395,0 days 01:09:40.722000,1600.3536117821175,1934.2143084428196,-139.00000000001657,OnTrack,297.0,10648.0,99.0,0,12,8,3162.706666666669,0.5856480694448349,,,interpolation,0 days 00:00:55.021000,55.021,4180.722,1.0
2024-03-01 16:56:16.495,0 days 01:09:40.822000,1596.0,1848.0,-139.0,OnTrack,298.0,10677.5,99.0,0,12,8,3170.747461855951,0.5871370080900262,,,interpolation,0 days 00:00:55.121000,55.121,4180.822,1.0
2024-03-01 16:56:16.595,0 days 01:09:40.922000,1592.9137615103366,1790.646242867998,-138.9999999999065,OnTrack,299.0,10707.0,99.0,0,12,8,3180.477112340145,0.5889386772370568,,,interpolation,0 days 00:00:55.221000,55.221,4180.922,1.0
2024-03-01 16:56:16.695,0 days 01:09:41.022000,1589.0,1716.0,-139.0,OnTrack,300.0,10736.5,99.0,0,12,8,3190.5187622098238,0.5907981202648279,,,pos,0 days 00:00:55.321000,55.321,4181.022,1.0
2024-03-01 16:56:16.795,0 days 01:09:41.122000,1582.1638191558625,1577.9082343491923,-139.00000000054467,OnTrack,301.0,10766.0,99.0,0,12,8,3199.495555555558,0.5924603805522403,,,interpolation,0 days 00:00:55.421000,55.421,4181.122,1.0
2024-03-01 16:56:16.895,0 days 01:09:41.222000,1575.0,1432.0,-139.0,OnTrack,301.6666666666667,10793.333333333334,99.0,0,12,8,3207.407492377347,0.5939254580992939,,,interpolation,0 days 00:00:55.521000,55.521,4181.222,1.0
2024-03-01 16:56:16.995,0 days 01:09:41.322000,1570.1033235544876,1333.904351036848,-138.99999999682564,OnTrack,302.3333333333333,10820.666666666666,99.0,0,12,8,3214.590729947007,0.5952556001764497,,,interpolation,0 days 00:00:55.621000,55.621,4181.322,1.0
2024-03-01 16:56:17.095,0 days 01:09:41.422000,1567.2391907540361,1278.0489943389325,-138.9999999929563,OnTrack,303.0,10848.0,99.0,0,12,8,3223.0622222222246,0.5968242923187177,,,interpolation,0 days 00:00:55.721000,55.721,4181.422,1.0
2024-03-01 16:56:17.195,0 days 01:09:41.522000,1565.0,1231.0,-139.0,OnTrack,304.0,10854.5,99.0,0,12,8,3233.158129917085,0.598693782433974,,,interpolation,0 days 00:00:55.821000,55.821,4181.522,1.0
2024-03-01 16:56:17.295,0 days 01:09:41.622000,1563.1511498247837,1187.1850178386733,-139.00000001989153,OnTrack,305.0,10861.0,99.0,0,12,8,3243.395555555558,0.6005894778598085,,,interpolation,0 days 00:00:55.921000,55.921,4181.622,1.0
2024-03-01 16:56:17.395,0 days 01:09:41.722000,1561.1788083399786,1139.4643468127622,-139.00000004171767,OnTrack,305.5,10894.5,99.0,0,12,8,3252.2916016616145,0.602236785933812,,,interpolation,0 days 00:00:56.021000,56.021,4181.722,1.0
2024-03-01 16:56:17.495,0 days 01:09:41.822000,1556.0,1045.0,-139.0,OnTrack,306.0,10928.0,99.0,0,12,8,3260.3955555555576,0.603737419869573,,,interpolation,0 days 00:00:56.121000,56.121,4181.822,1.0
2024-03-01 16:56:17.595,0 days 01:09:41.922000,1548.0,910.0,-139.0,OnTrack,306.0,10912.333333333334,99.0,0,12,8,3268.2567045576916,0.6051930928806808,,,interpolation,0 days 00:00:56.221000,56.221,4181.922,1.0
2024-03-01 16:56:17.695,0 days 01:09:42.022000,1542.573391651359,814.5498399641713,-139.00000073876097,OnTrack,306.0,10896.666666666666,99.0,0,12,8,3275.980045434072,0.6066232475395331,,,interpolation,0 days 00:00:56.321000,56.321,4182.022,1.0
2024-03-01 16:56:17.795,0 days 01:09:42.122000,1539.9373066022154,761.6257115284502,-139.00000180122268,OnTrack,306.0,10881.0,99.0,0,12,8,3284.195555555558,0.6081445386832433,,,interpolation,0 days 00:00:56.421000,56.421,4182.122,1.0
2024-03-01 16:56:17.895,0 days 01:09:42.222000,1536.0,689.0,-139.0,OnTrack,304.0,10803.333333333334,99.0,0,12,8,3293.008230613047,0.6097764086851181,,,interpolation,0 days 00:00:56.521000,56.521,4182.222,1.0
2024-03-01 16:56:17.995,0 days 01:09:42.322000,1530.079517860902,586.3014893641548,-138.99999480386484,OnTrack,302.0,10725.666666666666,99.0,0,12,8,3302.244420831063,0.6114867022849693,,,interpolation,0 days 00:00:56.621000,56.621,4182.322,1.0
2024-03-01 16:56:18.095,0 days 01:09:42.422000,1524.0,469.0,-139.0,OnTrack,300.0,10648.0,99.0,0,12,8,3310.8622222222243,0.6130824869338541,,,interpolation,0 days 00:00:56.721000,56.721,4182.422,1.0
2024-03-01 16:56:18.195,0 days 01:09:42.522000,1519.5855862323733,352.5653522866212,-139.0000293755883,OnTrack,284.0,10421.5,49.5,0,12,8,3318.6879832328714,0.6145316070423126,,,interpolation,0 days 00:00:56.821000,56.821,4182.522,1.0
2024-03-01 16:56:18.295,0 days 01:09:42.622000,1517.0,251.0,-139.0,OnTrack,268.0,10195.0,0.0,1,8,8,3325.7511111111135,0.6158395080404454,,,interpolation,0 days 00:00:56.921000,56.921,4182.622,0.0
2024-03-01 16:56:18.395,0 days 01:09:42.722000,1516.4069647448573,178.3063969161185,-138.9998289426053,OnTrack,258.25,10240.5,0.0,1,8,8,3332.081013105055,0.6170116353583526,,,interpolation,0 days 00:00:57.021000,57.021,4182.722,0.0
2024-03-01 16:56:18.495,0 days 01:09:42.822000,1517.673309014143,130.31406411952943,-138.99962044944877,OnTrack,248.5,10286.0,0.0,1,8,8,3337.6776892146986,0.6180479889960344,,,interpolation,0 days 00:00:57.121000,57.121,4182.822,0.0
2024-03-01 16:56:18.595,0 days 01:09:42.922000,1520.0,82.0,-139.0,OnTrack,238.75,10331.5,0.0,1,8,8,3343.036076272549,0.6190402179209747,,,interpolation,0 days 00:00:57.221000,57.221,4182.922,0.0
2024-03-01 16:56:18.695,0 days 01:09:43.022000,1523.2538648859436,29.193682936160286,-139.00107184137104,OnTrack,229.0,10377.0,0.0,1,8,8,3348.6511111111136,0.6200799711006575,,,interpolation,0 days 00:00:57.321000,57.321,4183.022,0.0
2024-03-01 16:56:18.795,0 days 01:09:43.122000,1529.0,-29.0,-139.0,OnTrack,220.0,10205.0,0.0,1,8,8,3354.5227937303926,0.6211672485350829,,,interpolation,0 days 00:00:57.421000,57.421,4183.122,0.0
2024-03-01 16:56:18.895,0 days 01:09:43.222000,1538.8035016701963,-93.4761617364911,-138.99394850232503,OnTrack,211.0,10033.0,0.0,1,8,7,3360.3733333333357,0.6222506108524886,,,interpolation,0 days 00:00:57.521000,57.521,4183.222,0.0
2024-03-01 16:56:18.995,0 days 01:09:43.322000,1551.0,-157.0,-139.0,OnTrack,203.5,10124.5,0.0,1,8,7,3365.924939122897,0.6232786186811127,,,interpolation,0 days 00:00:57.621000,57.621,4183.322,0.0
2024-03-01 16:56:19.095,0 days 01:09:43.422000,1563.9251250928785,-212.33671251721375,-139.03523714467875,OnTrack,196.0,10216.0,0.0,1,8,6,3371.316666666669,0.624277021365833,,,interpolation,0 days 00:00:57.721000,57.721,4183.422,0.0
2024-03-01 16:56:19.195,0 days 01:09:43.522000,1578.0,-261.0,-139.0,OnTrack,190.66666666666666,10435.0,0.0,1,8,6,3376.687571532251,0.625271568251528,,,interpolation,0 days 00:00:57.821000,57.821,4183.522,0.0
2024-03-01 16:56:19.295,0 days 01:09:43.622000,1593.645747772534,-304.5035631602266,-138.79462862960253,OnTrack,185.33333333333334,10654.0,0.0,1,8,6,3382.026515174712,0.6262601967797556,,,interpolation,0 days 00:00:57.921000,57.921,4183.622,0.0
2024-03-01 16:56:19.395,0 days 01:09:43.722000,1610.4568268135872,-342.9550116415331,-138.43318050239657,OnTrack,180.0,10873.0,0.0,1,8,6,3387.266666666669,0.6272305316632297,,,interpolation,0 days 00:00:58.021000,58.021,4183.722,0.0
2024-03-01 16:56:19.495,0 days 01:09:43.822000,1626.0,-377.0,-138.0,OnTrack,175.33333333333334,10646.666666666666,0.0,1,8,6,3392.3968875772507,0.6281805103646294,,,interpolation,0 days 00:00:58.121000,58.121,4183.822,0.0
2024-03-01 16:56:19.595,0 days 01:09:43.922000,1639.869729887605,-406.7461367773499,-137.50914444737543,OnTrack,170.66666666666666,10420.333333333334,0.0,1,8,5,3397.3832540853564,0.6291038511062145,,,interpolation,0 days 00:00:58.221000,58.221,4183.922,0.0
2024-03-01 16:56:19.695,0 days 01:09:44.022000,1670.0,-444.0,-137.0,OnTrack,166.0,10194.0,0.0,1,8,5,3402.0222222222246,0.6299628630285677,,,interpolation,0 days 00:00:58.321000,58.321,4184.022,0.0
2024-03-01 16:56:19.795,0 days 01:09:44.122000,1734.3247938607824,-500.568167694368,-136.51195281335097,OnTrack,165.66666666666666,10085.666666666666,7.000000000000001,1,8,5,3406.2798678193712,0.6307512642896234,,,interpolation,0 days 00:00:58.421000,58.421,4184.122,0.0
2024-03-01 16:56:19.895,0 days 01:09:44.222000,1802.0,-554.0,-136.0,OnTrack,165.33333333333334,9977.333333333334,14.000000000000002,0,8,4,3410.2900095736813,0.6314938345068881,,,interpolation,0 days 00:00:58.521000,58.521,4184.222,0.0
2024-03-01 16:56:19.995,0 days 01:09:44.322000,1842.1815069476997,-581.8448570564424,-135.41913867251873,OnTrack,165.0,9869.0,21.0,0,8,4,3414.855555555558,0.6323392506241743,,,interpolation,0 days 00:00:58.621000,58.621,4184.322,0.0
2024-03-01 16:56:20.095,0 days 01:09:44.422000,1859.751139899579,-587.9056541695046,-134.76373657511365,OnTrack,161.5,10048.5,42.0,0,8,4,3420.1103230915896,0.6333122920052461,,,interpolation,0 days 00:00:58.721000,58.721,4184.422,0.0
2024-03-01 16:56:20.195,0 days 01:09:44.522000,1884.0,-595.0,-134.0,OnTrack,158.0,10228.0,63.0,0,8,4,3425.3888888888914,0.6342897401831656,,,interpolation,0 days 00:00:58.821000,58.821,4184.522,0.0
2024-03-01 16:56:20.295,0 days 01:09:44.622000,1919.8099624348067,-606.9308487957908,-133.1222966337097,OnTrack,161.0,10431.0,70.0,0,8,4,3430.025829654577,0.6351483766909947,,,interpolation,0 days 00:00:58.921000,58.921,4184.622,0.0
2024-03-01 16:56:20.395,0 days 01:09:44.722000,1967.181027203999,-623.6982005568766,-132.13062647624272,OnTrack,164.0,10634.0,77.0,0,8,4,3434.5000000000027,0.6359768725021244,,,interpolation,0 days 00:00:59.021000,59.021,4184.722,0.0
2024-03-01 16:56:20.495,0 days 01:09:44.822000,2013.961578371191,-640.116452039524,-131.32364308065436,OnTrack,166.0,10759.5,75.0,0,8,4,3439.290254536524,0.6368638985899469,,,interpolation,0 days 00:00:59.121000,59.121,4184.822,0.0
2024-03-01 16:56:20.595,0 days 01:09:44.922000,2048.0,-651.0,-131.0,OnTrack,168.0,10885.0,73.0,0,8,4,3443.833333333336,0.6377051543898383,,,interpolation,0 days 00:00:59.221000,59.221,4184.922,0.0
2024-03-01 16:56:20.695,0 days 01:09:45.022000,2075.0,-657.0,-131.0,OnTrack,169.66666666666666,11017.666666666666,81.66666666666667,0,8,4,3447.5659764596353,0.6383963393371758,,,interpolation,0 days 00:00:59.321000,59.321,4185.022,0.0
2024-03-01 16:56:20.795,0 days 01:09:45.122000,2129.1840010471515,-662.023405413266,-130.3654547690609,OnTrack,171.33333333333334,11150.333333333334,90.33333333333333,0,8,4,3450.7955951956737,0.6389943777192167,,,interpolation,0 days 00:00:59.421000,59.421,4185.122,0.0
2024-03-01 16:56:20.895,0 days 01:09:45.222000,2209.3429813607577,-666.3776108462822,-129.07959472688336,OnTrack,173.0,11283.0,99.0,0,8,4,3455.3666666666695,0.6398408170082275,,,interpolation,0 days 00:00:59.521000,59.521,4185.222,0.0
2024-03-01 16:56:20.995,0 days 01:09:45.322000,2274.0,-668.0,-128.0,OnTrack,178.5,11570.5,99.0,0,8,4,3461.5866053007817,0.6409925820743734,,,interpolation,0 days 00:00:59.621000,59.621,4185.322,0.0
2024-03-01 16:56:21.095,0 days 01:09:45.422000,2316.242198081025,-666.5468017311423,-127.26960134130258,OnTrack,184.0,11858.0,99.0,0,8,4,3467.6333333333364,0.6421122732035086,,,interpolation,0 days 00:00:59.721000,59.721,4185.422,0.0
2024-03-01 16:56:21.195,0 days 01:09:45.522000,2340.793799221525,-661.860944067383,-126.79324373394468,OnTrack,186.66666666666666,11484.666666666666,99.0,0,8,4,3471.6847729996607,0.6428624906814879,,,interpolation,0 days 00:00:59.821000,59.821,4185.522,0.0
2024-03-01 16:56:21.295,0 days 01:09:45.622000,2376.0,-653.0,-126.0,OnTrack,189.33333333333334,11111.333333333334,99.0,0,8,4,3474.477765270354,0.643379677605127,,,interpolation,0 days 00:00:59.921000,59.921,4185.622,0.0
2024-03-01 16:56:21.395,0 days 01:09:45.722000,2426.58497565834,-639.8068991650761,-124.79471609700457,OnTrack,192.0,10738.0,99.0,0,8,4,3480.4333333333366,0.6444824883638018,,,interpolation,0 days 00:01:00.021000,60.021,4185.722,0.0
2024-03-01 16:56:21.495,0 days 01:09:45.822000,2488.8941551581215,-622.9011697598804,-123.27205528141097,OnTrack,197.0,10743.0,99.0,0,8,4,3489.188888888892,0.6461037813727525,,,interpolation,0 days 00:01:00.121000,60.121,4185.822,0.0
2024-03-01 16:56:21.595,0 days 01:09:45.922000,2541.0,-606.0,-122.0,OnTrack,198.5,10830.5,99.5,0,8,4,3494.1479353605264,0.6470220631796014,,,interpolation,0 days 00:01:00.221000,60.221,4185.922,0.0
2024-03-01 16:56:21.695,0 days 01:09:46.022000,2582.0,-589.0,-121.0,OnTrack,200.0,10918.0,100.0,0,8,4,3498.077777777781,0.6477497641229562,,,interpolation,0 days 00:01:00.321000,60.321,4186.022,0.0
2024-03-01 16:56:21.795,0 days 01:09:46.122000,2628.4068293675573,-567.5636009913335,-119.83276616076853,OnTrack,204.0,10988.0,100.0,0,8,4,3504.8451316372793,0.6490028957411476,,,interpolation,0 days 00:01:00.421000,60.421,4186.122,0.0
2024-03-01 16:56:21.895,0 days 01:09:46.222000,2681.672912822238,-541.2775578141622,-118.44986636055478,OnTrack,208.0,11058.0,100.0,0,8,5,3511.9444444444475,0.6503174972132738,,,interpolation,0 days 00:01:00.521000,60.521,4186.222,0.0
2024-03-01 16:56:21.995,0 days 01:09:46.322000,2734.0,-512.0,-117.0,OnTrack,209.5,11292.0,99.5,0,8,5,3516.8701637047147,0.6512296077184327,,,interpolation,0 days 00:01:00.621000,60.621,4186.322,0.0
2024-03-01 16:56:22.095,0 days 01:09:46.422000,2784.0883758523178,-480.040617389706,-115.50795043943484,OnTrack,211.0,11526.0,99.0,0,8,5,3521.3222222222257,0.6520540090147388,,,interpolation,0 days 00:01:00.721000,60.721,4186.422,0.0
2024-03-01 16:56:22.195,0 days 01:09:46.522000,2831.0,-447.0,-114.0,OnTrack,213.0,11526.0,99.0,0,8,5,3527.000552801127,0.6531054828603065,,,interpolation,0 days 00:01:00.821000,60.821,4186.522,0.0
2024-03-01 16:56:22.295,0 days 01:09:46.622000,2873.796832063854,-414.4787378476025,-112.50243100283639,OnTrack,215.0,11526.0,99.0,0,8,5,3533.26666666667,0.6542657983353248,,,interpolation,0 days 00:01:00.921000,60.921,4186.622,0.0
2024-03-01 16:56:22.395,0 days 01:09:46.722000,2915.0,-380.0,-111.0,OnTrack,216.5,11526.0,99.0,0,8,5,3539.4820750441077,0.6554167245199823,,,interpolation,0 days 00:01:01.021000,61.021,4186.722,0.0
2024-03-01 16:56:22.495,0 days 01:09:46.822000,2957.130631764562,-341.0869555246796,-109.47746354354692,OnTrack,218.0,11526.0,99.0,0,8,5,3545.3777777777814,0.6565084498324774,,,interpolation,0 days 00:01:01.121000,61.121,4186.822,0.0
2024-03-01 16:56:22.595,0 days 01:09:46.922000,3000.0582506034084,-297.74427702749176,-107.89347990683224,OnTrack,220.5,11077.5,99.5,0,8,5,3550.684774712033,0.657491162691008,,,interpolation,0 days 00:01:01.221000,61.221,4186.922,0.0
2024-03-01 16:56:22.695,0 days 01:09:47.022000,3043.0,-250.0,-106.0,OnTrack,223.0,10629.0,100.0,0,8,5,3557.7666666666705,0.6588025382905738,,,interpolation,0 days 00:01:01.321000,61.321,4187.022,0.0
2024-03-01 16:56:22.795,0 days 01:09:47.122000,3085.825404536283,-197.85879700020794,-103.75568251974238,OnTrack,227.0,10781.0,99.0,0,8,5,3567.855555555559,0.6606707287120548,,,interpolation,0 days 00:01:01.421000,61.421,4187.122,0.0
2024-03-01 16:56:22.895,0 days 01:09:47.222000,3127.742558134426,-142.50004032654184,-101.24780107494769,OnTrack,228.33333333333334,10854.666666666666,99.0,0,8,6,3574.1624131832823,0.6618385888341674,,,interpolation,0 days 00:01:01.521000,61.521,4187.222,0.0
2024-03-01 16:56:22.995,0 days 01:09:47.322000,3164.0,-91.0,-99.0,OnTrack,229.66666666666666,10928.333333333334,99.0,0,8,6,3576.802397288421,0.6623274427676776,,,interpolation,0 days 00:01:01.621000,61.621,4187.322,0.0
2024-03-01 16:56:23.095,0 days 01:09:47.422000,3193.805815946015,-44.53806039584301,-97.09955379747392,OnTrack,231.0,11002.0,99.0,0,8,6,3583.255555555559,0.6635223938267827,,,interpolation,0 days 00:01:01.721000,61.721,4187.422,0.0
2024-03-01 16:56:23.195,0 days 01:09:47.522000,3223.0,7.0,-95.0,OnTrack,234.0,11122.0,99.0,0,8,6,3593.6555555555587,0.6654481936445209,,,interpolation,0 days 00:01:01.821000,61.821,4187.522,0.0
2024-03-01 16:56:23.295,0 days 01:09:47.622000,3257.4225461894835,73.72840270159979,-92.15487614020876,OnTrack,235.5,11193.5,99.0,0,8,6,3601.3242825392263,0.6668682352817739,,,interpolation,0 days 00:01:01.921000,61.921,4187.622,0.0
2024-03-01 16:56:23.395,0 days 01:09:47.722000,3295.412034957401,152.00755361673208,-88.7610808642148,OnTrack,237.0,11265.0,99.0,0,8,6,3606.8222222222257,0.6678863055932601,,,interpolation,0 days 00:01:02.021000,62.021,4187.722,0.0
2024-03-01 16:56:23.495,0 days 01:09:47.822000,3327.0,220.0,-86.0,OnTrack,238.0,11281.333333333334,99.0,0,8,6,3611.822885143758,0.6688122936454578,,,interpolation,0 days 00:01:02.121000,62.121,4187.822,0.0
2024-03-01 16:56:23.595,0 days 01:09:47.922000,3350.525038773064,274.0661850284319,-84.06853017744712,OnTrack,239.0,11297.666666666666,99.0,0,8,6,3616.602919417281,0.6696974272159131,,,interpolation,0 days 00:01:02.221000,62.221,4187.922,0.0
2024-03-01 16:56:23.695,0 days 01:09:48.022000,3367.4997752789764,317.2705681285497,-82.77840274392346,OnTrack,240.0,11314.0,99.0,0,8,6,3622.8222222222257,0.6708490745436266,,,interpolation,0 days 00:01:02.321000,62.321,4188.022,0.0
2024-03-01 16:56:23.795,0 days 01:09:48.122000,3387.0,368.0,-81.0,OnTrack,242.5,11456.0,99.5,0,8,6,3630.757444504942,0.6723184639307198,,,interpolation,0 days 00:01:02.421000,62.421,4188.122,0.0
2024-03-01 16:56:23.895,0 days 01:09:48.222000,3410.538352427866,429.31897144952984,-78.54505136516313,OnTrack,245.0,11598.0,100.0,0,8,6,3639.1555555555587,0.6738735678471258,,,interpolation,0 days 00:01:02.521000,62.521,4188.222,0.0
2024-03-01 16:56:23.995,0 days 01:09:48.322000,3437.033779938803,498.369080155734,-75.56849998797823,OnTrack,246.0,11592.5,100.0,0,8,6,3646.763524664201,0.675282358762778,,,interpolation,0 days 00:01:02.621000,62.621,4188.322,0.0
2024-03-01 16:56:24.095,0 days 01:09:48.422000,3460.0,558.0,-73.0,OnTrack,247.0,11587.0,100.0,0,8,6,3653.5813518308714,0.6765448366776765,,,interpolation,0 days 00:01:02.721000,62.721,4188.422,0.0
2024-03-01 16:56:24.195,0 days 01:09:48.522000,3478.3559710576083,605.3533579308123,-70.99449296318406,OnTrack,248.0,11581.5,100.0,0,8,6,3660.1029475265514,0.6777524605048018,,,interpolation,0 days 00:01:02.821000,62.821,4188.522,0.0
2024-03-01 16:56:24.295,0 days 01:09:48.622000,3502.0,659.0,-69.0,OnTrack,249.0,11576.0,100.0,0,8,6,3666.8222222222257,0.6789966891571347,,,interpolation,0 days 00:01:02.921000,62.921,4188.622,0.0
2024-03-01 16:56:24.395,0 days 01:09:48.722000,3540.830393715549,737.5107722593923,-66.46454223291744,OnTrack,251.0,10952.5,99.5,0,8,6,3673.739175917894,0.6802775226346753,,,interpolation,0 days 00:01:03.021000,63.021,4188.722,0.0
2024-03-01 16:56:24.495,0 days 01:09:48.822000,3583.0,818.0,-64.0,OnTrack,253.0,10329.0,99.0,0,8,6,3680.877777777781,0.6815993993808942,,,interpolation,0 days 00:01:03.121000,63.121,4188.822,0.0
2024-03-01 16:56:24.595,0 days 01:09:48.922000,3616.661666649098,877.5820085128339,-62.21825363931134,OnTrack,253.33333333333334,10403.0,99.33333333333333,0,8,6,3688.2619969661096,0.6829667578392618,,,interpolation,0 days 00:01:03.221000,63.221,4188.922,0.0
2024-03-01 16:56:24.695,0 days 01:09:49.022000,3656.0,938.0,-60.0,OnTrack,253.66666666666666,10477.0,99.66666666666667,0,8,6,3695.8571965010406,0.6843731841738824,,,interpolation,0 days 00:01:03.321000,63.321,4189.022,0.0
2024-03-01 16:56:24.795,0 days 01:09:49.122000,3715.1996063898628,1020.9971766636045,-56.22593593121455,OnTrack,254.0,10551.0,100.0,0,8,6,3703.455555555559,0.6857801955664115,,,interpolation,0 days 00:01:03.421000,63.421,4189.122,0.0
2024-03-01 16:56:24.895,0 days 01:09:49.222000,3781.0,1107.0,-52.0,OnTrack,254.75,10566.0,100.0,0,8,6,3711.022437502505,0.6871813782466304,,,interpolation,0 days 00:01:03.521000,63.521,4189.222,0.0
2024-03-01 16:56:24.995,0 days 01:09:49.322000,3840.140695011727,1176.4349315055401,-48.42613077340142,OnTrack,255.5,10581.0,100.0,0,8,7,3718.557842341879,0.6885767322145391,,,interpolation,0 days 00:01:03.621000,63.621,4189.322,0.0
2024-03-01 16:56:25.095,0 days 01:09:49.422000,3892.6216914250444,1229.3019711802242,-45.50432825141877,OnTrack,256.25,10596.0,100.0,0,8,7,3725.6809926769815,0.6898957477546411,,,interpolation,0 days 00:01:03.721000,63.721,4189.422,0.0
2024-03-01 16:56:25.195,0 days 01:09:49.522000,3939.7918421258396,1271.0180252647965,-43.08036160372674,OnTrack,257.0,10611.0,100.0,0,8,7,3732.0111111111146,0.6910679151514407,,,interpolation,0 days 00:01:03.821000,63.821,4189.522,0.0
2024-03-01 16:56:25.295,0 days 01:09:49.622000,3983.0,1307.0,-41.0,OnTrack,256.5,10609.0,99.5,0,8,7,3737.5481976442784,0.6920932344049376,,,interpolation,0 days 00:01:03.921000,63.921,4189.622,0.0
2024-03-01 16:56:25.395,0 days 01:09:49.722000,4022.246165047529,1337.2478953858356,-39.26324344023854,OnTrack,256.0,10607.0,99.0,0,8,7,3743.388888888893,0.6931747730717015,,,interpolation,0 days 00:01:04.021000,64.021,4189.722,0.0
2024-03-01 16:56:25.495,0 days 01:09:49.822000,4057.530337268422,1361.7617114223021,-37.87009192444237,OnTrack,257.5,10633.0,99.0,0,8,7,3750.6298214573803,0.6945155987083023,,,interpolation,0 days 00:01:04.121000,64.121,4189.822,0.0
2024-03-01 16:56:25.595,0 days 01:09:49.922000,4094.299340855106,1384.644671747618,-36.54189444642502,OnTrack,259.0,10659.0,99.0,0,8,7,3757.849722222226,0.695852529821478,,,interpolation,0 days 00:01:04.221000,64.221,4189.922,0.0
2024-03-01 16:56:25.695,0 days 01:09:50.022000,4138.0,1410.0,-35.0,OnTrack,258.5,10677.5,99.0,0,8,7,3763.6273180559137,0.6969223849179667,,,interpolation,0 days 00:01:04.321000,64.321,4190.022,0.0
2024-03-01 16:56:25.795,0 days 01:09:50.122000,4188.632314703107,1437.8276961794481,-33.24440858516735,OnTrack,258.0,10696.0,99.0,0,8,7,3769.3163888888935,0.6979758475692409,,,interpolation,0 days 00:01:04.421000,64.421,4190.122,0.0
2024-03-01 16:56:25.895,0 days 01:09:50.222000,4254.0,1469.0,-31.0,OnTrack,259.0,10750.0,99.5,0,8,7,3776.270714651617,0.6992636013467741,,,interpolation,0 days 00:01:04.521000,64.521,4190.222,0.0
2024-03-01 16:56:25.995,0 days 01:09:50.322000,4341.906770926258,1504.3891511756933,-27.99165404257095,OnTrack,260.0,10804.0,100.0,0,8,7,3783.6886111111157,0.7006371959284765,,,interpolation,0 days 00:01:04.621000,64.621,4190.322,0.0
2024-03-01 16:56:26.095,0 days 01:09:50.422000,4445.759586689885,1541.9042684442597,-24.47679761075696,OnTrack,260.5,10821.5,99.5,0,8,7,3790.768394034423,0.7019481809922585,,,interpolation,0 days 00:01:04.721000,64.721,4190.422,0.0
2024-03-01 16:56:26.195,0 days 01:09:50.522000,4526.0,1569.0,-22.0,OnTrack,261.0,10839.0,99.0,0,8,7,3798.1886111111157,0.7033222052897462,,,pos,0 days 00:01:04.821000,64.821,4190.522,0.0
2024-03-01 16:56:26.295,0 days 01:09:50.622000,4576.034902551528,1583.585443169913,-20.818690744241785,OnTrack,261.5,10878.5,99.0,0,8,7,3806.627810030769,0.704884917572566,,,interpolation,0 days 00:01:04.921000,64.921,4190.622,0.0
2024-03-01 16:56:26.395,0 days 01:09:50.722000,4624.0,1593.0,-20.0,OnTrack,262.0,10918.0,99.0,0,8,7,3815.655277777782,0.7065565613938962,,,interpolation,0 days 00:01:05.021000,65.021,4190.722,0.0
2024-03-01 16:56:26.495,0 days 01:09:50.822000,4698.030998000953,1604.5830725362628,-18.611057923792373,OnTrack,262.5,10906.5,99.0,0,8,7,3824.840301336552,0.7082573803069157,,,interpolation,0 days 00:01:05.121000,65.121,4190.822,0.0
2024-03-01 16:56:26.595,0 days 01:09:50.922000,4781.0,1614.0,-17.0,OnTrack,263.0,10895.0,99.0,0,8,7,3833.188611111115,0.7098032623686729,,,interpolation,0 days 00:01:05.221000,65.221,4190.922,0.0
2024-03-01 16:56:26.695,0 days 01:09:51.022000,4855.779109442756,1616.9161216125112,-15.514961713004018,OnTrack,263.3333333333333,10914.0,99.0,0,8,7,3839.705937505505,0.7110100956362169,,,interpolation,0 days 00:01:05.321000,65.321,4191.022,0.0
2024-03-01 16:56:26.795,0 days 01:09:51.122000,4922.949700462594,1613.9707787467562,-14.164504864317353,OnTrack,263.6666666666667,10933.0,99.0,0,8,7,3844.7857203942613,0.7119507345748051,,,interpolation,0 days 00:01:05.421000,65.421,4191.122,0.0
2024-03-01 16:56:26.895,0 days 01:09:51.222000,4986.0,1609.0,-13.0,OnTrack,264.0,10952.0,99.0,0,8,7,3850.7886111111156,0.7130623082140762,,,interpolation,0 days 00:01:05.521000,65.521,4191.222,0.0
2024-03-01 16:56:26.995,0 days 01:09:51.322000,5045.5113762351075,1602.643120198381,-12.0300088338925,OnTrack,265.0,10972.5,99.0,0,8,7,3858.10805355945,0.7144176717653212,,,interpolation,0 days 00:01:05.621000,65.621,4191.322,0.0
2024-03-01 16:56:27.095,0 days 01:09:51.422000,5105.270776375267,1593.1478056087128,-11.179690777417482,OnTrack,266.0,10993.0,99.0,0,8,7,3865.5663888888926,0.7157987545362896,,,interpolation,0 days 00:01:05.721000,65.721,4191.422,0.0
2024-03-01 16:56:27.195,0 days 01:09:51.522000,5188.0,1570.0,-10.0,OnTrack,266.0,11023.5,99.0,0,8,7,3871.9859582490735,0.7169874858347313,,,interpolation,0 days 00:01:05.821000,65.821,4191.522,0.0
2024-03-01 16:56:27.295,0 days 01:09:51.622000,5297.486033095198,1531.4473516950661,-8.416095146691134,OnTrack,266.0,11054.0,99.0,0,8,7,3880.3441666666704,0.7185352008585032,,,interpolation,0 days 00:01:05.921000,65.921,4191.622,0.0
2024-03-01 16:56:27.395,0 days 01:09:51.722000,5399.0,1493.0,-7.0,OnTrack,268.0,10873.0,99.0,0,8,7,3892.2552777777814,0.7207408177437761,,,interpolation,0 days 00:01:06.021000,66.021,4191.722,0.0
2024-03-01 16:56:27.495,0 days 01:09:51.822000,5457.813025053548,1470.1680842208889,-6.323738342435706,OnTrack,268.0,10958.5,99.0,0,8,7,3899.540401363067,0.7220898263661553,,,interpolation,0 days 00:01:06.121000,66.121,4191.822,0.0
2024-03-01 16:56:27.595,0 days 01:09:51.922000,5473.925108255844,1462.9516043577341,-6.387310173998259,OnTrack,268.0,11044.0,99.0,0,8,7,3904.1663888888934,0.7229464346290492,,,interpolation,0 days 00:01:06.221000,66.221,4191.922,0.0
2024-03-01 16:56:27.695,0 days 01:09:52.022000,5495.824637330216,1450.2593223157116,-6.50722691856168,OnTrack,268.0,11027.5,99.0,0,8,7,3909.4632471708483,0.7239272700823159,,,interpolation,0 days 00:01:06.321000,66.321,4192.022,0.0
2024-03-01 16:56:27.795,0 days 01:09:52.122000,5572.0,1411.0,-6.0,OnTrack,268.0,11011.0,99.0,0,8,7,3916.0775000000044,0.725152051514322,,,pos,0 days 00:01:06.421000,66.421,4192.122,0.0
2024-03-01 16:56:27.895,0 days 01:09:52.222000,5693.0,1350.0,-5.0,OnTrack,268.3333333333333,11030.0,99.0,0,8,7,3924.655671167435,0.7267404977134342,,,interpolation,0 days 00:01:06.521000,66.521,4192.222,0.0
2024-03-01 16:56:27.995,0 days 01:09:52.322000,5802.117169397337,1296.217646118488,-4.313454536560757,OnTrack,268.6666666666667,11049.0,99.0,0,8,7,3934.6726215192753,0.7285953670559213,,,interpolation,0 days 00:01:06.621000,66.621,4192.322,0.0
2024-03-01 16:56:28.095,0 days 01:09:52.422000,5890.972529569651,1253.7254515241937,-4.043197553613167,OnTrack,269.0,11068.0,99.0,0,8,7,3942.9775000000045,0.7301332068121258,,,interpolation,0 days 00:01:06.721000,66.721,4192.422,0.0
2024-03-01 16:56:28.195,0 days 01:09:52.522000,5966.0,1218.0,-4.0,OnTrack,269.5,11097.0,99.0,0,8,7,3949.045162078305,0.7312567743625573,,,interpolation,0 days 00:01:06.821000,66.821,4192.522,0.0
2024-03-01 16:56:28.295,0 days 01:09:52.622000,6028.27190609252,1188.2873849830673,-4.152323539052657,OnTrack,270.0,11126.0,99.0,0,8,7,3954.977500000004,0.7323552835249006,,,interpolation,0 days 00:01:06.921000,66.921,4192.622,0.0
2024-03-01 16:56:28.395,0 days 01:09:52.722000,6077.7882478472075,1164.5876064733945,-4.5001681707711345,OnTrack,255.5,10846.0,49.5,0,8,7,3962.876406010928,0.7338179481168399,,,interpolation,0 days 00:01:07.021000,67.021,4192.722,0.0
2024-03-01 16:56:28.495,0 days 01:09:52.822000,6120.410465678292,1143.8440247270248,-4.847928717104046,OnTrack,241.0,10566.0,0.0,1,8,7,3971.044166666671,0.7353303973458939,,,interpolation,0 days 00:01:07.121000,67.121,4192.822,0.0
2024-03-01 16:56:28.595,0 days 01:09:52.922000,6162.0,1123.0,-5.0,OnTrack,233.2,10550.0,0.0,1,8,7,3977.78306852283,0.7365782604195811,,,interpolation,0 days 00:01:07.221000,67.221,4192.922,0.0
2024-03-01 16:56:28.695,0 days 01:09:53.022000,6202.556850812333,1102.055532292321,-4.956382019458999,OnTrack,225.4,10534.0,0.0,1,8,7,3983.093111579403,0.7375615373379014,,,interpolation,0 days 00:01:07.321000,67.321,4193.022,0.0
2024-03-01 16:56:28.795,0 days 01:09:53.122000,6253.0,1073.0,-5.0,OnTrack,217.6,10518.0,0.0,1,8,7,3987.1856136749884,0.7383193584715333,,,interpolation,0 days 00:01:07.421000,67.421,4193.122,0.0
2024-03-01 16:56:28.895,0 days 01:09:53.222000,6324.248429447714,1027.822781519051,-5.413779166141966,OnTrack,209.8,10502.0,0.0,1,8,7,3991.328488332874,0.7390865072466359,,,interpolation,0 days 00:01:07.521000,67.521,4193.222,0.0
2024-03-01 16:56:28.995,0 days 01:09:53.322000,6398.0,977.0,-6.0,OnTrack,202.0,10486.0,0.0,1,8,7,3995.73305555556,0.7399021144345845,,,interpolation,0 days 00:01:07.621000,67.621,4193.322,0.0
2024-03-01 16:56:29.095,0 days 01:09:53.422000,6455.952572501386,931.0077785933743,-6.560942983689214,OnTrack,196.0,10710.333333333334,0.0,1,8,7,4000.399315343049,0.7407661800353792,,,interpolation,0 days 00:01:07.721000,67.721,4193.422,0.0
2024-03-01 16:56:29.195,0 days 01:09:53.522000,6498.106146951869,889.846117299173,-7.096608117209604,OnTrack,190.0,10934.666666666666,0.0,1,8,7,4005.501900265778,0.7417110412963586,,,interpolation,0 days 00:01:07.821000,67.821,4193.522,0.0
2024-03-01 16:56:29.295,0 days 01:09:53.622000,6529.706647926418,853.5113973553855,-7.583969192125193,OnTrack,184.0,11159.0,0.0,1,8,7,4012.0886111111154,0.7429307226949592,,,interpolation,0 days 00:01:07.921000,67.921,4193.622,0.0
2024-03-01 16:56:29.395,0 days 01:09:53.722000,6556.0,822.0,-8.0,OnTrack,174.0,10760.0,0.0,1,8,7,4019.8219444444485,0.7443627276876363,,,interpolation,0 days 00:01:08.021000,68.021,4193.722,0.0
2024-03-01 16:56:29.495,0 days 01:09:53.822000,6576.98620317261,795.3119252330163,-8.344700540834024,OnTrack,171.33333333333334,10567.0,0.0,1,8,5,4025.629057773075,0.7454380486289685,,,interpolation,0 days 00:01:08.121000,68.121,4193.822,0.0
2024-03-01 16:56:29.595,0 days 01:09:53.922000,6592.665257444254,773.4471730544349,-8.618070814627268,OnTrack,168.66666666666666,10374.0,0.0,1,8,5,4029.3094581347445,0.7461195596237481,,,interpolation,0 days 00:01:08.221000,68.221,4193.922,0.0
2024-03-01 16:56:29.695,0 days 01:09:54.022000,6603.922778113301,754.0140391787471,-8.859702657860494,OnTrack,166.0,10181.0,0.0,1,8,5,4032.7330555555595,0.7467535176323071,,,interpolation,0 days 00:01:08.321000,68.321,4194.022,0.0
2024-03-01 16:56:29.795,0 days 01:09:54.122000,6616.072484176177,722.6622244194973,-9.307148305683658,OnTrack,164.33333333333334,10055.0,0.0,1,8,5,4036.2115033021964,0.7473976324435077,,,interpolation,0 days 00:01:08.421000,68.421,4194.122,0.0
2024-03-01 16:56:29.895,0 days 01:09:54.222000,6630.0,677.0,-10.0,OnTrack,162.66666666666666,9929.0,0.0,0,8,4,4039.759627993703,0.7480546495477591,,,interpolation,0 days 00:01:08.521000,68.521,4194.222,0.0
2024-03-01 16:56:29.995,0 days 01:09:54.322000,6645.705325584771,617.0273659202551,-10.938257740809528,OnTrack,161.0,9803.0,0.0,0,8,4,4043.466388888893,0.748741041803178,,,interpolation,0 days 00:01:08.621000,68.621,4194.322,0.0
2024-03-01 16:56:30.095,0 days 01:09:54.422000,6659.0,553.0,-12.0,OnTrack,158.66666666666666,9647.0,0.0,0,8,4,4047.3466124549914,0.7494595546720604,,,interpolation,0 days 00:01:08.721000,68.721,4194.422,0.0
2024-03-01 16:56:30.195,0 days 01:09:54.522000,6665.695562315198,495.17358005897165,-13.063305249459182,OnTrack,156.33333333333334,9491.0,0.0,0,8,4,4051.5700570212057,0.7502416228235839,,,interpolation,0 days 00:01:08.821000,68.821,4194.522,0.0
2024-03-01 16:56:30.295,0 days 01:09:54.622000,6666.426526959493,443.53437524241673,-14.106550816416753,OnTrack,154.0,9335.0,0.0,0,8,4,4057.1552777777815,0.7512758552384916,,,interpolation,0 days 00:01:08.921000,68.921,4194.622,0.0
2024-03-01 16:56:30.395,0 days 01:09:54.722000,6665.0,398.0,-15.0,OnTrack,150.0,9055.0,0.0,0,8,4,4063.821944444448,0.7525103423011443,,,interpolation,0 days 00:01:09.021000,69.021,4194.722,0.0
2024-03-01 16:56:30.495,0 days 01:09:54.822000,6662.050502363311,358.5567233363631,-15.722029906021294,OnTrack,148.33333333333334,9079.666666666666,0.0,0,8,4,4068.8695011075097,0.7534450138109278,,,interpolation,0 days 00:01:09.121000,69.121,4194.822,0.0
2024-03-01 16:56:30.595,0 days 01:09:54.922000,6657.578034049426,325.20454525150615,-16.272640534480633,OnTrack,146.66666666666666,9104.333333333334,0.0,0,8,4,4072.10815444056,0.754044725156938,,,interpolation,0 days 00:01:09.221000,69.221,4194.922,0.0
2024-03-01 16:56:30.695,0 days 01:09:55.022000,6651.061684990215,296.5556873310052,-16.695993434312186,OnTrack,145.0,9129.0,0.0,0,8,4,4075.099722222226,0.7545986829154652,,,interpolation,0 days 00:01:09.321000,69.321,4195.022,0.0
2024-03-01 16:56:30.795,0 days 01:09:55.122000,6639.375978774498,264.28343645561904,-17.257059255768393,OnTrack,144.66666666666666,9181.0,17.333333333333332,0,8,4,4078.1045087483644,0.7551550884293479,,,interpolation,0 days 00:01:09.421000,69.421,4195.122,0.0
2024-03-01 16:56:30.895,0 days 01:09:55.222000,6622.0,227.0,-18.0,OnTrack,144.33333333333334,9233.0,34.666666666666664,0,8,4,4081.183179135842,0.7557251752438747,,,interpolation,0 days 00:01:09.521000,69.521,4195.222,0.0
2024-03-01 16:56:30.995,0 days 01:09:55.322000,6598.933748666722,184.70537796414825,-18.924815667007007,OnTrack,144.0,9285.0,52.0,0,8,4,4084.6997222222262,0.7563763442856852,,,interpolation,0 days 00:01:09.621000,69.621,4195.322,0.0
2024-03-01 16:56:31.095,0 days 01:09:55.422000,6570.177224774662,137.39957034806366,-20.03150625678941,OnTrack,144.5,9422.5,55.5,0,8,4,4088.714802503177,0.7571198289850369,,,interpolation,0 days 00:01:09.721000,69.721,4195.422,0.0
2024-03-01 16:56:31.195,0 days 01:09:55.522000,6541.582088495272,93.14397755794724,-21.122443718177113,OnTrack,145.0,9560.0,59.0,0,8,4,4092.755277777782,0.7578680161530572,,,interpolation,0 days 00:01:09.821000,69.821,4195.522,0.0
2024-03-01 16:56:31.295,0 days 01:09:55.622000,6519.0,60.0,-22.0,OnTrack,148.0,9706.0,64.5,0,8,4,4096.348005845128,0.7585332926008725,,,interpolation,0 days 00:01:09.921000,69.921,4195.622,0.0
2024-03-01 16:56:31.395,0 days 01:09:55.722000,6502.4309592888485,37.96763767422194,-22.664175102258078,OnTrack,151.0,9852.0,70.0,0,8,4,4101.144166666671,0.759421412373562,,,interpolation,0 days 00:01:10.021000,70.021,4195.722,0.0
2024-03-01 16:56:31.495,0 days 01:09:55.822000,6489.615860604156,24.35381547087711,-23.186926360660603,OnTrack,157.0,10100.0,73.0,0,8,4,4108.121944444449,0.7607135088324718,,,interpolation,0 days 00:01:10.121000,70.121,4195.822,0.0
2024-03-01 16:56:31.595,0 days 01:09:55.922000,6467.0,3.0,-24.0,OnTrack,161.0,10344.5,81.0,0,8,4,4113.243385296342,0.7616618617035424,,,interpolation,0 days 00:01:10.221000,70.221,4195.922,0.0
2024-03-01 16:56:31.695,0 days 01:09:56.022000,6432.32424858536,-28.786911425375646,-25.175354092832414,OnTrack,165.0,10589.0,89.0,0,8,4,4117.288611111115,0.7624109285436192,,,interpolation,0 days 00:01:10.321000,70.321,4196.022,0.0
2024-03-01 16:56:31.795,0 days 01:09:56.122000,6387.6116051182,-68.93357593497227,-26.644888002377765,OnTrack,168.0,10818.0,92.33333333333333,0,8,4,4121.7107326455025,0.7632297863171713,,,interpolation,0 days 00:01:10.421000,70.421,4196.122,0.0
2024-03-01 16:56:31.895,0 days 01:09:56.222000,6345.0,-105.0,-28.0,OnTrack,171.0,11047.0,95.66666666666667,0,8,4,4126.413780857633,0.7641006641431074,,,interpolation,0 days 00:01:10.521000,70.521,4196.222,0.0
2024-03-01 16:56:31.995,0 days 01:09:56.322000,6306.512411273326,-134.91286198110356,-29.17259014626599,OnTrack,174.0,11276.0,99.0,0,8,4,4130.8219444444485,0.7649169372808043,,,interpolation,0 days 00:01:10.621000,70.621,4196.322,0.0
2024-03-01 16:56:32.095,0 days 01:09:56.422000,6272.047807839192,-159.08572716758215,-30.165968998239073,OnTrack,178.0,11473.333333333334,99.0,0,8,4,4134.839255346795,0.7656608350311446,,,interpolation,0 days 00:01:10.721000,70.721,4196.422,0.0
2024-03-01 16:56:32.195,0 days 01:09:56.522000,6241.0,-180.0,-31.0,OnTrack,182.0,11670.666666666666,99.0,0,8,4,4138.870040926753,0.7664072279287624,,,interpolation,0 days 00:01:10.821000,70.821,4196.522,0.0
2024-03-01 16:56:32.295,0 days 01:09:56.622000,6213.267955622205,-198.06925000258659,-31.6779937425124,OnTrack,186.0,11868.0,99.0,0,8,4,4145.340277777782,0.7676053414814964,,,interpolation,0 days 00:01:10.921000,70.921,4196.622,0.0
2024-03-01 16:56:32.395,0 days 01:09:56.722000,6186.212648225646,-214.77429539448795,-32.24818711822523,OnTrack,193.0,10888.0,99.0,0,8,4,4153.9180555555595,0.7691937148354429,,,interpolation,0 days 00:01:11.021000,71.021,4196.722,0.0
2024-03-01 16:56:32.495,0 days 01:09:56.822000,6144.0,-239.0,-33.0,OnTrack,195.75,10998.5,99.0,0,8,4,4160.185900562253,0.770354350871164,,,interpolation,0 days 00:01:11.121000,71.121,4196.822,0.0
2024-03-01 16:56:32.595,0 days 01:09:56.922000,6083.991011488605,-272.22716687476793,-33.98166878634243,OnTrack,198.5,11109.0,99.0,0,8,4,4163.407563411971,0.7709509160373951,,,interpolation,0 days 00:01:11.221000,71.221,4196.922,0.0
2024-03-01 16:56:32.695,0 days 01:09:57.022000,6020.0,-307.0,-35.0,OnTrack,201.25,11219.5,99.0,0,8,4,4166.40363900015,0.7715057085202457,,,interpolation,0 days 00:01:11.321000,71.321,4197.022,0.0
2024-03-01 16:56:32.795,0 days 01:09:57.122000,5965.841282842727,-335.8627033569044,-35.861800163720176,OnTrack,204.0,11330.0,99.0,0,8,4,4171.994722222226,0.7725410265058258,,,interpolation,0 days 00:01:11.421000,71.421,4197.122,0.0
2024-03-01 16:56:32.895,0 days 01:09:57.222000,5921.734777985888,-358.83108569532817,-36.554201839051935,OnTrack,209.0,11434.5,99.0,0,8,5,4180.180813078201,0.7740568699941358,,,interpolation,0 days 00:01:11.521000,71.521,4197.222,0.0
2024-03-01 16:56:32.995,0 days 01:09:57.322000,5889.0,-376.0,-37.0,OnTrack,214.0,11539.0,99.0,0,8,5,4188.6391666666705,0.7756231292055821,,,interpolation,0 days 00:01:11.621000,71.621,4197.322,0.0
2024-03-01 16:56:33.095,0 days 01:09:57.422000,5867.856869106138,-387.3852551826494,-37.18632707635008,OnTrack,216.0,11635.0,99.0,0,8,5,4195.047038086237,0.7768096943605716,,,interpolation,0 days 00:01:11.721000,71.721,4197.422,0.0
2024-03-01 16:56:33.195,0 days 01:09:57.522000,5796.0,-425.0,-38.0,OnTrack,218.0,11731.0,99.0,0,8,5,4200.750277777782,0.7778657807027346,,,pos,0 days 00:01:11.821000,71.821,4197.522,0.0
2024-03-01 16:56:33.295,0 days 01:09:57.622000,5636.0,-508.0,-40.0,OnTrack,221.0,11241.0,99.0,0,8,5,4207.094736182185,0.7790406034757007,,,interpolation,0 days 00:01:11.921000,71.921,4197.622,0.0
2024-03-01 16:56:33.395,0 days 01:09:57.722000,5537.113589035515,-559.2405609498361,-41.219302788117474,OnTrack,224.0,10751.0,99.0,0,8,5,4213.194722222225,0.7801701565530195,,,interpolation,0 days 00:01:12.021000,72.021,4197.722,0.0
2024-03-01 16:56:33.495,0 days 01:09:57.822000,5524.217014460732,-565.864167980455,-41.330069304450085,OnTrack,225.5,10766.5,99.0,0,8,5,4218.164544820679,0.7810904338082401,,,interpolation,0 days 00:01:12.121000,72.121,4197.822,0.0
2024-03-01 16:56:33.595,0 days 01:09:57.922000,5539.711932655581,-557.8056910208462,-41.02580116855765,OnTrack,227.0,10782.0,99.0,0,8,5,4223.283611111115,0.7820383469745008,,,interpolation,0 days 00:01:12.221000,72.221,4197.922,0.0
2024-03-01 16:56:33.695,0 days 01:09:58.022000,5526.0,-565.0,-41.0,OnTrack,229.33333333333334,10918.666666666666,99.0,0,8,5,4229.831328227101,0.78325080778494,,,interpolation,0 days 00:01:12.321000,72.321,4198.022,0.0
2024-03-01 16:56:33.795,0 days 01:09:58.122000,5483.081216493991,-587.447094917916,-41.25266579877716,OnTrack,231.66666666666666,11055.333333333334,99.0,0,8,6,4237.460019152644,0.7846634358228238,,,interpolation,0 days 00:01:12.421000,72.421,4198.122,0.0
2024-03-01 16:56:33.895,0 days 01:09:58.222000,5416.108553778607,-622.4692468512698,-41.71786564568138,OnTrack,234.0,11192.0,99.0,0,8,6,4244.083611111114,0.7858899466099771,,,interpolation,0 days 00:01:12.521000,72.521,4198.222,0.0
2024-03-01 16:56:33.995,0 days 01:09:58.322000,5356.0,-654.0,-42.0,OnTrack,236.0,11267.0,99.0,0,8,6,4249.354423526286,0.786865959070407,,,interpolation,0 days 00:01:12.621000,72.621,4198.322,0.0
2024-03-01 16:56:34.095,0 days 01:09:58.422000,5307.908579565926,-679.3615980206972,-42.03313526736873,OnTrack,238.0,11342.0,99.0,0,8,6,4254.661388888891,0.7878486660827194,,,interpolation,0 days 00:01:12.721000,72.721,4198.422,0.0
2024-03-01 16:56:34.195,0 days 01:09:58.522000,5240.0,-715.0,-42.0,OnTrack,240.0,11393.0,99.0,0,8,6,4261.39343968966,0.78909526052552,,,interpolation,0 days 00:01:12.821000,72.821,4198.522,0.0
2024-03-01 16:56:34.295,0 days 01:09:58.622000,5133.0,-771.0,-42.0,OnTrack,242.0,11444.0,99.0,0,8,6,4269.550575928593,0.7906057423988089,,,interpolation,0 days 00:01:12.921000,72.921,4198.622,0.0
2024-03-01 16:56:34.395,0 days 01:09:58.722000,5062.26915245634,-809.1944124577565,-41.53319620704748,OnTrack,244.0,11495.0,99.0,0,8,6,4277.779785314343,0.7921295702771941,,,interpolation,0 days 00:01:13.021000,73.021,4198.722,0.0
2024-03-01 16:56:34.495,0 days 01:09:58.822000,5014.0,-836.0,-41.0,OnTrack,246.0,11546.0,99.0,0,8,6,4284.728055555559,0.7934162027352835,,,interpolation,0 days 00:01:13.121000,73.121,4198.822,0.0
2024-03-01 16:56:34.595,0 days 01:09:58.922000,4961.824925472429,-864.1947554166713,-40.88414636105077,OnTrack,247.33333333333334,11181.0,99.0,0,8,6,4290.395386652244,0.7944656397730775,,,interpolation,0 days 00:01:13.221000,73.221,4198.922,0.0
2024-03-01 16:56:34.695,0 days 01:09:59.022000,4905.548706184033,-894.0284812025195,-41.08513932351082,OnTrack,248.66666666666666,10816.0,99.0,0,8,6,4295.171501135779,0.7953500475040283,,,interpolation,0 days 00:01:13.321000,73.321,4199.022,0.0
2024-03-01 16:56:34.795,0 days 01:09:59.122000,4844.0,-927.0,-41.0,OnTrack,250.0,10451.0,99.0,0,8,6,4301.394722222225,0.7965024203919152,,,interpolation,0 days 00:01:13.421000,73.421,4199.122,0.0
2024-03-01 16:56:34.895,0 days 01:09:59.222000,4776.983582231645,-963.3591168618528,-40.528231394745404,OnTrack,252.5,10478.5,99.0,0,8,6,4309.454768452227,0.7979949238112132,,,interpolation,0 days 00:01:13.521000,73.521,4199.222,0.0
2024-03-01 16:56:34.995,0 days 01:09:59.322000,4708.0,-1001.0,-40.0,OnTrack,255.0,10506.0,99.0,0,8,6,4318.394722222225,0.7996503624016796,,,interpolation,0 days 00:01:13.621000,73.621,4199.322,0.0
2024-03-01 16:56:35.095,0 days 01:09:59.422000,4640.5498004260935,-1037.816817626364,-39.74547230801679,OnTrack,257.5,10595.0,99.0,0,8,6,4327.257665928663,0.8012915408030723,,,interpolation,0 days 00:01:13.721000,73.721,4199.422,0.0
2024-03-01 16:56:35.195,0 days 01:09:59.522000,4575.049701682153,-1073.5897627302563,-39.758256293384726,OnTrack,260.0,10684.0,99.0,0,8,7,4335.728055555559,0.802860028764577,,,interpolation,0 days 00:01:13.821000,73.821,4199.522,0.0
2024-03-01 16:56:35.295,0 days 01:09:59.622000,4514.0,-1107.0,-40.0,OnTrack,261.6666666666667,10749.666666666666,99.0,0,8,7,4343.490347086934,0.8042973960353802,,,interpolation,0 days 00:01:13.921000,73.921,4199.622,0.0
2024-03-01 16:56:35.395,0 days 01:09:59.722000,4457.81740928469,-1137.827724675719,-40.46431146790557,OnTrack,263.3333333333333,10815.333333333334,99.0,0,8,7,4350.483266376777,0.8055922962944031,,,interpolation,0 days 00:01:14.021000,74.021,4199.722,0.0
2024-03-01 16:56:35.495,0 days 01:09:59.822000,4403.829320797138,-1167.5467499217714,-41.14445319925578,OnTrack,265.0,10881.0,99.0,0,8,7,4356.33916666667,0.8066766512666117,,,interpolation,0 days 00:01:14.121000,74.121,4199.822,0.0
2024-03-01 16:56:35.595,0 days 01:09:59.922000,4336.0,-1205.0,-42.0,OnTrack,265.0,10894.0,99.0,0,8,7,4360.996773183154,0.8075391145147408,,,interpolation,0 days 00:01:14.221000,74.221,4199.922,0.0
2024-03-01 16:56:35.695,0 days 01:10:00.022000,4251.656810786537,-1251.6613031666866,-43.024214303300255,OnTrack,265.0,10907.0,99.0,0,8,7,4368.116944444448,0.8088575784106314,,,interpolation,0 days 00:01:14.321000,74.321,4200.022,0.0
2024-03-01 16:56:35.795,0 days 01:10:00.122000,4168.0,-1298.0,-44.0,OnTrack,268.0,11066.0,99.0,0,8,7,4380.028055555558,0.8110631952959042,,,interpolation,0 days 00:01:14.421000,74.421,4200.122,0.0
2024-03-01 16:56:35.895,0 days 01:10:00.222000,4102.229814483638,-1334.485431078108,-44.710260980942714,OnTrack,269.0,11092.0,99.0,0,8,7,4388.735165103166,0.8126755174093476,,,interpolation,0 days 00:01:14.521000,74.521,4200.222,0.0
2024-03-01 16:56:35.995,0 days 01:10:00.322000,4054.3462542374527,-1361.1175964010113,-45.1549972461284,OnTrack,270.0,11118.0,99.0,0,8,7,4395.028055555558,0.8138407911868729,,,interpolation,0 days 00:01:14.621000,74.621,4200.322,0.0
2024-03-01 16:56:36.095,0 days 01:10:00.422000,4007.5395668725414,-1387.190963523409,-45.7722348882499,OnTrack,271.0,11149.0,99.0,0,8,7,4401.029006438934,0.8149520056212441,,,interpolation,0 days 00:01:14.721000,74.721,4200.422,0.0
2024-03-01 16:56:36.195,0 days 01:10:00.522000,3945.0,-1422.0,-47.0,OnTrack,272.0,11180.0,99.0,0,8,7,4406.738017753292,0.8160091607124613,,,interpolation,0 days 00:01:14.821000,74.821,4200.522,0.0
2024-03-01 16:56:36.295,0 days 01:10:00.622000,3866.7275536198295,-1465.5447058307846,-48.83829258137873,OnTrack,273.0,11211.0,99.0,0,8,7,4412.680936857672,0.8171096292247736,,,interpolation,0 days 00:01:14.921000,74.921,4200.622,0.0
2024-03-01 16:56:36.395,0 days 01:10:00.722000,3777.501797119949,-1515.176058023247,-51.137505438059485,OnTrack,274.0,11242.0,99.0,0,8,7,4419.383611111113,0.8183507839224308,,,interpolation,0 days 00:01:15.021000,75.021,4200.722,0.0
2024-03-01 16:56:36.495,0 days 01:10:00.822000,3706.0,-1555.0,-53.0,OnTrack,275.0,11294.0,99.0,0,8,7,4426.846040513613,0.8197326248054325,,,interpolation,0 days 00:01:15.121000,75.121,4200.822,0.0
2024-03-01 16:56:36.595,0 days 01:10:00.922000,3657.0016827053623,-1582.3675358943847,-54.276170604843514,OnTrack,276.0,11346.0,99.0,0,8,7,4434.716944444447,0.8211901041665322,,,interpolation,0 days 00:01:15.221000,75.221,4200.922,0.0
2024-03-01 16:56:36.695,0 days 01:10:01.022000,3630.506845236035,-1597.278665706401,-54.96601725259003,OnTrack,276.6666666666667,11375.666666666666,99.0,0,8,7,4442.645042282893,0.8226581742984831,,,interpolation,0 days 00:01:15.321000,75.321,4201.022,0.0
2024-03-01 16:56:36.795,0 days 01:10:01.122000,3594.7585851486892,-1617.3004626652164,-55.92285527404152,OnTrack,277.3333333333333,11405.333333333334,99.0,0,8,7,4450.714248839511,0.824152373963486,,,interpolation,0 days 00:01:15.421000,75.421,4201.122,0.0
2024-03-01 16:56:36.895,0 days 01:10:01.222000,3518.0,-1660.0,-58.0,OnTrack,278.0,11435.0,99.0,0,8,7,4459.428055555559,0.8257659362120984,,,interpolation,0 days 00:01:15.521000,75.521,4201.222,0.0
2024-03-01 16:56:36.995,0 days 01:10:01.322000,3410.0,-1720.0,-61.0,OnTrack,279.5,11483.0,99.0,0,8,7,4468.870378100886,0.8275143999656387,,,interpolation,0 days 00:01:15.621000,75.621,4201.322,0.0
2024-03-01 16:56:37.095,0 days 01:10:01.422000,3329.371746309011,-1765.0369615901145,-63.738152756935975,OnTrack,281.0,11531.0,99.0,0,8,7,4478.161388888891,0.8292348448581525,,,interpolation,0 days 00:01:15.721000,75.721,4201.422,0.0
2024-03-01 16:56:37.195,0 days 01:10:01.522000,3274.0,-1796.0,-66.0,OnTrack,281.3333333333333,11553.333333333334,99.0,0,8,7,4486.421260332968,0.8307643505236856,,,interpolation,0 days 00:01:15.821000,75.821,4201.522,0.0
2024-03-01 16:56:37.295,0 days 01:10:01.622000,3232.000711969028,-1819.1554531070215,-67.76853286695734,OnTrack,281.6666666666667,11575.666666666666,99.0,0,8,7,4493.6774521971665,0.8321080017707575,,,interpolation,0 days 00:01:15.921000,75.921,4201.622,0.0
2024-03-01 16:56:37.395,0 days 01:10:01.722000,3196.249467815821,-1838.6096012147377,-69.28534601883143,OnTrack,282.0,11598.0,99.0,0,8,7,4500.094722222225,0.83329630729428,,,interpolation,0 days 00:01:16.021000,76.021,4201.722,0.0
2024-03-01 16:56:37.495,0 days 01:10:01.822000,3124.0,-1879.0,-72.0,OnTrack,283.0,11391.0,99.0,0,8,7,4505.700529891003,0.834334351850704,,,interpolation,0 days 00:01:16.121000,76.121,4201.822,0.0
2024-03-01 16:56:37.595,0 days 01:10:01.922000,3014.0,-1941.0,-76.0,OnTrack,284.0,11184.0,99.0,0,8,7,4512.716944444447,0.8356336027995692,,,interpolation,0 days 00:01:16.221000,76.221,4201.922,0.0
2024-03-01 16:56:37.695,0 days 01:10:02.022000,2901.481484978055,-2004.0123803630547,-80.3608287669491,OnTrack,284.5,10720.0,99.0,0,8,7,4523.3660351235,0.8376055275004152,,,interpolation,0 days 00:01:16.321000,76.321,4202.022,0.0
2024-03-01 16:56:37.795,0 days 01:10:02.122000,2795.593680221182,-2062.851424264695,-84.73920953062563,OnTrack,285.0,10256.0,99.0,0,8,7,4534.883611111114,0.8397382722828896,,,interpolation,0 days 00:01:16.421000,76.421,4202.122,0.0
2024-03-01 16:56:37.895,0 days 01:10:02.222000,2716.0,-2107.0,-88.0,OnTrack,285.75,10268.25,99.0,0,8,7,4544.505481590242,0.84151998347664,,,interpolation,0 days 00:01:16.521000,76.521,4202.222,0.0
2024-03-01 16:56:37.995,0 days 01:10:02.322000,2665.977663246863,-2134.705261259419,-89.95401076188706,OnTrack,286.5,10280.5,99.0,0,8,8,4552.231646560886,0.842950661081667,,,interpolation,0 days 00:01:16.621000,76.621,4202.322,0.0
2024-03-01 16:56:38.095,0 days 01:10:02.422000,2645.526669961771,-2145.9672080429536,-90.60124181628682,OnTrack,287.25,10292.75,99.0,0,8,8,4559.2837938066405,0.8442565287624885,,,interpolation,0 days 00:01:16.721000,76.721,4202.422,0.0
2024-03-01 16:56:38.195,0 days 01:10:02.522000,2622.0623416957937,-2158.9955508050107,-91.19785196254317,OnTrack,288.0,10305.0,99.0,0,8,8,4566.883611111114,0.8456638101836227,,,interpolation,0 days 00:01:16.821000,76.821,4202.522,0.0
2024-03-01 16:56:38.295,0 days 01:10:02.622000,2563.0,-2192.0,-93.0,OnTrack,288.5,10330.5,99.0,0,8,8,4575.031098474302,0.84717250534507,,,interpolation,0 days 00:01:16.921000,76.921,4202.622,0.0
2024-03-01 16:56:38.395,0 days 01:10:02.722000,2468.3396448743924,-2244.980555627921,-96.00768592865737,OnTrack,289.0,10356.0,99.0,0,8,8,4582.939166666669,0.848636866526178,,,interpolation,0 days 00:01:17.021000,77.021,4202.722,0.0
2024-03-01 16:56:38.495,0 days 01:10:02.822000,2368.0,-2301.0,-99.0,OnTrack,289.3333333333333,10357.0,99.0,0,8,8,4589.820726458682,0.8499111460062945,,,interpolation,0 days 00:01:17.121000,77.121,4202.822,0.0
2024-03-01 16:56:38.595,0 days 01:10:02.922000,2291.8997890578567,-2343.1211154274642,-100.75603246551273,OnTrack,289.6666666666667,10358.0,99.0,0,8,8,4595.881192117401,0.8510333809736959,,,interpolation,0 days 00:01:17.221000,77.221,4202.922,0.0
2024-03-01 16:56:38.695,0 days 01:10:03.022000,2227.0,-2379.0,-102.0,OnTrack,290.0,10359.0,99.0,0,8,8,4602.353055555559,0.8522317957265448,,,interpolation,0 days 00:01:17.321000,77.321,4203.022,0.0
2024-03-01 16:56:38.795,0 days 01:10:03.122000,2160.2616207784667,-2416.292751807293,-103.45611927826614,OnTrack,290.3333333333333,10371.666666666666,99.0,0,8,8,4609.44173314367,0.8535444278426207,,,interpolation,0 days 00:01:17.421000,77.421,4203.122,0.0
2024-03-01 16:56:38.895,0 days 01:10:03.222000,2086.0,-2458.0,-105.0,OnTrack,290.6666666666667,10384.333333333334,99.0,0,8,8,4617.093542267291,0.8549613367479704,,,interpolation,0 days 00:01:17.521000,77.521,4203.222,0.0
2024-03-01 16:56:38.995,0 days 01:10:03.322000,1998.5304862713413,-2507.12237372878,-106.5072518648904,OnTrack,291.0,10397.0,99.0,0,8,8,4624.986388888891,0.8564228793042507,,,interpolation,0 days 00:01:17.621000,77.621,4203.322,0.0
2024-03-01 16:56:39.095,0 days 01:10:03.422000,1901.7455351991468,-2561.480714010237,-107.93211180423796,OnTrack,291.5,10417.0,99.0,0,8,8,4633.0665909437375,0.8579191150392996,,,interpolation,0 days 00:01:17.721000,77.721,4203.422,0.0
2024-03-01 16:56:39.195,0 days 01:10:03.522000,1819.0,-2608.0,-109.0,OnTrack,292.0,10437.0,99.0,0,8,8,4641.208611111114,0.8594267978233724,,,interpolation,0 days 00:01:17.821000,77.821,4203.522,0.0
2024-03-01 16:56:39.295,0 days 01:10:03.622000,1754.1863761395068,-2644.501050399972,-109.6651529148609,OnTrack,292.0,10461.5,99.0,0,8,8,4649.286912070309,0.8609226815267235,,,interpolation,0 days 00:01:17.921000,77.921,4203.622,0.0
2024-03-01 16:56:39.395,0 days 01:10:03.722000,1707.3046636176668,-2670.9838652101507,-109.9275705488206,OnTrack,292.0,10486.0,99.0,0,8,8,4657.349722222225,0.8624156967498985,,,interpolation,0 days 00:01:18.021000,78.021,4203.722,0.0
2024-03-01 16:56:39.495,0 days 01:10:03.822000,1659.770619286994,-2697.974747415255,-109.97620290837003,OnTrack,292.5,10488.0,99.0,0,8,8,4665.445269967767,0.8639147740934423,,,interpolation,0 days 00:01:18.121000,78.121,4203.822,0.0
2024-03-01 16:56:39.595,0 days 01:10:03.922000,1593.0,-2736.0,-110.0,OnTrack,293.0,10490.0,99.0,0,8,8,4673.627500000003,0.865429902661209,,,interpolation,0 days 00:01:18.221000,78.221,4203.922,0.0
2024-03-01 16:56:39.695,0 days 01:10:04.022000,1506.9928057566863,-2785.059622964387,-109.99896182371056,OnTrack,293.25,10496.5,99.0,0,8,8,4681.950357012006,0.8669710715570529,,,interpolation,0 days 00:01:18.321000,78.321,4204.022,0.0
2024-03-01 16:56:39.795,0 days 01:10:04.122000,1437.0,-2825.0,-110.0,OnTrack,293.5,10503.0,99.0,0,8,8,4690.413841003776,0.8685382807809741,,,interpolation,0 days 00:01:18.421000,78.421,4204.122,0.0
2024-03-01 16:56:39.895,0 days 01:10:04.222000,1409.0,-2841.0,-110.0,OnTrack,293.75,10509.5,99.0,0,8,8,4698.650821160325,0.8700635475967623,,,interpolation,0 days 00:01:18.521000,78.521,4204.222,0.0
2024-03-01 16:56:39.995,0 days 01:10:04.322000,1367.3572438657616,-2865.054697988336,-109.81880400510425,OnTrack,294.0,10516.0,99.0,0,8,8,4706.29416666667,0.8714788892682075,,,interpolation,0 days 00:01:18.621000,78.621,4204.322,0.0
2024-03-01 16:56:40.095,0 days 01:10:04.422000,1302.3184765777792,-2902.682654542165,-109.4460805290157,OnTrack,294.0,10478.5,99.0,0,8,8,4713.34387752281,0.8727843057953096,,,interpolation,0 days 00:01:18.721000,78.721,4204.422,0.0
2024-03-01 16:56:40.195,0 days 01:10:04.522000,1211.0,-2955.0,-109.0,OnTrack,294.0,10441.0,99.0,0,8,8,4722.627500000004,0.8745033825717068,,,interpolation,0 days 00:01:18.821000,78.821,4204.522,0.0
2024-03-01 16:56:40.295,0 days 01:10:04.622000,1092.9211953156555,-3022.192757037358,-108.50025759027369,OnTrack,294.0,10504.0,99.0,0,8,8,4735.694166666671,0.8769229772145061,,,interpolation,0 days 00:01:18.921000,78.921,4204.622,0.0
2024-03-01 16:56:40.395,0 days 01:10:04.722000,984.0,-3084.0,-108.0,OnTrack,293.5,10489.0,99.0,0,8,8,4744.87343457851,0.8786227303367744,,,interpolation,0 days 00:01:19.021000,79.021,4204.722,0.0
2024-03-01 16:56:40.495,0 days 01:10:04.822000,920.1543515282874,-3120.1608032336853,-107.55237392934215,OnTrack,293.0,10474.0,99.0,0,8,8,4751.971944444449,0.8799371831258167,,,interpolation,0 days 00:01:19.121000,79.121,4204.822,0.0
2024-03-01 16:56:40.595,0 days 01:10:04.922000,893.5298125222755,-3135.1703942471618,-107.17793318769318,OnTrack,290.0,10417.0,99.0,0,8,8,4760.07473758537,0.8814376021213892,,,interpolation,0 days 00:01:19.221000,79.221,4204.922,0.0
2024-03-01 16:56:40.695,0 days 01:10:05.022000,857.0,-3156.0,-107.0,OnTrack,287.0,10360.0,99.0,0,8,8,4767.9163888888925,0.8828896646839942,,,interpolation,0 days 00:01:19.321000,79.321,4205.022,0.0
2024-03-01 16:56:40.795,0 days 01:10:05.122000,802.7105570122449,-3187.144801970053,-107.03912796518566,OnTrack,279.0,10080.0,49.5,0,8,8,4774.231473242642,0.8840590481741338,,,interpolation,0 days 00:01:19.421000,79.421,4205.122,0.0
2024-03-01 16:56:40.895,0 days 01:10:05.222000,730.6614835590108,-3228.6048001573217,-107.29531708325015,OnTrack,271.0,9800.0,0.0,1,8,8,4779.960833333338,0.8851199713105204,,,interpolation,0 days 00:01:19.521000,79.521,4205.222,0.0
2024-03-01 16:56:40.995,0 days 01:10:05.322000,650.0316683262712,-3274.2623982659297,-107.65384765968957,OnTrack,260.6666666666667,9573.666666666666,0.0,1,8,8,4786.045311847705,0.8862466528118668,,,interpolation,0 days 00:01:19.621000,79.621,4205.322,0.0
2024-03-01 16:56:41.095,0 days 01:10:05.422000,570.0,-3318.0,-108.0,OnTrack,250.33333333333334,9347.333333333334,0.0,1,8,8,4792.412450299815,0.8874256753186539,,,interpolation,0 days 00:01:19.721000,79.721,4205.422,0.0
2024-03-01 16:56:41.195,0 days 01:10:05.522000,490.5664785801971,-3359.8176053595334,-108.33377410418143,OnTrack,240.0,9121.0,0.0,1,8,8,4798.627500000005,0.8885765350859481,,,interpolation,0 days 00:01:19.821000,79.821,4205.522,0.0
2024-03-01 16:56:41.295,0 days 01:10:05.622000,413.3428900697258,-3398.7493479796995,-108.65914911374529,OnTrack,225.25,9079.5,0.0,1,8,8,4804.61800320432,0.8896858148916241,,,interpolation,0 days 00:01:19.921000,79.921,4205.622,0.0
2024-03-01 16:56:41.395,0 days 01:10:05.722000,348.0,-3429.0,-109.0,OnTrack,210.5,9038.0,0.0,1,8,8,4810.383959912759,0.8907535147356815,,,interpolation,0 days 00:01:20.021000,80.021,4205.722,0.0
2024-03-01 16:56:41.495,0 days 01:10:05.822000,296.14961087865623,-3449.603685165085,-109.36030594520366,OnTrack,195.75,8996.5,0.0,1,8,8,4815.802242220377,0.8917568346472646,,,interpolation,0 days 00:01:20.121000,80.121,4205.822,0.0
2024-03-01 16:56:41.595,0 days 01:10:05.922000,256.91101575721217,-3461.574834167576,-109.7245910062588,OnTrack,181.0,8955.0,0.0,1,8,8,4820.749722222227,0.8926729746555174,,,interpolation,0 days 00:01:20.221000,80.221,4205.922,0.0
2024-03-01 16:56:41.695,0 days 01:10:06.022000,225.0,-3471.0,-110.0,OnTrack,175.33333333333334,8841.666666666666,0.0,1,8,8,4825.226399918312,0.8935019347604397,,,interpolation,0 days 00:01:20.321000,80.321,4206.022,0.0
2024-03-01 16:56:41.795,0 days 01:10:06.122000,199.53586567693068,-3478.8936029672645,-110.17105714180263,OnTrack,169.66666666666666,8728.333333333334,0.0,1,8,6,4829.314267182608,0.8942588976481822,,,interpolation,0 days 00:01:20.421000,80.421,4206.122,0.0
2024-03-01 16:56:41.895,0 days 01:10:06.222000,176.85770958023855,-3485.246074179107,-110.32663814279302,OnTrack,164.0,8615.0,0.0,1,8,6,4833.505277777783,0.8950349599020597,,,interpolation,0 days 00:01:20.521000,80.521,4206.222,0.0
2024-03-01 16:56:41.995,0 days 01:10:06.322000,135.0,-3490.0,-111.0,OnTrack,159.33333333333334,8652.333333333334,0.0,1,8,6,4837.881424417417,0.8958453043636947,,,pos,0 days 00:01:20.621000,80.621,4206.322,0.0
2024-03-01 16:56:42.095,0 days 01:10:06.422000,70.30179624060875,-3493.1458114416987,-112.28001933464185,OnTrack,154.66666666666666,8689.666666666666,0.0,1,8,5,4842.40376088869,0.8966827192437071,,,interpolation,0 days 00:01:20.721000,80.721,4206.422,0.0
2024-03-01 16:56:42.195,0 days 01:10:06.522000,-10.723980154390965,-3494.7264985189936,-113.9822476908888,OnTrack,150.0,8727.0,0.0,1,8,5,4846.838611111116,0.8975039340273652,,,interpolation,0 days 00:01:20.821000,80.821,4206.522,0.0
2024-03-01 16:56:42.295,0 days 01:10:06.622000,-69.0,-3495.0,-115.0,OnTrack,147.0,8689.333333333334,0.0,1,8,5,4851.1470292706845,0.8983017369991378,,,interpolation,0 days 00:01:20.921000,80.921,4206.622,0.0
2024-03-01 16:56:42.395,0 days 01:10:06.722000,-98.0134084446492,-3494.0093054592953,-115.14882969488819,OnTrack,144.0,8651.666666666666,0.0,0,8,5,4855.327612599205,0.8990758684041479,,,interpolation,0 days 00:01:21.021000,81.021,4206.722,0.0
2024-03-01 16:56:42.495,0 days 01:10:06.822000,-103.513920181349,-3491.1727137365656,-114.66876692935931,OnTrack,141.0,8614.0,0.0,0,8,5,4859.37194444445,0.8998247697051523,,,interpolation,0 days 00:01:21.121000,81.121,4206.822,0.0
2024-03-01 16:56:42.595,0 days 01:10:06.922000,-120.0,-3483.0,-115.0,OnTrack,139.0,8543.0,0.0,0,8,5,4863.278622023867,0.9005481811446141,,,interpolation,0 days 00:01:21.221000,81.221,4206.922,0.0
2024-03-01 16:56:42.695,0 days 01:10:07.022000,-153.2214214709926,-3468.909457132634,-116.3825615185375,OnTrack,137.0,8472.0,0.0,0,8,4,4866.98305555556,0.9012341424350141,,,interpolation,0 days 00:01:21.321000,81.321,4207.022,0.0
2024-03-01 16:56:42.795,0 days 01:10:07.122000,-193.0,-3449.0,-118.0,OnTrack,136.66666666666666,8439.0,10.666666666666666,0,8,4,4870.420655257638,0.901870693288833,,,interpolation,0 days 00:01:21.421000,81.421,4207.122,0.0
2024-03-01 16:56:42.895,0 days 01:10:07.222000,-229.15755099269563,-3423.370543467634,-119.0358639594157,OnTrack,136.33333333333334,8406.0,21.333333333333332,0,8,4,4873.70980821868,0.9024797558054569,,,interpolation,0 days 00:01:21.521000,81.521,4207.222,0.0
2024-03-01 16:56:42.995,0 days 01:10:07.322000,-261.18189821539585,-3393.582022618652,-119.56094604818861,OnTrack,136.0,8373.0,32.0,0,8,4,4877.5608333333375,0.9031928619077564,,,interpolation,0 days 00:01:21.621000,81.621,4207.322,0.0
2024-03-01 16:56:43.095,0 days 01:10:07.422000,-286.0,-3369.0,-120.0,OnTrack,134.5,8339.5,16.0,0,8,4,4882.092116477914,0.9040319334706358,,,interpolation,0 days 00:01:21.721000,81.721,4207.422,0.0
2024-03-01 16:56:43.195,0 days 01:10:07.522000,-303.0996853574823,-3351.1853947109025,-120.42381774134083,OnTrack,133.0,8306.0,0.0,0,8,4,4886.427500000004,0.9048347297010846,,,interpolation,0 days 00:01:21.821000,81.821,4207.522,0.0
2024-03-01 16:56:43.295,0 days 01:10:07.622000,-321.0,-3329.0,-121.0,OnTrack,133.0,8452.0,8.0,0,8,4,4889.690826247203,0.9054390098060919,,,interpolation,0 days 00:01:21.921000,81.921,4207.622,0.0
2024-03-01 16:56:43.395,0 days 01:10:07.722000,-348.21998963971043,-3291.305609115934,-121.89614750376647,OnTrack,133.0,8598.0,16.0,0,8,4,4892.338611111115,0.9059293082299699,,,interpolation,0 days 00:01:22.021000,82.021,4207.722,0.0
2024-03-01 16:56:43.495,0 days 01:10:07.822000,-382.1353305775901,-3242.170003859705,-123.04022291557057,OnTrack,133.0,9158.0,37.5,0,8,4,4894.827370483341,0.9063901594170303,,,interpolation,0 days 00:01:22.121000,82.121,4207.822,0.0
2024-03-01 16:56:43.595,0 days 01:10:07.922000,-407.0,-3206.0,-124.0,OnTrack,133.0,9718.0,59.0,0,8,4,4898.2497222222255,0.9070238867588553,,,interpolation,0 days 00:01:22.221000,82.221,4207.922,0.0
2024-03-01 16:56:43.695,0 days 01:10:08.022000,-420.18964733470466,-3186.863420992121,-124.70344068231907,OnTrack,136.5,10343.5,65.0,0,8,4,4903.69828418611,0.9080328136470269,,,interpolation,0 days 00:01:22.321000,82.321,4208.022,0.0
2024-03-01 16:56:43.795,0 days 01:10:08.122000,-424.9771864486564,-3178.7946311921182,-125.22373267449362,OnTrack,140.0,10969.0,71.0,0,8,4,4909.138611111114,0.9090402156278546,,,interpolation,0 days 00:01:22.421000,82.421,4208.122,0.0
2024-03-01 16:56:43.895,0 days 01:10:08.222000,-441.0,-3146.0,-126.0,OnTrack,143.0,11166.0,80.33333333333333,0,8,4,4912.536257733358,0.9096693682476487,,,interpolation,0 days 00:01:22.521000,82.521,4208.222,0.0
2024-03-01 16:56:43.995,0 days 01:10:08.322000,-468.0,-3090.0,-127.0,OnTrack,146.0,11363.0,89.66666666666667,0,8,3,4914.543270091058,0.9100410128661733,,,interpolation,0 days 00:01:22.621000,82.621,4208.322,0.0
2024-03-01 16:56:44.095,0 days 01:10:08.422000,-484.79148487230356,-3055.7106840638494,-127.59115818508602,OnTrack,149.0,11560.0,99.0,0,8,3,4919.071944444448,0.9108796013512073,,,interpolation,0 days 00:01:22.721000,82.721,4208.422,0.0
2024-03-01 16:56:44.195,0 days 01:10:08.522000,-487.8435224326198,-3050.6180226752026,-127.6680460134861,OnTrack,159.0,11999.0,99.0,0,8,3,4926.138611111115,0.9121881576376193,,,interpolation,0 days 00:01:22.821000,82.821,4208.522,0.0
2024-03-01 16:56:44.295,0 days 01:10:08.622000,-488.97379877662604,-3043.966349948955,-127.91091083514313,OnTrack,162.25,11744.5,99.0,0,8,3,4931.928916175939,0.9132603661413199,,,interpolation,0 days 00:01:22.921000,82.921,4208.622,0.0
2024-03-01 16:56:44.395,0 days 01:10:08.722000,-500.0,-3005.0,-129.0,OnTrack,165.5,11490.0,99.0,0,8,3,4935.807130731477,0.9139785069955704,,,interpolation,0 days 00:01:23.021000,83.021,4208.722,0.0
2024-03-01 16:56:44.495,0 days 01:10:08.822000,-520.9221261027418,-2933.71897282834,-130.93531350805677,OnTrack,168.75,11235.5,99.0,0,8,3,4939.151085476833,0.9145977173262562,,,interpolation,0 days 00:01:23.121000,83.121,4208.822,0.0
2024-03-01 16:56:44.595,0 days 01:10:08.922000,-543.0,-2855.0,-133.0,OnTrack,172.0,10981.0,99.0,0,8,3,4943.338611111115,0.9153731342592634,,,interpolation,0 days 00:01:23.221000,83.221,4208.922,0.0
2024-03-01 16:56:44.695,0 days 01:10:09.022000,-557.4934446069234,-2793.719813081009,-134.47720811651627,OnTrack,176.66666666666666,11200.666666666666,99.0,0,8,3,4948.3697076343215,0.9163047577945919,,,interpolation,0 days 00:01:23.321000,83.321,4209.022,0.0
2024-03-01 16:56:44.795,0 days 01:10:09.122000,-564.4024599235119,-2749.878412071367,-135.36693785760565,OnTrack,181.33333333333334,11420.333333333334,99.0,0,8,3,4954.1231900264265,0.9173701477313299,,,interpolation,0 days 00:01:23.421000,83.421,4209.122,0.0
2024-03-01 16:56:44.895,0 days 01:10:09.222000,-567.3602452783445,-2711.347805026041,-136.0731986698922,OnTrack,186.0,11640.0,99.0,0,8,3,4959.871944444448,0.918434662174642,,,interpolation,0 days 00:01:23.521000,83.521,4209.222,0.0
2024-03-01 16:56:44.995,0 days 01:10:09.322000,-570.0,-2666.0,-137.0,OnTrack,189.5,11335.0,99.0,0,8,3,4965.494784627416,0.9194758606938279,,,interpolation,0 days 00:01:23.621000,83.621,4209.322,0.0
2024-03-01 16:56:45.095,0 days 01:10:09.422000,-572.3217240884783,-2613.8349969932424,-138.14734184792906,OnTrack,193.0,11030.0,99.0,0,8,4,4970.59416666667,0.9204201288670752,,,interpolation,0 days 00:01:23.721000,83.721,4209.422,0.0
2024-03-01 16:56:45.195,0 days 01:10:09.522000,-574.3254175437795,-2554.8527960057704,-139.51522421367946,OnTrack,195.0,10829.5,99.0,0,8,4,4974.772546653547,0.9211938522725722,,,interpolation,0 days 00:01:23.821000,83.821,4209.522,0.0
2024-03-01 16:56:45.295,0 days 01:10:09.622000,-575.9164022271909,-2496.944197015412,-140.8754944725901,OnTrack,197.0,10629.0,99.0,0,8,4,4979.404444444448,0.9220515549573317,,,interpolation,0 days 00:01:23.921000,83.921,4209.622,0.0
2024-03-01 16:56:45.395,0 days 01:10:09.722000,-577.0,-2448.0,-142.0,OnTrack,201.33333333333334,10883.333333333334,99.0,0,8,4,4985.864379895776,0.9232477609683675,,,interpolation,0 days 00:01:24.021000,84.021,4209.722,0.0
2024-03-01 16:56:45.495,0 days 01:10:09.822000,-577.5762108622068,-2408.0202049595327,-142.8887407959092,OnTrack,205.66666666666666,11137.666666666666,99.0,0,8,4,4993.723027171519,0.9247029707271457,,,interpolation,0 days 00:01:24.121000,84.121,4209.822,0.0
2024-03-01 16:56:45.595,0 days 01:10:09.922000,-577.6450348138113,-2377.0048118940103,-143.54171686031768,OnTrack,210.0,11392.0,99.0,0,8,4,5000.404444444448,0.9259401892046879,,,interpolation,0 days 00:01:24.221000,84.221,4209.922,0.0
2024-03-01 16:56:45.695,0 days 01:10:10.022000,-576.6413413585101,-2341.237012881483,-144.1738344945673,OnTrack,211.66666666666666,11486.0,99.0,0,8,4,5005.479310274823,0.9268799176365323,,,interpolation,0 days 00:01:24.321000,84.321,4210.022,0.0
2024-03-01 16:56:45.795,0 days 01:10:10.122000,-574.0,-2287.0,-145.0,OnTrack,213.33333333333334,11580.0,99.0,0,8,5,5009.38411096942,0.92760298152749,,,interpolation,0 days 00:01:24.421000,84.421,4210.122,0.0
2024-03-01 16:56:45.895,0 days 01:10:10.222000,-570.0,-2217.0,-146.0,OnTrack,215.0,11674.0,99.0,0,8,5,5014.737777777781,0.9285943363893913,,,interpolation,0 days 00:01:24.521000,84.521,4210.222,0.0
2024-03-01 16:56:45.995,0 days 01:10:10.322000,-566.3152854994051,-2147.47445651969,-147.05255361391602,OnTrack,219.0,11102.0,99.0,0,8,5,5021.976801476325,0.9299348085547046,,,interpolation,0 days 00:01:24.621000,84.621,4210.322,0.0
2024-03-01 16:56:46.095,0 days 01:10:10.422000,-563.1438834095856,-2081.800121454422,-148.1091494733263,OnTrack,223.0,10530.0,99.0,0,8,5,5029.542500000003,0.9313357720968163,,,interpolation,0 days 00:01:24.721000,84.721,4210.422,0.0
2024-03-01 16:56:46.195,0 days 01:10:10.522000,-560.0,-2024.0,-149.0,OnTrack,224.66666666666666,10618.333333333334,99.0,0,8,5,5035.876191283769,0.9325086010891132,,,interpolation,0 days 00:01:24.821000,84.821,4210.522,0.0
2024-03-01 16:56:46.295,0 days 01:10:10.622000,-556.8026692343469,-1974.7445964553622,-149.6968071193463,OnTrack,226.33333333333334,10706.666666666666,99.0,0,8,5,5041.24768527099,0.9335032570642643,,,interpolation,0 days 00:01:24.921000,84.921,4210.622,0.0
2024-03-01 16:56:46.395,0 days 01:10:10.722000,-553.4132611244553,-1929.4930127548027,-150.25420533606624,OnTrack,228.0,10795.0,99.0,0,8,5,5047.275833333337,0.9346195076834727,,,interpolation,0 days 00:01:25.021000,85.021,4210.722,0.0
2024-03-01 16:56:46.495,0 days 01:10:10.822000,-549.0,-1861.0,-151.0,OnTrack,231.0,10936.0,99.0,0,8,5,5054.230442651335,0.9359073139678037,,,interpolation,0 days 00:01:25.121000,85.121,4210.822,0.0
2024-03-01 16:56:46.595,0 days 01:10:10.922000,-543.424257292374,-1764.7247066238074,-151.9888250563942,OnTrack,234.0,11077.0,99.0,0,8,6,5061.8252314183555,0.9373136642392735,,,interpolation,0 days 00:01:25.221000,85.221,4210.922,0.0
2024-03-01 16:56:46.695,0 days 01:10:11.022000,-538.0,-1668.0,-153.0,OnTrack,237.0,11218.0,99.0,0,8,6,5068.342500000003,0.9385204868014553,,,interpolation,0 days 00:01:25.321000,85.321,4211.022,0.0
2024-03-01 16:56:46.795,0 days 01:10:11.122000,-534.0411951213005,-1598.158747502354,-153.81284432556845,OnTrack,238.33333333333334,11275.0,99.0,0,8,6,5073.49596365811,0.9394747694335226,,,interpolation,0 days 00:01:25.421000,85.421,4211.122,0.0
2024-03-01 16:56:46.895,0 days 01:10:11.222000,-531.2678499892177,-1550.4091204997499,-154.44474229347298,OnTrack,239.66666666666666,11332.0,99.0,0,8,6,5077.807589781314,0.9402731664337364,,,interpolation,0 days 00:01:25.521000,85.521,4211.222,0.0
2024-03-01 16:56:46.995,0 days 01:10:11.322000,-528.0,-1496.0,-155.0,OnTrack,241.0,11389.0,99.0,0,8,6,5084.409166666671,0.9414956006224485,,,interpolation,0 days 00:01:25.621000,85.621,4211.322,0.0
2024-03-01 16:56:47.095,0 days 01:10:11.422000,-523.9576496194496,-1430.139508303409,-155.49600188353867,OnTrack,243.5,11429.0,99.0,0,8,6,5093.822656357905,0.9432387253081851,,,interpolation,0 days 00:01:25.721000,85.721,4211.422,0.0
2024-03-01 16:56:47.195,0 days 01:10:11.522000,-520.0,-1362.0,-156.0,OnTrack,246.0,11469.0,99.0,0,8,6,5103.542500000004,0.9450385784922619,,,interpolation,0 days 00:01:25.821000,85.821,4211.522,0.0
2024-03-01 16:56:47.295,0 days 01:10:11.622000,-516.9862522940844,-1300.753829679797,-156.57924640529504,OnTrack,247.33333333333334,11469.0,99.0,0,8,6,5111.063138737959,0.9464311981759954,,,interpolation,0 days 00:01:25.921000,85.921,4211.622,0.0
2024-03-01 16:56:47.395,0 days 01:10:11.722000,-514.0,-1240.0,-157.0,OnTrack,248.66666666666666,11469.0,99.0,0,8,6,5116.771253801116,0.9474881873056353,,,interpolation,0 days 00:01:26.021000,86.021,4211.722,0.0
2024-03-01 16:56:47.495,0 days 01:10:11.822000,-510.12483661604404,-1173.3375136178079,-157.0285196846911,OnTrack,250.0,11469.0,99.0,0,8,6,5122.986944444448,0.9486391657583323,,,interpolation,0 days 00:01:26.121000,86.121,4211.822,0.0
2024-03-01 16:56:47.595,0 days 01:10:11.922000,-506.0,-1104.0,-157.0,OnTrack,251.33333333333334,11120.333333333334,99.0,0,8,6,5130.096895856943,0.9499557372135544,,,interpolation,0 days 00:01:26.221000,86.221,4211.922,0.0
2024-03-01 16:56:47.695,0 days 01:10:12.022000,-502.26472800965155,-1035.2210886133553,-157.24963548655853,OnTrack,252.66666666666666,10771.666666666666,99.0,0,8,6,5137.941678742504,0.9514083796607864,,,interpolation,0 days 00:01:26.321000,86.321,4212.022,0.0
2024-03-01 16:56:47.795,0 days 01:10:12.122000,-498.9231453361841,-968.0742195070302,-157.7126068149591,OnTrack,254.0,10423.0,99.0,0,8,6,5145.564722222226,0.9528199619438495,,,interpolation,0 days 00:01:26.421000,86.421,4212.122,0.0
2024-03-01 16:56:47.895,0 days 01:10:12.222000,-496.0,-909.0,-158.0,OnTrack,256.0,10524.0,99.0,0,8,6,5152.80659863256,0.9541609623545326,,,interpolation,0 days 00:01:26.521000,86.521,4212.222,0.0
2024-03-01 16:56:47.995,0 days 01:10:12.322000,-493.499416650048,-859.0718591494514,-158.04699637602025,OnTrack,258.0,10625.0,99.0,0,8,7,5159.89805555556,0.955474109128553,,,interpolation,0 days 00:01:26.621000,86.621,4212.322,0.0
2024-03-01 16:56:48.095,0 days 01:10:12.422000,-490.0,-796.0,-158.0,OnTrack,259.5,10665.0,99.0,0,8,7,5167.069840573278,0.9568021305016281,,,interpolation,0 days 00:01:26.721000,86.721,4212.422,0.0
2024-03-01 16:56:48.195,0 days 01:10:12.522000,-484.0803547635278,-697.4946255962618,-158.0054149289195,OnTrack,261.0,10705.0,99.0,0,8,7,5174.39805555556,0.9581591184898227,,,interpolation,0 days 00:01:26.821000,86.821,4212.522,0.0
2024-03-01 16:56:48.295,0 days 01:10:12.622000,-478.0,-596.0,-158.0,OnTrack,262.0,10770.5,99.0,0,8,7,5181.958802372246,0.9595591651092015,,,interpolation,0 days 00:01:26.921000,86.921,4212.622,0.0
2024-03-01 16:56:48.395,0 days 01:10:12.722000,-474.01845476878486,-523.9603872729787,-157.92051405046283,OnTrack,263.0,10836.0,99.0,0,8,7,5189.00916666667,0.9608647026354699,,,interpolation,0 days 00:01:27.021000,87.021,4212.722,0.0
2024-03-01 16:56:48.495,0 days 01:10:12.822000,-471.7632989073818,-476.12622750857236,-157.8181425623126,OnTrack,263.5,10848.5,99.0,0,8,7,5194.806234082165,0.9619381633443331,,,interpolation,0 days 00:01:27.121000,87.121,4212.822,0.0
2024-03-01 16:56:48.595,0 days 01:10:12.922000,-469.0,-421.0,-158.0,OnTrack,264.0,10861.0,99.0,0,8,7,5200.742500000005,0.9630373998657389,,,interpolation,0 days 00:01:27.221000,87.221,4212.922,0.0
2024-03-01 16:56:48.695,0 days 01:10:13.022000,-465.3561340705368,-353.33209108486767,-158.51727236967162,OnTrack,265.3333333333333,10914.0,99.0,0,8,7,5208.210459801456,0.9644202648296345,,,interpolation,0 days 00:01:27.321000,87.321,4213.022,0.0
2024-03-01 16:56:48.795,0 days 01:10:13.122000,-461.0,-275.0,-159.0,OnTrack,266.6666666666667,10967.0,99.0,0,8,7,5216.857143709887,0.9660213977426052,,,interpolation,0 days 00:01:27.421000,87.421,4213.122,0.0
2024-03-01 16:56:48.895,0 days 01:10:13.222000,-456.09989666939737,-187.8812259822214,-159.07822321965773,OnTrack,268.0,11020.0,99.0,0,8,7,5224.564722222227,0.9674486336362846,,,interpolation,0 days 00:01:27.521000,87.521,4213.222,0.0
2024-03-01 16:56:48.995,0 days 01:10:13.322000,-452.0,-112.0,-159.0,OnTrack,268.3333333333333,11049.666666666666,99.0,0,8,7,5230.980221947411,0.9686366113479636,,,interpolation,0 days 00:01:27.621000,87.621,4213.322,0.0
2024-03-01 16:56:49.095,0 days 01:10:13.422000,-449.0,-51.0,-159.0,OnTrack,268.6666666666667,11079.333333333334,99.0,0,8,7,5236.388429470759,0.9696380656809207,,,interpolation,0 days 00:01:27.721000,87.721,4213.422,0.0
2024-03-01 16:56:49.195,0 days 01:10:13.522000,-442.0,74.0,-159.0,OnTrack,269.0,11109.0,99.0,0,8,7,5242.498055555561,0.9707694038348207,,,interpolation,0 days 00:01:27.821000,87.821,4213.522,0.0
2024-03-01 16:56:49.295,0 days 01:10:13.622000,-436.9577729144149,162.9657446397712,-158.99925388134676,OnTrack,271.0,11178.0,99.0,0,10,7,5249.593883870935,0.972083360072941,,,interpolation,0 days 00:01:27.921000,87.921,4213.622,1.0
2024-03-01 16:56:49.395,0 days 01:10:13.722000,-434.5683833750263,205.31850315791038,-158.99966375200933,OnTrack,273.0,11247.0,99.0,0,10,7,5257.664722222227,0.9735778619023556,,,interpolation,0 days 00:01:28.021000,88.021,4213.722,1.0
2024-03-01 16:56:49.495,0 days 01:10:13.822000,-432.0,254.0,-159.0,OnTrack,274.6666666666667,11298.333333333334,99.0,0,14,7,5266.69937841478,0.9752508368301389,,,interpolation,0 days 00:01:28.121000,88.121,4213.822,1.0
2024-03-01 16:56:49.595,0 days 01:10:13.922000,-428.78065330885573,317.83381073010935,-159.0000576910369,OnTrack,276.3333333333333,11349.666666666666,99.0,0,14,7,5276.453917492177,0.9770571146741172,,,interpolation,0 days 00:01:28.221000,88.221,4213.922,1.0
2024-03-01 16:56:49.695,0 days 01:10:14.022000,-425.0,392.0,-159.0,OnTrack,278.0,11401.0,99.0,0,14,7,5285.4647222222275,0.9787256729536176,,,interpolation,0 days 00:01:28.321000,88.321,4214.022,1.0
2024-03-01 16:56:49.795,0 days 01:10:14.122000,-420.7476967718395,471.6786324614337,-158.99999010176944,OnTrack,279.5,11463.0,99.0,0,14,7,5293.487855150606,0.9802113410239217,,,interpolation,0 days 00:01:28.421000,88.421,4214.122,1.0
2024-03-01 16:56:49.895,0 days 01:10:14.222000,-416.0,561.0,-159.0,OnTrack,281.0,11525.0,99.0,0,12,7,5301.075833333339,0.9816164301586627,,,interpolation,0 days 00:01:28.521000,88.521,4214.222,1.0
2024-03-01 16:56:49.995,0 days 01:10:14.322000,-410.7331660601071,664.0943945012887,-159.00000169834647,OnTrack,282.0,11578.5,99.0,0,12,7,5308.781173826448,0.9830432516314744,,,interpolation,0 days 00:01:28.621000,88.621,4214.322,1.0
2024-03-01 16:56:50.095,0 days 01:10:14.422000,-406.0,759.0,-159.0,OnTrack,283.0,11632.0,99.0,0,12,7,5316.798055555561,0.9845277621480855,,,interpolation,0 days 00:01:28.721000,88.721,4214.422,1.0
2024-03-01 16:56:50.195,0 days 01:10:14.522000,-402.85330686751786,823.7550005308344,-158.99999970815165,OnTrack,284.0,11653.0,99.0,0,12,7,5325.320657446307,0.9861059184142252,,,interpolation,0 days 00:01:28.821000,88.821,4214.522,1.0
2024-03-01 16:56:50.295,0 days 01:10:14.622000,-400.0,882.0,-159.0,OnTrack,285.0,11674.0,99.0,0,12,7,5334.164229541974,0.987743509715186,,,interpolation,0 days 00:01:28.921000,88.921,4214.622,1.0
2024-03-01 16:56:50.395,0 days 01:10:14.722000,-396.14699273478595,957.3756023137048,-159.0000000527437,OnTrack,286.0,11695.0,99.0,0,12,7,5342.220277777783,0.9892352728136679,,,interpolation,0 days 00:01:29.021000,89.021,4214.722,1.0
2024-03-01 16:56:50.495,0 days 01:10:14.822000,-392.0,1038.0,-159.0,OnTrack,286.75,11736.25,99.0,0,12,7,5349.3040540888505,0.9905469973452786,,,interpolation,0 days 00:01:29.121000,89.121,4214.822,1.0
2024-03-01 16:56:50.595,0 days 01:10:14.922000,-388.26473672376653,1111.991385586938,-158.99999997538623,OnTrack,287.5,11777.5,99.0,0,12,7,5355.41555847518,0.991678683310019,,,interpolation,0 days 00:01:29.221000,89.221,4214.922,1.0
2024-03-01 16:56:50.695,0 days 01:10:15.022000,-384.94120290608566,1179.3497590745183,-158.9999999789025,OnTrack,288.25,11818.75,99.0,0,12,7,5361.351644735032,0.9927778865636058,,,interpolation,0 days 00:01:29.321000,89.321,4215.022,1.0
2024-03-01 16:56:50.795,0 days 01:10:15.122000,-381.64706763536185,1246.7832530248393,-158.99999999296747,OnTrack,289.0,11860.0,99.0,0,12,7,5367.909166666673,0.9939921629617565,,,interpolation,0 days 00:01:29.421000,89.421,4215.122,1.0
2024-03-01 16:56:50.895,0 days 01:10:15.222000,-378.0,1321.0,-159.0,OnTrack,289.75,11599.75,99.0,0,12,7,5375.0881242701025,0.9953215125044713,,,interpolation,0 days 00:01:29.521000,89.521,4215.222,1.0
2024-03-01 16:56:50.916,0 days 01:10:15.243000,-377.1886854293234,1337.4576754751863,-159.00000000055542,OnTrack,289.90749952,11545.09766656,99.0,0,12,7,5376.67444376267,0.9956152561380924,,,interpolation,0 days 00:01:29.542000,89.542,4215.243,1.0
