Date,SessionTime,X,Y,Z,Status,Speed,RPM,Throttle,Brake,DRS,nGear,Distance,RelativeDistance,DriverAhead,DistanceToDriverAhead,Source,Time,TimeSeconds,SessionTimeSeconds,DRSActive
2023-11-25 14:13:08.030,0 days 00:28:08.026000,774.9929892025652,2104.1077218626906,-238.74298878093876,,239.80000256,11410.60018432,100.0,0.0,8,6,5.454674039988326,0.0010436517037156,,,interpolation,0 days 00:00:00,0.0,1688.026,0.0
2023-11-25 14:13:08.040,0 days 00:28:08.036000,783.4721973071064,2105.091759956725,-238.74233756447865,,240.0,11425.0,100.0,0.0,8,6,6.211111111111119,0.0011883820454818,,,interpolation,0 days 00:00:00.010000,0.01,1688.036,0.0
2023-11-25 14:13:08.140,0 days 00:28:08.136000,859.6041479803298,2113.943819967544,-238.80675317335897,,241.75,11162.75,100.0,0.0,8,6,12.725983287680888,0.002434883192337,,,interpolation,0 days 00:00:00.110000,0.11,1688.136,0.0
2023-11-25 14:13:08.240,0 days 00:28:08.236000,920.0,2121.0,-239.0,,243.5,10900.5,100.0,0.0,8,6,17.361881359741613,0.0033218771512223,,,interpolation,0 days 00:00:00.210000,0.21,1688.236,0.0
2023-11-25 14:13:08.340,0 days 00:28:08.336000,964.6597533661172,2126.2603000540944,-239.3220780444017,,245.25,10638.25,100.0,0.0,8,6,21.91128319637598,0.0041923216439423,,,interpolation,0 days 00:00:00.310000,0.31,1688.336,0.0
2023-11-25 14:13:08.440,0 days 00:28:08.436000,993.5834080786808,2129.724720129825,-239.7729873065641,,247.0,10376.0,100.0,0.0,8,6,28.16666666666667,0.0053891743923014,,,car,0 days 00:00:00.410000,0.41,1688.436,0.0
2023-11-25 14:13:08.540,0 days 00:28:08.536000,1030.7153587519042,2134.0767801406446,-240.08740291544447,,250.0,10455.0,100.0,0.0,8,6,36.128031770613696,0.0069124353962998,,,interpolation,0 days 00:00:00.510000,0.51,1688.536,0.0
2023-11-25 14:13:08.640,0 days 00:28:08.636000,1100.0,2142.0,-240.0,,253.0,10534.0,100.0,0.0,8,6,45.03333333333334,0.008616301306508,,,interpolation,0 days 00:00:00.610000,0.61,1688.636,0.0
2023-11-25 14:13:08.740,0 days 00:28:08.736000,1201.437331822969,2153.494379707892,-239.51077856023085,,255.5,10626.0,100.0,0.0,8,7,54.12052617994192,0.0103549687734967,,,interpolation,0 days 00:00:00.710000,0.71,1688.736,0.0
2023-11-25 14:13:08.840,0 days 00:28:08.836000,1312.0,2166.0,-239.0,,258.0,10718.0,100.0,0.0,8,7,62.30500000000001,0.0119209175329826,,,interpolation,0 days 00:00:00.810000,0.81,1688.836,0.0
2023-11-25 14:13:08.940,0 days 00:28:08.936000,1408.6606503102817,2176.956941611998,-238.84792572317045,,259.3333333333333,10767.0,100.0,0.0,8,7,68.50214448306816,0.0131066273206824,,,interpolation,0 days 00:00:00.910000,0.91,1688.936,0.0
2023-11-25 14:13:09.040,0 days 00:28:09.036000,1491.4192827538143,2186.3652045438885,-239.05455572974225,,260.6666666666667,10816.0,100.0,0.0,8,7,73.24942681996679,0.014014932613098,,,interpolation,0 days 00:00:01.010000,1.01,1689.036,0.0
2023-11-25 14:13:09.140,0 days 00:28:09.136000,1559.8645727304624,2194.1728717326623,-239.54682286243877,,262.0,10865.0,100.0,0.0,8,7,79.77166666666668,0.015262843428327,,,interpolation,0 days 00:00:01.110000,1.11,1689.136,0.0
2023-11-25 14:13:09.240,0 days 00:28:09.236000,1611.5285852752554,2200.0684423951598,-239.8863264222156,,264.5,10947.0,100.0,0.0,8,7,88.60633671768036,0.0169531952959017,,,interpolation,0 days 00:00:01.210000,1.21,1689.236,0.0
2023-11-25 14:13:09.340,0 days 00:28:09.336000,1646.0,2204.0,-240.0,,267.0,11029.0,100.0,0.0,8,7,97.57166666666669,0.0186685465354145,,,interpolation,0 days 00:00:01.310000,1.31,1689.336,0.0
2023-11-25 14:13:09.440,0 days 00:28:09.436000,1663.2788169046958,2205.967544547183,-239.88784359579188,,268.0,11074.25,100.0,0.0,8,7,104.48588620728432,0.0199914554664576,,,interpolation,0 days 00:00:01.410000,1.41,1689.436,0.0
2023-11-25 14:13:09.540,0 days 00:28:09.536000,1663.3650359893427,2205.9710760367097,-239.54985720959135,,269.0,11119.5,100.0,0.0,8,7,109.34899533953332,0.020921922089031,,,interpolation,0 days 00:00:01.510000,1.51,1689.536,0.0
2023-11-25 14:13:09.640,0 days 00:28:09.636000,1708.7687370793187,2210.9890695078816,-239.1869422185952,,270.0,11164.75,100.0,0.0,8,7,115.098440135349,0.022021972763477,,,interpolation,0 days 00:00:01.610000,1.61,1689.636,0.0
2023-11-25 14:13:09.740,0 days 00:28:09.736000,1862.0,2228.0,-239.0,,271.0,11210.0,100.0,0.0,8,7,124.67166666666668,0.0238536338501377,,,interpolation,0 days 00:00:01.710000,1.71,1689.736,0.0
2023-11-25 14:13:09.840,0 days 00:28:09.836000,2096.0,2254.0,-239.0,,273.0,11286.0,100.0,0.0,8,7,136.805,0.0261751243575907,,,interpolation,0 days 00:00:01.810000,1.81,1689.836,0.0
2023-11-25 14:13:09.940,0 days 00:28:09.936000,2248.4149573210643,2270.965772150369,-239.2527592327436,,273.5,11342.5,100.0,0.0,8,7,143.91635171420452,0.0275357509097625,,,interpolation,0 days 00:00:01.910000,1.91,1689.936,0.0
2023-11-25 14:13:10.040,0 days 00:28:10.036000,2292.185770128021,2275.893418178284,-239.76924725675275,,274.0,11399.0,100.0,0.0,8,7,148.98277777777778,0.0285051184932761,,,interpolation,0 days 00:00:02.010000,2.01,1690.036,0.0
2023-11-25 14:13:10.140,0 days 00:28:10.136000,2249.407195262101,2271.2450441874,-240.4334202336586,,275.3333333333333,11429.666666666666,100.0,0.0,8,7,156.2450220328014,0.0298946155620268,,,interpolation,0 days 00:00:02.110000,2.11,1690.136,0.0
2023-11-25 14:13:10.240,0 days 00:28:10.236000,2252.647095022068,2271.793211164031,-240.54901869810303,,276.6666666666667,11460.333333333334,100.0,0.0,8,7,165.29607739871852,0.0316263687857417,,,interpolation,0 days 00:00:02.210000,2.21,1690.236,0.0
2023-11-25 14:13:10.340,0 days 00:28:10.336000,2324.0,2280.0,-240.0,,278.0,11491.0,100.0,0.0,8,7,173.6938888888889,0.0332331357905063,,,interpolation,0 days 00:00:02.310000,2.31,1690.336,0.0
2023-11-25 14:13:10.440,0 days 00:28:10.436000,2447.0,2294.0,-239.0,,278.6666666666667,11536.666666666666,100.0,0.0,8,7,181.03144525498203,0.0346370424486205,,,interpolation,0 days 00:00:02.410000,2.41,1690.436,0.0
2023-11-25 14:13:10.540,0 days 00:28:10.536000,2522.8511280122034,2302.60068968659,-238.83084042492257,,279.3333333333333,11582.333333333334,100.0,0.0,8,7,187.63606695332905,0.0359007155182384,,,interpolation,0 days 00:00:02.510000,2.51,1690.536,0.0
2023-11-25 14:13:10.640,0 days 00:28:10.636000,2551.564078804664,2305.824649626141,-239.5254980847848,,280.0,11628.0,100.0,0.0,8,7,195.47166666666664,0.0373999136243962,,,interpolation,0 days 00:00:02.610000,2.61,1690.636,0.0
2023-11-25 14:13:10.740,0 days 00:28:10.736000,2632.0,2315.0,-240.0,,281.5,11681.0,100.0,0.0,8,7,204.86556149958196,0.0391972628839531,,,interpolation,0 days 00:00:02.710000,2.71,1690.736,0.0
2023-11-25 14:13:10.840,0 days 00:28:10.836000,2780.6358338969694,2332.014770505073,-240.0736830823119,,283.0,11734.0,100.0,0.0,8,7,214.3383333333333,0.041009703809062,,,interpolation,0 days 00:00:02.810000,2.81,1690.836,0.0
2023-11-25 14:13:10.940,0 days 00:28:10.936000,2929.0,2349.0,-240.0,,283.6666666666667,11755.333333333334,100.0,0.0,8,7,222.41056404917964,0.0425541769118758,,,interpolation,0 days 00:00:02.910000,2.91,1690.936,0.0
2023-11-25 14:13:11.040,0 days 00:28:11.036000,3008.6209178135173,2358.086727343424,-240.03240342134384,,284.3333333333333,11776.666666666666,100.0,0.0,8,7,229.32131926142327,0.0438764230073061,,,interpolation,0 days 00:00:03.010000,3.01,1691.036,0.0
2023-11-25 14:13:11.140,0 days 00:28:11.136000,3031.5394052620395,2360.656659965361,-240.1247298804396,,285.0,11798.0,100.0,0.0,8,7,236.505,0.0452508883899857,,,interpolation,0 days 00:00:03.110000,3.11,1691.136,0.0
2023-11-25 14:13:11.240,0 days 00:28:11.236000,3070.0,2365.0,-240.0,,285.6666666666667,11813.333333333334,100.0,0.0,8,7,244.20067432725685,0.0467233143432145,,,interpolation,0 days 00:00:03.210000,3.21,1691.236,0.0
2023-11-25 14:13:11.340,0 days 00:28:11.336000,3136.043396654572,2372.498440728745,-239.6120507868327,,286.3333333333333,11828.666666666666,100.0,0.0,8,7,252.152698978869,0.0482447882231938,,,interpolation,0 days 00:00:03.310000,3.31,1691.336,0.0
2023-11-25 14:13:11.440,0 days 00:28:11.436000,3229.6695952257537,2383.151982151597,-238.96088224093768,,287.0,11844.0,100.0,0.0,8,7,258.82722222222225,0.0495218356697228,,,interpolation,0 days 00:00:03.410000,3.41,1691.436,0.0
2023-11-25 14:13:11.540,0 days 00:28:11.536000,3330.7109961840592,2394.4795324986508,-238.3292725745738,,287.5,11909.5,100.0,0.0,8,7,263.9686034107656,0.0505055445398658,,,interpolation,0 days 00:00:03.510000,3.51,1691.536,0.0
2023-11-25 14:13:11.640,0 days 00:28:11.636000,3419.0,2404.0,-238.0,,288.0,11975.0,100.0,0.0,8,7,271.62722222222226,0.0519708806006622,,,interpolation,0 days 00:00:03.610000,3.61,1691.636,0.0
2023-11-25 14:13:11.740,0 days 00:28:11.736000,3494.536606673576,2411.713384655646,-237.9730645172162,,287.0,11560.0,15.0,0.0,8,7,284.3827777777778,0.0544114219033692,,,interpolation,0 days 00:00:03.710000,3.71,1691.736,0.0
2023-11-25 14:13:11.840,0 days 00:28:11.836000,3560.3927358755286,2417.9842512845557,-238.1566659032329,,282.6666666666667,11268.666666666666,10.0,1.0,8,7,293.41123191735807,0.0561388507974909,,,interpolation,0 days 00:00:03.810000,3.81,1691.836,0.0
2023-11-25 14:13:11.940,0 days 00:28:11.936000,3635.0,2425.0,-238.0,,278.3333333333333,10977.333333333334,5.0,1.0,8,7,297.9946556008255,0.0570158047457989,,,interpolation,0 days 00:00:03.910000,3.91,1691.936,0.0
2023-11-25 14:13:12.040,0 days 00:28:12.036000,3721.430350174353,2433.125199354111,-237.41126564448888,,274.0,10686.0,0.0,1.0,8,7,302.6494444444445,0.0579064131068972,,,interpolation,0 days 00:00:04.010000,4.01,1692.036,0.0
2023-11-25 14:13:12.140,0 days 00:28:12.136000,3814.3770673214126,2441.9482979445384,-236.508508620002,,252.5,10725.5,0.0,1.0,8,7,308.12832719694165,0.058954696703164,,,interpolation,0 days 00:00:04.110000,4.11,1692.136,0.0
2023-11-25 14:13:12.240,0 days 00:28:12.236000,3882.0,2449.0,-236.0,,231.0,10765.0,0.0,1.0,8,7,315.41861111111115,0.0603495586457504,,,car,0 days 00:00:04.210000,4.21,1692.236,0.0
2023-11-25 14:13:12.340,0 days 00:28:12.336000,3918.992483473469,2453.8687583324127,-236.0037843590028,,208.0,10625.0,0.0,1.0,8,7,324.6630555555556,0.0621183133180955,,,interpolation,0 days 00:00:04.310000,4.31,1692.336,0.0
2023-11-25 14:13:12.440,0 days 00:28:12.436000,3948.0,2460.0,-236.0,,199.5,10842.5,0.0,1.0,8,7,330.794399169546,0.0632914333179151,,,interpolation,0 days 00:00:04.410000,4.41,1692.436,0.0
2023-11-25 14:13:12.540,0 days 00:28:12.536000,3991.6680318377767,2470.8391520609853,-235.4687852259813,,191.0,11060.0,0.0,1.0,8,7,335.2741666666668,0.0641485545585878,,,interpolation,0 days 00:00:04.510000,4.51,1692.536,0.0
2023-11-25 14:13:12.640,0 days 00:28:12.636000,4046.77596315242,2485.648307327084,-234.54079909841812,,185.0,11121.5,0.0,1.0,8,7,340.4084219965682,0.0651309000265443,,,interpolation,0 days 00:00:04.610000,4.61,1692.636,0.0
2023-11-25 14:13:12.740,0 days 00:28:12.736000,4094.0,2500.0,-234.0,,179.0,11183.0,0.0,1.0,8,7,345.2186111111112,0.0660512413755936,,,interpolation,0 days 00:00:04.710000,4.71,1692.736,0.0
2023-11-25 14:13:12.840,0 days 00:28:12.836000,4130.119493566863,2513.15631533524,-233.977048330154,,176.66666666666666,10967.666666666666,0.0,1.0,8,6,348.7261799621564,0.0667223502595447,,,interpolation,0 days 00:00:04.810000,4.81,1692.836,0.0
2023-11-25 14:13:12.940,0 days 00:28:12.936000,4169.0,2536.0,-234.0,,174.33333333333334,10752.333333333334,0.0,1.0,8,6,351.4702216013601,0.0672473722335117,,,interpolation,0 days 00:00:04.910000,4.91,1692.936,0.0
2023-11-25 14:13:13.040,0 days 00:28:13.036000,4224.507075446401,2579.4138006614776,-233.59691092065816,,172.0,10537.0,0.0,1.0,8,4,356.68527777777786,0.0682451774595602,,,car,0 days 00:00:05.010000,5.01,1693.036,0.0
2023-11-25 14:13:13.140,0 days 00:28:13.136000,4279.0,2625.0,-233.0,,169.0,10166.0,0.0,1.0,8,4,364.196388888889,0.0696822906308406,,,interpolation,0 days 00:00:05.110000,5.11,1693.136,0.0
2023-11-25 14:13:13.240,0 days 00:28:13.236000,4314.8380537547255,2654.3608806958964,-232.44148614589704,,167.25,10148.75,0.5,0.0,8,4,369.7192940667923,0.070738997109747,,,interpolation,0 days 00:00:05.210000,5.21,1693.236,0.0
2023-11-25 14:13:13.340,0 days 00:28:13.336000,4332.021236710578,2667.496442749167,-231.92136935834924,,165.5,10131.5,1.0,0.0,8,4,372.53995348940094,0.0712786784895006,,,interpolation,0 days 00:00:05.310000,5.31,1693.336,0.0
2023-11-25 14:13:13.440,0 days 00:28:13.436000,4333.763873270242,2669.944614794244,-231.4559935146104,,163.75,10114.25,1.5,0.0,8,4,375.2388306117536,0.0717950590626042,,,interpolation,0 days 00:00:05.410000,5.41,1693.436,0.0
2023-11-25 14:13:13.540,0 days 00:28:13.536000,4339.352008594204,2694.933138763484,-231.14342238028863,,162.0,10097.0,2.0,0.0,8,4,380.39638888888896,0.0727818631215607,,,interpolation,0 days 00:00:05.510000,5.51,1693.536,0.0
2023-11-25 14:13:13.640,0 days 00:28:13.636000,4352.0,2748.0,-231.0,,158.0,9915.0,32.0,0.0,8,4,387.4186111111112,0.0741254363822844,,,interpolation,0 days 00:00:05.610000,5.61,1693.636,0.0
2023-11-25 14:13:13.740,0 days 00:28:13.736000,4371.707847487629,2829.145198503792,-231.0257263737444,,158.66666666666666,10082.0,40.66666666666666,0.0,8,4,392.7413757719737,0.0751438496487898,,,interpolation,0 days 00:00:05.710000,5.71,1693.736,0.0
2023-11-25 14:13:13.840,0 days 00:28:13.836000,4390.0,2915.0,-231.0,,159.33333333333334,10249.0,49.33333333333333,0.0,8,4,396.1436130863637,0.0757948052775913,,,interpolation,0 days 00:00:05.810000,5.81,1693.836,0.0
2023-11-25 14:13:13.940,0 days 00:28:13.936000,4398.400906480025,2982.195670213765,-230.7022193772449,,160.0,10416.0,58.0,0.0,8,4,399.8630555555556,0.0765064522873643,,,interpolation,0 days 00:00:05.910000,5.91,1693.936,0.0
2023-11-25 14:13:14.040,0 days 00:28:14.036000,4398.185120205764,3031.9978029591825,-230.21121808253704,,161.5,10464.5,59.0,0.0,8,4,404.2726605059636,0.0773501492132426,,,interpolation,0 days 00:00:06.010000,6.01,1694.036,0.0
2023-11-25 14:13:14.140,0 days 00:28:14.136000,4397.0,3072.0,-230.0,,163.0,10513.0,60.0,0.0,8,4,408.9186111111112,0.0782390665397216,,,interpolation,0 days 00:00:06.110000,6.11,1694.136,0.0
2023-11-25 14:13:14.240,0 days 00:28:14.236000,4396.1201121922895,3103.4678681100604,-230.1473995139517,,164.66666666666666,10588.666666666666,63.66666666666666,0.0,8,4,413.3470905445224,0.079086374751297,,,interpolation,0 days 00:00:06.210000,6.21,1694.236,0.0
2023-11-25 14:13:14.340,0 days 00:28:14.336000,4395.54545678263,3126.4014072893624,-230.6534166243921,,166.33333333333334,10664.333333333334,67.33333333333333,0.0,8,4,417.6062814019533,0.0799012927028044,,,interpolation,0 days 00:00:06.310000,6.31,1694.336,0.0
2023-11-25 14:13:14.440,0 days 00:28:14.436000,4394.948072981657,3148.134242823983,-231.08272542263643,,168.0,10740.0,71.0,0.0,8,4,421.9852777777778,0.0807391332400556,,,interpolation,0 days 00:00:06.410000,6.41,1694.436,0.0
2023-11-25 14:13:14.540,0 days 00:28:14.536000,4394.0,3176.0,-231.0,,171.0,11000.5,78.0,0.0,8,4,426.532261774365,0.0816091151234856,,,interpolation,0 days 00:00:06.510000,6.51,1694.536,0.0
2023-11-25 14:13:14.640,0 days 00:28:14.636000,4392.701237837664,3209.998678817412,-230.4052403564829,,174.0,11261.0,85.0,0.0,8,4,431.6519444444445,0.0825886723806087,,,interpolation,0 days 00:00:06.610000,6.61,1694.636,0.0
2023-11-25 14:13:14.740,0 days 00:28:14.736000,4390.0,3254.0,-230.0,,179.5,11494.5,92.5,0.0,8,4,437.7490368407465,0.0837552390389394,,,interpolation,0 days 00:00:06.710000,6.71,1694.736,0.0
2023-11-25 14:13:14.840,0 days 00:28:14.836000,4384.844499992367,3311.873684271545,-230.4858324384668,,185.0,11728.0,100.0,0.0,8,4,443.9852777777778,0.0849484292151076,,,interpolation,0 days 00:00:06.810000,6.81,1694.836,0.0
2023-11-25 14:13:14.940,0 days 00:28:14.936000,4378.0,3375.0,-231.0,,188.25,11525.75,100.0,0.0,8,4,449.5224060700459,0.0860078570257436,,,interpolation,0 days 00:00:06.910000,6.91,1694.936,0.0
2023-11-25 14:13:15.040,0 days 00:28:15.036000,4370.231762208133,3434.759215553316,-230.6797650127167,,191.5,11323.5,100.0,0.0,8,4,454.36042171755054,0.0869335224708472,,,interpolation,0 days 00:00:07.010000,7.01,1695.036,0.0
2023-11-25 14:13:15.140,0 days 00:28:15.136000,4362.0,3490.0,-230.0,,194.75,11121.25,100.0,0.0,8,4,458.96086539516887,0.0878137328824678,,,interpolation,0 days 00:00:07.110000,7.11,1695.136,0.0
2023-11-25 14:13:15.240,0 days 00:28:15.236000,4353.764926758837,3539.5710224085587,-229.4355774852332,,198.0,10919.0,100.0,0.0,8,4,463.7852777777778,0.0887367955926545,,,interpolation,0 days 00:00:07.210000,7.21,1695.236,0.0
2023-11-25 14:13:15.340,0 days 00:28:15.336000,4345.0,3589.0,-229.0,,199.25,11005.5,100.0,0.0,8,5,468.8336588653773,0.0897027106014073,,,interpolation,0 days 00:00:07.310000,7.31,1695.336,0.0
2023-11-25 14:13:15.440,0 days 00:28:15.436000,4335.17867723885,3643.8146499953336,-228.70677007588452,,200.5,11092.0,100.0,0.0,8,5,474.1060086579674,0.0907114779087262,,,interpolation,0 days 00:00:07.410000,7.41,1695.436,0.0
2023-11-25 14:13:15.540,0 days 00:28:15.536000,4324.260197924078,3703.72597505282,-228.49507051518611,,201.75,11178.5,100.0,0.0,8,5,479.8709791215739,0.0918144991345785,,,interpolation,0 days 00:00:07.510000,7.51,1695.536,0.0
2023-11-25 14:13:15.640,0 days 00:28:15.636000,4312.0,3767.0,-228.0,,203.0,11265.0,100.0,0.0,8,5,486.39722222222224,0.0930631758989318,,,interpolation,0 days 00:00:07.610000,7.61,1695.636,0.0
2023-11-25 14:13:15.740,0 days 00:28:15.736000,4298.357323332698,3833.347730454455,-227.1607419553905,,210.0,10807.5,100.0,0.0,8,5,493.68473795991247,0.0944575082017858,,,interpolation,0 days 00:00:07.710000,7.71,1695.736,0.0
2023-11-25 14:13:15.840,0 days 00:28:15.836000,4283.562774494095,3901.73980238696,-226.03844469731493,,217.0,10350.0,100.0,0.0,8,5,500.86388888888894,0.0958311068885872,,,interpolation,0 days 00:00:07.810000,7.81,1695.836,0.0
2023-11-25 14:13:15.940,0 days 00:28:15.936000,4269.0,3966.0,-225.0,,219.2,10444.6,100.0,0.0,8,5,507.0650375633956,0.0970175828047826,,,interpolation,0 days 00:00:07.910000,7.91,1695.936,0.0
2023-11-25 14:13:16.040,0 days 00:28:16.036000,4254.899608783766,4025.098948723611,-224.10655680556505,,221.4,10539.2,100.0,0.0,8,5,512.2881839834323,0.0980169359503721,,,interpolation,0 days 00:00:08.010000,8.01,1696.036,0.0
2023-11-25 14:13:16.140,0 days 00:28:16.136000,4241.261600845389,4079.036648557792,-223.35811511401005,,223.6,10633.8,100.0,0.0,8,5,516.7989670706057,0.0988799914546072,,,interpolation,0 days 00:00:08.110000,8.11,1696.136,0.0
2023-11-25 14:13:16.240,0 days 00:28:16.236000,4227.492792484318,4130.956024113078,-222.43061586545,,225.8,10728.4,100.0,0.0,8,5,522.1912121941543,0.0999116985316548,,,interpolation,0 days 00:00:08.210000,8.21,1696.236,0.0
2023-11-25 14:13:16.340,0 days 00:28:16.336000,4213.0,4184.0,-221.0,,228.0,10823.0,100.0,0.0,8,5,528.7305555555556,0.1011628817903198,,,interpolation,0 days 00:00:08.310000,8.31,1696.336,0.0
2023-11-25 14:13:16.440,0 days 00:28:16.436000,4197.783223392436,4238.168576218562,-219.06626751766,,231.5,10855.0,100.0,0.0,8,6,536.4169971548099,0.1026335412306022,,,interpolation,0 days 00:00:08.410000,8.41,1696.436,0.0
2023-11-25 14:13:16.540,0 days 00:28:16.536000,4182.0,4295.0,-217.0,,235.0,10887.0,100.0,0.0,8,6,544.3972222222222,0.1041604107422508,,,interpolation,0 days 00:00:08.510000,8.51,1696.536,0.0
2023-11-25 14:13:16.640,0 days 00:28:16.636000,4165.0,4358.0,-215.0,,237.0,11067.0,100.0,0.0,8,6,551.8179159880981,0.1055802242150142,,,interpolation,0 days 00:00:08.610000,8.61,1696.636,0.0
2023-11-25 14:13:16.740,0 days 00:28:16.736000,4141.935995608275,4438.973525206471,-212.0355880690487,,239.0,11247.0,100.0,0.0,8,6,558.7722715293362,0.1069108124326876,,,interpolation,0 days 00:00:08.710000,8.71,1696.736,0.0
2023-11-25 14:13:16.840,0 days 00:28:16.836000,4113.534289782404,4534.694355368545,-208.19073965194065,,241.0,11427.0,100.0,0.0,8,6,565.8194444444445,0.1082591595502813,,,interpolation,0 days 00:00:08.810000,8.81,1696.836,0.0
2023-11-25 14:13:16.940,0 days 00:28:16.936000,4089.0,4614.0,-205.0,,242.25,11137.25,100.0,0.0,8,6,573.0526268560295,0.1096430961690041,,,interpolation,0 days 00:00:08.910000,8.91,1696.936,0.0
2023-11-25 14:13:17.040,0 days 00:28:17.036000,4069.867320362382,4671.696684094431,-202.7191279645953,,243.5,10847.5,100.0,0.0,8,6,580.4718187640912,0.1110626222888561,,,interpolation,0 days 00:00:09.010000,9.01,1697.036,0.0
2023-11-25 14:13:17.140,0 days 00:28:17.136000,4056.136250869548,4707.784407651832,-201.3481235457262,,244.75,10557.75,100.0,0.0,8,6,587.3981568456628,0.1123878498801565,,,interpolation,0 days 00:00:09.110000,9.11,1697.136,0.0
2023-11-25 14:13:17.240,0 days 00:28:17.236000,4043.587055941941,4737.97992738332,-200.3030573539941,,246.0,10268.0,100.0,0.0,8,6,593.1527777777778,0.1134888909132248,,,interpolation,0 days 00:00:09.210000,9.21,1697.236,0.0
2023-11-25 14:13:17.340,0 days 00:28:17.336000,4028.0,4778.0,-199.0,,246.66666666666663,10315.666666666666,100.0,0.0,8,7,597.7356815604361,0.1143657453880609,,,interpolation,0 days 00:00:09.310000,9.31,1697.336,0.0
2023-11-25 14:13:17.440,0 days 00:28:17.436000,4009.375083043728,4827.844625501875,-197.43895148374392,,247.33333333333331,10363.333333333334,100.0,0.0,8,7,601.8468406303601,0.1151523401755986,,,interpolation,0 days 00:00:09.410000,9.41,1697.436,0.0
2023-11-25 14:13:17.540,0 days 00:28:17.536000,3972.0,4902.0,-194.0,,248.0,10411.0,100.0,0.0,8,7,609.6861111111111,0.1166522406156881,,,interpolation,0 days 00:00:09.510000,9.51,1697.536,0.0
2023-11-25 14:13:17.640,0 days 00:28:17.636000,3909.0,5003.0,-188.0,,251.0,10565.0,100.0,0.0,8,7,620.8416666666667,0.1187866513020276,,,interpolation,0 days 00:00:09.610000,9.61,1697.636,0.0
2023-11-25 14:13:17.740,0 days 00:28:17.736000,3873.400679760138,5059.130340692771,-185.0595778000474,,251.75,10574.0,100.0,0.0,8,7,628.642637499235,0.1202792238078017,,,interpolation,0 days 00:00:09.710000,9.71,1697.736,0.0
2023-11-25 14:13:17.840,0 days 00:28:17.836000,3862.6044993845408,5070.89134666789,-185.20797964159547,,252.5,10583.0,100.0,0.0,8,7,631.9772062833656,0.1209172323060551,,,interpolation,0 days 00:00:09.810000,9.81,1697.836,0.0
2023-11-25 14:13:17.940,0 days 00:28:17.936000,3808.0,5113.0,-183.0,,253.25,10592.0,100.0,0.0,8,7,635.3884497035912,0.1215699110878132,,,interpolation,0 days 00:00:09.910000,9.91,1697.936,0.0
2023-11-25 14:13:18.040,0 days 00:28:18.036000,3707.0,5189.0,-178.0,,254.0,10601.0,100.0,0.0,8,7,643.4194444444444,0.1231064944441013,,,interpolation,0 days 00:00:10.010000,10.01,1698.036,0.0
2023-11-25 14:13:18.140,0 days 00:28:18.136000,3612.6934917251097,5245.435904215654,-173.03939429099236,,256.0,10624.0,100.0,0.0,8,7,654.7972222222221,0.1252834232716029,,,interpolation,0 days 00:00:10.110000,10.11,1698.136,0.0
2023-11-25 14:13:18.240,0 days 00:28:18.236000,3533.850288088039,5276.188687407448,-168.62874534105973,,256.6666666666667,10660.666666666666,100.0,0.0,8,7,661.8840124401587,0.1266393504325302,,,interpolation,0 days 00:00:10.210000,10.21,1698.236,0.0
2023-11-25 14:13:18.340,0 days 00:28:18.336000,3470.0,5298.0,-165.0,,257.3333333333333,10697.333333333334,100.0,0.0,8,7,664.8103599482145,0.1271992532864966,,,interpolation,0 days 00:00:10.310000,10.31,1698.336,0.0
2023-11-25 14:13:18.440,0 days 00:28:18.436000,3421.064228878131,5313.660131350312,-162.19181627404112,,258.0,10734.0,100.0,0.0,8,7,671.9972222222221,0.1285743273975527,,,interpolation,0 days 00:00:10.410000,10.41,1698.436,0.0
2023-11-25 14:13:18.540,0 days 00:28:18.536000,3387.0429747224307,5323.169081458383,-160.2041941631831,,260.0,10800.0,100.0,0.0,8,7,683.5527777777777,0.1307852707379841,,,interpolation,0 days 00:00:10.510000,10.51,1698.536,0.0
2023-11-25 14:13:18.640,0 days 00:28:18.636000,3341.500233205515,5336.593490837262,-158.1144749707335,,260.5,10816.5,100.0,0.0,8,7,691.7052231395498,0.1323450914401722,,,interpolation,0 days 00:00:10.610000,10.61,1698.636,0.0
2023-11-25 14:13:18.740,0 days 00:28:18.736000,3258.0,5364.0,-155.0,,261.0,10833.0,100.0,0.0,8,7,698.0527777777778,0.1335595794488139,,,interpolation,0 days 00:00:10.710000,10.71,1698.736,0.0
2023-11-25 14:13:18.840,0 days 00:28:18.836000,3136.542275105885,5405.388608946594,-150.86076925098254,,263.0,10919.0,100.0,0.0,8,7,705.4889551099948,0.1349823554176445,,,interpolation,0 days 00:00:10.810000,10.81,1698.836,0.0
2023-11-25 14:13:18.940,0 days 00:28:18.936000,3022.0,5445.0,-147.0,,265.0,11005.0,100.0,0.0,8,7,712.7013888888889,0.1363623221665458,,,interpolation,0 days 00:00:10.910000,10.91,1698.936,0.0
2023-11-25 14:13:19.040,0 days 00:28:19.036000,2959.246116159175,5467.074855483171,-144.72090952337118,,265.5,11054.5,100.0,0.0,8,7,718.3777128671488,0.1374483825153995,,,interpolation,0 days 00:00:11.010000,11.01,1699.036,0.0
2023-11-25 14:13:19.140,0 days 00:28:19.136000,2939.602424820516,5474.433745052643,-143.81152322053924,,266.0,11104.0,100.0,0.0,8,7,724.5236111111111,0.1386242872763718,,,interpolation,0 days 00:00:11.110000,11.11,1699.136,0.0
2023-11-25 14:13:19.240,0 days 00:28:19.236000,2911.0,5484.0,-143.0,,267.0,11118.0,100.0,0.0,8,7,733.144767687112,0.1402737872616288,,,interpolation,0 days 00:00:11.210000,11.21,1699.236,0.0
2023-11-25 14:13:19.340,0 days 00:28:19.336000,2864.760731799033,5498.594161099292,-142.0743674318053,,268.0,11132.0,100.0,0.0,8,7,742.3902777777777,0.142042745825808,,,interpolation,0 days 00:00:11.310000,11.31,1699.336,0.0
2023-11-25 14:13:19.440,0 days 00:28:19.436000,2800.884620217615,5518.216228350517,-141.0346255159552,,268.3333333333333,11152.333333333334,100.0,0.0,8,7,750.4092365657341,0.1435770263235468,,,interpolation,0 days 00:00:11.410000,11.41,1699.436,0.0
2023-11-25 14:13:19.540,0 days 00:28:19.536000,2728.066198527389,5546.230181426484,-139.72757084212748,,268.6666666666667,11172.666666666666,100.0,0.0,8,7,757.2621997872866,0.144888214982895,,,interpolation,0 days 00:00:11.510000,11.51,1699.536,0.0
2023-11-25 14:13:19.640,0 days 00:28:19.636000,2655.0,5586.0,-138.0,,269.0,11193.0,100.0,0.0,8,7,763.3125,0.1460458288162237,,,interpolation,0 days 00:00:11.610000,11.61,1699.636,0.0
2023-11-25 14:13:19.740,0 days 00:28:19.736000,2584.0,5635.0,-136.0,,269.5,11223.5,100.0,0.0,8,7,768.6206923200921,0.1470614539329403,,,interpolation,0 days 00:00:11.710000,11.71,1699.736,0.0
2023-11-25 14:13:19.840,0 days 00:28:19.836000,2528.949979629623,5678.07615458883,-134.61608835547327,,270.0,11254.0,100.0,0.0,8,7,775.3125,0.1483418084389793,,,car,0 days 00:00:11.810000,11.81,1699.836,0.0
2023-11-25 14:13:19.940,0 days 00:28:19.936000,2488.314795999522,5716.271711861412,-133.86959605946652,,270.5,11290.5,100.0,0.0,8,7,785.5136462921616,0.1502936104402754,,,interpolation,0 days 00:00:11.910000,11.91,1699.936,0.0
2023-11-25 14:13:20.040,0 days 00:28:20.036000,2439.0,5771.0,-133.0,,271.0,11327.0,100.0,0.0,8,7,796.3902777777778,0.1523746541282085,,,interpolation,0 days 00:00:12.010000,12.01,1700.036,0.0
2023-11-25 14:13:20.140,0 days 00:28:20.136000,2377.15653648667,5845.829888762293,-131.88054697405573,,271.25,11348.25,100.0,0.0,8,7,805.10854103805,0.1540427336941588,,,interpolation,0 days 00:00:12.110000,12.11,1700.136,0.0
2023-11-25 14:13:20.240,0 days 00:28:20.236000,2313.0,5937.0,-131.0,,271.5,11369.5,100.0,0.0,8,7,811.6684360729781,0.1552978491381264,,,interpolation,0 days 00:00:12.210000,12.21,1700.236,0.0
2023-11-25 14:13:20.340,0 days 00:28:20.336000,2256.745985080456,6040.748955564827,-130.84712209619906,,271.75,11390.75,100.0,0.0,8,7,817.3892519603061,0.1563924221966966,,,interpolation,0 days 00:00:12.310000,12.31,1700.336,0.0
2023-11-25 14:13:20.440,0 days 00:28:20.436000,2211.0,6140.0,-131.0,,272.0,11412.0,100.0,0.0,8,7,823.5902777777777,0.1575788746064546,,,interpolation,0 days 00:00:12.410000,12.41,1700.436,0.0
2023-11-25 14:13:20.540,0 days 00:28:20.536000,2178.3675530305945,6217.676377848744,-131.0367204487499,,272.2,11405.2,100.0,0.0,8,7,830.2715135253934,0.1588572063674006,,,interpolation,0 days 00:00:12.510000,12.51,1700.536,0.0
2023-11-25 14:13:20.640,0 days 00:28:20.636000,2158.84864417224,6273.778089111059,-130.9572834424487,,272.4,11398.4,100.0,0.0,8,7,837.4329592031524,0.1602274174795345,,,interpolation,0 days 00:00:12.610000,12.61,1700.636,0.0
2023-11-25 14:13:20.740,0 days 00:28:20.736000,2151.124342172073,6312.599742442422,-130.800808033598,,272.6,11391.6,100.0,0.0,8,7,845.0022833932062,0.1616756686544008,,,interpolation,0 days 00:00:12.710000,12.71,1700.736,0.0
2023-11-25 14:13:20.840,0 days 00:28:20.836000,2147.281100030352,6359.908857845766,-130.8020073354736,,272.8,11384.8,100.0,0.0,8,7,852.5454998104744,0.1631189245864078,,,interpolation,0 days 00:00:12.810000,12.81,1700.836,0.0
2023-11-25 14:13:20.940,0 days 00:28:20.936000,2146.0,6420.0,-131.0,,273.0,11378.0,100.0,0.0,8,7,859.9902777777777,0.1645433461288135,,,interpolation,0 days 00:00:12.910000,12.91,1700.936,0.0
2023-11-25 14:13:21.040,0 days 00:28:21.036000,2147.2810420810183,6492.873168905123,-131.3947860271772,,273.125,11387.875,100.0,0.0,8,7,867.3366172951161,0.165948933281618,,,interpolation,0 days 00:00:13.010000,13.01,1701.036,0.0
2023-11-25 14:13:21.140,0 days 00:28:21.136000,2151.1242262734063,6578.528364561138,-131.98636541700515,,273.25,11397.75,100.0,0.0,8,7,874.5845183624895,0.1673356860448212,,,interpolation,0 days 00:00:13.110000,13.11,1701.136,0.0
2023-11-25 14:13:21.240,0 days 00:28:21.236000,2157.5295525771644,6676.965586968043,-132.77473816948395,,273.375,11407.625,100.0,0.0,8,7,881.7339809798981,0.1687036044184232,,,interpolation,0 days 00:00:13.210000,13.21,1701.236,0.0
2023-11-25 14:13:21.340,0 days 00:28:21.336000,2165.483867197108,6776.41045671538,-133.72428021763292,,273.5,11417.5,100.0,0.0,8,7,888.785005147342,0.1700526884024239,,,interpolation,0 days 00:00:13.310000,13.31,1701.336,0.0
2023-11-25 14:13:21.440,0 days 00:28:21.436000,2173.974016338053,6865.0885943927,-134.7993674944716,,273.625,11427.375,100.0,0.0,8,7,896.0422439491456,0.171441227769625,,,interpolation,0 days 00:00:13.410000,13.41,1701.436,0.0
2023-11-25 14:13:21.540,0 days 00:28:21.536000,2183.0,6943.0,-136.0,,273.75,11437.25,100.0,0.0,8,7,903.8103504696344,0.1729275122928281,,,interpolation,0 days 00:00:13.510000,13.51,1701.536,0.0
2023-11-25 14:13:21.640,0 days 00:28:21.636000,2192.5618181829486,7010.144673537279,-137.32617773421805,,273.875,11447.125,100.0,0.0,8,7,912.089324708808,0.1745115419720333,,,interpolation,0 days 00:00:13.610000,13.61,1701.636,0.0
2023-11-25 14:13:21.740,0 days 00:28:21.736000,2202.849142855215,7069.618867306181,-138.84954884293697,,274.0,11457.0,100.0,0.0,8,7,920.8791666666666,0.1761933168072404,,,interpolation,0 days 00:00:13.710000,13.71,1701.736,0.0
2023-11-25 14:13:21.840,0 days 00:28:21.836000,2215.0,7140.0,-141.0,,275.0,11482.666666666666,100.0,0.0,8,7,930.17987634321,0.1779728367984496,,,interpolation,0 days 00:00:13.810000,13.81,1701.836,0.0
2023-11-25 14:13:21.940,0 days 00:28:21.936000,2229.204059643388,7224.384292214917,-143.84917861754514,,276.0,11508.333333333334,100.0,0.0,8,7,939.807254471792,0.1798148587987652,,,interpolation,0 days 00:00:13.910000,13.91,1701.936,0.0
2023-11-25 14:13:22.040,0 days 00:28:22.036000,2244.820014371497,7318.531496734575,-147.21444995962526,,277.0,11534.0,100.0,0.0,8,7,948.6561111111108,0.1815079250094788,,,interpolation,0 days 00:00:14.010000,14.01,1702.036,0.0
2023-11-25 14:13:22.140,0 days 00:28:22.136000,2258.0,7397.0,-150.0,,277.5,11542.0,100.0,0.0,8,7,956.5422488807112,0.1830167926445826,,,interpolation,0 days 00:00:14.110000,14.11,1702.136,0.0
2023-11-25 14:13:22.240,0 days 00:28:22.236000,2268.102702547993,7455.549511374482,-152.02319213253304,,278.0,11550.0,100.0,0.0,8,7,964.1005555555556,0.1844629358202477,,,interpolation,0 days 00:00:14.210000,14.21,1702.236,0.0
2023-11-25 14:13:22.340,0 days 00:28:22.336000,2276.1196522440605,7499.969877459451,-153.53041579000032,,279.25,11593.75,100.0,0.0,8,7,971.9659189106068,0.1859678286526449,,,interpolation,0 days 00:00:14.310000,14.31,1702.336,0.0
2023-11-25 14:13:22.440,0 days 00:28:22.436000,2288.0,7565.0,-156.0,,280.5,11637.5,100.0,0.0,8,7,980.1383389458646,0.1875314711417743,,,interpolation,0 days 00:00:14.410000,14.41,1702.436,0.0
2023-11-25 14:13:22.540,0 days 00:28:22.536000,2304.735265891178,7656.429666309836,-159.67833167229327,,281.75,11681.25,100.0,0.0,8,7,988.1529783970792,0.1890649252137511,,,interpolation,0 days 00:00:14.510000,14.51,1702.536,0.0
2023-11-25 14:13:22.640,0 days 00:28:22.636000,2324.0,7765.0,-164.0,,283.0,11725.0,100.0,0.0,8,7,995.545,0.1904792527946907,,,interpolation,0 days 00:00:14.610000,14.61,1702.636,0.0
2023-11-25 14:13:22.740,0 days 00:28:22.736000,2343.468752408869,7881.45212468154,-168.39959417624027,,283.5,11741.0,100.0,0.0,8,7,1002.3144037546268,0.1917744538845932,,,interpolation,0 days 00:00:14.710000,14.71,1702.736,0.0
2023-11-25 14:13:22.840,0 days 00:28:22.836000,2362.472824052869,8000.563641844887,-172.71794140273448,,284.0,11757.0,100.0,0.0,8,7,1008.4611896609608,0.1929505284834585,,,interpolation,0 days 00:00:14.810000,14.81,1702.836,0.0
2023-11-25 14:13:22.940,0 days 00:28:22.936000,2377.0,8091.0,-176.0,,284.5,11773.0,100.0,0.0,8,7,1014.4832140701473,0.194102732261061,,,interpolation,0 days 00:00:14.910000,14.91,1702.936,0.0
2023-11-25 14:13:23.040,0 days 00:28:23.036000,2386.3815743378336,8147.538747159681,-178.0865955398195,,285.0,11789.0,100.0,0.0,8,7,1020.8783333333332,0.1953263208871749,,,interpolation,0 days 00:00:15.010000,15.01,1703.036,0.0
2023-11-25 14:13:23.140,0 days 00:28:23.136000,2390.617547066369,8170.179883323926,-178.9777280221929,,285.5,11490.25,100.0,0.0,8,7,1027.6465474505185,0.1966212943618003,,,interpolation,0 days 00:00:15.110000,15.11,1703.136,0.0
2023-11-25 14:13:23.240,0 days 00:28:23.236000,2393.54474626172,8196.731077826209,-179.87999649346995,,286.0,11191.5,100.0,0.0,8,7,1034.7878564217033,0.1979876526849372,,,interpolation,0 days 00:00:15.210000,15.21,1703.236,0.0
2023-11-25 14:13:23.340,0 days 00:28:23.336000,2399.0,8265.0,-182.0,,286.5,10892.75,100.0,0.0,8,7,1042.9466260709253,0.1995486834233848,,,interpolation,0 days 00:00:15.310000,15.31,1703.336,0.0
2023-11-25 14:13:23.440,0 days 00:28:23.436000,2406.983308281209,8374.986649845298,-185.33773854178315,,287.0,10594.0,100.0,0.0,8,7,1052.7672222222222,0.2014276741439423,,,interpolation,0 days 00:00:15.410000,15.41,1703.436,0.0
2023-11-25 14:13:23.540,0 days 00:28:23.536000,2414.0,8488.0,-189.0,,288.0,10633.0,100.0,0.0,8,8,1064.2496448755944,0.2036246248466099,,,interpolation,0 days 00:00:15.510000,15.51,1703.536,0.0
2023-11-25 14:13:23.640,0 days 00:28:23.636000,2417.0,8568.0,-192.0,,289.0,10672.0,100.0,0.0,8,8,1075.245,0.205728384122493,,,interpolation,0 days 00:00:15.610000,15.61,1703.636,0.0
2023-11-25 14:13:23.740,0 days 00:28:23.736000,2418.650897633076,8630.892592671595,-193.7763021322456,,289.5,10690.25,100.0,0.0,8,8,1083.604393564398,0.2073278005626973,,,interpolation,0 days 00:00:15.710000,15.71,1703.736,0.0
2023-11-25 14:13:23.840,0 days 00:28:23.836000,2419.481827856404,8682.961150975727,-194.52676628224495,,290.0,10708.5,100.0,0.0,8,8,1089.3278255687878,0.2084228741672229,,,interpolation,0 days 00:00:15.810000,15.81,1703.836,0.0
2023-11-25 14:13:23.940,0 days 00:28:23.936000,2420.0,8746.0,-196.0,,290.5,10726.75,100.0,0.0,8,8,1094.4765114554507,0.2094079806572019,,,interpolation,0 days 00:00:15.910000,15.91,1703.936,0.0
2023-11-25 14:13:24.040,0 days 00:28:24.036000,2420.289949385021,8823.641545856866,-198.48743936932533,,291.0,10745.0,100.0,0.0,8,8,1101.111666666667,0.2106774957537663,,,interpolation,0 days 00:00:16.010000,16.01,1704.036,0.0
2023-11-25 14:13:24.140,0 days 00:28:24.136000,2420.0,8908.0,-201.0,,291.6666666666667,10765.0,100.0,0.0,8,8,1109.233291202436,0.2122314194569162,,,interpolation,0 days 00:00:16.110000,16.11,1704.136,0.0
2023-11-25 14:13:24.240,0 days 00:28:24.236000,2418.778475833472,8991.189573883088,-202.5485975018031,,292.3333333333333,10785.0,100.0,0.0,8,8,1118.5325153240908,0.2140106552144793,,,interpolation,0 days 00:00:16.210000,16.21,1704.236,0.0
2023-11-25 14:13:24.340,0 days 00:28:24.336000,2417.0,9087.0,-204.0,,293.0,10805.0,100.0,0.0,8,8,1127.1561111111112,0.2156606218979693,,,interpolation,0 days 00:00:16.310000,16.31,1704.336,0.0
2023-11-25 14:13:24.440,0 days 00:28:24.436000,2415.0,9202.0,-206.0,,293.3333333333333,10816.333333333334,100.0,0.0,8,8,1134.7952056619868,0.2171222223500622,,,interpolation,0 days 00:00:16.410000,16.41,1704.436,0.0
2023-11-25 14:13:24.540,0 days 00:28:24.536000,2412.5433009444896,9292.863286985235,-207.22273699427308,,293.6666666666667,10827.666666666666,100.0,0.0,8,8,1141.7723430468282,0.2184571694551257,,,interpolation,0 days 00:00:16.510000,16.51,1704.536,0.0
2023-11-25 14:13:24.640,0 days 00:28:24.636000,2409.686015645921,9356.089155963413,-207.5946227839956,,294.0,10839.0,100.0,0.0,8,8,1150.022777777778,0.2200357386235538,,,interpolation,0 days 00:00:16.610000,16.61,1704.636,0.0
2023-11-25 14:13:24.740,0 days 00:28:24.736000,2407.0,9414.0,-208.0,,294.5,10859.0,100.0,0.0,8,8,1159.8690506221124,0.2219196421077775,,,interpolation,0 days 00:00:16.710000,16.71,1704.736,0.0
2023-11-25 14:13:24.840,0 days 00:28:24.836000,2404.5805638106604,9470.316236987725,-208.58625983539883,,295.0,10879.0,100.0,0.0,8,8,1169.6894444444445,0.2237985941164033,,,interpolation,0 days 00:00:16.810000,16.81,1704.836,0.0
2023-11-25 14:13:24.940,0 days 00:28:24.936000,2402.034213534589,9530.130674330354,-209.3199102464973,,295.0,10896.5,100.0,0.0,8,8,1177.862242109387,0.2253623088580377,,,interpolation,0 days 00:00:16.910000,16.91,1704.936,0.0
2023-11-25 14:13:25.040,0 days 00:28:25.036000,2397.0,9624.0,-210.0,,295.0,10914.0,100.0,0.0,8,8,1186.0783333333334,0.2269343070271113,,,interpolation,0 days 00:00:17.010000,17.01,1705.036,0.0
2023-11-25 14:13:25.140,0 days 00:28:25.136000,2389.084433692933,9757.016969250351,-210.593037395169,,296.0,10903.0,100.0,0.0,8,8,1196.0286078326783,0.2288381093180547,,,interpolation,0 days 00:00:17.110000,17.11,1705.136,0.0
2023-11-25 14:13:25.240,0 days 00:28:25.236000,2381.0,9887.0,-211.0,,297.0,10892.0,100.0,0.0,8,8,1205.8783333333336,0.2307226734046581,,,interpolation,0 days 00:00:17.210000,17.21,1705.236,0.0
2023-11-25 14:13:25.340,0 days 00:28:25.336000,2375.45918430781,9971.76751016753,-211.12186538248864,,297.25,10910.0,100.0,0.0,8,8,1213.7927775612122,0.232236956960712,,,interpolation,0 days 00:00:17.310000,17.31,1705.336,0.0
2023-11-25 14:13:25.440,0 days 00:28:25.436000,2372.461986616365,10011.31949975295,-210.958633542635,,297.5,10928.0,100.0,0.0,8,8,1219.7719405163143,0.2333809599862162,,,interpolation,0 days 00:00:17.410000,17.41,1705.436,0.0
2023-11-25 14:13:25.540,0 days 00:28:25.536000,2369.733795616736,10042.211739461893,-210.81608493146385,,297.75,10946.0,100.0,0.0,8,8,1225.405827657704,0.2344589008256775,,,interpolation,0 days 00:00:17.510000,17.51,1705.536,0.0
2023-11-25 14:13:25.640,0 days 00:28:25.636000,2365.0,10101.0,-211.0,,298.0,10964.0,100.0,0.0,8,8,1232.2844444444445,0.2357749978236026,,,car,0 days 00:00:17.610000,17.61,1705.636,0.0
2023-11-25 14:13:25.740,0 days 00:28:25.736000,2358.260599766155,10187.684281367274,-211.5103787482435,,298.3333333333333,10977.333333333334,100.0,0.0,8,8,1240.4077908765362,0.2373292509799915,,,interpolation,0 days 00:00:17.710000,17.71,1705.736,0.0
2023-11-25 14:13:25.840,0 days 00:28:25.836000,2351.0,10282.0,-212.0,,298.6666666666667,10990.666666666666,100.0,0.0,8,8,1249.6062619268384,0.2390892094876583,,,interpolation,0 days 00:00:17.810000,17.81,1705.836,0.0
2023-11-25 14:13:25.940,0 days 00:28:25.936000,2344.7026057863354,10363.682572334475,-212.12164257907529,,299.0,11004.0,100.0,0.0,8,8,1258.8622222222225,0.2408601675065947,,,interpolation,0 days 00:00:17.910000,17.91,1705.936,0.0
2023-11-25 14:13:26.040,0 days 00:28:26.036000,2338.0,10448.0,-212.0,,299.0,10983.0,100.0,0.0,8,8,1268.006064998784,0.2426096738973169,,,interpolation,0 days 00:00:18.010000,18.01,1706.036,0.0
2023-11-25 14:13:26.140,0 days 00:28:26.136000,2329.523765515833,10550.220284625862,-211.75976577730472,,299.0,10962.0,100.0,0.0,8,8,1276.9803013941346,0.2443267292217768,,,interpolation,0 days 00:00:18.110000,18.11,1706.136,0.0
2023-11-25 14:13:26.240,0 days 00:28:26.236000,2319.690521972435,10665.191285491588,-211.40943739297867,,299.0,10941.0,100.0,0.0,8,8,1285.44,0.2459453371895869,,,interpolation,0 days 00:00:18.210000,18.21,1706.236,0.0
2023-11-25 14:13:26.340,0 days 00:28:26.336000,2311.0,10762.0,-211.0,,296.0,10903.333333333334,67.66666666666666,0.0,8,8,1293.3276725426751,0.2474544984753328,,,interpolation,0 days 00:00:18.310000,18.31,1706.336,0.0
2023-11-25 14:13:26.440,0 days 00:28:26.436000,2303.868823503335,10835.494234672427,-210.5399511673725,,293.0,10865.666666666666,35.33333333333333,0.0,8,8,1300.7109428043482,0.2488671516478411,,,interpolation,0 days 00:00:18.410000,18.41,1706.436,0.0
2023-11-25 14:13:26.540,0 days 00:28:26.536000,2296.0,10905.0,-210.0,,290.0,10828.0,3.0,0.0,8,8,1307.9955555555557,0.2502609285175444,,,interpolation,0 days 00:00:18.510000,18.51,1706.536,0.0
2023-11-25 14:13:26.640,0 days 00:28:26.636000,2285.0965370075546,10989.84330647384,-209.3508556027865,,273.0,10128.0,1.5000000000000002,1.0,8,8,1315.2491352709578,0.2516487677857608,,,interpolation,0 days 00:00:18.610000,18.61,1706.636,0.0
2023-11-25 14:13:26.740,0 days 00:28:26.736000,2272.026693872388,11084.630519810376,-208.62307506682924,,256.0,9428.0,0.0,1.0,8,8,1322.217777777778,0.2529820895519215,,,interpolation,0 days 00:00:18.710000,18.71,1706.736,0.0
2023-11-25 14:13:26.840,0 days 00:28:26.836000,2262.0,11157.0,-208.0,,239.66666666666663,9432.333333333334,0.0,1.0,8,8,1328.6475789032406,0.2542123139154576,,,interpolation,0 days 00:00:18.810000,18.81,1706.836,0.0
2023-11-25 14:13:26.940,0 days 00:28:26.936000,2255.8847058458505,11201.558167989668,-207.51218718049296,,223.3333333333333,9436.666666666666,0.0,1.0,8,8,1334.6193301195226,0.2553548988408534,,,interpolation,0 days 00:00:18.910000,18.91,1706.936,0.0
2023-11-25 14:13:27.040,0 days 00:28:27.036000,2253.6808114099385,11218.305023779378,-207.1596366083081,,207.0,9441.0,0.0,1.0,8,8,1340.617777777778,0.2565025916401468,,,interpolation,0 days 00:00:19.010000,19.01,1707.036,0.0
2023-11-25 14:13:27.140,0 days 00:28:27.136000,2248.8865112690573,11236.899367679398,-206.7272677319692,,190.5,9208.0,0.0,1.0,8,8,1346.723712522883,0.2576708501195333,,,interpolation,0 days 00:00:19.110000,19.11,1707.136,0.0
2023-11-25 14:13:27.240,0 days 00:28:27.236000,2235.0,11287.0,-206.0,,174.0,8975.0,0.0,1.0,8,8,1352.217777777778,0.2587220386088106,,,interpolation,0 days 00:00:19.210000,19.21,1707.236,0.0
2023-11-25 14:13:27.340,0 days 00:28:27.336000,2214.0,11361.0,-205.0,,169.0,9418.0,0.0,1.0,8,8,1356.3806169654026,0.2595185214377769,,,interpolation,0 days 00:00:19.310000,19.31,1707.336,0.0
2023-11-25 14:13:27.440,0 days 00:28:27.436000,2197.7587848663134,11413.258076916109,-203.86026657661097,,164.0,9861.0,0.0,1.0,8,8,1359.446136025015,0.2601050522122801,,,interpolation,0 days 00:00:19.410000,19.41,1707.436,0.0
2023-11-25 14:13:27.540,0 days 00:28:27.536000,2186.64518283875,11441.08652325259,-202.68873321191955,,159.0,10304.0,0.0,1.0,8,8,1362.817777777778,0.2607501539422448,,,interpolation,0 days 00:00:19.510000,19.51,1707.536,0.0
2023-11-25 14:13:27.640,0 days 00:28:27.636000,2171.0,11474.0,-202.0,,153.5,10222.0,0.0,1.0,8,8,1366.7294505581583,0.2614985806917982,,,interpolation,0 days 00:00:19.610000,19.61,1707.636,0.0
2023-11-25 14:13:27.740,0 days 00:28:27.736000,2149.2133789396776,11516.917592137628,-201.87983318407345,,148.0,10140.0,0.0,1.0,8,8,1371.0400000000002,0.262323325165244,,,interpolation,0 days 00:00:19.710000,19.71,1707.736,0.0
2023-11-25 14:13:27.840,0 days 00:28:27.836000,2127.0,11558.0,-202.0,,141.0,9820.0,0.0,1.0,8,6,1375.6082717371464,0.2631973800668855,,,interpolation,0 days 00:00:19.810000,19.81,1707.836,0.0
2023-11-25 14:13:27.940,0 days 00:28:27.936000,2110.0745435231875,11585.40792392164,-202.03226768363996,,134.0,9500.0,0.0,1.0,8,6,1379.9733333333334,0.2640325544399621,,,interpolation,0 days 00:00:19.910000,19.91,1707.936,0.0
2023-11-25 14:13:28.040,0 days 00:28:28.036000,2094.0,11607.0,-202.0,,131.0,9275.6,0.0,1.0,8,3,1383.674252352299,0.2647406573277133,,,interpolation,0 days 00:00:20.010000,20.01,1708.036,0.0
2023-11-25 14:13:28.140,0 days 00:28:28.136000,2074.3393599212004,11630.63486433253,-201.92656071408695,,128.0,9051.2,0.0,1.0,8,3,1386.7110287940425,0.2653216887301389,,,interpolation,0 days 00:00:20.110000,20.11,1708.136,0.0
2023-11-25 14:13:28.240,0 days 00:28:28.236000,2051.0926232867896,11656.312516919232,-201.81194982590105,,125.0,8826.8,0.0,1.0,8,3,1389.1909132241378,0.2657961690733296,,,interpolation,0 days 00:00:20.210000,20.21,1708.236,0.0
2023-11-25 14:13:28.340,0 days 00:28:28.336000,2025.549575008983,11681.583911046318,-201.7913640247645,,122.0,8602.4,0.0,1.0,8,3,1391.7574123307743,0.2662872215442178,,,interpolation,0 days 00:00:20.310000,20.31,1708.336,0.0
2023-11-25 14:13:28.440,0 days 00:28:28.436000,1999.0,11704.0,-202.0,,119.0,8378.0,0.0,1.0,8,3,1394.5177777777778,0.2668153667790243,,,car,0 days 00:00:20.410000,20.41,1708.436,0.0
2023-11-25 14:13:28.540,0 days 00:28:28.536000,1971.4438982598397,11723.560783780278,-202.4378577516075,,116.25,8194.25,0.0,1.0,8,3,1397.4720095651478,0.2673806047777491,,,interpolation,0 days 00:00:20.510000,20.51,1708.536,0.0
2023-11-25 14:13:28.640,0 days 00:28:28.636000,1941.0,11740.0,-203.0,,113.5,8010.5,0.0,1.0,8,3,1400.6201076928842,0.2679829355403923,,,interpolation,0 days 00:00:20.610000,20.61,1708.636,0.0
2023-11-25 14:13:28.740,0 days 00:28:28.736000,1905.78703543198,11753.051386272018,-203.58148946559055,,110.75,7826.75,0.0,1.0,8,3,1403.7245408630672,0.2685769118153046,,,interpolation,0 days 00:00:20.710000,20.71,1708.736,0.0
2023-11-25 14:13:28.840,0 days 00:28:28.836000,1865.8050045557789,11762.714942596323,-204.1823261483791,,108.0,7643.0,0.0,1.0,8,3,1406.5477777777778,0.2691170863508368,,,interpolation,0 days 00:00:20.810000,20.81,1708.836,0.0
2023-11-25 14:13:28.940,0 days 00:28:28.936000,1829.1704714016887,11769.521027622472,-204.6919997569781,,106.0,7520.25,0.0,1.0,8,3,1409.0898184370155,0.2696034591469891,,,interpolation,0 days 00:00:20.910000,20.91,1708.936,0.0
2023-11-25 14:13:29.040,0 days 00:28:29.036000,1804.0,11774.0,-205.0,,104.0,7397.5,0.0,1.0,8,3,1411.3506628407802,0.2700360302037611,,,interpolation,0 days 00:00:21.010000,21.01,1709.036,0.0
2023-11-25 14:13:29.140,0 days 00:28:29.136000,1790.293590350713,11776.151859728909,-205.1063268774447,,102.0,7274.75,0.0,1.0,8,3,1413.9878424908215,0.2705406060985979,,,interpolation,0 days 00:00:21.110000,21.11,1709.136,0.0
2023-11-25 14:13:29.240,0 days 00:28:29.236000,1783.909817000014,11775.47947059044,-205.04276244353997,,100.0,7152.0,0.0,1.0,8,3,1417.658888888889,0.271242993408944,,,interpolation,0 days 00:00:21.210000,21.21,1709.236,0.0
2023-11-25 14:13:29.340,0 days 00:28:29.336000,1760.0,11769.0,-205.0,,99.0,7187.0,5.0,0.0,8,3,1422.058888888889,0.2720848526039544,,,interpolation,0 days 00:00:21.310000,21.31,1709.336,0.0
2023-11-25 14:13:29.440,0 days 00:28:29.436000,1719.0,11757.0,-205.0,,99.0,7312.666666666667,10.333333333333332,0.0,8,3,1425.3583729811653,0.2727161482907437,,,interpolation,0 days 00:00:21.410000,21.41,1709.436,0.0
2023-11-25 14:13:29.540,0 days 00:28:29.536000,1688.3739286853738,11744.181654776854,-204.98383058279563,,99.0,7438.333333333333,15.666666666666666,0.0,8,3,1427.4766347425027,0.273121438777385,,,interpolation,0 days 00:00:21.510000,21.51,1709.536,0.0
2023-11-25 14:13:29.640,0 days 00:28:29.636000,1668.0,11733.0,-205.0,,99.0,7564.0,21.0,0.0,8,3,1429.758888888889,0.2735581061952226,,,interpolation,0 days 00:00:21.610000,21.61,1709.636,0.0
2023-11-25 14:13:29.740,0 days 00:28:29.736000,1653.1790525041151,11725.12636996194,-205.10683853030545,,100.25,7730.75,26.25,0.0,8,3,1432.4293367250734,0.2740690473465152,,,interpolation,0 days 00:00:21.710000,21.71,1709.736,0.0
2023-11-25 14:13:29.840,0 days 00:28:29.836000,1641.0004182349646,11718.193752286305,-205.34962124914804,,101.5,7897.5,31.5,0.0,8,3,1435.487978251056,0.2746542622312627,,,interpolation,0 days 00:00:21.810000,21.81,1709.836,0.0
2023-11-25 14:13:29.940,0 days 00:28:29.936000,1614.0,11698.0,-206.0,,102.75,8064.25,36.75,0.0,8,3,1438.570963984844,0.2752441349330981,,,interpolation,0 days 00:00:21.910000,21.91,1709.936,0.0
2023-11-25 14:13:30.040,0 days 00:28:30.036000,1573.0,11665.0,-207.0,,104.0,8231.0,42.0,0.0,8,3,1441.3144444444445,0.275769049535654,,,interpolation,0 days 00:00:22.010000,22.01,1710.036,0.0
2023-11-25 14:13:30.140,0 days 00:28:30.136000,1540.397932723601,11636.125380046104,-207.7301161457885,,106.75,8423.75,44.75,0.0,8,3,1443.7184196298574,0.2762290060389304,,,interpolation,0 days 00:00:22.110000,22.11,1710.136,0.0
2023-11-25 14:13:30.240,0 days 00:28:30.236000,1519.9267363648196,11614.19809254663,-208.0870970581604,,109.5,8616.5,47.5,0.0,8,3,1445.782889541082,0.2766240044429274,,,interpolation,0 days 00:00:22.210000,22.21,1710.236,0.0
2023-11-25 14:13:30.340,0 days 00:28:30.336000,1504.742171823629,11594.171758773842,-208.40052944145205,,112.25,8809.25,50.25,0.0,8,3,1448.4881369039883,0.277141603844573,,,interpolation,0 days 00:00:22.310000,22.31,1710.336,0.0
2023-11-25 14:13:30.440,0 days 00:28:30.436000,1488.0,11571.0,-209.0,,115.0,9002.0,53.0,0.0,8,3,1452.8144444444445,0.2779693633407948,,,interpolation,0 days 00:00:22.410000,22.41,1710.436,0.0
2023-11-25 14:13:30.540,0 days 00:28:30.536000,1469.700220893934,11544.682816225108,-209.88550873380427,,124.0,9455.0,60.0,0.0,8,3,1458.3255555555556,0.2790238132416159,,,interpolation,0 days 00:00:22.510000,22.51,1710.536,0.0
2023-11-25 14:13:30.640,0 days 00:28:30.636000,1450.0,11513.0,-211.0,,128.5,9770.0,66.5,0.0,8,3,1462.40394399771,0.279804137971355,,,interpolation,0 days 00:00:22.610000,22.61,1710.636,0.0
2023-11-25 14:13:30.740,0 days 00:28:30.736000,1429.0565028127694,11473.731343875515,-212.2864181557225,,133.0,10085.0,73.0,0.0,8,3,1465.7144444444446,0.2804375414352572,,,interpolation,0 days 00:00:22.710000,22.71,1710.736,0.0
2023-11-25 14:13:30.840,0 days 00:28:30.836000,1406.8697293322416,11426.876847851658,-213.7447632009716,,135.0,10452.0,81.5,0.0,8,3,1469.358143708946,0.2811346963738192,,,interpolation,0 days 00:00:22.810000,22.81,1710.836,0.0
2023-11-25 14:13:30.940,0 days 00:28:30.936000,1386.7480911855932,11381.833927901973,-215.08072664573496,,137.0,10819.0,90.0,0.0,8,3,1473.3255555555556,0.2818937877700605,,,interpolation,0 days 00:00:22.910000,22.91,1710.936,0.0
2023-11-25 14:13:31.040,0 days 00:28:31.036000,1372.0,11348.0,-216.0,,145.0,11209.5,95.0,0.0,8,3,1477.6071937486154,0.2827130006070003,,,interpolation,0 days 00:00:23.010000,23.01,1711.036,0.0
2023-11-25 14:13:31.140,0 days 00:28:31.136000,1362.6254557754623,11325.375064145754,-216.50258326376667,,153.0,11600.0,100.0,0.0,8,3,1481.8255555555556,0.2835201066695125,,,interpolation,0 days 00:00:23.110000,23.11,1711.136,0.0
2023-11-25 14:13:31.240,0 days 00:28:31.236000,1357.6247943453395,11311.54222096889,-216.6709562088581,,156.33333333333334,11207.666666666666,100.0,0.0,8,3,1485.6031382438075,0.284242877742471,,,interpolation,0 days 00:00:23.210000,23.21,1711.236,0.0
2023-11-25 14:13:31.340,0 days 00:28:31.336000,1351.0,11292.0,-217.0,,159.66666666666666,10815.333333333334,100.0,0.0,8,3,1489.035081689001,0.2848995170938553,,,interpolation,0 days 00:00:23.310000,23.31,1711.336,0.0
2023-11-25 14:13:31.440,0 days 00:28:31.436000,1341.7513983361905,11264.33147711958,-217.57219525361268,,163.0,10423.0,100.0,0.0,8,3,1492.6922222222224,0.2855992437723412,,,interpolation,0 days 00:00:23.410000,23.41,1711.436,0.0
2023-11-25 14:13:31.540,0 days 00:28:31.536000,1329.058678436907,11225.912696079648,-218.44909327442932,,168.0,10703.0,100.0,0.0,8,3,1496.6696987448752,0.2863602608595079,,,interpolation,0 days 00:00:23.510000,23.51,1711.536,0.0
2023-11-25 14:13:31.640,0 days 00:28:31.636000,1308.0,11161.0,-220.0,,173.0,10983.0,100.0,0.0,8,3,1502.3033333333335,0.2874381533776038,,,interpolation,0 days 00:00:23.610000,23.61,1711.636,0.0
2023-11-25 14:13:31.740,0 days 00:28:31.736000,1281.0,11077.0,-222.0,,178.0,11105.0,100.0,0.0,8,4,1510.2144444444446,0.2889517992029761,,,interpolation,0 days 00:00:23.710000,23.71,1711.736,0.0
2023-11-25 14:13:31.840,0 days 00:28:31.836000,1267.5282157022664,11034.095630931452,-222.7303054459829,,184.0,10685.0,100.0,0.0,8,4,1516.1160323105178,0.2900809596598432,,,interpolation,0 days 00:00:23.810000,23.81,1711.836,0.0
2023-11-25 14:13:31.940,0 days 00:28:31.936000,1260.0,11009.0,-223.0,,190.0,10265.0,100.0,0.0,8,4,1520.77,0.2909714109081778,,,interpolation,0 days 00:00:23.910000,23.91,1711.936,0.0
2023-11-25 14:13:32.040,0 days 00:28:32.036000,1247.5857995228184,10968.39577662533,-223.90463049548043,,192.33333333333331,10472.333333333334,100.0,0.0,8,5,1525.6527468843888,0.2919056348539803,,,interpolation,0 days 00:00:24.010000,24.01,1712.036,0.0
2023-11-25 14:13:32.140,0 days 00:28:32.136000,1232.0,10918.0,-225.0,,194.66666666666663,10679.666666666666,100.0,0.0,8,5,1530.7629000683678,0.292883368818945,,,interpolation,0 days 00:00:24.110000,24.11,1712.136,0.0
2023-11-25 14:13:32.240,0 days 00:28:32.236000,1214.9569871608237,10863.529709316572,-225.8419115811346,,197.0,10887.0,100.0,0.0,8,5,1536.0922222222223,0.2939030367413075,,,interpolation,0 days 00:00:24.210000,24.21,1712.236,0.0
2023-11-25 14:13:32.340,0 days 00:28:32.336000,1196.73461511665,10805.722064227271,-226.4564363308456,,200.0,11115.5,100.0,0.0,8,5,1541.639340464695,0.2949643759454519,,,interpolation,0 days 00:00:24.310000,24.31,1712.336,0.0
2023-11-25 14:13:32.440,0 days 00:28:32.436000,1179.0,10749.0,-227.0,,203.0,11344.0,100.0,0.0,8,5,1547.313611111111,0.2960500434269663,,,interpolation,0 days 00:00:24.410000,24.41,1712.436,0.0
2023-11-25 14:13:32.540,0 days 00:28:32.536000,1162.030993077023,10694.100668738509,-227.4986734135927,,205.0,11344.0,100.0,0.0,8,5,1553.0243904767972,0.2971426961814387,,,interpolation,0 days 00:00:24.510000,24.51,1712.536,0.0
2023-11-25 14:13:32.640,0 days 00:28:32.636000,1145.0,10639.0,-228.0,,207.0,11344.0,100.0,0.0,8,5,1558.813611111111,0.2982503572321071,,,interpolation,0 days 00:00:24.610000,24.61,1712.636,0.0
2023-11-25 14:13:32.740,0 days 00:28:32.736000,1127.0794264212136,10581.673923341676,-228.55152318759832,,210.0,10851.0,100.0,0.0,8,5,1564.723205563409,0.2993810496022093,,,interpolation,0 days 00:00:24.710000,24.71,1712.736,0.0
2023-11-25 14:13:32.840,0 days 00:28:32.836000,1106.0,10515.0,-229.0,,213.0,10358.0,100.0,0.0,8,5,1570.6469444444444,0.3005144482489912,,,interpolation,0 days 00:00:24.810000,24.81,1712.836,0.0
2023-11-25 14:13:32.940,0 days 00:28:32.936000,1079.4924483956963,10431.855791211432,-229.19218746081725,,215.25,10459.75,100.0,0.0,8,6,1576.4785983649697,0.3016302281296987,,,interpolation,0 days 00:00:24.910000,24.91,1712.936,0.0
2023-11-25 14:13:33.040,0 days 00:28:33.036000,1054.0,10352.0,-229.0,,217.5,10561.5,100.0,0.0,8,6,1582.2181673249856,0.3027283892443317,,,interpolation,0 days 00:00:25.010000,25.01,1713.036,0.0
2023-11-25 14:13:33.140,0 days 00:28:33.136000,1035.965883204609,10295.191329389738,-228.29535204749817,,219.75,10663.25,100.0,0.0,8,6,1588.338791511397,0.303899458278544,,,interpolation,0 days 00:00:25.110000,25.11,1713.136,0.0
2023-11-25 14:13:33.240,0 days 00:28:33.236000,1023.915364774992,10256.794756315723,-227.15061283768603,,222.0,10765.0,100.0,0.0,8,6,1595.313611111111,0.3052339619179889,,,interpolation,0 days 00:00:25.210000,25.21,1713.236,0.0
2023-11-25 14:13:33.340,0 days 00:28:33.336000,1009.0,10209.0,-226.0,,227.5,10947.5,100.0,0.0,8,6,1603.1426261241263,0.3067319001626666,,,interpolation,0 days 00:00:25.310000,25.31,1713.336,0.0
2023-11-25 14:13:33.440,0 days 00:28:33.436000,989.7450405437568,10147.171989914768,-224.9158835098792,,233.0,11130.0,100.0,0.0,8,6,1610.8469444444445,0.3082059799852227,,,interpolation,0 days 00:00:25.410000,25.41,1713.436,0.0
2023-11-25 14:13:33.540,0 days 00:28:33.536000,967.5708981893044,10075.820051625607,-223.9041367682232,,235.0,10989.8,100.0,0.0,8,6,1617.4476739660645,0.3094689083583029,,,interpolation,0 days 00:00:25.510000,25.51,1713.536,0.0
2023-11-25 14:13:33.640,0 days 00:28:33.636000,951.0,10022.0,-223.0,,237.0,10849.6,100.0,0.0,8,6,1622.944814688988,0.3105206852819073,,,interpolation,0 days 00:00:25.610000,25.61,1713.636,0.0
2023-11-25 14:13:33.740,0 days 00:28:33.736000,941.4527432139448,9990.221114428272,-222.209346545966,,239.0,10709.4,100.0,0.0,8,6,1627.64765749522,0.3114204878862516,,,interpolation,0 days 00:00:25.710000,25.71,1713.736,0.0
2023-11-25 14:13:33.840,0 days 00:28:33.836000,934.325904226686,9966.618237631828,-221.42456682004465,,241.0,10569.2,100.0,0.0,8,6,1633.411938175411,0.3125233771347151,,,interpolation,0 days 00:00:25.810000,25.81,1713.836,0.0
2023-11-25 14:13:33.940,0 days 00:28:33.936000,902.0,9868.0,-220.0,,243.0,10429.0,100.0,0.0,8,6,1640.5469444444443,0.3138885295515429,,,interpolation,0 days 00:00:25.910000,25.91,1713.936,0.0
2023-11-25 14:13:34.040,0 days 00:28:34.036000,846.0,9699.0,-218.0,,246.0,10426.5,100.0,0.0,8,6,1649.05267630232,0.3155159451367351,,,interpolation,0 days 00:00:26.010000,26.01,1714.036,0.0
2023-11-25 14:13:34.140,0 days 00:28:34.136000,803.095533733766,9570.61219227432,-216.4563597158475,,249.0,10424.0,100.0,0.0,8,6,1657.1469444444444,0.317064634696355,,,interpolation,0 days 00:00:26.110000,26.11,1714.136,0.0
2023-11-25 14:13:34.240,0 days 00:28:34.236000,779.414904162616,9501.33566397838,-215.54104551064108,,251.0,10484.0,100.0,0.0,8,7,1663.047559566227,0.3181936090364663,,,interpolation,0 days 00:00:26.210000,26.21,1714.236,0.0
2023-11-25 14:13:34.340,0 days 00:28:34.336000,765.0268225101581,9460.641303693252,-215.10520855011416,,253.0,10544.0,100.0,0.0,8,7,1667.4077587524505,0.3190278530766934,,,interpolation,0 days 00:00:26.310000,26.31,1714.336,0.0
2023-11-25 14:13:34.440,0 days 00:28:34.436000,750.0,9418.0,-215.0,,255.0,10604.0,100.0,0.0,8,7,1674.1469444444444,0.3203172724952589,,,car,0 days 00:00:26.410000,26.41,1714.436,0.0
2023-11-25 14:13:34.540,0 days 00:28:34.536000,734.3344366321417,9373.411752898624,-215.22541986029853,,258.0,10744.0,100.0,0.0,8,7,1683.91834703788,0.322186850931948,,,interpolation,0 days 00:00:26.510000,26.51,1714.536,0.0
2023-11-25 14:13:34.640,0 days 00:28:34.636000,718.0301324065836,9326.87656238913,-215.78146813100992,,261.0,10884.0,100.0,0.0,8,7,1694.4469444444446,0.3242013046904206,,,interpolation,0 days 00:00:26.610000,26.61,1714.636,0.0
2023-11-25 14:13:34.740,0 days 00:28:34.736000,699.7107619777335,9274.403090685068,-216.19678233621627,,263.0,10971.0,100.0,0.0,12,7,1703.4577145758276,0.3259253500743365,,,interpolation,0 days 00:00:26.710000,26.71,1714.736,1.0
2023-11-25 14:13:34.840,0 days 00:28:34.836000,678.0,9212.0,-216.0,,265.0,11058.0,100.0,0.0,12,7,1710.9506574320287,0.3273589870836956,,,interpolation,0 days 00:00:26.810000,26.81,1714.836,1.0
2023-11-25 14:13:34.940,0 days 00:28:34.936000,652.8978464733827,9139.667290333924,-215.19112112236104,,267.0,11145.0,100.0,0.0,12,7,1717.66396601666,0.3286434553929943,,,interpolation,0 days 00:00:26.910000,26.91,1714.936,1.0
2023-11-25 14:13:35.040,0 days 00:28:35.036000,625.1243695207636,9059.603508175916,-213.91047036401008,,269.0,11232.0,100.0,0.0,12,7,1724.3358333333333,0.3299199946767286,,,interpolation,0 days 00:00:27.010000,27.01,1715.036,1.0
2023-11-25 14:13:35.140,0 days 00:28:35.136000,599.0,8985.0,-213.0,,270.5,11278.75,100.0,0.0,12,7,1730.9662593820487,0.3311886049348985,,,interpolation,0 days 00:00:27.110000,27.11,1715.136,1.0
2023-11-25 14:13:35.240,0 days 00:28:35.236000,575.2448134075091,8918.055334808489,-212.60003612797345,,272.0,11325.5,100.0,0.0,12,7,1737.5552441628065,0.3324492861675041,,,interpolation,0 days 00:00:27.210000,27.21,1715.236,1.0
2023-11-25 14:13:35.340,0 days 00:28:35.336000,553.6541435994387,8857.864783582285,-212.6737310821717,,273.5,11372.25,100.0,0.0,12,7,1744.4286207510495,0.3337643805496817,,,interpolation,0 days 00:00:27.310000,27.31,1715.336,1.0
2023-11-25 14:13:35.440,0 days 00:28:35.436000,533.0,8799.0,-213.0,,275.0,11419.0,100.0,0.0,12,7,1751.9122222222222,0.3351962302565682,,,interpolation,0 days 00:00:27.410000,27.41,1715.436,1.0
2023-11-25 14:13:35.540,0 days 00:28:35.536000,513.0777185611113,8740.556264306917,-213.5419955930177,,277.0,11392.666666666666,100.0,0.0,12,7,1760.006048576323,0.3367448352881631,,,interpolation,0 days 00:00:27.510000,27.51,1715.536,1.0
2023-11-25 14:13:35.640,0 days 00:28:35.636000,493.0,8682.0,-214.0,,279.0,11366.333333333334,100.0,0.0,12,7,1768.5840584732075,0.3383860799487501,,,interpolation,0 days 00:00:27.610000,27.61,1715.636,1.0
2023-11-25 14:13:35.740,0 days 00:28:35.736000,471.8795450338935,8622.797630576217,-214.07429535972187,,281.0,11340.0,100.0,0.0,12,7,1776.89,0.3399752693231929,,,interpolation,0 days 00:00:27.710000,27.71,1715.736,1.0
2023-11-25 14:13:35.840,0 days 00:28:35.836000,441.0,8536.0,-214.0,,282.0,10882.5,100.0,0.0,12,7,1784.797830525884,0.3414882874688291,,,interpolation,0 days 00:00:27.810000,27.81,1715.836,1.0
2023-11-25 14:13:35.940,0 days 00:28:35.936000,391.6450112355277,8394.657952235779,-214.0122322486509,,283.0,10425.0,100.0,0.0,12,7,1792.6122222222225,0.3429834278104144,,,interpolation,0 days 00:00:27.910000,27.91,1715.936,1.0
2023-11-25 14:13:36.040,0 days 00:28:36.036000,342.0,8252.0,-214.0,,285.0,10523.0,100.0,0.0,12,8,1800.6378472603774,0.3445189837727046,,,interpolation,0 days 00:00:28.010000,28.01,1716.036,1.0
2023-11-25 14:13:36.140,0 days 00:28:36.136000,310.25038755294105,8161.254656009117,-213.8523111483727,,287.0,10621.0,100.0,0.0,12,8,1808.5566666666664,0.3460341044387982,,,interpolation,0 days 00:00:28.110000,28.11,1716.136,1.0
2023-11-25 14:13:36.240,0 days 00:28:36.236000,296.3961738943506,8122.421920263129,-213.5691656937691,,288.0,10634.75,100.0,0.0,12,8,1816.0506414674076,0.3474679388917936,,,interpolation,0 days 00:00:28.210000,28.21,1716.236,1.0
2023-11-25 14:13:36.340,0 days 00:28:36.336000,289.3438732885849,8103.128224385577,-213.25143739228093,,289.0,10648.5,100.0,0.0,12,8,1823.119771662601,0.3488204871316911,,,interpolation,0 days 00:00:28.310000,28.31,1716.336,1.0
2023-11-25 14:13:36.440,0 days 00:28:36.436000,278.0,8071.0,-213.0,,290.0,10662.25,100.0,0.0,12,8,1830.1823493598267,0.3501717816714378,,,interpolation,0 days 00:00:28.410000,28.41,1716.436,1.0
2023-11-25 14:13:36.540,0 days 00:28:36.536000,262.3645540285959,8026.037247106398,-212.81485351692635,,291.0,10676.0,100.0,0.0,12,8,1837.6566666666663,0.3516018550239806,,,interpolation,0 days 00:00:28.510000,28.51,1716.536,1.0
2023-11-25 14:13:36.640,0 days 00:28:36.636000,242.43753537437263,7968.239965704772,-212.69599794305992,,292.5,10761.0,100.0,0.0,12,8,1845.5427235831205,0.3531107071893197,,,interpolation,0 days 00:00:28.610000,28.61,1716.636,1.0
2023-11-25 14:13:36.740,0 days 00:28:36.736000,216.29174903296305,7892.572701450759,-212.72914339766356,,294.0,10846.0,100.0,0.0,12,8,1853.99,0.3547269383993981,,,interpolation,0 days 00:00:28.710000,28.71,1716.736,1.0
2023-11-25 14:13:36.840,0 days 00:28:36.836000,182.0,7794.0,-213.0,,295.5,10893.75,100.0,0.0,12,8,1863.147975808119,0.3564791488861589,,,interpolation,0 days 00:00:28.810000,28.81,1716.836,1.0
2023-11-25 14:13:36.940,0 days 00:28:36.936000,139.56228827548352,7672.521861352494,-213.5085677500693,,297.0,10941.5,100.0,0.0,12,8,1873.016651007477,0.3583673386496023,,,interpolation,0 days 00:00:28.910000,28.91,1716.936,1.0
2023-11-25 14:13:37.040,0 days 00:28:37.036000,95.0,7545.0,-214.0,,298.5,10989.25,100.0,0.0,12,8,1882.538667369763,0.3601892016108819,,,interpolation,0 days 00:00:29.010000,29.01,1717.036,1.0
2023-11-25 14:13:37.140,0 days 00:28:37.136000,54.33452131413593,7428.296130434281,-214.21945010192076,,300.0,11037.0,100.0,0.0,12,8,1890.6566666666663,0.3617424316911515,,,interpolation,0 days 00:00:29.110000,29.11,1717.136,1.0
2023-11-25 14:13:37.240,0 days 00:28:37.236000,18.266517302805628,7324.483315950016,-214.18442867809145,,300.5,11046.5,100.0,0.0,12,8,1897.3706488981877,0.363027028890411,,,interpolation,0 days 00:00:29.210000,29.21,1717.236,1.0
2023-11-25 14:13:37.340,0 days 00:28:37.336000,-9.0,7246.0,-214.0,,301.0,11056.0,100.0,0.0,12,8,1904.0344444444445,0.3643020237891124,,,interpolation,0 days 00:00:29.310000,29.31,1717.336,1.0
2023-11-25 14:13:37.440,0 days 00:28:37.436000,-26.76435833451943,7194.919267107189,-213.68367486921608,,301.6666666666667,11106.333333333334,100.0,0.0,12,8,1912.001883685557,0.3658264469677072,,,interpolation,0 days 00:00:29.410000,29.41,1717.436,1.0
2023-11-25 14:13:37.540,0 days 00:28:37.536000,-37.82805636331327,7163.244917700961,-213.27374949983803,,302.3333333333333,11156.666666666666,100.0,0.0,12,8,1921.1751979017456,0.3675815921771659,,,interpolation,0 days 00:00:29.510000,29.51,1717.536,1.0
2023-11-25 14:13:37.640,0 days 00:28:37.636000,-59.0,7103.0,-213.0,,303.0,11207.0,100.0,0.0,12,8,1930.9677777777777,0.369455222497964,,,interpolation,0 days 00:00:29.610000,29.61,1717.636,1.0
2023-11-25 14:13:37.740,0 days 00:28:37.736000,-93.08165921994085,7006.188396314353,-212.90072219164915,,304.5,11232.5,100.0,0.0,12,8,1941.28185559502,0.3714286318726226,,,interpolation,0 days 00:00:29.710000,29.71,1717.736,1.0
2023-11-25 14:13:37.840,0 days 00:28:37.836000,-136.96480858707207,6881.602839854832,-212.9508515326273,,306.0,11258.0,100.0,0.0,12,8,1951.3677777777773,0.3733583878566486,,,interpolation,0 days 00:00:29.810000,29.81,1717.836,1.0
2023-11-25 14:13:37.940,0 days 00:28:37.936000,-172.0,6782.0,-213.0,,307.0,11287.5,100.0,0.0,12,8,1960.475890750357,0.3751010580055485,,,interpolation,0 days 00:00:29.910000,29.91,1717.936,1.0
2023-11-25 14:13:38.040,0 days 00:28:38.036000,-195.0789761942696,6716.172699998726,-213.02310279494705,,308.0,11317.0,100.0,0.0,12,8,1968.4788888888888,0.3766322847261336,,,interpolation,0 days 00:00:30.010000,30.01,1718.036,1.0
2023-11-25 14:13:38.140,0 days 00:28:38.136000,-206.20173716988077,6684.1209398510055,-213.02015991746825,,308.3333333333333,11351.333333333334,100.0,0.0,12,8,1975.2494665695049,0.3779277104252151,,,interpolation,0 days 00:00:30.110000,30.11,1718.136,1.0
2023-11-25 14:13:38.240,0 days 00:28:38.236000,-215.72362956055156,6656.508709777781,-213.0071370812553,,308.6666666666667,11385.666666666666,100.0,0.0,12,8,1981.2304587619783,0.3790720634416968,,,interpolation,0 days 00:00:30.210000,30.21,1718.236,1.0
2023-11-25 14:13:38.340,0 days 00:28:38.336000,-234.0,6604.0,-213.0,,309.0,11420.0,100.0,0.0,12,8,1989.0788888888887,0.3805737164118641,,,interpolation,0 days 00:00:30.310000,30.31,1718.336,1.0
2023-11-25 14:13:38.440,0 days 00:28:38.436000,-261.0308484882262,6526.594810517659,-212.99874867370212,,310.5,11448.5,100.0,0.0,12,8,1999.2375964546625,0.3825173985422433,,,interpolation,0 days 00:00:30.410000,30.41,1718.436,1.0
2023-11-25 14:13:38.540,0 days 00:28:38.536000,-291.0,6441.0,-213.0,,312.0,11477.0,100.0,0.0,12,8,2009.878888888889,0.3845534144246407,,,interpolation,0 days 00:00:30.510000,30.51,1718.536,1.0
2023-11-25 14:13:38.640,0 days 00:28:38.636000,-318.09127951009174,6363.922427116269,-213.0003708765317,,312.3333333333333,11490.666666666666,100.0,0.0,12,8,2019.1750736211595,0.3863320686508628,,,interpolation,0 days 00:00:30.610000,30.61,1718.636,1.0
2023-11-25 14:13:38.740,0 days 00:28:38.736000,-343.7891118047396,6290.993299815418,-213.00003116162176,,312.6666666666667,11504.333333333334,100.0,0.0,12,8,2027.180730099271,0.3878638039959067,,,interpolation,0 days 00:00:30.710000,30.71,1718.736,1.0
2023-11-25 14:13:38.840,0 days 00:28:38.836000,-377.0,6196.0,-213.0,,313.0,11518.0,100.0,0.0,12,8,2034.223333333333,0.3892112767889533,,,interpolation,0 days 00:00:30.810000,30.81,1718.836,1.0
2023-11-25 14:13:38.940,0 days 00:28:38.936000,-417.0,6081.0,-213.0,,313.0,11544.5,100.0,0.0,12,8,2040.357462212252,0.3903849296980662,,,interpolation,0 days 00:00:30.910000,30.91,1718.936,1.0
2023-11-25 14:13:39.040,0 days 00:28:39.036000,-450.5390575550564,5984.550420271561,-212.99734768585097,,313.0,11571.0,100.0,0.0,12,8,2048.1344444444444,0.3918729124257034,,,interpolation,0 days 00:00:31.010000,31.01,1719.036,1.0
2023-11-25 14:13:39.140,0 days 00:28:39.136000,-480.0,5900.0,-213.0,,314.5,11596.0,100.0,0.0,12,8,2060.105607738325,0.3941633746743227,,,interpolation,0 days 00:00:31.110000,31.11,1719.136,1.0
2023-11-25 14:13:39.240,0 days 00:28:39.236000,-509.9739857379159,5814.271324529959,-213.0163611285663,,316.0,11621.0,100.0,0.0,12,8,2072.624444444444,0.3965586241724772,,,interpolation,0 days 00:00:31.210000,31.21,1719.236,1.0
2023-11-25 14:13:39.340,0 days 00:28:39.336000,-539.965336733266,5728.666708529498,-213.03640772300903,,316.5,11633.25,100.0,0.0,12,8,2082.044446913349,0.39836096864872,,,interpolation,0 days 00:00:31.310000,31.31,1719.336,1.0
2023-11-25 14:13:39.440,0 days 00:28:39.436000,-567.0,5651.0,-213.0,,317.0,11645.5,100.0,0.0,12,8,2088.365615145041,0.3995704081030513,,,interpolation,0 days 00:00:31.410000,31.41,1719.436,1.0
2023-11-25 14:13:39.540,0 days 00:28:39.536000,-590.5823025782973,5582.573500273891,-212.89711471363697,,317.5,11657.75,100.0,0.0,12,8,2093.882864693101,0.4006260324810515,,,interpolation,0 days 00:00:31.510000,31.51,1719.536,1.0
2023-11-25 14:13:39.640,0 days 00:28:39.636000,-613.0,5518.0,-213.0,,318.0,11670.0,100.0,0.0,12,8,2100.891111111111,0.4019669317283017,,,car,0 days 00:00:31.610000,31.61,1719.636,1.0
2023-11-25 14:13:39.740,0 days 00:28:39.736000,-636.5408477969504,5451.892289827158,-213.58090399516925,,318.0,11678.0,100.0,0.0,12,8,2109.390354399072,0.4035931058448018,,,interpolation,0 days 00:00:31.710000,31.71,1719.736,1.0
2023-11-25 14:13:39.840,0 days 00:28:39.836000,-672.0,5352.0,-214.0,,318.0,11686.0,100.0,0.0,12,8,2118.5577777777776,0.405347123950692,,,car,0 days 00:00:31.810000,31.81,1719.836,1.0
2023-11-25 14:13:39.940,0 days 00:28:39.936000,-730.1726106400005,5186.072760763163,-213.61746131534755,,318.5,11710.5,100.0,0.0,12,8,2127.5705644680243,0.4070715551661128,,,interpolation,0 days 00:00:31.910000,31.91,1719.936,1.0
2023-11-25 14:13:40.040,0 days 00:28:40.036000,-792.0,5009.0,-213.0,,319.0,11735.0,100.0,0.0,12,8,2136.28,0.4087379457083728,,,car,0 days 00:00:32.010000,32.01,1720.036,1.0
2023-11-25 14:13:40.140,0 days 00:28:40.136000,-838.4234883630469,4875.671145593868,-212.71432811274585,,319.5,11742.0,100.0,0.0,12,8,2144.537369903891,0.4103178417947803,,,interpolation,0 days 00:00:32.110000,32.11,1720.136,1.0
2023-11-25 14:13:40.240,0 days 00:28:40.236000,-869.4430757291411,4786.086197544763,-212.76044565358495,,320.0,11749.0,100.0,0.0,12,8,2154.0577777777776,0.4121393970013441,,,car,0 days 00:00:32.210000,32.21,1720.236,1.0
2023-11-25 14:13:40.340,0 days 00:28:40.336000,-890.9911252306649,4723.708150723279,-212.92634036763167,,320.5,11775.0,100.0,0.0,12,8,2166.556327219738,0.4145307649040729,,,interpolation,0 days 00:00:32.310000,32.31,1720.336,1.0
2023-11-25 14:13:40.440,0 days 00:28:40.436000,-909.0,4672.0,-213.0,,321.0,11801.0,100.0,0.0,12,8,2179.0244444444443,0.4169163101609108,,,interpolation,0 days 00:00:32.410000,32.41,1720.436,1.0
2023-11-25 14:13:40.540,0 days 00:28:40.536000,-923.4697000371468,4630.961745374929,-212.98142455069015,,321.25,11809.75,100.0,0.0,12,8,2188.453555666571,0.4187203974298025,,,interpolation,0 days 00:00:32.510000,32.51,1720.536,1.0
2023-11-25 14:13:40.640,0 days 00:28:40.636000,-934.4002253421052,4600.593386848063,-212.870614019702,,321.5,11818.5,100.0,0.0,12,8,2194.843660886117,0.4199430267107477,,,interpolation,0 days 00:00:32.610000,32.61,1720.636,1.0
2023-11-25 14:13:40.740,0 days 00:28:40.736000,-947.6306379760108,4563.678334897167,-212.82449647886287,,321.75,11827.25,100.0,0.0,12,8,2200.4797134403825,0.4210213818621954,,,interpolation,0 days 00:00:32.710000,32.71,1720.736,1.0
2023-11-25 14:13:40.840,0 days 00:28:40.836000,-969.0,4503.0,-213.0,,322.0,11836.0,100.0,0.0,12,8,2207.6466666666665,0.4223926467425947,,,car,0 days 00:00:32.810000,32.81,1720.836,1.0
2023-11-25 14:13:40.940,0 days 00:28:40.936000,-998.5083114140728,4418.558382156565,-213.3971245831135,,322.3333333333333,11847.0,100.0,0.0,12,8,2216.3445205649696,0.4240568213519455,,,interpolation,0 days 00:00:32.910000,32.91,1720.936,1.0
2023-11-25 14:13:41.040,0 days 00:28:41.036000,-1034.0,4317.0,-214.0,,322.6666666666667,11858.0,100.0,0.0,12,8,2226.353814484403,0.4259719159250447,,,interpolation,0 days 00:00:33.010000,33.01,1721.036,1.0
2023-11-25 14:13:41.140,0 days 00:28:41.136000,-1073.3194935395534,4204.971372163445,-214.7927560224562,,323.0,11869.0,100.0,0.0,12,8,2236.3577777777778,0.4278859905807434,,,interpolation,0 days 00:00:33.110000,33.11,1721.136,1.0
2023-11-25 14:13:41.240,0 days 00:28:41.236000,-1114.6399209929696,4087.527661452959,-215.67006968953265,,323.3333333333333,11883.333333333334,100.0,0.0,12,8,2246.1369475469182,0.4297570551238613,,,interpolation,0 days 00:00:33.210000,33.21,1721.236,1.0
2023-11-25 14:13:41.340,0 days 00:28:41.336000,-1147.0,3995.0,-216.0,,323.6666666666667,11897.666666666666,100.0,0.0,12,8,2255.7065317620973,0.4315880193202193,,,interpolation,0 days 00:00:33.310000,33.31,1721.336,1.0
2023-11-25 14:13:41.440,0 days 00:28:41.436000,-1168.5728408136265,3932.443602375757,-215.67722291439608,,324.0,11912.0,100.0,0.0,12,8,2265.157777777778,0.4333963416753571,,,interpolation,0 days 00:00:33.410000,33.41,1721.436,1.0
2023-11-25 14:13:41.540,0 days 00:28:41.536000,-1182.3188082206746,3891.8312635570846,-215.0269010364973,,324.0,11944.0,100.0,0.0,12,8,2274.505893408506,0.4351849319253001,,,interpolation,0 days 00:00:33.510000,33.51,1721.536,1.0
2023-11-25 14:13:41.640,0 days 00:28:41.636000,-1206.0,3825.0,-216.0,,324.0,11976.0,100.0,0.0,12,8,2283.157777777777,0.4368403111094905,,,interpolation,0 days 00:00:33.610000,33.61,1721.636,1.0
2023-11-25 14:13:41.740,0 days 00:28:41.736000,-1242.5767506244488,3723.922688879518,-218.92167907903263,,324.5,11977.5,100.0,0.0,12,8,2290.5203300090902,0.4382490002673712,,,interpolation,0 days 00:00:33.710000,33.71,1721.736,1.0
2023-11-25 14:13:41.840,0 days 00:28:41.836000,-1280.0,3621.0,-222.0,,325.0,11979.0,100.0,0.0,12,8,2296.5935501024437,0.439410999398942,,,interpolation,0 days 00:00:33.810000,33.81,1721.836,1.0
2023-11-25 14:13:41.940,0 days 00:28:41.936000,-1306.220688032634,3548.632603165809,-223.4430244893068,,325.5,11980.5,100.0,0.0,12,8,2304.1215229223526,0.4408513387485395,,,interpolation,0 days 00:00:33.910000,33.91,1721.936,1.0
2023-11-25 14:13:42.040,0 days 00:28:42.036000,-1325.1216481278843,3496.2023473277577,-223.6481751711972,,326.0,11982.0,100.0,0.0,12,8,2315.8483333333334,0.4430950485605003,,,interpolation,0 days 00:00:34.010000,34.01,1722.036,1.0
2023-11-25 14:13:42.140,0 days 00:28:42.136000,-1360.0,3400.0,-225.0,,327.0,11980.0,100.0,0.0,12,8,2330.381666666666,0.4458757349925044,,,interpolation,0 days 00:00:34.110000,34.11,1722.136,1.0
2023-11-25 14:13:42.240,0 days 00:28:42.236000,-1414.738616814932,3249.4073014029245,-227.89592566958785,,327.0,11983.333333333334,100.0,0.0,12,8,2339.367677681797,0.4475950431742209,,,interpolation,0 days 00:00:34.210000,34.21,1722.236,1.0
2023-11-25 14:13:42.340,0 days 00:28:42.336000,-1472.0,3092.0,-231.0,,327.0,11986.666666666666,100.0,0.0,12,8,2343.154164700496,0.4483195179272843,,,interpolation,0 days 00:00:34.310000,34.31,1722.336,1.0
2023-11-25 14:13:42.440,0 days 00:28:42.436000,-1514.446650982524,2975.3538442546965,-232.976270811276,,327.0,11990.0,100.0,0.0,12,8,2352.1816666666664,0.4500467646405105,,,interpolation,0 days 00:00:34.410000,34.41,1722.436,1.0
2023-11-25 14:13:42.540,0 days 00:28:42.536000,-1542.078569762505,2899.4688341670144,-233.82473810341585,,327.0,11994.0,100.0,0.0,12,8,2366.7149999999992,0.4528274510725145,,,interpolation,0 days 00:00:34.510000,34.51,1722.536,1.0
2023-11-25 14:13:42.640,0 days 00:28:42.636000,-1557.052310191178,2858.409766933644,-233.7212684014669,,327.3333333333333,12011.333333333334,100.0,0.0,12,8,2377.90262305017,0.4549679972850363,,,interpolation,0 days 00:00:34.610000,34.61,1722.636,1.0
2023-11-25 14:13:42.740,0 days 00:28:42.736000,-1572.3072616255229,2816.565243404671,-233.72106625835167,,327.6666666666667,12028.666666666666,100.0,0.0,12,8,2384.981635635275,0.4563224363387557,,,interpolation,0 days 00:00:34.710000,34.71,1722.736,1.0
2023-11-25 14:13:42.840,0 days 00:28:42.836000,-1590.0,2768.0,-234.0,,328.0,12046.0,100.0,0.0,12,8,2392.22611111111,0.4577085336779284,,,interpolation,0 days 00:00:34.810000,34.81,1722.836,1.0
2023-11-25 14:13:42.940,0 days 00:28:42.936000,-1610.1305253146093,2712.71403671963,-234.55806962641185,,328.0,12048.333333333334,100.0,0.0,12,8,2400.3483913897744,0.4592625828454385,,,interpolation,0 days 00:00:34.910000,34.91,1722.936,1.0
2023-11-25 14:13:43.040,0 days 00:28:43.036000,-1640.0,2631.0,-235.0,,328.0,12050.666666666666,100.0,0.0,12,8,2409.183016576774,0.4609529261291083,,,interpolation,0 days 00:00:35.010000,35.01,1723.036,1.0
2023-11-25 14:13:43.140,0 days 00:28:43.136000,-1684.0,2511.0,-235.0,,328.0,12053.0,100.0,0.0,12,8,2417.737222222222,0.4625896162833424,,,interpolation,0 days 00:00:35.110000,35.11,1723.136,1.0
2023-11-25 14:13:43.240,0 days 00:28:43.236000,-1724.673095775875,2399.8105779196294,-234.9749715928064,,328.0,12040.666666666666,100.0,0.0,12,8,2425.845546737309,0.4641409952717866,,,interpolation,0 days 00:00:35.210000,35.21,1723.236,1.0
2023-11-25 14:13:43.340,0 days 00:28:43.336000,-1759.075296675414,2305.568716134817,-234.98792256465188,,328.0,12028.333333333334,100.0,0.0,12,8,2433.7884111855287,0.4656607165150718,,,interpolation,0 days 00:00:35.310000,35.31,1723.336,1.0
2023-11-25 14:13:43.440,0 days 00:28:43.436000,-1787.0,2230.0,-235.0,,328.0,12016.0,100.0,0.0,12,8,2443.248333333333,0.4674706988887563,,,interpolation,0 days 00:00:35.410000,35.41,1723.436,1.0
2023-11-25 14:13:43.540,0 days 00:28:43.536000,-1808.412772142832,2173.3920256017545,-235.0047284460824,,327.5,12011.0,100.0,0.0,12,8,2454.50573137272,0.4696245952640629,,,interpolation,0 days 00:00:35.510000,35.51,1723.536,1.0
2023-11-25 14:13:43.640,0 days 00:28:43.636000,-1825.5688806411,2129.405003244972,-235.002981414312,,327.0,12006.0,100.0,0.0,12,8,2465.0483333333336,0.4716417285367625,,,interpolation,0 days 00:00:35.610000,35.61,1723.636,1.0
2023-11-25 14:13:43.740,0 days 00:28:43.736000,-1852.0,2060.0,-235.0,,327.0,12000.0,100.0,0.0,12,8,2472.363867244824,0.4730414216026257,,,interpolation,0 days 00:00:35.710000,35.71,1723.736,1.0
2023-11-25 14:13:43.840,0 days 00:28:43.836000,-1889.9614208507824,1958.837161251952,-234.9966577235041,,327.0,11994.0,100.0,0.0,12,8,2479.5816666666665,0.4744224149687665,,,interpolation,0 days 00:00:35.810000,35.81,1723.836,1.0
2023-11-25 14:13:43.940,0 days 00:28:43.936000,-1936.7336709079025,1833.1122918683552,-234.9941889685976,,322.0,11598.0,50.5,0.0,12,8,2489.831065158339,0.4763834491422984,,,interpolation,0 days 00:00:35.910000,35.91,1723.936,1.0
2023-11-25 14:13:44.040,0 days 00:28:44.036000,-1976.0,1726.0,-235.0,,317.0,11202.0,1.0,0.0,12,8,2500.715,0.4784658901932863,,,interpolation,0 days 00:00:36.010000,36.01,1724.036,1.0
2023-11-25 14:13:44.140,0 days 00:28:44.136000,-2005.0409636887853,1644.6960168297485,-235.01532518884463,,295.25,10723.25,0.75,1.0,8,8,2509.836408471811,0.4802111041917953,,,interpolation,0 days 00:00:36.110000,36.11,1724.136,0.0
2023-11-25 14:13:44.240,0 days 00:28:44.236000,-2023.856561974259,1589.2003423576016,-235.04016453513148,,273.5,10244.5,0.5,1.0,8,8,2517.195290573772,0.4816190911378256,,,interpolation,0 days 00:00:36.210000,36.21,1724.236,0.0
2023-11-25 14:13:44.340,0 days 00:28:44.336000,-2038.9938792726027,1542.3544967066537,-235.04492161385255,,251.75,9765.75,0.25,1.0,8,8,2523.341805166624,0.4827951138258388,,,interpolation,0 days 00:00:36.310000,36.31,1724.336,0.0
2023-11-25 14:13:44.440,0 days 00:28:44.436000,-2057.0,1487.0,-235.0,,230.0,9287.0,0.0,1.0,8,8,2528.826111111111,0.4838444350502972,,,interpolation,0 days 00:00:36.410000,36.41,1724.436,0.0
2023-11-25 14:13:44.540,0 days 00:28:44.536000,-2077.874924156451,1423.136852237641,-234.9053996935738,,221.0,9351.0,0.0,1.0,8,8,2533.648208407232,0.4847670548112004,,,interpolation,0 days 00:00:36.510000,36.51,1724.536,0.0
2023-11-25 14:13:44.640,0 days 00:28:44.636000,-2099.0,1358.0,-235.0,,212.0,9415.0,0.0,1.0,8,8,2537.9251708098263,0.4855853730215044,,,interpolation,0 days 00:00:36.610000,36.61,1724.636,0.0
2023-11-25 14:13:44.740,0 days 00:28:44.736000,-2117.7565757886946,1298.8243898675018,-235.5226802247048,,203.0,9479.0,0.0,1.0,8,8,2542.3594444444443,0.4864337898470716,,,interpolation,0 days 00:00:36.710000,36.71,1724.736,0.0
2023-11-25 14:13:44.840,0 days 00:28:44.836000,-2134.0,1245.0,-236.0,,194.25,9516.25,0.0,1.0,8,8,2547.0681042647666,0.487334705430234,,,interpolation,0 days 00:00:36.810000,36.81,1724.836,0.0
2023-11-25 14:13:44.940,0 days 00:28:44.936000,-2147.585621111381,1195.9168085573472,-235.9585189581973,,185.5,9553.5,0.0,1.0,8,8,2552.0511502707927,0.4882881197709914,,,interpolation,0 days 00:00:36.910000,36.91,1724.936,0.0
2023-11-25 14:13:45.040,0 days 00:28:45.036000,-2158.648610435412,1151.3554806274772,-235.4738863496022,,176.75,9590.75,0.0,1.0,8,8,2556.8550100303114,0.489207250114194,,,interpolation,0 days 00:00:37.010000,37.01,1725.036,0.0
2023-11-25 14:13:45.140,0 days 00:28:45.136000,-2168.0,1110.0,-235.0,,168.0,9628.0,0.0,1.0,8,8,2561.026111111111,0.4900053137046915,,,interpolation,0 days 00:00:37.110000,37.11,1725.136,0.0
2023-11-25 14:13:45.240,0 days 00:28:45.236000,-2175.7749625018782,1071.631029516847,-234.61250993434837,,157.0,9403.25,0.0,1.0,8,8,2564.5644535131914,0.4906823105424839,,,interpolation,0 days 00:00:37.210000,37.21,1725.236,0.0
2023-11-25 14:13:45.340,0 days 00:28:45.336000,-2182.018430725805,1035.9316104313025,-234.30066959875504,,146.0,9178.5,0.0,1.0,8,8,2567.4700372365523,0.4912382406275711,,,interpolation,0 days 00:00:37.310000,37.31,1725.336,0.0
2023-11-25 14:13:45.440,0 days 00:28:45.436000,-2187.0,1001.0,-234.0,,135.0,8953.75,0.0,1.0,8,8,2570.598102341637,0.4918367384392319,,,interpolation,0 days 00:00:37.410000,37.41,1725.436,0.0
2023-11-25 14:13:45.540,0 days 00:28:45.536000,-2190.764602649113,966.5192427218642,-233.6997546942352,,124.0,8729.0,0.0,1.0,8,8,2574.8038888888887,0.4926414384567443,,,interpolation,0 days 00:00:37.510000,37.51,1725.536,0.0
2023-11-25 14:13:45.640,0 days 00:28:45.636000,-2193.351915418592,933.0548602637864,-233.38876294607064,,111.0,9205.0,0.0,1.0,8,4,2579.737222222222,0.4935853411905439,,,interpolation,0 days 00:00:37.610000,37.61,1725.636,0.0
2023-11-25 14:13:45.740,0 days 00:28:45.736000,-2195.0,904.0,-233.0,,106.33333333333331,8789.666666666666,0.0,1.0,8,3,2583.2970436477326,0.4942664476450123,,,interpolation,0 days 00:00:37.710000,37.71,1725.736,0.0
2023-11-25 14:13:45.840,0 days 00:28:45.836000,-2195.748533545079,879.920189388368,-232.5222950062445,,101.66666666666669,8374.333333333334,0.0,1.0,8,3,2585.356408180736,0.4946604692286455,,,interpolation,0 days 00:00:37.810000,37.81,1725.836,0.0
2023-11-25 14:13:45.940,0 days 00:28:45.936000,-2195.0,852.0,-232.0,,97.0,7959.0,0.0,1.0,8,3,2587.254722222222,0.4950236767583827,,,interpolation,0 days 00:00:37.910000,37.91,1725.936,0.0
2023-11-25 14:13:46.040,0 days 00:28:46.036000,-2192.156883310932,811.4240034060053,-231.47746701646253,,95.0,7865.666666666667,0.0,1.0,8,2,2589.2152213153204,0.4953987822557314,,,interpolation,0 days 00:00:38.010000,38.01,1726.036,0.0
2023-11-25 14:13:46.140,0 days 00:28:46.136000,-2189.0,772.0,-231.0,,93.0,7772.333333333333,0.0,1.0,8,2,2591.237751485341,0.4957857562604629,,,interpolation,0 days 00:00:38.110000,38.11,1726.136,0.0
2023-11-25 14:13:46.240,0 days 00:28:46.236000,-2187.3101665893296,747.5357901755998,-230.61290289498015,,91.0,7679.0,0.0,1.0,8,2,2593.3213888888886,0.4961844220121091,,,car,0 days 00:00:38.210000,38.21,1726.236,0.0
2023-11-25 14:13:46.340,0 days 00:28:46.336000,-2187.087383078921,738.031373932805,-230.3161757014032,,88.66666666666667,7418.666666666667,0.0,1.0,8,2,2595.465979552849,0.496594750050743,,,interpolation,0 days 00:00:38.310000,38.31,1726.336,0.0
2023-11-25 14:13:46.440,0 days 00:28:46.436000,-2184.570908029052,729.0112707236076,-230.11136065712455,,86.33333333333333,7158.333333333333,0.0,1.0,8,2,2597.765971476345,0.4970348112664804,,,interpolation,0 days 00:00:38.410000,38.41,1726.436,0.0
2023-11-25 14:13:46.540,0 days 00:28:46.536000,-2176.0,706.0,-230.0,,84.0,6898.0,0.0,1.0,8,2,2600.7880555555557,0.4976130315551571,,,interpolation,0 days 00:00:38.510000,38.51,1726.536,0.0
2023-11-25 14:13:46.640,0 days 00:28:46.636000,-2161.374658991766,668.9975617619824,-229.98209373002945,,80.0,6594.0,0.0,1.0,8,2,2604.343611111111,0.4982933218137514,,,interpolation,0 days 00:00:38.610000,38.61,1726.636,0.0
2023-11-25 14:13:46.740,0 days 00:28:46.736000,-2144.0,631.0,-230.0,,79.0,6514.666666666667,0.0,1.0,8,2,2606.7342115732263,0.4987507193093485,,,interpolation,0 days 00:00:38.710000,38.71,1726.736,0.0
2023-11-25 14:13:46.840,0 days 00:28:46.836000,-2127.181138020353,605.0033587044984,-229.99607696269896,,78.0,6435.333333333333,0.0,1.0,8,2,2607.932962952093,0.498980078370901,,,interpolation,0 days 00:00:38.810000,38.81,1726.836,0.0
2023-11-25 14:13:46.940,0 days 00:28:46.936000,-2110.9180730528246,591.0076378754773,-229.97032461812623,,77.0,6356.0,0.0,1.0,8,2,2609.476944444444,0.4992754908745969,,,interpolation,0 days 00:00:38.910000,38.91,1726.936,0.0
2023-11-25 14:13:47.040,0 days 00:28:47.036000,-2095.945971558884,583.7580981087176,-229.95940996449045,,75.0,6168.0,0.0,0.0,8,2,2611.6223372280447,0.4996859723840929,,,interpolation,0 days 00:00:39.010000,39.01,1727.036,0.0
2023-11-25 14:13:47.140,0 days 00:28:47.136000,-2083.0,578.0,-230.0,,73.0,5980.0,0.0,0.0,8,2,2614.2424284009867,0.5001872787126629,,,interpolation,0 days 00:00:39.110000,39.11,1727.136,0.0
2023-11-25 14:13:47.240,0 days 00:28:47.236000,-2072.0801583761727,573.7333435493243,-230.09209472465497,,71.0,5792.0,0.0,0.0,8,2,2616.576944444444,0.5006339454847273,,,interpolation,0 days 00:00:39.210000,39.21,1727.236,0.0
2023-11-25 14:13:47.340,0 days 00:28:47.336000,-2062.48434818717,570.8832000984794,-230.18782750380427,,69.0,5972.0,5.999999999999999,0.0,8,2,2618.499173754043,0.5010017287618191,,,interpolation,0 days 00:00:39.310000,39.31,1727.336,0.0
2023-11-25 14:13:47.440,0 days 00:28:47.436000,-2050.0,569.0,-230.0,,67.0,6152.0,12.0,0.0,8,2,2620.299166666666,0.5013461243491931,,,interpolation,0 days 00:00:39.410000,39.41,1727.436,0.0
2023-11-25 14:13:47.540,0 days 00:28:47.536000,-2033.925022503883,568.0088153629405,-229.4807460687429,,68.5,6287.5,16.0,0.0,8,2,2622.266973519195,0.5017226280521034,,,interpolation,0 days 00:00:39.510000,39.51,1727.536,0.0
2023-11-25 14:13:47.640,0 days 00:28:47.636000,-2014.7035053402317,567.9427024663482,-228.691403398014,,70.0,6423.0,20.0,0.0,8,2,2624.188055555555,0.5020901918195306,,,interpolation,0 days 00:00:39.610000,39.61,1727.636,0.0
2023-11-25 14:13:47.740,0 days 00:28:47.736000,-1995.0,569.0,-228.0,,71.33333333333333,6530.333333333333,21.33333333333333,0.0,8,2,2625.847874019675,0.502407767600455,,,interpolation,0 days 00:00:39.710000,39.71,1727.736,0.0
2023-11-25 14:13:47.840,0 days 00:28:47.836000,-1975.2586006721024,571.2137645814411,-227.467874190783,,72.66666666666667,6637.666666666667,22.666666666666668,0.0,8,2,2627.328391815975,0.5026910374914076,,,interpolation,0 days 00:00:39.810000,39.81,1727.836,0.0
2023-11-25 14:13:47.940,0 days 00:28:47.936000,-1955.961295662464,574.3494737559832,-227.1081976443511,,74.0,6745.0,24.0,0.0,8,2,2629.1213888888883,0.5030340945533301,,,interpolation,0 days 00:00:39.910000,39.91,1727.936,0.0
2023-11-25 14:13:48.040,0 days 00:28:48.036000,-1940.0,577.0,-227.0,,76.66666666666667,7103.666666666667,30.0,0.0,8,2,2631.30882898214,0.5034526210433388,,,interpolation,0 days 00:00:40.010000,40.01,1728.036,0.0
2023-11-25 14:13:48.140,0 days 00:28:48.136000,-1923.0,580.0,-227.0,,79.33333333333333,7462.333333333333,36.0,0.0,8,2,2633.839960761179,0.5039369066256041,,,interpolation,0 days 00:00:40.110000,40.11,1728.136,0.0
2023-11-25 14:13:48.240,0 days 00:28:48.236000,-1875.821262529081,589.7645013491818,-226.1694856695205,,82.0,7821.0,42.0,0.0,8,2,2636.410277777777,0.5044286895834484,,,interpolation,0 days 00:00:40.210000,40.21,1728.236,0.0
2023-11-25 14:13:48.340,0 days 00:28:48.336000,-1822.0,601.0,-225.0,,86.5,7903.5,43.5,0.0,8,2,2638.969029217076,0.5049182596804757,,,interpolation,0 days 00:00:40.310000,40.31,1728.336,0.0
2023-11-25 14:13:48.440,0 days 00:28:48.436000,-1789.929072148293,607.3438261135237,-224.1395371776495,,91.0,7986.0,45.0,0.0,8,2,2641.4911111111105,0.5054008137334444,,,interpolation,0 days 00:00:40.410000,40.41,1728.436,0.0
2023-11-25 14:13:48.540,0 days 00:28:48.536000,-1779.608478973959,608.7959796897528,-223.58809720246887,,93.0,8137.0,39.0,0.0,8,2,2643.951419491917,0.5058715485591132,,,interpolation,0 days 00:00:40.510000,40.51,1728.536,0.0
2023-11-25 14:13:48.640,0 days 00:28:48.636000,-1775.9836463126464,608.3501434211056,-223.24260862605388,,95.0,8288.0,33.0,0.0,8,2,2646.3887142096064,0.5063378801429852,,,interpolation,0 days 00:00:40.610000,40.61,1728.636,0.0
2023-11-25 14:13:48.740,0 days 00:28:48.736000,-1764.0,609.0,-223.0,,97.0,8439.0,27.0,0.0,8,2,2649.0355555555548,0.506844304625899,,,interpolation,0 days 00:00:40.710000,40.71,1728.736,0.0
2023-11-25 14:13:48.840,0 days 00:28:48.836000,-1743.6575400360207,610.7455494264365,-222.8602713243074,,98.0,8144.666666666667,24.0,0.0,8,2,2651.9307037767776,0.5073982380692977,,,interpolation,0 days 00:00:40.810000,40.81,1728.836,0.0
2023-11-25 14:13:48.940,0 days 00:28:48.936000,-1714.967802109632,612.3063732386084,-222.72459405897507,,99.0,7850.333333333333,21.0,0.0,8,2,2655.013994623403,0.5079881691488712,,,interpolation,0 days 00:00:40.910000,40.91,1728.936,0.0
2023-11-25 14:13:49.040,0 days 00:28:49.036000,-1678.0,606.0,-222.0,,100.0,7556.0,18.0,0.0,8,2,2657.9244444444435,0.5085450302723847,,,interpolation,0 days 00:00:41.010000,41.01,1729.036,0.0
2023-11-25 14:13:49.140,0 days 00:28:49.136000,-1632.7656692779242,590.5460243602231,-220.5876616193804,,100.0,7594.0,20.5,0.0,8,3,2660.601889606106,0.5090573102334033,,,interpolation,0 days 00:00:41.110000,41.11,1729.136,0.0
2023-11-25 14:13:49.240,0 days 00:28:49.236000,-1593.0,574.0,-219.0,,100.0,7632.0,23.0,0.0,8,3,2663.479999999999,0.5096079838014382,,,interpolation,0 days 00:00:41.210000,41.21,1729.236,0.0
2023-11-25 14:13:49.340,0 days 00:28:49.336000,-1572.4381822228231,564.4174806000534,-217.7494362247425,,101.5,7672.0,20.5,0.0,8,3,2666.9924455177315,0.5102800257460012,,,interpolation,0 days 00:00:41.310000,41.31,1729.336,0.0
2023-11-25 14:13:49.440,0 days 00:28:49.436000,-1567.6439942119912,559.6714782337502,-216.8071257024427,,103.0,7712.0,18.0,0.0,8,3,2670.346666666666,0.5109217943633485,,,interpolation,0 days 00:00:41.410000,41.41,1729.436,0.0
2023-11-25 14:13:49.540,0 days 00:28:49.536000,-1558.0,547.0,-216.0,,103.5,7875.75,22.25,0.0,8,3,2672.750103954166,0.5113816479497377,,,interpolation,0 days 00:00:41.510000,41.51,1729.536,0.0
2023-11-25 14:13:49.640,0 days 00:28:49.636000,-1540.0699426653573,524.2760361917019,-215.29921423087904,,104.0,8039.5,26.5,0.0,8,3,2674.202757380232,0.5116595865051689,,,interpolation,0 days 00:00:41.610000,41.61,1729.636,0.0
2023-11-25 14:13:49.740,0 days 00:28:49.736000,-1515.3703119812062,492.5361845858239,-214.68069470261943,,104.5,8203.25,30.75,0.0,8,3,2676.060698782848,0.5120150694718922,,,interpolation,0 days 00:00:41.710000,41.71,1729.736,0.0
2023-11-25 14:13:49.840,0 days 00:28:49.836000,-1493.0,458.0,-214.0,,105.0,8367.0,35.0,0.0,8,3,2679.6799999999994,0.5127075562921585,,,interpolation,0 days 00:00:41.810000,41.81,1729.836,0.0
2023-11-25 14:13:49.940,0 days 00:28:49.936000,-1474.4754809661067,421.7040695964913,-213.23305667707373,,110.0,8492.0,45.0,0.0,8,3,2684.568888888888,0.5136429553977255,,,interpolation,0 days 00:00:41.910000,41.91,1729.936,0.0
2023-11-25 14:13:50.040,0 days 00:28:50.036000,-1459.7967548795264,383.6483933752981,-212.3798647338406,,111.66666666666669,8653.666666666666,47.0,0.0,8,3,2687.7767476999097,0.5142567202696241,,,interpolation,0 days 00:00:42.010000,42.01,1730.036,0.0
2023-11-25 14:13:50.140,0 days 00:28:50.136000,-1448.2196513531826,348.0185204664556,-211.58674042368716,,113.33333333333331,8815.333333333334,49.0,0.0,8,3,2689.3186423657976,0.5145517334974002,,,interpolation,0 days 00:00:42.110000,42.11,1730.136,0.0
2023-11-25 14:13:50.240,0 days 00:28:50.236000,-1439.0,319.0,-211.0,,115.0,8977.0,51.0,0.0,8,3,2692.2355555555546,0.5151098312678194,,,interpolation,0 days 00:00:42.210000,42.21,1730.236,0.0
2023-11-25 14:13:50.340,0 days 00:28:50.336000,-1432.137800819978,296.5928319759309,-210.61964346277904,,120.0,9230.0,56.5,0.0,8,3,2697.034315119048,0.5160279857821765,,,interpolation,0 days 00:00:42.310000,42.31,1730.336,0.0
2023-11-25 14:13:50.440,0 days 00:28:50.436000,-1427.6330538131174,280.7970163942486,-210.44567081202436,,125.0,9483.0,62.0,0.0,8,3,2701.9577777777768,0.5169699999436631,,,interpolation,0 days 00:00:42.410000,42.41,1730.436,0.0
2023-11-25 14:13:50.540,0 days 00:28:50.536000,-1423.561779899698,265.3526926154419,-210.2988627552575,,127.5,9812.5,68.5,0.0,8,3,2705.2488002532423,0.5175996766554715,,,interpolation,0 days 00:00:42.510000,42.51,1730.536,0.0
2023-11-25 14:13:50.640,0 days 00:28:50.636000,-1418.0,244.0,-210.0,,130.0,10142.0,75.0,0.0,8,3,2707.7355555555546,0.5180754716138788,,,interpolation,0 days 00:00:42.610000,42.61,1730.636,0.0
2023-11-25 14:13:50.740,0 days 00:28:50.736000,-1410.9477141140242,216.7389385479228,-209.549082546252,,135.0,10587.0,83.5,0.0,8,3,2710.2462166948235,0.5185558405151627,,,interpolation,0 days 00:00:42.710000,42.71,1730.736,0.0
2023-11-25 14:13:50.840,0 days 00:28:50.836000,-1401.0,178.0,-209.0,,140.0,11032.0,92.0,0.0,8,3,2713.9577777777768,0.5192659795664187,,,interpolation,0 days 00:00:42.810000,42.81,1730.836,0.0
2023-11-25 14:13:50.940,0 days 00:28:50.936000,-1386.7519354161575,122.21367609702136,-208.4066419672306,,148.5,10972.5,96.0,0.0,8,3,2720.0472329111417,0.520431084974743,,,interpolation,0 days 00:00:42.910000,42.91,1730.936,0.0
2023-11-25 14:13:51.040,0 days 00:28:51.036000,-1373.0,67.0,-208.0,,157.0,10913.0,100.0,0.0,8,3,2726.168888888888,0.5216023514232785,,,interpolation,0 days 00:00:43.010000,43.01,1731.036,0.0
2023-11-25 14:13:51.140,0 days 00:28:51.136000,-1364.5406733890286,29.97900486994904,-208.0110656503645,,158.5,10666.0,100.0,0.0,8,3,2729.9770525049853,0.5223309735951684,,,interpolation,0 days 00:00:43.110000,43.11,1731.136,0.0
2023-11-25 14:13:51.240,0 days 00:28:51.236000,-1358.0,1.0,-208.0,,160.0,10419.0,100.0,0.0,8,3,2733.279999999999,0.522962931940467,,,interpolation,0 days 00:00:43.210000,43.21,1731.236,0.0
2023-11-25 14:13:51.340,0 days 00:28:51.336000,-1350.0040242496716,-30.08770531671557,-207.52696413058231,,164.5,10530.5,100.0,0.0,8,3,2737.8860076144933,0.5238442069092284,,,interpolation,0 days 00:00:43.310000,43.31,1731.336,0.0
2023-11-25 14:13:51.440,0 days 00:28:51.436000,-1340.0,-69.0,-207.0,,169.0,10642.0,100.0,0.0,8,3,2742.668888888888,0.5247593234045675,,,interpolation,0 days 00:00:43.410000,43.41,1731.436,0.0
2023-11-25 14:13:51.540,0 days 00:28:51.536000,-1327.4351811129427,-121.4527729696556,-206.82714956614157,,174.5,11077.5,100.0,0.0,8,4,2746.5024573636,0.5254928063295989,,,interpolation,0 days 00:00:43.510000,43.51,1731.536,0.0
2023-11-25 14:13:51.640,0 days 00:28:51.636000,-1313.0,-181.0,-207.0,,180.0,11513.0,100.0,0.0,8,4,2750.668888888888,0.5262899764864046,,,interpolation,0 days 00:00:43.610000,43.61,1731.636,0.0
2023-11-25 14:13:51.740,0 days 00:28:51.736000,-1297.3848890726726,-241.19565686535077,-207.51013847256843,,183.0,10953.0,100.0,0.0,8,4,2756.4503593150102,0.5273961546770665,,,interpolation,0 days 00:00:43.710000,43.71,1731.736,0.0
2023-11-25 14:13:51.840,0 days 00:28:51.836000,-1281.0,-300.0,-208.0,,186.0,10393.0,100.0,0.0,8,4,2763.068888888888,0.5286624887632522,,,interpolation,0 days 00:00:43.810000,43.81,1731.836,0.0
2023-11-25 14:13:51.940,0 days 00:28:51.936000,-1264.2554844510223,-355.3732858382399,-208.11201959844803,,188.5,10508.5,100.0,0.0,8,4,2769.7464978574426,0.5299401266066298,,,interpolation,0 days 00:00:43.910000,43.91,1731.936,0.0
2023-11-25 14:13:52.040,0 days 00:28:52.036000,-1250.0,-401.0,-208.0,,191.0,10624.0,100.0,0.0,8,4,2775.8022222222216,0.5310987782518429,,,interpolation,0 days 00:00:44.010000,44.01,1732.036,0.0
2023-11-25 14:13:52.140,0 days 00:28:52.136000,-1241.0822042211944,-430.56462810521,-207.81774393674343,,195.0,10801.0,100.0,0.0,8,5,2780.555097984774,0.5320081537435355,,,interpolation,0 days 00:00:44.110000,44.11,1732.136,0.0
2023-11-25 14:13:52.240,0 days 00:28:52.236000,-1230.0,-464.0,-208.0,,199.0,10978.0,100.0,0.0,8,5,2784.646666666666,0.5327910002700962,,,interpolation,0 days 00:00:44.210000,44.21,1732.236,0.0
2023-11-25 14:13:52.340,0 days 00:28:52.336000,-1209.2512902218118,-521.2389455305,-208.98151678109133,,203.25,10945.0,100.0,0.0,8,5,2788.7184697894686,0.5335700650199151,,,interpolation,0 days 00:00:44.310000,44.31,1732.336,0.0
2023-11-25 14:13:52.440,0 days 00:28:52.436000,-1187.0,-581.0,-210.0,,207.5,10912.0,100.0,0.0,8,5,2792.7705073531797,0.5343453479929918,,,interpolation,0 days 00:00:44.410000,44.41,1732.436,0.0
2023-11-25 14:13:52.540,0 days 00:28:52.536000,-1171.410054447935,-622.0016987117896,-210.29315537670837,,211.75,10879.0,100.0,0.0,8,5,2798.145624573633,0.5353737779603324,,,interpolation,0 days 00:00:44.510000,44.51,1732.536,0.0
2023-11-25 14:13:52.640,0 days 00:28:52.636000,-1147.0,-680.0,-211.0,,216.0,10846.0,100.0,0.0,8,5,2806.186666666666,0.5369122836929426,,,car,0 days 00:00:44.610000,44.61,1732.636,0.0
2023-11-25 14:13:52.740,0 days 00:28:52.736000,-1103.0,-780.0,-213.0,,222.0,10513.0,100.0,0.0,8,5,2816.053333333333,0.5388000891605418,,,interpolation,0 days 00:00:44.710000,44.71,1732.736,0.0
2023-11-25 14:13:52.840,0 days 00:28:52.836000,-1067.6796111640942,-857.4968557845767,-214.73585759813577,,224.0,10563.0,100.0,0.0,8,6,2822.7038485939065,0.5400725431204672,,,interpolation,0 days 00:00:44.810000,44.81,1732.836,0.0
2023-11-25 14:13:52.940,0 days 00:28:52.936000,-1045.7504021549953,-901.7398152432336,-215.94802449353705,,226.0,10613.0,100.0,0.0,8,6,2826.122121736172,0.5407265669104382,,,interpolation,0 days 00:00:44.910000,44.91,1732.936,0.0
2023-11-25 14:13:53.040,0 days 00:28:53.036000,-1023.6959920683988,-940.3628670802734,-216.68617914216975,,228.0,10663.0,100.0,0.0,8,6,2831.2533333333326,0.5417083300160322,,,car,0 days 00:00:45.010000,45.01,1733.036,0.0
2023-11-25 14:13:53.140,0 days 00:28:53.136000,-988.0,-1001.0,-217.0,,229.5,10879.5,100.0,0.0,8,6,2838.9216759277124,0.5431755265441159,,,interpolation,0 days 00:00:45.110000,45.11,1733.136,0.0
2023-11-25 14:13:53.240,0 days 00:28:53.236000,-942.0,-1078.0,-217.0,,231.0,11096.0,100.0,0.0,8,6,2846.6533333333327,0.5446548371985687,,,interpolation,0 days 00:00:45.210000,45.21,1733.236,0.0
2023-11-25 14:13:53.340,0 days 00:28:53.336000,-905.7215389002324,-1137.4554094599089,-217.3492601349727,,234.5,11209.0,100.0,0.0,8,6,2851.9744893642173,0.5456729426832698,,,interpolation,0 days 00:00:45.310000,45.31,1733.336,0.0
2023-11-25 14:13:53.440,0 days 00:28:53.436000,-879.1308966483607,-1178.8506455180368,-218.11083874222825,,238.0,11322.0,100.0,0.0,14,6,2857.2311111111103,0.5466787007178866,,,car,0 days 00:00:45.410000,45.41,1733.436,1.0
2023-11-25 14:13:53.540,0 days 00:28:53.536000,-842.0,-1233.0,-219.0,,241.66666666666663,11079.666666666666,100.0,0.0,14,6,2864.7691656647576,0.5481209690220861,,,interpolation,0 days 00:00:45.510000,45.51,1733.536,1.0
2023-11-25 14:13:53.640,0 days 00:28:53.636000,-790.9574861531007,-1305.039214504975,-219.9692876950184,,245.33333333333331,10837.333333333334,100.0,0.0,14,6,2874.082158967197,0.5499028392595245,,,interpolation,0 days 00:00:45.610000,45.61,1733.636,1.0
2023-11-25 14:13:53.740,0 days 00:28:53.736000,-738.0,-1378.0,-221.0,,249.0,10595.0,100.0,0.0,14,6,2882.131111111111,0.5514428584351048,,,interpolation,0 days 00:00:45.710000,45.71,1733.736,1.0
2023-11-25 14:13:53.840,0 days 00:28:53.836000,-695.1241864330348,-1434.9140674521132,-222.0734350876613,,250.66666666666663,10553.0,100.0,0.0,12,6,2888.409522852013,0.5526441172201365,,,interpolation,0 days 00:00:45.810000,45.81,1733.836,1.0
2023-11-25 14:13:53.940,0 days 00:28:53.936000,-660.7058646797415,-1478.0478636832486,-223.1508735357268,,252.33333333333331,10511.0,100.0,0.0,12,6,2893.296253185256,0.553579103325722,,,interpolation,0 days 00:00:45.910000,45.91,1733.936,1.0
2023-11-25 14:13:54.040,0 days 00:28:54.036000,-625.0,-1521.0,-224.0,,254.0,10469.0,100.0,0.0,12,7,2899.064444444444,0.5546827407916598,,,car,0 days 00:00:46.010000,46.01,1734.036,1.0
2023-11-25 14:13:54.140,0 days 00:28:54.136000,-586.3824282528726,-1566.0369000160051,-224.58209545469043,,256.5,10619.5,100.0,0.0,12,7,2906.0929517454324,0.5560275165867814,,,interpolation,0 days 00:00:46.110000,46.11,1734.136,1.0
2023-11-25 14:13:54.240,0 days 00:28:54.236000,-544.8531494383592,-1613.1585637312642,-224.89715989979803,,259.0,10770.0,100.0,0.0,12,7,2913.453333333333,0.5574357904319086,,,car,0 days 00:00:46.210000,46.21,1734.236,1.0
2023-11-25 14:13:54.340,0 days 00:28:54.336000,-499.89729590466624,-1662.450945580891,-225.26364439500665,,261.0,10849.0,100.0,0.0,12,7,2920.217147453256,0.5587299220478628,,,interpolation,0 days 00:00:46.310000,46.31,1734.336,1.0
2023-11-25 14:13:54.440,0 days 00:28:54.436000,-451.0,-1714.0,-226.0,,263.0,10928.0,100.0,0.0,12,7,2928.064444444444,0.5602313582133194,,,car,0 days 00:00:46.410000,46.41,1734.436,1.0
2023-11-25 14:13:54.540,0 days 00:28:54.536000,-398.1612617243604,-1767.8057269885908,-227.1062267147782,,265.0,11056.5,100.0,0.0,12,7,2938.6752746461407,0.5622615457069542,,,interpolation,0 days 00:00:46.510000,46.51,1734.536,1.0
2023-11-25 14:13:54.640,0 days 00:28:54.636000,-336.0,-1828.0,-228.0,,267.0,11185.0,100.0,0.0,12,7,2948.8311111111107,0.5642046785049216,,,interpolation,0 days 00:00:46.610000,46.61,1734.636,1.0
2023-11-25 14:13:54.740,0 days 00:28:54.736000,-259.13513374917136,-1898.7146924875628,-228.09899531632425,,268.5,11252.5,100.0,0.0,12,7,2955.3134268921176,0.5654449505833765,,,interpolation,0 days 00:00:46.710000,46.71,1734.736,1.0
2023-11-25 14:13:54.840,0 days 00:28:54.836000,-171.8672496626985,-1976.4270013768055,-227.52402869111077,,270.0,11320.0,100.0,0.0,12,7,2960.831111111111,0.5665006581276774,,,interpolation,0 days 00:00:46.810000,46.81,1734.836,1.0
2023-11-25 14:13:54.940,0 days 00:28:54.936000,-100.0,-2040.0,-227.0,,272.3333333333333,11392.0,100.0,0.0,12,7,2968.093052890043,0.5678900973231829,,,interpolation,0 days 00:00:46.910000,46.91,1734.936,1.0
2023-11-25 14:13:55.040,0 days 00:28:55.036000,-47.83401549013308,-2085.9108492089817,-226.64772650751425,,274.6666666666667,11464.0,100.0,0.0,12,7,2976.841538514141,0.5695639593834245,,,interpolation,0 days 00:00:47.010000,47.01,1735.036,1.0
2023-11-25 14:13:55.140,0 days 00:28:55.136000,-15.369296133097738,-2114.159549003752,-226.4672082136536,,277.0,11536.0,100.0,0.0,12,7,2985.530277777777,0.57122639007482,,,interpolation,0 days 00:00:47.110000,47.11,1735.136,1.0
2023-11-25 14:13:55.240,0 days 00:28:55.236000,2.321447048017269,-2129.02877176631,-226.46019773028635,,278.2,11327.2,100.0,0.0,12,7,2993.9015543271785,0.5728280801059764,,,interpolation,0 days 00:00:47.210000,47.21,1735.236,1.0
2023-11-25 14:13:55.340,0 days 00:28:55.336000,34.802099281513605,-2156.2146833527963,-226.6372107824634,,279.4,11118.4,100.0,0.0,12,7,3001.955368162344,0.5743690294768936,,,interpolation,0 days 00:00:47.310000,47.31,1735.336,1.0
2023-11-25 14:13:55.440,0 days 00:28:55.436000,87.0,-2200.0,-227.0,,280.6,10909.6,100.0,0.0,12,7,3009.65378254781,0.5758419796899402,,,interpolation,0 days 00:00:47.410000,47.41,1735.436,1.0
2023-11-25 14:13:55.540,0 days 00:28:55.536000,158.9151492034764,-2260.384721707921,-227.54856538289613,,281.8,10700.8,100.0,0.0,12,7,3016.7691759053787,0.5772033795363459,,,interpolation,0 days 00:00:47.510000,47.51,1735.536,1.0
2023-11-25 14:13:55.640,0 days 00:28:55.636000,231.0,-2321.0,-228.0,,283.0,10492.0,100.0,0.0,12,7,3023.263611111111,0.5784459704441517,,,interpolation,0 days 00:00:47.610000,47.61,1735.636,1.0
2023-11-25 14:13:55.740,0 days 00:28:55.736000,283.7070054976278,-2365.4769863996776,-228.07139692015997,,284.5,10495.0,100.0,0.0,12,7,3029.1370881650087,0.5795697524133577,,,interpolation,0 days 00:00:47.710000,47.71,1735.736,1.0
2023-11-25 14:13:55.840,0 days 00:28:55.836000,340.0,-2413.0,-228.0,,286.0,10498.0,100.0,0.0,12,7,3035.9747222222218,0.5808780081186262,,,interpolation,0 days 00:00:47.810000,47.81,1735.836,1.0
2023-11-25 14:13:55.940,0 days 00:28:55.936000,422.8428178107566,-2482.7533598940136,-228.0230530961443,,287.5,10591.5,100.0,0.0,12,8,3045.361628437904,0.58267402023462,,,interpolation,0 days 00:00:47.910000,47.91,1735.936,1.0
2023-11-25 14:13:56.040,0 days 00:28:56.036000,511.0,-2557.0,-228.0,,289.0,10685.0,100.0,0.0,12,8,3055.2413888888887,0.5845643309573839,,,interpolation,0 days 00:00:48.010000,48.01,1736.036,1.0
2023-11-25 14:13:56.140,0 days 00:28:56.136000,583.2360876378325,-2618.0028542362425,-227.79028450297443,,290.3333333333333,10727.333333333334,100.0,0.0,12,8,3063.5575856520104,0.5861554824829635,,,interpolation,0 days 00:00:48.110000,48.11,1736.136,1.0
2023-11-25 14:13:56.240,0 days 00:28:56.236000,639.551080724254,-2665.7619226027405,-227.39390660506743,,291.6666666666667,10769.666666666666,100.0,0.0,12,8,3070.591438841047,0.5875012811155871,,,interpolation,0 days 00:00:48.210000,48.21,1736.236,1.0
2023-11-25 14:13:56.340,0 days 00:28:56.336000,690.3405334485485,-2708.8900296678685,-227.0505754046268,,293.0,10812.0,100.0,0.0,12,8,3078.030277777777,0.5889245663335616,,,interpolation,0 days 00:00:48.310000,48.31,1736.336,1.0
2023-11-25 14:13:56.440,0 days 00:28:56.436000,746.0,-2756.0,-227.0,,294.0,10842.5,100.0,0.0,12,8,3086.155325455688,0.590479144992095,,,interpolation,0 days 00:00:48.410000,48.41,1736.436,1.0
2023-11-25 14:13:56.540,0 days 00:28:56.536000,806.5294803786088,-2807.0918335991364,-227.24218039118705,,295.0,10873.0,100.0,0.0,12,8,3094.419166666666,0.5920602792442695,,,interpolation,0 days 00:00:48.510000,48.51,1736.536,1.0
2023-11-25 14:13:56.640,0 days 00:28:56.636000,871.9289745843744,-2862.165530465277,-227.77711657818796,,296.3333333333333,10906.333333333334,100.0,0.0,12,8,3102.274386202604,0.5935632312431683,,,interpolation,0 days 00:00:48.610000,48.61,1736.636,1.0
2023-11-25 14:13:56.740,0 days 00:28:56.736000,934.363981497953,-2914.656462098779,-228.1734944760949,,297.6666666666667,10939.666666666666,100.0,0.0,12,8,3109.8227357411297,0.5950074693036592,,,interpolation,0 days 00:00:48.710000,48.71,1736.736,1.0
2023-11-25 14:13:56.840,0 days 00:28:56.836000,986.0,-2958.0,-228.0,,299.0,10973.0,100.0,0.0,12,8,3117.6747222222216,0.5965098027168877,,,interpolation,0 days 00:00:48.810000,48.81,1736.836,1.0
2023-11-25 14:13:56.940,0 days 00:28:56.936000,1026.8370300905156,-2992.1961441689405,-227.25663314990325,,300.0,11039.0,100.0,0.0,12,8,3125.932096281579,0.5980896995983673,,,interpolation,0 days 00:00:48.910000,48.91,1736.936,1.0
2023-11-25 14:13:57.040,0 days 00:28:57.036000,1088.0,-3044.0,-227.0,,301.0,11105.0,100.0,0.0,12,8,3134.396944444444,0.5997092928393389,,,interpolation,0 days 00:00:49.010000,49.01,1737.036,1.0
2023-11-25 14:13:57.140,0 days 00:28:57.136000,1190.0,-3131.0,-228.0,,302.0,11127.5,100.0,0.0,12,8,3142.871353236062,0.6013307153310437,,,interpolation,0 days 00:00:49.110000,49.11,1737.136,1.0
2023-11-25 14:13:57.240,0 days 00:28:57.236000,1269.1543283927774,-3198.1963884426887,-228.5364022105873,,303.0,11150.0,100.0,0.0,12,8,3151.230277777777,0.6029300420323711,,,interpolation,0 days 00:00:49.210000,49.21,1737.236,1.0
2023-11-25 14:13:57.340,0 days 00:28:57.336000,1314.8492559045226,-3236.422586306735,-228.32250294313712,,304.0,11183.0,100.0,0.0,12,8,3159.3486731909347,0.6044833479022114,,,interpolation,0 days 00:00:49.310000,49.31,1737.336,1.0
2023-11-25 14:13:57.440,0 days 00:28:57.436000,1353.1195554640058,-3268.187491017413,-227.94735220411837,,305.0,11216.0,100.0,0.0,12,8,3168.174722222222,0.6061720502959845,,,interpolation,0 days 00:00:49.410000,49.41,1737.436,1.0
2023-11-25 14:13:57.540,0 days 00:28:57.536000,1410.0,-3316.0,-228.0,,305.5,11269.0,100.0,0.0,12,8,3178.6566076183253,0.6081775665691107,,,interpolation,0 days 00:00:49.510000,49.51,1737.536,1.0
2023-11-25 14:13:57.640,0 days 00:28:57.636000,1485.490589512504,-3379.860113254493,-228.48044633078197,,306.0,11322.0,100.0,0.0,12,8,3188.574722222222,0.6100752156546692,,,interpolation,0 days 00:00:49.610000,49.61,1737.636,1.0
2023-11-25 14:13:57.740,0 days 00:28:57.736000,1566.0,-3448.0,-229.0,,307.0,11317.0,100.0,0.0,12,8,3195.709458876887,0.6114403164857392,,,interpolation,0 days 00:00:49.710000,49.71,1737.736,1.0
2023-11-25 14:13:57.840,0 days 00:28:57.836000,1637.936907460969,-3508.6518294556263,-229.1699698111899,,308.0,11312.0,100.0,0.0,12,8,3202.2636111111105,0.612694333150257,,,interpolation,0 days 00:00:49.810000,49.81,1737.836,1.0
2023-11-25 14:13:57.940,0 days 00:28:57.936000,1702.068735258949,-3562.427679655342,-229.05022731765865,,308.6666666666667,11348.0,100.0,0.0,12,8,3210.439972453682,0.6142587297361597,,,interpolation,0 days 00:00:49.910000,49.91,1737.936,1.0
2023-11-25 14:13:58.040,0 days 00:28:58.036000,1763.0,-3613.0,-229.0,,309.3333333333333,11384.0,100.0,0.0,12,8,3220.034081847253,0.6160943863750037,,,interpolation,0 days 00:00:50.010000,50.01,1738.036,1.0
2023-11-25 14:13:58.140,0 days 00:28:58.136000,1821.4981171892853,-3660.980862255923,-229.0791587984393,,310.0,11420.0,100.0,0.0,12,8,3229.819166666666,0.6179665826543627,,,interpolation,0 days 00:00:50.110000,50.11,1738.136,1.0
2023-11-25 14:13:58.240,0 days 00:28:58.236000,1873.0,-3703.0,-229.0,,310.6666666666667,11457.333333333334,100.0,0.0,12,8,3239.59076376088,0.6198361983052038,,,interpolation,0 days 00:00:50.210000,50.21,1738.236,1.0
2023-11-25 14:13:58.340,0 days 00:28:58.336000,1912.9425616053409,-3735.6871468091176,-228.47481989170552,,311.3333333333333,11494.666666666666,100.0,0.0,12,8,3249.1776509039346,0.6216704730990465,,,interpolation,0 days 00:00:50.310000,50.31,1738.336,1.0
2023-11-25 14:13:58.440,0 days 00:28:58.436000,1961.0,-3774.0,-228.0,,312.0,11532.0,100.0,0.0,12,8,3257.5525,0.623272846671398,,,interpolation,0 days 00:00:50.410000,50.41,1738.436,1.0
2023-11-25 14:13:58.540,0 days 00:28:58.536000,2036.8465131786716,-3832.8962568893726,-228.07192185132757,,313.5,11555.0,100.0,0.0,12,8,3264.544090576421,0.6246105591292408,,,interpolation,0 days 00:00:50.510000,50.51,1738.536,1.0
2023-11-25 14:13:58.640,0 days 00:28:58.636000,2135.270256276951,-3908.327155545545,-228.59547568332147,,315.0,11578.0,100.0,0.0,12,8,3271.5525,0.6259514895646129,,,interpolation,0 days 00:00:50.610000,50.61,1738.636,1.0
2023-11-25 14:13:58.740,0 days 00:28:58.736000,2225.0,-3976.0,-229.0,,315.0,11594.0,100.0,0.0,12,8,3279.977805637538,0.6275635170695526,,,interpolation,0 days 00:00:50.710000,50.71,1738.736,1.0
2023-11-25 14:13:58.840,0 days 00:28:58.836000,2300.823846113852,-4031.865986861514,-229.19038406506743,,315.0,11610.0,100.0,0.0,12,8,3289.0525,0.6292997931811316,,,interpolation,0 days 00:00:50.810000,50.81,1738.836,1.0
2023-11-25 14:13:58.940,0 days 00:28:58.936000,2362.7417946185046,-4075.925116130086,-229.1666278785238,,316.0,11638.0,100.0,0.0,12,8,3298.00907559835,0.6310134694364218,,,interpolation,0 days 00:00:50.910000,50.91,1738.936,1.0
2023-11-25 14:13:59.040,0 days 00:28:59.036000,2420.538845813905,-4115.521687333615,-229.0595577527183,,317.0,11666.0,100.0,0.0,12,8,3306.663611111111,0.6326693558682314,,,interpolation,0 days 00:00:51.010000,51.01,1739.036,1.0
2023-11-25 14:13:59.140,0 days 00:28:59.136000,2484.0,-4158.0,-229.0,,317.5,11669.5,100.0,0.0,12,8,3314.8321852168046,0.6342322625093684,,,interpolation,0 days 00:00:51.110000,51.11,1739.136,1.0
2023-11-25 14:13:59.240,0 days 00:28:59.236000,2553.125257176788,-4203.360054129241,-228.987954620369,,318.0,11673.0,100.0,0.0,12,8,3324.2419444444445,0.6360326471295098,,,car,0 days 00:00:51.210000,51.21,1739.236,1.0
2023-11-25 14:13:59.340,0 days 00:28:59.336000,2617.0,-4245.0,-229.0,,319.0,11719.0,100.0,0.0,12,8,3336.620035323043,0.6384009674983331,,,interpolation,0 days 00:00:51.310000,51.31,1739.336,1.0
2023-11-25 14:13:59.440,0 days 00:28:59.436000,2664.709611125366,-4276.317987890941,-229.0127145250679,,320.0,11765.0,100.0,0.0,12,8,3349.1308333333336,0.6407946789396697,,,interpolation,0 days 00:00:51.410000,51.41,1739.436,1.0
2023-11-25 14:13:59.540,0 days 00:28:59.536000,2736.0,-4321.0,-229.0,,320.5,11780.5,100.0,0.0,12,8,3358.938713956049,0.642671236777351,,,interpolation,0 days 00:00:51.510000,51.51,1739.536,1.0
2023-11-25 14:13:59.640,0 days 00:28:59.636000,2858.0,-4395.0,-229.0,,321.0,11796.0,100.0,0.0,12,8,3366.964166666666,0.6442067597679315,,,interpolation,0 days 00:00:51.610000,51.61,1739.636,1.0
2023-11-25 14:13:59.740,0 days 00:28:59.736000,2955.006767101382,-4451.925639211855,-229.39816712323872,,321.3333333333333,11807.333333333334,100.0,0.0,12,8,3374.1276809406627,0.6455773666679662,,,interpolation,0 days 00:00:51.710000,51.71,1739.736,1.0
2023-11-25 14:13:59.840,0 days 00:28:59.836000,3028.0,-4493.0,-230.0,,321.6666666666667,11818.666666666666,100.0,0.0,12,8,3380.7139157124584,0.64683752173686,,,interpolation,0 days 00:00:51.810000,51.81,1739.836,1.0
2023-11-25 14:13:59.940,0 days 00:28:59.936000,3090.57660266224,-4527.178262430254,-230.5467548319525,,322.0,11830.0,100.0,0.0,12,8,3388.4308333333333,0.6483140122041945,,,interpolation,0 days 00:00:51.910000,51.91,1739.936,1.0
2023-11-25 14:14:00.040,0 days 00:29:00.036000,3154.0,-4560.0,-231.0,,322.25,11843.75,100.0,0.0,12,8,3397.563095652632,0.6500613028870919,,,interpolation,0 days 00:00:52.010000,52.01,1740.036,1.0
2023-11-25 14:14:00.140,0 days 00:29:00.136000,3229.5336169251805,-4597.004786206621,-231.32130388504635,,322.5,11857.5,100.0,0.0,12,8,3408.110702670353,0.6520793937855521,,,interpolation,0 days 00:00:52.110000,52.11,1740.136,1.0
2023-11-25 14:14:00.240,0 days 00:29:00.236000,3317.1774534377823,-4638.192621050119,-231.51066648709167,,322.75,11871.25,100.0,0.0,12,8,3418.687819464009,0.6541031308376972,,,interpolation,0 days 00:00:52.210000,52.21,1740.236,1.0
2023-11-25 14:14:00.340,0 days 00:29:00.336000,3412.732563231493,-4682.034145368558,-231.44469584559107,,323.0,11885.0,100.0,0.0,12,8,3427.908611111111,0.6558673599816489,,,interpolation,0 days 00:00:52.310000,52.31,1740.336,1.0
2023-11-25 14:14:00.440,0 days 00:29:00.436000,3512.0,-4727.0,-231.0,,323.6666666666667,11890.0,100.0,0.0,12,8,3435.7730776116587,0.6573720812174073,,,interpolation,0 days 00:00:52.410000,52.41,1740.436,1.0
2023-11-25 14:14:00.540,0 days 00:29:00.536000,3614.979763743304,-4773.090184944447,-230.17657895031832,,324.3333333333333,11895.0,100.0,0.0,12,8,3442.519246734193,0.6586628367871578,,,interpolation,0 days 00:00:52.510000,52.51,1740.536,1.0
2023-11-25 14:14:00.640,0 days 00:29:00.636000,3719.107832973927,-4819.233198773485,-229.1529252829912,,325.0,11900.0,100.0,0.0,12,8,3449.575277777778,0.6600128787449578,,,car,0 days 00:00:52.610000,52.61,1740.636,1.0
2023-11-25 14:14:00.740,0 days 00:29:00.736000,3809.0,-4859.0,-229.0,,325.0,11917.5,100.0,0.0,12,8,3457.1791960735604,0.6614677488666425,,,interpolation,0 days 00:00:52.710000,52.71,1740.736,1.0
2023-11-25 14:14:00.840,0 days 00:29:00.836000,3882.092217078331,-4891.319076223344,-229.89629751556328,,325.0,11935.0,100.0,0.0,12,8,3467.6308333333336,0.6634674777143819,,,car,0 days 00:00:52.810000,52.81,1740.836,1.0
2023-11-25 14:14:00.940,0 days 00:29:00.936000,3948.0,-4920.0,-231.0,,325.0,11888.0,100.0,0.0,12,8,3482.075277777778,0.6662311568899211,,,interpolation,0 days 00:00:52.910000,52.91,1740.936,1.0
2023-11-25 14:14:01.040,0 days 00:29:01.036000,4016.338864556087,-4948.852343886445,-231.4692896236293,,324.75,11888.0,100.0,0.0,12,8,3493.584103933836,0.6684331594179334,,,interpolation,0 days 00:00:53.010000,53.01,1741.036,1.0
2023-11-25 14:14:01.140,0 days 00:29:01.136000,4087.6299415729886,-4978.090409504304,-231.3592076533841,,324.5,11888.0,100.0,0.0,12,8,3501.0025801349107,0.6698525486003971,,,interpolation,0 days 00:00:53.110000,53.11,1741.136,1.0
2023-11-25 14:14:01.240,0 days 00:29:01.236000,4165.0,-5009.0,-231.0,,324.25,11888.0,100.0,0.0,12,8,3507.0574051574185,0.6710110281729827,,,interpolation,0 days 00:00:53.210000,53.21,1741.236,1.0
2023-11-25 14:14:01.340,0 days 00:29:01.336000,4248.970165327165,-5041.795414800721,-230.44670736679024,,324.0,11888.0,100.0,0.0,12,8,3514.475277777778,0.6724303018713614,,,interpolation,0 days 00:00:53.310000,53.31,1741.336,1.0
2023-11-25 14:14:01.440,0 days 00:29:01.436000,4350.0,-5081.0,-230.0,,324.0,11538.0,50.0,0.0,12,8,3523.256197995988,0.6741103696955325,,,interpolation,0 days 00:00:53.410000,53.41,1741.436,1.0
2023-11-25 14:14:01.540,0 days 00:29:01.536000,4478.54906646402,-5131.137101691369,-229.96054814587444,,324.0,11188.0,0.0,0.0,12,8,3532.565277777778,0.6758914911526657,,,interpolation,0 days 00:00:53.510000,53.51,1741.536,1.0
2023-11-25 14:14:01.640,0 days 00:29:01.636000,4596.0,-5177.0,-230.0,,301.0,11183.0,0.0,1.0,8,8,3541.56762908888,0.6776139257499303,,,interpolation,0 days 00:00:53.610000,53.61,1741.636,0.0
2023-11-25 14:14:01.740,0 days 00:29:01.736000,4663.735435888708,-5203.381975051061,-229.79000375796312,,278.0,11178.0,0.0,1.0,8,8,3550.198044093245,0.679265197165426,,,interpolation,0 days 00:00:53.710000,53.71,1741.736,0.0
2023-11-25 14:14:01.840,0 days 00:29:01.836000,4690.748697352351,-5213.871552886734,-229.3725962778995,,255.0,11173.0,0.0,1.0,8,8,3558.065277777778,0.6807704478510214,,,interpolation,0 days 00:00:53.810000,53.81,1741.836,0.0
2023-11-25 14:14:01.940,0 days 00:29:01.936000,4731.0,-5230.0,-229.0,,246.0,11160.5,0.0,1.0,8,7,3565.104122974157,0.6821172016125728,,,interpolation,0 days 00:00:53.910000,53.91,1741.936,0.0
2023-11-25 14:14:02.040,0 days 00:29:02.036000,4793.48275914596,-5255.355879179733,-228.71425221285995,,237.0,11148.0,0.0,1.0,8,7,3571.231944444445,0.6832896477148783,,,interpolation,0 days 00:00:54.010000,54.01,1742.036,0.0
2023-11-25 14:14:02.140,0 days 00:29:02.136000,4874.514445894707,-5287.744745853522,-228.5816529082428,,233.0,11360.5,0.0,1.0,8,7,3576.3661069507043,0.6842719754227355,,,interpolation,0 days 00:00:54.110000,54.11,1742.136,0.0
2023-11-25 14:14:02.240,0 days 00:29:02.236000,4952.0,-5314.0,-229.0,,229.0,11573.0,0.0,1.0,8,7,3581.4097222222226,0.6852369785801045,,,interpolation,0 days 00:00:54.210000,54.21,1742.236,0.0
2023-11-25 14:14:02.340,0 days 00:29:02.336000,5022.256930275222,-5331.927219517755,-230.0355928009867,,222.5,11376.0,0.0,1.0,8,7,3587.265901988289,0.6863574510309447,,,interpolation,0 days 00:00:54.310000,54.31,1742.336,0.0
2023-11-25 14:14:02.440,0 days 00:29:02.436000,5081.0,-5343.0,-231.0,,216.0,11179.0,0.0,1.0,8,7,3593.934646248905,0.6876333927752567,,,interpolation,0 days 00:00:54.410000,54.41,1742.436,0.0
2023-11-25 14:14:02.540,0 days 00:29:02.536000,5123.943972453968,-5348.691937039952,-231.20479028583725,,209.5,10982.0,0.0,1.0,8,7,3600.543706273957,0.6888979150371808,,,interpolation,0 days 00:00:54.510000,54.51,1742.536,0.0
2023-11-25 14:14:02.640,0 days 00:29:02.636000,5155.04054242091,-5349.010443857531,-230.83490523634197,,203.0,10785.0,0.0,1.0,8,7,3606.220833333334,0.6899841290408577,,,interpolation,0 days 00:00:54.610000,54.61,1742.636,0.0
2023-11-25 14:14:02.740,0 days 00:29:02.736000,5198.0,-5344.0,-231.0,,203.0,10621.5,0.0,1.0,8,5,3610.966027427035,0.6908920347862875,,,interpolation,0 days 00:00:54.710000,54.71,1742.736,0.0
2023-11-25 14:14:02.840,0 days 00:29:02.836000,5256.774080440587,-5333.668018763194,-231.88501804846635,,203.0,10458.0,0.0,1.0,8,5,3615.243055555556,0.6917103655720406,,,interpolation,0 days 00:00:54.810000,54.81,1742.836,0.0
2023-11-25 14:14:02.940,0 days 00:29:02.936000,5316.0,-5321.0,-233.0,,198.0,10277.25,0.0,1.0,8,5,3619.515684719393,0.6925278546966873,,,interpolation,0 days 00:00:54.910000,54.91,1742.936,0.0
2023-11-25 14:14:03.040,0 days 00:29:03.036000,5360.314974935576,-5308.981443563312,-233.85498647285996,,193.0,10096.5,0.0,1.0,8,5,3623.7839149185447,0.6933445021602276,,,interpolation,0 days 00:00:55.010000,55.01,1743.036,0.0
2023-11-25 14:14:03.140,0 days 00:29:03.136000,5392.917672728149,-5296.402043358691,-234.47386943942385,,188.0,9915.75,0.0,1.0,8,5,3628.356715436202,0.69421942356085,,,interpolation,0 days 00:00:55.110000,55.11,1743.136,0.0
2023-11-25 14:14:03.240,0 days 00:29:03.236000,5433.0,-5276.0,-235.0,,183.0,9735.0,0.0,1.0,8,5,3633.543055555556,0.695211734496743,,,interpolation,0 days 00:00:55.210000,55.21,1743.236,0.0
2023-11-25 14:14:03.340,0 days 00:29:03.336000,5483.760591477777,-5246.565019786275,-235.45726988231357,,180.5,9551.0,0.0,1.0,8,5,3639.342935276606,0.6963214349679068,,,interpolation,0 days 00:00:55.310000,55.31,1743.336,0.0
2023-11-25 14:14:03.440,0 days 00:29:03.436000,5542.830947795863,-5208.919738932495,-235.8273205254561,,178.0,9367.0,0.0,1.0,8,5,3645.409722222223,0.6974822032348014,,,interpolation,0 days 00:00:55.410000,55.41,1743.436,0.0
2023-11-25 14:14:03.540,0 days 00:29:03.536000,5596.0,-5168.0,-236.0,,175.5,9254.0,3.0,0.0,8,5,3651.396784015278,0.6986277175578874,,,interpolation,0 days 00:00:55.510000,55.51,1743.536,0.0
2023-11-25 14:14:03.640,0 days 00:29:03.636000,5640.899224471018,-5124.628447627613,-235.9569495570443,,173.0,9141.0,6.0,0.0,8,5,3656.943055555557,0.6996888947611165,,,interpolation,0 days 00:00:55.610000,55.61,1743.636,0.0
2023-11-25 14:14:03.740,0 days 00:29:03.736000,5677.528621208914,-5078.805081815331,-235.698169196589,,169.0,9115.5,18.0,0.0,8,5,3661.687471742842,0.7005966516684399,,,interpolation,0 days 00:00:55.710000,55.71,1743.736,0.0
2023-11-25 14:14:03.840,0 days 00:29:03.836000,5706.643707342354,-5035.579175095383,-235.3403042378392,,165.0,9090.0,30.0,0.0,8,5,3666.109722222223,0.7014427680840549,,,interpolation,0 days 00:00:55.810000,55.81,1743.836,0.0
2023-11-25 14:14:03.940,0 days 00:29:03.936000,5729.0,-5000.0,-235.0,,166.0,9166.4,37.8,0.0,8,5,3670.689496638789,0.7023190238121593,,,interpolation,0 days 00:00:55.910000,55.91,1743.936,0.0
2023-11-25 14:14:04.040,0 days 00:29:04.036000,5744.597499181855,-4972.067556529182,-234.6772564830716,,167.0,9242.8,45.6,0.0,8,5,3675.4267949925393,0.7032254188527531,,,interpolation,0 days 00:00:56.010000,56.01,1744.036,0.0
2023-11-25 14:14:04.140,0 days 00:29:04.136000,5754.489973249412,-4949.321518011573,-234.36269014258625,,168.0,9319.2,53.4,0.0,8,5,3680.249319195822,0.7041481202945017,,,interpolation,0 days 00:00:56.110000,56.11,1744.136,0.0
2023-11-25 14:14:04.240,0 days 00:29:04.236000,5765.0,-4917.0,-234.0,,169.0,9395.6,61.2,0.0,8,5,3684.7232829437135,0.705004131094344,,,interpolation,0 days 00:00:56.210000,56.21,1744.236,0.0
2023-11-25 14:14:04.340,0 days 00:29:04.336000,5777.181337004582,-4872.642701016723,-233.57980260693228,,170.0,9472.0,69.0,0.0,8,5,3688.77638888889,0.7057796184825934,,,interpolation,0 days 00:00:56.310000,56.31,1744.336,0.0
2023-11-25 14:14:04.440,0 days 00:29:04.436000,5788.0,-4826.0,-233.0,,171.0,9508.666666666666,70.0,0.0,8,5,3692.40863703135,0.7064745824592501,,,interpolation,0 days 00:00:56.410000,56.41,1744.436,0.0
2023-11-25 14:14:04.540,0 days 00:29:04.536000,5794.422004723093,-4786.822275888088,-232.15849421582035,,172.0,9545.333333333334,71.0,0.0,8,5,3695.831046126269,0.7071293975878057,,,interpolation,0 days 00:00:56.510000,56.51,1744.536,0.0
2023-11-25 14:14:04.640,0 days 00:29:04.636000,5796.0,-4740.0,-231.0,,173.0,9582.0,72.0,0.0,8,5,3700.309722222223,0.7079863100089085,,,interpolation,0 days 00:00:56.610000,56.61,1744.636,0.0
2023-11-25 14:14:04.740,0 days 00:29:04.736000,5792.286634656859,-4670.423643654748,-229.46923209814597,,176.0,9820.5,76.0,0.0,8,5,3706.055681913565,0.7090856938726167,,,interpolation,0 days 00:00:56.710000,56.71,1744.736,0.0
2023-11-25 14:14:04.840,0 days 00:29:04.836000,5786.0,-4601.0,-228.0,,179.0,10059.0,80.0,0.0,8,5,3712.243055555557,0.7102695341893156,,,interpolation,0 days 00:00:56.810000,56.81,1744.836,0.0
2023-11-25 14:14:04.940,0 days 00:29:04.936000,5779.858187335755,-4554.635862183426,-227.0261131953041,,182.33333333333331,10132.666666666666,82.33333333333333,0.0,8,5,3718.045973503455,0.7113798159693904,,,interpolation,0 days 00:00:56.910000,56.91,1744.936,0.0
2023-11-25 14:14:05.040,0 days 00:29:05.036000,5773.193529166981,-4526.877233845296,-226.48486351296265,,185.66666666666663,10206.333333333334,84.66666666666667,0.0,8,5,3723.524948132777,0.7124281171446002,,,interpolation,0 days 00:00:57.010000,57.01,1745.036,0.0
2023-11-25 14:14:05.140,0 days 00:29:05.136000,5762.0,-4491.0,-226.0,,189.0,10280.0,87.0,0.0,8,5,3729.0430555555567,0.7134839056611736,,,interpolation,0 days 00:00:57.110000,57.11,1745.136,0.0
2023-11-25 14:14:05.240,0 days 00:29:05.236000,5745.60992550072,-4442.550118678651,-225.5088138431856,,190.5,10420.0,87.5,0.0,8,5,3734.66080876696,0.714558759569428,,,interpolation,0 days 00:00:57.210000,57.21,1745.236,0.0
2023-11-25 14:14:05.340,0 days 00:29:05.336000,5727.0,-4391.0,-225.0,,192.0,10560.0,88.0,0.0,8,5,3739.709722222224,0.7155247764369564,,,interpolation,0 days 00:00:57.310000,57.31,1745.336,0.0
2023-11-25 14:14:05.440,0 days 00:29:05.436000,5709.146917828702,-4345.822054082802,-224.46225342792377,,194.33333333333331,10717.666666666666,89.0,0.0,8,5,3743.521310376585,0.7162540538313522,,,interpolation,0 days 00:00:57.410000,57.41,1745.436,0.0
2023-11-25 14:14:05.540,0 days 00:29:05.536000,5689.749417412505,-4303.61819371354,-223.86224489129356,,196.66666666666663,10875.333333333334,90.0,0.0,8,5,3746.711561788865,0.7168644498508575,,,interpolation,0 days 00:00:57.510000,57.51,1745.536,0.0
2023-11-25 14:14:05.640,0 days 00:29:05.636000,5655.0,-4244.0,-223.0,,199.0,11033.0,91.0,0.0,8,5,3752.97638888889,0.7180631094643363,,,interpolation,0 days 00:00:57.610000,57.61,1745.636,0.0
2023-11-25 14:14:05.740,0 days 00:29:05.736000,5606.0,-4169.0,-222.0,,204.0,11162.0,95.0,0.0,8,5,3762.043055555557,0.7197978496237517,,,interpolation,0 days 00:00:57.710000,57.71,1745.736,0.0
2023-11-25 14:14:05.840,0 days 00:29:05.836000,5563.164747395833,-4111.201503737301,-221.8091008853652,,206.5,11343.5,97.0,0.0,8,5,3768.579278856784,0.7210484359162017,,,interpolation,0 days 00:00:57.810000,57.81,1745.836,0.0
2023-11-25 14:14:05.940,0 days 00:29:05.936000,5529.0,-4069.0,-222.0,,209.0,11525.0,99.0,0.0,8,5,3773.596111111113,0.7220083146350951,,,interpolation,0 days 00:00:57.910000,57.91,1745.936,0.0
2023-11-25 14:14:06.040,0 days 00:29:06.036000,5502.60897804884,-4035.3604537099454,-221.9875861634461,,209.33333333333331,11281.333333333334,99.33333333333331,0.0,8,5,3778.993313908891,0.7230409702720599,,,interpolation,0 days 00:00:58.010000,58.01,1746.036,0.0
2023-11-25 14:14:06.140,0 days 00:29:06.136000,5479.419653660932,-4007.53094064376,-221.8437685504001,,209.66666666666663,11037.666666666666,99.66666666666669,0.0,8,5,3784.659843905498,0.7241251567223886,,,interpolation,0 days 00:00:58.110000,58.11,1746.136,0.0
2023-11-25 14:14:06.240,0 days 00:29:06.236000,5432.0,-3969.0,-222.0,,210.0,10794.0,100.0,0.0,8,5,3789.9294444444463,0.7251333980105126,,,interpolation,0 days 00:00:58.210000,58.21,1746.236,0.0
2023-11-25 14:14:06.340,0 days 00:29:06.336000,5355.778036001953,-3917.015735734848,-222.52818895059627,,214.0,10619.5,100.0,0.0,8,5,3794.691073318194,0.7260444482492832,,,interpolation,0 days 00:00:58.310000,58.31,1746.336,0.0
2023-11-25 14:14:06.440,0 days 00:29:06.436000,5277.0,-3868.0,-223.0,,218.0,10445.0,100.0,0.0,8,6,3799.618333333335,0.7269871889651819,,,car,0 days 00:00:58.410000,58.41,1746.436,0.0
2023-11-25 14:14:06.540,0 days 00:29:06.536000,5221.91213032735,-3838.374644947148,-222.98709774602224,,220.0,10540.0,100.0,0.0,8,6,3805.384827296468,0.7280905016846899,,,interpolation,0 days 00:00:58.510000,58.51,1746.536,0.0
2023-11-25 14:14:06.640,0 days 00:29:06.636000,5190.514426984004,-3828.139670576296,-222.4894821886631,,222.0,10635.0,100.0,0.0,8,6,3811.9516666666686,0.7293469457996808,,,car,0 days 00:00:58.610000,58.61,1746.636,0.0
2023-11-25 14:14:06.740,0 days 00:29:06.736000,5160.109510148655,-3825.5848609172954,-221.99712553697236,,224.0,10735.25,100.0,0.0,8,6,3819.279962903017,0.7307490807020283,,,interpolation,0 days 00:00:58.710000,58.71,1746.736,0.0
2023-11-25 14:14:06.840,0 days 00:29:06.836000,5108.0,-3819.0,-222.0,,226.0,10835.5,100.0,0.0,8,6,3827.369716005509,0.7322969063917324,,,interpolation,0 days 00:00:58.810000,58.81,1746.836,0.0
2023-11-25 14:14:06.940,0 days 00:29:06.936000,5034.185896538038,-3808.385087824412,-222.4981055777461,,228.0,10935.75,100.0,0.0,8,6,3835.417111105248,0.7338366276555046,,,interpolation,0 days 00:00:58.910000,58.91,1746.936,0.0
2023-11-25 14:14:07.040,0 days 00:29:07.036000,4952.0,-3798.0,-223.0,,230.0,11036.0,100.0,0.0,8,6,3842.618333333336,0.7352144492800565,,,interpolation,0 days 00:00:59.010000,59.01,1747.036,0.0
2023-11-25 14:14:07.140,0 days 00:29:07.136000,4874.775110623119,-3792.104612136236,-223.01424099655125,,232.0,11109.4,100.0,0.0,8,6,3848.973382689769,0.736430371265388,,,interpolation,0 days 00:00:59.110000,59.11,1747.136,0.0
2023-11-25 14:14:07.240,0 days 00:29:07.236000,4783.0,-3783.0,-223.0,,234.0,11182.8,100.0,0.0,8,6,3854.4822591745497,0.7374843936114991,,,interpolation,0 days 00:00:59.210000,59.21,1747.236,0.0
2023-11-25 14:14:07.340,0 days 00:29:07.336000,4657.163439723247,-3762.98723935817,-223.4164484429464,,236.0,11256.2,100.0,0.0,8,6,3859.3857563846727,0.738422587751056,,,interpolation,0 days 00:00:59.310000,59.31,1747.336,0.0
2023-11-25 14:14:07.440,0 days 00:29:07.436000,4534.0,-3741.0,-224.0,,238.0,11329.6,100.0,0.0,8,6,3865.128628504952,0.7395213808647436,,,interpolation,0 days 00:00:59.410000,59.41,1747.436,0.0
2023-11-25 14:14:07.540,0 days 00:29:07.536000,4450.244251037401,-3725.971951714741,-224.4870683457704,,240.0,11403.0,100.0,0.0,8,6,3871.9516666666686,0.7408268439134591,,,interpolation,0 days 00:00:59.510000,59.51,1747.536,0.0
2023-11-25 14:14:07.640,0 days 00:29:07.636000,4405.89619283545,-3717.903094502392,-224.8776534802575,,242.66666666666663,11038.666666666666,100.0,0.0,8,6,3879.854870869823,0.7423389768972024,,,interpolation,0 days 00:00:59.610000,59.61,1747.636,0.0
2023-11-25 14:14:07.740,0 days 00:29:07.736000,4392.82386557402,-3715.615356765477,-225.1929351055724,,245.33333333333331,10674.333333333334,100.0,0.0,8,6,3888.599339106323,0.7440120703041054,,,interpolation,0 days 00:00:59.710000,59.71,1747.736,0.0
2023-11-25 14:14:07.840,0 days 00:29:07.836000,4362.235760145299,-3712.0403451093744,-225.55999078374256,,248.0,10310.0,100.0,0.0,8,6,3896.751666666669,0.7455718684671542,,,interpolation,0 days 00:00:59.810000,59.81,1747.836,0.0
2023-11-25 14:14:07.940,0 days 00:29:07.936000,4306.0,-3706.0,-226.0,,250.0,10391.0,100.0,0.0,8,7,3904.0729539891145,0.7469726623425437,,,interpolation,0 days 00:00:59.910000,59.91,1747.936,0.0
2023-11-25 14:14:08.040,0 days 00:29:08.036000,4224.116585138127,-3697.494321437353,-226.5129627543447,,252.0,10472.0,100.0,0.0,8,7,3910.6026864786,0.7482220067373693,,,interpolation,0 days 00:01:00.010000,60.01,1748.036,0.0
2023-11-25 14:14:08.140,0 days 00:29:08.136000,4139.0,-3689.0,-227.0,,254.0,10553.0,100.0,0.0,8,7,3916.57777777778,0.7493652307262876,,,interpolation,0 days 00:01:00.110000,60.11,1748.136,0.0
2023-11-25 14:14:08.240,0 days 00:29:08.236000,4073.064729025949,-3682.993726266512,-227.36223269018933,,255.0,10593.666666666666,100.0,0.0,8,7,3922.0377136959287,0.750409889193756,,,interpolation,0 days 00:01:00.210000,60.21,1748.236,0.0
2023-11-25 14:14:08.340,0 days 00:29:08.336000,4021.450963453431,-3678.981573894167,-227.6316293335682,,256.0,10634.333333333334,100.0,0.0,8,7,3927.237938629624,0.7514048567338819,,,interpolation,0 days 00:01:00.310000,60.31,1748.336,0.0
2023-11-25 14:14:08.440,0 days 00:29:08.436000,3955.0,-3674.0,-228.0,,257.0,10675.0,100.0,0.0,8,7,3933.7111111111135,0.7526433794098888,,,interpolation,0 days 00:01:00.410000,60.41,1748.436,0.0
2023-11-25 14:14:08.540,0 days 00:29:08.536000,3868.852079667301,-3667.5550832990702,-228.49931287078428,,259.3333333333333,10756.666666666666,100.0,0.0,8,7,3941.712672921239,0.754174331315411,,,interpolation,0 days 00:01:00.510000,60.51,1748.536,0.0
2023-11-25 14:14:08.640,0 days 00:29:08.636000,3782.0,-3661.0,-229.0,,261.6666666666667,10838.333333333334,100.0,0.0,8,7,3950.999307844268,0.7559511583610148,,,interpolation,0 days 00:01:00.610000,60.61,1748.636,0.0
2023-11-25 14:14:08.740,0 days 00:29:08.736000,3713.436558542766,-3655.687926311414,-229.37249344172608,,264.0,10920.0,100.0,0.0,8,7,3960.1111111111136,0.7576945345799513,,,interpolation,0 days 00:01:00.710000,60.71,1748.736,0.0
2023-11-25 14:14:08.840,0 days 00:29:08.836000,3658.9200375230985,-3651.308551318544,-229.64647095436104,,265.3333333333333,10984.333333333334,100.0,0.0,8,7,3968.804764014476,0.7593579054060706,,,interpolation,0 days 00:01:00.810000,60.81,1748.836,0.0
2023-11-25 14:14:08.940,0 days 00:29:08.936000,3593.0,-3646.0,-230.0,,266.6666666666667,11048.666666666666,100.0,0.0,8,7,3976.96867890709,0.76091992059235,,,interpolation,0 days 00:01:00.910000,60.91,1748.936,0.0
2023-11-25 14:14:09.040,0 days 00:29:09.036000,3511.43468476556,-3639.451958263415,-230.46275864094324,,268.0,11113.0,100.0,0.0,8,7,3983.933333333336,0.7622524793125329,,,interpolation,0 days 00:01:01.010000,61.01,1749.036,0.0
2023-11-25 14:14:09.140,0 days 00:29:09.136000,3430.0,-3633.0,-231.0,,268.0,11113.0,100.0,0.0,8,7,3989.587140788599,0.7633342315382219,,,interpolation,0 days 00:01:01.110000,61.11,1749.136,0.0
2023-11-25 14:14:09.240,0 days 00:29:09.236000,3364.471853883545,-3627.979699100968,-231.5769771999796,,268.0,11113.0,100.0,0.0,8,7,3995.844444444447,0.7645314516788236,,,interpolation,0 days 00:01:01.210000,61.21,1749.236,0.0
2023-11-25 14:14:09.340,0 days 00:29:09.336000,3296.0,-3622.0,-232.0,,270.0,11201.0,100.0,0.0,8,7,4004.619587472444,0.7662104141437442,,,interpolation,0 days 00:01:01.310000,61.31,1749.336,0.0
2023-11-25 14:14:09.440,0 days 00:29:09.436000,3205.734191933173,-3612.669847130779,-232.0753781591792,,272.0,11289.0,100.0,0.0,8,7,4013.977777777781,0.7680009319976545,,,interpolation,0 days 00:01:01.410000,61.41,1749.436,0.0
2023-11-25 14:14:09.540,0 days 00:29:09.536000,3117.0,-3602.0,-232.0,,273.0,11289.0,100.0,0.0,8,7,4021.984223265646,0.7695328183052249,,,interpolation,0 days 00:01:01.510000,61.51,1749.536,0.0
2023-11-25 14:14:09.640,0 days 00:29:09.636000,3053.1229945174164,-3592.001218114357,-231.97075384494525,,274.0,11289.0,100.0,0.0,8,7,4029.200000000003,0.7709134246672613,,,interpolation,0 days 00:01:01.610000,61.61,1749.636,0.0
2023-11-25 14:14:09.740,0 days 00:29:09.736000,2999.0,-3581.0,-232.0,,274.6666666666667,11340.0,100.0,0.0,8,7,4036.186184044811,0.7722501026845697,,,interpolation,0 days 00:01:01.710000,61.71,1749.736,0.0
2023-11-25 14:14:09.840,0 days 00:29:09.836000,2939.527840962331,-3567.32284418308,-232.1000987711493,,275.3333333333333,11391.0,100.0,0.0,8,7,4043.0757630129033,0.7735682970945785,,,interpolation,0 days 00:01:01.810000,61.81,1749.836,0.0
2023-11-25 14:14:09.940,0 days 00:29:09.936000,2869.0,-3546.0,-233.0,,276.0,11442.0,100.0,0.0,8,7,4050.666666666669,0.7750206771035242,,,interpolation,0 days 00:01:01.910000,61.91,1749.936,0.0
2023-11-25 14:14:10.040,0 days 00:29:10.036000,2781.709959708598,-3512.061716787166,-235.4286535281589,,276.6666666666667,11488.666666666666,100.0,0.0,8,7,4059.091883980741,0.7766326877093905,,,interpolation,0 days 00:01:02.010000,62.01,1750.036,0.0
2023-11-25 14:14:10.140,0 days 00:29:10.136000,2699.0,-3476.0,-237.0,,277.3333333333333,11535.333333333334,100.0,0.0,8,7,4068.010582479301,0.77833911687724,,,interpolation,0 days 00:01:02.110000,62.11,1750.136,0.0
2023-11-25 14:14:10.240,0 days 00:29:10.236000,2642.2124007860807,-3448.3068550939247,-235.32798005989736,,278.0,11582.0,100.0,0.0,8,7,4075.377777777781,0.7797486944007543,,,interpolation,0 days 00:01:02.210000,62.21,1750.236,0.0
2023-11-25 14:14:10.340,0 days 00:29:10.336000,2588.0,-3418.0,-233.0,,278.3333333333333,11595.0,100.0,0.0,8,7,4080.8526408904704,0.7807962089127637,,,interpolation,0 days 00:01:02.310000,62.31,1750.336,0.0
2023-11-25 14:14:10.440,0 days 00:29:10.436000,2513.0156355749177,-3374.097152649284,-232.6034661124568,,278.6666666666667,11608.0,100.0,0.0,8,7,4085.307658530305,0.7816485947227703,,,interpolation,0 days 00:01:02.410000,62.41,1750.436,0.0
2023-11-25 14:14:10.540,0 days 00:29:10.536000,2439.0,-3330.0,-233.0,,279.0,11621.0,100.0,0.0,8,7,4093.977777777781,0.7833074628160257,,,interpolation,0 days 00:01:02.510000,62.51,1750.536,0.0
2023-11-25 14:14:10.640,0 days 00:29:10.636000,2387.6937857644125,-3299.110229010369,-233.05122326536187,,281.0,11659.0,100.0,0.0,8,7,4106.46666666667,0.7856969823493382,,,interpolation,0 days 00:01:02.610000,62.61,1750.636,0.0
2023-11-25 14:14:10.740,0 days 00:29:10.736000,2323.0,-3256.0,-233.0,,281.0,11656.333333333334,100.0,0.0,8,7,4115.161320537624,0.7873605446922236,,,interpolation,0 days 00:01:02.710000,62.71,1750.736,0.0
2023-11-25 14:14:10.840,0 days 00:29:10.836000,2221.0,-3184.0,-233.0,,281.0,11653.666666666666,100.0,0.0,8,7,4119.663851210702,0.7882220212485751,,,interpolation,0 days 00:01:02.810000,62.81,1750.836,0.0
2023-11-25 14:14:10.940,0 days 00:29:10.936000,2154.764260852958,-3135.6616583422137,-232.5160547530716,,281.0,11651.0,100.0,0.0,8,7,4125.200000000003,0.7892812616493066,,,interpolation,0 days 00:01:02.910000,62.91,1750.936,0.0
2023-11-25 14:14:11.040,0 days 00:29:11.036000,2108.0,-3099.0,-232.0,,281.0,11685.0,100.0,0.0,8,7,4132.640728250516,0.7907049083527766,,,interpolation,0 days 00:01:03.010000,63.01,1751.036,0.0
2023-11-25 14:14:11.140,0 days 00:29:11.136000,2052.2359600139134,-3053.2714335474475,-231.99286669029695,,281.0,11719.0,100.0,0.0,8,7,4140.811111111114,0.7922681610659471,,,interpolation,0 days 00:01:03.110000,63.11,1751.136,0.0
2023-11-25 14:14:11.240,0 days 00:29:11.236000,1992.0,-2999.0,-232.0,,281.0,11732.5,100.0,0.0,8,7,4148.536223730669,0.7937462194957796,,,interpolation,0 days 00:01:03.210000,63.21,1751.236,0.0
2023-11-25 14:14:11.340,0 days 00:29:11.336000,1931.8199790635608,-2936.7097403731004,-231.5267451051467,,281.0,11746.0,100.0,0.0,8,7,4156.422222222225,0.7952550604825877,,,interpolation,0 days 00:01:03.310000,63.31,1751.336,0.0
2023-11-25 14:14:11.440,0 days 00:29:11.436000,1877.0,-2875.0,-231.0,,281.0,11712.0,100.0,0.0,8,7,4165.075262698831,0.7969106608666847,,,interpolation,0 days 00:01:03.410000,63.41,1751.436,0.0
2023-11-25 14:14:11.540,0 days 00:29:11.536000,1832.8441656047223,-2822.470124213952,-230.84666267882287,,281.0,11678.0,100.0,0.0,8,7,4174.130625070335,0.7986432381568216,,,interpolation,0 days 00:01:03.510000,63.51,1751.536,0.0
2023-11-25 14:14:11.640,0 days 00:29:11.636000,1799.3524758777294,-2779.120113014958,-231.06673314161557,,281.0,11644.0,100.0,0.0,8,7,4181.400000000003,0.8000340995492125,,,interpolation,0 days 00:01:03.610000,63.61,1751.636,0.0
2023-11-25 14:14:11.740,0 days 00:29:11.736000,1768.684548211871,-2724.960045308484,-231.5034370336004,,281.0,11655.5,100.0,0.0,8,7,4186.518671132404,0.8010134632671774,,,interpolation,0 days 00:01:03.710000,63.71,1751.736,0.0
2023-11-25 14:14:11.840,0 days 00:29:11.836000,1733.0,-2640.0,-232.0,,281.0,11667.0,100.0,0.0,8,7,4193.888888888892,0.8024236190825248,,,interpolation,0 days 00:01:03.810000,63.81,1751.836,0.0
2023-11-25 14:14:11.940,0 days 00:29:11.936000,1692.298831242116,-2524.2399770895054,-232.5564220408145,,280.0,11684.0,1.0,0.0,8,7,4206.333333333337,0.8048046349876048,,,interpolation,0 days 00:01:03.910000,63.91,1751.936,0.0
2023-11-25 14:14:12.040,0 days 00:29:12.036000,1658.0,-2419.0,-233.0,,269.6666666666667,11264.0,0.6666666666666667,1.0,8,7,4214.374630845021,0.8063431895898834,,,interpolation,0 days 00:01:04.010000,64.01,1752.036,0.0
2023-11-25 14:14:12.140,0 days 00:29:12.136000,1641.522464335434,-2365.600092154484,-233.15803072151263,,259.3333333333333,10844.0,0.3333333333333333,1.0,8,7,4217.591476840377,0.8069586739944569,,,interpolation,0 days 00:01:04.110000,64.11,1752.136,0.0
2023-11-25 14:14:12.240,0 days 00:29:12.236000,1639.5294267781755,-2352.4491282068648,-233.0730195656537,,249.0,10424.0,0.0,1.0,8,7,4222.933333333337,0.8079807401324168,,,interpolation,0 days 00:01:04.210000,64.21,1752.236,0.0
2023-11-25 14:14:12.340,0 days 00:29:12.336000,1632.0,-2310.0,-233.0,,235.0,10090.0,0.0,1.0,8,7,4231.558438062692,0.8096309955243111,,,interpolation,0 days 00:01:04.310000,64.31,1752.336,0.0
2023-11-25 14:14:12.440,0 days 00:29:12.436000,1615.5973523616835,-2226.661463494065,-232.9814778201099,,221.0,9756.0,0.0,1.0,8,7,4240.122222222226,0.8112695183513086,,,interpolation,0 days 00:01:04.410000,64.41,1752.436,0.0
2023-11-25 14:14:12.540,0 days 00:29:12.536000,1599.0,-2141.0,-233.0,,208.5,9902.5,0.0,1.0,8,7,4245.28011700573,0.8122563867945787,,,interpolation,0 days 00:01:04.510000,64.51,1752.536,0.0
2023-11-25 14:14:12.640,0 days 00:29:12.636000,1590.8864590517228,-2091.582090828744,-233.038113513687,,196.0,10049.0,0.0,1.0,8,7,4248.778888888893,0.8129258125402797,,,interpolation,0 days 00:01:04.610000,64.61,1752.636,0.0
2023-11-25 14:14:12.740,0 days 00:29:12.736000,1587.0,-2058.0,-233.0,,185.5,10078.0,0.0,1.0,8,7,4252.365304347406,0.8136120072745698,,,interpolation,0 days 00:01:04.710000,64.71,1752.736,0.0
2023-11-25 14:14:12.840,0 days 00:29:12.836000,1583.0838933279797,-2019.8459915334693,-232.7898410977684,,175.0,10107.0,0.0,1.0,8,7,4256.55666666667,0.8144139474809546,,,car,0 days 00:01:04.810000,64.81,1752.836,0.0
2023-11-25 14:14:12.940,0 days 00:29:12.936000,1579.1381390356628,-1977.120065429153,-232.4076368069921,,166.5,9781.0,0.0,1.0,8,7,4261.870279132084,0.8154306096429389,,,interpolation,0 days 00:01:04.910000,64.91,1752.936,0.0
2023-11-25 14:14:13.040,0 days 00:29:13.036000,1575.8733152255145,-1934.08410661026,-232.07161411271971,,158.0,9455.0,0.0,1.0,8,7,4267.090000000003,0.8164293073720401,,,interpolation,0 days 00:01:05.010000,65.01,1753.036,0.0
2023-11-25 14:14:13.140,0 days 00:29:13.136000,1574.0,-1895.0,-232.0,,153.25,9568.0,0.0,1.0,8,7,4270.999687526785,0.8171773542797762,,,interpolation,0 days 00:01:05.110000,65.11,1753.136,0.0
2023-11-25 14:14:13.240,0 days 00:29:13.236000,1573.5181933591207,-1859.867745598373,-232.1927944688329,,148.5,9681.0,0.0,1.0,8,7,4273.599341712429,0.817674750366147,,,interpolation,0 days 00:01:05.210000,65.21,1753.236,0.0
2023-11-25 14:14:13.340,0 days 00:29:13.336000,1575.0,-1813.0,-232.0,,143.75,9794.0,0.0,1.0,8,7,4276.41932504186,0.8182143023878874,,,interpolation,0 days 00:01:05.310000,65.31,1753.336,0.0
2023-11-25 14:14:13.440,0 days 00:29:13.436000,1579.0,-1744.0,-231.0,,139.0,9907.0,0.0,1.0,8,5,4280.9900000000025,0.819088817101732,,,car,0 days 00:01:05.410000,65.41,1753.436,0.0
2023-11-25 14:14:13.540,0 days 00:29:13.536000,1585.413045102181,-1684.6113893285346,-230.56308703902025,,132.0,9907.0,0.0,1.0,8,5,4286.856666666669,0.8202112960284126,,,interpolation,0 days 00:01:05.510000,65.51,1753.536,0.0
2023-11-25 14:14:13.640,0 days 00:29:13.636000,1593.6187574300227,-1640.0647760001257,-230.7994590040209,,129.33333333333334,9767.0,0.0,1.0,8,3,4291.291139489071,0.8210597509649038,,,interpolation,0 days 00:01:05.610000,65.61,1753.636,0.0
2023-11-25 14:14:13.740,0 days 00:29:13.736000,1600.0,-1610.0,-231.0,,126.66666666666669,9627.0,0.0,1.0,8,3,4294.061134329205,0.8215897386072445,,,interpolation,0 days 00:01:05.710000,65.71,1753.736,0.0
2023-11-25 14:14:13.840,0 days 00:29:13.836000,1603.9539135615628,-1594.357034351692,-231.046523439344,,124.0,9487.0,0.0,1.0,8,3,4296.5011111111135,0.8220565833548494,,,interpolation,0 days 00:01:05.810000,65.81,1753.836,0.0
2023-11-25 14:14:13.940,0 days 00:29:13.936000,1609.0,-1580.0,-231.0,,122.5,8927.0,0.0,1.0,8,3,4298.833478683398,0.8225028390564113,,,interpolation,0 days 00:01:05.910000,65.91,1753.936,0.0
2023-11-25 14:14:14.040,0 days 00:29:14.036000,1618.6577612006008,-1553.7930178897238,-230.9214003599153,,121.0,8367.0,0.0,1.0,8,3,4301.878888888891,0.8230855223709733,,,car,0 days 00:01:06.010000,66.01,1754.036,0.0
2023-11-25 14:14:14.140,0 days 00:29:14.136000,1633.0,-1523.0,-231.0,,121.0,8195.0,0.0,1.0,8,3,4306.457993570425,0.8239616499575788,,,interpolation,0 days 00:01:06.110000,66.11,1754.136,0.0
2023-11-25 14:14:14.240,0 days 00:29:14.236000,1652.099519234832,-1494.8848583099648,-231.42507440116415,,121.0,8023.0,0.0,1.0,8,3,4311.290000000003,0.82488616564919,,,interpolation,0 days 00:01:06.210000,66.21,1754.236,0.0
2023-11-25 14:14:14.340,0 days 00:29:14.336000,1674.0,-1471.0,-232.0,,117.0,7977.75,4.5,0.0,8,3,4315.094115449631,0.8256140132787698,,,interpolation,0 days 00:01:06.310000,66.31,1754.336,0.0
2023-11-25 14:14:14.440,0 days 00:29:14.436000,1696.7451233904085,-1452.8978322504877,-232.52815323309957,,113.0,7932.5,9.0,0.0,8,3,4317.870339919313,0.8261451928463184,,,interpolation,0 days 00:01:06.410000,66.41,1754.436,0.0
2023-11-25 14:14:14.540,0 days 00:29:14.536000,1720.0,-1439.0,-233.0,,109.0,7887.25,13.5,0.0,8,3,4320.28035276267,0.8266063045445626,,,interpolation,0 days 00:01:06.510000,66.51,1754.536,0.0
2023-11-25 14:14:14.640,0 days 00:29:14.636000,1743.429740422719,-1427.7281481871107,-233.4060062002385,,105.0,7842.0,18.0,0.0,8,3,4322.985833333336,0.8271239485662301,,,interpolation,0 days 00:01:06.610000,66.61,1754.636,0.0
2023-11-25 14:14:14.740,0 days 00:29:14.736000,1767.055032206118,-1418.9642335339968,-233.74389439262688,,105.5,7976.5,23.5,0.0,8,3,4325.986781631307,0.8276981249113206,,,interpolation,0 days 00:01:06.710000,66.71,1754.736,0.0
2023-11-25 14:14:14.840,0 days 00:29:14.836000,1791.0,-1412.0,-234.0,,106.0,8111.0,29.0,0.0,8,3,4328.874722222225,0.8282506793070268,,,interpolation,0 days 00:01:06.810000,66.81,1754.836,0.0
2023-11-25 14:14:14.940,0 days 00:29:14.936000,1815.2853311400804,-1406.7174055160554,-234.17204560449065,,107.0,8198.5,33.0,0.0,8,3,4331.24117967173,0.8287034574805419,,,interpolation,0 days 00:01:06.910000,66.91,1754.936,0.0
2023-11-25 14:14:15.040,0 days 00:29:15.036000,1840.5913473643157,-1402.983435680818,-234.2307027723375,,108.0,8286.0,37.0,0.0,8,3,4333.674722222225,0.829169071156129,,,interpolation,0 days 00:01:07.010000,67.01,1755.036,0.0
2023-11-25 14:14:15.140,0 days 00:29:15.136000,1871.0,-1400.0,-234.0,,110.66666666666669,8461.0,40.333333333333336,0.0,8,3,4336.763918116115,0.8297601320580517,,,interpolation,0 days 00:01:07.110000,67.11,1755.136,0.0
2023-11-25 14:14:15.240,0 days 00:29:15.236000,1907.1916177516227,-1397.634082710183,-233.45060855339224,,113.33333333333331,8636.0,43.66666666666666,0.0,8,3,4340.406163636872,0.830457008849446,,,interpolation,0 days 00:01:07.210000,67.21,1755.236,0.0
2023-11-25 14:14:15.340,0 days 00:29:15.336000,1946.0,-1397.0,-233.0,,116.0,8811.0,47.0,0.0,8,3,4343.985833333336,0.8311419129060524,,,interpolation,0 days 00:01:07.310000,67.31,1755.336,0.0
2023-11-25 14:14:15.440,0 days 00:29:15.436000,1985.0,-1399.0,-233.0,,119.0,8985.5,52.0,0.0,8,3,4347.400322438314,0.8317952126899817,,,interpolation,0 days 00:01:07.410000,67.41,1755.436,0.0
2023-11-25 14:14:15.540,0 days 00:29:15.536000,2028.637963761179,-1402.361667846918,-233.0567310928879,,122.0,9160.0,57.0,0.0,8,3,4350.763611111114,0.8324387162114979,,,interpolation,0 days 00:01:07.510000,67.51,1755.536,0.0
2023-11-25 14:14:15.640,0 days 00:29:15.636000,2067.0,-1406.0,-233.0,,124.33333333333331,9266.0,58.333333333333336,0.0,8,3,4354.18967951105,0.8330942314808661,,,interpolation,0 days 00:01:07.610000,67.61,1755.636,0.0
2023-11-25 14:14:15.740,0 days 00:29:15.736000,2089.431155970446,-1409.0420631481666,-232.7252600221996,,126.66666666666669,9372.0,59.66666666666666,0.0,8,3,4357.630392912945,0.8337525488024072,,,interpolation,0 days 00:01:07.710000,67.71,1755.736,0.0
2023-11-25 14:14:15.840,0 days 00:29:15.836000,2101.764653194362,-1411.5614812145857,-232.28564948790049,,129.0,9478.0,61.0,0.0,8,3,4360.796944444448,0.8343584102849687,,,interpolation,0 days 00:01:07.810000,67.81,1755.836,0.0
2023-11-25 14:14:15.940,0 days 00:29:15.936000,2139.0,-1414.0,-232.0,,133.5,9943.0,66.0,0.0,8,3,4363.64119987328,0.8349026063271778,,,interpolation,0 days 00:01:07.910000,67.91,1755.936,0.0
2023-11-25 14:14:16.040,0 days 00:29:16.036000,2206.9704776416984,-1416.431244181491,-231.92145043105128,,138.0,10408.0,71.0,0.0,8,3,4366.930277777781,0.8355319109810437,,,interpolation,0 days 00:01:08.010000,68.01,1756.036,0.0
2023-11-25 14:14:16.140,0 days 00:29:16.136000,2279.0,-1417.0,-232.0,,141.66666666666666,10499.0,62.66666666666666,0.0,8,3,4371.43129673629,0.8363930982985749,,,interpolation,0 days 00:01:08.110000,68.11,1756.136,0.0
2023-11-25 14:14:16.240,0 days 00:29:16.236000,2328.412480955446,-1413.8510536964682,-232.185647925792,,145.33333333333334,10590.0,54.33333333333333,0.0,8,3,4376.895493149307,0.8374385719334934,,,interpolation,0 days 00:01:08.210000,68.21,1756.236,0.0
2023-11-25 14:14:16.340,0 days 00:29:16.336000,2355.207920508038,-1406.984405270896,-232.4783942084273,,149.0,10681.0,46.0,0.0,8,3,4381.830277777781,0.8383827523459654,,,interpolation,0 days 00:01:08.310000,68.31,1756.336,0.0
2023-11-25 14:14:16.440,0 days 00:29:16.436000,2372.8993998066107,-1397.3755542098752,-232.78194338684887,,148.0,10324.6,37.4,0.0,8,3,4385.986884474858,0.8391780427023237,,,interpolation,0 days 00:01:08.410000,68.41,1756.436,0.0
2023-11-25 14:14:16.540,0 days 00:29:16.536000,2395.0,-1386.0,-233.0,,147.0,9968.2,28.8,0.0,8,3,4389.365313240539,0.8398244430025683,,,interpolation,0 days 00:01:08.510000,68.51,1756.536,0.0
2023-11-25 14:14:16.640,0 days 00:29:16.636000,2421.5097210882054,-1372.8577426412694,-233.13256404788063,,146.0,9611.8,20.2,0.0,8,3,4392.149513154509,0.8403571485249146,,,interpolation,0 days 00:01:08.610000,68.61,1756.636,0.0
2023-11-25 14:14:16.740,0 days 00:29:16.736000,2452.0,-1356.0,-233.0,,145.0,9255.4,11.6,0.0,8,3,4395.443184345812,0.8409873320198553,,,interpolation,0 days 00:01:08.710000,68.71,1756.736,0.0
2023-11-25 14:14:16.840,0 days 00:29:16.836000,2486.0422736641563,-1333.477989942507,-232.42267232586732,,144.0,8899.0,3.0,0.0,8,3,4399.430277777781,0.8417501891260071,,,interpolation,0 days 00:01:08.810000,68.81,1756.836,0.0
2023-11-25 14:14:16.940,0 days 00:29:16.936000,2522.771782990134,-1306.131585604565,-231.51905630778293,,142.5,8792.5,2.5,0.0,8,4,4404.110793450414,0.8426457198433699,,,interpolation,0 days 00:01:08.910000,68.91,1756.936,0.0
2023-11-25 14:14:17.040,0 days 00:29:17.036000,2557.0,-1279.0,-231.0,,141.0,8686.0,2.0,0.0,8,4,4408.830277777781,0.8435487064971656,,,interpolation,0 days 00:01:09.010000,69.01,1757.036,0.0
2023-11-25 14:14:17.140,0 days 00:29:17.136000,2587.8621744583024,-1252.9230976643285,-230.983977471638,,139.5,8666.5,6.0,0.0,8,4,4412.934277173948,0.8443339314126157,,,interpolation,0 days 00:01:09.110000,69.11,1757.136,0.0
2023-11-25 14:14:17.240,0 days 00:29:17.236000,2616.0,-1227.0,-231.0,,138.0,8647.0,10.0,0.0,8,4,4416.496944444448,0.8450155823672595,,,interpolation,0 days 00:01:09.210000,69.21,1757.236,0.0
2023-11-25 14:14:17.340,0 days 00:29:17.336000,2642.055170260054,-1200.3298284094635,-230.57707886238887,,137.66666666666666,8658.0,15.666666666666666,0.0,8,4,4419.592432394812,0.8456078471386362,,,interpolation,0 days 00:01:09.310000,69.31,1757.336,0.0
2023-11-25 14:14:17.440,0 days 00:29:17.436000,2666.0,-1172.0,-230.0,,137.33333333333334,8669.0,21.33333333333333,0.0,8,4,4422.528587714794,0.8461696265372969,,,interpolation,0 days 00:01:09.410000,69.41,1757.436,0.0
2023-11-25 14:14:17.540,0 days 00:29:17.536000,2687.8068039813743,-1141.097931878891,-229.5535493540289,,137.0,8680.0,27.0,0.0,8,4,4427.152500000004,0.8470543272359843,,,interpolation,0 days 00:01:09.510000,69.51,1757.536,0.0
2023-11-25 14:14:17.640,0 days 00:29:17.636000,2707.475582204176,-1107.623624046136,-229.23772692447568,,138.0,8846.0,48.0,0.0,8,4,4433.285833333337,0.8482278279320594,,,interpolation,0 days 00:01:09.610000,69.61,1757.636,0.0
2023-11-25 14:14:17.740,0 days 00:29:17.736000,2724.4065693248904,-1071.5875041903132,-229.05304103268455,,140.33333333333334,9062.0,53.333333333333336,0.0,8,4,4438.011458223787,0.849131989469831,,,interpolation,0 days 00:01:09.710000,69.71,1757.736,0.0
2023-11-25 14:14:17.840,0 days 00:29:17.836000,2738.0,-1033.0,-229.0,,142.66666666666666,9278.0,58.66666666666666,0.0,8,4,4441.1523607280615,0.8497329434820711,,,interpolation,0 days 00:01:09.810000,69.81,1757.836,0.0
2023-11-25 14:14:17.940,0 days 00:29:17.936000,2748.255874229505,-991.8611114751966,-229.0786038264219,,145.0,9494.0,64.0,0.0,8,4,4444.563611111114,0.8503856235960381,,,interpolation,0 days 00:01:09.910000,69.91,1757.936,0.0
2023-11-25 14:14:18.040,0 days 00:29:18.036000,2755.42364078954,-949.2898146384384,-229.1076591241385,,147.75,9637.5,66.5,0.0,8,4,4448.554389333432,0.851149185719153,,,interpolation,0 days 00:01:10.010000,70.01,1758.036,0.0
2023-11-25 14:14:18.140,0 days 00:29:18.136000,2761.0,-912.0,-228.0,,150.5,9781.0,69.0,0.0,8,4,4453.124695395014,0.8520236298514152,,,interpolation,0 days 00:01:10.110000,70.11,1758.136,0.0
2023-11-25 14:14:18.240,0 days 00:29:18.236000,2765.2344031913854,-881.1106550407898,-225.5744312107646,,153.25,9924.5,71.5,0.0,8,4,4457.74779264798,0.8529081746086508,,,interpolation,0 days 00:01:10.210000,70.21,1758.236,0.0
2023-11-25 14:14:18.340,0 days 00:29:18.336000,2769.0,-844.0,-224.0,,156.0,10068.0,74.0,0.0,8,4,4461.896944444447,0.853702038606685,,,interpolation,0 days 00:01:10.310000,70.31,1758.336,0.0
2023-11-25 14:14:18.440,0 days 00:29:18.436000,2773.0,-791.0,-225.0,,158.33333333333334,10189.666666666666,75.0,0.0,8,4,4465.572150784419,0.854405221845518,,,interpolation,0 days 00:01:10.410000,70.41,1758.436,0.0
2023-11-25 14:14:18.540,0 days 00:29:18.536000,2776.214757597946,-739.8332150792032,-225.8998958495245,,160.66666666666666,10311.333333333334,76.0,0.0,8,4,4468.913732593102,0.8550445721572272,,,interpolation,0 days 00:01:10.510000,70.51,1758.536,0.0
2023-11-25 14:14:18.640,0 days 00:29:18.636000,2778.4743309915,-693.4534203672895,-226.2539293727597,,163.0,10433.0,77.0,0.0,8,4,4472.763611111114,0.8557811757095138,,,interpolation,0 days 00:01:10.610000,70.61,1758.636,0.0
2023-11-25 14:14:18.740,0 days 00:29:18.736000,2778.996738889304,-648.5969154717309,-226.4809982096149,,164.5,10023.5,52.0,0.0,8,4,4477.262105826785,0.8566418800595351,,,interpolation,0 days 00:01:10.710000,70.71,1758.736,0.0
2023-11-25 14:14:18.840,0 days 00:29:18.836000,2777.0,-602.0,-227.0,,166.0,9614.0,27.0,0.0,8,4,4481.985833333337,0.8575456785677428,,,interpolation,0 days 00:01:10.810000,70.81,1758.836,0.0
2023-11-25 14:14:18.940,0 days 00:29:18.936000,2772.484114323589,-553.6626739520971,-227.8109347439149,,163.0,9778.0,21.0,1.0,8,4,4486.5114102239895,0.8584115645945888,,,interpolation,0 days 00:01:10.910000,70.91,1758.936,0.0
2023-11-25 14:14:19.040,0 days 00:29:19.036000,2765.6829807717545,-504.8330674979703,-228.87951332591865,,160.0,9942.0,15.0,1.0,8,4,4490.8747222222255,0.8592464042142285,,,interpolation,0 days 00:01:11.010000,71.01,1759.036,0.0
2023-11-25 14:14:19.140,0 days 00:29:19.136000,2758.0,-463.0,-230.0,,158.75,9873.5,14.75,0.0,8,4,4495.111655051532,0.8600570635008179,,,interpolation,0 days 00:01:11.110000,71.11,1759.136,0.0
2023-11-25 14:14:19.240,0 days 00:29:19.236000,2749.6690733151445,-429.4116144090529,-231.1381052995955,,157.5,9805.0,14.5,0.0,8,4,4499.222208711908,0.8608435424543568,,,interpolation,0 days 00:01:11.210000,71.21,1759.236,0.0
2023-11-25 14:14:19.340,0 days 00:29:19.336000,2738.0,-397.0,-232.0,,156.25,9736.5,14.25,0.0,8,4,4503.45381079411,0.8616531818003854,,,interpolation,0 days 00:01:11.310000,71.31,1759.336,0.0
2023-11-25 14:14:19.440,0 days 00:29:19.436000,2720.3025793373768,-358.6972460477125,-232.29185487650844,,155.0,9668.0,14.0,0.0,8,4,4508.053888888892,0.8625333222644443,,,car,0 days 00:01:11.410000,71.41,1759.436,0.0
2023-11-25 14:14:19.540,0 days 00:29:19.536000,2697.4854037652944,-316.1235448031574,-232.10639856142933,,153.0,9566.666666666666,13.333333333333334,0.0,8,4,4513.022442996257,0.8634839638465335,,,interpolation,0 days 00:01:11.510000,71.51,1759.536,0.0
2023-11-25 14:14:19.640,0 days 00:29:19.636000,2675.0,-279.0,-232.0,,151.0,9465.333333333334,12.666666666666666,0.0,8,4,4518.236019053169,0.8644814858788964,,,interpolation,0 days 00:01:11.610000,71.61,1759.636,0.0
2023-11-25 14:14:19.740,0 days 00:29:19.736000,2653.7549511755724,-248.9467872985236,-232.06538687499275,,149.0,9364.0,12.0,0.0,8,4,4522.953888888892,0.8653841636293659,,,interpolation,0 days 00:01:11.710000,71.71,1759.736,0.0
2023-11-25 14:14:19.840,0 days 00:29:19.836000,2621.0,-215.0,-232.0,,148.0,9341.666666666666,17.666666666666664,0.0,8,4,4527.052597176217,0.8661683761883091,,,interpolation,0 days 00:01:11.810000,71.81,1759.836,0.0
2023-11-25 14:14:19.940,0 days 00:29:19.936000,2563.9848891812712,-166.19573140570117,-231.5012801886145,,147.0,9319.333333333334,23.33333333333333,0.0,8,4,4530.634023744979,0.8668536163901651,,,interpolation,0 days 00:01:11.910000,71.91,1759.936,0.0
2023-11-25 14:14:20.040,0 days 00:29:20.036000,2507.0,-120.0,-231.0,,146.0,9297.0,29.0,0.0,8,4,4534.309444444448,0.8675568406427514,,,interpolation,0 days 00:01:12.010000,72.01,1760.036,0.0
2023-11-25 14:14:20.140,0 days 00:29:20.136000,2474.3357137368007,-93.87882426726952,-230.92693199332035,,146.5,9409.5,33.5,0.0,8,4,4538.180738061215,0.8682975415809018,,,interpolation,0 days 00:01:12.110000,72.11,1760.136,0.0
2023-11-25 14:14:20.240,0 days 00:29:20.236000,2465.992030391674,-87.83220420750976,-231.2820761685756,,147.0,9522.0,38.0,0.0,8,4,4542.476111111115,0.8691193823304602,,,interpolation,0 days 00:01:12.210000,72.21,1760.236,0.0
2023-11-25 14:14:20.340,0 days 00:29:20.336000,2460.4023318507097,-87.1194820439951,-231.746182259543,,148.5,9662.0,42.0,0.0,8,4,4547.423770109976,0.870066026017271,,,interpolation,0 days 00:01:12.310000,72.31,1760.336,0.0
2023-11-25 14:14:20.440,0 days 00:29:20.436000,2436.0,-77.0,-232.0,,150.0,9802.0,46.0,0.0,8,4,4552.476111111115,0.8710326986827566,,,interpolation,0 days 00:01:12.410000,72.41,1760.436,0.0
2023-11-25 14:14:20.540,0 days 00:29:20.536000,2392.785034839544,-57.47375807552442,-232.0435293899466,,154.66666666666666,10099.333333333334,60.333333333333336,0.0,8,4,4557.085530167844,0.8719146263683393,,,interpolation,0 days 00:01:12.510000,72.51,1760.536,0.0
2023-11-25 14:14:20.640,0 days 00:29:20.636000,2343.0,-37.0,-232.0,,159.33333333333334,10396.666666666666,74.66666666666667,0.0,8,4,4561.280478762894,0.8727172527427344,,,interpolation,0 days 00:01:12.610000,72.61,1760.636,0.0
2023-11-25 14:14:20.740,0 days 00:29:20.736000,2298.8874591120266,-24.037969502858324,-231.9926414007775,,164.0,10694.0,89.0,0.0,8,4,4565.23166666667,0.8734732399854634,,,interpolation,0 days 00:01:12.710000,72.71,1760.736,0.0
2023-11-25 14:14:20.840,0 days 00:29:20.836000,2256.0,-16.0,-232.0,,167.0,10896.666666666666,92.66666666666669,0.0,8,4,4568.967545653247,0.8741880318209851,,,interpolation,0 days 00:01:12.810000,72.81,1760.836,0.0
2023-11-25 14:14:20.940,0 days 00:29:20.936000,2209.890210488298,-10.298424907325632,-232.0006222053884,,170.0,11099.333333333334,96.33333333333331,0.0,8,4,4572.596074216143,0.8748822841244016,,,interpolation,0 days 00:01:12.910000,72.91,1760.936,0.0
2023-11-25 14:14:21.040,0 days 00:29:21.036000,2161.002129031724,-6.943859971652369,-231.9965460728013,,173.0,11302.0,100.0,0.0,8,4,4576.765000000004,0.8756799315117787,,,car,0 days 00:01:13.010000,73.01,1761.036,0.0
2023-11-25 14:14:21.140,0 days 00:29:21.136000,2112.0,-6.0,-232.0,,176.5,11368.0,100.0,0.0,8,4,4581.58228039286,0.8766016296467035,,,interpolation,0 days 00:01:13.110000,73.11,1761.136,0.0
2023-11-25 14:14:21.240,0 days 00:29:21.236000,2063.327866394908,-7.477460847891484,-232.01302206371304,,180.0,11434.0,100.0,0.0,8,4,4586.815000000003,0.8776028144458364,,,interpolation,0 days 00:01:13.210000,73.21,1761.236,0.0
2023-11-25 14:14:21.340,0 days 00:29:21.336000,2014.9857282164464,-11.37624251532682,-232.0356122639404,,182.33333333333331,11121.666666666666,100.0,0.0,8,4,4592.230243426727,0.8786389218258381,,,interpolation,0 days 00:01:13.310000,73.31,1761.336,0.0
2023-11-25 14:14:21.440,0 days 00:29:21.436000,1965.6507259297616,-16.836902925098748,-232.04039633219756,,184.66666666666663,10809.333333333334,100.0,0.0,8,4,4597.809001902727,0.8797063148076024,,,interpolation,0 days 00:01:13.410000,73.41,1761.436,0.0
2023-11-25 14:14:21.540,0 days 00:29:21.536000,1914.0,-23.0,-232.0,,187.0,10497.0,100.0,0.0,8,4,4603.4372222222255,0.8807831714047647,,,interpolation,0 days 00:01:13.510000,73.51,1761.536,0.0
2023-11-25 14:14:21.640,0 days 00:29:21.636000,1860.0,-30.0,-232.0,,193.0,10702.0,100.0,0.0,8,5,4609.09589542027,0.8818658546009766,,,interpolation,0 days 00:01:13.610000,73.61,1761.636,0.0
2023-11-25 14:14:21.740,0 days 00:29:21.736000,1803.4494223361176,-38.64370461573289,-232.55385935703637,,199.0,10907.0,100.0,0.0,8,5,4614.49277777778,0.8828984489275811,,,interpolation,0 days 00:01:13.710000,73.71,1761.736,0.0
2023-11-25 14:14:21.840,0 days 00:29:21.836000,1739.0,-49.0,-233.0,,202.0,11094.5,100.0,0.0,8,5,4619.335625575681,0.8838250389159215,,,interpolation,0 days 00:01:13.810000,73.81,1761.836,0.0
2023-11-25 14:14:21.940,0 days 00:29:21.936000,1661.337016754013,-61.00330466869165,-232.5912662488195,,205.0,11282.0,100.0,0.0,8,5,4625.881666666669,0.8850775036621408,,,interpolation,0 days 00:01:13.910000,73.91,1761.936,0.0
2023-11-25 14:14:22.040,0 days 00:29:22.036000,1587.0,-72.0,-232.0,,211.0,10958.0,100.0,0.0,8,5,4635.259444444447,0.8868717692191832,,,interpolation,0 days 00:01:14.010000,74.01,1762.036,0.0
2023-11-25 14:14:22.140,0 days 00:29:22.136000,1532.5284771398055,-79.33646737211717,-231.8985431500468,,211.0,10633.0,100.0,0.0,8,5,4640.696817481719,0.8879121106937583,,,interpolation,0 days 00:01:14.110000,74.11,1762.136,0.0
2023-11-25 14:14:22.240,0 days 00:29:22.236000,1481.0,-86.0,-232.0,,211.0,10308.0,100.0,0.0,8,5,4644.637222222225,0.8886660347762257,,,interpolation,0 days 00:01:14.210000,74.21,1762.236,0.0
2023-11-25 14:14:22.340,0 days 00:29:22.336000,1415.4921204071543,-94.97789109860533,-232.0174748508997,,214.66666666666663,10436.666666666666,100.0,0.0,8,5,4650.652791126488,0.8898170034115149,,,interpolation,0 days 00:01:14.310000,74.31,1762.336,0.0
2023-11-25 14:14:22.440,0 days 00:29:22.436000,1349.0,-104.0,-232.0,,218.33333333333331,10565.333333333334,100.0,0.0,8,5,4658.239207485833,0.8912685248590811,,,interpolation,0 days 00:01:14.410000,74.41,1762.436,0.0
2023-11-25 14:14:22.540,0 days 00:29:22.536000,1294.518800417269,-110.796186036251,-231.9966077445551,,222.0,10694.0,100.0,0.0,8,5,4664.370555555558,0.8924416457114238,,,interpolation,0 days 00:01:14.510000,74.51,1762.536,0.0
2023-11-25 14:14:22.640,0 days 00:29:22.636000,1237.0,-118.0,-232.0,,225.0,10762.0,100.0,0.0,8,6,4668.542513462761,0.8932398732399184,,,interpolation,0 days 00:01:14.610000,74.61,1762.636,0.0
2023-11-25 14:14:22.740,0 days 00:29:22.736000,1161.3950770892327,-128.24499268388874,-232.00287868176997,,228.0,10830.0,100.0,0.0,8,6,4674.503888888891,0.8943804729484175,,,interpolation,0 days 00:01:14.710000,74.71,1762.736,0.0
2023-11-25 14:14:22.840,0 days 00:29:22.836000,1072.1565871771695,-140.88022028624792,-232.00445542319085,,234.0,11074.0,100.0,0.0,8,6,4684.903888888892,0.8963703219548058,,,interpolation,0 days 00:01:14.810000,74.81,1762.836,0.0
2023-11-25 14:14:22.940,0 days 00:29:22.936000,996.0,-152.0,-232.0,,236.0,11172.333333333334,100.0,0.0,8,6,4693.144875923889,0.897947083480118,,,interpolation,0 days 00:01:14.910000,74.91,1762.936,0.0
2023-11-25 14:14:23.040,0 days 00:29:23.036000,937.3779166443284,-160.9533813577771,-231.9887240374505,,238.0,11270.666666666666,100.0,0.0,8,6,4698.54052337629,0.8989794415303086,,,interpolation,0 days 00:01:15.010000,75.01,1763.036,0.0
2023-11-25 14:14:23.140,0 days 00:29:23.136000,896.2903371101544,-167.74036435957913,-231.97062753554235,,240.0,11369.0,100.0,0.0,8,6,4703.570555555559,0.8999418458124258,,,interpolation,0 days 00:01:15.110000,75.11,1763.136,0.0
2023-11-25 14:14:23.240,0 days 00:29:23.236000,859.0575890209033,-174.40716518159164,-231.967217265863,,241.0,11369.0,100.0,0.0,8,6,4708.64826196264,0.9009133716825086,,,interpolation,0 days 00:01:15.210000,75.21,1763.236,0.0
2023-11-25 14:14:23.340,0 days 00:29:23.336000,812.0,-183.0,-232.0,,242.0,11369.0,100.0,0.0,8,6,4714.326111111114,0.9019997238446734,,,interpolation,0 days 00:01:15.310000,75.31,1763.336,0.0
2023-11-25 14:14:23.440,0 days 00:29:23.436000,755.1175700474448,-193.51886881480425,-232.06897573795337,,244.0,10996.0,100.0,0.0,8,6,4721.156571514562,0.9033066070030364,,,interpolation,0 days 00:01:15.410000,75.41,1763.436,0.0
2023-11-25 14:14:23.540,0 days 00:29:23.536000,692.0,-205.0,-232.0,,246.0,10623.0,100.0,0.0,8,6,4728.928001280491,0.9047935273682238,,,interpolation,0 days 00:01:15.510000,75.51,1763.536,0.0
2023-11-25 14:14:23.640,0 days 00:29:23.636000,626.2369906944288,-216.4796219295828,-231.61892830641693,,248.0,10250.0,100.0,0.0,8,6,4736.370555555558,0.9062175234479578,,,interpolation,0 days 00:01:15.610000,75.61,1763.636,0.0
2023-11-25 14:14:23.740,0 days 00:29:23.736000,557.0,-228.0,-231.0,,249.5,10336.0,100.0,0.0,8,6,4743.272594614473,0.9075381018675188,,,interpolation,0 days 00:01:15.710000,75.71,1763.736,0.0
2023-11-25 14:14:23.840,0 days 00:29:23.836000,483.4604857859825,-239.60339960769895,-230.21745442354504,,251.0,10422.0,100.0,0.0,8,6,4749.634118457236,0.908755262626907,,,interpolation,0 days 00:01:15.810000,75.81,1763.836,0.0
2023-11-25 14:14:23.940,0 days 00:29:23.936000,405.0,-250.0,-229.0,,252.5,10508.0,100.0,0.0,8,6,4755.71386084916,0.9099185096805288,,,interpolation,0 days 00:01:15.910000,75.91,1763.936,0.0
2023-11-25 14:14:24.040,0 days 00:29:24.036000,321.00009458967617,-257.89998042422326,-227.0763451523128,,254.0,10594.0,100.0,0.0,8,6,4761.770555555558,0.9110773469827904,,,interpolation,0 days 00:01:16.010000,76.01,1764.036,0.0
2023-11-25 14:14:24.140,0 days 00:29:24.136000,239.0,-262.0,-225.0,,255.0,10653.0,100.0,0.0,8,7,4767.804202576429,0.9122317745336924,,,interpolation,0 days 00:01:16.110000,76.11,1764.136,0.0
2023-11-25 14:14:24.240,0 days 00:29:24.236000,166.53894667596057,-260.99671784696136,-223.3244746625785,,256.0,10712.0,100.0,0.0,8,7,4775.99277777778,0.9137985080171678,,,interpolation,0 days 00:01:16.210000,76.21,1764.236,0.0
2023-11-25 14:14:24.340,0 days 00:29:24.336000,100.92426277940352,-253.9812143788461,-222.0302264697418,,258.0,10806.0,100.0,0.0,8,7,4787.459444444447,0.9159924441011342,,,interpolation,0 days 00:01:16.310000,76.31,1764.336,0.0
2023-11-25 14:14:24.440,0 days 00:29:24.436000,26.0,-235.5,-221.0,,259.0,10806.0,100.0,0.0,8,7,4795.875359493153,0.917602674889357,,,interpolation,0 days 00:01:16.410000,76.41,1764.436,0.0
2023-11-25 14:14:24.540,0 days 00:29:24.536000,-60.926485927585794,-204.64416443145052,-220.21425278316255,,260.0,10806.0,100.0,0.0,8,7,4801.903888888891,0.9187561232766734,,,interpolation,0 days 00:01:16.510000,76.51,1764.536,0.0
2023-11-25 14:14:24.640,0 days 00:29:24.636000,-159.85519500335386,-161.4137076731979,-219.6729848192296,,260.0,10856.0,100.0,0.0,8,7,4807.2632003765975,0.9197815291073214,,,interpolation,0 days 00:01:16.610000,76.61,1764.636,0.0
2023-11-25 14:14:24.740,0 days 00:29:24.736000,-253.106306577445,-116.60139707834628,-219.29522444568184,,260.0,10906.0,100.0,0.0,8,7,4813.459444444447,0.9209670666171048,,,interpolation,0 days 00:01:16.710000,76.71,1764.736,0.0
2023-11-25 14:14:24.840,0 days 00:29:24.836000,-323.0,-81.0,-219.0,,261.5,10890.0,100.0,0.0,8,7,4821.998771580612,0.922600910041828,,,interpolation,0 days 00:01:16.810000,76.81,1764.836,0.0
2023-11-25 14:14:24.940,0 days 00:29:24.936000,-369.5362752710189,-54.60951643815901,-218.78731148218407,,263.0,10874.0,100.0,0.0,8,7,4830.99277777778,0.9243217479547978,,,interpolation,0 days 00:01:16.910000,76.91,1764.936,0.0
2023-11-25 14:14:25.040,0 days 00:29:25.036000,-392.7151323905016,-37.42994639282336,-218.65715889223424,,263.3333333333333,10943.333333333334,100.0,0.0,8,7,4838.55305902864,0.9257682689293208,,,interpolation,0 days 00:01:17.010000,77.01,1765.036,0.0
2023-11-25 14:14:25.140,0 days 00:29:25.136000,-410.7864233147335,-16.53540315107601,-218.69842685616723,,263.6666666666667,11012.666666666666,100.0,0.0,8,7,4844.918912196618,0.926986258025582,,,interpolation,0 days 00:01:17.110000,77.11,1765.136,0.0
2023-11-25 14:14:25.240,0 days 00:29:25.236000,-442.0,21.0,-219.0,,264.0,11082.0,100.0,0.0,8,7,4851.526111111114,0.9282504241981798,,,interpolation,0 days 00:01:17.210000,77.21,1765.236,0.0
2023-11-25 14:14:25.340,0 days 00:29:25.336000,-486.3558624463012,75.1762630604047,-219.56187832373263,,264.0,11098.5,100.0,0.0,8,7,4858.613950185167,0.929606552038463,,,interpolation,0 days 00:01:17.310000,77.31,1765.336,0.0
2023-11-25 14:14:25.440,0 days 00:29:25.436000,-534.0,138.0,-220.0,,264.0,11115.0,100.0,0.0,8,7,4866.19277777778,0.9310566215148812,,,interpolation,0 days 00:01:17.410000,77.41,1765.436,0.0
2023-11-25 14:14:25.540,0 days 00:29:25.536000,-576.0,202.0,-220.0,,263.75,11077.5,100.0,0.0,8,7,4874.272942247955,0.9326026125958842,,,interpolation,0 days 00:01:17.510000,77.51,1765.536,0.0
2023-11-25 14:14:25.640,0 days 00:29:25.636000,-617.8854220901525,270.3092982873493,-219.98005697403173,,263.5,11040.0,100.0,0.0,8,7,4882.854443595696,0.9342445252814726,,,interpolation,0 days 00:01:17.610000,77.61,1765.636,0.0
2023-11-25 14:14:25.740,0 days 00:29:25.736000,-661.7914925009532,344.8475917946726,-219.99993029540457,,263.25,11002.5,100.0,0.0,8,7,4891.141223145588,0.9358300483635412,,,interpolation,0 days 00:01:17.710000,77.71,1765.736,0.0
2023-11-25 14:14:25.840,0 days 00:29:25.836000,-715.0,434.0,-220.0,,263.0,10965.0,100.0,0.0,8,7,4898.337222222225,0.9372068706339852,,,interpolation,0 days 00:01:17.810000,77.81,1765.836,0.0
2023-11-25 14:14:25.940,0 days 00:29:25.936000,-778.7245698347771,539.1640356610467,-219.97032947800727,,263.5,10953.5,100.0,0.0,8,7,4904.442440825605,0.9383749920928044,,,interpolation,0 days 00:01:17.910000,77.91,1765.936,0.0
2023-11-25 14:14:26.040,0 days 00:29:26.036000,-837.0,635.0,-220.0,,264.0,10942.0,100.0,0.0,8,7,4909.997222222224,0.9394377975007624,,,interpolation,0 days 00:01:18.010000,78.01,1766.036,0.0
2023-11-25 14:14:26.140,0 days 00:29:26.136000,-873.8610884903849,696.1681942390472,-220.17809283655188,,264.6666666666667,10984.666666666666,100.0,0.0,8,7,4915.541909678575,0.9404986716186234,,,interpolation,0 days 00:01:18.110000,78.11,1766.136,0.0
2023-11-25 14:14:26.240,0 days 00:29:26.236000,-889.3078353059318,722.6686183781885,-220.5046079876629,,265.3333333333333,11027.333333333334,100.0,0.0,8,7,4921.530402572082,0.941644459756499,,,interpolation,0 days 00:01:18.210000,78.21,1766.236,0.0
2023-11-25 14:14:26.340,0 days 00:29:26.336000,-898.6006644685127,740.5847333282354,-220.82881914494249,,266.0,11070.0,100.0,0.0,8,7,4930.686111111113,0.943396236442958,,,interpolation,0 days 00:01:18.310000,78.31,1766.336,0.0
2023-11-25 14:14:26.440,0 days 00:29:26.436000,-917.0,776.0,-221.0,,264.0,10817.0,0.0,0.0,8,7,4942.419444444446,0.9456411942963188,,,interpolation,0 days 00:01:18.410000,78.41,1766.436,0.0
2023-11-25 14:14:26.540,0 days 00:29:26.536000,-944.5058419003936,828.9144183934818,-221.0181505528355,,254.33333333333331,10389.333333333334,0.0,1.0,8,7,4950.469401256221,0.9471814056966436,,,interpolation,0 days 00:01:18.510000,78.51,1766.536,0.0
2023-11-25 14:14:26.640,0 days 00:29:26.636000,-975.0,891.0,-221.0,,244.66666666666663,9961.666666666666,0.0,1.0,8,7,4954.425522988271,0.9479383369368044,,,interpolation,0 days 00:01:18.610000,78.61,1766.636,0.0
2023-11-25 14:14:26.740,0 days 00:29:26.736000,-1002.3642841291248,953.9287563108728,-221.0622775380444,,235.0,9534.0,0.0,1.0,8,7,4958.086111111113,0.94863872324825,,,interpolation,0 days 00:01:18.710000,78.71,1766.736,0.0
2023-11-25 14:14:26.840,0 days 00:29:26.836000,-1026.5986942877685,1017.7006873261008,-221.2049831669688,,225.77777777777777,9504.555555555557,0.0,1.0,8,7,4962.084219111057,0.949403687789704,,,interpolation,0 days 00:01:18.810000,78.81,1766.836,0.0
2023-11-25 14:14:26.940,0 days 00:29:26.936000,-1047.703230475931,1082.3157930456837,-221.42811688677304,,216.55555555555557,9475.111111111111,0.0,1.0,8,7,4966.419846988101,0.950233230561166,,,interpolation,0 days 00:01:18.910000,78.91,1766.936,0.0
2023-11-25 14:14:27.040,0 days 00:29:27.036000,-1065.6778926936124,1147.7740734696215,-221.7316786974573,,207.33333333333331,9445.666666666666,0.0,1.0,8,7,4971.0929947422455,0.9511273515626362,,,interpolation,0 days 00:01:19.010000,79.01,1767.036,0.0
2023-11-25 14:14:27.140,0 days 00:29:27.136000,-1080.5226809408127,1214.0755285979149,-222.11566859902155,,198.11111111111111,9416.222222222224,0.0,1.0,8,7,4976.1036623734935,0.9520860507941148,,,interpolation,0 days 00:01:19.110000,79.11,1767.136,0.0
2023-11-25 14:14:27.240,0 days 00:29:27.236000,-1092.725654712748,1278.6109414383743,-222.49040501266404,,188.88888888888889,9386.777777777776,0.0,1.0,8,7,4981.3580187750285,0.9530913753965,,,interpolation,0 days 00:01:19.210000,79.21,1767.236,0.0
2023-11-25 14:14:27.340,0 days 00:29:27.336000,-1102.7748735046337,1338.7710949988127,-222.76620635958307,,179.66666666666669,9357.333333333334,0.0,1.0,8,7,4986.293074423481,0.9540356076636676,,,interpolation,0 days 00:01:19.310000,79.31,1767.336,0.0
2023-11-25 14:14:27.440,0 days 00:29:27.436000,-1110.6703373164714,1394.55598927923,-222.9430726397788,,170.44444444444446,9327.888888888889,0.0,1.0,8,7,4990.814997251202,0.9549007945526776,,,interpolation,0 days 00:01:19.410000,79.41,1767.436,0.0
2023-11-25 14:14:27.540,0 days 00:29:27.536000,-1116.41204614826,1445.9656242796257,-223.02100385325107,,161.22222222222223,9298.444444444443,0.0,1.0,8,7,4994.923787258189,0.9556869360635298,,,interpolation,0 days 00:01:19.510000,79.51,1767.536,0.0
2023-11-25 14:14:27.640,0 days 00:29:27.636000,-1120.0,1493.0,-223.0,,152.0,9269.0,0.0,1.0,8,7,4998.619444444445,0.9563940321962244,,,interpolation,0 days 00:01:19.610000,79.61,1767.636,0.0
2023-11-25 14:14:27.740,0 days 00:29:27.736000,-1121.434198871691,1535.659116440353,-222.8800610800255,,150.0,9120.5,0.0,1.0,8,4,5001.90196880997,0.9570220829507616,,,interpolation,0 days 00:01:19.710000,79.71,1767.736,0.0
2023-11-25 14:14:27.840,0 days 00:29:27.836000,-1120.7146427633334,1573.9429736006846,-222.66118709332764,,148.0,8972.0,0.0,1.0,8,4,5005.238333333335,0.9576604350307388,,,interpolation,0 days 00:01:19.810000,79.81,1767.836,0.0
2023-11-25 14:14:27.940,0 days 00:29:27.936000,-1118.135995099545,1607.7098513244491,-222.36693994709984,,145.5,8821.5,0.0,1.0,8,4,5009.095510993111,0.9583984351397554,,,interpolation,0 days 00:01:19.910000,79.91,1767.936,0.0
2023-11-25 14:14:28.040,0 days 00:29:28.036000,-1115.4662273760073,1636.1094330260005,-222.13869036068368,,143.0,8671.0,0.0,1.0,8,4,5013.182777777779,0.9591804585772856,,,interpolation,0 days 00:01:20.010000,80.01,1768.036,0.0
2023-11-25 14:14:28.140,0 days 00:29:28.136000,-1113.0,1659.0,-222.0,,140.5,8540.0,0.0,1.0,8,4,5017.209409675815,0.9599508806428044,,,interpolation,0 days 00:01:20.110000,80.11,1768.136,0.0
2023-11-25 14:14:28.240,0 days 00:29:28.236000,-1110.7373129715231,1676.381552246447,-221.95086886504868,,138.0,8409.0,0.0,1.0,8,4,5020.849444444446,0.9606473344473796,,,interpolation,0 days 00:01:20.210000,80.21,1768.236,0.0
2023-11-25 14:14:28.340,0 days 00:29:28.336000,-1108.4756589374472,1689.7410267788823,-221.97782087957123,,137.0,8399.5,0.0,1.0,8,4,5023.7769198409005,0.9612074531020776,,,interpolation,0 days 00:01:20.310000,80.31,1768.336,0.0
2023-11-25 14:14:28.440,0 days 00:29:28.436000,-1105.0,1708.0,-222.0,,136.0,8390.0,0.0,1.0,8,4,5026.893888888891,0.9618038278869898,,,interpolation,0 days 00:01:20.410000,80.41,1768.436,0.0
2023-11-25 14:14:28.540,0 days 00:29:28.536000,-1100.1078308797164,1732.645393697183,-222.00393028807068,,133.5,8243.5,0.0,1.0,8,4,5031.102404612131,0.9626090500822072,,,interpolation,0 days 00:01:20.510000,80.51,1768.536,0.0
2023-11-25 14:14:28.640,0 days 00:29:28.636000,-1091.0,1763.0,-222.0,,131.0,8097.0,0.0,1.0,8,4,5035.627222222224,0.963474790834662,,,interpolation,0 days 00:01:20.610000,80.61,1768.636,0.0
2023-11-25 14:14:28.740,0 days 00:29:28.736000,-1074.8773557842544,1798.386611038021,-221.9985973920048,,130.33333333333334,8178.0,14.000000000000002,0.0,8,4,5039.693096930768,0.9642527212912866,,,interpolation,0 days 00:01:20.710000,80.71,1768.736,0.0
2023-11-25 14:14:28.840,0 days 00:29:28.836000,-1053.1190460422306,1836.8879169868328,-221.9993474413383,,129.66666666666666,8259.0,28.000000000000004,0.0,8,4,5043.371791964554,0.9649565720276118,,,interpolation,0 days 00:01:20.810000,80.81,1768.836,0.0
2023-11-25 14:14:28.940,0 days 00:29:28.936000,-1034.0,1867.0,-222.0,,129.0,8340.0,42.0,0.0,8,4,5047.093888888891,0.9656687269186286,,,interpolation,0 days 00:01:20.910000,80.91,1768.936,0.0
2023-11-25 14:14:29.040,0 days 00:29:29.036000,-1018.8993795898598,1886.805530619757,-222.0001800414031,,130.0,8544.0,49.0,0.0,8,4,5050.9311516654325,0.9664029166804698,,,interpolation,0 days 00:01:21.010000,81.01,1769.036,0.0
2023-11-25 14:14:29.140,0 days 00:29:29.136000,-1005.7334648476424,1898.0270775392248,-221.9999850578321,,131.0,8748.0,56.0,0.0,8,4,5054.869807741286,0.96715650618807,,,interpolation,0 days 00:01:21.110000,81.11,1769.136,0.0
2023-11-25 14:14:29.240,0 days 00:29:29.236000,-982.0,1911.0,-222.0,,132.0,8952.0,63.0,0.0,8,4,5058.827222222224,0.9679136847719896,,,interpolation,0 days 00:01:21.210000,81.21,1769.236,0.0
2023-11-25 14:14:29.340,0 days 00:29:29.336000,-945.6152864199488,1927.4468490561903,-222.00032235919295,,135.0,9105.0,63.0,0.0,8,4,5062.789622696389,0.9686718173341464,,,interpolation,0 days 00:01:21.310000,81.31,1769.336,0.0
2023-11-25 14:14:29.440,0 days 00:29:29.436000,-898.5913046773915,1946.1718146834185,-222.00074221072165,,138.0,9258.0,63.0,0.0,8,4,5066.493888888891,0.9693805606420836,,,interpolation,0 days 00:01:21.410000,81.41,1769.436,0.0
2023-11-25 14:14:29.540,0 days 00:29:29.536000,-853.0,1960.0,-222.0,,140.25,9377.5,65.75,0.0,8,4,5069.676900524841,0.969989571463345,,,interpolation,0 days 00:01:21.510000,81.51,1769.536,0.0
2023-11-25 14:14:29.640,0 days 00:29:29.636000,-810.8533735604642,1967.7355827364004,-221.99788580018893,,142.5,9497.0,68.5,0.0,8,4,5072.338657604239,0.97049884979793,,,interpolation,0 days 00:01:21.610000,81.61,1769.636,0.0
2023-11-25 14:14:29.740,0 days 00:29:29.736000,-769.0,1972.0,-222.0,,144.75,9616.5,71.25,0.0,8,4,5075.344696992629,0.9710740002296756,,,interpolation,0 days 00:01:21.710000,81.71,1769.736,0.0
2023-11-25 14:14:29.840,0 days 00:29:29.836000,-724.2884539598239,1975.4146888981795,-222.01194298814488,,147.0,9736.0,74.0,0.0,8,4,5079.560555555558,0.9718806273424176,,,interpolation,0 days 00:01:21.810000,81.81,1769.836,0.0
2023-11-25 14:14:29.940,0 days 00:29:29.936000,-682.0,1978.0,-222.0,,154.0,10168.0,82.66666666666667,0.0,8,4,5084.986233293024,0.972918731136156,,,interpolation,0 days 00:01:21.910000,81.91,1769.936,0.0
2023-11-25 14:14:30.040,0 days 00:29:30.036000,-647.4159026805928,1979.7762838745216,-221.93045627094196,,161.0,10600.0,91.33333333333331,0.0,8,4,5091.27656574586,0.9741222707304952,,,interpolation,0 days 00:01:22.010000,82.01,1770.036,0.0
2023-11-25 14:14:30.140,0 days 00:29:30.136000,-601.0,1984.0,-222.0,,168.0,11032.0,100.0,0.0,8,4,5096.360555555558,0.9750949988142754,,,interpolation,0 days 00:01:22.110000,82.11,1770.136,0.0
2023-11-25 14:14:30.240,0 days 00:29:30.236000,-523.2161299566199,1993.927607854689,-222.40531938620356,,169.66666666666666,10892.0,100.0,0.0,8,4,5099.893034728448,0.9757708738308392,,,interpolation,0 days 00:01:22.210000,82.21,1770.236,0.0
2023-11-25 14:14:30.340,0 days 00:29:30.336000,-441.0,2005.0,-223.0,,171.33333333333334,10752.0,100.0,0.0,8,4,5102.495164020871,0.9762687434834376,,,interpolation,0 days 00:01:22.310000,82.31,1770.336,0.0
2023-11-25 14:14:30.440,0 days 00:29:30.436000,-381.2873175796886,2012.658068997343,-223.63762741183692,,173.0,10612.0,100.0,0.0,8,4,5107.893888888891,0.9773016903405906,,,interpolation,0 days 00:01:22.410000,82.41,1770.436,0.0
2023-11-25 14:14:30.540,0 days 00:29:30.536000,-344.0780826956856,2016.901814846718,-224.3182016217144,,182.0,10093.0,100.0,0.0,8,4,5115.982777777779,0.9788493506788924,,,interpolation,0 days 00:01:22.510000,82.51,1770.536,0.0
2023-11-25 14:14:30.640,0 days 00:29:30.636000,-324.9934707532596,2018.2453509020283,-225.0170185292371,,185.0,10248.4,100.0,0.0,8,4,5122.396337336413,0.9800764675168888,,,interpolation,0 days 00:01:22.610000,82.61,1770.636,0.0
2023-11-25 14:14:30.740,0 days 00:29:30.736000,-297.7603996660726,2019.7733730803052,-225.5858527731211,,188.0,10403.8,100.0,0.0,8,4,5126.406989064823,0.9808438320704218,,,interpolation,0 days 00:01:22.710000,82.71,1770.736,0.0
2023-11-25 14:14:30.840,0 days 00:29:30.836000,-258.0,2022.0,-226.0,,191.0,10559.2,100.0,0.0,8,4,5128.656292666641,0.9812741950066856,,,interpolation,0 days 00:01:22.810000,82.81,1770.836,0.0
2023-11-25 14:14:30.940,0 days 00:29:30.936000,-205.71227175504168,2024.925231661111,-226.2594602098736,,194.0,10714.6,100.0,0.0,8,4,5132.993626072473,0.9821040640997596,,,interpolation,0 days 00:01:22.910000,82.91,1770.936,0.0
2023-11-25 14:14:31.040,0 days 00:29:31.036000,-150.0,2028.0,-227.0,,197.0,10870.0,100.0,0.0,8,4,5140.060555555557,0.9834561912738105,,,interpolation,0 days 00:01:23.010000,83.01,1771.036,0.0
2023-11-25 14:14:31.140,0 days 00:29:31.136000,-99.96596980367754,2030.675236953028,-228.85738596763736,,204.0,11097.0,100.0,0.0,8,5,5149.127222222224,0.985190931433226,,,interpolation,0 days 00:01:23.110000,83.11,1771.136,0.0
2023-11-25 14:14:31.240,0 days 00:29:31.236000,-52.95100867750395,2033.0812624418677,-231.61798590471432,,207.0,11177.0,100.0,0.0,8,5,5155.814495131643,0.986470418294212,,,interpolation,0 days 00:01:23.210000,83.21,1771.236,0.0
2023-11-25 14:14:31.340,0 days 00:29:31.336000,7.0,2036.0,-234.0,,210.0,11257.0,100.0,0.0,8,5,5160.79388888889,0.9874231338442384,,,interpolation,0 days 00:01:23.310000,83.31,1771.336,0.0
2023-11-25 14:14:31.440,0 days 00:29:31.436000,82.54625594747026,2039.5617708835823,-235.78979385781832,,211.5,10697.0,100.0,0.0,8,5,5165.466769519003,0.9883172037364306,,,interpolation,0 days 00:01:23.410000,83.41,1771.436,0.0
2023-11-25 14:14:31.540,0 days 00:29:31.536000,160.0,2043.0,-237.0,,213.0,10137.0,100.0,0.0,8,5,5170.260555555557,0.9892344066577456,,,interpolation,0 days 00:01:23.510000,83.51,1771.536,0.0
2023-11-25 14:14:31.640,0 days 00:29:31.636000,225.67347299268252,2045.548112256639,-237.643250948376,,216.0,10273.0,100.0,0.0,8,5,5175.602665532134,0.9902565212951406,,,interpolation,0 days 00:01:23.610000,83.61,1771.636,0.0
2023-11-25 14:14:31.740,0 days 00:29:31.736000,283.4911765657148,2047.875667028856,-237.8052261883188,,219.0,10409.0,100.0,0.0,8,5,5181.44813984159,0.9913749454534616,,,interpolation,0 days 00:01:23.710000,83.71,1771.736,0.0
2023-11-25 14:14:31.840,0 days 00:29:31.836000,357.0,2054.0,-238.0,,222.0,10545.0,100.0,0.0,8,5,5187.527222222224,0.992538066226044,,,interpolation,0 days 00:01:23.810000,83.81,1771.836,0.0
2023-11-25 14:14:31.940,0 days 00:29:31.936000,450.124404749044,2064.590663689174,-238.31325099143885,,225.0,10662.0,100.0,0.0,8,6,5193.79495352728,0.9937372815058204,,,interpolation,0 days 00:01:23.910000,83.91,1771.936,0.0
2023-11-25 14:14:32.040,0 days 00:29:32.036000,557.1733037727782,2078.6286634388243,-238.71218099529904,,228.0,10779.0,100.0,0.0,8,6,5200.19388888889,0.994961600272286,,,interpolation,0 days 00:01:24.010000,84.01,1772.036,0.0
2023-11-25 14:14:32.140,0 days 00:29:32.136000,644.0,2090.0,-239.0,,230.25,10886.5,100.0,0.0,8,6,5206.666583439189,0.996200031504937,,,interpolation,0 days 00:01:24.110000,84.11,1772.136,0.0
2023-11-25 14:14:32.240,0 days 00:29:32.236000,704.9133481136108,2097.685668280588,-239.14390950235048,,232.5,10994.0,100.0,0.0,8,6,5213.213037178179,0.9974525752037728,,,interpolation,0 days 00:01:24.210000,84.21,1772.236,0.0
2023-11-25 14:14:32.328,0 days 00:29:32.324000,737.0815727958465,2101.4002715603056,-239.1515079241645,,234.48,11088.6,100.0,0.0,8,6,5219.034932843944,0.9985664880216404,,,interpolation,0 days 00:01:24.298000,84.298,1772.324,0.0
