Date,SessionTime,X,Y,Z,Status,Speed,RPM,Throttle,Brake,DRS,nGear,Distance,RelativeDistance,DriverAhead,DistanceToDriverAhead,Source,Time,TimeSeconds,SessionTimeSeconds,DRSActive
2023-11-25 14:30:09.999,0 days 00:45:09.995000,607.5480062223519,2084.4450203550323,-239.0219960809153,OnTrack,233.70666666666668,10693.453333333331,100.0,0.0,8,5,3.5069613180106582,0.0006725375983911,,311.2366666666666,interpolation,0 days 00:00:00,0.0,2709.995,0.0
2023-11-25 14:30:10.083,0 days 00:45:10.079000,663.7735233063468,2091.4605837439503,-239.19081124355827,OnTrack,235.66666666666663,10692.333333333334,100.0,0.0,8,5,9.42172793998026,0.0018068252560719,,311.2366666666666,interpolation,0 days 00:00:00.084000,0.084,2710.079,0.0
2023-11-25 14:30:10.183,0 days 00:45:10.179000,723.1885419461541,2098.805675959521,-239.4583794641614,OnTrack,238.0,10691.0,100.0,0.0,8,5,16.343055555555562,0.003134143304421,,311.2366666666666,interpolation,0 days 00:00:00.184000,0.184,2710.179,0.0
2023-11-25 14:30:10.283,0 days 00:45:10.279000,787.0,2106.5,-239.5,OnTrack,240.25,10784.75,100.0,0.0,8,5,23.133858934854317,0.0044364304361339,,311.2366666666666,interpolation,0 days 00:00:00.284000,0.284,2710.279,0.0
2023-11-25 14:30:10.383,0 days 00:45:10.379000,857.3337323655514,2114.787677674168,-239.26522181579736,OnTrack,242.5,10878.5,100.0,0.0,8,5,29.794138077876514,0.0057136866512106,,311.2366666666666,interpolation,0 days 00:00:00.384000,0.384,2710.379,0.0
2023-11-25 14:30:10.483,0 days 00:45:10.479000,929.0,2123.0,-239.0,OnTrack,244.75,10972.25,100.0,0.0,8,6,36.58998707084936,0.0070169413912302,,311.2366666666666,interpolation,0 days 00:00:00.484000,0.484,2710.479,0.0
2023-11-25 14:30:10.583,0 days 00:45:10.579000,996.8090638605375,2130.468257995473,-238.95028964105444,OnTrack,247.0,11066.0,100.0,0.0,8,6,43.78750000000001,0.0083972240977718,,311.2366666666666,interpolation,0 days 00:00:00.584000,0.584,2710.579,0.0
2023-11-25 14:30:10.683,0 days 00:45:10.679000,1066.0,2138.0,-239.0,OnTrack,249.25,11156.75,100.0,0.0,8,6,51.386676865328496,0.0098545347708353,,307.78388888888884,interpolation,0 days 00:00:00.684000,0.684,2710.679,0.0
2023-11-25 14:30:10.783,0 days 00:45:10.779000,1141.8118844712226,2146.4027743529937,-239.0330403378761,OnTrack,251.5,11247.5,100.0,0.0,8,6,59.3875176668348,0.0113888734104207,,304.33111111111106,interpolation,0 days 00:00:00.784000,0.784,2710.779,0.0
2023-11-25 14:30:10.883,0 days 00:45:10.879000,1221.5448749022253,2155.363088861696,-239.04395386378803,OnTrack,253.75,11338.25,100.0,0.0,8,6,67.41057185714594,0.0129274719598836,18.0,300.8783333333333,interpolation,0 days 00:00:00.884000,0.884,2710.879,0.0
2023-11-25 14:30:10.983,0 days 00:45:10.979000,1289.0,2163.0,-239.0,OnTrack,256.0,11429.0,100.0,0.0,8,6,75.0763888888889,0.0143975623625799,18.0,297.4255555555555,interpolation,0 days 00:00:00.984000,0.984,2710.979,0.0
2023-11-25 14:30:11.083,0 days 00:45:11.079000,1341.4774450388109,2169.000018785291,-238.8957220114945,OnTrack,257.5,11511.5,100.0,0.0,8,6,82.38496876206372,0.0157991446185094,18.0,294.11999999999995,interpolation,0 days 00:00:01.084000,1.084,2711.079,0.0
2023-11-25 14:30:11.183,0 days 00:45:11.179000,1403.0,2176.0,-239.0,OnTrack,259.0,11594.0,100.0,0.0,8,6,89.46527777777779,0.017156950875693,18.0,290.81444444444435,interpolation,0 days 00:00:01.184000,1.184,2711.179,0.0
2023-11-25 14:30:11.283,0 days 00:45:11.279000,1497.5904548649098,2186.636798426559,-239.5817140672449,OnTrack,260.3333333333333,11193.333333333334,100.0,0.0,8,6,96.44628223713852,0.0184957132821514,18.0,287.59962962962953,interpolation,0 days 00:00:01.284000,1.284,2711.279,0.0
2023-11-25 14:30:11.383,0 days 00:45:11.379000,1616.3627217086134,2199.9303233086634,-240.51003683334883,OnTrack,261.6666666666667,10792.666666666666,100.0,0.0,8,6,103.30692175053606,0.01981139304117,18.0,284.3848148148148,interpolation,0 days 00:00:01.384000,1.384,2711.379,0.0
2023-11-25 14:30:11.483,0 days 00:45:11.479000,1706.0,2210.0,-241.0,OnTrack,263.0,10392.0,100.0,0.0,8,6,109.92083333333336,0.0210797572483889,18.0,281.17,interpolation,0 days 00:00:01.484000,1.484,2711.479,0.0
2023-11-25 14:30:11.583,0 days 00:45:11.579000,1757.6161108201368,2215.865727708084,-240.9207748476389,OnTrack,264.0,10451.5,100.0,0.0,8,6,116.26695638026096,0.022296767065736,18.0,277.99499999999995,interpolation,0 days 00:00:01.584000,1.584,2711.579,0.0
2023-11-25 14:30:11.683,0 days 00:45:11.679000,1781.234996156556,2218.6402506561253,-240.37738844743672,OnTrack,265.0,10511.0,100.0,0.0,8,6,122.34529089131892,0.0234624224932113,18.0,274.81999999999994,interpolation,0 days 00:00:01.684000,1.684,2711.679,0.0
2023-11-25 14:30:11.783,0 days 00:45:11.779000,1837.0,2225.0,-240.0,OnTrack,266.0,10570.5,100.0,0.0,8,6,128.88639662338412,0.0247168245641075,18.0,271.6449999999999,interpolation,0 days 00:00:01.784000,1.784,2711.779,0.0
2023-11-25 14:30:11.883,0 days 00:45:11.879000,1934.9349616933616,2236.0577085684754,-239.89363550102823,OnTrack,267.0,10630.0,100.0,0.0,8,6,136.62083333333337,0.0262000743117176,18.0,268.4699999999999,interpolation,0 days 00:00:01.884000,1.884,2711.879,0.0
2023-11-25 14:30:11.983,0 days 00:45:11.979000,2064.6716101127013,2250.672602102161,-240.00340865470287,OnTrack,268.5,10674.0,100.0,0.0,8,7,145.54860102116672,0.0279121717360415,18.0,264.20333333333326,interpolation,0 days 00:00:01.984000,1.984,2711.979,0.0
2023-11-25 14:30:12.083,0 days 00:45:12.079000,2164.0,2262.0,-240.0,OnTrack,270.0,10718.0,100.0,0.0,8,7,154.62083333333337,0.0296519734555348,18.0,259.9366666666666,interpolation,0 days 00:00:02.084000,2.084,2712.079,0.0
2023-11-25 14:30:12.183,0 days 00:45:12.179000,2222.5517540596784,2268.899116321013,-239.82852267906247,OnTrack,270.75,10763.75,100.0,0.0,8,7,162.78866391628264,0.0312183360886529,18.0,256.5477777777777,interpolation,0 days 00:00:02.184000,2.184,2712.179,0.0
2023-11-25 14:30:12.283,0 days 00:45:12.279000,2240.3268722917373,2271.3699510652,-239.48897669189049,OnTrack,271.5,10809.5,100.0,0.0,8,7,170.0520927700145,0.0326112596353959,18.0,253.15888888888884,interpolation,0 days 00:00:02.284000,2.284,2712.279,0.0
2023-11-25 14:30:12.383,0 days 00:45:12.379000,2264.938554377927,2274.4058102767867,-239.15494235877316,OnTrack,272.25,10855.25,100.0,0.0,8,7,177.18322523873914,0.0339788124166868,18.0,249.76999999999995,interpolation,0 days 00:00:02.384000,2.384,2712.379,0.0
2023-11-25 14:30:12.483,0 days 00:45:12.479000,2344.0,2283.0,-239.0,OnTrack,273.0,10901.0,100.0,0.0,8,7,184.95416666666668,0.0354690627534489,18.0,246.38111111111107,interpolation,0 days 00:00:02.484000,2.484,2712.479,0.0
2023-11-25 14:30:12.583,0 days 00:45:12.579000,2466.0,2296.0,-239.0,OnTrack,274.6666666666667,10924.666666666666,100.0,0.0,8,7,193.36491705379717,0.0370820106456819,18.0,243.0329629629629,interpolation,0 days 00:00:02.584000,2.584,2712.579,0.0
2023-11-25 14:30:12.683,0 days 00:45:12.679000,2561.87094580464,2306.4906534622146,-239.01004392346843,OnTrack,276.3333333333333,10948.333333333334,100.0,0.0,8,7,202.1443013714241,0.0387656522684185,18.0,239.6848148148148,interpolation,0 days 00:00:02.684000,2.684,2712.679,0.0
2023-11-25 14:30:12.783,0 days 00:45:12.779000,2626.2468567679675,2313.932056851806,-239.00733590822844,OnTrack,278.0,10972.0,100.0,0.0,8,7,209.6652777777778,0.0402079662694052,18.0,236.3366666666666,interpolation,0 days 00:00:02.784000,2.784,2712.779,0.0
2023-11-25 14:30:12.883,0 days 00:45:12.879000,2696.0,2322.0,-239.0,OnTrack,278.6666666666667,11004.0,100.0,0.0,8,7,215.65667402096983,0.041356949356191,18.0,233.9144444444444,interpolation,0 days 00:00:02.884000,2.884,2712.879,0.0
2023-11-25 14:30:12.983,0 days 00:45:12.979000,2777.2757848167967,2331.307117682013,-238.98939021333564,OnTrack,279.3333333333333,11036.0,100.0,0.0,8,7,220.70529014544655,0.0423251334493878,18.0,231.49222222222213,interpolation,0 days 00:00:02.984000,2.984,2712.979,0.0
2023-11-25 14:30:13.083,0 days 00:45:13.079000,2868.3636188012565,2341.671311871009,-238.98013445239877,OnTrack,280.0,11068.0,100.0,0.0,8,7,228.33194444444447,0.0437877135296601,18.0,229.06999999999996,interpolation,0 days 00:00:03.084000,3.084,2713.079,0.0
2023-11-25 14:30:13.183,0 days 00:45:13.179000,2959.0,2352.0,-239.0,OnTrack,281.5,11122.5,100.0,0.0,8,7,239.1234429712732,0.0458572226699525,18.0,224.94777777777773,pos,0 days 00:00:03.184000,3.184,2713.179,0.0
2023-11-25 14:30:13.283,0 days 00:45:13.279000,3047.474353512305,2362.1110859068217,-239.05361471291317,OnTrack,283.0,11177.0,100.0,0.0,8,7,250.3430555555556,0.0480088321740439,18.0,220.8255555555555,interpolation,0 days 00:00:03.284000,3.284,2713.279,0.0
2023-11-25 14:30:13.383,0 days 00:45:13.379000,3133.786679338169,2372.004569591476,-239.14097859113832,OnTrack,283.5,11210.5,100.0,0.0,8,7,259.2540520269148,0.0497177133457129,18.0,218.3255555555555,interpolation,0 days 00:00:03.384000,3.384,2713.379,0.0
2023-11-25 14:30:13.483,0 days 00:45:13.479000,3211.205665494949,2380.895768480392,-239.15785317379436,OnTrack,284.0,11244.0,100.0,0.0,8,7,265.8564323853508,0.0509838661849596,18.0,215.82555555555552,interpolation,0 days 00:00:03.484000,3.484,2713.479,0.0
2023-11-25 14:30:13.583,0 days 00:45:13.579000,3273.0,2388.0,-239.0,OnTrack,284.5,11277.5,100.0,0.0,8,7,271.8271243288892,0.052128878763176,18.0,213.32555555555552,interpolation,0 days 00:00:03.584000,3.584,2713.579,0.0
2023-11-25 14:30:13.683,0 days 00:45:13.679000,3319.1696828533204,2393.317264150299,-238.6674190697553,OnTrack,285.0,11311.0,100.0,0.0,8,7,278.8430555555556,0.0534743391517543,18.0,210.82555555555552,interpolation,0 days 00:00:03.684000,3.684,2713.679,0.0
2023-11-25 14:30:13.783,0 days 00:45:13.779000,3357.0885673737644,2397.6707925276537,-238.21810196956892,OnTrack,285.5,11212.5,89.0,0.0,8,7,286.9042260653499,0.0550202473506945,18.0,208.01999999999995,interpolation,0 days 00:00:03.784000,3.784,2713.779,0.0
2023-11-25 14:30:13.883,0 days 00:45:13.879000,3431.0,2406.0,-238.0,OnTrack,286.0,11114.0,78.0,0.0,8,7,294.7319444444444,0.0565213859268522,18.0,205.2144444444444,interpolation,0 days 00:00:03.884000,3.884,2713.879,0.0
2023-11-25 14:30:13.983,0 days 00:45:13.979000,3540.0,2418.0,-238.0,OnTrack,281.0,10751.0,39.0,0.0,8,7,301.04751927901134,0.057732537447083,18.0,203.45888888888885,interpolation,0 days 00:00:03.984000,3.984,2713.979,0.0
2023-11-25 14:30:14.083,0 days 00:45:14.079000,3634.4208557183615,2426.901998309664,-237.7914677368414,OnTrack,276.0,10388.0,0.0,0.0,8,7,306.9986111111111,0.0588737912693053,18.0,201.7033333333333,interpolation,0 days 00:00:04.084000,4.084,2714.079,0.0
2023-11-25 14:30:14.183,0 days 00:45:14.179000,3707.241107281136,2432.019235785496,-237.35490938567088,OnTrack,262.5,9968.0,0.0,1.0,8,7,313.7328804828038,0.0601652367514376,18.0,200.37,interpolation,0 days 00:00:04.184000,4.184,2714.179,0.0
2023-11-25 14:30:14.283,0 days 00:45:14.279000,3766.0,2436.0,-237.0,OnTrack,249.0,9548.0,0.0,1.0,8,7,320.83194444444445,0.061526639685387,18.0,199.03666666666663,interpolation,0 days 00:00:04.284000,4.284,2714.279,0.0
2023-11-25 14:30:14.383,0 days 00:45:14.379000,3811.954081193736,2439.2856744751366,-236.77835235300392,OnTrack,237.25,9673.5,0.0,1.0,8,7,327.8774200463878,0.0628777658630611,18.0,199.1031944444444,interpolation,0 days 00:00:04.384000,4.384,2714.379,0.0
2023-11-25 14:30:14.483,0 days 00:45:14.479000,3850.609168654823,2443.012734844805,-236.6083170243162,OnTrack,225.5,9799.0,0.0,1.0,8,7,334.86930728863393,0.0642186152844597,18.0,199.1697222222222,interpolation,0 days 00:00:04.484000,4.484,2714.479,0.0
2023-11-25 14:30:14.583,0 days 00:45:14.579000,3915.0,2454.0,-236.0,OnTrack,213.75,9924.5,0.0,1.0,8,7,341.5618186643408,0.0655020527448925,18.0,199.23625,pos,0 days 00:00:04.584000,4.584,2714.579,0.0
2023-11-25 14:30:14.683,0 days 00:45:14.679000,4003.0,2472.0,-235.0,OnTrack,202.0,10050.0,0.0,1.0,8,7,347.70916666666665,0.0666809430396688,18.0,199.30277777777772,interpolation,0 days 00:00:04.684000,4.684,2714.679,0.0
2023-11-25 14:30:14.783,0 days 00:45:14.779000,4068.8153832646376,2488.709173736101,-234.37779690992437,OnTrack,199.5,10548.0,0.0,1.0,8,7,353.31135129561136,0.0677552861687888,18.0,199.4138888888889,interpolation,0 days 00:00:04.784000,4.784,2714.779,0.0
2023-11-25 14:30:14.883,0 days 00:45:14.879000,4108.925513771066,2503.843240404931,-234.189245425604,OnTrack,197.0,11046.0,0.0,1.0,8,7,358.65361111111105,0.0687797829511873,18.0,199.525,interpolation,0 days 00:00:04.884000,4.884,2714.879,0.0
2023-11-25 14:30:14.983,0 days 00:45:14.979000,4148.0,2524.0,-234.0,OnTrack,190.5,10885.0,1.0,1.0,8,7,364.02118467310174,0.069809134205799,18.0,199.88791666666663,interpolation,0 days 00:00:04.984000,4.984,2714.979,0.0
2023-11-25 14:30:15.083,0 days 00:45:15.079000,4190.150422313531,2550.279080223448,-233.7376700792468,OnTrack,184.0,10724.0,2.0,1.0,8,5,368.9269444444444,0.0707499224254918,18.0,200.25083333333333,interpolation,0 days 00:00:05.084000,5.084,2715.079,0.0
2023-11-25 14:30:15.183,0 days 00:45:15.179000,4233.967999387605,2582.102238320629,-233.4029493551662,OnTrack,184.0,10637.5,5.0,1.0,8,5,372.8837628879997,0.0715087301031334,18.0,200.49527777777772,interpolation,0 days 00:00:05.184000,5.184,2715.179,0.0
2023-11-25 14:30:15.283,0 days 00:45:15.279000,4271.0,2616.0,-233.0,OnTrack,184.0,10551.0,8.0,1.0,8,4,377.1047222222222,0.0723181926537939,18.0,200.73972222222216,interpolation,0 days 00:00:05.284000,5.284,2715.279,0.0
2023-11-25 14:30:15.383,0 days 00:45:15.379000,4299.837628400672,2651.3941165856795,-232.52951571267343,OnTrack,179.5,10390.0,10.0,1.0,8,4,382.8029046655668,0.0734109454925436,18.0,201.2063888888888,interpolation,0 days 00:00:05.384000,5.384,2715.379,0.0
2023-11-25 14:30:15.483,0 days 00:45:15.479000,4322.0,2684.0,-232.0,OnTrack,175.0,10229.0,12.0,0.0,8,4,388.7713888888889,0.0745555346914532,18.0,201.6730555555555,interpolation,0 days 00:00:05.484000,5.484,2715.479,0.0
2023-11-25 14:30:15.583,0 days 00:45:15.579000,4339.006230208368,2709.533062165296,-231.419956368793,OnTrack,172.0,10176.5,20.5,0.0,8,4,393.8032535630447,0.0755205063225933,18.0,202.2730555555555,interpolation,0 days 00:00:05.584000,5.584,2715.579,0.0
2023-11-25 14:30:15.683,0 days 00:45:15.679000,4355.0,2753.0,-231.0,OnTrack,169.0,10124.0,29.0,0.0,8,4,397.8984986880341,0.076305860385964,18.0,202.87305555555548,interpolation,0 days 00:00:05.684000,5.684,2715.679,0.0
2023-11-25 14:30:15.783,0 days 00:45:15.779000,4374.1249903491225,2839.407510422545,-230.95074607456863,OnTrack,166.0,10071.5,37.5,0.0,8,4,401.5051889134508,0.0769975232138045,18.0,203.47305555555548,interpolation,0 days 00:00:05.784000,5.784,2715.779,0.0
2023-11-25 14:30:15.883,0 days 00:45:15.879000,4391.0,2930.0,-231.0,OnTrack,163.0,10019.0,46.0,0.0,8,4,405.07138888888886,0.0776814211383542,18.0,204.07305555555547,interpolation,0 days 00:00:05.884000,5.884,2715.879,0.0
2023-11-25 14:30:15.983,0 days 00:45:15.979000,4400.243827696901,2986.021875299436,-230.8755671837954,OnTrack,163.5,10044.5,55.5,0.0,8,4,408.59709861434806,0.0783575541596132,18.0,204.56194444444435,interpolation,0 days 00:00:05.984000,5.984,2715.979,0.0
2023-11-25 14:30:16.083,0 days 00:45:16.079000,4401.856473439826,3007.473136320851,-230.57744762595476,OnTrack,164.0,10070.0,65.0,0.0,8,4,412.36027777777775,0.0790792272114061,18.0,205.05083333333323,interpolation,0 days 00:00:06.084000,6.084,2716.079,0.0
2023-11-25 14:30:16.183,0 days 00:45:16.179000,4399.540882462838,3023.437829181842,-230.2406042551368,OnTrack,165.5,10238.0,69.0,0.0,8,4,416.63888606712754,0.0798997452275581,18.0,205.57861111111103,interpolation,0 days 00:00:06.184000,6.184,2716.179,0.0
2023-11-25 14:30:16.283,0 days 00:45:16.279000,4397.0,3063.0,-230.0,OnTrack,167.0,10406.0,73.0,0.0,8,4,421.6380555555555,0.0808584468318304,18.0,206.10638888888883,interpolation,0 days 00:00:06.284000,6.284,2716.279,0.0
2023-11-25 14:30:16.383,0 days 00:45:16.379000,4394.233826051313,3126.159648775328,-229.85563486054463,OnTrack,169.5,10584.0,86.5,0.0,8,4,427.5629183162199,0.0819946706479844,18.0,206.6063888888888,interpolation,0 days 00:00:06.384000,6.384,2716.379,0.0
2023-11-25 14:30:16.483,0 days 00:45:16.479000,4391.350627242281,3206.664378588882,-229.8235508994519,OnTrack,172.0,10762.0,100.0,0.0,8,4,433.1047222222222,0.0830574344345584,18.0,207.10638888888872,interpolation,0 days 00:00:06.484000,6.484,2716.479,0.0
2023-11-25 14:30:16.583,0 days 00:45:16.579000,4389.0,3267.0,-230.0,OnTrack,174.0,10832.0,100.0,0.0,8,4,436.9547151466639,0.0837957559500907,18.0,207.37305555555545,interpolation,0 days 00:00:06.584000,6.584,2716.579,0.0
2023-11-25 14:30:16.683,0 days 00:45:16.679000,4387.290209841332,3300.9141801139576,-230.40102406060052,OnTrack,176.0,10902.0,100.0,0.0,8,4,440.9269444444444,0.0845575190007604,18.0,207.63972222222213,interpolation,0 days 00:00:06.684000,6.684,2716.679,0.0
2023-11-25 14:30:16.783,0 days 00:45:16.779000,4385.688687386914,3314.9093171302275,-230.92920151801368,OnTrack,181.0,11068.0,100.0,0.0,8,4,446.8354574704634,0.0856906073927463,18.0,207.8397222222221,interpolation,0 days 00:00:06.784000,6.784,2716.779,0.0
2023-11-25 14:30:16.883,0 days 00:45:16.879000,4381.0,3348.0,-231.0,OnTrack,186.0,11234.0,100.0,0.0,8,4,453.3269444444445,0.0869354939665011,18.0,208.03972222222205,interpolation,0 days 00:00:06.884000,6.884,2716.879,0.0
2023-11-25 14:30:16.983,0 days 00:45:16.979000,4372.691572847689,3406.6886935076463,-230.51599694571797,OnTrack,189.5,11548.5,100.0,0.0,8,4,459.0480955861111,0.088032651562477,18.0,208.1230555555554,interpolation,0 days 00:00:06.984000,6.984,2716.979,0.0
2023-11-25 14:30:17.083,0 days 00:45:17.079000,4361.51724192008,3485.324254759936,-229.6012387532056,OnTrack,193.0,11863.0,100.0,0.0,8,4,464.0491666666667,0.088991717839207,18.0,208.20638888888877,interpolation,0 days 00:00:07.084000,7.084,2717.079,0.0
2023-11-25 14:30:17.183,0 days 00:45:17.179000,4352.0,3550.0,-229.0,OnTrack,195.5,11373.0,100.0,0.0,8,4,468.3804134573146,0.0898223304552235,18.0,208.2508333333332,interpolation,0 days 00:00:07.184000,7.184,2717.179,0.0
2023-11-25 14:30:17.283,0 days 00:45:17.279000,4344.893675358307,3595.064844202016,-228.83632581391072,OnTrack,198.0,10883.0,100.0,0.0,8,4,472.8491666666667,0.0906793129761842,18.0,208.29527777777764,interpolation,0 days 00:00:07.284000,7.284,2717.279,0.0
2023-11-25 14:30:17.383,0 days 00:45:17.379000,4339.652294535253,3624.256349109295,-229.01891971288848,OnTrack,201.33333333333331,10904.333333333334,100.0,0.0,8,4,478.2627570033353,0.0917174889677466,18.0,208.2360185185184,interpolation,0 days 00:00:07.384000,7.384,2717.379,0.0
2023-11-25 14:30:17.483,0 days 00:45:17.479000,4333.0,3660.0,-229.0,OnTrack,204.66666666666663,10925.666666666666,100.0,0.0,8,4,484.556029411251,0.0929243635031184,18.0,208.17675925925903,interpolation,0 days 00:00:07.484000,7.484,2717.479,0.0
2023-11-25 14:30:17.583,0 days 00:45:17.579000,4324.390812702006,3706.033396890271,-228.6882692583153,OnTrack,208.0,10947.0,100.0,0.0,8,4,491.3380555555556,0.094224967405389,18.0,208.11749999999975,interpolation,0 days 00:00:07.584000,7.584,2717.579,0.0
2023-11-25 14:30:17.683,0 days 00:45:17.679000,4313.23564620633,3764.026608961756,-228.06301911842144,OnTrack,211.33333333333331,11058.0,100.0,0.0,8,4,498.5436810473641,0.0956068058757135,18.0,207.91749999999976,interpolation,0 days 00:00:07.684000,7.684,2717.679,0.0
2023-11-25 14:30:17.783,0 days 00:45:17.779000,4296.0,3844.0,-227.0,OnTrack,214.66666666666663,11169.0,100.0,0.0,8,5,506.0520535749721,0.0970467028034641,18.0,207.7174999999997,interpolation,0 days 00:00:07.784000,7.784,2717.779,0.0
2023-11-25 14:30:17.883,0 days 00:45:17.879000,4272.0947936802895,3947.623622085231,-225.4785037456908,OnTrack,218.0,11280.0,100.0,0.0,8,5,513.1380555555556,0.0984056008129009,18.0,207.5174999999997,interpolation,0 days 00:00:07.884000,7.884,2717.879,0.0
2023-11-25 14:30:17.983,0 days 00:45:17.979000,4249.0,4045.0,-224.0,OnTrack,220.5,11389.0,100.0,0.0,8,5,519.6808334398766,0.0996603235560716,18.0,207.29527777777756,interpolation,0 days 00:00:07.984000,7.984,2717.979,0.0
2023-11-25 14:30:18.083,0 days 00:45:18.079000,4234.195591711931,4106.231658526863,-223.06595840743412,OnTrack,223.0,11498.0,100.0,0.0,8,5,525.5269444444444,0.100781444976701,18.0,207.07305555555536,interpolation,0 days 00:00:08.084000,8.084,2718.079,0.0
2023-11-25 14:30:18.183,0 days 00:45:18.179000,4227.681568816082,4131.318597665819,-222.67637896799312,OnTrack,225.5,11561.5,100.0,0.0,8,5,530.5229457857693,0.1017395390185137,18.0,206.73972222222204,interpolation,0 days 00:00:08.184000,8.184,2718.179,0.0
2023-11-25 14:30:18.283,0 days 00:45:18.279000,4223.076761512193,4146.996237971865,-222.1986100445555,OnTrack,228.0,11625.0,100.0,0.0,8,5,535.6602777777778,0.1027247363465536,18.0,206.40638888888876,interpolation,0 days 00:00:08.284000,8.284,2718.279,0.0
2023-11-25 14:30:18.383,0 days 00:45:18.379000,4214.0,4180.0,-221.0,OnTrack,230.5,11400.5,100.0,0.0,8,5,541.9303807343964,0.1039271676258645,18.0,205.76749999999987,interpolation,0 days 00:00:08.384000,8.384,2718.379,0.0
2023-11-25 14:30:18.483,0 days 00:45:18.479000,4200.451284279505,4230.329883750223,-219.0805488343265,OnTrack,233.0,11176.0,100.0,0.0,8,5,548.6047222222221,0.105207120607385,18.0,205.128611111111,interpolation,0 days 00:00:08.484000,8.484,2718.479,0.0
2023-11-25 14:30:18.583,0 days 00:45:18.579000,4184.0,4291.0,-217.0,OnTrack,234.0,11001.666666666666,100.0,0.0,8,5,554.954769807852,0.1064248830420536,18.0,204.2730555555555,pos,0 days 00:00:08.584000,8.584,2718.579,0.0
2023-11-25 14:30:18.683,0 days 00:45:18.679000,4166.215532810781,4355.024459526796,-215.3180969494856,OnTrack,235.0,10827.333333333334,100.0,0.0,8,5,561.0114452085267,0.1075863848548295,18.0,203.41749999999996,interpolation,0 days 00:00:08.684000,8.684,2718.679,0.0
2023-11-25 14:30:18.783,0 days 00:45:18.779000,4145.0,4429.0,-213.0,OnTrack,236.0,10653.0,100.0,0.0,8,5,566.9602777777777,0.1087272054133023,18.0,202.5619444444444,interpolation,0 days 00:00:08.784000,8.784,2718.779,0.0
2023-11-25 14:30:18.883,0 days 00:45:18.879000,4118.255518855811,4519.5233590889975,-209.0108694687601,OnTrack,238.0,10747.333333333334,100.0,0.0,8,5,572.8321889162094,0.1098532745817091,18.0,201.39527777777772,interpolation,0 days 00:00:08.884000,8.884,2718.879,0.0
2023-11-25 14:30:18.983,0 days 00:45:18.979000,4091.0,4608.0,-205.0,OnTrack,240.0,10841.666666666666,100.0,0.0,8,6,578.7868728675505,0.11099521727245,18.0,200.22861111111104,interpolation,0 days 00:00:08.984000,8.984,2718.979,0.0
2023-11-25 14:30:19.083,0 days 00:45:19.079000,4068.251354054361,4675.835385939216,-202.6166862379539,OnTrack,242.0,10936.0,100.0,0.0,8,6,585.7824999999999,0.1123367839007259,18.0,199.0619444444444,interpolation,0 days 00:00:09.084000,9.084,2719.079,0.0
2023-11-25 14:30:19.183,0 days 00:45:19.179000,4049.312396632667,4725.631464369494,-201.55729301525523,OnTrack,243.66666666666663,10979.333333333334,100.0,0.0,8,6,593.9787661925644,0.1139085996925376,18.0,197.1286111111111,interpolation,0 days 00:00:09.184000,9.184,2719.179,0.0
2023-11-25 14:30:19.283,0 days 00:45:19.279000,4030.0,4773.0,-200.0,OnTrack,245.33333333333331,11022.666666666666,100.0,0.0,8,6,602.9878128149087,0.1156362841548864,18.0,195.19527777777776,interpolation,0 days 00:00:09.284000,9.284,2719.279,0.0
2023-11-25 14:30:19.383,0 days 00:45:19.379000,4009.6169726309295,4820.542966937658,-197.64116891558143,OnTrack,247.0,11066.0,100.0,0.0,8,6,610.4824999999998,0.1170735566147416,18.0,193.26194444444445,interpolation,0 days 00:00:09.384000,9.384,2719.379,0.0
2023-11-25 14:30:19.483,0 days 00:45:19.479000,3987.758976958259,4868.687900560181,-194.6453678193617,OnTrack,247.33333333333331,11087.666666666666,100.0,0.0,8,6,616.0749730891547,0.1181460373407568,18.0,191.8841666666667,interpolation,0 days 00:00:09.484000,9.484,2719.479,0.0
2023-11-25 14:30:19.583,0 days 00:45:19.579000,3962.0,4920.0,-192.0,OnTrack,247.66666666666663,11109.333333333334,100.0,0.0,8,6,620.3721807166124,0.1189701221924249,18.0,190.5063888888889,pos,0 days 00:00:09.584000,9.584,2719.579,0.0
2023-11-25 14:30:19.683,0 days 00:45:19.679000,3931.935708329349,4974.906796256886,-189.8696318296901,OnTrack,248.0,11131.0,100.0,0.0,8,6,627.0158333333331,0.1202441899023959,18.0,189.12861111111116,interpolation,0 days 00:00:09.684000,9.684,2719.679,0.0
2023-11-25 14:30:19.783,0 days 00:45:19.779000,3880.0,5040.0,-187.0,OnTrack,249.5,11244.0,100.0,0.0,8,6,636.6128857887418,0.1220846375220622,18.0,186.40638888888884,interpolation,0 days 00:00:09.784000,9.784,2719.779,0.0
2023-11-25 14:30:19.883,0 days 00:45:19.879000,3788.626773065649,5121.871321898502,-182.1368412024975,OnTrack,251.0,11357.0,100.0,0.0,8,6,646.5380555555555,0.123988008912079,18.0,183.68416666666656,interpolation,0 days 00:00:09.884000,9.884,2719.879,0.0
2023-11-25 14:30:19.983,0 days 00:45:19.979000,3691.0,5199.0,-177.0,OnTrack,252.0,11357.666666666666,100.0,0.0,8,6,654.1660601064914,0.1254508479331018,18.0,181.63601851851843,interpolation,0 days 00:00:09.984000,9.984,2719.979,0.0
2023-11-25 14:30:20.083,0 days 00:45:20.079000,3620.303653276759,5249.865272352101,-173.30932095532495,OnTrack,253.0,11358.333333333334,100.0,0.0,8,6,659.9150161520918,0.1265533377359712,18.0,179.5878703703703,interpolation,0 days 00:00:10.084000,10.084,2720.079,0.0
2023-11-25 14:30:20.183,0 days 00:45:20.179000,3576.537732895926,5274.467138954808,-171.0648040684723,OnTrack,254.0,11359.0,100.0,0.0,8,6,666.293611111111,0.1277765747625154,18.0,177.53972222222217,interpolation,0 days 00:00:10.184000,10.184,2720.179,0.0
2023-11-25 14:30:20.283,0 days 00:45:20.279000,3554.1093147566507,5277.137925382594,-169.94611897317958,OnTrack,254.66666666666663,11398.333333333334,100.0,0.0,8,6,673.7199574125982,0.1292007413425039,18.0,175.02120370370366,interpolation,0 days 00:00:10.284000,10.284,2720.279,0.0
2023-11-25 14:30:20.383,0 days 00:45:20.379000,3519.4610260678755,5283.871451993761,-168.03129331238762,OnTrack,255.33333333333331,11437.666666666666,100.0,0.0,8,6,681.897751915015,0.1307690147781264,18.0,172.50268518518513,interpolation,0 days 00:00:10.384000,10.384,2720.379,0.0
2023-11-25 14:30:20.483,0 days 00:45:20.479000,3467.0,5299.0,-165.0,OnTrack,256.0,11477.0,100.0,0.0,8,6,689.0491666666666,0.1321404571369213,18.0,169.98416666666662,interpolation,0 days 00:00:10.484000,10.484,2720.479,0.0
2023-11-25 14:30:20.583,0 days 00:45:20.579000,3397.0,5322.0,-161.0,OnTrack,256.3333333333333,11496.333333333334,100.0,0.0,8,6,694.877895491855,0.1332582451392107,18.0,167.98416666666662,interpolation,0 days 00:00:10.584000,10.584,2720.579,0.0
2023-11-25 14:30:20.683,0 days 00:45:20.679000,3311.103615159779,5349.730019501801,-156.91786363551913,OnTrack,256.6666666666667,11515.666666666666,100.0,0.0,8,6,699.7856291658087,0.1341994118984998,18.0,165.98416666666662,interpolation,0 days 00:00:10.684000,10.684,2720.679,0.0
2023-11-25 14:30:20.783,0 days 00:45:20.779000,3214.2020415566003,5380.354333474565,-153.01796751398695,OnTrack,257.0,11535.0,100.0,0.0,8,6,706.1824999999999,0.1354261537293694,18.0,163.98416666666662,interpolation,0 days 00:00:10.784000,10.784,2720.779,0.0
2023-11-25 14:30:20.883,0 days 00:45:20.879000,3134.0,5406.0,-150.0,OnTrack,258.6666666666667,11154.666666666666,100.0,0.0,8,6,714.4701946563648,0.1370155029565097,18.0,160.66009259259252,interpolation,0 days 00:00:10.884000,10.884,2720.879,0.0
2023-11-25 14:30:20.983,0 days 00:45:20.979000,3075.114967599636,5425.354855373475,-147.9805764180595,OnTrack,260.3333333333333,10774.333333333334,100.0,0.0,8,6,724.1589000053165,0.1388735270508843,18.0,157.33601851851844,interpolation,0 days 00:00:10.984000,10.984,2720.979,0.0
2023-11-25 14:30:21.083,0 days 00:45:21.079000,3037.54694435551,5438.418899594988,-146.9596967681655,OnTrack,262.0,10394.0,100.0,0.0,8,6,732.3097222222221,0.1404366279526588,18.0,154.01194444444434,interpolation,0 days 00:00:11.084000,11.084,2721.079,0.0
2023-11-25 14:30:21.183,0 days 00:45:21.179000,2996.7054489336283,5453.273494019008,-145.9589687341887,OnTrack,262.0,10467.5,100.0,0.0,8,6,738.4328431617828,0.1416108721709232,18.0,151.74527777777763,interpolation,0 days 00:00:11.184000,11.184,2721.179,0.0
2023-11-25 14:30:21.283,0 days 00:45:21.279000,2928.0,5478.0,-144.0,OnTrack,262.0,10541.0,100.0,0.0,8,6,743.9541666666667,0.1426697083864369,18.0,149.47861111111092,interpolation,0 days 00:00:11.284000,11.284,2721.279,0.0
2023-11-25 14:30:21.383,0 days 00:45:21.379000,2831.4305975546245,5512.598417537967,-141.08279056559934,OnTrack,263.3333333333333,10554.333333333334,100.0,0.0,8,6,750.299596579542,0.1438865852799594,18.0,146.64259259259245,interpolation,0 days 00:00:11.384000,11.384,2721.379,0.0
2023-11-25 14:30:21.483,0 days 00:45:21.479000,2749.0,5542.0,-139.0,OnTrack,264.6666666666667,10567.666666666666,100.0,0.0,8,7,757.3862624858987,0.1452456106118856,18.0,143.80657407407398,interpolation,0 days 00:00:11.484000,11.484,2721.479,0.0
2023-11-25 14:30:21.583,0 days 00:45:21.579000,2710.0,5558.0,-139.0,OnTrack,266.0,10581.0,100.0,0.0,8,7,764.7169444444444,0.1466514314327911,18.0,140.9705555555555,interpolation,0 days 00:00:11.584000,11.584,2721.579,0.0
2023-11-25 14:30:21.683,0 days 00:45:21.679000,2638.164412640658,5601.782623881572,-137.81704661172705,OnTrack,266.0,10596.0,100.0,0.0,8,7,772.2087728892577,0.1480881556658064,18.0,137.85944444444436,interpolation,0 days 00:00:11.684000,11.684,2721.679,0.0
2023-11-25 14:30:21.783,0 days 00:45:21.779000,2556.0,5658.0,-136.0,OnTrack,266.0,10611.0,100.0,0.0,8,7,779.4947222222222,0.1494853980138262,18.0,134.74833333333322,interpolation,0 days 00:00:11.784000,11.784,2721.779,0.0
2023-11-25 14:30:21.883,0 days 00:45:21.879000,2498.724620055634,5704.440187176052,-134.6420137753894,OnTrack,266.3333333333333,10620.0,100.0,0.0,8,7,786.2077668452214,0.1507727731797449,18.0,131.71499999999992,interpolation,0 days 00:00:11.884000,11.884,2721.879,0.0
2023-11-25 14:30:21.983,0 days 00:45:21.979000,2462.800400632896,5742.993290658032,-133.70939666539314,OnTrack,266.6666666666667,10629.0,100.0,0.0,8,7,792.6085999714824,0.1520002748679814,18.0,128.68166666666662,interpolation,0 days 00:00:11.984000,11.984,2721.979,0.0
2023-11-25 14:30:22.083,0 days 00:45:22.079000,2427.0,5785.0,-133.0,OnTrack,267.0,10638.0,100.0,0.0,8,7,800.2613888888889,0.1534678668408597,18.0,125.64833333333333,interpolation,0 days 00:00:12.084000,12.084,2722.079,0.0
2023-11-25 14:30:22.183,0 days 00:45:22.179000,2387.785509754286,5832.350439805041,-132.48013216170756,OnTrack,267.5,10672.5,100.0,0.0,8,7,809.4268294801799,0.1552255433147366,18.0,121.64833333333326,interpolation,0 days 00:00:12.184000,12.184,2722.179,0.0
2023-11-25 14:30:22.283,0 days 00:45:22.279000,2344.0,5891.0,-132.0,OnTrack,268.0,10707.0,100.0,0.0,8,7,818.1280555555555,0.1568941963613893,18.0,117.6483333333332,pos,0 days 00:00:12.284000,12.284,2722.279,0.0
2023-11-25 14:30:22.383,0 days 00:45:22.379000,2294.4865408413866,5966.904070511726,-131.4098103643616,OnTrack,268.0,10705.0,100.0,0.0,8,7,824.3882009252159,0.1580947180525949,18.0,114.93722222222208,interpolation,0 days 00:00:12.384000,12.384,2722.379,0.0
2023-11-25 14:30:22.483,0 days 00:45:22.479000,2244.0,6062.0,-131.0,OnTrack,268.0,10703.0,100.0,0.0,8,7,830.0391666666667,0.1591784160417424,18.0,112.22611111111098,interpolation,0 days 00:00:12.484000,12.484,2722.479,0.0
2023-11-25 14:30:22.583,0 days 00:45:22.579000,2199.0,6173.0,-131.0,OnTrack,268.0,10742.0,100.0,0.0,8,7,836.9128538574141,0.1604965979822206,18.0,108.80944444444437,interpolation,0 days 00:00:12.584000,12.584,2722.579,0.0
2023-11-25 14:30:22.683,0 days 00:45:22.679000,2169.715122027289,6268.553087247378,-131.04377457752472,OnTrack,268.0,10781.0,100.0,0.0,8,7,844.9280555555555,0.1620336906421837,18.0,105.39277777777772,interpolation,0 days 00:00:12.684000,12.684,2722.679,0.0
2023-11-25 14:30:22.783,0 days 00:45:22.779000,2156.027361347255,6344.473739608281,-131.0614698598749,OnTrack,269.0,10782.5,100.0,0.0,8,7,854.0035648191886,0.1637741207897859,18.0,101.09277777777775,interpolation,0 days 00:00:12.784000,12.784,2722.779,0.0
2023-11-25 14:30:22.883,0 days 00:45:22.879000,2147.0,6407.0,-131.0,OnTrack,270.0,10784.0,100.0,0.0,8,7,862.9280555555555,0.1654855897860008,18.0,96.7927777777778,interpolation,0 days 00:00:12.884000,12.884,2722.879,0.0
2023-11-25 14:30:22.983,0 days 00:45:22.979000,2140.810242326192,6457.171547565226,-130.85051731142488,OnTrack,270.0,10779.0,100.0,0.0,8,7,870.4902016718988,0.1669357989918022,18.0,93.37055555555555,interpolation,0 days 00:00:12.984000,12.984,2722.979,0.0
2023-11-25 14:30:23.083,0 days 00:45:23.079000,2137.458088325832,6494.988382303957,-130.6130217941496,OnTrack,270.0,10774.0,100.0,0.0,8,7,876.9567369132265,0.1681759005175246,18.0,89.94833333333331,interpolation,0 days 00:00:13.084000,13.084,2723.079,0.0
2023-11-25 14:30:23.183,0 days 00:45:23.179000,2138.3768901625544,6546.061025890709,-130.8190153797995,OnTrack,270.0,10769.0,100.0,0.0,8,7,883.9280555555555,0.1695128054537875,18.0,86.52611111111105,interpolation,0 days 00:00:13.184000,13.184,2723.179,0.0
2023-11-25 14:30:23.283,0 days 00:45:23.279000,2145.0,6636.0,-132.0,OnTrack,270.6666666666667,10781.0,100.0,0.0,8,7,891.6708886125544,0.1709976653871305,18.0,82.4964814814814,interpolation,0 days 00:00:13.284000,13.284,2723.279,0.0
2023-11-25 14:30:23.383,0 days 00:45:23.379000,2157.0,6759.0,-134.0,OnTrack,271.3333333333333,10793.0,100.0,0.0,8,7,900.0335405312095,0.1726013893314664,18.0,78.46685185185174,interpolation,0 days 00:00:13.384000,13.384,2723.379,0.0
2023-11-25 14:30:23.483,0 days 00:45:23.479000,2172.412373075248,6880.229019760183,-135.88315665970487,OnTrack,272.0,10805.0,100.0,0.0,8,7,908.1058333333332,0.1741494304765938,18.0,74.43722222222209,interpolation,0 days 00:00:13.484000,13.484,2723.479,0.0
2023-11-25 14:30:23.583,0 days 00:45:23.579000,2189.9661484911644,6991.330812095168,-137.51226952947522,OnTrack,272.5,10820.0,100.0,0.0,8,7,915.7360699125414,0.1756126975385321,18.0,70.57611111111095,interpolation,0 days 00:00:13.584000,13.584,2723.579,0.0
2023-11-25 14:30:23.683,0 days 00:45:23.679000,2204.0,7077.0,-139.0,OnTrack,273.0,10835.0,100.0,0.0,8,7,923.2725,0.1770579751255508,18.0,66.7149999999998,interpolation,0 days 00:00:13.684000,13.684,2723.679,0.0
2023-11-25 14:30:23.783,0 days 00:45:23.779000,2213.570368396124,7134.68567424658,-140.36512506586533,OnTrack,273.25,10849.0,100.0,0.0,8,7,931.0633733268746,0.1785520478459189,18.0,62.71499999999986,interpolation,0 days 00:00:13.784000,13.784,2723.779,0.0
2023-11-25 14:30:23.883,0 days 00:45:23.879000,2218.677253679536,7164.387834834906,-141.60764472707118,OnTrack,273.5,10863.0,100.0,0.0,8,7,939.1086898931655,0.1800949156996366,18.0,58.71499999999992,interpolation,0 days 00:00:13.884000,13.884,2723.879,0.0
2023-11-25 14:30:23.983,0 days 00:45:23.979000,2223.44551212318,7191.64607800578,-143.04634202474142,OnTrack,273.75,10877.0,100.0,0.0,8,7,946.8470226239848,0.1815789125956414,18.0,54.714999999999975,interpolation,0 days 00:00:13.984000,13.984,2723.979,0.0
2023-11-25 14:30:24.083,0 days 00:45:24.079000,2232.0,7242.0,-145.0,OnTrack,274.0,10891.0,100.0,0.0,8,7,953.7169444444444,0.1828963724428711,18.0,50.71500000000003,interpolation,0 days 00:00:14.084000,14.084,2724.079,0.0
2023-11-25 14:30:24.183,0 days 00:45:24.179000,2244.340717309996,7315.449600817568,-147.4686186528469,OnTrack,274.5,10910.5,100.0,0.0,8,7,959.7184553545444,0.1840472952413258,18.0,47.51499999999999,interpolation,0 days 00:00:14.184000,14.184,2724.179,0.0
2023-11-25 14:30:24.283,0 days 00:45:24.279000,2259.647567895081,7406.5908799103645,-150.34656006811647,OnTrack,275.0,10930.0,100.0,0.0,8,7,965.9391666666668,0.1852402545775618,18.0,44.31499999999994,interpolation,0 days 00:00:14.284000,14.284,2724.279,0.0
2023-11-25 14:30:24.383,0 days 00:45:24.379000,2273.0,7483.0,-153.0,OnTrack,276.0,10952.0,100.0,0.0,8,7,973.4666896931938,0.1866838240381358,18.0,40.31499999999989,interpolation,0 days 00:00:14.384000,14.384,2724.379,0.0
2023-11-25 14:30:24.483,0 days 00:45:24.479000,2283.577925864407,7539.273015875038,-155.32330161505857,OnTrack,277.0,10974.0,100.0,0.0,8,7,981.3280555555556,0.1881914152653314,18.0,36.31499999999983,interpolation,0 days 00:00:14.484000,14.484,2724.479,0.0
2023-11-25 14:30:24.583,0 days 00:45:24.579000,2301.0,7634.0,-159.0,OnTrack,278.0,11036.0,100.0,0.0,8,7,988.5502953751828,0.1895764399014322,18.0,32.34277777777754,interpolation,0 days 00:00:14.584000,14.584,2724.579,0.0
2023-11-25 14:30:24.683,0 days 00:45:24.679000,2331.0,7803.0,-165.0,OnTrack,279.0,11098.0,100.0,0.0,8,7,996.8280555555556,0.1911638839725073,18.0,28.370555555555256,interpolation,0 days 00:00:14.684000,14.684,2724.679,0.0
2023-11-25 14:30:24.783,0 days 00:45:24.779000,2350.2687836965383,7909.647566362056,-169.0415420885118,OnTrack,280.0,11104.0,100.0,0.0,8,7,1007.8559825001546,0.1932787335046261,18.0,22.96499999999969,interpolation,0 days 00:00:14.784000,14.784,2724.779,0.0
2023-11-25 14:30:24.883,0 days 00:45:24.879000,2354.921513952072,7931.1719074208595,-170.41100333153963,OnTrack,281.0,11110.0,100.0,0.0,8,7,1018.6836111111112,0.1953551713897223,18.0,17.559444444444125,interpolation,0 days 00:00:14.884000,14.884,2724.879,0.0
2023-11-25 14:30:24.983,0 days 00:45:24.979000,2356.6134872315693,7942.360294769232,-171.32496290879763,OnTrack,281.6666666666667,11141.333333333334,100.0,0.0,8,7,1026.360476290558,0.1968273805197296,18.0,14.537222222221924,interpolation,0 days 00:00:14.984000,14.984,2724.979,0.0
2023-11-25 14:30:25.083,0 days 00:45:25.079000,2367.0,8018.0,-174.0,OnTrack,282.3333333333333,11172.666666666666,100.0,0.0,8,7,1031.4741757578047,0.1978080457871033,18.0,11.51499999999972,interpolation,0 days 00:00:15.084000,15.084,2725.079,0.0
2023-11-25 14:30:25.183,0 days 00:45:25.179000,2384.0,8143.0,-178.0,OnTrack,283.0,11204.0,100.0,0.0,8,7,1037.550277777778,0.1989732730849084,18.0,8.492777777777519,interpolation,0 days 00:00:15.184000,15.184,2725.179,0.0
2023-11-25 14:30:25.283,0 days 00:45:25.279000,2395.1271097572508,8226.813692492467,-180.70826188043085,OnTrack,283.6666666666667,11228.333333333334,100.0,0.0,8,7,1045.1763740528186,0.2004357461517129,18.0,137.47879629629634,interpolation,0 days 00:00:15.284000,15.284,2725.279,0.0
2023-11-25 14:30:25.383,0 days 00:45:25.379000,2402.0,8299.0,-183.0,OnTrack,284.3333333333333,11252.666666666666,100.0,0.0,8,7,1054.1085833868228,0.2021486953601821,18.0,266.4648148148152,interpolation,0 days 00:00:15.384000,15.384,2725.379,0.0
2023-11-25 14:30:25.483,0 days 00:45:25.479000,2408.318415023946,8404.209022691228,-186.1865477883982,OnTrack,285.0,11277.0,100.0,0.0,8,7,1062.8836111111111,0.20383150150954,18.0,395.450833333334,interpolation,0 days 00:00:15.484000,15.484,2725.479,0.0
2023-11-25 14:30:25.583,0 days 00:45:25.579000,2413.9388198284187,8533.252434859654,-190.01856472207933,OnTrack,285.0,11302.5,100.0,0.0,8,7,1071.2575735322232,0.2054373944935285,18.0,390.53416666666726,interpolation,0 days 00:00:15.584000,15.584,2725.579,0.0
2023-11-25 14:30:25.683,0 days 00:45:25.679000,2418.0,8631.0,-193.0,OnTrack,285.0,11328.0,100.0,0.0,8,7,1078.7169444444446,0.2068678942749347,63.0,385.6175000000005,interpolation,0 days 00:00:15.684000,15.684,2725.679,0.0
2023-11-25 14:30:25.783,0 days 00:45:25.779000,2420.358419068217,8688.263298316837,-194.88151054535425,OnTrack,285.0,11310.5,100.0,0.0,8,7,1084.7481976420604,0.2080245208165455,63.0,381.7730555555561,interpolation,0 days 00:00:15.784000,15.784,2725.779,0.0
2023-11-25 14:30:25.883,0 days 00:45:25.879000,2421.014077033068,8705.042329810163,-195.6630963581419,OnTrack,285.0,11293.0,100.0,0.0,8,7,1091.3836111111111,0.2092970084872505,63.0,377.9286111111117,interpolation,0 days 00:00:15.884000,15.884,2725.879,0.0
2023-11-25 14:30:25.983,0 days 00:45:25.979000,2420.662696481385,8724.800196398408,-196.36313399185863,OnTrack,286.0,11325.5,100.0,0.0,8,7,1100.6554628376375,0.2110750916559391,63.0,372.1952777777784,interpolation,0 days 00:00:15.984000,15.984,2725.979,0.0
2023-11-25 14:30:26.083,0 days 00:45:26.079000,2420.0,8791.0,-198.0,OnTrack,287.0,11358.0,100.0,0.0,8,7,1110.5169444444446,0.2129662494290116,63.0,366.4619444444452,pos,0 days 00:00:16.084000,16.084,2726.079,0.0
2023-11-25 14:30:26.183,0 days 00:45:26.179000,2419.025987588913,8903.641740614941,-200.57369438256603,OnTrack,288.0,11349.5,100.0,0.0,8,7,1118.921247554337,0.2145779609128681,63.0,361.7675000000008,interpolation,0 days 00:00:16.184000,16.184,2726.179,0.0
2023-11-25 14:30:26.283,0 days 00:45:26.279000,2418.0,9015.0,-203.0,OnTrack,289.0,11341.0,100.0,0.0,8,7,1126.5725,0.2160452582332189,63.0,357.0730555555565,interpolation,0 days 00:00:16.284000,16.284,2726.279,0.0
2023-11-25 14:30:26.383,0 days 00:45:26.379000,2417.1813779851404,9077.34935991195,-204.1946997127455,OnTrack,289.0,11386.0,100.0,0.0,8,7,1134.1748296141195,0.2175031735157742,63.0,352.79527777777867,interpolation,0 days 00:00:16.384000,16.384,2726.379,0.0
2023-11-25 14:30:26.483,0 days 00:45:26.479000,2416.0,9127.0,-205.0,OnTrack,289.0,11431.0,100.0,0.0,8,7,1141.7079649308405,0.2189478192574435,63.0,348.51750000000084,interpolation,0 days 00:00:16.484000,16.484,2726.479,0.0
2023-11-25 14:30:26.583,0 days 00:45:26.579000,2413.885744500247,9200.262099913358,-206.25810734096115,OnTrack,289.0,11476.0,100.0,0.0,8,7,1149.050277777778,0.2203558705591091,63.0,344.239722222223,interpolation,0 days 00:00:16.584000,16.584,2726.579,0.0
2023-11-25 14:30:26.683,0 days 00:45:26.679000,2410.9654340346656,9292.844458425216,-207.8431609522474,OnTrack,289.3333333333333,11466.666666666666,100.0,0.0,8,7,1156.1814968966553,0.2217234399574882,63.0,340.1693518518526,interpolation,0 days 00:00:16.684000,16.684,2726.679,0.0
2023-11-25 14:30:26.783,0 days 00:45:26.779000,2408.0,9379.0,-209.0,OnTrack,289.6666666666667,11457.333333333334,100.0,0.0,8,7,1163.3010859825351,0.2230887790391482,63.0,336.0989814814822,interpolation,0 days 00:00:16.784000,16.784,2726.779,0.0
2023-11-25 14:30:26.883,0 days 00:45:26.879000,2405.116263646381,9454.43756735258,-209.60276498964527,OnTrack,290.0,11448.0,100.0,0.0,8,7,1171.6058333333335,0.2246813984985836,63.0,332.0286111111118,interpolation,0 days 00:00:16.884000,16.884,2726.879,0.0
2023-11-25 14:30:26.983,0 days 00:45:26.979000,2402.248238089902,9520.917290098234,-209.746336397922,OnTrack,290.5,11485.0,100.0,0.0,8,7,1181.2952046866317,0.2265395503140601,63.0,326.9286111111119,interpolation,0 days 00:00:16.984000,16.984,2726.979,0.0
2023-11-25 14:30:27.083,0 days 00:45:27.079000,2399.0,9589.0,-210.0,OnTrack,291.0,11522.0,100.0,0.0,8,7,1191.0058333333334,0.2284017786869199,63.0,321.828611111112,pos,0 days 00:00:17.084000,17.084,2727.079,0.0
2023-11-25 14:30:27.183,0 days 00:45:27.179000,2395.305561817061,9660.44584469698,-210.4586372441992,OnTrack,291.5,11502.0,100.0,0.0,8,7,1199.3743525643422,0.2300066278185053,63.0,317.7175000000009,interpolation,0 days 00:00:17.184000,17.184,2727.179,0.0
2023-11-25 14:30:27.283,0 days 00:45:27.279000,2391.0,9735.0,-211.0,OnTrack,292.0,11482.0,100.0,0.0,8,7,1207.2280555555556,0.2315127495202366,63.0,313.6063888888898,interpolation,0 days 00:00:17.284000,17.284,2727.279,0.0
2023-11-25 14:30:27.383,0 days 00:45:27.379000,2385.918391007733,9812.407641719896,-211.501840136883,OnTrack,292.5,11531.0,100.0,0.0,8,7,1215.39423548287,0.233078795603534,63.0,309.6063888888897,interpolation,0 days 00:00:17.384000,17.384,2727.379,0.0
2023-11-25 14:30:27.483,0 days 00:45:27.479000,2380.1243982244987,9892.915061318416,-211.92116277988225,OnTrack,293.0,11580.0,100.0,0.0,8,7,1223.5058333333336,0.2346343743632565,63.0,305.6063888888896,interpolation,0 days 00:00:17.484000,17.484,2727.479,0.0
2023-11-25 14:30:27.583,0 days 00:45:27.579000,2374.0,9978.0,-212.0,OnTrack,293.0,11577.333333333334,100.0,0.0,8,7,1231.195790093994,0.2361090940942628,63.0,302.0672222222229,interpolation,0 days 00:00:17.584000,17.584,2727.579,0.0
2023-11-25 14:30:27.683,0 days 00:45:27.679000,2367.608859066565,10067.908746704386,-211.6953573625355,OnTrack,293.0,11574.666666666666,100.0,0.0,8,7,1238.5643897724228,0.2375221864787683,63.0,298.5280555555562,interpolation,0 days 00:00:17.684000,17.684,2727.679,0.0
2023-11-25 14:30:27.783,0 days 00:45:27.779000,2360.948047759423,10161.730452964886,-211.12549751772207,OnTrack,293.0,11572.0,100.0,0.0,8,7,1246.2133333333336,0.2389890410192691,63.0,294.9888888888895,interpolation,0 days 00:00:17.784000,17.784,2727.779,0.0
2023-11-25 14:30:27.883,0 days 00:45:27.879000,2354.0,10254.0,-211.0,OnTrack,293.0,11589.0,100.0,0.0,8,7,1254.2429037573952,0.2405288892010489,63.0,291.3500000000006,pos,0 days 00:00:17.884000,17.884,2727.879,0.0
2023-11-25 14:30:27.983,0 days 00:45:27.979000,2346.7617880935445,10343.80653001591,-211.4371286706184,OnTrack,293.0,11606.0,100.0,0.0,8,7,1262.4911111111114,0.2421106658622889,63.0,287.7111111111117,interpolation,0 days 00:00:17.984000,17.984,2727.979,0.0
2023-11-25 14:30:28.083,0 days 00:45:28.079000,2339.0,10433.0,-212.0,OnTrack,293.5,11577.0,100.0,0.0,8,7,1270.7959654609874,0.2437033058411702,63.0,284.1656944444451,interpolation,0 days 00:00:18.084000,18.084,2728.079,0.0
2023-11-25 14:30:28.183,0 days 00:45:28.179000,2330.48122367931,10523.430366939663,-212.2517304585677,OnTrack,294.0,11548.0,100.0,0.0,8,7,1278.9061111111114,0.2452586061092755,63.0,280.6202777777785,interpolation,0 days 00:00:18.184000,18.184,2728.179,0.0
2023-11-25 14:30:28.283,0 days 00:45:28.279000,2321.2054591314754,10615.097630834902,-212.19232004632164,OnTrack,286.0,11352.222222222224,88.88888888888889,0.0,8,7,1286.570192365571,0.2467283636381874,63.0,279.54126543209946,interpolation,0 days 00:00:18.284000,18.284,2728.279,0.0
2023-11-25 14:30:28.383,0 days 00:45:28.379000,2311.1727063564954,10708.001791685714,-211.82176876326164,OnTrack,278.0,11156.444444444443,77.77777777777777,0.0,8,7,1293.7882092243665,0.248112578427906,63.0,278.4622530864205,interpolation,0 days 00:00:18.384000,18.384,2728.379,0.0
2023-11-25 14:30:28.483,0 days 00:45:28.479000,2300.3829653543708,10802.1428494921,-211.14007660938785,OnTrack,270.0,10960.666666666666,66.66666666666666,0.0,8,7,1300.5601616874976,0.2494112504784312,63.0,277.3832407407415,interpolation,0 days 00:00:18.484000,18.484,2728.479,0.0
2023-11-25 14:30:28.583,0 days 00:45:28.579000,2288.8362361251,10897.520804254058,-210.1472435847001,OnTrack,262.0,10764.888888888889,55.55555555555556,0.0,8,7,1306.886049754965,0.250624379789763,63.0,276.30422839506247,interpolation,0 days 00:00:18.584000,18.584,2728.579,0.0
2023-11-25 14:30:28.683,0 days 00:45:28.679000,2276.7584775057107,10992.534298361888,-208.90396181343155,OnTrack,254.0,10569.111111111111,44.44444444444444,0.0,8,7,1312.8129714224374,0.2517609984469531,63.0,275.2252160493835,interpolation,0 days 00:00:18.684000,18.684,2728.679,0.0
2023-11-25 14:30:28.783,0 days 00:45:28.779000,2265.5054355769234,11077.575235350903,-207.7743821765245,OnTrack,246.0,10373.333333333334,33.33333333333333,0.0,8,7,1318.6235132170889,0.2528752986828458,63.0,274.1462037037045,interpolation,0 days 00:00:18.784000,18.784,2728.779,0.0
2023-11-25 14:30:28.883,0 days 00:45:28.879000,2255.303066861959,11151.042274009224,-206.81919617672787,OnTrack,238.0,10177.555555555557,22.22222222222223,0.0,8,7,1324.3647726523068,0.2539763124900048,63.0,273.06719135802547,interpolation,0 days 00:00:18.884000,18.884,2728.879,0.0
2023-11-25 14:30:28.983,0 days 00:45:28.979000,2246.1513713608174,11212.93541433685,-206.03840381404152,OnTrack,230.0,9981.777777777776,11.111111111111114,0.0,8,7,1330.0367497280922,0.25506403986843,63.0,271.9881790123465,interpolation,0 days 00:00:18.984000,18.984,2728.979,0.0
2023-11-25 14:30:29.083,0 days 00:45:29.079000,2238.0503490734973,11263.254656333773,-205.4320050884656,OnTrack,222.0,9786.0,0.0,0.0,8,7,1335.6394444444445,0.2561384808181214,63.0,270.9091666666675,interpolation,0 days 00:00:19.084000,19.084,2729.079,0.0
2023-11-25 14:30:29.183,0 days 00:45:29.179000,2231.0,11302.0,-205.0,OnTrack,210.0,9736.5,0.0,0.0,8,7,1341.172856801364,0.2571996353390791,63.0,270.60361111111206,interpolation,0 days 00:00:19.184000,19.184,2729.179,0.0
2023-11-25 14:30:29.283,0 days 00:45:29.279000,2225.0003241403247,11329.17144533553,-204.74238854864484,OnTrack,198.0,9687.0,0.0,1.0,8,7,1346.6394444444445,0.2582479747393429,63.0,270.29805555555663,interpolation,0 days 00:00:19.284000,19.284,2729.279,0.0
2023-11-25 14:30:29.383,0 days 00:45:29.379000,2219.03432584778,11348.458686300111,-204.57579917927967,OnTrack,193.5,9710.5,0.0,1.0,8,7,1352.04166501928,0.2592839703269534,63.0,270.3536111111122,interpolation,0 days 00:00:19.384000,19.384,2729.379,0.0
2023-11-25 14:30:29.483,0 days 00:45:29.479000,2207.0,11382.0,-204.0,OnTrack,189.0,9734.0,0.0,1.0,8,6,1357.1394444444447,0.2602615825732363,63.0,270.4091666666677,interpolation,0 days 00:00:19.484000,19.484,2729.479,0.0
2023-11-25 14:30:29.583,0 days 00:45:29.579000,2187.8803405362046,11433.485118177608,-202.9316186019564,OnTrack,176.5,9717.5,0.0,1.0,8,6,1361.6927086385117,0.2611347719495182,63.0,271.2980555555565,interpolation,0 days 00:00:19.584000,19.584,2729.579,0.0
2023-11-25 14:30:29.683,0 days 00:45:29.679000,2165.0,11489.0,-202.0,OnTrack,164.0,9701.0,0.0,1.0,8,6,1366.2505555555558,0.2620088401645512,63.0,272.1869444444453,interpolation,0 days 00:00:19.684000,19.684,2729.679,0.0
2023-11-25 14:30:29.783,0 days 00:45:29.779000,2141.683630934992,11534.63060463424,-201.8344892089819,OnTrack,157.5,10121.5,0.0,1.0,8,6,1371.3620831496542,0.2629890889270881,63.0,273.85361111111206,interpolation,0 days 00:00:19.784000,19.784,2729.779,0.0
2023-11-25 14:30:29.883,0 days 00:45:29.879000,2119.0,11572.0,-202.0,OnTrack,151.0,10542.0,0.0,1.0,8,5,1376.3172222222224,0.26393934672276,63.0,275.5202777777788,interpolation,0 days 00:00:19.884000,19.884,2729.879,0.0
2023-11-25 14:30:29.983,0 days 00:45:29.979000,2098.0178738538434,11602.731254016957,-202.06144614415237,OnTrack,145.5,10192.0,0.0,1.0,8,5,1380.4059035746782,0.2647234420371979,63.0,277.2702777777787,interpolation,0 days 00:00:19.984000,19.984,2729.979,0.0
2023-11-25 14:30:30.083,0 days 00:45:30.079000,2078.2752358163957,11627.571109455705,-202.03303385750044,OnTrack,140.0,9842.0,0.0,1.0,8,4,1384.0950000000005,0.2654309080811995,63.0,279.0202777777786,interpolation,0 days 00:00:20.084000,20.084,2730.079,0.0
2023-11-25 14:30:30.183,0 days 00:45:30.179000,2057.0,11651.0,-202.0,OnTrack,134.5,9374.0,0.0,1.0,8,4,1387.8513842911684,0.2661512780655624,63.0,281.1869444444453,interpolation,0 days 00:00:20.184000,20.184,2730.179,0.0
2023-11-25 14:30:30.283,0 days 00:45:30.279000,2033.730154455557,11673.764660773832,-201.97655064224168,OnTrack,129.0,8906.0,0.0,1.0,8,3,1391.261666666667,0.2668052753329045,63.0,283.35361111111206,interpolation,0 days 00:00:20.284000,20.284,2730.279,0.0
2023-11-25 14:30:30.383,0 days 00:45:30.379000,2010.0,11695.0,-202.0,OnTrack,125.5,8652.0,0.0,1.0,8,3,1393.9124573449812,0.267313623225844,63.0,285.2647222222233,interpolation,0 days 00:00:20.384000,20.384,2730.379,0.0
2023-11-25 14:30:30.483,0 days 00:45:30.479000,1987.3438374502616,11713.840925901306,-202.1076622890496,OnTrack,122.0,8398.0,0.0,1.0,8,3,1396.6838888888892,0.2678451066799309,63.0,287.1758333333346,interpolation,0 days 00:00:20.484000,20.484,2730.479,0.0
2023-11-25 14:30:30.583,0 days 00:45:30.579000,1963.73350838823,11730.69415511956,-202.3466900527733,OnTrack,119.0,8189.5,0.0,1.0,8,3,1400.4560938611692,0.2685685106307152,63.0,290.3091666666678,interpolation,0 days 00:00:20.584000,20.584,2730.579,0.0
2023-11-25 14:30:30.683,0 days 00:45:30.679000,1927.0,11748.0,-203.0,OnTrack,116.0,7981.0,0.0,1.0,8,3,1404.4172222222226,0.2693281448306079,63.0,293.442500000001,interpolation,0 days 00:00:20.684000,20.684,2730.679,0.0
2023-11-25 14:30:30.783,0 days 00:45:30.779000,1879.0,11765.0,-204.0,OnTrack,114.66666666666669,7926.0,0.3333333333333333,1.0,8,3,1407.755423932451,0.2699683190320205,63.0,296.0610185185196,interpolation,0 days 00:00:20.784000,20.784,2730.779,0.0
2023-11-25 14:30:30.883,0 days 00:45:30.879000,1843.0428291376847,11774.703031229725,-204.65821558604847,OnTrack,113.33333333333331,7871.0,0.6666666666666666,1.0,8,3,1410.5335087543451,0.2705010783996954,63.0,298.6795370370381,interpolation,0 days 00:00:20.884000,20.884,2730.879,0.0
2023-11-25 14:30:30.983,0 days 00:45:30.979000,1820.3565481781511,11776.641386079213,-204.9037831074686,OnTrack,112.0,7816.0,1.0,0.0,8,3,1413.1283333333338,0.2709986935520602,63.0,301.29805555555663,interpolation,0 days 00:00:20.984000,20.984,2730.979,0.0
2023-11-25 14:30:31.083,0 days 00:45:31.079000,1795.0,11775.0,-205.0,OnTrack,111.5,7680.5,1.5,0.0,8,3,1415.602706788739,0.2714732095305155,63.0,303.63138888889,interpolation,0 days 00:00:21.084000,21.084,2731.079,0.0
2023-11-25 14:30:31.183,0 days 00:45:31.179000,1764.3163114798565,11770.47636580517,-204.9907493942802,OnTrack,111.0,7545.0,2.0,0.0,8,3,1418.0616666666672,0.271944769613699,63.0,305.9647222222234,interpolation,0 days 00:00:21.184000,21.184,2731.179,0.0
2023-11-25 14:30:31.283,0 days 00:45:31.279000,1731.0,11762.0,-205.0,OnTrack,109.33333333333331,7524.666666666667,6.666666666666667,0.0,8,3,1420.6102505132258,0.272433517080248,63.0,308.9202777777789,interpolation,0 days 00:00:21.284000,21.284,2731.279,0.0
2023-11-25 14:30:31.383,0 days 00:45:31.379000,1697.745582942713,11748.500419089774,-205.15172052685008,OnTrack,107.66666666666669,7504.333333333333,11.333333333333334,0.0,8,3,1423.28510498098,0.2729464797384189,63.0,311.8758333333344,interpolation,0 days 00:00:21.384000,21.384,2731.379,0.0
2023-11-25 14:30:31.483,0 days 00:45:31.479000,1664.553060307995,11729.977623074494,-205.44591097483044,OnTrack,106.0,7484.0,16.0,0.0,8,3,1426.3061111111117,0.2735258246536448,63.0,314.83138888888993,interpolation,0 days 00:00:21.484000,21.484,2731.479,0.0
2023-11-25 14:30:31.583,0 days 00:45:31.579000,1634.58400751928,11710.966015521966,-205.7671459353956,OnTrack,105.66666666666669,7618.666666666667,23.0,0.0,8,3,1429.7099159314494,0.2741785797061473,63.0,318.7980555555567,interpolation,0 days 00:00:21.584000,21.584,2731.579,0.0
2023-11-25 14:30:31.683,0 days 00:45:31.679000,1611.0,11696.0,-206.0,OnTrack,105.33333333333331,7753.333333333333,30.0,0.0,8,3,1433.400984612388,0.2748864239738975,63.0,322.7647222222235,interpolation,0 days 00:00:21.684000,21.684,2731.679,0.0
2023-11-25 14:30:31.783,0 days 00:45:31.779000,1593.801037750156,11685.079576508597,-206.1444731686438,OnTrack,105.0,7888.0,37.0,0.0,8,3,1436.8061111111117,0.2755394324875381,63.0,326.73138888889025,interpolation,0 days 00:00:21.784000,21.784,2731.779,0.0
2023-11-25 14:30:31.883,0 days 00:45:31.879000,1582.9871207697474,11678.204745047757,-206.2005654413268,OnTrack,106.66666666666669,7986.333333333333,37.66666666666666,0.0,8,3,1439.8297615762854,0.2761192845126457,63.0,329.7906481481494,interpolation,0 days 00:00:21.884000,21.884,2731.879,0.0
2023-11-25 14:30:31.983,0 days 00:45:31.979000,1570.429643404465,11666.727541063035,-206.40637499334645,OnTrack,108.33333333333331,8084.666666666667,38.333333333333336,0.0,8,3,1442.541828242753,0.2766393834350875,63.0,332.8499074074086,interpolation,0 days 00:00:21.984000,21.984,2731.979,0.0
2023-11-25 14:30:32.083,0 days 00:45:32.079000,1548.0,11642.0,-207.0,OnTrack,110.0,8183.0,39.0,0.0,8,3,1445.361666666667,0.2771801499818216,63.0,335.9091666666677,interpolation,0 days 00:00:22.084000,22.084,2732.079,0.0
2023-11-25 14:30:32.183,0 days 00:45:32.179000,1515.698190556352,11604.022121858648,-207.98144046128755,OnTrack,112.0,8350.5,45.0,0.0,8,3,1448.359169798572,0.2777549876759667,63.0,339.15916666666783,interpolation,0 days 00:00:22.184000,22.184,2732.179,0.0
2023-11-25 14:30:32.283,0 days 00:45:32.279000,1484.0,11565.0,-209.0,OnTrack,114.0,8518.0,51.0,0.0,8,3,1451.6950000000002,0.2783947070879795,63.0,342.40916666666794,pos,0 days 00:00:22.284000,22.284,2732.279,0.0
2023-11-25 14:30:32.383,0 days 00:45:32.379000,1463.381213257422,11537.139727785076,-209.70498223892835,OnTrack,115.5,8518.0,51.0,0.0,8,3,1455.529819632484,0.2791301187883164,63.0,346.44250000000136,interpolation,0 days 00:00:22.384000,22.384,2732.379,0.0
2023-11-25 14:30:32.483,0 days 00:45:32.479000,1452.0216184252513,11518.007437763366,-210.18814140043332,OnTrack,117.0,8518.0,51.0,0.0,8,3,1459.495,0.2798905300503002,63.0,350.4758333333348,interpolation,0 days 00:00:22.484000,22.484,2732.479,0.0
2023-11-25 14:30:32.583,0 days 00:45:32.579000,1439.0,11493.0,-211.0,OnTrack,122.33333333333331,8938.0,62.33333333333333,0.0,8,3,1463.221912406524,0.2806052481472537,63.0,353.2239814814829,interpolation,0 days 00:00:22.584000,22.584,2732.579,0.0
2023-11-25 14:30:32.683,0 days 00:45:32.679000,1422.4961647171754,11459.68357196715,-212.23231132043065,OnTrack,127.66666666666669,9358.0,73.66666666666666,0.0,8,3,1466.6970580401864,0.2812716843826692,63.0,355.9721296296311,interpolation,0 days 00:00:22.684000,22.684,2732.679,0.0
2023-11-25 14:30:32.783,0 days 00:45:32.779000,1403.3943491609275,11419.8221759666,-213.77859882251275,OnTrack,133.0,9778.0,85.0,0.0,8,3,1469.8394444444446,0.2818743066570248,63.0,358.7202777777793,interpolation,0 days 00:00:22.784000,22.784,2732.779,0.0
2023-11-25 14:30:32.883,0 days 00:45:32.879000,1387.0,11384.0,-215.0,OnTrack,133.0,10265.5,92.5,0.0,8,3,1472.6355729456554,0.282410526300321,63.0,361.0758333333348,interpolation,0 days 00:00:22.884000,22.884,2732.879,0.0
2023-11-25 14:30:32.983,0 days 00:45:32.979000,1374.1973628731726,11353.981084432826,-215.79003722335463,OnTrack,133.0,10753.0,100.0,0.0,8,3,1475.7505555555556,0.2830078932894387,63.0,363.4313888888903,interpolation,0 days 00:00:22.984000,22.984,2732.979,0.0
2023-11-25 14:30:33.083,0 days 00:45:33.079000,1364.9864377804452,11329.76542926507,-216.14871049257653,OnTrack,141.33333333333334,10916.666666666666,100.0,0.0,8,3,1479.849504285883,0.2837939576012592,63.0,365.86101851852,interpolation,0 days 00:00:23.084000,23.084,2733.079,0.0
2023-11-25 14:30:33.183,0 days 00:45:33.179000,1357.032293797495,11306.91705946478,-216.4330285155102,OnTrack,149.66666666666666,11080.333333333334,100.0,0.0,8,3,1484.7986084702884,0.2847430580733042,63.0,368.2906481481496,interpolation,0 days 00:00:23.184000,23.184,2733.179,0.0
2023-11-25 14:30:33.283,0 days 00:45:33.279000,1348.0,11281.0,-217.0,OnTrack,158.0,11244.0,100.0,0.0,8,3,1489.7949999999998,0.2857012269423923,63.0,370.7202777777793,interpolation,0 days 00:00:23.284000,23.284,2733.279,0.0
2023-11-25 14:30:33.383,0 days 00:45:33.379000,1337.8895563879605,11252.014250870734,-217.849624946046,OnTrack,162.5,11121.0,100.0,0.0,8,3,1494.7048668384405,0.286642802783274,63.0,372.498055555557,interpolation,0 days 00:00:23.384000,23.384,2733.379,0.0
2023-11-25 14:30:33.483,0 days 00:45:33.479000,1326.2082701996296,11218.089063067207,-218.93781040061072,OnTrack,167.0,10998.0,100.0,0.0,8,3,1499.5282089856096,0.287567785595949,63.0,374.27583333333473,interpolation,0 days 00:00:23.484000,23.484,2733.479,0.0
2023-11-25 14:30:33.583,0 days 00:45:33.579000,1310.0,11168.0,-220.0,OnTrack,171.5,10875.0,100.0,0.0,8,3,1504.3738355288629,0.2884970419357219,63.0,376.0536111111125,interpolation,0 days 00:00:23.584000,23.584,2733.579,0.0
2023-11-25 14:30:33.683,0 days 00:45:33.679000,1290.0,11104.0,-221.0,OnTrack,176.0,10752.0,100.0,0.0,8,3,1509.3505555555555,0.2894514383578974,63.0,377.83138888889016,interpolation,0 days 00:00:23.684000,23.684,2733.679,0.0
2023-11-25 14:30:33.783,0 days 00:45:33.779000,1273.575884042534,11050.83094549422,-221.9852027018452,OnTrack,180.5,11000.0,100.0,0.0,8,3,1514.4583690656868,0.2904309748624752,63.0,379.359166666668,interpolation,0 days 00:00:23.784000,23.784,2733.779,0.0
2023-11-25 14:30:33.883,0 days 00:45:33.879000,1260.8290118228774,11009.132389344122,-222.97073877994464,OnTrack,185.0,11248.0,100.0,0.0,8,4,1519.628333333333,0.2914224301529782,63.0,380.8869444444458,interpolation,0 days 00:00:23.884000,23.884,2733.879,0.0
2023-11-25 14:30:33.983,0 days 00:45:33.979000,1245.0,10958.0,-224.0,OnTrack,186.0,11393.0,100.0,0.0,8,4,1524.7915056325708,0.2924125829329293,63.0,382.235092592594,interpolation,0 days 00:00:23.984000,23.984,2733.979,0.0
2023-11-25 14:30:34.083,0 days 00:45:34.079000,1224.9622904517269,10893.949740041897,-225.08021828593385,OnTrack,187.0,11538.0,100.0,0.0,8,4,1529.8537835566126,0.2933833869791384,63.0,383.58324074074216,interpolation,0 days 00:00:24.084000,24.084,2734.079,0.0
2023-11-25 14:30:34.183,0 days 00:45:34.179000,1200.715883178058,10816.981609469814,-226.21139363774623,OnTrack,188.0,11683.0,100.0,0.0,8,4,1534.2505555555556,0.2942265655068445,63.0,384.9313888888903,interpolation,0 days 00:00:24.184000,24.184,2734.179,0.0
2023-11-25 14:30:34.283,0 days 00:45:34.279000,1177.36153431536,10743.022674162825,-227.2368721706855,OnTrack,190.66666666666663,11403.0,100.0,0.0,8,4,1537.8877201862165,0.29492407247765,63.0,386.072129629631,interpolation,0 days 00:00:24.284000,24.284,2734.279,0.0
2023-11-25 14:30:34.383,0 days 00:45:34.379000,1160.0,10688.0,-228.0,OnTrack,193.33333333333331,11123.0,100.0,0.0,8,4,1541.4999163473865,0.2956167911907635,63.0,387.2128703703716,interpolation,0 days 00:00:24.384000,24.384,2734.379,0.0
2023-11-25 14:30:34.483,0 days 00:45:34.479000,1148.6312802319776,10651.913586981334,-228.50077712568972,OnTrack,196.0,10843.0,100.0,0.0,8,4,1549.495,0.2971500257693859,63.0,388.3536111111123,interpolation,0 days 00:00:24.484000,24.484,2734.479,0.0
2023-11-25 14:30:34.583,0 days 00:45:34.579000,1143.2553750112934,10634.76343510683,-228.7392035477547,OnTrack,210.0,10826.0,100.0,0.0,8,5,1561.1033333333332,0.2993761810968569,63.0,390.0119444444461,interpolation,0 days 00:00:24.584000,24.584,2734.579,0.0
2023-11-25 14:30:34.683,0 days 00:45:34.679000,1137.501782284962,10616.481565678912,-228.8580281959423,OnTrack,210.0,10975.5,100.0,0.0,8,5,1567.299164742091,0.3005643691599194,63.0,390.6827777777794,interpolation,0 days 00:00:24.684000,24.684,2734.679,0.0
2023-11-25 14:30:34.783,0 days 00:45:34.779000,1125.0,10577.0,-229.0,OnTrack,210.0,11125.0,100.0,0.0,8,5,1570.495,0.3011772414371725,63.0,391.3536111111128,pos,0 days 00:00:24.784000,24.784,2734.779,0.0
2023-11-25 14:30:34.883,0 days 00:45:34.879000,1105.7500281564066,10516.318738070097,-229.16511895992775,OnTrack,214.0,11200.333333333334,100.0,0.0,8,5,1574.6076445169915,0.3019659322197852,63.0,391.7536111111127,interpolation,0 days 00:00:24.884000,24.884,2734.879,0.0
2023-11-25 14:30:34.983,0 days 00:45:34.979000,1082.0,10441.0,-229.0,OnTrack,218.0,11275.666666666666,100.0,0.0,8,5,1579.6050582548494,0.3029242971199525,63.0,392.15361111111264,interpolation,0 days 00:00:24.984000,24.984,2734.979,0.0
2023-11-25 14:30:35.083,0 days 00:45:35.079000,1055.9980487765977,10357.606005900529,-228.1512580444911,OnTrack,222.0,11351.0,100.0,0.0,8,5,1585.2949999999998,0.3040154696220889,63.0,392.55361111111256,interpolation,0 days 00:00:25.084000,25.084,2735.079,0.0
2023-11-25 14:30:35.183,0 days 00:45:35.179000,1030.0,10274.0,-227.0,OnTrack,224.66666666666663,11465.666666666666,100.0,0.0,8,5,1591.6454293861357,0.3052333052754707,63.0,392.8499074074088,interpolation,0 days 00:00:25.184000,25.184,2735.179,0.0
2023-11-25 14:30:35.283,0 days 00:45:35.279000,1006.2616791840076,10198.045226526749,-225.9273327731256,OnTrack,227.33333333333331,11580.333333333334,100.0,0.0,8,5,1598.5909787860332,0.3065652683880733,63.0,393.146203703705,interpolation,0 days 00:00:25.284000,25.284,2735.279,0.0
2023-11-25 14:30:35.383,0 days 00:45:35.379000,984.7830863286206,10129.741685480769,-224.93325636386805,OnTrack,230.0,11695.0,100.0,0.0,8,5,1605.7394444444444,0.3079361451928442,63.0,393.4425000000013,interpolation,0 days 00:00:25.384000,25.384,2735.379,0.0
2023-11-25 14:30:35.483,0 days 00:45:35.479000,965.6629503089232,10069.067301694402,-223.97255177267644,OnTrack,232.25,11446.25,100.0,0.0,8,5,1613.0254594035075,0.3093334001261236,63.0,393.47305555555687,interpolation,0 days 00:00:25.484000,25.484,2735.479,0.0
2023-11-25 14:30:35.583,0 days 00:45:35.579000,949.0,10016.0,-223.0,OnTrack,234.5,11197.5,100.0,0.0,8,5,1620.4490236632237,0.3107570331879117,63.0,393.5036111111125,interpolation,0 days 00:00:25.584000,25.584,2735.579,0.0
2023-11-25 14:30:35.683,0 days 00:45:35.679000,934.7942354018508,9970.539780397556,-222.01560104583865,OnTrack,236.75,10948.75,100.0,0.0,8,5,1627.8205760913277,0.3121706918276436,63.0,393.5341666666681,interpolation,0 days 00:00:25.684000,25.684,2735.679,0.0
2023-11-25 14:30:35.783,0 days 00:45:35.779000,922.0729639081808,9929.8599205947,-221.01810362634552,OnTrack,239.0,10700.0,100.0,0.0,8,5,1634.9505555555556,0.3135380234947549,63.0,393.5647222222237,interpolation,0 days 00:00:25.784000,25.784,2735.779,0.0
2023-11-25 14:30:35.883,0 days 00:45:35.879000,905.0,9877.0,-220.0,OnTrack,239.0,10700.0,100.0,0.0,8,5,1641.8389620559078,0.3148590281892455,63.0,393.6202777777793,interpolation,0 days 00:00:25.884000,25.884,2735.879,0.0
2023-11-25 14:30:35.983,0 days 00:45:35.979000,882.6026411105897,9809.1332673753,-218.9600388701419,OnTrack,239.0,10700.0,100.0,0.0,8,6,1648.4857955923844,0.3161337059111153,63.0,393.6758333333348,interpolation,0 days 00:00:25.984000,25.984,2735.979,0.0
2023-11-25 14:30:36.083,0 days 00:45:36.079000,859.0,9738.0,-218.0,OnTrack,239.0,10700.0,100.0,0.0,8,6,1655.003897999335,0.3173836965843301,63.0,393.7313888888904,interpolation,0 days 00:00:26.084000,26.084,2736.079,0.0
2023-11-25 14:30:36.183,0 days 00:45:36.179000,838.3111894282813,9675.340475153514,-217.2216631528033,OnTrack,239.0,10700.0,100.0,0.0,8,6,1661.506111111111,0.3186306401328554,63.0,393.7869444444459,interpolation,0 days 00:00:26.184000,26.184,2736.179,0.0
2023-11-25 14:30:36.283,0 days 00:45:36.279000,820.3500909933229,9620.772174524964,-216.6016843013994,OnTrack,239.0,10819.666666666666,100.0,0.0,8,6,1667.9924349277117,0.3198745365566913,63.0,393.8128703703719,interpolation,0 days 00:00:26.284000,26.284,2736.279,0.0
2023-11-25 14:30:36.383,0 days 00:45:36.379000,804.0,9572.0,-216.0,OnTrack,239.0,10939.333333333334,100.0,0.0,8,6,1674.371490352669,0.3210978618877897,63.0,393.8387962962979,interpolation,0 days 00:00:26.384000,26.384,2736.379,0.0
2023-11-25 14:30:36.483,0 days 00:45:36.479000,789.0747999520456,9528.64143718472,-215.39326646049443,OnTrack,239.0,11059.0,100.0,0.0,8,6,1680.095,0.3221954717795259,63.0,393.8647222222239,interpolation,0 days 00:00:26.484000,26.484,2736.479,0.0
2023-11-25 14:30:36.583,0 days 00:45:36.579000,768.0,9469.0,-215.0,OnTrack,239.0,11059.0,100.0,0.0,8,6,1685.07158383751,0.3231498420844055,63.0,393.8869444444461,interpolation,0 days 00:00:26.584000,26.584,2736.579,0.0
2023-11-25 14:30:36.683,0 days 00:45:36.679000,736.0,9379.0,-215.0,OnTrack,239.0,11059.0,100.0,0.0,8,6,1690.7172222222223,0.3242325184347661,63.0,393.90916666666817,interpolation,0 days 00:00:26.684000,26.684,2736.679,0.0
2023-11-25 14:30:36.783,0 days 00:45:36.779000,709.8680582039883,9304.365988874248,-215.16096603607028,OnTrack,245.66666666666663,11152.333333333334,100.0,0.0,8,6,1698.4478955111622,0.325715046462945,63.0,393.2758333333349,interpolation,0 days 00:00:26.784000,26.784,2736.779,0.0
2023-11-25 14:30:36.883,0 days 00:45:36.879000,689.6691456188352,9245.267761671976,-215.34977606914453,OnTrack,252.33333333333331,11245.666666666666,100.0,0.0,8,6,1707.869477405771,0.3275218437115786,63.0,392.6425000000016,interpolation,0 days 00:00:26.884000,26.884,2736.879,0.0
2023-11-25 14:30:36.983,0 days 00:45:36.979000,659.0,9157.0,-215.0,OnTrack,259.0,11339.0,100.0,0.0,8,6,1716.6172222222222,0.3291994177583697,63.0,392.0091666666683,interpolation,0 days 00:00:26.984000,26.984,2736.979,0.0
2023-11-25 14:30:37.083,0 days 00:45:37.079000,615.1267583041528,9032.11185560793,-214.0172332954523,OnTrack,263.0,11024.0,100.0,0.0,8,6,1724.2970076977892,0.3306721869199146,63.0,391.2591666666684,interpolation,0 days 00:00:27.084000,27.084,2737.079,0.0
2023-11-25 14:30:37.183,0 days 00:45:37.179000,570.0,8904.0,-213.0,OnTrack,267.0,10709.0,100.0,0.0,12,6,1731.4505555555554,0.3320440383491078,63.0,390.5091666666685,interpolation,0 days 00:00:27.184000,27.184,2737.179,1.0
2023-11-25 14:30:37.283,0 days 00:45:37.279000,535.5703045562484,8806.061104680453,-212.54682415814185,OnTrack,269.3333333333333,10763.0,100.0,0.0,12,6,1738.619587518603,0.3334188591988435,63.0,389.6276851851872,interpolation,0 days 00:00:27.284000,27.284,2737.279,1.0
2023-11-25 14:30:37.383,0 days 00:45:37.379000,511.8376719728982,8738.29516964929,-212.6577057698778,OnTrack,271.6666666666667,10817.0,100.0,0.0,12,6,1745.7771662240032,0.3347914836324532,63.0,388.74620370370576,interpolation,0 days 00:00:27.384000,27.384,2737.379,1.0
2023-11-25 14:30:37.483,0 days 00:45:37.479000,497.1692095062343,8696.100771007701,-213.2376566330715,OnTrack,274.0,10871.0,100.0,0.0,12,6,1752.7616666666663,0.3361309164712321,63.0,387.8647222222244,interpolation,0 days 00:00:27.484000,27.484,2737.479,1.0
2023-11-25 14:30:37.583,0 days 00:45:37.579000,481.7676108562612,8651.869506718094,-213.71675045293296,OnTrack,275.0,10924.0,100.0,0.0,12,6,1759.5461512078246,0.3374319918256134,63.0,386.905462962965,interpolation,0 days 00:00:27.584000,27.584,2737.579,1.0
2023-11-25 14:30:37.683,0 days 00:45:37.679000,464.0,8601.0,-214.0,OnTrack,276.0,10977.0,100.0,0.0,12,7,1766.3296248073543,0.3387328733095203,63.0,385.9462037037056,interpolation,0 days 00:00:27.684000,27.684,2737.679,1.0
2023-11-25 14:30:37.783,0 days 00:45:37.779000,443.8663769374507,8543.49225085342,-214.08740527427256,OnTrack,277.0,11030.0,100.0,0.0,12,7,1774.3061111111108,0.3402625414341095,63.0,384.9869444444462,interpolation,0 days 00:00:27.784000,27.784,2737.779,1.0
2023-11-25 14:30:37.883,0 days 00:45:37.879000,421.4221758363293,8479.506034793187,-214.01511273197087,OnTrack,279.5,11094.5,100.0,0.0,12,7,1783.6746130411711,0.3420591594225108,63.0,383.5869444444461,interpolation,0 days 00:00:27.884000,27.884,2737.879,1.0
2023-11-25 14:30:37.983,0 days 00:45:37.979000,397.0,8410.0,-214.0,OnTrack,282.0,11159.0,100.0,0.0,12,7,1793.106111111111,0.3438678583176519,63.0,382.186944444446,interpolation,0 days 00:00:27.984000,27.984,2737.979,1.0
2023-11-25 14:30:38.083,0 days 00:45:38.079000,370.6552830285357,8335.1339203526,-214.07821316444225,OnTrack,283.5,11209.0,100.0,0.0,12,7,1801.271585834507,0.3454337691624602,63.0,380.9369444444461,interpolation,0 days 00:00:28.084000,28.084,2738.079,1.0
2023-11-25 14:30:38.183,0 days 00:45:38.179000,345.0,8262.0,-214.0,OnTrack,285.0,11259.0,100.0,0.0,12,7,1808.939444444444,0.3469042510830465,63.0,379.6869444444462,interpolation,0 days 00:00:28.184000,28.184,2738.179,1.0
2023-11-25 14:30:38.283,0 days 00:45:38.279000,322.6461259924562,8197.690443091207,-213.51560828137585,OnTrack,286.5,11311.0,100.0,0.0,12,7,1816.878094174008,0.3484266632055213,63.0,378.3536111111128,interpolation,0 days 00:00:28.284000,28.284,2738.279,1.0
2023-11-25 14:30:38.383,0 days 00:45:38.379000,303.0,8141.0,-213.0,OnTrack,288.0,11363.0,100.0,0.0,12,7,1824.939444444444,0.3499726058775507,63.0,377.02027777777926,interpolation,0 days 00:00:28.384000,28.384,2738.379,1.0
2023-11-25 14:30:38.483,0 days 00:45:38.479000,285.46796101672703,8090.723421100153,-212.82813714730275,OnTrack,289.0,11415.5,100.0,0.0,12,7,1832.9754046770013,0.3515136794468014,63.0,375.63138888889046,interpolation,0 days 00:00:28.484000,28.484,2738.479,1.0
2023-11-25 14:30:38.583,0 days 00:45:38.579000,267.52266832735285,8039.592747213658,-212.9427257268545,OnTrack,290.0,11468.0,100.0,0.0,12,7,1841.0505555555555,0.3530622686914611,63.0,374.24250000000166,interpolation,0 days 00:00:28.584000,28.584,2738.579,1.0
2023-11-25 14:30:38.683,0 days 00:45:38.679000,234.0,7944.0,-213.0,OnTrack,291.0,11368.0,100.0,0.0,12,7,1849.2294777639847,0.3546307583897181,63.0,372.7425000000016,pos,0 days 00:00:28.684000,28.684,2738.679,1.0
2023-11-25 14:30:38.783,0 days 00:45:38.779000,186.0,7807.0,-213.0,OnTrack,292.0,11268.0,100.0,0.0,12,7,1857.5121713022909,0.3562191485415724,63.0,371.2425000000016,interpolation,0 days 00:00:28.784000,28.784,2738.779,1.0
2023-11-25 14:30:38.883,0 days 00:45:38.879000,145.2872431260896,7690.530189191539,-213.28673518648344,OnTrack,293.0,11168.0,100.0,0.0,12,7,1865.7307236338952,0.3577952381947325,63.0,369.7425000000015,interpolation,0 days 00:00:28.884000,28.884,2738.879,1.0
2023-11-25 14:30:38.983,0 days 00:45:38.979000,114.6440908713965,7602.563533812499,-213.81838368702532,OnTrack,294.0,11068.0,100.0,0.0,12,7,1873.717222222222,0.359326826396907,63.0,368.2425000000014,interpolation,0 days 00:00:28.984000,28.984,2738.979,1.0
2023-11-25 14:30:39.083,0 days 00:45:39.079000,89.0,7529.0,-214.0,OnTrack,295.0,10893.666666666666,100.0,0.0,12,7,1881.4716670672708,0.3608139131480961,63.0,366.7647222222236,interpolation,0 days 00:00:29.084000,29.084,2739.079,1.0
2023-11-25 14:30:39.183,0 days 00:45:39.179000,67.50987564570907,7467.489570078176,-213.73242603411555,OnTrack,296.0,10719.333333333334,100.0,0.0,12,7,1889.053260933039,0.3622678518910968,63.0,365.28694444444585,interpolation,0 days 00:00:29.184000,29.184,2739.179,1.0
2023-11-25 14:30:39.283,0 days 00:45:39.279000,49.28576739005839,7415.406899318488,-213.1434725294345,OnTrack,297.0,10545.0,100.0,0.0,12,7,1896.817222222222,0.3637567636314724,63.0,363.809166666668,interpolation,0 days 00:00:29.284000,29.284,2739.279,1.0
2023-11-25 14:30:39.383,0 days 00:45:39.379000,29.0,7357.0,-213.0,OnTrack,298.5,10590.25,100.0,0.0,12,7,1904.8227543050575,0.3652920019282801,63.0,362.059166666668,interpolation,0 days 00:00:29.384000,29.384,2739.379,1.0
2023-11-25 14:30:39.483,0 days 00:45:39.479000,5.764632149634362,7289.643554277563,-213.42981787709968,OnTrack,300.0,10635.5,100.0,0.0,12,7,1913.0698571815449,0.36687356678152,63.0,360.3091666666679,interpolation,0 days 00:00:29.484000,29.484,2739.479,1.0
2023-11-25 14:30:39.583,0 days 00:45:39.579000,-20.0,7215.0,-214.0,OnTrack,301.5,10680.75,100.0,0.0,12,8,1921.6073092450367,0.3685108125297617,63.0,358.55916666666786,interpolation,0 days 00:00:29.584000,29.584,2739.579,1.0
2023-11-25 14:30:39.683,0 days 00:45:39.679000,-47.87356028786454,7134.731775016133,-214.2776202079676,OnTrack,303.0,10726.0,100.0,0.0,12,8,1930.4838888888887,0.3702130935115748,63.0,356.8091666666678,interpolation,0 days 00:00:29.684000,29.684,2739.679,1.0
2023-11-25 14:30:39.783,0 days 00:45:39.779000,-77.08411076237378,7051.025392648249,-214.26765905299052,OnTrack,303.75,10774.5,100.0,0.0,12,8,1939.6995961130997,0.3719804097269593,63.0,354.82305555555666,interpolation,0 days 00:00:29.784000,29.784,2739.779,1.0
2023-11-25 14:30:39.883,0 days 00:45:39.879000,-103.0,6977.0,-214.0,OnTrack,304.5,10823.0,100.0,0.0,12,8,1949.2544309176687,0.3738127611759153,63.0,352.8369444444455,interpolation,0 days 00:00:29.884000,29.884,2739.879,1.0
2023-11-25 14:30:39.983,0 days 00:45:39.979000,-124.8492821444726,6914.842132783681,-213.47962365198515,OnTrack,305.25,10871.5,100.0,0.0,12,8,1958.7739947078485,0.3756383486257393,63.0,350.8508333333344,interpolation,0 days 00:00:29.984000,29.984,2739.979,1.0
2023-11-25 14:30:40.083,0 days 00:45:40.079000,-148.0,6849.0,-213.0,OnTrack,306.0,10920.0,100.0,0.0,12,8,1967.8838888888888,0.3773853728437282,63.0,348.86472222222324,pos,0 days 00:00:30.084000,30.084,2740.079,1.0
2023-11-25 14:30:40.183,0 days 00:45:40.179000,-177.8201963707906,6763.92181064966,-212.8545990350987,OnTrack,307.0,10924.0,100.0,0.0,12,8,1976.5841134607904,0.3790538338298818,63.0,346.9758333333343,interpolation,0 days 00:00:30.184000,30.184,2740.179,1.0
2023-11-25 14:30:40.283,0 days 00:45:40.279000,-210.0,6672.0,-213.0,OnTrack,308.0,10928.0,100.0,0.0,12,8,1984.995,0.3806668078322952,63.0,345.0869444444454,interpolation,0 days 00:00:30.284000,30.284,2740.279,1.0
2023-11-25 14:30:40.383,0 days 00:45:40.379000,-240.22953963078373,6585.627003318356,-213.39278213742267,OnTrack,309.0,10938.0,100.0,0.0,12,8,1993.2368800829656,0.3822473710990637,63.0,343.24620370370485,interpolation,0 days 00:00:30.384000,30.384,2740.379,1.0
2023-11-25 14:30:40.483,0 days 00:45:40.479000,-268.52683455830595,6504.744214642563,-213.93066843939215,OnTrack,310.0,10948.0,100.0,0.0,12,8,2001.306450143824,0.3837948900981776,63.0,341.4054629629643,interpolation,0 days 00:00:30.484000,30.484,2740.479,1.0
2023-11-25 14:30:40.583,0 days 00:45:40.579000,-295.0,6429.0,-214.0,OnTrack,311.0,10958.0,100.0,0.0,12,8,2009.1838888888883,0.385305563657042,63.0,339.56472222222374,interpolation,0 days 00:00:30.584000,30.584,2740.579,1.0
2023-11-25 14:30:40.683,0 days 00:45:40.679000,-319.6670550665135,6358.335754028623,-213.4985008585828,OnTrack,311.6666666666667,11000.0,100.0,0.0,12,8,2016.8658927861245,0.3867787582501346,63.0,337.67212962963123,interpolation,0 days 00:00:30.684000,30.684,2740.679,1.0
2023-11-25 14:30:40.783,0 days 00:45:40.779000,-352.0,6266.0,-213.0,OnTrack,312.3333333333333,11042.0,100.0,0.0,12,8,2024.561876375864,0.3882546337592598,63.0,335.7795370370388,interpolation,0 days 00:00:30.784000,30.784,2740.779,1.0
2023-11-25 14:30:40.883,0 days 00:45:40.879000,-398.0,6135.0,-213.0,OnTrack,313.0,11084.0,100.0,0.0,12,8,2033.528333333333,0.3899741507089576,63.0,333.88694444444627,interpolation,0 days 00:00:30.884000,30.884,2740.879,1.0
2023-11-25 14:30:40.983,0 days 00:45:40.979000,-436.8421514345223,6023.887887127023,-213.02854481009555,OnTrack,313.5,11100.5,100.0,0.0,12,8,2043.9746803432809,0.3919774693922718,63.0,331.38694444444604,interpolation,0 days 00:00:30.984000,30.984,2740.979,1.0
2023-11-25 14:30:41.083,0 days 00:45:41.079000,-465.8733786929662,5940.244155118568,-213.01438750968288,OnTrack,314.0,11117.0,100.0,0.0,12,8,2054.461666666666,0.3939885815651005,63.0,328.8869444444458,interpolation,0 days 00:00:31.084000,31.084,2741.079,1.0
2023-11-25 14:30:41.183,0 days 00:45:41.179000,-490.0,5871.0,-213.0,OnTrack,315.0,11141.0,100.0,0.0,12,8,2063.550041564449,0.395731478983342,63.0,326.7480555555569,interpolation,0 days 00:00:31.184000,31.184,2741.179,1.0
2023-11-25 14:30:41.283,0 days 00:45:41.279000,-510.0397308730173,5813.9772989275725,-212.9924608950106,OnTrack,316.0,11165.0,100.0,0.0,12,8,2072.017222222222,0.3973552486312925,63.0,324.609166666668,interpolation,0 days 00:00:31.284000,31.284,2741.279,1.0
2023-11-25 14:30:41.383,0 days 00:45:41.379000,-525.9925713120182,5769.176051901286,-212.9917701947146,OnTrack,316.5,11189.25,100.0,0.0,12,8,2080.640625825576,0.3990089774932486,63.0,322.4980555555569,interpolation,0 days 00:00:31.384000,31.384,2741.379,1.0
2023-11-25 14:30:41.483,0 days 00:45:41.479000,-547.1991260950099,5709.036778924356,-212.99519439706128,OnTrack,317.0,11213.5,100.0,0.0,12,8,2089.4202523745125,0.4006926655692102,63.0,320.3869444444458,interpolation,0 days 00:00:31.484000,31.484,2741.479,1.0
2023-11-25 14:30:41.583,0 days 00:45:41.579000,-583.0,5606.0,-213.0,OnTrack,317.5,11237.75,100.0,0.0,12,8,2098.3316971806366,0.4024016327190119,63.0,318.2758333333348,interpolation,0 days 00:00:31.584000,31.584,2741.579,1.0
2023-11-25 14:30:41.683,0 days 00:45:41.679000,-629.0,5473.0,-213.0,OnTrack,318.0,11262.0,100.0,0.0,12,8,2107.350555555555,0.4041311988024891,63.0,316.16472222222365,interpolation,0 days 00:00:31.684000,31.684,2741.679,1.0
2023-11-25 14:30:41.783,0 days 00:45:41.779000,-658.8281029529478,5387.642090815181,-212.95807256594125,OnTrack,318.5,11287.0,100.0,0.0,12,8,2116.4768274992666,0.4058813638196414,63.0,314.05361111111233,interpolation,0 days 00:00:31.784000,31.784,2741.779,1.0
2023-11-25 14:30:41.883,0 days 00:45:41.879000,-682.0,5322.0,-213.0,OnTrack,319.0,11312.0,100.0,0.0,12,8,2125.072777777777,0.4075298278977906,63.0,311.942500000001,interpolation,0 days 00:00:31.884000,31.884,2741.879,1.0
2023-11-25 14:30:41.983,0 days 00:45:41.979000,-712.4265303027563,5235.213302683531,-213.2577515445289,OnTrack,320.0,11314.5,100.0,0.0,12,8,2132.5006711570923,0.4089542911642585,63.0,310.23138888889,interpolation,0 days 00:00:31.984000,31.984,2741.979,1.0
2023-11-25 14:30:42.083,0 days 00:45:42.079000,-748.4361891919019,5132.148005636492,-213.684579599408,OnTrack,321.0,11317.0,100.0,0.0,12,8,2139.339444444444,0.4102657775895568,63.0,308.52027777777903,interpolation,0 days 00:00:32.084000,32.084,2742.079,1.0
2023-11-25 14:30:42.183,0 days 00:45:42.179000,-780.0,5042.0,-214.0,OnTrack,321.0,11329.5,100.0,0.0,12,8,2146.168034447066,0.4115753111441973,63.0,306.8536111111123,interpolation,0 days 00:00:32.184000,32.184,2742.179,1.0
2023-11-25 14:30:42.283,0 days 00:45:42.279000,-805.446475173856,4969.635242717119,-214.157265624878,OnTrack,321.0,11342.0,100.0,0.0,12,8,2153.6061111111107,0.413001727281323,63.0,305.18694444444554,interpolation,0 days 00:00:32.284000,32.284,2742.279,1.0
2023-11-25 14:30:42.383,0 days 00:45:42.379000,-826.8881165451236,4908.914257720423,-214.1566728566424,OnTrack,321.5,11353.0,100.0,0.0,12,8,2162.273344382731,0.4146638614540768,63.0,303.10361111111206,interpolation,0 days 00:00:32.384000,32.384,2742.379,1.0
2023-11-25 14:30:42.483,0 days 00:45:42.479000,-857.0,4823.0,-214.0,OnTrack,322.0,11364.0,100.0,0.0,12,8,2171.4949999999994,0.4164323184057338,63.0,301.0202777777786,interpolation,0 days 00:00:32.484000,32.484,2742.479,1.0
2023-11-25 14:30:42.583,0 days 00:45:42.579000,-897.8946490022686,4705.752930619868,-213.68754344058635,OnTrack,322.25,11385.0,100.0,0.0,12,8,2180.596343700988,0.4181777028795687,63.0,299.0202777777787,interpolation,0 days 00:00:32.584000,32.584,2742.579,1.0
2023-11-25 14:30:42.683,0 days 00:45:42.679000,-946.7906936527762,4565.255259736044,-213.26427230817927,OnTrack,322.5,11406.0,100.0,0.0,12,8,2189.5773754856964,0.4199000148755815,63.0,297.0202777777788,interpolation,0 days 00:00:32.684000,32.684,2742.679,1.0
2023-11-25 14:30:42.783,0 days 00:45:42.779000,-987.0,4450.0,-213.0,OnTrack,322.75,11427.0,100.0,0.0,12,8,2198.489441749779,0.4216091012037275,63.0,295.0202777777789,interpolation,0 days 00:00:32.784000,32.784,2742.779,1.0
2023-11-25 14:30:42.883,0 days 00:45:42.879000,-1015.7412266258688,4368.069278806347,-212.93969518534496,OnTrack,323.0,11448.0,100.0,0.0,12,8,2207.383888888888,0.4233148086739618,63.0,293.02027777777903,interpolation,0 days 00:00:32.884000,32.884,2742.879,1.0
2023-11-25 14:30:42.983,0 days 00:45:42.979000,-1033.0143735303834,4319.463096155086,-213.08335786421415,OnTrack,324.0,11468.0,100.0,0.0,12,8,2216.2607169030243,0.4250171372862845,63.0,290.9647222222234,interpolation,0 days 00:00:32.984000,32.984,2742.979,1.0
2023-11-25 14:30:43.083,0 days 00:45:43.079000,-1046.780333669706,4280.875365426282,-213.43534161097637,OnTrack,325.0,11488.0,100.0,0.0,12,8,2225.439444444444,0.4267773618274821,63.0,288.9091666666677,interpolation,0 days 00:00:33.084000,33.084,2743.079,1.0
2023-11-25 14:30:43.183,0 days 00:45:43.179000,-1065.0,4229.0,-214.0,OnTrack,325.25,11489.75,100.0,0.0,12,8,2235.239590165404,0.4286567570843412,63.0,285.3341666666678,interpolation,0 days 00:00:33.184000,33.184,2743.179,1.0
2023-11-25 14:30:43.283,0 days 00:45:43.279000,-1087.6733725212648,4163.836999876241,-214.7773330312852,OnTrack,325.5,11491.5,100.0,0.0,12,8,2245.6611540659023,0.4306553230568616,63.0,281.75916666666785,interpolation,0 days 00:00:33.284000,33.284,2743.279,1.0
2023-11-25 14:30:43.383,0 days 00:45:43.379000,-1114.313648879936,4086.869904931583,-215.65956073709535,OnTrack,325.75,11493.25,100.0,0.0,12,8,2255.932974266784,0.4326251723544653,63.0,278.1841666666679,interpolation,0 days 00:00:33.384000,33.384,2743.379,1.0
2023-11-25 14:30:43.483,0 days 00:45:43.479000,-1142.0,4007.0,-216.0,OnTrack,326.0,11495.0,100.0,0.0,12,8,2265.283888888888,0.4344184175865736,63.0,274.609166666668,pos,0 days 00:00:33.484000,33.484,2743.479,1.0
2023-11-25 14:30:43.583,0 days 00:45:43.579000,-1172.0,3921.0,-216.0,OnTrack,326.3333333333333,11512.666666666666,100.0,0.0,12,8,2273.713897932217,0.4360350587531869,63.0,270.6165740740753,interpolation,0 days 00:00:33.584000,33.584,2743.579,1.0
2023-11-25 14:30:43.683,0 days 00:45:43.679000,-1214.839991516655,3800.6047193164977,-217.5143517420693,OnTrack,326.6666666666667,11530.333333333334,100.0,0.0,12,8,2281.545893936647,0.4375370176588574,63.0,266.6239814814826,interpolation,0 days 00:00:33.684000,33.684,2743.679,1.0
2023-11-25 14:30:43.783,0 days 00:45:43.779000,-1268.7962583588342,3650.60372038428,-220.51735526345465,OnTrack,327.0,11548.0,100.0,0.0,12,8,2290.7172222222216,0.4392958232286708,63.0,262.6313888888899,interpolation,0 days 00:00:33.784000,33.784,2743.779,1.0
2023-11-25 14:30:43.883,0 days 00:45:43.879000,-1313.0,3528.0,-223.0,OnTrack,327.3333333333333,11562.666666666666,100.0,0.0,12,8,2301.5507720224155,0.4413733966331036,63.0,256.3647222222233,interpolation,0 days 00:00:33.884000,33.884,2743.879,1.0
2023-11-25 14:30:43.983,0 days 00:45:43.979000,-1343.9730652109902,3442.294106272408,-224.6274491433209,OnTrack,327.6666666666667,11577.333333333334,100.0,0.0,12,8,2313.525732454443,0.4436698608365791,63.0,250.09805555555675,interpolation,0 days 00:00:33.984000,33.984,2743.979,1.0
2023-11-25 14:30:44.083,0 days 00:45:44.079000,-1361.715453991803,3393.4860392015016,-225.39970269341703,OnTrack,328.0,11592.0,100.0,0.0,12,8,2323.5172222222213,0.4455859505574042,63.0,243.83138888889016,interpolation,0 days 00:00:34.084000,34.084,2744.079,1.0
2023-11-25 14:30:44.183,0 days 00:45:44.179000,-1376.850115776715,3352.1849525298444,-225.97210489680475,OnTrack,328.5,11567.5,100.0,0.0,12,8,2331.0044251098334,0.4470217877372562,63.0,239.47583333333432,interpolation,0 days 00:00:34.184000,34.184,2744.179,1.0
2023-11-25 14:30:44.283,0 days 00:45:44.279000,-1400.0,3289.0,-227.0,OnTrack,329.0,11543.0,100.0,0.0,12,8,2338.139444444444,0.4483900859112706,63.0,235.12027777777848,interpolation,0 days 00:00:34.284000,34.284,2744.279,1.0
2023-11-25 14:30:44.383,0 days 00:45:44.379000,-1431.1651066616582,3203.9311816119666,-228.4833880030029,OnTrack,329.0,11558.333333333334,100.0,0.0,12,8,2347.0743835532176,0.4501035586145835,63.0,229.1054629629636,interpolation,0 days 00:00:34.384000,34.384,2744.379,1.0
2023-11-25 14:30:44.483,0 days 00:45:44.479000,-1463.0,3117.0,-230.0,OnTrack,329.0,11573.666666666666,100.0,0.0,12,8,2357.4803377352328,0.4520991310774446,63.0,223.0906481481487,interpolation,0 days 00:00:34.484000,34.484,2744.479,1.0
2023-11-25 14:30:44.583,0 days 00:45:44.579000,-1488.1592442533367,3048.227957798358,-231.12756708517827,OnTrack,329.0,11589.0,100.0,0.0,12,8,2367.3838888888886,0.4539983566190032,63.0,217.07583333333375,interpolation,0 days 00:00:34.584000,34.584,2744.579,1.0
2023-11-25 14:30:44.683,0 days 00:45:44.679000,-1513.0,2980.0,-232.0,OnTrack,329.3333333333333,11591.333333333334,100.0,0.0,12,8,2376.4561356812314,0.4557381611153913,63.0,211.1387962962966,pos,0 days 00:00:34.684000,34.684,2744.679,1.0
2023-11-25 14:30:44.783,0 days 00:45:44.779000,-1543.879427818322,2894.701071597884,-232.75120948592763,OnTrack,329.6666666666667,11593.666666666666,100.0,0.0,12,8,2384.8019487958104,0.4573386558456509,63.0,205.20175925925935,interpolation,0 days 00:00:34.784000,34.784,2744.779,1.0
2023-11-25 14:30:44.883,0 days 00:45:44.879000,-1579.6026014440863,2795.787817392609,-233.39342245457323,OnTrack,330.0,11596.0,100.0,0.0,12,8,2393.0505555555555,0.4589205091018536,63.0,199.2647222222222,interpolation,0 days 00:00:34.884000,34.884,2744.879,1.0
2023-11-25 14:30:44.983,0 days 00:45:44.979000,-1613.0,2704.0,-234.0,OnTrack,330.0,11600.333333333334,100.0,0.0,12,8,2401.306827717897,0.4605038323689818,63.0,193.01657407407436,interpolation,0 days 00:00:34.984000,34.984,2744.979,1.0
2023-11-25 14:30:45.083,0 days 00:45:45.079000,-1642.8767094578295,2622.7942288247937,-234.58316890861693,OnTrack,330.0,11604.666666666666,100.0,0.0,12,8,2409.667971611504,0.4621072671160747,63.0,186.76842592592644,interpolation,0 days 00:00:35.084000,35.084,2745.079,1.0
2023-11-25 14:30:45.183,0 days 00:45:45.179000,-1673.0,2541.0,-235.0,OnTrack,330.0,11609.0,100.0,0.0,12,8,2418.7172222222216,0.4638426615847039,63.0,180.52027777777857,pos,0 days 00:00:35.184000,35.184,2745.179,1.0
2023-11-25 14:30:45.283,0 days 00:45:45.279000,-1707.1371418089352,2447.44680965863,-235.10756409372493,OnTrack,330.0,11607.666666666666,100.0,0.0,12,8,2428.5517848833333,0.4657286570530209,63.0,173.11287037037118,interpolation,0 days 00:00:35.284000,35.284,2745.279,1.0
2023-11-25 14:30:45.383,0 days 00:45:45.379000,-1739.0,2360.0,-235.0,OnTrack,330.0,11606.333333333334,100.0,0.0,12,8,2438.890961575048,0.4677114234513488,63.0,165.7054629629638,interpolation,0 days 00:00:35.384000,35.384,2745.379,1.0
2023-11-25 14:30:45.483,0 days 00:45:45.479000,-1762.3004396885583,2296.524913223425,-234.7714465290333,OnTrack,330.0,11605.0,100.0,0.0,12,8,2448.050555555555,0.4694679787079615,63.0,158.2980555555564,interpolation,0 days 00:00:35.484000,35.484,2745.479,1.0
2023-11-25 14:30:45.583,0 days 00:45:45.579000,-1795.0,2210.0,-235.0,OnTrack,330.3333333333333,11593.0,100.0,0.0,12,8,2455.749865930704,0.4709444922019591,63.0,151.58324074074153,pos,0 days 00:00:35.584000,35.584,2745.579,1.0
2023-11-25 14:30:45.683,0 days 00:45:45.679000,-1849.0,2069.0,-236.0,OnTrack,330.6666666666667,11581.0,100.0,0.0,12,8,2462.769713602918,0.472290703655817,63.0,144.86842592592666,interpolation,0 days 00:00:35.684000,35.684,2745.679,1.0
2023-11-25 14:30:45.783,0 days 00:45:45.779000,-1887.939305499605,1967.102168102144,-236.18891423916196,OnTrack,331.0,11569.0,100.0,0.0,12,8,2473.795,0.4744050468043962,63.0,138.1536111111118,interpolation,0 days 00:00:35.784000,35.784,2745.779,1.0
2023-11-25 14:30:45.883,0 days 00:45:45.879000,-1909.818288023388,1908.8579962909917,-235.48718672151392,OnTrack,331.0,11614.0,100.0,0.0,12,8,2488.5061111111117,0.4772262285737876,63.0,126.55361111111142,interpolation,0 days 00:00:35.884000,35.884,2745.879,1.0
2023-11-25 14:30:45.983,0 days 00:45:45.979000,-1939.0,1828.0,-235.0,OnTrack,318.25,11179.25,75.0,0.0,12,8,2500.3005192350665,0.4794880678685049,63.0,120.6369444444448,interpolation,0 days 00:00:35.984000,35.984,2745.979,1.0
2023-11-25 14:30:46.083,0 days 00:45:46.079000,-1979.5449293777804,1713.483655016238,-234.9115502236901,OnTrack,305.5,10744.5,50.0,0.0,12,8,2508.077808722482,0.4809795355864398,63.0,114.72027777777816,interpolation,0 days 00:00:36.084000,36.084,2746.079,1.0
2023-11-25 14:30:46.183,0 days 00:45:46.179000,-2020.0,1598.0,-235.0,OnTrack,292.75,10309.75,25.0,0.0,12,8,2513.8470271819897,0.482085911156488,63.0,108.80361111111154,interpolation,0 days 00:00:36.184000,36.184,2746.179,1.0
2023-11-25 14:30:46.283,0 days 00:45:46.279000,-2048.9121357099293,1514.2400736115835,-235.0435119363457,OnTrack,280.0,9875.0,0.0,0.0,12,8,2519.617222222222,0.4831924740075456,63.0,102.88694444444492,interpolation,0 days 00:00:36.284000,36.284,2746.279,1.0
2023-11-25 14:30:46.383,0 days 00:45:46.379000,-2066.28133650757,1462.2038758509889,-235.0420860327273,OnTrack,271.5,10062.5,0.0,0.0,12,8,2525.388393843178,0.4842992241396122,63.0,98.53138888888952,interpolation,0 days 00:00:36.384000,36.384,2746.379,1.0
2023-11-25 14:30:46.483,0 days 00:45:46.479000,-2079.759869051425,1419.5657401648991,-235.01961711274515,OnTrack,263.0,10250.0,0.0,1.0,8,8,2531.3061111111106,0.4854340776490861,63.0,94.17583333333414,interpolation,0 days 00:00:36.484000,36.484,2746.479,0.0
2023-11-25 14:30:46.583,0 days 00:45:46.579000,-2097.0,1364.0,-235.0,OnTrack,242.66666666666663,10102.0,0.0,1.0,8,8,2537.515943092272,0.486624950632365,63.0,90.05731481481553,interpolation,0 days 00:00:36.584000,36.584,2746.579,0.0
2023-11-25 14:30:46.683,0 days 00:45:46.679000,-2118.001729353294,1295.5066553562915,-234.98323469449184,OnTrack,222.33333333333331,9954.0,0.0,1.0,8,8,2543.845635362301,0.4878388094838949,63.0,85.93879629629691,interpolation,0 days 00:00:36.684000,36.684,2746.679,0.0
2023-11-25 14:30:46.783,0 days 00:45:46.779000,-2138.0,1229.0,-235.0,OnTrack,202.0,9806.0,0.0,1.0,8,8,2549.2616666666663,0.4888774535851407,63.0,81.8202777777783,interpolation,0 days 00:00:36.784000,36.784,2746.779,0.0
2023-11-25 14:30:46.883,0 days 00:45:46.879000,-2152.2297548288084,1179.3943276973534,-235.0809747203042,OnTrack,194.0,9694.0,0.0,1.0,8,8,2553.591784344881,0.4897078496688106,63.0,79.22027777777824,interpolation,0 days 00:00:36.884000,36.884,2746.879,0.0
2023-11-25 14:30:46.983,0 days 00:45:46.979000,-2161.4261338823508,1143.5912121073502,-235.17776430889148,OnTrack,186.0,9582.0,0.0,1.0,8,7,2557.0731047554173,0.4903754700546152,63.0,76.62027777777818,interpolation,0 days 00:00:36.984000,36.984,2746.979,0.0
2023-11-25 14:30:47.083,0 days 00:45:47.079000,-2170.0,1103.0,-235.0,OnTrack,178.0,9470.0,0.0,1.0,8,7,2561.128333333333,0.4911531500577313,63.0,74.02027777777812,interpolation,0 days 00:00:37.084000,37.084,2747.079,0.0
2023-11-25 14:30:47.183,0 days 00:45:47.179000,-2178.686500752262,1054.522233306253,-234.49928675155428,OnTrack,162.5,9830.5,0.0,1.0,8,7,2565.9945888651846,0.4920863624635088,63.0,71.18694444444463,interpolation,0 days 00:00:37.184000,37.184,2747.179,0.0
2023-11-25 14:30:47.283,0 days 00:45:47.279000,-2186.0,1008.0,-234.0,OnTrack,147.0,10191.0,0.0,1.0,8,7,2570.9283333333333,0.4930325173693651,63.0,68.35361111111115,interpolation,0 days 00:00:37.284000,37.284,2747.279,0.0
2023-11-25 14:30:47.383,0 days 00:45:47.379000,-2190.454861604081,973.275388055132,-233.8265151817831,OnTrack,144.0,10048.5,0.0,1.0,8,7,2575.1860287201425,0.4938490248727186,63.0,66.27027777777789,interpolation,0 days 00:00:37.384000,37.384,2747.379,0.0
2023-11-25 14:30:47.483,0 days 00:45:47.479000,-2192.407901017845,948.657388560853,-233.9280597518936,OnTrack,141.0,9906.0,0.0,1.0,8,7,2578.7616666666663,0.4945347327375077,63.0,64.18694444444463,interpolation,0 days 00:00:37.484000,37.484,2747.479,0.0
2023-11-25 14:30:47.583,0 days 00:45:47.579000,-2194.0,924.0,-234.0,OnTrack,134.0,10046.0,0.0,1.0,8,7,2581.6492388139563,0.4950884887276711,63.0,62.89805555555563,interpolation,0 days 00:00:37.584000,37.584,2747.579,0.0
2023-11-25 14:30:47.683,0 days 00:45:47.679000,-2195.5879703501146,897.6122307776191,-233.99156390100055,OnTrack,127.0,10186.0,0.0,1.0,8,6,2584.406111111111,0.4956171801233467,63.0,61.609166666666624,interpolation,0 days 00:00:37.684000,37.684,2747.679,0.0
2023-11-25 14:30:47.783,0 days 00:45:47.779000,-2196.754977362743,868.4223567353997,-233.8212447706965,OnTrack,122.0,9759.0,0.0,1.0,8,4,2587.5896495072298,0.4962276942046728,63.0,60.512870370370216,interpolation,0 days 00:00:37.784000,37.784,2747.779,0.0
2023-11-25 14:30:47.883,0 days 00:45:47.879000,-2195.0,830.0,-233.0,OnTrack,117.0,9332.0,0.0,1.0,8,4,2591.1026250115824,0.4969013851566576,63.0,59.4165740740738,pos,0 days 00:00:37.884000,37.884,2747.879,0.0
2023-11-25 14:30:47.983,0 days 00:45:47.979000,-2189.9061992880306,781.273425438598,-231.44632207007956,OnTrack,112.0,8905.0,0.0,1.0,8,4,2594.3616666666667,0.4975263786621493,63.0,58.32027777777739,interpolation,0 days 00:00:37.984000,37.984,2747.979,0.0
2023-11-25 14:30:48.083,0 days 00:45:48.079000,-2184.0,737.0,-230.0,OnTrack,106.0,8504.333333333334,0.0,1.0,8,4,2597.2695464773738,0.4980840290970883,63.0,57.87583333333305,pos,0 days 00:00:38.084000,38.084,2748.079,0.0
2023-11-25 14:30:48.183,0 days 00:45:48.179000,-2179.8078269090747,711.937090633013,-229.5008228088265,OnTrack,100.0,8103.666666666667,0.0,1.0,8,2,2599.902419923377,0.4985889409634237,63.0,57.43138888888871,interpolation,0 days 00:00:38.184000,38.184,2748.179,0.0
2023-11-25 14:30:48.283,0 days 00:45:48.279000,-2176.6001709342568,702.4799272429667,-229.799467424294,OnTrack,94.0,7703.0,0.0,1.0,8,2,2602.717222222222,0.4991287417215014,63.0,56.98694444444436,interpolation,0 days 00:00:38.284000,38.284,2748.279,0.0
2023-11-25 14:30:48.383,0 days 00:45:48.379000,-2170.0,687.0,-230.0,OnTrack,92.0,7386.0,0.0,1.0,8,2,2605.79010963342,0.4997180360228215,63.0,56.72027777777771,interpolation,0 days 00:00:38.384000,38.384,2748.379,0.0
2023-11-25 14:30:48.483,0 days 00:45:48.479000,-2159.2778124954416,661.8925757220995,-229.95309899273977,OnTrack,90.0,7069.0,0.0,1.0,8,2,2608.717222222222,0.5002793747694405,63.0,56.45361111111106,interpolation,0 days 00:00:38.484000,38.484,2748.479,0.0
2023-11-25 14:30:48.583,0 days 00:45:48.579000,-2147.0,636.0,-230.0,OnTrack,85.5,6885.5,0.0,1.0,8,2,2611.0947000538813,0.5007353088634154,63.0,56.50916666666649,interpolation,0 days 00:00:38.584000,38.584,2748.579,0.0
2023-11-25 14:30:48.683,0 days 00:45:48.679000,-2135.732954093094,618.1646184244362,-230.4819386192675,OnTrack,81.0,6702.0,0.0,1.0,8,2,2613.217222222222,0.5011423495553947,63.0,56.56472222222192,interpolation,0 days 00:00:38.684000,38.684,2748.679,0.0
2023-11-25 14:30:48.783,0 days 00:45:48.779000,-2124.0,605.0,-231.0,OnTrack,79.0,6452.5,0.0,1.0,8,2,2615.379467821068,0.5015570080960269,63.0,56.70361111111083,interpolation,0 days 00:00:38.784000,38.784,2748.779,0.0
2023-11-25 14:30:48.883,0 days 00:45:48.879000,-2110.3244629459955,593.1197137312831,-231.15526929165517,OnTrack,77.0,6203.0,0.0,0.0,8,2,2617.495,0.5019627083025365,63.0,56.84249999999975,interpolation,0 days 00:00:38.884000,38.884,2748.879,0.0
2023-11-25 14:30:48.983,0 days 00:45:48.979000,-2095.0,583.0,-231.0,OnTrack,73.5,6266.5,3.5000000000000004,0.0,8,2,2619.4773819085976,0.502342873992148,63.0,57.17583333333323,interpolation,0 days 00:00:38.984000,38.984,2748.979,0.0
2023-11-25 14:30:49.083,0 days 00:45:49.079000,-2078.3202682309334,575.1170991878652,-230.58644563080148,OnTrack,70.0,6330.0,7.0,0.0,8,2,2621.3838888888886,0.5027084889817562,63.0,57.50916666666672,interpolation,0 days 00:00:39.084000,39.084,2749.079,0.0
2023-11-25 14:30:49.183,0 days 00:45:49.179000,-2058.0,570.0,-230.0,OnTrack,68.5,6448.5,13.0,0.0,8,2,2623.2717962829,0.5030705370882558,63.0,57.92583333333346,interpolation,0 days 00:00:39.184000,39.184,2749.179,0.0
2023-11-25 14:30:49.283,0 days 00:45:49.279000,-2031.7539276684056,568.1776911415261,-229.32605692353596,OnTrack,67.0,6567.0,19.0,0.0,8,2,2625.1061111111107,0.5034223076318666,63.0,58.3425000000002,interpolation,0 days 00:00:39.284000,39.284,2749.279,0.0
2023-11-25 14:30:49.383,0 days 00:45:49.379000,-2001.306004162456,569.2704578626795,-228.59620757873105,OnTrack,67.5,6647.5,21.75,0.0,8,2,2626.851840394003,0.5037570899328083,63.0,58.7175000000002,interpolation,0 days 00:00:39.384000,39.384,2749.379,0.0
2023-11-25 14:30:49.483,0 days 00:45:49.479000,-1977.0,571.0,-228.0,OnTrack,68.0,6728.0,24.5,0.0,8,2,2628.508984131575,0.5040748839910809,63.0,59.0925000000002,interpolation,0 days 00:00:39.484000,39.484,2749.479,0.0
2023-11-25 14:30:49.583,0 days 00:45:49.579000,-1960.5598857607124,572.9865989154248,-227.5690256881598,OnTrack,68.5,6808.5,27.25,0.0,8,2,2630.189691358915,0.5043971968710288,63.0,59.4675000000002,interpolation,0 days 00:00:39.584000,39.584,2749.579,0.0
2023-11-25 14:30:49.683,0 days 00:45:49.679000,-1950.51039784775,575.2601472575885,-227.28075380351083,OnTrack,69.0,6889.0,30.0,0.0,8,2,2632.006111111111,0.5047455356369964,63.0,59.8425000000002,interpolation,0 days 00:00:39.684000,39.684,2749.679,0.0
2023-11-25 14:30:49.783,0 days 00:45:49.779000,-1938.0,578.0,-227.0,OnTrack,71.0,7083.5,33.0,0.0,8,2,2633.958243388162,0.5051199002889837,63.0,60.14805555555563,interpolation,0 days 00:00:39.784000,39.784,2749.779,0.0
2023-11-25 14:30:49.883,0 days 00:45:49.879000,-1921.5534437272404,581.2360494851946,-226.7042336686424,OnTrack,73.0,7278.0,36.0,0.0,8,2,2636.0616666666665,0.5055232783453256,63.0,60.45361111111106,interpolation,0 days 00:00:39.884000,39.884,2749.879,0.0
2023-11-25 14:30:49.983,0 days 00:45:49.979000,-1901.6316323555063,584.9464359340171,-226.3859366770569,OnTrack,76.5,7387.0,40.0,0.0,8,2,2638.331959423223,0.5059586573243573,63.0,60.67583333333323,interpolation,0 days 00:00:39.984000,39.984,2749.979,0.0
2023-11-25 14:30:50.083,0 days 00:45:50.079000,-1881.0,589.0,-226.0,OnTrack,80.0,7496.0,44.0,0.0,8,2,2640.506111111111,0.5063755991215768,63.0,60.8980555555554,interpolation,0 days 00:00:40.084000,40.084,2750.079,0.0
2023-11-25 14:30:50.183,0 days 00:45:50.179000,-1860.1194547064292,593.3748816801427,-225.53890542810456,OnTrack,82.0,7569.5,48.5,0.0,8,2,2642.321111183609,0.5067236656324814,63.0,61.05361111111097,interpolation,0 days 00:00:40.184000,40.184,2750.179,0.0
2023-11-25 14:30:50.283,0 days 00:45:50.279000,-1836.0,598.0,-225.0,OnTrack,84.0,7643.0,53.0,0.0,8,2,2644.2394444444444,0.5070915485736278,63.0,61.20916666666653,interpolation,0 days 00:00:40.284000,40.284,2750.279,0.0
2023-11-25 14:30:50.383,0 days 00:45:50.379000,-1805.6516394059183,602.8042739851271,-224.38063075431563,OnTrack,87.0,7450.666666666667,46.0,0.0,8,2,2646.723595697345,0.5075679396615723,63.0,61.298055555555344,interpolation,0 days 00:00:40.384000,40.384,2750.379,0.0
2023-11-25 14:30:50.483,0 days 00:45:50.479000,-1770.711245116378,607.4598926331338,-223.69185319432,OnTrack,90.0,7258.333333333333,39.0,0.0,8,2,2649.675426710864,0.5081340187142532,63.0,61.38694444444415,interpolation,0 days 00:00:40.484000,40.484,2750.479,0.0
2023-11-25 14:30:50.583,0 days 00:45:50.579000,-1741.0,610.0,-223.0,OnTrack,93.0,7066.0,32.0,0.0,8,2,2652.5061111111117,0.5086768652174549,63.0,61.47583333333296,pos,0 days 00:00:40.584000,40.584,2750.579,0.0
2023-11-25 14:30:50.683,0 days 00:45:50.679000,-1718.1547594874933,610.0967884401028,-222.31612656141652,OnTrack,93.33333333333331,6832.666666666667,21.333333333333336,0.0,8,2,2655.1175116715717,0.5091776591818336,63.0,61.63138888888852,interpolation,0 days 00:00:40.684000,40.684,2750.679,0.0
2023-11-25 14:30:50.783,0 days 00:45:50.779000,-1700.0,609.0,-222.0,OnTrack,93.66666666666669,6599.333333333333,10.666666666666668,0.0,8,3,2657.524601779923,0.5096392720865063,63.0,61.78694444444409,interpolation,0 days 00:00:40.784000,40.784,2750.779,0.0
2023-11-25 14:30:50.883,0 days 00:45:50.879000,-1684.3601979586624,607.9593767262493,-222.4113874371809,OnTrack,94.0,6366.0,0.0,0.0,8,3,2659.8172222222224,0.5100789328943881,63.0,61.94249999999965,interpolation,0 days 00:00:40.884000,40.884,2750.879,0.0
2023-11-25 14:30:50.983,0 days 00:45:50.979000,-1669.0547534494588,605.858630687148,-223.17065635684983,OnTrack,93.0,6646.0,10.5,0.0,8,3,2662.0103465394795,0.5104995131140005,63.0,62.33138888888834,interpolation,0 days 00:00:40.984000,40.984,2750.979,0.0
2023-11-25 14:30:51.083,0 days 00:45:51.079000,-1641.0,596.0,-222.0,OnTrack,92.0,6926.0,21.0,0.0,8,3,2664.9283333333337,0.5110591017870769,63.0,62.72027777777703,interpolation,0 days 00:00:41.084000,41.084,2751.079,0.0
2023-11-25 14:30:51.183,0 days 00:45:51.179000,-1602.0,579.0,-219.0,OnTrack,90.0,6674.0,22.0,0.0,8,3,2668.9283333333337,0.511826190485703,63.0,63.52027777777721,interpolation,0 days 00:00:41.184000,41.184,2751.179,0.0
2023-11-25 14:30:51.283,0 days 00:45:51.279000,-1575.962983658556,565.2555721058636,-217.0519793308084,OnTrack,90.0,6862.0,23.0,0.0,8,3,2671.207084954245,0.5122631916395471,63.0,64.00916666666603,interpolation,0 days 00:00:41.284000,41.284,2751.279,0.0
2023-11-25 14:30:51.383,0 days 00:45:51.379000,-1564.2367878282907,555.0848947036226,-216.44143440615025,OnTrack,90.0,7050.0,24.0,0.0,8,3,2672.9283333333337,0.5125932791843291,63.0,64.49805555555486,interpolation,0 days 00:00:41.384000,41.384,2751.379,0.0
2023-11-25 14:30:51.483,0 days 00:45:51.479000,-1551.0,540.0,-216.0,OnTrack,91.33333333333331,7121.333333333333,28.0,0.0,8,3,2675.7230362641944,0.5131292254428991,63.0,65.36472222222149,interpolation,0 days 00:00:41.484000,41.484,2751.479,0.0
2023-11-25 14:30:51.583,0 days 00:45:51.579000,-1533.6157045878554,518.5862194530382,-215.53294757767992,OnTrack,92.66666666666669,7192.666666666667,32.0,0.0,8,3,2679.3462531997925,0.5138240576338909,63.0,66.23138888888813,interpolation,0 days 00:00:41.584000,41.584,2751.579,0.0
2023-11-25 14:30:51.683,0 days 00:45:51.679000,-1516.0,495.0,-215.0,OnTrack,94.0,7264.0,36.0,0.0,8,3,2682.328333333334,0.5143959376261003,63.0,67.09805555555477,interpolation,0 days 00:00:41.684000,41.684,2751.679,0.0
2023-11-25 14:30:51.783,0 days 00:45:51.779000,-1502.0689846445794,473.397788578148,-214.36088012777023,OnTrack,95.5,7375.5,40.5,0.0,8,3,2684.424333609583,0.514797892157157,63.0,67.65361111111042,interpolation,0 days 00:00:41.784000,41.784,2751.779,0.0
2023-11-25 14:30:51.883,0 days 00:45:51.879000,-1491.2380985672964,452.8745387840453,-213.64179655048665,OnTrack,97.0,7487.0,45.0,0.0,8,3,2686.639444444445,0.5152226887790639,63.0,68.20916666666608,interpolation,0 days 00:00:41.884000,41.884,2751.879,0.0
2023-11-25 14:30:51.983,0 days 00:45:51.979000,-1480.0,428.0,-213.0,OnTrack,101.0,7837.0,52.0,0.0,8,3,2689.9788562538283,0.5158630950438229,63.0,68.94249999999943,interpolation,0 days 00:00:41.984000,41.984,2751.979,0.0
2023-11-25 14:30:52.083,0 days 00:45:52.079000,-1467.7701349742574,397.8691350902024,-212.46169879743175,OnTrack,105.0,8187.0,59.0,0.0,8,3,2693.639444444445,0.5165650940016594,63.0,69.67583333333278,interpolation,0 days 00:00:42.084000,42.084,2752.079,0.0
2023-11-25 14:30:52.183,0 days 00:45:52.179000,-1456.0,367.0,-212.0,OnTrack,108.5,8396.5,63.0,0.0,8,3,2696.8180844230083,0.5171746687027985,63.0,70.2036111111106,interpolation,0 days 00:00:42.184000,42.184,2752.179,0.0
2023-11-25 14:30:52.283,0 days 00:45:52.279000,-1446.1410915871606,339.9106506747402,-211.5880106649227,OnTrack,112.0,8606.0,67.0,0.0,8,3,2699.861666666667,0.517758343088411,63.0,70.73138888888843,interpolation,0 days 00:00:42.284000,42.284,2752.279,0.0
2023-11-25 14:30:52.383,0 days 00:45:52.379000,-1436.0,308.0,-211.0,OnTrack,116.0,8956.0,73.5,0.0,8,3,2703.117081652572,0.5183826410996674,63.0,71.12027777777735,interpolation,0 days 00:00:42.384000,42.384,2752.379,0.0
2023-11-25 14:30:52.483,0 days 00:45:52.479000,-1423.3833155027803,262.6669608613564,-210.01023721303187,OnTrack,120.0,9306.0,80.0,0.0,8,3,2706.5283333333336,0.5190368242527877,63.0,71.50916666666626,interpolation,0 days 00:00:42.484000,42.484,2752.479,0.0
2023-11-25 14:30:52.583,0 days 00:45:52.579000,-1411.0,216.0,-209.0,OnTrack,125.0,9776.333333333334,86.66666666666667,0.0,8,3,2710.039425661564,0.5197101540639923,63.0,71.58694444444411,interpolation,0 days 00:00:42.584000,42.584,2752.579,0.0
2023-11-25 14:30:52.683,0 days 00:45:52.679000,-1401.5590153961582,180.0875841571218,-208.350566056886,OnTrack,130.0,10246.666666666666,93.33333333333331,0.0,8,3,2713.613380852479,0.520395539223079,63.0,71.66472222222198,interpolation,0 days 00:00:42.684000,42.684,2752.679,0.0
2023-11-25 14:30:52.783,0 days 00:45:52.779000,-1395.0603616912554,154.92971333272186,-208.06193538368987,OnTrack,135.0,10717.0,100.0,0.0,8,3,2717.0283333333336,0.521050432086681,63.0,71.74249999999984,interpolation,0 days 00:00:42.784000,42.784,2752.779,0.0
2023-11-25 14:30:52.883,0 days 00:45:52.879000,-1389.0315271407244,130.80698584196094,-207.99233701864875,OnTrack,138.66666666666666,10958.0,100.0,0.0,8,3,2720.2473056979934,0.5216677414172111,63.0,71.63138888888852,interpolation,0 days 00:00:42.884000,42.884,2752.879,0.0
2023-11-25 14:30:52.983,0 days 00:45:52.979000,-1381.0,98.0,-208.0,OnTrack,142.33333333333334,11199.0,100.0,0.0,8,3,2723.344115093156,0.522261623289418,63.0,71.52027777777721,interpolation,0 days 00:00:42.984000,42.984,2752.979,0.0
2023-11-25 14:30:53.083,0 days 00:45:53.079000,-1370.9657802690815,56.50875580683903,-208.08492432774344,OnTrack,146.0,11440.0,100.0,0.0,8,3,2726.761666666667,0.5229170145866711,63.0,71.4091666666659,interpolation,0 days 00:00:43.084000,43.084,2753.079,0.0
2023-11-25 14:30:53.183,0 days 00:45:53.179000,-1360.0,11.0,-208.0,OnTrack,151.5,11669.0,100.0,0.0,8,3,2730.573778321116,0.5236480715286781,63.0,71.10361111111047,interpolation,0 days 00:00:43.184000,43.184,2753.179,0.0
2023-11-25 14:30:53.283,0 days 00:45:53.279000,-1349.173791244786,-33.859520682995054,-207.49811701489077,OnTrack,157.0,11898.0,100.0,0.0,8,3,2735.4838888888894,0.524589694110064,63.0,70.79805555555504,interpolation,0 days 00:00:43.284000,43.284,2753.279,0.0
2023-11-25 14:30:53.383,0 days 00:45:53.379000,-1339.0,-76.0,-207.0,OnTrack,164.5,11258.0,100.0,0.0,8,3,2742.195437202376,0.5258767823254534,63.0,69.8258333333331,interpolation,0 days 00:00:43.384000,43.384,2753.379,0.0
2023-11-25 14:30:53.483,0 days 00:45:53.479000,-1329.9914722622025,-113.35163170886868,-206.92637358291228,OnTrack,172.0,10618.0,100.0,0.0,8,3,2748.8616666666667,0.5271551796465798,63.0,68.85361111111115,interpolation,0 days 00:00:43.484000,43.484,2753.479,0.0
2023-11-25 14:30:53.583,0 days 00:45:53.579000,-1319.0,-157.0,-207.0,OnTrack,174.33333333333334,10711.333333333334,100.0,0.0,8,3,2753.635820686853,0.5280707295451761,63.0,68.25361111111108,interpolation,0 days 00:00:43.584000,43.584,2753.579,0.0
2023-11-25 14:30:53.683,0 days 00:45:53.679000,-1304.0,-214.0,-207.0,OnTrack,176.66666666666666,10804.666666666666,100.0,0.0,8,3,2756.8831335768296,0.528693473799877,63.0,67.65361111111103,interpolation,0 days 00:00:43.684000,43.684,2753.679,0.0
2023-11-25 14:30:53.783,0 days 00:45:53.779000,-1291.7271866832916,-260.1676211484563,-207.26452292577164,OnTrack,179.0,10898.0,100.0,0.0,8,3,2760.795,0.5294436609308142,63.0,67.05361111111097,interpolation,0 days 00:00:43.784000,43.784,2753.779,0.0
2023-11-25 14:30:53.883,0 days 00:45:53.879000,-1282.5562863676007,-294.03735957556074,-207.7659029412824,OnTrack,183.5,11273.5,100.0,0.0,8,3,2765.736650530277,0.530391331999398,63.0,66.19249999999965,interpolation,0 days 00:00:43.884000,43.884,2753.879,0.0
2023-11-25 14:30:53.983,0 days 00:45:53.979000,-1272.0,-331.0,-208.0,OnTrack,188.0,11649.0,100.0,0.0,8,4,2771.239444444445,0.5314466147550044,63.0,65.33138888888834,interpolation,0 days 00:00:43.984000,43.984,2753.979,0.0
2023-11-25 14:30:54.083,0 days 00:45:54.079000,-1259.3104482341555,-373.6206600747746,-207.8827911910344,OnTrack,192.0,11649.0,100.0,0.0,8,4,2776.8347410192832,0.5325196369470093,63.0,64.30361111111074,interpolation,0 days 00:00:44.084000,44.084,2754.079,0.0
2023-11-25 14:30:54.183,0 days 00:45:54.179000,-1244.0,-422.0,-208.0,OnTrack,196.0,11649.0,100.0,0.0,8,4,2782.1283333333336,0.5335348006568197,63.0,63.27583333333314,interpolation,0 days 00:00:44.184000,44.184,2754.179,0.0
2023-11-25 14:30:54.283,0 days 00:45:54.279000,-1225.5810242274656,-476.2386799757918,-208.93734991251097,OnTrack,199.33333333333331,11344.333333333334,100.0,0.0,8,4,2786.7260144651373,0.5344165079658428,63.0,62.23509259259239,interpolation,0 days 00:00:44.284000,44.284,2754.279,0.0
2023-11-25 14:30:54.383,0 days 00:45:54.379000,-1204.0,-536.0,-210.0,OnTrack,202.66666666666663,11039.666666666666,100.0,0.0,8,4,2791.113797710848,0.5352579627007943,63.0,61.19435185185163,interpolation,0 days 00:00:44.384000,44.384,2754.379,0.0
2023-11-25 14:30:54.483,0 days 00:45:54.479000,-1179.203406401051,-600.9472600704751,-210.4931093338998,OnTrack,206.0,10735.0,100.0,0.0,8,4,2798.207777777778,0.5366183906851993,63.0,60.15361111111088,interpolation,0 days 00:00:44.484000,44.484,2754.479,0.0
2023-11-25 14:30:54.583,0 days 00:45:54.579000,-1149.0,-674.0,-211.0,OnTrack,212.0,10966.0,100.0,0.0,8,4,2807.63,0.5384253107308518,63.0,58.198055555555584,interpolation,0 days 00:00:44.584000,44.584,2754.579,0.0
2023-11-25 14:30:54.683,0 days 00:45:54.679000,-1111.198537366227,-758.0777596013579,-212.1039940840902,OnTrack,214.0,11065.333333333334,100.0,0.0,8,4,2814.196600202893,0.5396846019318604,63.0,57.22435185185199,interpolation,0 days 00:00:44.684000,44.684,2754.679,0.0
2023-11-25 14:30:54.783,0 days 00:45:54.779000,-1068.154405637703,-848.8129606915364,-213.6825039483554,OnTrack,216.0,11164.666666666666,100.0,0.0,8,5,2817.702681971329,0.540356970857117,63.0,56.25064814814838,interpolation,0 days 00:00:44.784000,44.784,2754.779,0.0
2023-11-25 14:30:54.883,0 days 00:45:54.879000,-1034.0,-920.0,-215.0,OnTrack,218.0,11264.0,100.0,0.0,8,5,2822.1027777777776,0.5412007867986165,63.0,55.27694444444478,interpolation,0 days 00:00:44.884000,44.884,2754.879,0.0
2023-11-25 14:30:54.983,0 days 00:45:54.979000,-1011.0907317103766,-967.2712546195062,-215.9338933459052,OnTrack,221.5,11428.75,100.0,0.0,8,5,2828.05597974219,0.5423424452855014,63.0,53.718611111111386,interpolation,0 days 00:00:44.984000,44.984,2754.979,0.0
2023-11-25 14:30:55.083,0 days 00:45:55.079000,-999.4266007688336,-990.6267245500552,-216.4841839860709,OnTrack,225.0,11593.5,100.0,0.0,8,5,2835.5622878645668,0.5437819463177712,63.0,52.16027777777799,interpolation,0 days 00:00:45.084000,45.084,2755.079,0.0
2023-11-25 14:30:55.183,0 days 00:45:55.179000,-994.7314234093744,-997.5784419739344,-216.73753397864283,OnTrack,228.5,11758.25,100.0,0.0,8,5,2843.4277298324378,0.5452903192285844,63.0,50.6019444444446,interpolation,0 days 00:00:45.184000,45.184,2755.179,0.0
2023-11-25 14:30:55.283,0 days 00:45:55.279000,-971.3479656712104,-1033.1988307552858,-217.2139183347627,OnTrack,232.0,11923.0,100.0,0.0,8,5,2850.458333333333,0.5466385933510989,63.0,49.0436111111112,interpolation,0 days 00:00:45.284000,45.284,2755.279,0.0
2023-11-25 14:30:55.383,0 days 00:45:55.379000,-925.0,-1105.0,-218.0,OnTrack,233.33333333333331,11504.666666666666,100.0,0.0,8,5,2856.6540983672567,0.547826768685315,63.0,47.69546296296297,interpolation,0 days 00:00:45.384000,45.384,2755.379,0.0
2023-11-25 14:30:55.483,0 days 00:45:55.479000,-862.0,-1203.0,-219.0,OnTrack,234.66666666666663,11086.333333333334,100.0,0.0,8,5,2862.267556446698,0.5489032737485526,63.0,46.34731481481473,interpolation,0 days 00:00:45.484000,45.484,2755.479,0.0
2023-11-25 14:30:55.583,0 days 00:45:55.579000,-820.2226133782268,-1267.3074391512737,-219.63924743095384,OnTrack,236.0,10668.0,100.0,0.0,8,5,2868.8138888888893,0.5501586781570161,63.0,44.9991666666665,interpolation,0 days 00:00:45.584000,45.584,2755.579,0.0
2023-11-25 14:30:55.683,0 days 00:45:55.679000,-800.172128478562,-1296.1739322385815,-219.92772570416787,OnTrack,239.66666666666663,10803.666666666666,100.0,0.0,8,5,2876.5456246204167,0.5516414099321205,63.0,43.19916666666662,interpolation,0 days 00:00:45.684000,45.684,2755.679,0.0
2023-11-25 14:30:55.783,0 days 00:45:55.779000,-767.0,-1339.0,-220.5,OnTrack,243.33333333333331,10939.333333333334,100.0,0.0,14,5,2885.2348291901217,0.5533077575884882,63.0,41.39916666666674,interpolation,0 days 00:00:45.784000,45.784,2755.779,1.0
2023-11-25 14:30:55.883,0 days 00:45:55.879000,-714.8981667964144,-1404.0190204035032,-221.46183064034852,OnTrack,247.0,11075.0,100.0,0.0,14,5,2893.513888888889,0.5548954508710319,63.0,39.59916666666686,interpolation,0 days 00:00:45.884000,45.884,2755.879,1.0
2023-11-25 14:30:55.983,0 days 00:45:55.979000,-643.8666288678054,-1491.2309934490909,-222.8132176252134,OnTrack,249.25,11181.25,100.0,0.0,14,5,2901.154866931502,0.5563607778467663,63.0,38.07138888888903,interpolation,0 days 00:00:45.984000,45.984,2755.979,1.0
2023-11-25 14:30:56.083,0 days 00:45:56.079000,-574.1517765052937,-1576.077469770133,-224.1329957974716,OnTrack,251.5,11287.5,100.0,0.0,12,6,2908.15776331796,0.5577037385156915,63.0,36.5436111111112,interpolation,0 days 00:00:46.084000,46.084,2756.079,1.0
2023-11-25 14:30:56.183,0 days 00:45:56.179000,-526.0,-1634.0,-225.0,OnTrack,253.75,11393.75,100.0,0.0,12,6,2914.9498336009933,0.5590062686042888,63.0,35.015833333333376,interpolation,0 days 00:00:46.184000,46.184,2756.179,1.0
2023-11-25 14:30:56.283,0 days 00:45:56.279000,-499.4112993519243,-1664.9985841386915,-225.41423023279867,OnTrack,256.0,11500.0,100.0,0.0,12,6,2921.958333333333,0.5603503038390392,63.0,33.48805555555555,interpolation,0 days 00:00:46.284000,46.284,2756.279,1.0
2023-11-25 14:30:56.383,0 days 00:45:56.379000,-488.39423660886376,-1675.8260975649198,-225.4996450961755,OnTrack,258.0,11580.75,100.0,0.0,12,6,2929.183262514979,0.5617358442199426,63.0,31.988055555555547,interpolation,0 days 00:00:46.384000,46.384,2756.379,1.0
2023-11-25 14:30:56.483,0 days 00:45:56.479000,-457.0,-1707.0,-226.0,OnTrack,260.0,11661.5,100.0,0.0,12,6,2936.624621145931,0.5631628897469991,63.0,30.488055555555547,interpolation,0 days 00:00:46.484000,46.484,2756.479,1.0
2023-11-25 14:30:56.583,0 days 00:45:56.579000,-399.2370902204911,-1765.2732359724423,-227.03925481392255,OnTrack,262.0,11742.25,100.0,0.0,12,6,2944.066169203917,0.5645899716008902,63.0,28.988055555555547,interpolation,0 days 00:00:46.584000,46.584,2756.579,1.0
2023-11-25 14:30:56.683,0 days 00:45:56.679000,-334.0,-1830.0,-228.0,OnTrack,264.0,11823.0,100.0,0.0,12,6,2951.2916666666665,0.5659756209622967,63.0,27.488055555555547,interpolation,0 days 00:00:46.684000,46.684,2756.679,1.0
2023-11-25 14:30:56.783,0 days 00:45:56.779000,-280.1832220681895,-1880.534486600427,-228.26482602028884,OnTrack,265.75,11563.5,100.0,0.0,12,6,2958.3011135341794,0.5673198378312188,63.0,26.138055555555525,interpolation,0 days 00:00:46.784000,46.784,2756.779,1.0
2023-11-25 14:30:56.883,0 days 00:45:56.879000,-225.0,-1930.0,-228.0,OnTrack,267.5,11304.0,100.0,0.0,12,6,2965.094509806455,0.5686226222076565,63.0,24.788055555555506,interpolation,0 days 00:00:46.884000,46.884,2756.879,1.0
2023-11-25 14:30:56.983,0 days 00:45:56.979000,-155.66357737037194,-1991.519844424997,-227.3717890643444,OnTrack,269.25,11044.5,100.0,0.0,12,6,2971.761484508836,0.5699011624447121,63.0,23.43805555555548,interpolation,0 days 00:00:46.984000,46.984,2756.979,1.0
2023-11-25 14:30:57.083,0 days 00:45:57.079000,-90.0,-2049.0,-227.0,OnTrack,271.0,10785.0,100.0,0.0,12,6,2978.3916666666664,0.5711726468954881,63.0,22.088055555555457,interpolation,0 days 00:00:47.084000,47.084,2757.079,1.0
2023-11-25 14:30:57.183,0 days 00:45:57.179000,-45.83531370957887,-2086.346446849592,-227.50443959364475,OnTrack,271.3333333333333,10824.0,100.0,0.0,12,6,2984.985056279945,0.5724370755599842,63.0,20.843611111111084,interpolation,0 days 00:00:47.184000,47.184,2757.179,1.0
2023-11-25 14:30:57.283,0 days 00:45:57.279000,-9.0,-2117.0,-228.0,OnTrack,271.6666666666667,10863.0,100.0,0.0,12,7,2991.706738839871,0.5737261072418519,63.0,19.599166666666708,interpolation,0 days 00:00:47.284000,47.284,2757.279,1.0
2023-11-25 14:30:57.383,0 days 00:45:57.379000,34.67545962784513,-2154.401474477452,-227.6015733737872,OnTrack,272.0,10902.0,100.0,0.0,12,7,2999.547222222222,0.5752296937904435,63.0,18.354722222222332,interpolation,0 days 00:00:47.384000,47.384,2757.379,1.0
2023-11-25 14:30:57.483,0 days 00:45:57.479000,83.0,-2196.0,-227.0,OnTrack,275.0,10970.333333333334,100.0,0.0,12,7,3008.6715902277297,0.576979493685226,63.0,16.688055555555668,interpolation,0 days 00:00:47.484000,47.484,2757.479,1.0
2023-11-25 14:30:57.583,0 days 00:45:57.579000,133.7825559425081,-2239.244706285697,-226.8861201636321,OnTrack,278.0,11038.666666666666,100.0,0.0,12,7,3018.732648720821,0.5789089247517926,63.0,15.021388888889,interpolation,0 days 00:00:47.584000,47.584,2757.579,1.0
2023-11-25 14:30:57.683,0 days 00:45:57.679000,187.02312745536952,-2284.135593334543,-227.2599338646836,OnTrack,281.0,11107.0,100.0,0.0,12,7,3027.647222222222,0.5806184918982914,63.0,13.354722222222335,interpolation,0 days 00:00:47.684000,47.684,2757.679,1.0
2023-11-25 14:30:57.783,0 days 00:45:57.779000,247.7521352405461,-2335.208683716117,-227.7537806333933,OnTrack,282.25,11147.0,100.0,0.0,12,7,3035.068113041073,0.5820416122685109,63.0,12.288055555555616,interpolation,0 days 00:00:47.784000,47.784,2757.779,1.0
2023-11-25 14:30:57.883,0 days 00:45:57.879000,321.0,-2397.0,-228.0,OnTrack,283.5,11187.0,100.0,0.0,12,7,3040.9953211773754,0.5831782858624515,63.0,11.221388888888896,pos,0 days 00:00:47.884000,47.884,2757.879,1.0
2023-11-25 14:30:57.983,0 days 00:45:57.979000,405.0,-2468.0,-228.0,OnTrack,284.75,11227.0,100.0,0.0,12,7,3046.6040353916565,0.5842538811843511,63.0,10.154722222222176,interpolation,0 days 00:00:47.984000,47.984,2757.979,1.0
2023-11-25 14:30:58.083,0 days 00:45:58.079000,489.15175056428296,-2539.1513842256745,-227.7622288896259,OnTrack,286.0,11267.0,100.0,0.0,12,7,3053.0694444444443,0.585493766738448,63.0,9.088055555555457,interpolation,0 days 00:00:48.084000,48.084,2758.079,1.0
2023-11-25 14:30:58.183,0 days 00:45:58.179000,569.9540417980799,-2607.4579742827123,-227.33502817109235,OnTrack,287.25,11340.75,100.0,0.0,12,7,3060.3915483357405,0.5868979425247427,63.0,7.671388888888828,interpolation,0 days 00:00:48.184000,48.184,2758.179,1.0
2023-11-25 14:30:58.283,0 days 00:45:58.279000,637.0,-2664.0,-227.0,OnTrack,288.5,11414.5,100.0,0.0,12,7,3068.5703470655435,0.588466408543235,63.0,6.254722222222199,pos,0 days 00:00:48.284000,48.284,2758.279,1.0
2023-11-25 14:30:58.383,0 days 00:45:58.379000,688.5551373392642,-2707.290825404136,-226.80407830925003,OnTrack,289.75,11488.25,100.0,0.0,12,7,3077.0820278181304,0.5900987120711405,63.0,4.83805555555557,interpolation,0 days 00:00:48.384000,48.384,2758.379,1.0
2023-11-25 14:30:58.483,0 days 00:45:58.479000,727.8202481378994,-2740.095029345633,-226.76620156695455,OnTrack,291.0,11562.0,100.0,0.0,12,7,3085.4027777777774,0.591694400385675,63.0,3.421388888888941,interpolation,0 days 00:00:48.484000,48.484,2758.479,1.0
2023-11-25 14:30:58.583,0 days 00:45:58.579000,774.0,-2779.0,-227.0,OnTrack,292.0,11599.5,100.0,0.0,12,7,3093.532596944485,0.5932534734868388,63.0,1.9491666666667695,interpolation,0 days 00:00:48.584000,48.584,2758.579,1.0
2023-11-25 14:30:58.683,0 days 00:45:58.679000,830.2951544716269,-2826.770287908607,-227.52441188256955,OnTrack,293.0,11637.0,100.0,0.0,12,7,3101.680555555555,0.5948160252286948,63.0,0.476944444444598,interpolation,0 days 00:00:48.684000,48.684,2758.679,1.0
2023-11-25 14:30:58.783,0 days 00:45:58.779000,886.0,-2874.0,-228.0,OnTrack,294.3333333333333,11493.333333333334,100.0,0.0,12,7,3110.0557238482897,0.5964221494653068,63.0,170.3054629629634,interpolation,0 days 00:00:48.784000,48.784,2758.779,1.0
2023-11-25 14:30:58.883,0 days 00:45:58.879000,930.4088250323392,-2911.2832432027253,-228.087327137628,OnTrack,295.6666666666667,11349.666666666666,100.0,0.0,12,7,3118.7239760560724,0.5980844790416644,63.0,340.1339814814822,interpolation,0 days 00:00:48.884000,48.884,2758.879,1.0
2023-11-25 14:30:58.983,0 days 00:45:58.979000,999.0,-2969.0,-228.0,OnTrack,297.0,11206.0,100.0,0.0,12,7,3128.0805555555557,0.5998788106396267,63.0,509.962500000001,pos,0 days 00:00:48.984000,48.984,2758.979,1.0
2023-11-25 14:30:59.083,0 days 00:45:59.079000,1127.2518953343383,-3077.5302528750435,-227.9516252916624,OnTrack,298.5,10896.0,100.0,0.0,12,7,3138.1913359055743,0.601817776974824,63.0,504.9291666666677,interpolation,0 days 00:00:49.084000,49.084,2759.079,1.0
2023-11-25 14:30:59.183,0 days 00:45:59.179000,1266.0,-3195.0,-228.0,OnTrack,300.0,10586.0,100.0,0.0,12,7,3148.080555555555,0.6037142541327567,44.0,499.8958333333344,interpolation,0 days 00:00:49.184000,49.184,2759.179,1.0
2023-11-25 14:30:59.283,0 days 00:45:59.279000,1366.07980296163,-3279.5352395470168,-228.20292111239743,OnTrack,300.75,10636.25,100.0,0.0,12,7,3156.7724529549264,0.6053811181989256,44.0,495.94583333333424,interpolation,0 days 00:00:49.284000,49.284,2759.279,1.0
2023-11-25 14:30:59.383,0 days 00:45:59.379000,1427.4913042192288,-3331.1359715160934,-228.5603886288548,OnTrack,301.5,10686.5,100.0,0.0,12,8,3164.26702810369,0.6068183691733304,44.0,491.9958333333341,interpolation,0 days 00:00:49.384000,49.384,2759.379,1.0
2023-11-25 14:30:59.483,0 days 00:45:59.479000,1456.005887501586,-3354.748971290923,-229.00999950966676,OnTrack,302.25,10736.75,100.0,0.0,12,8,3171.243366978385,0.6081562368504716,44.0,488.0458333333339,interpolation,0 days 00:00:49.484000,49.484,2759.479,1.0
2023-11-25 14:30:59.583,0 days 00:45:59.579000,1486.2516778851357,-3380.0547392092344,-229.1773374336156,OnTrack,303.0,10787.0,100.0,0.0,12,8,3178.3805555555555,0.609524951024849,44.0,484.09583333333376,interpolation,0 days 00:00:49.584000,49.584,2759.579,1.0
2023-11-25 14:30:59.683,0 days 00:45:59.679000,1524.0,-3412.0,-229.0,OnTrack,303.6666666666667,10825.333333333334,100.0,0.0,12,8,3185.6785938351986,0.6109245116964628,44.0,479.89583333333394,interpolation,0 days 00:00:49.684000,49.684,2759.679,1.0
2023-11-25 14:30:59.783,0 days 00:45:59.779000,1569.25085384618,-3450.58475366322,-228.47798720881983,OnTrack,304.3333333333333,10863.666666666666,100.0,0.0,12,8,3193.2869877820963,0.6123835899493026,44.0,475.6958333333341,interpolation,0 days 00:00:49.784000,49.784,2759.779,1.0
2023-11-25 14:30:59.883,0 days 00:45:59.879000,1621.7531100406577,-3495.4009166274145,-227.6779731150145,OnTrack,305.0,10902.0,100.0,0.0,12,8,3202.102777777777,0.6140742131680894,44.0,471.4958333333343,interpolation,0 days 00:00:49.884000,49.884,2759.879,1.0
2023-11-25 14:30:59.983,0 days 00:45:59.979000,1680.0,-3544.0,-227.0,OnTrack,307.0,10903.5,100.0,0.0,12,8,3212.275471317968,0.6160250527304061,44.0,465.8291666666673,interpolation,0 days 00:00:49.984000,49.984,2759.979,1.0
2023-11-25 14:31:00.083,0 days 00:46:00.079000,1743.7403969127413,-3595.973924388252,-226.5107412359767,OnTrack,309.0,10905.0,100.0,0.0,12,8,3222.7027777777776,0.6180247199660136,44.0,460.1625000000004,interpolation,0 days 00:00:50.084000,50.084,2760.079,1.0
2023-11-25 14:31:00.183,0 days 00:46:00.179000,1812.9743007788811,-3651.3226897921695,-226.21019682294477,OnTrack,309.7,10931.9,100.0,0.0,12,8,3232.2824065323134,0.619861826204673,44.0,455.517666666667,interpolation,0 days 00:00:50.184000,50.184,2760.179,1.0
2023-11-25 14:31:00.283,0 days 00:46:00.279000,1887.70171159842,-3710.046296211753,-226.0983667609039,OnTrack,310.4,10958.8,100.0,0.0,12,8,3241.0143575815755,0.6215363714463842,44.0,450.8728333333337,interpolation,0 days 00:00:50.284000,50.284,2760.279,1.0
2023-11-25 14:31:00.383,0 days 00:46:00.379000,1967.9226293713589,-3772.144743647004,-226.17525104985447,OnTrack,311.1,10985.7,100.0,0.0,12,8,3248.898630925564,0.6230483556911472,44.0,446.2280000000004,interpolation,0 days 00:00:50.384000,50.384,2760.379,1.0
2023-11-25 14:31:00.483,0 days 00:46:00.479000,2053.637054097695,-3837.6180320979192,-226.4408496897962,OnTrack,311.8,11012.6,100.0,0.0,12,8,3255.93522656428,0.6243977789389622,44.0,441.5831666666671,interpolation,0 days 00:00:50.484000,50.484,2760.479,1.0
2023-11-25 14:31:00.583,0 days 00:46:00.579000,2144.8449857774312,-3906.466161564502,-226.89516268072924,OnTrack,312.5,11039.5,100.0,0.0,12,8,3262.1241444977204,0.6255846411898287,44.0,436.9383333333337,interpolation,0 days 00:00:50.584000,50.584,2760.579,1.0
2023-11-25 14:31:00.683,0 days 00:46:00.679000,2235.061529358421,-3973.899504277501,-227.41085552273285,OnTrack,313.2,11066.4,100.0,0.0,12,8,3268.533530871344,0.6268137831529124,44.0,432.2935000000004,interpolation,0 days 00:00:50.684000,50.684,2760.679,1.0
2023-11-25 14:31:00.783,0 days 00:46:00.779000,2317.8017897885197,-4035.128432467668,-227.86059371588644,OnTrack,313.9,11093.3,100.0,0.0,12,8,3276.231531830605,0.6282900455373778,44.0,427.6486666666671,interpolation,0 days 00:00:50.784000,50.784,2760.779,1.0
2023-11-25 14:31:00.883,0 days 00:46:00.879000,2393.065767067726,-4090.152946135,-228.2443772601899,OnTrack,314.6,11120.2,100.0,0.0,12,8,3285.2181473755063,0.6300134283432253,44.0,423.0038333333338,interpolation,0 days 00:00:50.884000,50.884,2760.879,1.0
2023-11-25 14:31:00.983,0 days 00:46:00.979000,2460.853461196042,-4138.9730452795,-228.56220615564337,OnTrack,315.3,11147.1,100.0,0.0,12,8,3295.4933775060445,0.6319839315704548,44.0,418.3590000000005,interpolation,0 days 00:00:50.984000,50.984,2760.979,1.0
2023-11-25 14:31:01.083,0 days 00:46:01.079000,2521.164872173467,-4181.588729901167,-228.8140804022467,OnTrack,316.0,11174.0,100.0,0.0,12,8,3307.0572222222218,0.6342015552190663,44.0,413.7141666666671,interpolation,0 days 00:00:51.084000,51.084,2761.079,1.0
2023-11-25 14:31:01.183,0 days 00:46:01.179000,2574.0,-4218.0,-229.0,OnTrack,317.0,11198.0,100.0,0.0,12,8,3319.9096815240378,0.6366662992890597,44.0,406.9475000000005,interpolation,0 days 00:00:51.184000,51.184,2761.179,1.0
2023-11-25 14:31:01.283,0 days 00:46:01.279000,2619.358844675642,-4248.2068555760015,-229.11996494890323,OnTrack,318.0,11222.0,100.0,0.0,12,8,3331.790555555556,0.6389447203389039,44.0,400.1808333333338,interpolation,0 days 00:00:51.284000,51.284,2761.279,1.0
2023-11-25 14:31:01.383,0 days 00:46:01.379000,2659.5027668622274,-4273.764033193484,-229.15597187705703,OnTrack,318.3333333333333,11232.333333333334,100.0,0.0,12,8,3340.4396444608374,0.6406033749270674,44.0,396.4187962962967,interpolation,0 days 00:00:51.384000,51.384,2761.379,1.0
2023-11-25 14:31:01.483,0 days 00:46:01.479000,2708.0,-4304.0,-229.0,OnTrack,318.6666666666667,11242.666666666666,100.0,0.0,12,8,3346.4042994657743,0.6417472297884399,44.0,392.65675925925945,interpolation,0 days 00:00:51.484000,51.484,2761.479,1.0
2023-11-25 14:31:01.583,0 days 00:46:01.579000,2767.1119279072464,-4340.46950848045,-228.63404576147727,OnTrack,319.0,11253.0,100.0,0.0,12,8,3352.9686111111114,0.6430060821077893,44.0,388.8947222222223,interpolation,0 days 00:00:51.584000,51.584,2761.579,1.0
2023-11-25 14:31:01.683,0 days 00:46:01.679000,2837.263011140547,-4383.160430764197,-228.1389771930692,OnTrack,319.5,11281.25,100.0,0.0,12,8,3360.6799250178865,0.6444848975451506,44.0,384.2558333333335,interpolation,0 days 00:00:51.684000,51.684,2761.679,1.0
2023-11-25 14:31:01.783,0 days 00:46:01.779000,2921.0,-4432.0,-228.0,OnTrack,320.0,11309.5,100.0,0.0,12,8,3369.538241186103,0.6461836761005243,44.0,379.6169444444447,interpolation,0 days 00:00:51.784000,51.784,2761.779,1.0
2023-11-25 14:31:01.883,0 days 00:46:01.879000,3018.747350695732,-4486.976088441409,-228.2979813857654,OnTrack,320.5,11337.75,100.0,0.0,12,8,3379.028408983489,0.6480036262168842,44.0,374.9780555555559,interpolation,0 days 00:00:51.884000,51.884,2761.879,1.0
2023-11-25 14:31:01.983,0 days 00:46:01.979000,3123.0,-4543.0,-229.0,OnTrack,321.0,11366.0,100.0,0.0,12,8,3388.635277777778,0.6498459563372047,44.0,370.3391666666671,interpolation,0 days 00:00:51.984000,51.984,2761.979,1.0
2023-11-25 14:31:02.083,0 days 00:46:02.079000,3226.2528846850623,-4594.983038587344,-230.07313449233828,OnTrack,321.5,11380.0,100.0,0.0,12,8,3398.358847568968,0.6517106664614856,44.0,365.3586111111116,interpolation,0 days 00:00:52.084000,52.084,2762.079,1.0
2023-11-25 14:31:02.183,0 days 00:46:02.179000,3315.0,-4638.0,-231.0,OnTrack,322.0,11394.0,100.0,0.0,12,8,3408.1991183570603,0.653597756589727,44.0,360.3780555555561,interpolation,0 days 00:00:52.184000,52.184,2762.179,1.0
2023-11-25 14:31:02.283,0 days 00:46:02.279000,3375.735341193897,-4667.1256800345245,-231.26321166020512,OnTrack,322.5,11408.0,100.0,0.0,12,8,3418.1269132999555,0.6555016314154698,44.0,355.3975000000006,interpolation,0 days 00:00:52.284000,52.284,2762.279,1.0
2023-11-25 14:31:02.383,0 days 00:46:02.379000,3408.458908266753,-4682.360078690919,-230.86276947295363,OnTrack,323.0,11422.0,100.0,0.0,12,8,3428.1130555555555,0.6574166956322555,44.0,350.4169444444451,interpolation,0 days 00:00:52.384000,52.384,2762.379,1.0
2023-11-25 14:31:02.483,0 days 00:46:02.479000,3451.703021206233,-4701.414438001855,-230.2809425492253,OnTrack,323.3333333333333,11410.333333333334,100.0,0.0,12,8,3438.15754512386,0.6593429492400839,44.0,345.7058333333339,interpolation,0 days 00:00:52.484000,52.484,2762.479,1.0
2023-11-25 14:31:02.583,0 days 00:46:02.579000,3544.0,-4742.0,-230.0,OnTrack,323.6666666666667,11398.666666666666,100.0,0.0,12,8,3448.092770283315,0.6612482489746148,44.0,340.99472222222266,pos,0 days 00:00:52.584000,52.584,2762.579,1.0
2023-11-25 14:31:02.683,0 days 00:46:02.679000,3676.0,-4800.0,-230.0,OnTrack,324.0,11387.0,100.0,0.0,12,8,3456.913055555556,0.662939734262363,44.0,336.28361111111144,interpolation,0 days 00:00:52.684000,52.684,2762.679,1.0
2023-11-25 14:31:02.783,0 days 00:46:02.779000,3791.604240544156,-4850.71397635629,-230.1612922101699,OnTrack,324.3333333333333,11420.333333333334,100.0,0.0,12,8,3464.4507875026766,0.6643852615098402,44.0,332.81694444444474,interpolation,0 days 00:00:52.784000,52.784,2762.779,1.0
2023-11-25 14:31:02.883,0 days 00:46:02.879000,3881.4629727263336,-4890.025206538969,-230.4639350094353,OnTrack,324.6666666666667,11453.666666666666,100.0,0.0,12,8,3471.028315091698,0.66564664827945,44.0,329.35027777777805,interpolation,0 days 00:00:52.884000,52.884,2762.879,1.0
2023-11-25 14:31:02.983,0 days 00:46:02.979000,3953.590218545344,-4921.323833452162,-230.78461030398304,OnTrack,325.0,11487.0,100.0,0.0,12,8,3478.5797222222227,0.6670947980465873,44.0,325.8836111111113,interpolation,0 days 00:00:52.984000,52.984,2762.979,1.0
2023-11-25 14:31:03.083,0 days 00:46:03.079000,4016.0,-4948.0,-231.0,OnTrack,325.5,11519.5,100.0,0.0,12,8,3487.427354560436,0.6687915277406477,44.0,321.6336111111111,interpolation,0 days 00:00:53.084000,53.084,2763.079,1.0
2023-11-25 14:31:03.183,0 days 00:46:03.179000,4068.692317090303,-4970.0537061824825,-231.11010409748636,OnTrack,326.0,11552.0,100.0,0.0,12,8,3496.6908333333336,0.6705680052098107,44.0,317.3836111111109,interpolation,0 days 00:00:53.184000,53.184,2763.179,1.0
2023-11-25 14:31:03.283,0 days 00:46:03.279000,4151.0,-5003.0,-231.0,OnTrack,326.3333333333333,11555.0,100.0,0.0,12,8,3505.489779767916,0.6722553983022568,44.0,313.49472222222204,interpolation,0 days 00:00:53.284000,53.284,2763.279,1.0
2023-11-25 14:31:03.383,0 days 00:46:03.379000,4302.255878912844,-5062.3539294529455,-230.55476511109927,OnTrack,326.6666666666667,11558.0,100.0,0.0,12,8,3513.871981594903,0.6738628713750278,44.0,309.60583333333324,interpolation,0 days 00:00:53.384000,53.384,2763.379,1.0
2023-11-25 14:31:03.483,0 days 00:46:03.479000,4455.0,-5122.0,-230.0,OnTrack,327.0,11561.0,100.0,0.0,12,8,3522.124166666667,0.6754454108519079,44.0,305.7169444444444,interpolation,0 days 00:00:53.484000,53.484,2763.479,1.0
2023-11-25 14:31:03.583,0 days 00:46:03.579000,4541.772409432635,-5155.8227170998525,-229.56130523591804,OnTrack,321.0,11651.666666666666,66.66666666666666,0.0,12,8,3530.2941232032786,0.677012181183783,44.0,302.07250000000005,interpolation,0 days 00:00:53.584000,53.584,2763.579,1.0
2023-11-25 14:31:03.683,0 days 00:46:03.679000,4575.084028432952,-5168.711198445302,-229.2351111679128,OnTrack,315.0,11742.333333333334,33.33333333333333,0.0,12,8,3538.73779493772,0.6786314424743827,44.0,298.4280555555558,interpolation,0 days 00:00:53.684000,53.684,2763.679,1.0
2023-11-25 14:31:03.783,0 days 00:46:03.779000,4630.0,-5190.0,-229.0,OnTrack,309.0,11833.0,0.0,0.0,12,8,3549.5908333333336,0.68071275324914,44.0,294.78361111111144,interpolation,0 days 00:00:53.784000,53.784,2763.779,1.0
2023-11-25 14:31:03.883,0 days 00:46:03.879000,4719.031117244806,-5224.578189392441,-228.8524021177921,OnTrack,284.0,11139.0,0.0,0.0,12,8,3562.2130555555564,0.6831333442536933,44.0,290.5169444444441,interpolation,0 days 00:00:53.884000,53.884,2763.879,1.0
2023-11-25 14:31:03.983,0 days 00:46:03.979000,4832.461992355154,-5268.712142512267,-228.81234565176055,OnTrack,273.0,10789.0,0.0,1.0,8,8,3570.6277546689626,0.6847470494017514,44.0,288.6280555555554,interpolation,0 days 00:00:53.984000,53.984,2763.979,0.0
2023-11-25 14:31:04.083,0 days 00:46:04.079000,4912.0,-5300.0,-229.0,OnTrack,262.0,10439.0,0.0,1.0,8,8,3576.768611111112,0.6859246947959158,44.0,286.73916666666673,interpolation,0 days 00:00:54.084000,54.084,2764.079,0.0
2023-11-25 14:31:04.183,0 days 00:46:04.179000,4947.929652881047,-5314.708099512779,-229.4353934980709,OnTrack,253.5,10454.0,0.0,1.0,8,8,3583.5654180420165,0.6872281332417758,44.0,285.4613888888889,interpolation,0 days 00:00:54.184000,54.184,2764.179,0.0
2023-11-25 14:31:04.283,0 days 00:46:04.279000,4975.0,-5321.0,-230.0,OnTrack,245.0,10469.0,0.0,1.0,8,8,3590.379722222223,0.688534927173185,44.0,284.1836111111111,interpolation,0 days 00:00:54.284000,54.284,2764.279,0.0
2023-11-25 14:31:04.383,0 days 00:46:04.379000,5027.9600903585615,-5327.039260411062,-230.5752933598137,OnTrack,237.75,10590.75,0.0,1.0,8,8,3596.57307041228,0.689722639023997,44.0,283.95861111111105,interpolation,0 days 00:00:54.384000,54.384,2764.379,0.0
2023-11-25 14:31:04.483,0 days 00:46:04.479000,5106.809923956731,-5332.825880745966,-231.1612735775122,OnTrack,230.5,10712.5,0.0,1.0,8,8,3602.145462612186,0.6907912687942122,44.0,283.73361111111103,interpolation,0 days 00:00:54.484000,54.484,2764.479,0.0
2023-11-25 14:31:04.583,0 days 00:46:04.579000,5188.754795576538,-5336.699560707888,-231.6666170064546,OnTrack,223.25,10834.25,0.0,1.0,8,8,3607.2349846171096,0.6917672974970587,44.0,283.508611111111,interpolation,0 days 00:00:54.584000,54.584,2764.579,0.0
2023-11-25 14:31:04.683,0 days 00:46:04.679000,5251.0,-5337.0,-232.0,OnTrack,216.0,10956.0,0.0,1.0,8,8,3611.979722222223,0.6926772061457656,44.0,283.283611111111,interpolation,0 days 00:00:54.684000,54.684,2764.679,0.0
2023-11-25 14:31:04.783,0 days 00:46:04.779000,5293.545537227124,-5333.727198622306,-232.1614225581485,OnTrack,213.5,10623.5,1.0,1.0,8,8,3616.379675427522,0.6935209947403327,44.0,283.2391666666665,interpolation,0 days 00:00:54.784000,54.784,2764.779,0.0
2023-11-25 14:31:04.883,0 days 00:46:04.879000,5322.331693079306,-5325.27427621695,-232.26550880900967,OnTrack,211.0,10291.0,2.0,1.0,8,5,3621.357500000001,0.6944756029836554,44.0,283.194722222222,interpolation,0 days 00:00:54.884000,54.884,2764.879,0.0
2023-11-25 14:31:04.983,0 days 00:46:04.979000,5373.0,-5302.0,-233.0,OnTrack,207.0,10073.0,3.5,1.0,8,5,3627.835851706651,0.6957179705786294,44.0,283.5613888888886,interpolation,0 days 00:00:54.984000,54.984,2764.979,0.0
2023-11-25 14:31:05.083,0 days 00:46:05.079000,5451.4906829823885,-5262.297506067975,-234.479519085484,OnTrack,203.0,9855.0,5.0,1.0,8,5,3634.890833333334,0.6970709197473401,44.0,283.92805555555515,interpolation,0 days 00:00:55.084000,55.084,2765.079,0.0
2023-11-25 14:31:05.183,0 days 00:46:05.179000,5532.0,-5219.0,-236.0,OnTrack,198.0,9778.5,7.0,1.0,8,5,3641.598547665909,0.6983572727118728,44.0,284.76138888888863,interpolation,0 days 00:00:55.184000,55.184,2765.179,0.0
2023-11-25 14:31:05.283,0 days 00:46:05.279000,5588.724209026363,-5184.940687375201,-236.85737667808604,OnTrack,193.0,9702.0,9.0,1.0,8,5,3647.7575000000006,0.6995383883945873,44.0,285.5947222222221,interpolation,0 days 00:00:55.284000,55.284,2765.279,0.0
2023-11-25 14:31:05.383,0 days 00:46:05.379000,5621.663310061477,-5160.1195681935815,-237.0516491197422,OnTrack,190.5,9581.5,11.5,0.0,8,5,3653.166195631233,0.7005756257178439,44.0,286.4836111111108,interpolation,0 days 00:00:55.384000,55.384,2765.379,0.0
2023-11-25 14:31:05.483,0 days 00:46:05.479000,5634.466519443707,-5142.533219396837,-236.6765840679905,OnTrack,188.0,9461.0,14.0,0.0,8,5,3658.201944444445,0.7015413422187774,44.0,287.3724999999995,interpolation,0 days 00:00:55.484000,55.484,2765.479,0.0
2023-11-25 14:31:05.583,0 days 00:46:05.579000,5649.029023099687,-5120.161164180094,-236.2947791004579,OnTrack,188.0,9354.666666666666,15.0,0.0,8,5,3663.242056324473,0.7025078954345225,44.0,288.3836111111106,interpolation,0 days 00:00:55.584000,55.584,2765.579,0.0
2023-11-25 14:31:05.683,0 days 00:46:05.679000,5669.0,-5091.0,-236.0,OnTrack,188.0,9248.333333333334,16.0,0.0,8,5,3668.229730786516,0.7034643926125872,44.0,289.3947222222217,interpolation,0 days 00:00:55.684000,55.684,2765.679,0.0
2023-11-25 14:31:05.783,0 days 00:46:05.779000,5694.379450144644,-5055.049726856553,-235.7922467666168,OnTrack,188.0,9142.0,17.0,0.0,8,5,3672.824166666667,0.7043454775726438,44.0,290.4058333333328,interpolation,0 days 00:00:55.784000,55.784,2765.779,0.0
2023-11-25 14:31:05.883,0 days 00:46:05.879000,5723.904728094146,-5012.112360331792,-235.60065050273496,OnTrack,185.66666666666663,9070.0,18.0,0.0,8,5,3676.968564061759,0.7051402576737413,44.0,291.4947222222219,interpolation,0 days 00:00:55.884000,55.884,2765.879,0.0
2023-11-25 14:31:05.983,0 days 00:46:05.979000,5750.0,-4961.0,-235.0,OnTrack,183.33333333333331,8998.0,19.0,0.0,8,5,3680.7722103694864,0.7058696911977985,44.0,292.583611111111,pos,0 days 00:00:55.984000,55.984,2765.979,0.0
2023-11-25 14:31:06.083,0 days 00:46:06.079000,5771.0,-4904.0,-234.0,OnTrack,181.0,8926.0,20.0,0.0,8,5,3684.890833333334,0.7066595284801656,44.0,293.6725000000001,interpolation,0 days 00:00:56.084000,56.084,2766.079,0.0
2023-11-25 14:31:06.183,0 days 00:46:06.179000,5784.488940350047,-4856.024303159108,-233.0840855083484,OnTrack,177.0,8905.5,38.0,0.0,8,5,3689.4337214701054,0.7075307280173755,44.0,295.3391666666664,interpolation,0 days 00:00:56.184000,56.184,2766.179,0.0
2023-11-25 14:31:06.283,0 days 00:46:06.279000,5792.0,-4807.0,-232.0,OnTrack,173.0,8885.0,56.0,0.0,8,5,3694.501944444445,0.7085026721588087,44.0,297.0058333333327,interpolation,0 days 00:00:56.284000,56.284,2766.279,0.0
2023-11-25 14:31:06.383,0 days 00:46:06.379000,5795.468987128929,-4744.368869965634,-230.4149148615044,OnTrack,173.66666666666666,9026.666666666666,61.66666666666666,0.0,8,5,3700.1965719209993,0.7095947432538463,44.0,299.0391666666663,interpolation,0 days 00:00:56.384000,56.384,2766.379,0.0
2023-11-25 14:31:06.483,0 days 00:46:06.479000,5795.0,-4681.0,-229.0,OnTrack,174.33333333333334,9168.333333333334,67.33333333333333,0.0,8,5,3706.35503712973,0.710775765519471,44.0,301.07249999999993,interpolation,0 days 00:00:56.484000,56.484,2766.479,0.0
2023-11-25 14:31:06.583,0 days 00:46:06.579000,5790.697136876379,-4629.762477047087,-228.4264253226252,OnTrack,175.0,9310.0,73.0,0.0,8,5,3712.001944444445,0.7118586852152976,44.0,303.1058333333335,interpolation,0 days 00:00:56.584000,56.584,2766.579,0.0
2023-11-25 14:31:06.683,0 days 00:46:06.679000,5783.0,-4583.0,-228.0,OnTrack,176.66666666666666,9305.666666666666,74.0,0.0,8,5,3716.974728759782,0.7128123268775476,44.0,304.6095370370369,interpolation,0 days 00:00:56.684000,56.684,2766.679,0.0
2023-11-25 14:31:06.783,0 days 00:46:06.779000,5772.3481916128,-4533.056267751845,-227.02653320274445,OnTrack,178.33333333333334,9301.333333333334,75.0,0.0,8,5,3721.396058107269,0.7136602148213878,44.0,306.1132407407402,interpolation,0 days 00:00:56.784000,56.784,2766.779,0.0
2023-11-25 14:31:06.883,0 days 00:46:06.879000,5760.0,-4486.0,-226.0,OnTrack,180.0,9297.0,76.0,0.0,8,5,3726.001944444445,0.7145434956604887,44.0,307.6169444444436,interpolation,0 days 00:00:56.884000,56.884,2766.879,0.0
2023-11-25 14:31:06.983,0 days 00:46:06.979000,5747.213713446821,-4447.899916441846,-225.41437546090825,OnTrack,181.5,9460.75,82.0,0.0,8,5,3730.915057058968,0.7154856939509083,44.0,309.1447222222215,interpolation,0 days 00:00:56.984000,56.984,2766.979,0.0
2023-11-25 14:31:07.083,0 days 00:46:07.079000,5737.0,-4418.0,-225.0,OnTrack,183.0,9624.5,88.0,0.0,8,5,3736.135395950836,0.7164868096926456,44.0,310.67249999999945,interpolation,0 days 00:00:57.084000,57.084,2767.079,0.0
2023-11-25 14:31:07.183,0 days 00:46:07.179000,5732.369527706278,-4395.544233597088,-224.48721403180667,OnTrack,184.5,9788.25,94.0,0.0,8,5,3741.455675756175,0.7175070913206967,44.0,312.2002777777774,interpolation,0 days 00:00:57.184000,57.184,2767.179,0.0
2023-11-25 14:31:07.283,0 days 00:46:07.279000,5726.449127929972,-4370.86978970543,-223.85752742948603,OnTrack,186.0,9952.0,100.0,0.0,8,5,3746.668611111112,0.7185067872700566,44.0,313.72805555555533,interpolation,0 days 00:00:57.284000,57.284,2767.279,0.0
2023-11-25 14:31:07.383,0 days 00:46:07.379000,5678.0,-4286.0,-223.0,OnTrack,189.0,10112.333333333334,100.0,0.0,8,5,3751.774202015648,0.7194858975407259,44.0,314.920648148148,pos,0 days 00:00:57.384000,57.384,2767.379,0.0
2023-11-25 14:31:07.483,0 days 00:46:07.479000,5592.0,-4149.0,-222.0,OnTrack,192.0,10272.666666666666,100.0,0.0,8,5,3756.791551568792,0.7204480855755443,44.0,316.11324074074065,interpolation,0 days 00:00:57.484000,57.484,2767.479,0.0
2023-11-25 14:31:07.583,0 days 00:46:07.579000,5539.5544899005,-4066.236429707488,-221.48067340390557,OnTrack,195.0,10433.0,100.0,0.0,8,5,3761.835277777778,0.7214153319190135,44.0,317.30583333333334,interpolation,0 days 00:00:57.584000,57.584,2767.579,0.0
2023-11-25 14:31:07.683,0 days 00:46:07.679000,5532.5143026867845,-4055.4369716901,-221.5458773423697,OnTrack,197.66666666666663,10550.333333333334,100.0,0.0,8,5,3766.924483546002,0.7223912999764602,44.0,318.2945370370374,interpolation,0 days 00:00:57.684000,57.684,2767.679,0.0
2023-11-25 14:31:07.783,0 days 00:46:07.779000,5535.966964129677,-4067.419027827661,-221.83814260964903,OnTrack,200.33333333333331,10667.666666666666,100.0,0.0,8,5,3772.108193350059,0.7233853912783726,44.0,319.2832407407415,interpolation,0 days 00:00:57.784000,57.784,2767.779,0.0
2023-11-25 14:31:07.883,0 days 00:46:07.879000,5515.0,-4053.0,-222.0,OnTrack,203.0,10785.0,100.0,0.0,8,5,3777.680555555556,0.7244540152964943,44.0,320.2719444444456,interpolation,0 days 00:00:57.884000,57.884,2767.879,0.0
2023-11-25 14:31:07.983,0 days 00:46:07.979000,5469.613410297758,-4012.179888207119,-222.03144951342267,OnTrack,205.66666666666663,10896.666666666666,100.0,0.0,8,5,3783.690595141101,0.7256065736575861,44.0,321.1580555555564,interpolation,0 days 00:00:57.984000,57.984,2767.979,0.0
2023-11-25 14:31:08.083,0 days 00:46:08.079000,5402.964833114806,-3950.143553177092,-221.96547738367815,OnTrack,208.33333333333331,11008.333333333334,100.0,0.0,8,5,3790.066511144687,0.7268292969350211,44.0,322.0441666666672,interpolation,0 days 00:00:58.084000,58.084,2768.079,0.0
2023-11-25 14:31:08.183,0 days 00:46:08.179000,5334.0,-3898.0,-222.0,OnTrack,211.0,11120.0,100.0,0.0,8,5,3796.3775,0.7280395689920374,44.0,322.930277777778,interpolation,0 days 00:00:58.184000,58.184,2768.179,0.0
2023-11-25 14:31:08.283,0 days 00:46:08.279000,5265.876516711149,-3860.93403631122,-222.16800325837195,OnTrack,212.75,11204.75,100.0,0.0,8,5,3802.551761480271,0.7292236205430069,44.0,323.3747222222223,interpolation,0 days 00:00:58.284000,58.284,2768.279,0.0
2023-11-25 14:31:08.383,0 days 00:46:08.379000,5198.594383248253,-3838.9456621107497,-222.469487158794,OnTrack,214.5,11289.5,100.0,0.0,8,5,3808.5892955855024,0.7303814515879299,44.0,323.81916666666666,interpolation,0 days 00:00:58.384000,58.384,2768.379,0.0
2023-11-25 14:31:08.483,0 days 00:46:08.479000,5135.76505816123,-3825.734456854904,-222.78622747981908,OnTrack,216.25,11374.25,100.0,0.0,8,5,3814.576487453538,0.7315296283925488,44.0,324.263611111111,interpolation,0 days 00:00:58.484000,58.484,2768.479,0.0
2023-11-25 14:31:08.583,0 days 00:46:08.579000,5081.0,-3815.0,-223.0,OnTrack,218.0,11459.0,100.0,0.0,8,5,3820.599722222223,0.7326847172226062,44.0,324.70805555555535,interpolation,0 days 00:00:58.584000,58.584,2768.579,0.0
2023-11-25 14:31:08.683,0 days 00:46:08.679000,5034.299208764562,-3806.7422915460343,-223.11080471933676,OnTrack,220.0,11531.75,100.0,0.0,8,5,3826.658999891558,0.7338467180781023,44.0,324.70805555555546,interpolation,0 days 00:00:58.684000,58.684,2768.679,0.0
2023-11-25 14:31:08.783,0 days 00:46:08.779000,4995.662684454914,-3800.9613314930098,-223.1186416378293,OnTrack,222.0,11604.5,100.0,0.0,8,5,3832.754320461543,0.735015630959037,44.0,324.7080555555556,interpolation,0 days 00:00:58.784000,58.784,2768.779,0.0
2023-11-25 14:31:08.883,0 days 00:46:08.879000,4958.444817917811,-3796.94970569348,-223.06715773740723,OnTrack,224.0,11677.25,100.0,0.0,8,5,3839.050119689645,0.7362229900682109,44.0,324.7080555555557,interpolation,0 days 00:00:58.884000,58.884,2768.879,0.0
2023-11-25 14:31:08.983,0 days 00:46:08.979000,4916.0,-3794.0,-223.0,OnTrack,226.0,11750.0,100.0,0.0,8,5,3845.7108333333335,0.7375003296084252,44.0,324.7080555555558,interpolation,0 days 00:00:58.984000,58.984,2768.979,0.0
2023-11-25 14:31:09.083,0 days 00:46:09.079000,4868.328230701483,-3792.11221441257,-222.91716842560757,OnTrack,228.5,11461.5,100.0,0.0,8,5,3852.736461392605,0.7388476495796796,44.0,324.12750000000017,interpolation,0 days 00:00:59.084000,59.084,2769.079,0.0
2023-11-25 14:31:09.183,0 days 00:46:09.179000,4795.0,-3785.0,-223.0,OnTrack,231.0,11173.0,100.0,0.0,8,5,3860.127003867462,0.740264949981974,44.0,323.54694444444453,interpolation,0 days 00:00:59.184000,59.184,2769.179,0.0
2023-11-25 14:31:09.283,0 days 00:46:09.279000,4675.585797873296,-3766.377007831103,-223.4298317089475,OnTrack,233.5,10884.5,100.0,0.0,8,5,3867.520572186366,0.7416828306569615,44.0,322.9663888888889,interpolation,0 days 00:00:59.284000,59.284,2769.279,0.0
2023-11-25 14:31:09.383,0 days 00:46:09.379000,4551.0,-3745.0,-224.0,OnTrack,236.0,10596.0,100.0,0.0,8,5,3874.555277777778,0.7430318914462951,44.0,322.38583333333327,interpolation,0 days 00:00:59.384000,59.384,2769.379,0.0
2023-11-25 14:31:09.483,0 days 00:46:09.479000,4462.156982058744,-3729.6257386008137,-224.50384132070744,OnTrack,238.0,10694.5,100.0,0.0,8,5,3881.231120641699,0.7443121323499743,44.0,321.6358333333335,interpolation,0 days 00:00:59.484000,59.484,2769.479,0.0
2023-11-25 14:31:09.583,0 days 00:46:09.579000,4409.056744049527,-3720.254223633544,-224.94135567106977,OnTrack,240.0,10793.0,100.0,0.0,8,6,3887.888611111112,0.7455888537750486,44.0,320.8858333333337,interpolation,0 days 00:00:59.584000,59.584,2769.579,0.0
2023-11-25 14:31:09.683,0 days 00:46:09.679000,4385.610752649243,-3716.019205257115,-225.31830559868692,OnTrack,242.0,10885.0,100.0,0.0,8,6,3894.868259519001,0.7469273561285674,44.0,319.8858333333335,interpolation,0 days 00:00:59.684000,59.684,2769.679,0.0
2023-11-25 14:31:09.783,0 days 00:46:09.779000,4355.2879949583485,-3711.723211036175,-225.66926621213315,OnTrack,244.0,10977.0,100.0,0.0,8,6,3901.444166666666,0.7481884321426144,44.0,318.88583333333327,interpolation,0 days 00:00:59.784000,59.784,2769.779,0.0
2023-11-25 14:31:09.883,0 days 00:46:09.879000,4312.0,-3706.5,-226.0,OnTrack,245.33333333333331,11016.0,100.0,0.0,8,6,3906.8904333554087,0.7492328745492739,44.0,317.88583333333344,pos,0 days 00:00:59.884000,59.884,2769.879,0.0
2023-11-25 14:31:09.983,0 days 00:46:09.979000,4255.746767774197,-3700.349572148591,-226.3105069622876,OnTrack,246.66666666666663,11055.0,100.0,0.0,8,6,3911.6052198532666,0.7501370394090092,44.0,316.88583333333355,interpolation,0 days 00:00:59.984000,59.984,2769.979,0.0
2023-11-25 14:31:10.083,0 days 00:46:10.079000,4185.267783809482,-3693.242253380653,-226.61513821352247,OnTrack,248.0,11094.0,100.0,0.0,8,6,3917.9775,0.7513590654302688,44.0,315.8858333333337,interpolation,0 days 00:01:00.084000,60.084,2770.079,0.0
2023-11-25 14:31:10.183,0 days 00:46:10.179000,4093.0,-3685.0,-227.0,OnTrack,250.5,11168.5,100.0,0.0,8,6,3926.405438140832,0.7529753094554066,44.0,313.78583333333336,interpolation,0 days 00:01:00.184000,60.184,2770.179,0.0
2023-11-25 14:31:10.283,0 days 00:46:10.279000,3977.682914781896,-3675.5931382092,-227.47944328929225,OnTrack,253.0,11243.0,100.0,0.0,8,6,3934.8441666666663,0.7545936227761418,44.0,311.685833333333,interpolation,0 days 00:01:00.284000,60.284,2770.279,0.0
2023-11-25 14:31:10.383,0 days 00:46:10.379000,3868.0,-3667.0,-228.0,OnTrack,254.33333333333331,11335.0,100.0,0.0,8,6,3941.248817968412,0.7558218566841941,44.0,309.6117592592588,interpolation,0 days 00:01:00.384000,60.384,2770.379,0.0
2023-11-25 14:31:10.483,0 days 00:46:10.479000,3792.6347274991417,-3661.198917364152,-228.5082020507241,OnTrack,255.66666666666663,11427.0,100.0,0.0,8,6,3946.3835242827313,0.7568065504803138,44.0,307.53768518518456,interpolation,0 days 00:01:00.484000,60.484,2770.479,0.0
2023-11-25 14:31:10.583,0 days 00:46:10.579000,3751.587097279321,-3658.189890301657,-229.00404944146464,OnTrack,257.0,11519.0,100.0,0.0,8,6,3954.833055555556,0.7584269354673314,44.0,305.4636111111104,interpolation,0 days 00:01:00.584000,60.584,2770.579,0.0
2023-11-25 14:31:10.683,0 days 00:46:10.679000,3718.49591841984,-3655.8359180883326,-229.4978721114728,OnTrack,259.0,11549.0,100.0,0.0,8,6,3966.3441666666663,0.7606344462778218,44.0,301.8191666666662,interpolation,0 days 00:01:00.684000,60.684,2770.679,0.0
2023-11-25 14:31:10.783,0 days 00:46:10.779000,3667.0,-3652.0,-230.0,OnTrack,260.5,11625.0,100.0,0.0,8,6,3974.812671676287,0.7622584698996063,44.0,298.6524999999997,interpolation,0 days 00:01:00.784000,60.784,2770.779,0.0
2023-11-25 14:31:10.883,0 days 00:46:10.879000,3597.099342019801,-3646.682136036658,-230.5104331070461,OnTrack,262.0,11701.0,100.0,0.0,8,6,3980.8997222222224,0.7634257968200444,44.0,295.4858333333332,interpolation,0 days 00:01:00.884000,60.884,2770.879,0.0
2023-11-25 14:31:10.983,0 days 00:46:10.979000,3523.0,-3641.0,-231.0,OnTrack,262.75,11428.0,100.0,0.0,8,6,3986.2838290566806,0.7644583186962718,44.0,292.4636111111108,interpolation,0 days 00:01:00.984000,60.984,2770.979,0.0
2023-11-25 14:31:11.083,0 days 00:46:11.079000,3458.9080294613523,-3636.07126569172,-231.43952924625037,OnTrack,263.5,11155.0,100.0,0.0,8,6,3990.964992179664,0.7653560355282879,44.0,289.44138888888847,interpolation,0 days 00:01:01.084000,61.084,2771.079,0.0
2023-11-25 14:31:11.183,0 days 00:46:11.179000,3400.0738685238034,-3631.3988234463686,-231.8103014876216,OnTrack,264.25,10882.0,100.0,0.0,8,6,3996.502409212813,0.766417958034715,44.0,286.4191666666661,interpolation,0 days 00:01:01.184000,61.184,2771.179,0.0
2023-11-25 14:31:11.283,0 days 00:46:11.279000,3318.0,-3624.0,-232.0,OnTrack,265.0,10609.0,100.0,0.0,8,6,4004.455277777778,0.7679430969341755,44.0,283.39694444444376,interpolation,0 days 00:01:01.284000,61.284,2771.279,0.0
2023-11-25 14:31:11.383,0 days 00:46:11.379000,3215.0,-3614.0,-232.0,OnTrack,266.5,10615.5,100.0,0.0,8,6,4014.823597874554,0.7699314522266691,44.0,277.52472222222195,interpolation,0 days 00:01:01.384000,61.384,2771.379,0.0
2023-11-25 14:31:11.483,0 days 00:46:11.479000,3133.453205260904,-3605.13275898368,-231.8708703965984,OnTrack,268.0,10622.0,100.0,0.0,8,6,4025.299722222222,0.7719404813747933,44.0,271.65250000000015,interpolation,0 days 00:01:01.484000,61.484,2771.479,0.0
2023-11-25 14:31:11.583,0 days 00:46:11.579000,3075.433001943118,-3597.0579914315435,-231.7054272229392,OnTrack,269.0,10656.5,100.0,0.0,8,6,4033.57600353986,0.7735276418411458,44.0,267.23583333333363,interpolation,0 days 00:01:01.584000,61.584,2771.579,0.0
2023-11-25 14:31:11.683,0 days 00:46:11.679000,3011.0,-3584.0,-232.0,OnTrack,270.0,10691.0,100.0,0.0,8,7,4040.299722222222,0.7748170639946409,44.0,262.8191666666671,interpolation,0 days 00:01:01.684000,61.684,2771.679,0.0
2023-11-25 14:31:11.783,0 days 00:46:11.779000,2935.164275542121,-3564.996163536516,-232.8373107381456,OnTrack,270.6666666666667,10728.0,100.0,0.0,8,7,4046.118158664067,0.7759328782041942,44.0,259.1302777777781,interpolation,0 days 00:01:01.784000,61.784,2771.779,0.0
2023-11-25 14:31:11.883,0 days 00:46:11.879000,2869.0,-3546.0,-233.0,OnTrack,271.3333333333333,10765.0,100.0,0.0,8,7,4051.408410900257,0.7769474013800096,44.0,255.4413888888891,interpolation,0 days 00:01:01.884000,61.884,2771.879,0.0
2023-11-25 14:31:11.983,0 days 00:46:11.979000,2827.0,-3531.0,-232.0,OnTrack,272.0,10802.0,100.0,0.0,8,7,4058.433055555556,0.7782945327617456,44.0,251.75250000000003,interpolation,0 days 00:01:01.984000,61.984,2771.979,0.0
2023-11-25 14:31:12.083,0 days 00:46:12.079000,2769.676004537563,-3508.205939074492,-234.213083052938,OnTrack,273.5,10850.5,100.0,0.0,8,7,4067.5691868033664,0.7800465885190855,44.0,246.01916666666693,interpolation,0 days 00:01:02.084000,62.084,2772.079,0.0
2023-11-25 14:31:12.183,0 days 00:46:12.179000,2688.0,-3470.0,-237.0,OnTrack,275.0,10899.0,100.0,0.0,8,7,4076.7663888888887,0.7818103559637816,44.0,240.2858333333338,interpolation,0 days 00:01:02.184000,62.184,2772.179,0.0
2023-11-25 14:31:12.283,0 days 00:46:12.279000,2579.5253849720984,-3410.7294130244018,-236.9922025625748,OnTrack,275.0,10899.333333333334,100.0,0.0,8,7,4083.974246057326,0.7831926224075865,44.0,236.3747222222225,interpolation,0 days 00:01:02.284000,62.284,2772.279,0.0
2023-11-25 14:31:12.383,0 days 00:46:12.379000,2453.0098714001792,-3336.1725700496177,-234.67941523192337,OnTrack,275.0,10899.666666666666,100.0,0.0,8,7,4089.4902902463527,0.7842504461972174,44.0,232.46361111111116,interpolation,0 days 00:01:02.384000,62.384,2772.379,0.0
2023-11-25 14:31:12.483,0 days 00:46:12.479000,2361.0,-3281.0,-233.0,OnTrack,275.0,10900.0,100.0,0.0,8,7,4095.099722222222,0.7853261791658176,44.0,228.55249999999975,interpolation,0 days 00:01:02.484000,62.484,2772.479,0.0
2023-11-25 14:31:12.583,0 days 00:46:12.579000,2312.2535723973124,-3250.99015394851,-232.44368637287027,OnTrack,276.0,10954.0,100.0,0.0,8,7,4101.100076969354,0.7864768802443856,44.0,223.5802777777776,interpolation,0 days 00:01:02.584000,62.584,2772.579,0.0
2023-11-25 14:31:12.683,0 days 00:46:12.679000,2298.709333455969,-3241.0920553389915,-232.82154437976735,OnTrack,277.0,11008.0,100.0,0.0,8,7,4107.491354487746,0.7877025494329208,44.0,218.60805555555544,interpolation,0 days 00:01:02.684000,62.684,2772.679,0.0
2023-11-25 14:31:12.783,0 days 00:46:12.779000,2272.0,-3221.0,-233.0,OnTrack,278.0,11062.0,100.0,0.0,8,7,4115.436815873376,0.7892262678414924,44.0,213.63583333333327,interpolation,0 days 00:01:02.784000,62.784,2772.779,0.0
2023-11-25 14:31:12.883,0 days 00:46:12.879000,2224.0643994400884,-3185.6630630971167,-232.7901251974343,OnTrack,279.0,11116.0,100.0,0.0,8,7,4126.099722222222,0.7912711165801694,44.0,208.6636111111111,interpolation,0 days 00:01:02.884000,62.884,2772.879,0.0
2023-11-25 14:31:12.983,0 days 00:46:12.979000,2158.623141631128,-3137.497398094324,-232.28021030138197,OnTrack,279.0,11107.0,100.0,0.0,8,7,4138.499722222223,0.7936490915459101,44.0,200.93027777777752,interpolation,0 days 00:01:02.984000,62.984,2772.979,0.0
2023-11-25 14:31:13.083,0 days 00:46:13.079000,2098.0,-3091.0,-232.0,OnTrack,279.3333333333333,11118.333333333334,100.0,0.0,8,7,4146.754677884523,0.7952321623449623,44.0,197.1302777777773,interpolation,0 days 00:01:03.084000,63.084,2773.079,0.0
2023-11-25 14:31:13.183,0 days 00:46:13.179000,2045.9156225008385,-3048.587047019666,-232.03778552669783,OnTrack,279.6666666666667,11129.666666666666,100.0,0.0,8,7,4150.915115088948,0.7960300184351767,44.0,193.3302777777772,interpolation,0 days 00:01:03.184000,63.184,2773.179,0.0
2023-11-25 14:31:13.283,0 days 00:46:13.279000,1993.0,-3000.0,-232.0,OnTrack,280.0,11141.0,100.0,0.0,8,7,4157.16638888889,0.797228838806165,44.0,189.53027777777697,interpolation,0 days 00:01:03.284000,63.284,2773.279,0.0
2023-11-25 14:31:13.383,0 days 00:46:13.379000,1929.8831233638437,-2934.9803197876827,-231.4930765384312,OnTrack,280.0,11137.5,100.0,0.0,8,7,4166.539397071429,0.7990263209684039,44.0,184.06361111111076,interpolation,0 days 00:01:03.384000,63.384,2773.379,0.0
2023-11-25 14:31:13.483,0 days 00:46:13.479000,1869.0,-2866.0,-231.0,OnTrack,280.0,11134.0,100.0,0.0,8,7,4175.833055555556,0.8008085860664197,44.0,178.5969444444445,interpolation,0 days 00:01:03.484000,63.484,2773.479,0.0
2023-11-25 14:31:13.583,0 days 00:46:13.579000,1822.785637316102,-2805.531034254237,-231.00375524271504,OnTrack,280.0,11132.0,100.0,0.0,8,7,4181.846280260262,0.8019617552447393,44.0,174.99694444444458,interpolation,0 days 00:01:03.584000,63.584,2773.579,0.0
2023-11-25 14:31:13.683,0 days 00:46:13.679000,1789.755230912019,-2752.4481781664103,-231.4485908461029,OnTrack,280.0,11130.0,100.0,0.0,8,7,4188.2775,0.8031950842399229,44.0,171.39694444444467,interpolation,0 days 00:01:03.684000,63.684,2773.679,0.0
2023-11-25 14:31:13.783,0 days 00:46:13.779000,1761.0,-2700.0,-232.0,OnTrack,279.0,11130.0,100.0,0.0,8,7,4198.825143589227,0.8052178287885308,44.0,165.52472222222286,interpolation,0 days 00:01:03.784000,63.784,2773.779,0.0
2023-11-25 14:31:13.883,0 days 00:46:13.879000,1735.0351553842345,-2647.061266893468,-232.60223185482477,OnTrack,278.0,11130.0,100.0,0.0,8,7,4209.8997222222215,0.8073416248163846,44.0,159.65250000000106,interpolation,0 days 00:01:03.884000,63.884,2773.879,0.0
2023-11-25 14:31:13.983,0 days 00:46:13.979000,1705.0,-2570.0,-233.0,OnTrack,269.5,10728.75,75.0,0.0,8,7,4217.9117470932615,0.8088781082493061,44.0,157.26729166666792,pos,0 days 00:01:03.984000,63.984,2773.979,0.0
2023-11-25 14:31:14.083,0 days 00:46:14.079000,1667.0,-2454.0,-233.0,OnTrack,261.0,10327.5,50.0,1.0,8,7,4222.86121820235,0.8098272790872953,44.0,154.88208333333478,interpolation,0 days 00:01:04.084000,64.084,2774.079,0.0
2023-11-25 14:31:14.183,0 days 00:46:14.179000,1638.8320435685569,-2351.955673236945,-232.9741218010511,OnTrack,252.5,9926.25,25.0,1.0,8,7,4226.769107988039,0.8105767036098149,44.0,152.49687500000164,interpolation,0 days 00:01:04.184000,64.184,2774.179,0.0
2023-11-25 14:31:14.283,0 days 00:46:14.279000,1622.252186092296,-2271.5514709721024,-232.98093841772496,OnTrack,244.0,9525.0,0.0,1.0,8,7,4231.656388888888,0.8115139480963279,44.0,150.1116666666685,interpolation,0 days 00:01:04.284000,64.284,2774.279,0.0
2023-11-25 14:31:14.383,0 days 00:46:14.379000,1610.0,-2206.0,-233.0,OnTrack,233.0,9619.5,0.0,1.0,8,7,4237.523060904895,0.812639012546834,44.0,147.778333333335,interpolation,0 days 00:01:04.384000,64.384,2774.379,0.0
2023-11-25 14:31:14.483,0 days 00:46:14.479000,1600.8654202253554,-2154.170033911626,-233.02789825699,OnTrack,222.0,9714.0,0.0,1.0,8,7,4243.989722222222,0.8138791382504249,44.0,145.44500000000153,interpolation,0 days 00:01:04.484000,64.484,2774.479,0.0
2023-11-25 14:31:14.583,0 days 00:46:14.579000,1594.5207723724925,-2114.319954608828,-233.0523882532561,OnTrack,205.0,9908.5,0.0,1.0,8,7,4250.676971027031,0.8151615664961923,44.0,143.77833333333456,interpolation,0 days 00:01:04.584000,64.584,2774.579,0.0
2023-11-25 14:31:14.683,0 days 00:46:14.679000,1589.0,-2076.0,-233.0,OnTrack,188.0,10103.0,0.0,1.0,8,7,4256.523055555555,0.8162826828394533,44.0,142.1116666666676,interpolation,0 days 00:01:04.684000,64.684,2774.679,0.0
2023-11-25 14:31:14.783,0 days 00:46:14.779000,1583.9754253566073,-2037.4685341527324,-232.85848843639428,OnTrack,183.5,10247.0,0.0,1.0,8,7,4260.466224044028,0.8170388728355246,44.0,141.200555555557,interpolation,0 days 00:01:04.784000,64.784,2774.779,0.0
2023-11-25 14:31:14.883,0 days 00:46:14.879000,1579.4470484423127,-1998.725557067024,-232.62785356243887,OnTrack,179.0,10391.0,0.0,1.0,8,6,4264.478611111111,0.8178083370289427,44.0,140.28944444444642,interpolation,0 days 00:01:04.884000,64.884,2774.879,0.0
2023-11-25 14:31:14.983,0 days 00:46:14.979000,1576.0701473068625,-1956.1198014478032,-232.33329190726403,OnTrack,167.0,9809.5,0.0,1.0,8,6,4270.5323513754665,0.818969275964244,44.0,139.63069444444636,interpolation,0 days 00:01:04.984000,64.984,2774.979,0.0
2023-11-25 14:31:15.083,0 days 00:46:15.079000,1574.5,-1906.0,-232.0,OnTrack,155.0,9228.0,0.0,1.0,8,6,4276.491111111111,0.820112000277004,44.0,138.9719444444463,pos,0 days 00:01:05.084000,65.084,2775.079,0.0
2023-11-25 14:31:15.183,0 days 00:46:15.179000,1574.7366065217277,-1848.366152723615,-231.6279778406469,OnTrack,152.0,8907.5,0.0,1.0,8,6,4280.218556592057,0.8208268206027989,44.0,138.70527777777943,interpolation,0 days 00:01:05.184000,65.184,2775.179,0.0
2023-11-25 14:31:15.283,0 days 00:46:15.279000,1576.5988461370473,-1786.1564562382018,-231.2430318766599,OnTrack,149.0,8587.0,0.0,1.0,8,4,4283.113333333333,0.8213819582336183,44.0,138.43861111111255,interpolation,0 days 00:01:05.284000,65.284,2775.279,0.0
2023-11-25 14:31:15.383,0 days 00:46:15.379000,1579.0,-1737.0,-231.0,OnTrack,149.0,8555.333333333334,0.0,1.0,8,4,4286.574086849963,0.8220456344614527,44.0,138.15342592592756,interpolation,0 days 00:01:05.384000,65.384,2775.379,0.0
2023-11-25 14:31:15.483,0 days 00:46:15.479000,1581.7589492302568,-1703.8349505415854,-230.92468839386575,OnTrack,149.0,8523.666666666666,0.0,1.0,8,4,4290.5462278459445,0.8228073805782943,44.0,137.8682407407426,interpolation,0 days 00:01:05.484000,65.484,2775.479,0.0
2023-11-25 14:31:15.583,0 days 00:46:15.579000,1584.8367790947932,-1684.2747524575257,-230.9862942752673,OnTrack,149.0,8492.0,0.0,1.0,8,4,4294.702222222221,0.823604384657693,44.0,137.58305555555762,interpolation,0 days 00:01:05.584000,65.584,2775.579,0.0
2023-11-25 14:31:15.683,0 days 00:46:15.679000,1588.0,-1664.0,-231.0,OnTrack,136.5,8504.5,0.5,1.0,8,4,4298.98748124178,0.8244261780988403,44.0,138.11638888889047,interpolation,0 days 00:01:05.684000,65.684,2775.679,0.0
2023-11-25 14:31:15.783,0 days 00:46:15.779000,1591.2096968143628,-1640.6241133251249,-230.93500246965172,OnTrack,124.0,8517.0,1.0,1.0,8,4,4302.968888888889,0.8251897013015204,44.0,138.64972222222332,interpolation,0 days 00:01:05.784000,65.784,2775.779,0.0
2023-11-25 14:31:15.883,0 days 00:46:15.879000,1595.82492771339,-1613.1949850360145,-230.8392021095319,OnTrack,119.66666666666669,8283.666666666666,1.6666666666666663,1.0,8,4,4306.213329147813,0.8258118946655175,44.0,139.55712962963085,interpolation,0 days 00:01:05.884000,65.884,2775.879,0.0
2023-11-25 14:31:15.983,0 days 00:46:15.979000,1610.0,-1576.0,-231.0,OnTrack,115.33333333333331,8050.333333333333,2.333333333333333,1.0,8,3,4308.844236566242,0.8263164295024695,44.0,140.4645370370384,interpolation,0 days 00:01:05.984000,65.984,2775.979,0.0
2023-11-25 14:31:16.083,0 days 00:46:16.079000,1635.0939579330156,-1528.0870605697255,-231.4652960758675,OnTrack,111.0,7817.0,3.0,1.0,8,3,4311.602222222222,0.8268453344093881,44.0,141.37194444444594,interpolation,0 days 00:01:06.084000,66.084,2776.079,0.0
2023-11-25 14:31:16.183,0 days 00:46:16.179000,1661.0,-1484.0,-232.0,OnTrack,110.0,7646.0,2.5,1.0,8,3,4314.610721927417,0.827422280940307,44.0,142.48305555555726,interpolation,0 days 00:01:06.184000,66.184,2776.179,0.0
2023-11-25 14:31:16.283,0 days 00:46:16.279000,1677.611324688519,-1458.282651545631,-232.36902143526308,OnTrack,109.0,7475.0,2.0,1.0,8,3,4317.6577777777775,0.8280066214670303,44.0,143.59416666666857,interpolation,0 days 00:01:06.284000,66.284,2776.279,0.0
2023-11-25 14:31:16.383,0 days 00:46:16.379000,1684.9279319985717,-1450.9350152066197,-232.5723603816568,OnTrack,105.0,7374.0,2.0,1.0,8,3,4320.531431869251,0.8285577083613629,44.0,145.0386111111129,interpolation,0 days 00:01:06.384000,66.384,2776.379,0.0
2023-11-25 14:31:16.483,0 days 00:46:16.479000,1692.2805733093385,-1450.369871264298,-232.7395191372221,OnTrack,101.0,7273.0,2.0,0.0,8,3,4323.268888888889,0.8290826764470475,44.0,146.48305555555726,interpolation,0 days 00:01:06.484000,66.484,2776.479,0.0
2023-11-25 14:31:16.583,0 days 00:46:16.579000,1709.0,-1445.0,-233.0,OnTrack,100.0,7373.0,10.5,0.0,8,3,4325.90735352374,0.8295886605478271,44.0,148.1219444444464,interpolation,0 days 00:01:06.584000,66.584,2776.579,0.0
2023-11-25 14:31:16.683,0 days 00:46:16.679000,1735.086212070556,-1434.8254014137256,-233.35380296999057,OnTrack,99.0,7473.0,19.0,0.0,8,3,4328.768888888889,0.8301374234076583,44.0,149.76083333333554,interpolation,0 days 00:01:06.684000,66.684,2776.679,0.0
2023-11-25 14:31:16.783,0 days 00:46:16.779000,1768.6104391766369,-1421.061402215451,-233.76299759537352,OnTrack,99.5,7538.0,24.0,0.0,8,3,4332.175558099422,0.8307907277704976,44.0,151.69416666666848,interpolation,0 days 00:01:06.784000,66.784,2776.779,0.0
2023-11-25 14:31:16.883,0 days 00:46:16.879000,1798.0,-1411.0,-234.0,OnTrack,100.0,7603.0,29.0,0.0,8,3,4335.435555555556,0.8314159045720351,44.0,153.62750000000142,interpolation,0 days 00:01:06.884000,66.884,2776.879,0.0
2023-11-25 14:31:16.983,0 days 00:46:16.979000,1821.3261044455664,-1405.8565339223585,-234.02687934364,OnTrack,101.0,7629.333333333333,30.666666666666668,0.0,8,3,4337.857075657508,0.831880284747961,44.0,154.76083333333463,interpolation,0 days 00:01:06.984000,66.984,2776.979,0.0
2023-11-25 14:31:17.083,0 days 00:46:17.079000,1844.0,-1403.0,-234.0,OnTrack,102.0,7655.666666666667,32.333333333333336,0.0,8,3,4339.675401255414,0.8322289890021052,44.0,155.89416666666784,interpolation,0 days 00:01:07.084000,67.084,2777.079,0.0
2023-11-25 14:31:17.183,0 days 00:46:17.179000,1871.4329341499665,-1399.799394250398,-234.07572634278688,OnTrack,103.0,7682.0,34.0,0.0,8,3,4342.302222222223,0.8327327401713431,44.0,157.02750000000106,interpolation,0 days 00:01:07.184000,67.184,2777.179,0.0
2023-11-25 14:31:17.283,0 days 00:46:17.279000,1912.0,-1398.0,-234.0,OnTrack,106.0,8058.5,43.0,0.0,8,3,4345.972818998784,0.8334366584974713,44.0,158.42750000000115,interpolation,0 days 00:01:07.284000,67.284,2777.279,0.0
2023-11-25 14:31:17.383,0 days 00:46:17.379000,1974.0762906546347,-1399.347100575253,-233.518762599639,OnTrack,109.0,8435.0,52.0,0.0,8,3,4349.568888888889,0.8341262846405136,44.0,159.82750000000124,interpolation,0 days 00:01:07.384000,67.384,2777.379,0.0
2023-11-25 14:31:17.483,0 days 00:46:17.479000,2033.0,-1402.0,-233.0,OnTrack,110.5,8575.0,58.5,0.0,8,3,4351.972129196334,0.8345871592604944,44.0,160.6052777777786,interpolation,0 days 00:01:07.484000,67.484,2777.479,0.0
2023-11-25 14:31:17.583,0 days 00:46:17.579000,2064.1093219222257,-1404.118002298085,-232.81169805937924,OnTrack,112.0,8715.0,65.0,0.0,8,3,4354.546666666667,0.835080883909915,44.0,161.38305555555598,interpolation,0 days 00:01:07.584000,67.584,2777.579,0.0
2023-11-25 14:31:17.683,0 days 00:46:17.679000,2071.972627181602,-1405.840072886701,-232.90647037656595,OnTrack,118.0,9104.0,77.5,0.0,8,3,4358.656628045439,0.8358690601412764,44.0,162.08305555555535,interpolation,0 days 00:01:07.684000,67.684,2777.679,0.0
2023-11-25 14:31:17.783,0 days 00:46:17.779000,2084.0,-1408.0,-233.0,OnTrack,124.0,9493.0,90.0,0.0,8,3,4362.813333333334,0.8366662005537423,44.0,162.7830555555547,interpolation,0 days 00:01:07.784000,67.784,2777.779,0.0
2023-11-25 14:31:17.883,0 days 00:46:17.879000,2104.759764357833,-1410.736747632176,-233.0449010137048,OnTrack,125.66666666666669,9731.0,92.0,0.0,8,3,4365.528102531039,0.8371868177464767,44.0,163.11638888888834,interpolation,0 days 00:01:07.884000,67.884,2777.879,0.0
2023-11-25 14:31:17.983,0 days 00:46:17.979000,2134.251920255101,-1414.0503157832295,-233.04117341768017,OnTrack,127.33333333333331,9969.0,94.0,0.0,8,3,4367.332211678176,0.8375327956809406,44.0,163.449722222222,interpolation,0 days 00:01:07.984000,67.984,2777.979,0.0
2023-11-25 14:31:18.083,0 days 00:46:18.079000,2169.118116024819,-1417.0887260426682,-233.01685911281552,OnTrack,129.0,10207.0,96.0,0.0,8,3,4371.413333333334,0.8383154412557882,44.0,163.78305555555562,interpolation,0 days 00:01:08.084000,68.084,2778.079,0.0
2023-11-25 14:31:18.183,0 days 00:46:18.179000,2206.0,-1419.0,-233.0,OnTrack,143.0,9647.0,42.0,0.0,8,3,4377.76888888889,0.8395342599658273,44.0,163.87194444444413,pos,0 days 00:01:08.184000,68.184,2778.179,0.0
2023-11-25 14:31:18.283,0 days 00:46:18.279000,2244.8975721806446,-1419.7841376552244,-232.9905960792336,OnTrack,143.33333333333334,9280.0,37.0,0.0,8,3,4383.195701419371,0.8405749716062507,44.0,164.02009259259225,interpolation,0 days 00:01:08.284000,68.284,2778.279,0.0
2023-11-25 14:31:18.383,0 days 00:46:18.379000,2291.0,-1415.0,-233.0,OnTrack,143.66666666666666,8913.0,32.0,0.0,8,3,4387.260725931533,0.8413545301969801,44.0,164.16824074074034,interpolation,0 days 00:01:08.384000,68.384,2778.379,0.0
2023-11-25 14:31:18.483,0 days 00:46:18.479000,2349.496450891313,-1400.206448025985,-233.0395644117833,OnTrack,144.0,8546.0,27.0,0.0,8,3,4390.56888888889,0.8419889438014306,44.0,164.31638888888847,interpolation,0 days 00:01:08.484000,68.484,2778.479,0.0
2023-11-25 14:31:18.583,0 days 00:46:18.579000,2403.0,-1383.0,-233.0,OnTrack,143.66666666666666,8627.333333333334,31.33333333333333,0.0,8,3,4393.221011884901,0.8424975471958323,44.0,164.5830555555555,interpolation,0 days 00:01:08.584000,68.584,2778.579,0.0
2023-11-25 14:31:18.683,0 days 00:46:18.679000,2434.1237224714746,-1370.977174188865,-232.7720174500667,OnTrack,143.33333333333334,8708.666666666666,35.666666666666664,0.0,8,3,4395.610994511775,0.8429558793615791,44.0,164.84972222222254,interpolation,0 days 00:01:08.684000,68.684,2778.679,0.0
2023-11-25 14:31:18.783,0 days 00:46:18.779000,2447.619636807371,-1361.9732680691077,-232.3833057857212,OnTrack,143.0,8790.0,40.0,0.0,8,4,4400.102222222223,0.8438171718664893,44.0,165.11638888888956,interpolation,0 days 00:01:08.784000,68.784,2778.779,0.0
2023-11-25 14:31:18.883,0 days 00:46:18.879000,2472.0,-1343.0,-232.0,OnTrack,144.0,8845.0,44.0,0.0,8,4,4406.502222222222,0.8450445137842909,44.0,165.73861111111182,interpolation,0 days 00:01:08.884000,68.884,2778.879,0.0
2023-11-25 14:31:18.983,0 days 00:46:18.979000,2512.016879211914,-1311.892645291401,-231.64978940017804,OnTrack,144.25,8831.25,38.25,0.0,8,4,4411.292802408614,0.8459632137645017,44.0,166.1608333333338,interpolation,0 days 00:01:08.984000,68.984,2778.979,0.0
2023-11-25 14:31:19.083,0 days 00:46:19.079000,2564.119130578183,-1271.1761374555297,-231.327267994666,OnTrack,144.5,8817.5,32.5,0.0,8,4,4413.88760043306,0.846460823824444,44.0,166.5830555555558,interpolation,0 days 00:01:09.084000,69.084,2779.079,0.0
2023-11-25 14:31:19.183,0 days 00:46:19.179000,2607.0,-1236.0,-231.0,OnTrack,144.75,8803.75,26.75,0.0,8,4,4416.011931574309,0.8468682114270917,44.0,167.0052777777778,interpolation,0 days 00:01:09.184000,69.184,2779.179,0.0
2023-11-25 14:31:19.283,0 days 00:46:19.279000,2637.1083799759617,-1208.889140581843,-230.66257947994796,OnTrack,145.0,8790.0,21.0,0.0,8,4,4419.391111111112,0.8475162440354194,44.0,167.42749999999978,interpolation,0 days 00:01:09.284000,69.284,2779.279,0.0
2023-11-25 14:31:19.383,0 days 00:46:19.379000,2654.444270506069,-1189.8435592010594,-230.31500643450977,OnTrack,144.0,8849.5,26.0,0.0,8,4,4424.025139043471,0.8484049216494269,44.0,168.32750000000033,interpolation,0 days 00:01:09.384000,69.384,2779.379,0.0
2023-11-25 14:31:19.483,0 days 00:46:19.479000,2666.308025783142,-1173.376198219746,-230.05993017181672,OnTrack,143.0,8909.0,31.0,0.0,8,4,4428.924444444445,0.8493444721004779,44.0,169.22750000000087,interpolation,0 days 00:01:09.484000,69.484,2779.479,0.0
2023-11-25 14:31:19.583,0 days 00:46:19.579000,2680.0,-1154.0,-230.0,OnTrack,144.0,8934.5,40.0,0.0,8,4,4433.099456387095,0.8501451232199368,44.0,170.11638888888956,interpolation,0 days 00:01:09.584000,69.584,2779.579,0.0
2023-11-25 14:31:19.683,0 days 00:46:19.679000,2695.5201931566435,-1131.7149645418217,-230.13521591905956,OnTrack,145.0,8960.0,49.0,0.0,8,4,4436.9800000000005,0.8508893035074332,44.0,171.00527777777825,interpolation,0 days 00:01:09.684000,69.684,2779.679,0.0
2023-11-25 14:31:19.783,0 days 00:46:19.779000,2712.752468284011,-1104.1412797560895,-230.3554576348953,OnTrack,147.0,9183.0,54.5,0.0,8,4,4440.995900411744,0.851659441462597,44.0,171.97749999999996,interpolation,0 days 00:01:09.784000,69.784,2779.779,0.0
2023-11-25 14:31:19.883,0 days 00:46:19.879000,2731.0,-1057.0,-230.0,OnTrack,149.0,9406.0,60.0,0.0,8,4,4445.257777777779,0.852476750953201,44.0,172.94972222222168,pos,0 days 00:01:09.884000,69.884,2779.879,0.0
2023-11-25 14:31:19.983,0 days 00:46:19.979000,2749.0,-993.0,-229.0,OnTrack,151.0,9359.333333333334,62.66666666666666,0.0,8,4,4449.876252253564,0.8533624458470178,44.0,174.0756481481479,interpolation,0 days 00:01:09.984000,69.984,2779.979,0.0
2023-11-25 14:31:20.083,0 days 00:46:20.079000,2759.872532180998,-942.6737031916522,-227.6031293471575,OnTrack,153.0,9312.666666666666,65.33333333333333,0.0,8,4,4454.723830406276,0.8542920764511808,44.0,175.2015740740741,interpolation,0 days 00:01:10.084000,70.084,2780.079,0.0
2023-11-25 14:31:20.183,0 days 00:46:20.179000,2763.604796626694,-907.2978293214342,-225.990376108752,OnTrack,155.0,9266.0,68.0,0.0,8,4,4459.035555555556,0.8551189453595796,44.0,176.32750000000033,interpolation,0 days 00:01:10.184000,70.184,2780.179,0.0
2023-11-25 14:31:20.283,0 days 00:46:20.279000,2767.0,-864.0,-225.0,OnTrack,156.0,9450.8,61.8,0.0,8,4,4462.6839355741095,0.8558186031297108,44.0,177.3786111111114,interpolation,0 days 00:01:10.284000,70.284,2780.279,0.0
2023-11-25 14:31:20.383,0 days 00:46:20.379000,2771.192015883482,-808.9681326446625,-224.77171168875375,OnTrack,157.0,9635.6,55.6,0.0,8,4,4465.668970461936,0.856391049761575,44.0,178.42972222222252,interpolation,0 days 00:01:10.384000,70.384,2780.379,0.0
2023-11-25 14:31:20.483,0 days 00:46:20.479000,2775.0,-756.0,-225.0,OnTrack,158.0,9820.4,49.4,0.0,8,4,4468.308545791891,0.8568972468627702,44.0,179.4808333333336,interpolation,0 days 00:01:10.484000,70.484,2780.479,0.0
2023-11-25 14:31:20.583,0 days 00:46:20.579000,2777.2431080724155,-718.8933748105912,-225.37935375872536,OnTrack,159.0,10005.2,43.2,0.0,8,4,4472.5099652357085,0.8577029622061552,44.0,180.53194444444472,interpolation,0 days 00:01:10.584000,70.584,2780.579,0.0
2023-11-25 14:31:20.683,0 days 00:46:20.679000,2778.0,-683.0,-226.0,OnTrack,160.0,10190.0,37.0,0.0,8,4,4478.591111111112,0.8588691567750846,44.0,181.5830555555558,interpolation,0 days 00:01:10.684000,70.684,2780.679,0.0
2023-11-25 14:31:20.783,0 days 00:46:20.779000,2777.349335682024,-633.6716184917901,-226.9521657588942,OnTrack,168.0,10177.0,37.0,0.0,8,4,4486.104444444445,0.8603100050473371,44.0,183.3272222222222,interpolation,0 days 00:01:10.784000,70.784,2780.779,0.0
2023-11-25 14:31:20.883,0 days 00:46:20.879000,2775.0,-581.0,-228.0,OnTrack,166.5,10060.25,30.75,0.0,8,4,4492.364717645324,0.8615105512530135,44.0,184.7716666666668,interpolation,0 days 00:01:10.884000,70.884,2780.879,0.0
2023-11-25 14:31:20.983,0 days 00:46:20.979000,2770.660877835444,-535.076914238668,-228.90765168790963,OnTrack,165.0,9943.5,24.5,0.0,8,4,4496.924387157273,0.8623849689910348,44.0,186.21611111111133,interpolation,0 days 00:01:10.984000,70.984,2780.979,0.0
2023-11-25 14:31:21.083,0 days 00:46:21.079000,2764.3319691883567,-495.90236120779423,-229.6751208226232,OnTrack,163.5,9826.75,18.25,0.0,8,4,4500.574085312805,0.8630848795431614,44.0,187.6605555555559,interpolation,0 days 00:01:11.084000,71.084,2781.079,0.0
2023-11-25 14:31:21.183,0 days 00:46:21.179000,2757.0870759470904,-462.0266275730233,-230.3550295460251,OnTrack,162.0,9710.0,12.0,0.0,8,4,4504.104444444445,0.8637619041911543,44.0,189.10500000000047,interpolation,0 days 00:01:11.184000,71.184,2781.179,0.0
2023-11-25 14:31:21.283,0 days 00:46:21.279000,2750.0,-432.0,-231.0,OnTrack,160.0,9645.333333333334,11.666666666666666,0.0,8,4,4507.51546455219,0.8644160429350136,44.0,190.460555555556,interpolation,0 days 00:01:11.284000,71.284,2781.279,0.0
2023-11-25 14:31:21.383,0 days 00:46:21.379000,2743.070741347085,-405.8224784887243,-231.6100321845481,OnTrack,158.0,9580.666666666666,11.333333333333334,0.0,8,4,4510.86547396455,0.8650584815251418,44.0,191.81611111111155,interpolation,0 days 00:01:11.384000,71.384,2781.379,0.0
2023-11-25 14:31:21.483,0 days 00:46:21.479000,2725.0,-365.0,-232.0,OnTrack,156.0,9516.0,11.0,0.0,8,4,4514.504444444445,0.8657563348075819,44.0,193.17166666666708,interpolation,0 days 00:01:11.484000,71.484,2781.479,0.0
2023-11-25 14:31:21.583,0 days 00:46:21.579000,2688.0,-298.0,-232.0,OnTrack,154.5,9345.5,15.0,0.0,8,4,4518.490704917665,0.8665207886472788,44.0,195.0234722222226,interpolation,0 days 00:01:11.584000,71.584,2781.579,0.0
2023-11-25 14:31:21.683,0 days 00:46:21.679000,2653.1399933990774,-246.59168337890296,-231.70136857206865,OnTrack,153.0,9175.0,19.0,0.0,8,4,4522.961944444444,0.8673782479747392,44.0,196.8752777777781,interpolation,0 days 00:01:11.684000,71.684,2781.679,0.0
2023-11-25 14:31:21.783,0 days 00:46:21.779000,2623.334359961423,-215.24387180925757,-231.2022304802053,OnTrack,152.0,9175.0,19.0,0.0,8,4,4528.05585208501,0.8683551177204698,44.0,199.24194444444447,interpolation,0 days 00:01:11.784000,71.784,2781.779,0.0
2023-11-25 14:31:21.883,0 days 00:46:21.879000,2595.0,-189.0,-231.0,OnTrack,151.0,9175.0,19.0,0.0,8,4,4533.028611111111,0.8693087545329481,44.0,201.6086111111108,interpolation,0 days 00:01:11.884000,71.884,2781.879,0.0
2023-11-25 14:31:21.983,0 days 00:46:21.979000,2567.539727176052,-165.3672943063289,-231.1775799351784,OnTrack,151.0,9239.0,30.666666666666664,0.0,8,4,4537.136404794498,0.8700965150606514,44.0,203.4234259259256,interpolation,0 days 00:01:11.984000,71.984,2781.979,0.0
2023-11-25 14:31:22.083,0 days 00:46:22.079000,2541.037825894982,-144.2418231217426,-231.66028435840397,OnTrack,151.0,9303.0,42.33333333333333,0.0,8,4,4540.603229391123,0.8707613555526991,44.0,205.2382407407404,interpolation,0 days 00:01:12.084000,72.084,2782.079,0.0
2023-11-25 14:31:22.183,0 days 00:46:22.179000,2516.0,-125.0,-232.0,OnTrack,151.0,9367.0,54.0,0.0,8,4,4544.773055555555,0.8715610121841917,44.0,207.05305555555515,interpolation,0 days 00:01:12.184000,72.184,2782.179,0.0
2023-11-25 14:31:22.283,0 days 00:46:22.279000,2492.510533033444,-107.53789439885368,-232.1220416974097,OnTrack,153.0,9415.0,57.5,0.0,8,4,4549.869877250034,0.8725384407643784,44.0,209.1530555555555,interpolation,0 days 00:01:12.284000,72.284,2782.279,0.0
2023-11-25 14:31:22.383,0 days 00:46:22.379000,2468.2164690394734,-91.3051931124513,-232.0582867574172,OnTrack,155.0,9463.0,61.0,0.0,8,4,4555.106388888888,0.8735426579889756,44.0,211.25305555555587,interpolation,0 days 00:01:12.384000,72.384,2782.379,0.0
2023-11-25 14:31:22.483,0 days 00:46:22.479000,2429.0,-73.0,-232.0,OnTrack,157.5,9672.5,67.5,0.0,8,4,4559.695284886448,0.8744226805537,44.0,212.75305555555587,interpolation,0 days 00:01:12.484000,72.484,2782.479,0.0
2023-11-25 14:31:22.583,0 days 00:46:22.579000,2372.5081458647937,-52.07199622041137,-231.9790590583676,OnTrack,160.0,9882.0,74.0,0.0,8,4,4563.995277777777,0.8752472995414778,44.0,214.25305555555587,interpolation,0 days 00:01:12.584000,72.584,2782.579,0.0
2023-11-25 14:31:22.683,0 days 00:46:22.679000,2302.8855560800766,-29.815902119668877,-231.98999562247064,OnTrack,161.5,9994.5,77.0,0.0,8,4,4568.365080097941,0.8760853060352349,44.0,215.5863888888889,interpolation,0 days 00:01:12.684000,72.684,2782.679,0.0
2023-11-25 14:31:22.783,0 days 00:46:22.779000,2245.0,-14.0,-232.0,OnTrack,163.0,10107.0,80.0,0.0,8,4,4573.050833333333,0.8769839031230896,44.0,216.91972222222196,interpolation,0 days 00:01:12.784000,72.784,2782.779,0.0
2023-11-25 14:31:22.883,0 days 00:46:22.879000,2202.996084629795,-5.918996949519737,-232.00360393690173,OnTrack,168.33333333333334,10293.666666666666,80.0,0.0,8,4,4578.298678970341,0.8779902938931604,44.0,217.66046296296312,interpolation,0 days 00:01:12.884000,72.884,2782.879,0.0
2023-11-25 14:31:22.983,0 days 00:46:22.979000,2173.1368031674883,-4.7993747133877385,-232.0017395979027,OnTrack,173.66666666666666,10480.333333333334,80.0,0.0,8,4,4583.939872806643,0.8790721179028068,44.0,218.40120370370428,interpolation,0 days 00:01:12.984000,72.984,2782.979,0.0
2023-11-25 14:31:23.083,0 days 00:46:23.079000,2133.0,-6.0,-232.0,OnTrack,179.0,10667.0,80.0,0.0,8,4,4588.961944444443,0.8800352115020685,44.0,219.14194444444547,interpolation,0 days 00:01:13.084000,73.084,2783.079,0.0
2023-11-25 14:31:23.183,0 days 00:46:23.179000,2078.8486300582117,-8.747346633648688,-231.99931731746588,OnTrack,181.0,10993.5,90.0,0.0,8,4,4593.196147953469,0.8808472139169328,44.0,219.5197222222232,interpolation,0 days 00:01:13.184000,73.184,2783.179,0.0
2023-11-25 14:31:23.283,0 days 00:46:23.279000,2014.1824619711,-12.832280129151044,-231.99956680559637,OnTrack,183.0,11320.0,100.0,0.0,8,4,4597.095277777777,0.8815949585226082,44.0,219.89750000000092,interpolation,0 days 00:01:13.284000,73.284,2783.279,0.0
2023-11-25 14:31:23.383,0 days 00:46:23.379000,1960.0,-17.0,-232.0,OnTrack,186.0,11598.0,100.0,0.0,8,4,4601.112128361421,0.8823652786943039,44.0,220.11972222222263,interpolation,0 days 00:01:13.384000,73.384,2783.379,0.0
2023-11-25 14:31:23.483,0 days 00:46:23.479000,1919.8009769364417,-21.04137390253896,-232.00049215725016,OnTrack,189.0,11876.0,100.0,0.0,8,4,4605.495277777777,0.8832058447897229,44.0,220.3419444444444,interpolation,0 days 00:01:13.484000,73.484,2783.479,0.0
2023-11-25 14:31:23.583,0 days 00:46:23.579000,1888.9906031826995,-25.42916868941968,-232.00085957127504,OnTrack,192.0,11278.5,100.0,0.0,8,4,4610.493304100219,0.8841643271665678,44.0,220.39750000000004,interpolation,0 days 00:01:13.584000,73.584,2783.579,0.0
2023-11-25 14:31:23.683,0 days 00:46:23.679000,1840.0,-33.0,-232.0,OnTrack,195.0,10681.0,100.0,0.0,8,4,4616.32861111111,0.885283376681835,44.0,220.4530555555557,interpolation,0 days 00:01:13.684000,73.684,2783.679,0.0
2023-11-25 14:31:23.783,0 days 00:46:23.779000,1768.234330739731,-44.226639528089045,-231.9977297354721,OnTrack,201.5,10716.0,100.0,0.0,8,4,4623.223602592819,0.8866056441925203,44.0,220.0863888888889,interpolation,0 days 00:01:13.784000,73.784,2783.779,0.0
2023-11-25 14:31:23.883,0 days 00:46:23.879000,1678.651635215668,-58.259379569272944,-231.9952757678063,OnTrack,208.0,10751.0,100.0,0.0,8,5,4630.195277777777,0.8879426175037386,44.0,219.7197222222221,interpolation,0 days 00:01:13.884000,73.884,2783.879,0.0
2023-11-25 14:31:23.983,0 days 00:46:23.979000,1601.0,-70.0,-232.0,OnTrack,211.0,10841.5,100.0,0.0,8,5,4636.260635898418,0.8891057844206045,44.0,219.24749999999997,interpolation,0 days 00:01:13.984000,73.984,2783.979,0.0
2023-11-25 14:31:24.083,0 days 00:46:24.079000,1540.2374141364353,-78.5988018168187,-232.01312940960403,OnTrack,214.0,10932.0,100.0,0.0,8,5,4642.084166666666,0.8902225755802105,44.0,218.77527777777777,interpolation,0 days 00:01:14.084000,74.084,2784.079,0.0
2023-11-25 14:31:24.183,0 days 00:46:24.179000,1485.0,-86.0,-232.0,OnTrack,217.0,11038.0,100.0,0.0,8,5,4648.330359794445,0.8914204216196493,44.0,218.19194444444477,interpolation,0 days 00:01:14.184000,74.184,2784.179,0.0
2023-11-25 14:31:24.283,0 days 00:46:24.279000,1425.0,-94.0,-232.0,OnTrack,220.0,11144.0,100.0,0.0,8,5,4654.306388888887,0.892566457714901,44.0,217.6086111111117,interpolation,0 days 00:01:14.284000,74.284,2784.279,0.0
2023-11-25 14:31:24.383,0 days 00:46:24.379000,1366.6941012838138,-101.71194917862324,-232.45744048730987,OnTrack,220.0,11246.0,100.0,0.0,8,5,4659.319427557122,0.8935278190419456,44.0,217.1641666666669,interpolation,0 days 00:01:14.384000,74.384,2784.379,0.0
2023-11-25 14:31:24.483,0 days 00:46:24.479000,1303.0,-110.0,-233.0,OnTrack,220.0,11348.0,100.0,0.0,8,5,4664.084166666666,0.8944415634226536,44.0,216.7197222222221,interpolation,0 days 00:01:14.484000,74.484,2784.479,0.0
2023-11-25 14:31:24.583,0 days 00:46:24.579000,1225.7592832822518,-119.87611294451352,-233.1813056090014,OnTrack,223.5,11418.0,100.0,0.0,8,5,4669.315297085031,0.8954447486788952,44.0,216.05305555555609,interpolation,0 days 00:01:14.584000,74.584,2784.579,0.0
2023-11-25 14:31:24.683,0 days 00:46:24.679000,1138.6788522784202,-130.96333948074485,-233.06134028395093,OnTrack,227.0,11488.0,100.0,0.0,8,5,4676.695277777776,0.8968600236252661,44.0,215.38638888889,interpolation,0 days 00:01:14.684000,74.684,2784.679,0.0
2023-11-25 14:31:24.783,0 days 00:46:24.779000,1064.0,-141.0,-233.0,OnTrack,232.0,11776.0,100.0,0.0,8,5,4687.006388888888,0.8988374078261689,44.0,214.14194444444456,pos,0 days 00:01:14.784000,74.784,2784.779,0.0
2023-11-25 14:31:24.883,0 days 00:46:24.879000,1005.4295896363692,-149.60914983079326,-233.05726711256293,OnTrack,234.0,11414.0,100.0,0.0,8,5,4694.847529835368,0.9003411204772633,44.0,213.33824074074104,interpolation,0 days 00:01:14.884000,74.884,2784.879,0.0
2023-11-25 14:31:24.983,0 days 00:46:24.979000,959.899398921154,-157.1746857264199,-233.17451698538704,OnTrack,236.0,11052.0,100.0,0.0,8,5,4699.884973186897,0.901307161943495,44.0,212.5345370370375,interpolation,0 days 00:01:14.984000,74.984,2784.979,0.0
2023-11-25 14:31:25.083,0 days 00:46:25.079000,909.0,-166.0,-233.0,OnTrack,238.0,10690.0,100.0,0.0,8,5,4705.517499999999,0.9023873238592548,44.0,211.730833333334,interpolation,0 days 00:01:15.084000,75.084,2785.079,0.0
2023-11-25 14:31:25.183,0 days 00:46:25.179000,849.6631391877766,-176.46899333595172,-232.47509091982977,OnTrack,239.0,10737.0,100.0,0.0,8,5,4712.311576684393,0.9036902387198044,44.0,210.7586111111118,interpolation,0 days 00:01:15.184000,75.184,2785.179,0.0
2023-11-25 14:31:25.283,0 days 00:46:25.279000,791.0,-187.0,-232.0,OnTrack,240.0,10784.0,100.0,0.0,8,5,4718.850833333332,0.9049442861880084,44.0,209.78638888888963,interpolation,0 days 00:01:15.284000,75.284,2785.279,0.0
2023-11-25 14:31:25.383,0 days 00:46:25.379000,742.121765952187,-196.01135425786987,-231.97493749563444,OnTrack,240.0,10887.5,100.0,0.0,8,5,4723.718900040072,0.905877845926733,44.0,208.9641666666671,interpolation,0 days 00:01:15.384000,75.384,2785.379,0.0
2023-11-25 14:31:25.483,0 days 00:46:25.479000,698.3928641909193,-204.11693536547597,-232.25824761951677,OnTrack,240.0,10991.0,100.0,0.0,8,6,4729.517499999999,0.9069898560510112,44.0,208.14194444444456,interpolation,0 days 00:01:15.484000,75.484,2785.479,0.0
2023-11-25 14:31:25.583,0 days 00:46:25.579000,632.0,-215.0,-232.0,OnTrack,244.0,11058.0,100.0,0.0,8,6,4738.848356408495,0.908779254675876,44.0,206.08083333333343,pos,0 days 00:01:15.584000,75.584,2785.579,0.0
2023-11-25 14:31:25.683,0 days 00:46:25.679000,538.3076479940336,-229.27442113126529,-231.0585403004158,OnTrack,248.0,11125.0,100.0,0.0,8,6,4748.806388888888,0.9106889282199412,44.0,204.0197222222223,interpolation,0 days 00:01:15.684000,75.684,2785.679,0.0
2023-11-25 14:31:25.783,0 days 00:46:25.779000,424.2019534974571,-245.8293877859618,-229.53098100472508,OnTrack,249.5,11193.5,100.0,0.0,8,6,4756.486517064512,0.9121617631018212,44.0,201.9086111111119,interpolation,0 days 00:01:15.784000,75.784,2785.779,0.0
2023-11-25 14:31:25.883,0 days 00:46:25.879000,331.0,-258.0,-228.0,OnTrack,251.0,11262.0,100.0,0.0,8,6,4762.750833333332,0.9133630846554288,44.0,199.7975000000015,interpolation,0 days 00:01:15.884000,75.884,2785.879,0.0
2023-11-25 14:31:25.983,0 days 00:46:25.979000,265.5880033405885,-264.6754354253072,-226.5627107646385,OnTrack,252.0,11296.0,100.0,0.0,8,6,4768.46143009332,0.9144582182146784,44.0,197.775277777779,interpolation,0 days 00:01:15.984000,75.984,2785.979,0.0
2023-11-25 14:31:26.083,0 days 00:46:26.079000,222.3955133348284,-265.68449615422685,-225.22253468787372,OnTrack,253.0,11330.0,100.0,0.0,8,6,4773.78083029698,0.9154783311596024,44.0,195.75305555555647,interpolation,0 days 00:01:16.084000,76.084,2786.079,0.0
2023-11-25 14:31:26.183,0 days 00:46:26.179000,168.0,-260.0,-224.0,OnTrack,254.0,11364.0,100.0,0.0,8,6,4779.684166666666,0.916610426812946,44.0,193.730833333334,interpolation,0 days 00:01:16.184000,76.184,2786.179,0.0
2023-11-25 14:31:26.283,0 days 00:46:26.279000,96.83107019282704,-247.45075080802755,-222.8985280552156,OnTrack,254.5,11438.0,100.0,0.0,8,6,4786.333960490657,0.91788567223559,44.0,190.7030555555566,interpolation,0 days 00:01:16.284000,76.284,2786.279,0.0
2023-11-25 14:31:26.383,0 days 00:46:26.379000,12.536160223190237,-228.7303025097656,-221.9115886097088,OnTrack,255.0,11512.0,100.0,0.0,8,6,4793.850833333332,0.9193271992872464,44.0,187.67527777777923,interpolation,0 days 00:01:16.384000,76.384,2786.379,0.0
2023-11-25 14:31:26.483,0 days 00:46:26.479000,-63.0,-208.0,-221.0,OnTrack,255.5,11484.5,100.0,0.0,8,6,4802.355406759071,0.9209581398276264,44.0,183.64194444444547,interpolation,0 days 00:01:16.484000,76.484,2786.479,0.0
2023-11-25 14:31:26.583,0 days 00:46:26.579000,-126.1299368169239,-185.9534043122154,-220.15723191540752,OnTrack,256.0,11457.0,100.0,0.0,8,6,4810.9175,0.922600111068051,44.0,179.6086111111117,interpolation,0 days 00:01:16.584000,76.584,2786.579,0.0
2023-11-25 14:31:26.683,0 days 00:46:26.679000,-177.6124150139372,-163.04481328567772,-219.41904477559632,OnTrack,257.0,11491.0,100.0,0.0,8,6,4818.606932288245,0.9240747302198415,44.0,175.91416666666692,interpolation,0 days 00:01:16.684000,76.684,2786.679,0.0
2023-11-25 14:31:26.783,0 days 00:46:26.779000,-222.0,-142.0,-219.0,OnTrack,258.0,11525.0,100.0,0.0,8,6,4825.2508333333335,0.925348845571461,44.0,172.21972222222212,interpolation,0 days 00:01:16.784000,76.784,2786.779,0.0
2023-11-25 14:31:26.883,0 days 00:46:26.879000,-260.05144879175646,-123.27325764246204,-218.9358576420987,OnTrack,258.5,11437.5,100.0,0.0,8,6,4830.676332844794,0.9263893054113717,44.0,169.064166666667,interpolation,0 days 00:01:16.884000,76.884,2786.879,0.0
2023-11-25 14:31:26.983,0 days 00:46:26.979000,-308.0,-91.0,-219.0,OnTrack,259.0,11350.0,100.0,0.0,8,6,4836.761944444444,0.9275563563819514,44.0,165.9086111111119,pos,0 days 00:01:16.984000,76.984,2786.979,0.0
2023-11-25 14:31:27.083,0 days 00:46:27.079000,-382.07889223552417,-29.315640859550093,-218.96580937181147,OnTrack,259.0,10861.5,100.0,0.0,8,6,4845.386181754098,0.9292102451255776,44.0,160.9752777777785,interpolation,0 days 00:01:17.084000,77.084,2787.079,0.0
2023-11-25 14:31:27.183,0 days 00:46:27.179000,-457.0,40.0,-219.0,OnTrack,259.0,10373.0,100.0,0.0,8,6,4854.028611111111,0.9308676225976872,44.0,156.0419444444451,interpolation,0 days 00:01:17.184000,77.184,2787.179,0.0
2023-11-25 14:31:27.283,0 days 00:46:27.279000,-507.4751977950989,95.16710279976256,-219.2692861270325,OnTrack,259.0,10382.333333333334,100.0,0.0,8,6,4860.168798852835,0.9320451397537164,44.0,152.67240740740786,interpolation,0 days 00:01:17.284000,77.284,2787.279,0.0
2023-11-25 14:31:27.383,0 days 00:46:27.379000,-538.8280381744587,141.8461266386462,-219.7166518500096,OnTrack,259.0,10391.666666666666,100.0,0.0,8,7,4864.5206061794825,0.9328796953084338,44.0,149.30287037037064,interpolation,0 days 00:01:17.384000,77.384,2787.379,0.0
2023-11-25 14:31:27.483,0 days 00:46:27.479000,-583.0,214.0,-220.0,OnTrack,259.0,10401.0,100.0,0.0,8,7,4871.367222222222,0.9341926857559884,44.0,145.9333333333334,interpolation,0 days 00:01:17.484000,77.484,2787.479,0.0
2023-11-25 14:31:27.583,0 days 00:46:27.579000,-645.3146903388181,317.2892399461305,-220.0623140902584,OnTrack,260.0,10438.5,100.0,0.0,8,7,4881.422515491247,0.936121011212998,44.0,139.672222222222,interpolation,0 days 00:01:17.584000,77.584,2787.579,0.0
2023-11-25 14:31:27.683,0 days 00:46:27.679000,-706.0,418.0,-220.0,OnTrack,261.0,10476.0,100.0,0.0,8,7,4891.667222222222,0.9380856609015156,44.0,133.4111111111106,interpolation,0 days 00:01:17.684000,77.684,2787.679,0.0
2023-11-25 14:31:27.783,0 days 00:46:27.779000,-745.2838197926321,482.4184336845704,-219.90946360844003,OnTrack,262.0,10480.333333333334,100.0,0.0,8,7,4899.082078650825,0.9395076240435948,44.0,129.6555555555548,interpolation,0 days 00:01:17.784000,77.784,2787.779,0.0
2023-11-25 14:31:27.883,0 days 00:46:27.879000,-763.166149716715,510.54454099984207,-219.7907049155786,OnTrack,263.0,10484.666666666666,100.0,0.0,8,7,4904.094306415443,0.9404688298618892,44.0,125.89999999999904,interpolation,0 days 00:01:17.884000,77.884,2787.879,0.0
2023-11-25 14:31:27.983,0 days 00:46:27.979000,-780.9654047824404,539.6483778151926,-219.77659376492787,OnTrack,264.0,10489.0,100.0,0.0,8,7,4909.267222222223,0.9414608511754702,44.0,122.14444444444324,interpolation,0 days 00:01:17.984000,77.984,2787.979,0.0
2023-11-25 14:31:28.083,0 days 00:46:28.079000,-820.0,607.0,-220.0,OnTrack,265.0,10557.333333333334,100.0,0.0,8,7,4915.028043334825,0.9425656163680411,44.0,117.65925925925846,interpolation,0 days 00:01:18.084000,78.084,2788.079,0.0
2023-11-25 14:31:28.183,0 days 00:46:28.179000,-880.2699353693945,712.5994075542644,-220.46092362079503,OnTrack,266.0,10625.666666666666,100.0,0.0,8,7,4921.567934368674,0.943819785493619,44.0,113.17407407407366,interpolation,0 days 00:01:18.184000,78.184,2788.179,0.0
2023-11-25 14:31:28.283,0 days 00:46:28.279000,-943.0,826.0,-221.0,OnTrack,267.0,10694.0,100.0,0.0,8,7,4930.033888888888,0.9454433200025034,44.0,108.68888888888888,interpolation,0 days 00:01:18.284000,78.284,2788.279,0.0
2023-11-25 14:31:28.383,0 days 00:46:28.379000,-989.414983001193,916.7551768592208,-221.45786451030165,OnTrack,268.5,10695.5,100.0,0.0,8,7,4940.617073468426,0.9474728803241126,44.0,101.86888888888824,interpolation,0 days 00:01:18.384000,78.384,2788.379,0.0
2023-11-25 14:31:28.483,0 days 00:46:28.479000,-1019.5148843729736,984.8649381319268,-221.8345171517001,OnTrack,270.0,10697.0,100.0,0.0,8,7,4950.958888888889,0.9494561527571912,44.0,95.04888888888765,interpolation,0 days 00:01:18.484000,78.484,2788.479,0.0
2023-11-25 14:31:28.583,0 days 00:46:28.579000,-1035.1827324539563,1032.6364052308766,-222.11086984788133,OnTrack,260.0,10347.0,50.0,0.0,8,7,4958.70073593188,0.9509408236004836,44.0,90.82666666666546,interpolation,0 days 00:01:18.584000,78.584,2788.579,0.0
2023-11-25 14:31:28.683,0 days 00:46:28.679000,-1047.716755122657,1073.9123775076332,-222.17239355457357,OnTrack,250.0,9997.0,0.0,0.0,8,7,4964.847777777778,0.952119655182976,44.0,86.60444444444329,interpolation,0 days 00:01:18.684000,78.684,2788.679,0.0
2023-11-25 14:31:28.783,0 days 00:46:28.779000,-1059.0,1111.0,-222.0,OnTrack,239.8,9861.0,0.0,0.0,8,7,4970.405177606964,0.9531854098336546,44.0,84.4533333333322,interpolation,0 days 00:01:18.784000,78.784,2788.779,0.0
2023-11-25 14:31:28.883,0 days 00:46:28.879000,-1069.032467085984,1143.8992727079765,-221.59368918416047,OnTrack,229.6,9725.0,0.0,1.0,8,7,4975.372935419436,0.9541380875525192,44.0,82.3022222222211,interpolation,0 days 00:01:18.884000,78.884,2788.879,0.0
2023-11-25 14:31:28.983,0 days 00:46:28.979000,-1077.8141563806096,1172.610195631562,-220.95346110705503,OnTrack,219.4,9589.0,0.0,1.0,8,7,4979.848316546533,0.9549963411236791,44.0,80.15111111111,interpolation,0 days 00:01:18.984000,78.984,2788.979,0.0
2023-11-25 14:31:29.083,0 days 00:46:29.079000,-1086.6887674849304,1209.766020739367,-220.5865024764221,OnTrack,209.2,9453.0,0.0,1.0,8,7,4984.414915964275,0.9558720878248048,44.0,77.9999999999989,interpolation,0 days 00:01:19.084000,79.084,2789.079,0.0
2023-11-25 14:31:29.183,0 days 00:46:29.179000,-1097.0,1268.0,-221.0,OnTrack,199.0,9317.0,0.0,1.0,8,7,4989.17,0.9567839806310102,44.0,75.84888888888781,pos,0 days 00:01:19.184000,79.184,2789.179,0.0
2023-11-25 14:31:29.283,0 days 00:46:29.279000,-1108.0,1342.0,-222.0,OnTrack,187.66666666666663,9587.0,0.0,1.0,8,7,4994.113568653712,0.9577320195422964,44.0,74.51555555555478,interpolation,0 days 00:01:19.284000,79.284,2789.279,0.0
2023-11-25 14:31:29.383,0 days 00:46:29.379000,-1115.2016669040104,1399.8933834467791,-222.42278636792565,OnTrack,176.33333333333334,9857.0,0.0,1.0,8,7,4999.1645674078045,0.958700660557556,44.0,73.18222222222175,interpolation,0 days 00:01:19.384000,79.384,2789.379,0.0
2023-11-25 14:31:29.483,0 days 00:46:29.479000,-1118.3053267938922,1439.0987402403637,-222.19053412706216,OnTrack,165.0,10127.0,0.0,1.0,8,7,5003.836666666666,0.9595966391926388,44.0,71.84888888888872,interpolation,0 days 00:01:19.484000,79.484,2789.479,0.0
2023-11-25 14:31:29.583,0 days 00:46:29.579000,-1120.0,1476.0,-222.0,OnTrack,160.66666666666666,10127.0,0.0,1.0,8,7,5008.04881108269,0.9604044112872672,44.0,71.33037037037018,interpolation,0 days 00:01:19.584000,79.584,2789.579,0.0
2023-11-25 14:31:29.683,0 days 00:46:29.679000,-1120.7338542827672,1513.327803681301,-221.96730951260636,OnTrack,156.33333333333334,10127.0,0.0,1.0,8,6,5011.863851259591,0.9611360298383936,44.0,70.81185185185161,interpolation,0 days 00:01:19.684000,79.684,2789.679,0.0
2023-11-25 14:31:29.783,0 days 00:46:29.779000,-1120.0,1556.0,-222.0,OnTrack,152.0,10127.0,0.0,1.0,8,6,5015.658888888888,0.961863812457467,44.0,70.29333333333307,pos,0 days 00:01:19.784000,79.784,2789.779,0.0
2023-11-25 14:31:29.883,0 days 00:46:29.879000,-1117.2915475095049,1608.9344376718304,-222.00560879730008,OnTrack,146.33333333333334,9901.333333333334,0.3333333333333333,1.0,8,6,5019.496773930707,0.9625998120180184,44.0,70.53037037037,interpolation,0 days 00:01:19.884000,79.884,2789.879,0.0
2023-11-25 14:31:29.983,0 days 00:46:29.979000,-1113.0,1660.0,-222.0,OnTrack,140.66666666666666,9675.666666666666,0.6666666666666666,1.0,8,4,5023.417262097902,0.9633516525595563,44.0,70.7674074074069,interpolation,0 days 00:01:19.984000,79.984,2789.979,0.0
2023-11-25 14:31:30.083,0 days 00:46:30.079000,-1107.5168606602049,1697.0655702877166,-221.9990377035934,OnTrack,135.0,9450.0,1.0,1.0,8,4,5027.658888888888,0.9641650785533452,44.0,71.00444444444383,interpolation,0 days 00:01:20.084000,80.084,2790.079,0.0
2023-11-25 14:31:30.183,0 days 00:46:30.179000,-1102.0,1725.0,-222.0,OnTrack,133.5,9313.0,2.0,1.0,8,4,5032.26141042362,0.965047714116964,44.0,71.50444444444383,interpolation,0 days 00:01:20.184000,80.184,2790.179,0.0
2023-11-25 14:31:30.283,0 days 00:46:30.279000,-1097.6072885292656,1748.6721406018717,-222.00016498113973,OnTrack,132.0,9176.0,3.0,1.0,8,3,5036.458888888888,0.9658526736903223,44.0,72.00444444444383,interpolation,0 days 00:01:20.284000,80.284,2790.279,0.0
2023-11-25 14:31:30.383,0 days 00:46:30.379000,-1086.0,1779.0,-222.0,OnTrack,131.0,9131.5,4.5,1.0,8,3,5039.485386471487,0.9664330717133298,44.0,72.31555555555497,interpolation,0 days 00:01:20.384000,80.384,2790.379,0.0
2023-11-25 14:31:30.483,0 days 00:46:30.479000,-1058.8394081642014,1826.9015861010555,-221.9999724095683,OnTrack,130.0,9087.0,6.0,0.0,8,3,5042.236666666666,0.9669606906994488,44.0,72.6266666666661,interpolation,0 days 00:01:20.484000,80.484,2790.479,0.0
2023-11-25 14:31:30.583,0 days 00:46:30.579000,-1027.0,1875.0,-222.0,OnTrack,127.0,9168.0,21.0,0.0,8,3,5045.608492969677,0.9676073131621412,44.0,72.90444444444393,interpolation,0 days 00:01:20.584000,80.584,2790.579,0.0
2023-11-25 14:31:30.683,0 days 00:46:30.679000,-1001.3562624855268,1905.9183427917972,-222.00000056145055,OnTrack,124.0,9249.0,36.0,0.0,8,3,5049.1255555555545,0.968281787902638,44.0,73.18222222222175,interpolation,0 days 00:01:20.684000,80.684,2790.679,0.0
2023-11-25 14:31:30.783,0 days 00:46:30.779000,-981.9081956207816,1919.6566144764483,-221.99997409392012,OnTrack,124.33333333333331,9337.0,42.66666666666666,0.0,8,3,5052.312544599332,0.9688929637221696,44.0,72.87111111111062,interpolation,0 days 00:01:20.784000,80.784,2790.779,0.0
2023-11-25 14:31:30.883,0 days 00:46:30.879000,-962.756030945646,1925.816578922875,-221.9999605794296,OnTrack,124.66666666666669,9425.0,49.333333333333336,0.0,8,3,5055.297402284072,0.9694653763714124,44.0,72.55999999999949,interpolation,0 days 00:01:20.884000,80.884,2790.879,0.0
2023-11-25 14:31:30.983,0 days 00:46:30.979000,-938.0,1934.0,-222.0,OnTrack,125.0,9513.0,56.0,0.0,8,3,5058.847777777777,0.9701462396006876,44.0,72.24888888888836,interpolation,0 days 00:01:20.984000,80.984,2790.979,0.0
2023-11-25 14:31:31.083,0 days 00:46:31.079000,-907.6401027838444,1944.2068777078243,-222.00009235563135,OnTrack,127.5,9706.0,63.5,0.0,8,3,5063.091611953391,0.9709600889094264,44.0,71.21555555555506,interpolation,0 days 00:01:21.084000,81.084,2791.079,0.0
2023-11-25 14:31:31.183,0 days 00:46:31.179000,-876.0,1954.0,-222.0,OnTrack,130.0,9899.0,71.0,0.0,8,3,5067.514444444443,0.9718082651143772,44.0,70.18222222222175,interpolation,0 days 00:01:21.184000,81.184,2791.179,0.0
2023-11-25 14:31:31.283,0 days 00:46:31.279000,-847.4033523512887,1960.9421548301816,-221.99948528678232,OnTrack,134.0,10201.0,77.5,0.0,8,3,5071.601814884469,0.9725921090322872,44.0,68.76555555555478,interpolation,0 days 00:01:21.284000,81.284,2791.279,0.0
2023-11-25 14:31:31.383,0 days 00:46:31.379000,-819.2567884165298,1965.447389440131,-221.9988605718468,OnTrack,138.0,10503.0,84.0,0.0,8,3,5075.18111111111,0.9732785184534104,44.0,67.34888888888781,interpolation,0 days 00:01:21.384000,81.384,2791.379,0.0
2023-11-25 14:31:31.483,0 days 00:46:31.479000,-776.0,1970.0,-222.0,OnTrack,138.0,10800.5,92.0,0.0,8,3,5078.079720962014,0.9738343911679992,44.0,65.99333333333243,pos,0 days 00:01:21.484000,81.484,2791.479,0.0
2023-11-25 14:31:31.583,0 days 00:46:31.579000,-715.0395891242595,1975.014037991417,-222.0032159303092,OnTrack,138.0,11098.0,100.0,0.0,8,3,5081.314444444443,0.9744547211246368,44.0,64.63777777777705,interpolation,0 days 00:01:21.584000,81.584,2791.579,0.0
2023-11-25 14:31:31.683,0 days 00:46:31.679000,-654.0,1980.0,-222.0,OnTrack,144.66666666666666,10962.333333333334,100.0,0.0,8,3,5085.90208156566,0.9753345022719078,44.0,61.47111111111038,interpolation,0 days 00:01:21.684000,81.684,2791.679,0.0
2023-11-25 14:31:31.783,0 days 00:46:31.779000,-610.5056768379136,1984.468382611368,-221.98184384629832,OnTrack,151.33333333333334,10826.666666666666,100.0,0.0,8,3,5091.618005061285,0.9764306573508338,44.0,58.30444444444371,interpolation,0 days 00:01:21.784000,81.784,2791.779,0.0
2023-11-25 14:31:31.883,0 days 00:46:31.879000,-582.4285203296396,1988.4355848101115,-221.95977963255856,OnTrack,158.0,10691.0,100.0,0.0,8,3,5097.114444444444,0.9774847214842098,44.0,55.137777777777046,interpolation,0 days 00:01:21.884000,81.884,2791.879,0.0
2023-11-25 14:31:31.983,0 days 00:46:31.979000,-557.0,1992.0,-222.0,OnTrack,163.0,10648.0,100.0,0.0,8,3,5102.16677015056,0.9784536169719448,44.0,52.054444444444016,interpolation,0 days 00:01:21.984000,81.984,2791.979,0.0
2023-11-25 14:31:32.083,0 days 00:46:32.079000,-532.0920383322594,1995.1780269977,-222.11353699900815,OnTrack,168.0,10605.0,100.0,0.0,8,3,5106.4477777777765,0.9792745951143372,44.0,48.971111111110986,interpolation,0 days 00:01:22.084000,82.084,2792.079,0.0
2023-11-25 14:31:32.183,0 days 00:46:32.179000,-507.7046353264177,1997.9696658032103,-222.30039062958315,OnTrack,168.0,10621.666666666666,100.0,0.0,8,3,5109.630262924235,0.9798849072116854,44.0,46.32666666666652,interpolation,0 days 00:01:22.184000,82.184,2792.179,0.0
2023-11-25 14:31:32.283,0 days 00:46:32.279000,-479.4649146573672,2001.026471707116,-222.58704894536655,OnTrack,168.0,10638.333333333334,100.0,0.0,8,4,5112.264017689097,0.9803899880904547,44.0,43.68222222222206,interpolation,0 days 00:01:22.284000,82.284,2792.279,0.0
2023-11-25 14:31:32.383,0 days 00:46:32.379000,-443.0,2005.0,-223.0,OnTrack,168.0,10655.0,100.0,0.0,8,4,5117.647777777776,0.98142244347049,44.0,41.03777777777759,interpolation,0 days 00:01:22.384000,82.384,2792.379,0.0
2023-11-25 14:31:32.483,0 days 00:46:32.479000,-398.309891354316,2009.890250681863,-223.53924379348348,OnTrack,180.0,11355.0,100.0,0.0,8,4,5125.647777777777,0.9829566208677424,44.0,35.171111111109894,interpolation,0 days 00:01:22.484000,82.484,2792.479,0.0
2023-11-25 14:31:32.583,0 days 00:46:32.579000,-346.3663529480157,2015.4282336472463,-224.20515703597556,OnTrack,184.0,11381.0,100.0,0.0,8,4,5132.162727396841,0.984206006923968,44.0,31.334074074072912,interpolation,0 days 00:01:22.584000,82.584,2792.579,0.0
2023-11-25 14:31:32.683,0 days 00:46:32.679000,-293.0,2020.0,-225.0,OnTrack,188.0,11407.0,100.0,0.0,8,4,5136.719556945087,0.9850798800359738,44.0,27.497037037035927,interpolation,0 days 00:01:22.684000,82.684,2792.679,0.0
2023-11-25 14:31:32.783,0 days 00:46:32.779000,-239.18260668888595,2023.3365568801928,-225.92414939957305,OnTrack,192.0,11433.0,100.0,0.0,8,4,5140.581111111111,0.985820418675946,44.0,23.659999999998945,interpolation,0 days 00:01:22.784000,82.784,2792.779,0.0
2023-11-25 14:31:32.883,0 days 00:46:32.879000,-186.0,2026.0,-227.0,OnTrack,195.0,10941.5,100.0,0.0,8,4,5143.957862932058,0.9864679857159244,44.0,20.2155555555546,interpolation,0 days 00:01:22.884000,82.884,2792.879,0.0
2023-11-25 14:31:32.983,0 days 00:46:32.979000,-134.53800691866857,2028.552425071598,-228.2499465665865,OnTrack,198.0,10450.0,100.0,0.0,8,4,5149.381111111111,0.9875080138129234,44.0,16.771111111110258,interpolation,0 days 00:01:22.984000,82.984,2792.979,0.0
2023-11-25 14:31:33.083,0 days 00:46:33.079000,-86.0,2031.0,-230.0,OnTrack,204.0,10567.0,100.0,0.0,8,4,5158.447777777777,0.9892467481964756,44.0,9.615555555555147,interpolation,0 days 00:01:23.084000,83.084,2793.079,0.0
2023-11-25 14:31:33.183,0 days 00:46:33.179000,-41.58935179910264,2033.3488926902196,-232.57617120090796,OnTrack,206.0,10739.5,100.0,0.0,8,4,5165.551632193919,0.9906090698063024,44.0,176.82458333333307,interpolation,0 days 00:01:23.184000,83.184,2793.179,0.0
2023-11-25 14:31:33.283,0 days 00:46:33.279000,27.0,2037.0,-235.0,OnTrack,208.0,10912.0,100.0,0.0,8,5,5169.758307353821,0.9914157930497904,44.0,344.033611111111,interpolation,0 days 00:01:23.284000,83.284,2793.279,0.0
2023-11-25 14:31:33.383,0 days 00:46:33.379000,148.0741177132844,2043.3542187870855,-236.2930262279656,OnTrack,210.0,11084.5,100.0,0.0,8,5,5173.020828836813,0.9920414538894472,44.0,511.2426388888889,interpolation,0 days 00:01:23.384000,83.384,2793.379,0.0
2023-11-25 14:31:33.483,0 days 00:46:33.479000,273.0,2050.0,-237.0,OnTrack,212.0,11257.0,100.0,0.0,8,5,5177.292222222222,0.9928605882877808,44.0,678.4516666666668,interpolation,0 days 00:01:23.484000,83.484,2793.479,0.0
2023-11-25 14:31:33.583,0 days 00:46:33.579000,353.14464551939614,2054.5257945872672,-237.6656714312981,OnTrack,214.75,11301.75,100.0,0.0,8,5,5182.572487510048,0.99387319624479,44.0,678.4238888888892,interpolation,0 days 00:01:23.584000,83.584,2793.579,0.0
2023-11-25 14:31:33.683,0 days 00:46:33.679000,388.508054271473,2056.931602548888,-238.29004052186025,OnTrack,217.5,11346.5,100.0,0.0,8,5,5188.861624700288,0.995079277760476,16.0,678.3961111111116,interpolation,0 days 00:01:23.684000,83.684,2793.679,0.0
2023-11-25 14:31:33.783,0 days 00:46:33.779000,409.1174358878133,2059.3716092360646,-238.76938935149207,OnTrack,220.25,11391.25,100.0,0.0,8,5,5195.560505095941,0.996363936621714,16.0,678.368333333334,interpolation,0 days 00:01:23.784000,83.784,2793.779,0.0
2023-11-25 14:31:33.883,0 days 00:46:33.879000,445.0,2064.0,-239.0,OnTrack,223.0,11436.0,100.0,0.0,8,5,5202.07,0.9976122766153808,16.0,678.3405555555564,interpolation,0 days 00:01:23.884000,83.884,2793.879,0.0
2023-11-25 14:31:33.983,0 days 00:46:33.979000,496.155746608033,2070.816774840695,-238.98187246738377,OnTrack,223.0,11157.5,100.0,0.0,8,5,5208.390109412463,0.998824297741476,16.0,678.3405555555564,interpolation,0 days 00:01:23.984000,83.984,2793.979,0.0
2023-11-25 14:31:34.083,0 days 00:46:34.079000,558.0,2079.0,-239.0,OnTrack,223.0,10879.0,100.0,0.0,8,5,5214.520833333334,1.0,16.0,678.3405555555564,interpolation,0 days 00:01:24.084000,84.084,2794.079,0.0
2023-11-25 14:31:34.115,0 days 00:46:34.111000,579.1303093413451,2081.7426032474955,-239.0705735525483,OnTrack,223.0,10879.0,100.0,0.0,8,5,5216.442138829396,1.0003684529331591,16.0,678.3405555555564,interpolation,0 days 00:01:24.116000,84.116,2794.111,0.0
