Date,SessionTime,X,Y,Z,Status,Speed,RPM,Throttle,Brake,DRS,nGear,Distance,RelativeDistance,DriverAhead,DistanceToDriverAhead,Source,Time,TimeSeconds,SessionTimeSeconds,DRSActive
2023-11-25 14:37:34.532,0 days 00:52:34.528000,612.7657914208243,2085.9652433044566,-238.99986415492933,OnTrack,233.30500096,11561.1999744,100.0,0.0,8,5,-0.5526521044702691,-0.0001055152628642,,710.2352777777776,interpolation,0 days 00:00:00,0.0,3154.528,0.0
2023-11-25 14:37:34.545,0 days 00:52:34.541000,621.4033738796662,2087.080051824883,-238.9998617807246,OnTrack,233.5,11556.0,100.0,0.0,8,5,0.372408599481024,7.110221955059469e-05,,710.2352777777776,interpolation,0 days 00:00:00.013000,0.013,3154.541,0.0
2023-11-25 14:37:34.645,0 days 00:52:34.641000,684.0,2095.0,-239.0,OnTrack,235.0,11516.0,100.0,0.0,8,5,7.854722222222218,0.0014996651117392,,710.2352777777776,car,0 days 00:00:00.113000,0.113,3154.641,0.0
2023-11-25 14:37:34.745,0 days 00:52:34.741000,739.7898783610017,2101.7598445253507,-239.0004146578263,OnTrack,238.0,11217.5,100.0,0.0,8,5,15.973393074939022,0.0030497246920855,,710.2352777777776,interpolation,0 days 00:00:00.213000,0.213,3154.741,0.0
2023-11-25 14:37:34.845,0 days 00:52:34.841000,791.6675308642712,2107.71522854522,-239.00087538795805,OnTrack,241.0,10919.0,100.0,0.0,8,5,23.921388888888885,0.0045671980912986,,710.2352777777776,interpolation,0 days 00:00:00.313000,0.313,3154.841,0.0
2023-11-25 14:37:34.945,0 days 00:52:34.941000,857.0,2115.0,-239.0,OnTrack,242.5,10980.75,100.0,0.0,8,6,30.89167739532926,0.005898002440088,27.0,710.6852777777776,interpolation,0 days 00:00:00.413000,0.413,3154.941,0.0
2023-11-25 14:37:35.045,0 days 00:52:35.041000,938.6817780300358,2123.969798392211,-238.99755813006567,OnTrack,244.0,11042.5,100.0,0.0,8,6,36.88425859426015,0.0070421377384537,27.0,711.1352777777777,interpolation,0 days 00:00:00.513000,0.513,3155.041,0.0
2023-11-25 14:37:35.145,0 days 00:52:35.141000,1021.0,2133.0,-239.0,OnTrack,245.5,11104.25,100.0,0.0,8,6,42.57040494050539,0.0081277668739542,27.0,711.5852777777777,interpolation,0 days 00:00:00.613000,0.613,3155.141,0.0
2023-11-25 14:37:35.245,0 days 00:52:35.241000,1088.2418009555145,2140.465981101514,-239.01377583164785,OnTrack,247.0,11166.0,100.0,0.0,8,6,48.62138888888889,0.0092830527341482,27.0,712.0352777777778,car,0 days 00:00:00.713000,0.713,3155.241,0.0
2023-11-25 14:37:35.345,0 days 00:52:35.341000,1146.0,2147.0,-239.0,OnTrack,249.25,11240.75,100.0,0.0,8,6,55.037210439410615,0.0105079953190358,27.0,712.3130555555556,interpolation,0 days 00:00:00.813000,0.813,3155.341,0.0
2023-11-25 14:37:35.445,0 days 00:52:35.441000,1199.867416236877,2153.234314998704,-238.91978688004716,OnTrack,251.5,11315.5,100.0,0.0,8,6,61.81786959207059,0.0118025946286168,27.0,712.5908333333333,interpolation,0 days 00:00:00.913000,0.913,3155.441,0.0
2023-11-25 14:37:35.545,0 days 00:52:35.541000,1258.0,2160.0,-239.0,OnTrack,253.75,11390.25,100.0,0.0,8,6,69.11139950425083,0.0131951139362734,27.0,712.868611111111,interpolation,0 days 00:00:01.013000,1.013,3155.541,0.0
2023-11-25 14:37:35.645,0 days 00:52:35.641000,1328.5537016232224,2168.1281289062663,-239.46750288806936,OnTrack,256.0,11465.0,100.0,0.0,8,6,77.06583333333333,0.0147138165153875,27.0,713.1463888888889,car,0 days 00:00:01.113000,1.113,3155.641,0.0
2023-11-25 14:37:35.745,0 days 00:52:35.741000,1409.203589214565,2177.344067273401,-240.14847636327585,OnTrack,257.6666666666667,11519.333333333334,100.0,0.0,8,6,85.68117107931809,0.0163587023659591,27.0,713.3803703703703,interpolation,0 days 00:00:01.213000,1.213,3155.741,0.0
2023-11-25 14:37:35.845,0 days 00:52:35.841000,1486.0,2186.0,-240.0,OnTrack,259.3333333333333,11573.666666666666,100.0,0.0,8,6,94.77338711532632,0.0180946363419592,27.0,713.6143518518518,interpolation,0 days 00:00:01.313000,1.313,3155.841,0.0
2023-11-25 14:37:35.945,0 days 00:52:35.941000,1556.6179782801232,2193.8212898296915,-238.84825283734503,OnTrack,261.0,11628.0,100.0,0.0,8,6,103.23833333333332,0.0197108086465608,27.0,713.8483333333332,interpolation,0 days 00:00:01.413000,1.413,3155.941,0.0
2023-11-25 14:37:36.045,0 days 00:52:36.041000,1630.0,2202.0,-238.0,OnTrack,262.6666666666667,11604.333333333334,100.0,0.0,8,6,110.89198599087302,0.021172084493517,27.0,713.9001851851851,interpolation,0 days 00:00:01.513000,1.513,3156.041,0.0
2023-11-25 14:37:36.145,0 days 00:52:36.141000,1715.0885411046954,2211.728193748448,-238.76200661265403,OnTrack,264.3333333333333,11580.666666666666,100.0,0.0,8,6,117.75232409298486,0.022481896529564,27.0,713.952037037037,interpolation,0 days 00:00:01.613000,1.613,3156.141,0.0
2023-11-25 14:37:36.245,0 days 00:52:36.241000,1805.0,2222.0,-240.0,OnTrack,266.0,11557.0,100.0,0.0,8,6,123.9272222222222,0.0236608407405716,27.0,714.0038888888889,interpolation,0 days 00:00:01.713000,1.713,3156.241,0.0
2023-11-25 14:37:36.345,0 days 00:52:36.341000,1892.8507750917047,2231.809547679624,-240.57970748673097,OnTrack,266.5,11132.0,100.0,0.0,8,6,129.4346595677305,0.0247123498084266,27.0,714.0483333333333,interpolation,0 days 00:00:01.813000,1.813,3156.341,0.0
2023-11-25 14:37:36.445,0 days 00:52:36.441000,1978.6408663798109,2241.1568367873188,-240.50112907284685,OnTrack,267.0,10707.0,100.0,0.0,8,6,135.7938888888889,0.0259264875055573,27.0,714.0927777777777,interpolation,0 days 00:00:01.913000,1.913,3156.441,0.0
2023-11-25 14:37:36.545,0 days 00:52:36.541000,2059.110524478011,2249.9257075013547,-240.17198612253932,OnTrack,269.0,10706.5,100.0,0.0,8,7,144.52416294507665,0.0275933176043923,27.0,714.0594444444444,interpolation,0 days 00:00:02.013000,2.013,3156.541,0.0
2023-11-25 14:37:36.645,0 days 00:52:36.641000,2131.0,2258.0,-240.0,OnTrack,271.0,10706.0,100.0,0.0,8,7,153.86055555555555,0.0293758710634851,27.0,714.0261111111109,interpolation,0 days 00:00:02.113000,2.113,3156.641,0.0
2023-11-25 14:37:36.745,0 days 00:52:36.741000,2194.309292945778,2265.3797142832555,-239.9851707052289,OnTrack,273.0,10757.5,100.0,0.0,8,7,162.0381405395875,0.0309371788413897,27.0,713.915,interpolation,0 days 00:00:02.213000,2.213,3156.741,0.0
2023-11-25 14:37:36.845,0 days 00:52:36.841000,2252.573156368516,2272.3920283341517,-240.08005556528988,OnTrack,275.0,10809.0,100.0,0.0,8,7,169.13833333333335,0.0322927852037992,27.0,713.8038888888889,interpolation,0 days 00:00:02.313000,2.313,3156.841,0.0
2023-11-25 14:37:36.945,0 days 00:52:36.941000,2327.0,2281.0,-240.0,OnTrack,275.25,10841.5,100.0,0.0,8,7,175.24254937295427,0.0334582344164066,27.0,713.6538888888889,interpolation,0 days 00:00:02.413000,2.413,3156.941,0.0
2023-11-25 14:37:37.045,0 days 00:52:37.041000,2421.124540697717,2291.530803913548,-239.69756182223364,OnTrack,275.5,10874.0,100.0,0.0,8,7,180.3507886584502,0.034433526479212,27.0,713.5038888888889,interpolation,0 days 00:00:02.513000,2.513,3157.041,0.0
2023-11-25 14:37:37.145,0 days 00:52:37.141000,2529.1171635499472,2303.388785609776,-239.2365699664238,OnTrack,275.75,10906.5,100.0,0.0,8,7,186.7528002813877,0.0356558323996819,27.0,713.3538888888888,interpolation,0 days 00:00:02.613000,2.613,3157.141,0.0
2023-11-25 14:37:37.245,0 days 00:52:37.241000,2616.0,2313.0,-239.0,OnTrack,276.0,10939.0,100.0,0.0,8,7,196.73833333333332,0.0375623231852829,27.0,713.2038888888889,interpolation,0 days 00:00:02.713000,2.713,3157.241,0.0
2023-11-25 14:37:37.345,0 days 00:52:37.341000,2675.943375440597,2319.768786519672,-239.05168151100708,OnTrack,278.0,11018.0,100.0,0.0,8,7,209.0938888888889,0.0399213112027588,27.0,712.9372222222221,interpolation,0 days 00:00:02.813000,2.813,3157.341,0.0
2023-11-25 14:37:37.445,0 days 00:52:37.441000,2708.9472898717354,2323.695145168789,-239.39161449944487,OnTrack,278.5,11018.0,100.0,0.0,8,7,216.53843611685085,0.0413426635351028,27.0,712.8038888888888,interpolation,0 days 00:00:02.913000,2.913,3157.441,0.0
2023-11-25 14:37:37.545,0 days 00:52:37.541000,2749.477559367007,2328.5239312335125,-239.7857402381603,OnTrack,279.0,11018.0,100.0,0.0,8,7,221.49388888888888,0.0422887847886427,27.0,712.6705555555554,interpolation,0 days 00:00:03.013000,3.013,3157.541,0.0
2023-11-25 14:37:37.645,0 days 00:52:37.641000,2832.0,2338.0,-240.0,OnTrack,280.0,11049.0,100.0,0.0,8,7,227.5956724283637,0.0434537695754563,27.0,712.463148148148,interpolation,0 days 00:00:03.113000,3.113,3157.641,0.0
2023-11-25 14:37:37.745,0 days 00:52:37.741000,2956.5146117707163,2352.123351468252,-240.0343937849641,OnTrack,281.0,11080.0,100.0,0.0,8,7,234.8647855983321,0.0448416271095452,27.0,712.2557407407406,interpolation,0 days 00:00:03.213000,3.213,3157.741,0.0
2023-11-25 14:37:37.845,0 days 00:52:37.841000,3080.0,2366.0,-240.0,OnTrack,282.0,11111.0,100.0,0.0,8,7,243.4272222222222,0.0464764127980827,27.0,712.0483333333332,interpolation,0 days 00:00:03.313000,3.313,3157.841,0.0
2023-11-25 14:37:37.945,0 days 00:52:37.941000,3159.434770008697,2374.7359599569754,-240.00789705205517,OnTrack,283.0,11200.0,100.0,0.0,8,7,253.30398137812028,0.0483621358961252,27.0,711.7816666666665,interpolation,0 days 00:00:03.413000,3.413,3157.941,0.0
2023-11-25 14:37:38.045,0 days 00:52:38.041000,3194.818921796806,2378.331231339178,-240.05808494112955,OnTrack,284.0,11289.0,100.0,0.0,8,7,262.36055555555555,0.0500912649399701,27.0,711.5149999999998,interpolation,0 days 00:00:03.513000,3.513,3158.041,0.0
2023-11-25 14:37:38.145,0 days 00:52:38.141000,3198.565697806001,2378.29489140392,-240.09206816160292,OnTrack,285.0,11258.5,100.0,0.0,8,7,268.46243724405724,0.0512562684659151,27.0,711.3149999999998,interpolation,0 days 00:00:03.613000,3.613,3158.141,0.0
2023-11-25 14:37:38.245,0 days 00:52:38.241000,3245.1549340224237,2383.68145005408,-239.75887188276556,OnTrack,286.0,11228.0,100.0,0.0,8,7,275.07166666666666,0.0525181375047114,27.0,711.1149999999998,interpolation,0 days 00:00:03.713000,3.713,3158.241,0.0
2023-11-25 14:37:38.345,0 days 00:52:38.341000,3347.0,2396.0,-239.0,OnTrack,282.5,11268.5,96.5,0.0,8,7,285.6502840464252,0.0545378630871108,27.0,711.1537499999998,pos,0 days 00:00:03.813000,3.813,3158.341,0.0
2023-11-25 14:37:38.445,0 days 00:52:38.441000,3488.0,2413.0,-238.0,OnTrack,279.0,11309.0,93.0,0.0,8,7,296.69416666666666,0.0566464195700967,27.0,711.1924999999999,interpolation,0 days 00:00:03.913000,3.913,3158.441,0.0
2023-11-25 14:37:38.545,0 days 00:52:38.541000,3571.5500542078757,2421.1782717403903,-237.86615113364843,OnTrack,266.5,11130.0,46.5,0.0,8,7,304.6991918107248,0.0581747813106527,27.0,711.9424999999999,interpolation,0 days 00:00:04.013000,4.013,3158.541,0.0
2023-11-25 14:37:38.645,0 days 00:52:38.641000,3638.0,2426.0,-238.0,OnTrack,254.0,10951.0,0.0,0.0,8,7,310.80527777777775,0.0593405875396958,27.0,712.6924999999999,interpolation,0 days 00:00:04.113000,4.113,3158.641,0.0
2023-11-25 14:37:38.745,0 days 00:52:38.741000,3743.800405619149,2435.1808877539133,-237.61854760117245,OnTrack,245.25,10973.0,0.0,1.0,8,7,316.1523428670039,0.060361477488143,27.0,714.0924999999999,interpolation,0 days 00:00:04.213000,4.213,3158.741,0.0
2023-11-25 14:37:38.845,0 days 00:52:38.841000,3850.0,2445.0,-237.0,OnTrack,236.5,10995.0,0.0,1.0,8,7,320.74038707840305,0.0612374511559943,27.0,715.4924999999998,interpolation,0 days 00:00:04.313000,4.313,3158.841,0.0
2023-11-25 14:37:38.945,0 days 00:52:38.941000,3917.647512077232,2451.736401736131,-236.4225632593172,OnTrack,227.75,11017.0,0.0,1.0,8,7,325.2275433061563,0.0620941627563928,27.0,716.8924999999998,interpolation,0 days 00:00:04.413000,4.413,3158.941,0.0
2023-11-25 14:37:39.045,0 days 00:52:39.041000,3946.742941850845,2455.390092962306,-235.8862373791239,OnTrack,219.0,11039.0,0.0,1.0,8,7,330.27194444444444,0.0630572665024815,27.0,718.2924999999998,car,0 days 00:00:04.513000,4.513,3159.041,0.0
2023-11-25 14:37:39.145,0 days 00:52:39.141000,3963.966900699036,2460.0987377073284,-235.40679280936868,OnTrack,210.33333333333331,11157.0,0.0,1.0,8,7,335.8735904932678,0.0641267623942606,27.0,720.9887962962961,interpolation,0 days 00:00:04.613000,4.613,3159.141,0.0
2023-11-25 14:37:39.245,0 days 00:52:39.241000,3996.0,2470.0,-235.0,OnTrack,201.66666666666663,11275.0,0.0,1.0,8,7,341.8856901379668,0.0652746242575289,27.0,723.6850925925925,interpolation,0 days 00:00:04.713000,4.713,3159.241,0.0
2023-11-25 14:37:39.345,0 days 00:52:39.341000,4042.842239753739,2485.093879840322,-234.66585895101787,OnTrack,193.0,11393.0,0.0,1.0,8,7,347.4275,0.0663326959080414,27.0,726.3813888888888,interpolation,0 days 00:00:04.813000,4.813,3159.341,0.0
2023-11-25 14:37:39.445,0 days 00:52:39.441000,4101.387593733992,2504.9515433018896,-234.38042156576716,OnTrack,188.33333333333331,11072.333333333334,0.0,1.0,8,6,352.3522302678436,0.0672729514585837,27.0,729.1554629629628,interpolation,0 days 00:00:04.913000,4.913,3159.441,0.0
2023-11-25 14:37:39.545,0 days 00:52:39.541000,4153.0,2527.0,-234.0,OnTrack,183.66666666666663,10751.666666666666,0.0,1.0,8,6,356.77091058487736,0.0681165892759258,27.0,731.929537037037,interpolation,0 days 00:00:05.013000,5.013,3159.541,0.0
2023-11-25 14:37:39.645,0 days 00:52:39.641000,4194.57346413105,2550.8104203994853,-233.50064640228865,OnTrack,179.0,10431.0,0.0,1.0,8,4,361.3497222222222,0.0689908002119058,27.0,734.7036111111111,car,0 days 00:00:05.113000,5.113,3159.641,0.0
2023-11-25 14:37:39.745,0 days 00:52:39.741000,4230.0,2578.0,-233.0,OnTrack,177.0,10261.5,0.0,1.0,8,4,366.1996959602074,0.0699167828503664,27.0,737.7869444444443,interpolation,0 days 00:00:05.213000,5.213,3159.741,0.0
2023-11-25 14:37:39.845,0 days 00:52:39.841000,4263.17162147971,2610.1859343011984,-232.6157000205013,OnTrack,175.0,10092.0,0.0,0.0,8,4,371.0719444444444,0.0708470183011966,27.0,740.8702777777776,car,0 days 00:00:05.313000,5.313,3159.841,0.0
2023-11-25 14:37:39.945,0 days 00:52:39.941000,4293.671649851178,2646.418574655042,-232.32595327930528,OnTrack,173.0,9995.5,0.0,0.0,8,4,375.7175803205448,0.0717339876742855,27.0,744.0647222222221,interpolation,0 days 00:00:05.413000,5.413,3159.941,0.0
2023-11-25 14:37:40.045,0 days 00:52:40.041000,4319.0,2681.0,-232.0,OnTrack,171.0,9899.0,0.0,0.0,8,4,380.5719444444444,0.0726608085484464,27.0,747.2591666666667,car,0 days 00:00:05.513000,5.513,3160.041,0.0
2023-11-25 14:37:40.145,0 days 00:52:40.141000,4338.739988940367,2712.980551963583,-231.616046774935,OnTrack,168.5,9810.0,2.5,0.0,8,4,386.07037767207896,0.0737105985024925,27.0,751.2925,interpolation,0 days 00:00:05.613000,5.613,3160.141,0.0
2023-11-25 14:37:40.245,0 days 00:52:40.241000,4353.507742864677,2744.7892348649166,-231.21030034019265,OnTrack,166.0,9721.0,5.0,0.0,8,4,391.6386111111111,0.0747737150820848,27.0,755.3258333333333,interpolation,0 days 00:00:05.713000,5.713,3160.241,0.0
2023-11-25 14:37:40.345,0 days 00:52:40.341000,4367.0,2791.0,-231.0,OnTrack,164.0,9759.666666666666,25.666666666666668,0.0,8,4,396.7023758692037,0.0757405158328844,27.0,759.118425925926,interpolation,0 days 00:00:05.813000,5.813,3160.341,0.0
2023-11-25 14:37:40.445,0 days 00:52:40.441000,4379.832880229637,2854.0418268150843,-231.0213521196845,OnTrack,162.0,9798.333333333334,46.333333333333336,0.0,8,4,401.3221537073296,0.0766225482525953,27.0,762.9110185185186,interpolation,0 days 00:00:05.913000,5.913,3160.441,0.0
2023-11-25 14:37:40.545,0 days 00:52:40.541000,4390.0,2918.0,-231.0,OnTrack,160.0,9837.0,67.0,0.0,8,4,405.8608333333333,0.0774890969727045,27.0,766.7036111111113,interpolation,0 days 00:00:06.013000,6.013,3160.541,0.0
2023-11-25 14:37:40.645,0 days 00:52:40.641000,4395.494975757502,2966.95980424458,-230.66158694170025,OnTrack,163.0,10050.5,71.5,0.0,8,4,410.37889588885736,0.0783517093726702,27.0,770.1480555555557,interpolation,0 days 00:00:06.113000,6.113,3160.641,0.0
2023-11-25 14:37:40.745,0 days 00:52:40.741000,4396.8213063130925,3003.2674197724177,-230.1134927994546,OnTrack,166.0,10264.0,76.0,0.0,8,4,415.08305555555546,0.0792498524174032,27.0,773.5925000000002,interpolation,0 days 00:00:06.213000,6.213,3160.741,0.0
2023-11-25 14:37:40.845,0 days 00:52:40.841000,4397.0,3041.0,-230.0,OnTrack,167.66666666666666,10452.666666666666,84.0,0.0,8,4,420.1800265150813,0.080222993071814,27.0,777.1184259259261,interpolation,0 days 00:00:06.313000,6.313,3160.841,0.0
2023-11-25 14:37:40.945,0 days 00:52:40.941000,4396.534560785031,3082.503749175934,-230.4284894975812,OnTrack,169.33333333333334,10641.333333333334,92.0,0.0,8,4,425.5287707202838,0.0812442036059646,27.0,780.6443518518521,interpolation,0 days 00:00:06.413000,6.413,3160.941,0.0
2023-11-25 14:37:41.045,0 days 00:52:41.041000,4395.461512831802,3127.57591612229,-231.18658108018164,OnTrack,171.0,10830.0,100.0,0.0,8,4,430.28305555555545,0.0821519168130029,27.0,784.170277777778,interpolation,0 days 00:00:06.513000,6.513,3161.041,0.0
2023-11-25 14:37:41.145,0 days 00:52:41.141000,4394.0,3175.0,-231.0,OnTrack,175.0,10951.666666666666,100.0,0.0,8,4,434.30184152950847,0.0829192046872493,27.0,786.5480555555558,interpolation,0 days 00:00:06.613000,6.613,3161.141,0.0
2023-11-25 14:37:41.245,0 days 00:52:41.241000,4392.0,3224.0,-230.0,OnTrack,179.0,11073.333333333334,100.0,0.0,8,4,437.8462560514654,0.0835959230548425,27.0,788.9258333333336,interpolation,0 days 00:00:06.713000,6.713,3161.241,0.0
2023-11-25 14:37:41.345,0 days 00:52:41.341000,4388.34224208705,3271.13642348873,-230.24836120515693,OnTrack,183.0,11195.0,100.0,0.0,8,4,442.4830555555554,0.0844812053410501,27.0,791.3036111111114,interpolation,0 days 00:00:06.813000,6.813,3161.341,0.0
2023-11-25 14:37:41.445,0 days 00:52:41.441000,4384.0,3315.0,-231.0,OnTrack,186.66666666666663,11393.333333333334,100.0,0.0,8,4,448.4733647771703,0.0856249068614896,27.0,794.5369444444448,interpolation,0 days 00:00:06.913000,6.913,3161.441,0.0
2023-11-25 14:37:41.545,0 days 00:52:41.541000,4380.133091646711,3354.754704904853,-231.1662045076119,OnTrack,190.33333333333331,11591.666666666666,100.0,0.0,8,4,455.52480062349,0.086971204289612,27.0,797.7702777777781,interpolation,0 days 00:00:07.013000,7.013,3161.541,0.0
2023-11-25 14:37:41.645,0 days 00:52:41.641000,4375.0,3399.0,-231.0,OnTrack,194.0,11790.0,100.0,0.0,8,4,461.8830555555554,0.0881851559512234,27.0,801.0036111111115,interpolation,0 days 00:00:07.113000,7.113,3161.641,0.0
2023-11-25 14:37:41.745,0 days 00:52:41.741000,4366.859208032683,3456.3353470821567,-230.75441174917177,OnTrack,194.0,11694.666666666666,100.0,0.0,8,4,467.25574348652873,0.0892109379481409,27.0,803.4665740740744,interpolation,0 days 00:00:07.213000,7.213,3161.741,0.0
2023-11-25 14:37:41.845,0 days 00:52:41.841000,4356.3157707948685,3523.50782424722,-230.42665263251752,OnTrack,194.0,11599.333333333334,100.0,0.0,8,4,471.8570347140246,0.0900894408063713,27.0,805.9295370370372,interpolation,0 days 00:00:07.313000,7.313,3161.841,0.0
2023-11-25 14:37:41.945,0 days 00:52:41.941000,4347.0,3581.0,-230.0,OnTrack,194.0,11504.0,100.0,0.0,8,4,476.9719444444443,0.0910660064258027,27.0,808.3925000000002,interpolation,0 days 00:00:07.413000,7.413,3161.941,0.0
2023-11-25 14:37:42.045,0 days 00:52:42.041000,4339.516944502457,3625.5589857461473,-229.4716667575496,OnTrack,199.33333333333331,11315.666666666666,100.0,0.0,8,4,482.81464078231,0.0921815249137252,27.0,810.6739814814816,interpolation,0 days 00:00:07.513000,7.513,3162.041,0.0
2023-11-25 14:37:42.145,0 days 00:52:42.141000,4332.750054846812,3662.8650524059863,-228.8294353421079,OnTrack,204.66666666666663,11127.333333333334,100.0,0.0,8,4,489.2690372161686,0.093413832419369,27.0,812.9554629629631,interpolation,0 days 00:00:07.613000,7.613,3162.141,0.0
2023-11-25 14:37:42.245,0 days 00:52:42.241000,4320.0,3727.0,-228.0,OnTrack,210.0,10939.0,100.0,0.0,8,4,495.638611111111,0.094629945157241,27.0,815.2369444444446,interpolation,0 days 00:00:07.713000,7.713,3162.241,0.0
2023-11-25 14:37:42.345,0 days 00:52:42.341000,4301.0,3819.0,-227.0,OnTrack,214.0,11066.666666666666,100.0,0.0,8,5,501.8072747669519,0.0958076990496125,27.0,815.9914814814817,interpolation,0 days 00:00:07.813000,7.813,3162.341,0.0
2023-11-25 14:37:42.445,0 days 00:52:42.441000,4280.848766513765,3910.999964048271,-226.00257797024352,OnTrack,218.0,11194.333333333334,100.0,0.0,8,5,507.7111471971024,0.0969348976006455,27.0,816.7460185185188,interpolation,0 days 00:00:07.913000,7.913,3162.441,0.0
2023-11-25 14:37:42.545,0 days 00:52:42.541000,4262.0,3993.0,-225.0,OnTrack,222.0,11322.0,100.0,0.0,8,5,512.9669444444443,0.0979383622099877,27.0,817.5005555555559,interpolation,0 days 00:00:08.013000,8.013,3162.541,0.0
2023-11-25 14:37:42.645,0 days 00:52:42.641000,4246.057611288675,4059.6444208815774,-223.955674926101,OnTrack,222.0,11387.0,100.0,0.0,8,5,517.5107861765266,0.0988058965066928,27.0,817.7894444444448,interpolation,0 days 00:00:08.113000,8.113,3162.641,0.0
2023-11-25 14:37:42.745,0 days 00:52:42.741000,4233.021600379791,4110.933226693004,-222.8696027485466,OnTrack,222.0,11452.0,100.0,0.0,8,5,522.8336111111109,0.0998221583966051,27.0,818.0783333333336,interpolation,0 days 00:00:08.213000,8.213,3162.741,0.0
2023-11-25 14:37:42.845,0 days 00:52:42.841000,4222.35789170707,4149.479789990359,-221.72734726444816,OnTrack,226.5,11611.5,100.0,0.0,8,5,530.4263579659593,0.1012718057855694,27.0,816.7783333333336,interpolation,0 days 00:00:08.313000,8.313,3162.841,0.0
2023-11-25 14:37:42.945,0 days 00:52:42.941000,4210.862048279597,4190.964265827597,-220.44229169995356,OnTrack,231.0,11771.0,100.0,0.0,8,5,538.2336111111109,0.1027624078500417,27.0,815.4783333333336,interpolation,0 days 00:00:08.413000,8.413,3162.941,0.0
2023-11-25 14:37:43.045,0 days 00:52:43.041000,4198.0,4238.0,-219.0,OnTrack,232.33333333333331,11828.333333333334,100.0,0.0,8,5,544.1999549166053,0.1039015337664781,27.0,814.0561111111114,pos,0 days 00:00:08.513000,8.513,3163.041,0.0
2023-11-25 14:37:43.145,0 days 00:52:43.141000,4183.771746868279,4290.586992507569,-217.40047216458763,OnTrack,233.66666666666663,11885.666666666666,100.0,0.0,8,5,548.6909840533367,0.1047589848031431,27.0,812.6338888888893,interpolation,0 days 00:00:08.613000,8.613,3163.141,0.0
2023-11-25 14:37:43.245,0 days 00:52:43.241000,4168.177288884433,4348.725243350303,-215.6437081937164,OnTrack,235.0,11943.0,100.0,0.0,8,5,553.9002777777775,0.1057535707139274,27.0,811.211666666667,interpolation,0 days 00:00:08.713000,8.713,3163.241,0.0
2023-11-25 14:37:43.345,0 days 00:52:43.341000,4150.7441864583725,4411.750872517886,-213.565090125987,OnTrack,237.25,11693.5,100.0,0.0,8,5,560.1934345045306,0.1069550934818642,27.0,808.0338888888892,interpolation,0 days 00:00:08.813000,8.813,3163.341,0.0
2023-11-25 14:37:43.445,0 days 00:52:43.441000,4131.0,4479.0,-211.0,OnTrack,239.5,11444.0,100.0,0.0,8,5,567.5704542335957,0.1083635531069534,27.0,804.8561111111114,interpolation,0 days 00:00:08.913000,8.913,3163.441,0.0
2023-11-25 14:37:43.545,0 days 00:52:43.541000,4108.944729509318,4550.472625796645,-207.94843781575543,OnTrack,241.75,11194.5,100.0,0.0,8,5,575.5679412903073,0.1098904756360029,27.0,801.6783333333337,interpolation,0 days 00:00:09.013000,9.013,3163.541,0.0
2023-11-25 14:37:43.645,0 days 00:52:43.641000,4087.0,4619.0,-205.0,OnTrack,244.0,10945.0,100.0,0.0,8,5,583.7224999999997,0.1114473871158205,27.0,798.5005555555559,interpolation,0 days 00:00:09.113000,9.113,3163.641,0.0
2023-11-25 14:37:43.745,0 days 00:52:43.741000,4067.587436485722,4677.413372702244,-202.7442829794805,OnTrack,244.5,10979.5,100.0,0.0,8,6,592.034130362673,0.113034287546406,27.0,794.600555555556,interpolation,0 days 00:00:09.213000,9.213,3163.741,0.0
2023-11-25 14:37:43.845,0 days 00:52:43.841000,4050.7070389664814,4725.712743903376,-201.18128675419683,OnTrack,245.0,11014.0,100.0,0.0,8,6,600.0558333333331,0.114565833505829,27.0,790.7005555555559,interpolation,0 days 00:00:09.313000,9.313,3163.841,0.0
2023-11-25 14:37:43.945,0 days 00:52:43.941000,4031.223121964,4774.405743152819,-199.5276471518148,OnTrack,246.5,11077.5,100.0,0.0,8,6,607.3406098669867,0.115956681572159,27.0,787.1172222222226,interpolation,0 days 00:00:09.413000,9.413,3163.941,0.0
2023-11-25 14:37:44.045,0 days 00:52:44.041000,4004.0,4834.0,-197.0,OnTrack,248.0,11141.0,100.0,0.0,8,6,613.8336111111108,0.1171963597123667,27.0,783.5338888888892,pos,0 days 00:00:09.513000,9.513,3164.041,0.0
2023-11-25 14:37:44.145,0 days 00:52:44.141000,3969.03767307448,4904.495514444917,-193.5983452987525,OnTrack,248.75,11166.25,100.0,0.0,8,6,619.4799882131828,0.1182743958934228,27.0,780.4450000000003,interpolation,0 days 00:00:09.613000,9.613,3164.141,0.0
2023-11-25 14:37:44.245,0 days 00:52:44.241000,3928.5,4975.0,-190.0,OnTrack,249.5,11191.5,100.0,0.0,8,6,624.2797411732026,0.1191907901153273,27.0,777.3561111111114,interpolation,0 days 00:00:09.713000,9.713,3164.241,0.0
2023-11-25 14:37:44.345,0 days 00:52:44.341000,3884.5508395891193,5034.621170177678,-186.88228105567012,OnTrack,250.25,11216.75,100.0,0.0,8,6,629.4342068799543,0.1201749079709789,27.0,774.2672222222225,interpolation,0 days 00:00:09.813000,9.813,3164.341,0.0
2023-11-25 14:37:44.445,0 days 00:52:44.441000,3837.921521364971,5083.890852970938,-184.23533040652777,OnTrack,251.0,11242.0,100.0,0.0,8,6,636.144722222222,0.1214561150532763,27.0,771.1783333333336,interpolation,0 days 00:00:09.913000,9.913,3164.441,0.0
2023-11-25 14:37:44.545,0 days 00:52:44.541000,3793.0,5126.0,-182.0,OnTrack,251.5,11317.0,100.0,0.0,8,6,644.4112872000055,0.1230344113622196,27.0,766.4450000000002,interpolation,0 days 00:00:10.013000,10.013,3164.541,0.0
2023-11-25 14:37:44.645,0 days 00:52:44.641000,3750.517597528565,5161.480433811961,-180.1664318777977,OnTrack,252.0,11392.0,100.0,0.0,8,6,652.944722222222,0.1246636599115708,27.0,761.7116666666668,interpolation,0 days 00:00:10.113000,10.113,3164.641,0.0
2023-11-25 14:37:44.745,0 days 00:52:44.741000,3707.044309073312,5191.826020220567,-178.4341179005066,OnTrack,252.5,11417.0,100.0,0.0,8,6,660.4558476977885,0.1260977237150921,27.0,757.6561111111112,interpolation,0 days 00:00:10.213000,10.213,3164.741,0.0
2023-11-25 14:37:44.845,0 days 00:52:44.841000,3642.0,5226.0,-175.0,OnTrack,253.0,11442.0,100.0,0.0,8,6,667.0002777777776,0.1273472209206597,27.0,753.6005555555556,pos,0 days 00:00:10.313000,10.313,3164.841,0.0
2023-11-25 14:37:44.945,0 days 00:52:44.941000,3551.954630307847,5265.496254261274,-169.56356695964467,OnTrack,253.75,11451.0,100.0,0.0,8,6,672.6336266132624,0.1284227696761501,27.0,749.8111111111111,interpolation,0 days 00:00:10.413000,10.413,3164.941,0.0
2023-11-25 14:37:45.045,0 days 00:52:45.041000,3455.0,5303.0,-164.0,OnTrack,254.5,11460.0,100.0,0.0,8,6,677.355894204243,0.1293243699815632,27.0,746.0216666666668,interpolation,0 days 00:00:10.513000,10.513,3165.041,0.0
2023-11-25 14:37:45.145,0 days 00:52:45.141000,3369.2279090796087,5331.196454211793,-160.18448034162552,OnTrack,255.25,11469.0,100.0,0.0,8,6,683.2825758042129,0.1304559233799401,27.0,742.2322222222223,interpolation,0 days 00:00:10.613000,10.613,3165.141,0.0
2023-11-25 14:37:45.245,0 days 00:52:45.241000,3315.0,5347.0,-158.0,OnTrack,256.0,11478.0,100.0,0.0,8,6,692.5291666666665,0.132221331414322,27.0,738.4427777777778,car,0 days 00:00:10.713000,10.713,3165.241,0.0
2023-11-25 14:37:45.345,0 days 00:52:45.341000,3301.0,5351.0,-157.0,OnTrack,258.0,11500.0,100.0,0.0,8,6,703.9958333333332,0.1344106080636341,27.0,731.7316666666666,interpolation,0 days 00:00:10.813000,10.813,3165.341,0.0
2023-11-25 14:37:45.445,0 days 00:52:45.441000,3257.160059045834,5365.246444299783,-155.2071642741711,OnTrack,259.0,11477.666666666666,100.0,0.0,8,6,711.0835412675923,0.1357638307506356,27.0,728.4205555555554,interpolation,0 days 00:00:10.913000,10.913,3165.441,0.0
2023-11-25 14:37:45.545,0 days 00:52:45.541000,3175.921433848407,5392.136163616174,-152.37479122455753,OnTrack,260.0,11455.333333333334,100.0,0.0,8,6,714.0894728198757,0.1363377391015232,27.0,725.1094444444444,interpolation,0 days 00:00:11.013000,11.013,3165.541,0.0
2023-11-25 14:37:45.645,0 days 00:52:45.641000,3082.0,5424.0,-149.0,OnTrack,261.0,11433.0,100.0,0.0,8,6,721.3958333333331,0.137732708095439,27.0,721.7983333333333,car,0 days 00:00:11.113000,11.113,3165.641,0.0
2023-11-25 14:37:45.745,0 days 00:52:45.741000,2979.5150911902447,5459.559753915371,-145.16564421618105,OnTrack,263.0,10447.0,100.0,0.0,8,6,733.084722222222,0.1399644125867921,27.0,715.265,interpolation,0 days 00:00:11.213000,11.213,3165.741,0.0
2023-11-25 14:37:45.845,0 days 00:52:45.841000,2890.0,5491.0,-142.0,OnTrack,263.0,10459.333333333334,100.0,0.0,8,6,741.2664473168203,0.1415265108165038,27.0,712.1316666666667,interpolation,0 days 00:00:11.313000,11.313,3165.841,0.0
2023-11-25 14:37:45.945,0 days 00:52:45.941000,2834.988019010128,5510.505312891601,-140.63134347835637,OnTrack,263.0,10471.666666666666,100.0,0.0,8,6,745.454329886311,0.1423260835071532,27.0,708.9983333333334,interpolation,0 days 00:00:11.413000,11.413,3165.941,0.0
2023-11-25 14:37:46.045,0 days 00:52:46.041000,2794.0,5525.0,-140.0,OnTrack,263.0,10484.0,100.0,0.0,8,7,750.6180555555553,0.1433119693238216,27.0,705.8650000000001,car,0 days 00:00:11.513000,11.513,3166.041,0.0
2023-11-25 14:37:46.145,0 days 00:52:46.141000,2746.556794748991,5541.408368735028,-139.04629491368092,OnTrack,264.0,10530.0,100.0,0.0,8,7,757.5859095028356,0.1446423088536993,27.0,702.0872222222224,interpolation,0 days 00:00:11.613000,11.613,3166.141,0.0
2023-11-25 14:37:46.245,0 days 00:52:46.241000,2689.0,5568.0,-138.0,OnTrack,265.0,10576.0,100.0,0.0,8,7,765.3402777777775,0.1461228138590333,27.0,698.3094444444447,car,0 days 00:00:11.713000,11.713,3166.241,0.0
2023-11-25 14:37:46.345,0 days 00:52:46.341000,2617.6712124959267,5613.044474698236,-137.09088703955803,OnTrack,265.0,10599.5,100.0,0.0,8,7,772.8635464300062,0.1475591961020705,27.0,694.7538888888892,interpolation,0 days 00:00:11.813000,11.813,3166.341,0.0
2023-11-25 14:37:46.445,0 days 00:52:46.441000,2549.0,5664.0,-136.0,OnTrack,265.0,10623.0,100.0,0.0,8,7,780.0624999999998,0.1489336583942451,27.0,691.1983333333335,car,0 days 00:00:11.913000,11.913,3166.441,0.0
2023-11-25 14:37:46.545,0 days 00:52:46.541000,2499.415930275446,5708.324783075563,-134.40838284897077,OnTrack,265.0,10617.0,100.0,0.0,8,7,786.8439230282361,0.1502284035469914,27.0,687.9205555555558,interpolation,0 days 00:00:12.013000,12.013,3166.541,0.0
2023-11-25 14:37:46.645,0 days 00:52:46.641000,2461.0,5747.0,-133.0,OnTrack,265.0,10611.0,100.0,0.0,8,7,794.784722222222,0.1517445029294568,27.0,684.6427777777781,car,0 days 00:00:12.113000,12.113,3166.641,0.0
2023-11-25 14:37:46.745,0 days 00:52:46.741000,2425.833205851397,5781.006826848394,-132.45881586661747,OnTrack,266.0,10631.5,100.0,0.0,8,7,805.4618042894649,0.1537830279107885,27.0,680.5205555555558,interpolation,0 days 00:00:12.213000,12.213,3166.741,0.0
2023-11-25 14:37:46.845,0 days 00:52:46.841000,2365.0,5862.0,-132.0,OnTrack,267.0,10652.0,100.0,0.0,8,7,815.5513888888887,0.1557093847681819,27.0,676.3983333333337,interpolation,0 days 00:00:12.313000,12.313,3166.841,0.0
2023-11-25 14:37:46.945,0 days 00:52:46.941000,2262.0,6023.0,-131.0,OnTrack,267.0,10686.5,100.0,0.0,8,7,821.7296956794177,0.1568889797788323,27.0,674.0427777777782,interpolation,0 days 00:00:12.413000,12.413,3166.941,0.0
2023-11-25 14:37:47.045,0 days 00:52:47.041000,2191.3245795495354,6152.200719397597,-130.42648911314947,OnTrack,267.0,10721.0,100.0,0.0,8,7,827.4180555555554,0.1579750315331677,27.0,671.6872222222225,interpolation,0 days 00:00:12.513000,12.513,3167.041,0.0
2023-11-25 14:37:47.145,0 days 00:52:47.141000,2165.3890311643777,6230.967711542953,-130.44074703961962,OnTrack,268.0,10718.5,100.0,0.0,8,7,836.0377994118057,0.159620758621616,27.0,668.6872222222225,interpolation,0 days 00:00:12.613000,12.613,3167.141,0.0
2023-11-25 14:37:47.245,0 days 00:52:47.241000,2161.508967197031,6283.750847916833,-130.73463144628,OnTrack,269.0,10716.0,100.0,0.0,8,7,845.3513888888886,0.1613989583858709,27.0,665.6872222222225,interpolation,0 days 00:00:12.713000,12.713,3167.241,0.0
2023-11-25 14:37:47.345,0 days 00:52:47.341000,2157.0,6335.0,-131.0,OnTrack,269.0,10710.0,100.0,0.0,8,7,853.1212856275231,0.162882428167626,27.0,663.6650000000003,interpolation,0 days 00:00:12.813000,12.813,3167.341,0.0
2023-11-25 14:37:47.445,0 days 00:52:47.441000,2151.8621295732846,6384.715167792458,-131.2368527007797,OnTrack,269.0,10704.0,100.0,0.0,8,7,859.5967805032493,0.1641187638993848,27.0,661.6427777777781,interpolation,0 days 00:00:12.913000,12.913,3167.441,0.0
2023-11-25 14:37:47.545,0 days 00:52:47.541000,2146.0953559168856,6432.896351294204,-131.44518954861906,OnTrack,269.0,10698.0,100.0,0.0,8,7,866.2736111111109,0.1653935397140246,27.0,659.6205555555558,interpolation,0 days 00:00:13.013000,13.013,3167.541,0.0
2023-11-25 14:37:47.645,0 days 00:52:47.641000,2141.7809043020434,6484.629359148848,-131.6809316221489,OnTrack,269.5,10728.25,100.0,0.0,8,7,873.4010657739217,0.166754351056669,27.0,657.8150000000003,interpolation,0 days 00:00:13.113000,13.113,3167.641,0.0
2023-11-25 14:37:47.745,0 days 00:52:47.741000,2141.0,6545.0,-132.0,OnTrack,270.0,10758.5,100.0,0.0,8,7,880.979144491682,0.168201197927318,27.0,656.0094444444447,interpolation,0 days 00:00:13.213000,13.213,3167.741,0.0
2023-11-25 14:37:47.845,0 days 00:52:47.841000,2143.7526430107555,6614.008273847659,-132.4023946821724,OnTrack,270.5,10788.75,100.0,0.0,8,7,888.7322342969345,0.1696814588404569,27.0,654.2038888888892,interpolation,0 days 00:00:13.313000,13.313,3167.841,0.0
2023-11-25 14:37:47.945,0 days 00:52:47.941000,2151.0,6698.0,-133.0,OnTrack,271.0,10819.0,100.0,0.0,8,7,896.384722222222,0.1711425123105709,27.0,652.3983333333337,interpolation,0 days 00:00:13.413000,13.413,3167.941,0.0
2023-11-25 14:37:48.045,0 days 00:52:48.041000,2163.7032376334246,6803.320997765195,-133.90470028481678,OnTrack,271.0,10810.0,100.0,0.0,8,7,903.9366082675444,0.1725843583376602,27.0,650.6761111111115,interpolation,0 days 00:00:13.513000,13.513,3168.041,0.0
2023-11-25 14:37:48.145,0 days 00:52:48.141000,2176.0,6895.0,-135.0,OnTrack,271.0,10801.0,100.0,0.0,8,7,911.4402777777776,0.1740169986088441,27.0,648.9538888888894,interpolation,0 days 00:00:13.613000,13.613,3168.141,0.0
2023-11-25 14:37:48.245,0 days 00:52:48.241000,2182.027931188695,6938.065739561167,-136.1694036089268,OnTrack,271.5,10822.5,100.0,0.0,8,7,918.9481160977966,0.1754504348112419,27.0,647.4538888888894,interpolation,0 days 00:00:13.713000,13.713,3168.241,0.0
2023-11-25 14:37:48.345,0 days 00:52:48.341000,2192.0,7000.0,-138.0,OnTrack,272.0,10844.0,100.0,0.0,8,7,926.4601232276018,0.1768846669448536,27.0,645.9538888888894,interpolation,0 days 00:00:13.813000,13.813,3168.341,0.0
2023-11-25 14:37:48.445,0 days 00:52:48.441000,2214.0,7135.0,-141.0,OnTrack,272.5,10865.5,100.0,0.0,8,7,934.045540965828,0.1783329150201074,27.0,644.4538888888893,interpolation,0 days 00:00:13.913000,13.913,3168.441,0.0
2023-11-25 14:37:48.545,0 days 00:52:48.541000,2235.2529451903106,7263.358758454775,-144.69613766231842,OnTrack,273.0,10887.0,100.0,0.0,8,7,941.7736111111108,0.1798083990474313,27.0,642.9538888888893,interpolation,0 days 00:00:14.013000,14.013,3168.541,0.0
2023-11-25 14:37:48.645,0 days 00:52:48.641000,2253.392991237206,7370.647479932015,-148.79395786251862,OnTrack,273.5,10898.5,100.0,0.0,8,7,949.6443336634502,0.1813111190268252,27.0,641.6483333333338,interpolation,0 days 00:00:14.113000,14.113,3168.641,0.0
2023-11-25 14:37:48.745,0 days 00:52:48.741000,2267.0,7450.0,-152.0,OnTrack,274.0,10910.0,100.0,0.0,8,7,956.995833333333,0.1827147062272351,27.0,640.3427777777782,interpolation,0 days 00:00:14.213000,14.213,3168.741,0.0
2023-11-25 14:37:48.845,0 days 00:52:48.841000,2275.8372830004264,7500.271963779225,-154.0986884117469,OnTrack,275.0,10929.0,100.0,0.0,8,7,963.1662348312468,0.1838927919176068,27.0,639.3141666666672,interpolation,0 days 00:00:14.313000,14.313,3168.841,0.0
2023-11-25 14:37:48.945,0 days 00:52:48.941000,2280.9934285545173,7527.843991438056,-155.31513298959985,OnTrack,276.0,10948.0,100.0,0.0,8,7,969.3391666666664,0.1850713607133986,27.0,638.2855555555562,interpolation,0 days 00:00:14.413000,14.413,3168.941,0.0
2023-11-25 14:37:49.045,0 days 00:52:49.041000,2289.0,7571.0,-157.0,OnTrack,277.0,10989.5,100.0,0.0,8,7,976.6982573490662,0.1864763972300685,27.0,637.063333333334,interpolation,0 days 00:00:14.513000,14.513,3169.041,0.0
2023-11-25 14:37:49.145,0 days 00:52:49.141000,2300.9455968001066,7636.120674971306,-159.3784016399249,OnTrack,278.0,11031.0,100.0,0.0,8,7,984.7836111111108,0.1880200957352434,27.0,635.8411111111117,interpolation,0 days 00:00:14.613000,14.613,3169.141,0.0
2023-11-25 14:37:49.245,0 days 00:52:49.241000,2314.0,7708.0,-162.0,OnTrack,278.75,11063.75,100.0,0.0,8,7,993.1353321854652,0.1896146504965502,27.0,634.7411111111116,interpolation,0 days 00:00:14.713000,14.713,3169.241,0.0
2023-11-25 14:37:49.345,0 days 00:52:49.341000,2325.332990644842,7771.431958734108,-164.41445717085082,OnTrack,279.5,11096.5,100.0,0.0,8,7,1001.7534205721292,0.191260061513989,27.0,633.6411111111117,interpolation,0 days 00:00:14.813000,14.813,3169.341,0.0
2023-11-25 14:37:49.445,0 days 00:52:49.441000,2335.296266127382,7828.421693871322,-166.66377907975934,OnTrack,280.25,11129.25,100.0,0.0,8,7,1010.472715339395,0.1929247953889115,27.0,632.5411111111118,interpolation,0 days 00:00:14.913000,14.913,3169.441,0.0
2023-11-25 14:37:49.545,0 days 00:52:49.541000,2346.0,7891.0,-169.0,OnTrack,281.0,11162.0,100.0,0.0,8,7,1019.1280555555552,0.1945773187226695,27.0,631.4411111111118,pos,0 days 00:00:15.013000,15.013,3169.541,0.0
2023-11-25 14:37:49.645,0 days 00:52:49.641000,2357.795886054085,7961.171999285279,-171.46512542871642,OnTrack,282.0,11173.0,100.0,0.0,8,7,1027.71944122061,0.196217631515263,27.0,630.4929629629637,interpolation,0 days 00:00:15.113000,15.113,3169.641,0.0
2023-11-25 14:37:49.745,0 days 00:52:49.741000,2373.0,8062.0,-175.0,OnTrack,283.0,11184.0,100.0,0.0,8,7,1036.2093336963133,0.1978385666913293,27.0,629.5448148148156,pos,0 days 00:00:15.213000,15.213,3169.741,0.0
2023-11-25 14:37:49.845,0 days 00:52:49.841000,2392.0,8202.0,-180.0,OnTrack,284.0,11195.0,100.0,0.0,8,7,1044.3724999999995,0.1993971215785193,27.0,628.5966666666675,interpolation,0 days 00:00:15.313000,15.313,3169.841,0.0
2023-11-25 14:37:49.945,0 days 00:52:49.941000,2403.225440006211,8293.894583644378,-183.1923320977931,OnTrack,284.3333333333333,11211.333333333334,100.0,0.0,8,7,1052.1714011090269,0.2008861290280792,27.0,627.8966666666676,interpolation,0 days 00:00:15.413000,15.413,3169.941,0.0
2023-11-25 14:37:50.045,0 days 00:52:50.041000,2406.1293217510665,8334.278847778774,-184.41846770733144,OnTrack,284.6666666666667,11227.666666666666,100.0,0.0,8,7,1059.5907879628512,0.2023026776087151,27.0,627.1966666666675,interpolation,0 days 00:00:15.513000,15.513,3170.041,0.0
2023-11-25 14:37:50.145,0 days 00:52:50.141000,2409.0,8390.0,-186.0,OnTrack,285.0,11244.0,100.0,0.0,8,7,1066.5391666666662,0.2036292988221023,27.0,626.4966666666676,interpolation,0 days 00:00:15.613000,15.613,3170.141,0.0
2023-11-25 14:37:50.245,0 days 00:52:50.241000,2413.2188601411995,8472.199184531339,-188.3238591899402,OnTrack,285.3333333333333,11264.666666666666,100.0,0.0,8,7,1073.001288316078,0.2048630812667597,27.0,625.9188888888899,interpolation,0 days 00:00:15.713000,15.713,3170.241,0.0
2023-11-25 14:37:50.345,0 days 00:52:50.341000,2417.0,8564.0,-191.0,OnTrack,285.6666666666667,11285.333333333334,100.0,0.0,8,7,1079.1037161325987,0.2060281890623546,27.0,625.3411111111121,interpolation,0 days 00:00:15.813000,15.813,3170.341,0.0
2023-11-25 14:37:50.445,0 days 00:52:50.441000,2418.5575174017367,8648.526045033192,-193.6383771530273,OnTrack,286.0,11306.0,100.0,0.0,8,7,1085.6058333333328,0.2072696076692142,27.0,624.7633333333345,interpolation,0 days 00:00:15.913000,15.913,3170.441,0.0
2023-11-25 14:37:50.545,0 days 00:52:50.541000,2419.0,8724.0,-196.0,OnTrack,286.3333333333333,11315.0,100.0,0.0,8,7,1092.6342044358055,0.2086115014544477,27.0,624.1707407407418,interpolation,0 days 00:00:16.013000,16.013,3170.541,0.0
2023-11-25 14:37:50.645,0 days 00:52:50.641000,2419.436035448379,8788.644545269508,-197.84587789189584,OnTrack,286.6666666666667,11324.0,100.0,0.0,8,7,1100.5051900863557,0.2101142716659436,27.0,623.5781481481492,interpolation,0 days 00:00:16.113000,16.113,3170.641,0.0
2023-11-25 14:37:50.745,0 days 00:52:50.741000,2419.7224281361514,8847.632395772502,-199.2881883557635,OnTrack,287.0,11333.0,100.0,0.0,8,7,1111.116944444444,0.2121403239355132,27.0,622.9855555555566,interpolation,0 days 00:00:16.213000,16.213,3170.741,0.0
2023-11-25 14:37:50.845,0 days 00:52:50.841000,2419.0,8932.0,-201.0,OnTrack,288.0,11423.0,100.0,0.0,8,7,1123.9169444444435,0.2145841676370709,27.0,622.2300000000014,pos,0 days 00:00:16.313000,16.313,3170.841,0.0
2023-11-25 14:37:50.945,0 days 00:52:50.941000,2417.125553962872,9046.92012585166,-203.09349150035771,OnTrack,288.25,11439.5,100.0,0.0,8,7,1133.691933943579,0.2164504603339657,27.0,621.9411111111125,interpolation,0 days 00:00:16.413000,16.413,3170.941,0.0
2023-11-25 14:37:51.045,0 days 00:52:51.041000,2415.0,9156.0,-205.0,OnTrack,288.5,11456.0,100.0,0.0,8,7,1139.573041366692,0.2175733124694469,27.0,621.6522222222236,interpolation,0 days 00:00:16.513000,16.513,3171.041,0.0
2023-11-25 14:37:51.145,0 days 00:52:51.141000,2413.5242480866154,9222.846849117552,-206.1508626420901,OnTrack,288.75,11472.5,100.0,0.0,8,7,1144.0483225509029,0.2184277568237229,27.0,621.3633333333347,interpolation,0 days 00:00:16.613000,16.613,3171.141,0.0
2023-11-25 14:37:51.245,0 days 00:52:51.241000,2412.0,9275.0,-207.0,OnTrack,289.0,11489.0,100.0,0.0,8,7,1149.6058333333326,0.2194888261770026,27.0,621.0744444444458,interpolation,0 days 00:00:16.713000,16.713,3171.241,0.0
2023-11-25 14:37:51.345,0 days 00:52:51.341000,2409.728957517436,9339.998779443036,-208.00133264710175,OnTrack,289.5,11495.75,100.0,0.0,8,7,1156.2455737139803,0.2207565205292858,27.0,620.8244444444458,interpolation,0 days 00:00:16.813000,16.813,3171.341,0.0
2023-11-25 14:37:51.445,0 days 00:52:51.441000,2406.717066285388,9417.006159699518,-209.1036844299501,OnTrack,290.0,11502.5,100.0,0.0,8,7,1163.9675436928474,0.2222308398805725,27.0,620.5744444444457,interpolation,0 days 00:00:16.913000,16.913,3171.441,0.0
2023-11-25 14:37:51.545,0 days 00:52:51.541000,2403.0,9501.0,-210.0,OnTrack,290.5,11509.25,100.0,0.0,8,7,1172.59199182529,0.2238774651343132,27.0,620.3244444444456,interpolation,0 days 00:00:17.013000,17.013,3171.541,0.0
2023-11-25 14:37:51.645,0 days 00:52:51.641000,2398.583704246854,9591.143281168464,-210.6391037278472,OnTrack,291.0,11516.0,100.0,0.0,8,7,1181.939166666666,0.2256620771939582,27.0,620.0744444444456,interpolation,0 days 00:00:17.113000,17.113,3171.641,0.0
2023-11-25 14:37:51.745,0 days 00:52:51.741000,2394.0,9679.0,-211.0,OnTrack,291.6666666666667,11518.666666666666,100.0,0.0,8,7,1192.009068216976,0.2275846760595075,27.0,619.8417592592604,interpolation,0 days 00:00:17.213000,17.213,3171.741,0.0
2023-11-25 14:37:51.845,0 days 00:52:51.841000,2389.7807082334903,9756.1341532897,-211.06169320296644,OnTrack,292.3333333333333,11521.333333333334,100.0,0.0,8,7,1202.450664870633,0.2295782409201517,27.0,619.6090740740752,interpolation,0 days 00:00:17.313000,17.313,3171.841,0.0
2023-11-25 14:37:51.945,0 days 00:52:51.941000,2385.0,9833.0,-211.0,OnTrack,293.0,11524.0,100.0,0.0,8,7,1211.157777777777,0.2312406489699076,27.0,619.37638888889,interpolation,0 days 00:00:17.413000,17.413,3171.941,0.0
2023-11-25 14:37:52.045,0 days 00:52:52.041000,2378.732046352208,9920.051799093337,-210.9907370543541,OnTrack,293.0,11549.5,100.0,0.0,8,7,1217.7793789273665,0.2325048800842553,27.0,619.2652777777789,interpolation,0 days 00:00:17.513000,17.513,3172.041,0.0
2023-11-25 14:37:52.145,0 days 00:52:52.141000,2371.4508009152664,10012.87698180587,-211.01951531125204,OnTrack,293.0,11575.0,100.0,0.0,8,7,1224.1799999999992,0.2337269205135062,27.0,619.1541666666678,interpolation,0 days 00:00:17.613000,17.613,3172.141,0.0
2023-11-25 14:37:52.245,0 days 00:52:52.241000,2366.0,10085.0,-211.0,OnTrack,294.0,11564.5,100.0,0.0,8,7,1232.2241726762732,0.2352627565079713,27.0,618.9875000000013,interpolation,0 days 00:00:17.713000,17.713,3172.241,0.0
2023-11-25 14:37:52.345,0 days 00:52:52.341000,2362.8536020848733,10132.008239726954,-210.91780191847664,OnTrack,295.0,11554.0,100.0,0.0,8,7,1240.568888888888,0.2368559738640249,27.0,618.8208333333348,interpolation,0 days 00:00:17.813000,17.813,3172.341,0.0
2023-11-25 14:37:52.445,0 days 00:52:52.441000,2358.0,10200.0,-211.0,OnTrack,294.6666666666667,11571.0,100.0,0.0,8,7,1247.871140570544,0.2382501583780407,27.0,618.8208333333347,interpolation,0 days 00:00:17.913000,17.913,3172.441,0.0
2023-11-25 14:37:52.545,0 days 00:52:52.541000,2347.4275865754958,10335.073579832411,-211.47367317788823,OnTrack,294.3333333333333,11588.0,100.0,0.0,8,7,1254.5850711949342,0.2395320175240651,27.0,618.8208333333347,interpolation,0 days 00:00:18.013000,18.013,3172.541,0.0
2023-11-25 14:37:52.645,0 days 00:52:52.641000,2336.0,10477.0,-212.0,OnTrack,294.0,11605.0,100.0,0.0,8,7,1263.4355555555549,0.2412217988100368,27.0,618.8208333333346,car,0 days 00:00:18.113000,18.113,3172.641,0.0
2023-11-25 14:37:52.745,0 days 00:52:52.741000,2328.580878462153,10565.550281278567,-212.24015901419372,OnTrack,294.5,11592.0,100.0,0.0,8,7,1274.8767417765523,0.243406210597891,27.0,618.8986111111124,interpolation,0 days 00:00:18.213000,18.213,3172.741,0.0
2023-11-25 14:37:52.845,0 days 00:52:52.841000,2324.5293274966657,10608.99973778458,-212.2094865373921,OnTrack,295.0,11579.0,100.0,0.0,8,7,1286.3799999999994,0.245602473500763,27.0,618.9763888888901,interpolation,0 days 00:00:18.313000,18.313,3172.841,0.0
2023-11-25 14:37:52.945,0 days 00:52:52.941000,2320.0,10657.0,-212.0,OnTrack,295.5,11659.5,100.0,0.0,8,7,1295.4167003679686,0.2473278081317885,27.0,619.0875000000012,interpolation,0 days 00:00:18.413000,18.413,3172.941,0.0
2023-11-25 14:37:53.045,0 days 00:52:53.041000,2314.352008069592,10717.8262973025,-211.62703556189683,OnTrack,296.0,11740.0,100.0,0.0,8,7,1302.8244444444438,0.248742133811792,27.0,619.1986111111123,interpolation,0 days 00:00:18.513000,18.513,3173.041,0.0
2023-11-25 14:37:53.145,0 days 00:52:53.141000,2307.58535170544,10791.478629692085,-211.0905932230827,OnTrack,292.0,11695.0,100.0,0.0,8,7,1309.4408337934096,0.2500053698615985,27.0,619.465277777779,interpolation,0 days 00:00:18.613000,18.613,3173.141,0.0
2023-11-25 14:37:53.245,0 days 00:52:53.241000,2299.901019488568,10870.516647235623,-210.5088542727272,OnTrack,288.0,11650.0,100.0,0.0,8,7,1315.6244444444435,0.2511859775133497,27.0,619.7319444444456,interpolation,0 days 00:00:18.713000,18.713,3173.241,0.0
2023-11-25 14:37:53.345,0 days 00:52:53.341000,2291.5,10947.5,-210.0,OnTrack,280.5,11319.0,50.0,1.0,8,7,1321.7338524271252,0.2523524179991874,27.0,620.37638888889,interpolation,0 days 00:00:18.813000,18.813,3173.341,0.0
2023-11-25 14:37:53.445,0 days 00:52:53.441000,2282.382293239736,11022.428687985212,-209.5640304049012,OnTrack,273.0,10988.0,0.0,1.0,8,7,1327.7577777777772,0.2535025376887846,27.0,621.0208333333344,car,0 days 00:00:18.913000,18.913,3173.441,0.0
2023-11-25 14:37:53.545,0 days 00:52:53.541000,2273.0,11091.0,-209.0,OnTrack,255.5,10679.0,0.0,1.0,8,7,1333.684940532724,0.2546341829518146,27.0,622.8541666666678,interpolation,0 days 00:00:19.013000,19.013,3173.541,0.0
2023-11-25 14:37:53.645,0 days 00:52:53.641000,2263.80522107302,11148.911224853122,-208.1069632978656,OnTrack,238.0,10370.0,0.0,1.0,8,7,1340.979999999999,0.25602699429022,27.0,624.6875000000011,car,0 days 00:00:19.113000,19.113,3173.641,0.0
2023-11-25 14:37:53.745,0 days 00:52:53.741000,2254.578156524901,11197.634200512424,-206.95893437898496,OnTrack,208.0,10650.0,0.0,1.0,8,7,1350.224444444444,0.2577919925191228,27.0,629.0430555555565,interpolation,0 days 00:00:19.213000,19.213,3173.741,0.0
2023-11-25 14:37:53.845,0 days 00:52:53.841000,2244.0,11246.0,-206.0,OnTrack,200.0,10759.666666666666,0.0,1.0,8,7,1356.1192204757967,0.2589174543375849,27.0,631.7986111111121,interpolation,0 days 00:00:19.313000,19.313,3173.841,0.0
2023-11-25 14:37:53.945,0 days 00:52:53.941000,2231.8509493136603,11295.480476355397,-205.3041749993058,OnTrack,192.0,10869.333333333334,0.0,1.0,8,7,1358.590132364984,0.2593892139045766,27.0,634.5541666666676,interpolation,0 days 00:00:19.413000,19.413,3173.941,0.0
2023-11-25 14:37:54.045,0 days 00:52:54.041000,2218.1487639202046,11345.65502151298,-204.79347542929693,OnTrack,184.0,10979.0,0.0,1.0,8,7,1362.4911111111107,0.2601340093997823,27.0,637.3097222222232,car,0 days 00:00:19.513000,19.513,3174.041,0.0
2023-11-25 14:37:54.145,0 days 00:52:54.141000,2203.0,11394.0,-204.0,OnTrack,171.5,10909.0,0.0,1.0,8,7,1368.6311493560563,0.2613062979773006,27.0,643.1430555555564,interpolation,0 days 00:00:19.613000,19.613,3174.141,0.0
2023-11-25 14:37:54.245,0 days 00:52:54.241000,2186.422416825515,11440.094808057833,-202.84576556236124,OnTrack,159.0,10839.0,0.0,1.0,8,7,1374.8577777777773,0.2624951188093601,27.0,648.9763888888897,interpolation,0 days 00:00:19.713000,19.713,3174.241,0.0
2023-11-25 14:37:54.345,0 days 00:52:54.341000,2167.0,11485.0,-202.0,OnTrack,155.33333333333334,10624.333333333334,0.0,1.0,8,5,1379.0185270542297,0.2632895110681897,27.0,652.6208333333342,interpolation,0 days 00:00:19.813000,19.813,3174.341,0.0
2023-11-25 14:37:54.445,0 days 00:52:54.441000,2144.0,11529.0,-202.0,OnTrack,151.66666666666666,10409.666666666666,0.0,1.0,8,5,1381.5114047965092,0.2637654644720353,27.0,656.2652777777786,interpolation,0 days 00:00:19.913000,19.913,3174.441,0.0
2023-11-25 14:37:54.545,0 days 00:52:54.541000,2121.521985075451,11567.438051060151,-202.05418243605965,OnTrack,148.0,10195.0,0.0,1.0,8,5,1384.724444444444,0.2643789149959775,27.0,659.9097222222231,interpolation,0 days 00:00:20.013000,20.013,3174.541,0.0
2023-11-25 14:37:54.645,0 days 00:52:54.641000,2099.6734684619832,11600.17137317381,-202.0384724805729,OnTrack,140.5,9765.0,0.0,1.0,8,3,1389.0556495335543,0.265205851580132,27.0,665.9097222222231,interpolation,0 days 00:00:20.113000,20.113,3174.641,0.0
2023-11-25 14:37:54.745,0 days 00:52:54.741000,2075.0,11631.0,-202.0,OnTrack,133.0,9335.0,0.0,1.0,8,3,1393.5911111111106,0.2660717858934107,27.0,671.9097222222231,interpolation,0 days 00:00:20.213000,20.213,3174.741,0.0
2023-11-25 14:37:54.845,0 days 00:52:54.841000,2046.925840944029,11660.55726723921,-201.94661993186705,OnTrack,131.25,9149.25,0.0,1.0,8,3,1397.4169202243852,0.2668022296047261,27.0,676.6347222222231,interpolation,0 days 00:00:20.313000,20.313,3174.841,0.0
2023-11-25 14:37:54.945,0 days 00:52:54.941000,2019.0,11687.0,-202.0,OnTrack,129.5,8963.5,0.0,1.0,8,3,1400.533076873378,0.2673971827140783,27.0,681.3597222222231,interpolation,0 days 00:00:20.413000,20.413,3174.941,0.0
2023-11-25 14:37:55.045,0 days 00:52:55.041000,1994.7714858738443,11708.485023390938,-202.28180792822508,OnTrack,127.75,8777.75,0.0,1.0,8,3,1403.3282506412368,0.2679308520740269,27.0,686.0847222222231,interpolation,0 days 00:00:20.513000,20.513,3175.041,0.0
2023-11-25 14:37:55.145,0 days 00:52:55.141000,1974.2402985655624,11725.012337412032,-202.7920437165424,OnTrack,126.0,8592.0,0.0,1.0,8,3,1406.1911111111106,0.2684774445371315,27.0,690.8097222222232,interpolation,0 days 00:00:20.613000,20.613,3175.141,0.0
2023-11-25 14:37:55.245,0 days 00:52:55.241000,1950.8389619744992,11738.783482727104,-203.4062576465884,OnTrack,124.0,8422.333333333334,0.0,1.0,8,3,1409.1216582829993,0.2690369601033923,27.0,695.8912037037047,interpolation,0 days 00:00:20.713000,20.713,3175.241,0.0
2023-11-25 14:37:55.345,0 days 00:52:55.341000,1918.0,11752.0,-204.0,OnTrack,122.0,8252.666666666666,0.0,1.0,8,3,1412.1575177742095,0.2696165824546743,27.0,700.9726851851862,interpolation,0 days 00:00:20.813000,20.813,3175.341,0.0
2023-11-25 14:37:55.445,0 days 00:52:55.441000,1875.723412642065,11764.661889230712,-204.573270776777,OnTrack,120.0,8083.0,0.0,0.0,8,3,1415.5244444444438,0.2702594139028507,27.0,706.0541666666677,car,0 days 00:00:20.913000,20.913,3175.441,0.0
2023-11-25 14:37:55.545,0 days 00:52:55.541000,1834.0,11774.0,-205.0,OnTrack,117.66666666666669,7979.333333333333,1.6666666666666667,0.0,8,3,1419.2600642962968,0.2709726382033479,27.0,712.9064814814825,interpolation,0 days 00:00:21.013000,21.013,3175.541,0.0
2023-11-25 14:37:55.645,0 days 00:52:55.641000,1802.8205621731129,11777.245181888626,-205.15411769274945,OnTrack,115.33333333333331,7875.666666666667,3.333333333333333,0.0,8,3,1423.2553158228927,0.2717354327564268,27.0,719.7587962962974,interpolation,0 days 00:00:21.113000,21.113,3175.641,0.0
2023-11-25 14:37:55.745,0 days 00:52:55.741000,1780.3969262689566,11774.791126994574,-205.0751216661137,OnTrack,113.0,7772.0,5.0,0.0,8,3,1426.8558333333326,0.2724228626033203,27.0,726.6111111111122,interpolation,0 days 00:00:21.213000,21.213,3175.741,0.0
2023-11-25 14:37:55.845,0 days 00:52:55.841000,1756.0,11769.0,-205.0,OnTrack,111.0,7800.75,13.25,0.0,8,3,1429.952556437525,0.2730141053575116,27.0,731.9361111111122,interpolation,0 days 00:00:21.313000,21.313,3175.841,0.0
2023-11-25 14:37:55.945,0 days 00:52:55.941000,1727.8415921628125,11760.26549703431,-204.96825090995645,OnTrack,109.0,7829.5,21.5,0.0,8,3,1432.5454851354689,0.2735091610190006,27.0,737.2611111111121,interpolation,0 days 00:00:21.413000,21.413,3175.941,0.0
2023-11-25 14:37:56.045,0 days 00:52:56.041000,1700.0,11750.0,-205.0,OnTrack,107.0,7858.25,29.75,0.0,8,3,1434.9185879323447,0.2739622463567579,27.0,742.586111111112,interpolation,0 days 00:00:21.513000,21.513,3176.041,0.0
2023-11-25 14:37:56.145,0 days 00:52:56.141000,1676.553520754169,11739.615890799552,-205.1153728741477,OnTrack,105.0,7887.0,38.0,0.0,8,3,1437.3558333333326,0.2744275781397544,27.0,747.911111111112,interpolation,0 days 00:00:21.613000,21.613,3176.141,0.0
2023-11-25 14:37:56.245,0 days 00:52:56.241000,1657.50215442532,11729.113169432974,-205.31436953239955,OnTrack,106.5,8014.0,44.0,0.0,8,3,1439.8572213384318,0.2749051563679898,27.0,753.8000000000009,interpolation,0 days 00:00:21.713000,21.713,3176.241,0.0
2023-11-25 14:37:56.345,0 days 00:52:56.341000,1638.6997108838104,11716.553863349904,-205.6061814244516,OnTrack,108.0,8141.0,50.0,0.0,8,3,1443.3558333333326,0.2755731298748595,27.0,759.6888888888898,interpolation,0 days 00:00:21.813000,21.813,3176.341,0.0
2023-11-25 14:37:56.445,0 days 00:52:56.441000,1616.0,11700.0,-206.0,OnTrack,112.0,8402.0,53.0,0.0,8,3,1448.3336111111105,0.2765235135365764,27.0,768.9333333333336,interpolation,0 days 00:00:21.913000,21.913,3176.441,0.0
2023-11-25 14:37:56.545,0 days 00:52:56.541000,1589.4030217738882,11679.45157938325,-206.4958252590448,OnTrack,114.5,8671.0,53.5,0.0,8,3,1452.0837309750484,0.2772395062560742,27.0,774.6000000000004,interpolation,0 days 00:00:22.013000,22.013,3176.541,0.0
2023-11-25 14:37:56.645,0 days 00:52:56.641000,1562.0,11656.0,-207.0,OnTrack,117.0,8940.0,54.0,0.0,8,3,1454.8336111111105,0.2777645279162737,27.0,780.2666666666671,pos,0 days 00:00:22.113000,22.113,3176.641,0.0
2023-11-25 14:37:56.745,0 days 00:52:56.741000,1536.8821584728605,11630.736660350596,-207.41886702127977,OnTrack,118.75,9036.75,57.75,0.0,8,3,1457.26180467823,0.2782281314752712,27.0,784.6666666666672,interpolation,0 days 00:00:22.213000,22.213,3176.741,0.0
2023-11-25 14:37:56.845,0 days 00:52:56.841000,1513.0,11603.0,-208.0,OnTrack,120.5,9133.5,61.5,0.0,8,3,1459.3683116764068,0.2786303169330666,27.0,789.0666666666672,interpolation,0 days 00:00:22.313000,22.313,3176.841,0.0
2023-11-25 14:37:56.945,0 days 00:52:56.941000,1489.30402738895,11572.12845851318,-208.9909726132768,OnTrack,122.25,9230.25,65.25,0.0,8,3,1461.963023947491,0.2791257131237731,27.0,793.4666666666672,interpolation,0 days 00:00:22.413000,22.413,3176.941,0.0
2023-11-25 14:37:57.045,0 days 00:52:57.041000,1468.0,11542.0,-210.0,OnTrack,124.0,9327.0,69.0,0.0,8,3,1465.8558333333326,0.2798689488815039,27.0,797.8666666666672,interpolation,0 days 00:00:22.513000,22.513,3177.041,0.0
2023-11-25 14:37:57.145,0 days 00:52:57.141000,1451.2936771934396,11516.49258857033,-210.6352972990596,OnTrack,129.5,9862.5,75.0,0.0,8,3,1471.046739833931,0.2808600242062588,27.0,805.1388888888891,interpolation,0 days 00:00:22.613000,22.613,3177.141,0.0
2023-11-25 14:37:57.245,0 days 00:52:57.241000,1437.999038773502,11493.34611573619,-211.0318981231256,OnTrack,135.0,10398.0,81.0,0.0,8,3,1476.3558333333326,0.2818736644179379,27.0,812.411111111111,interpolation,0 days 00:00:22.713000,22.713,3177.241,0.0
2023-11-25 14:37:57.345,0 days 00:52:57.341000,1421.0,11459.0,-212.0,OnTrack,139.5,10731.0,84.5,0.0,8,3,1480.6032037155833,0.2826845948364415,27.0,817.4111111111113,interpolation,0 days 00:00:22.813000,22.813,3177.341,0.0
2023-11-25 14:37:57.445,0 days 00:52:57.441000,1399.110552821951,11411.194156017167,-213.6746351596157,OnTrack,144.0,11064.0,88.0,0.0,8,3,1484.3558333333326,0.2834010667314114,27.0,822.4111111111115,interpolation,0 days 00:00:22.913000,22.913,3177.441,0.0
2023-11-25 14:37:57.545,0 days 00:52:57.541000,1382.0,11373.0,-215.0,OnTrack,148.75,11295.0,91.0,0.0,8,3,1488.1807045392306,0.2841313313724898,27.0,826.4361111111116,interpolation,0 days 00:00:23.013000,23.013,3177.541,0.0
2023-11-25 14:37:57.645,0 days 00:52:57.641000,1379.3376442947924,11367.488948160795,-214.92029091918,OnTrack,153.5,11526.0,94.0,0.0,8,3,1492.0778173332765,0.2848753887596764,27.0,830.4611111111116,interpolation,0 days 00:00:23.113000,23.113,3177.641,0.0
2023-11-25 14:37:57.745,0 days 00:52:57.741000,1375.0,11354.0,-215.0,OnTrack,158.25,11757.0,97.0,0.0,8,3,1496.1889381273504,0.2856603056861562,27.0,834.4861111111115,interpolation,0 days 00:00:23.213000,23.213,3177.741,0.0
2023-11-25 14:37:57.845,0 days 00:52:57.841000,1352.863581409295,11291.872155018043,-216.8036193253044,OnTrack,163.0,11988.0,100.0,0.0,8,3,1500.6558333333326,0.2865131489451138,27.0,838.5111111111116,interpolation,0 days 00:00:23.313000,23.313,3177.841,0.0
2023-11-25 14:37:57.945,0 days 00:52:57.941000,1327.0,11219.0,-219.0,OnTrack,167.25,11726.75,100.0,0.0,8,3,1505.4785029512227,0.2874339185365492,27.0,842.5666666666672,interpolation,0 days 00:00:23.413000,23.413,3177.941,0.0
2023-11-25 14:37:58.045,0 days 00:52:58.041000,1311.4808672494378,11173.278121730938,-220.2579931289938,OnTrack,171.5,11465.5,100.0,0.0,8,3,1510.6569469810206,0.2884226144604627,27.0,846.6222222222227,interpolation,0 days 00:00:23.513000,23.513,3178.041,0.0
2023-11-25 14:37:58.145,0 days 00:52:58.141000,1304.8088607435402,11150.785956322012,-220.69328534519883,OnTrack,175.75,11204.25,100.0,0.0,8,3,1515.8348341869746,0.2894112040726225,27.0,850.6777777777783,interpolation,0 days 00:00:23.613000,23.613,3178.141,0.0
2023-11-25 14:37:58.245,0 days 00:52:58.241000,1298.0,11128.0,-221.0,OnTrack,180.0,10943.0,100.0,0.0,8,3,1520.6558333333326,0.2903316547287977,27.0,854.7333333333338,interpolation,0 days 00:00:23.713000,23.713,3178.241,0.0
2023-11-25 14:37:58.345,0 days 00:52:58.341000,1289.5569472720897,11100.999648729276,-221.29382491094765,OnTrack,180.0,11070.25,100.0,0.0,8,4,1525.1199444200945,0.2911839664289881,27.0,858.3981250000005,interpolation,0 days 00:00:23.813000,23.813,3178.341,0.0
2023-11-25 14:37:58.445,0 days 00:52:58.441000,1278.3943359814186,11066.078694154729,-221.70333768344267,OnTrack,180.0,11197.5,100.0,0.0,8,4,1529.22716744726,0.2919681391731936,27.0,862.0629166666672,interpolation,0 days 00:00:23.913000,23.913,3178.441,0.0
2023-11-25 14:37:58.545,0 days 00:52:58.541000,1258.0,11001.0,-223.0,OnTrack,180.0,11324.75,100.0,0.0,8,4,1533.5362234174618,0.2927908469304153,27.0,865.7277083333339,interpolation,0 days 00:00:24.013000,24.013,3178.541,0.0
2023-11-25 14:37:58.645,0 days 00:52:58.641000,1230.0,10911.0,-225.0,OnTrack,180.0,11452.0,100.0,0.0,8,4,1538.6058333333324,0.2937587636696539,27.0,869.3925000000006,car,0 days 00:00:24.113000,24.113,3178.641,0.0
2023-11-25 14:37:58.745,0 days 00:52:58.741000,1210.6627495057585,10849.734044270688,-225.82901838361863,OnTrack,187.0,11614.0,100.0,0.0,8,4,1544.435997194871,0.2948718893909094,27.0,873.0962037037042,interpolation,0 days 00:00:24.213000,24.213,3178.741,0.0
2023-11-25 14:37:58.845,0 days 00:52:58.841000,1197.0,10807.0,-226.0,OnTrack,194.0,11776.0,100.0,0.0,8,4,1550.814993528854,0.29608980111068,27.0,876.7999074074079,interpolation,0 days 00:00:24.313000,24.313,3178.841,0.0
2023-11-25 14:37:58.945,0 days 00:52:58.941000,1183.3121145937484,10763.653221809043,-226.3382746488424,OnTrack,201.0,11938.0,100.0,0.0,8,4,1556.4724999999992,0.2971699621697449,27.0,880.5036111111115,interpolation,0 days 00:00:24.413000,24.413,3178.941,0.0
2023-11-25 14:37:59.045,0 days 00:52:59.041000,1169.5990932870045,10719.693709697818,-226.843842330146,OnTrack,203.0,11599.0,100.0,0.0,8,4,1561.1967973030987,0.2980719499985313,27.0,883.6406481481486,interpolation,0 days 00:00:24.513000,24.513,3179.041,0.0
2023-11-25 14:37:59.145,0 days 00:52:59.141000,1155.0865253367576,10673.137342737682,-227.4274888463765,OnTrack,205.0,11260.0,100.0,0.0,8,4,1565.5130764893652,0.2988960368503689,27.0,886.7776851851856,interpolation,0 days 00:00:24.613000,24.613,3179.141,0.0
2023-11-25 14:37:59.245,0 days 00:52:59.241000,1139.0,10622.0,-228.0,OnTrack,207.0,10921.0,100.0,0.0,8,5,1572.5724999999993,0.3002438593256104,27.0,889.9147222222227,car,0 days 00:00:24.713000,24.713,3179.241,0.0
2023-11-25 14:37:59.345,0 days 00:52:59.341000,1121.3395172767302,10566.281681484768,-228.5613757910164,OnTrack,216.0,11180.0,100.0,0.0,8,5,1582.1724999999992,0.3020767421017787,27.0,894.8036111111114,interpolation,0 days 00:00:24.813000,24.813,3179.341,0.0
2023-11-25 14:37:59.445,0 days 00:52:59.441000,1103.0,10508.0,-229.0,OnTrack,218.75,11284.5,100.0,0.0,8,5,1589.946468547182,0.3035609892947585,27.0,897.2036111111113,interpolation,0 days 00:00:24.913000,24.913,3179.441,0.0
2023-11-25 14:37:59.545,0 days 00:52:59.541000,1084.8763710028602,10449.172568353715,-229.20425640752535,OnTrack,221.5,11389.0,100.0,0.0,8,5,1595.1666339250062,0.3045576508791089,27.0,899.6036111111113,interpolation,0 days 00:00:25.013000,25.013,3179.541,0.0
2023-11-25 14:37:59.645,0 days 00:52:59.641000,1067.0,10391.0,-229.0,OnTrack,224.25,11493.5,100.0,0.0,8,5,1599.5647323403268,0.3053973590909145,27.0,902.0036111111112,interpolation,0 days 00:00:25.113000,25.113,3179.641,0.0
2023-11-25 14:37:59.745,0 days 00:52:59.741000,1049.4022567061088,10334.682908392942,-228.21308576383137,OnTrack,227.0,11598.0,100.0,0.0,8,5,1604.8724999999993,0.3064107461662599,27.0,904.4036111111112,interpolation,0 days 00:00:25.213000,25.213,3179.741,0.0
2023-11-25 14:37:59.845,0 days 00:52:59.841000,1029.0,10270.0,-227.0,OnTrack,228.0,11598.0,100.0,0.0,8,5,1611.0899369040235,0.3075978121051452,27.0,906.5980555555556,interpolation,0 days 00:00:25.313000,25.313,3179.841,0.0
2023-11-25 14:37:59.945,0 days 00:52:59.941000,1002.710088760486,10186.729981288632,-225.51722900948653,OnTrack,229.0,11598.0,100.0,0.0,8,5,1617.5947222222214,0.3088397401231032,27.0,908.7925000000002,interpolation,0 days 00:00:25.413000,25.413,3179.941,0.0
2023-11-25 14:38:00.045,0 days 00:53:00.041000,975.0,10099.0,-224.0,OnTrack,229.0,11490.5,100.0,0.0,8,5,1623.7645351244169,0.3100177134356672,27.0,910.5425000000004,interpolation,0 days 00:00:25.513000,25.513,3180.041,0.0
2023-11-25 14:38:00.145,0 days 00:53:00.141000,950.3372107309752,10020.937203875264,-222.68354017924972,OnTrack,229.0,11383.0,100.0,0.0,8,5,1630.3169444444436,0.3112687340799466,27.0,912.2925000000008,interpolation,0 days 00:00:25.613000,25.613,3180.141,0.0
2023-11-25 14:38:00.245,0 days 00:53:00.241000,928.7217209534116,9952.541592914422,-221.56784954723585,OnTrack,233.33333333333331,11229.333333333334,100.0,0.0,8,5,1637.9695190161374,0.3127298040930508,27.0,911.2925000000006,interpolation,0 days 00:00:25.713000,25.713,3180.241,0.0
2023-11-25 14:38:00.345,0 days 00:53:00.341000,911.2453706991424,9897.12518549637,-220.668234141604,OnTrack,237.66666666666663,11075.666666666666,100.0,0.0,8,5,1646.4935685678654,0.3143572607187349,27.0,910.2925000000006,interpolation,0 days 00:00:25.813000,25.813,3180.341,0.0
2023-11-25 14:38:00.445,0 days 00:53:00.441000,899.0,9858.0,-220.0,OnTrack,242.0,10922.0,100.0,0.0,8,5,1654.5169444444437,0.3158891260782041,27.0,909.2925000000004,interpolation,0 days 00:00:25.913000,25.913,3180.441,0.0
2023-11-25 14:38:00.545,0 days 00:53:00.541000,891.9856088559851,9835.166036425317,-219.563147122424,OnTrack,244.5,10976.5,100.0,0.0,8,6,1661.810954032439,0.3172817369681044,27.0,908.320277777778,interpolation,0 days 00:00:26.013000,26.013,3180.541,0.0
2023-11-25 14:38:00.645,0 days 00:53:00.641000,885.5744297784449,9815.026384468236,-219.2039432997655,OnTrack,247.0,11031.0,100.0,0.0,8,6,1668.239166666666,0.3185090453242317,27.0,907.3480555555554,interpolation,0 days 00:00:26.113000,26.113,3180.641,0.0
2023-11-25 14:38:00.745,0 days 00:53:00.741000,852.0,9716.0,-218.0,OnTrack,248.0,11031.0,100.0,0.0,8,6,1673.6651516819402,0.319545003082382,27.0,905.9258333333336,interpolation,0 days 00:00:26.213000,26.213,3180.741,0.0
2023-11-25 14:38:00.845,0 days 00:53:00.841000,794.0,9546.0,-216.0,OnTrack,249.0,11031.0,100.0,0.0,8,6,1679.3058333333329,0.32062195185787,27.0,904.5036111111116,interpolation,0 days 00:00:26.313000,26.313,3180.841,0.0
2023-11-25 14:38:00.945,0 days 00:53:00.941000,755.7666069935424,9434.085051997636,-214.41841755228492,OnTrack,250.5,11158.0,100.0,0.0,8,6,1686.3781358759134,0.3219722332660104,27.0,902.0036111111116,interpolation,0 days 00:00:26.413000,26.413,3180.941,0.0
2023-11-25 14:38:01.045,0 days 00:53:01.041000,744.6651461392169,9401.7648237846,-213.4576639959251,OnTrack,252.0,11285.0,100.0,0.0,8,6,1693.3058333333329,0.3232949059064487,27.0,899.5036111111115,interpolation,0 days 00:00:26.513000,26.513,3181.041,0.0
2023-11-25 14:38:01.145,0 days 00:53:01.141000,754.3295492529704,9430.504492964532,-213.10572431313508,OnTrack,254.0,11285.0,100.0,0.0,8,6,1698.512699729239,0.3242890283788306,27.0,896.748055555556,interpolation,0 days 00:00:26.613000,26.613,3181.141,0.0
2023-11-25 14:38:01.245,0 days 00:53:01.241000,746.5632116642064,9409.094555767637,-213.2905080281,OnTrack,256.0,11285.0,100.0,0.0,14,6,1704.6836111111104,0.3254672114189444,27.0,893.9925000000005,car,0 days 00:00:26.713000,26.713,3181.241,1.0
2023-11-25 14:38:01.345,0 days 00:53:01.341000,715.0,9319.0,-214.0,OnTrack,258.5,11473.5,100.0,0.0,14,6,1714.5034435264238,0.3273420657625785,27.0,888.275833333334,interpolation,0 days 00:00:26.813000,26.813,3181.341,1.0
2023-11-25 14:38:01.445,0 days 00:53:01.441000,670.0,9190.0,-215.0,OnTrack,261.0,11662.0,100.0,0.0,14,6,1724.98361111111,0.3293429947893835,27.0,882.5591666666676,interpolation,0 days 00:00:26.913000,26.913,3181.441,1.0
2023-11-25 14:38:01.545,0 days 00:53:01.541000,663.0,9170.0,-215.0,OnTrack,263.25,11428.25,100.0,0.0,14,6,1733.1355280011014,0.3308994018790105,27.0,878.3091666666676,interpolation,0 days 00:00:27.013000,27.013,3181.541,1.0
2023-11-25 14:38:01.645,0 days 00:53:01.641000,640.0192031805921,9104.165802275307,-214.45392259435624,OnTrack,265.5,11194.5,100.0,0.0,14,6,1738.9591941963977,0.3320112870314597,27.0,874.0591666666675,interpolation,0 days 00:00:27.113000,27.113,3181.641,1.0
2023-11-25 14:38:01.745,0 days 00:53:01.741000,595.3402230117672,8976.09637711661,-213.58005502745075,OnTrack,267.75,10960.75,100.0,0.0,14,6,1744.5450688490498,0.3330777717648641,27.0,869.8091666666674,interpolation,0 days 00:00:27.213000,27.213,3181.741,1.0
2023-11-25 14:38:01.845,0 days 00:53:01.841000,559.0,8872.0,-213.0,OnTrack,270.0,10727.0,100.0,0.0,14,6,1751.9836111111103,0.3344979775973568,27.0,865.5591666666674,interpolation,0 days 00:00:27.313000,27.313,3181.841,1.0
2023-11-25 14:38:01.945,0 days 00:53:01.941000,536.0047165279364,8806.24479040268,-212.81735849255864,OnTrack,272.0,10782.5,100.0,0.0,12,7,1761.2748209825784,0.3362719045289378,27.0,859.4337500000007,interpolation,0 days 00:00:27.413000,27.413,3181.941,1.0
2023-11-25 14:38:02.045,0 days 00:53:02.041000,524.0155903677912,8772.079850418786,-212.96053958990785,OnTrack,274.0,10838.0,100.0,0.0,12,7,1770.326388888888,0.3380000777490204,27.0,853.3083333333341,interpolation,0 days 00:00:27.513000,27.513,3182.041,1.0
2023-11-25 14:38:02.145,0 days 00:53:02.141000,509.0,8729.0,-213.0,OnTrack,275.5,10920.0,100.0,0.0,12,7,1777.046005255475,0.3392830224470178,27.0,849.108333333334,interpolation,0 days 00:00:27.613000,27.613,3182.141,1.0
2023-11-25 14:38:02.245,0 days 00:53:02.241000,488.6191871457855,8670.2544103693,-212.86414954070375,OnTrack,277.0,11002.0,100.0,0.0,12,7,1782.6374999999991,0.340350580198088,27.0,844.908333333334,interpolation,0 days 00:00:27.713000,27.713,3182.241,1.0
2023-11-25 14:38:02.345,0 days 00:53:02.341000,462.8731518051475,8595.843081526686,-212.552988212019,OnTrack,277.6666666666667,11023.666666666666,100.0,0.0,12,7,1788.3047030401235,0.3414325925773893,27.0,839.7490740740748,interpolation,0 days 00:00:27.813000,27.813,3182.341,1.0
2023-11-25 14:38:02.445,0 days 00:53:02.441000,437.4405405619356,8522.760211920726,-212.46533277732465,OnTrack,278.3333333333333,11045.333333333334,100.0,0.0,12,7,1794.5444234041531,0.3426239129923202,27.0,834.5898148148156,interpolation,0 days 00:00:27.913000,27.913,3182.441,1.0
2023-11-25 14:38:02.545,0 days 00:53:02.541000,418.0,8468.0,-213.0,OnTrack,279.0,11067.0,100.0,0.0,12,7,1804.337499999999,0.344493658973385,27.0,829.4305555555563,interpolation,0 days 00:00:28.013000,28.013,3182.541,1.0
2023-11-25 14:38:02.645,0 days 00:53:02.641000,402.0,8424.0,-214.0,OnTrack,283.0,11188.0,100.0,0.0,12,7,1816.9152777777767,0.3468950748329018,27.0,820.2305555555563,pos,0 days 00:00:28.113000,28.113,3182.641,1.0
2023-11-25 14:38:02.745,0 days 00:53:02.741000,374.1314382286297,8345.385769651217,-214.52339831976732,OnTrack,284.5,11225.5,100.0,0.0,12,7,1824.6850416668983,0.3483785192503252,27.0,815.5416666666674,interpolation,0 days 00:00:28.213000,28.213,3182.741,1.0
2023-11-25 14:38:02.845,0 days 00:53:02.841000,335.49458789251145,8235.080808316397,-214.4499373565129,OnTrack,286.0,11263.0,100.0,0.0,12,7,1829.626388888888,0.3493219473976431,27.0,810.8527777777786,interpolation,0 days 00:00:28.313000,28.313,3182.841,1.0
2023-11-25 14:38:02.945,0 days 00:53:02.941000,308.0,8156.0,-214.0,OnTrack,286.5,11263.0,100.0,0.0,12,7,1834.984362697928,0.3503449200965753,27.0,806.075000000001,interpolation,0 days 00:00:28.413000,28.413,3182.941,1.0
2023-11-25 14:38:03.045,0 days 00:53:03.041000,295.29941435551655,8118.629105015495,-213.2103165437962,OnTrack,287.0,11263.0,100.0,0.0,12,7,1842.3819444444437,0.3517573055307926,27.0,801.2972222222234,interpolation,0 days 00:00:28.513000,28.513,3183.041,1.0
2023-11-25 14:38:03.145,0 days 00:53:03.141000,261.0,8020.0,-213.0,OnTrack,289.0,11338.0,100.0,0.0,12,7,1853.442115478862,0.3538689718839656,27.0,792.8972222222231,interpolation,0 days 00:00:28.613000,28.613,3183.141,1.0
2023-11-25 14:38:03.245,0 days 00:53:03.241000,181.0,7792.0,-214.0,OnTrack,291.0,11413.0,100.0,0.0,12,7,1865.0152777777769,0.3560785812426615,27.0,784.497222222223,interpolation,0 days 00:00:28.713000,28.713,3183.241,1.0
2023-11-25 14:38:03.345,0 days 00:53:03.341000,129.04548092867265,7643.760664716268,-214.48134511188476,OnTrack,291.5,11483.0,100.0,0.0,12,7,1873.9518333177807,0.3577847956934474,27.0,778.5527777777786,interpolation,0 days 00:00:28.813000,28.813,3183.341,1.0
2023-11-25 14:38:03.445,0 days 00:53:03.441000,117.4273909516746,7610.137075640307,-214.1558749057221,OnTrack,292.0,11553.0,100.0,0.0,12,7,1881.237499999999,0.3591758137116496,27.0,772.6083333333343,interpolation,0 days 00:00:28.913000,28.913,3183.441,1.0
2023-11-25 14:38:03.545,0 days 00:53:03.541000,121.59560549883923,7621.444948744192,-213.5024672466984,OnTrack,293.5,11503.0,100.0,0.0,12,7,1887.857995725556,0.3604398337725943,27.0,767.8305555555565,interpolation,0 days 00:00:29.013000,29.013,3183.541,1.0
2023-11-25 14:38:03.645,0 days 00:53:03.641000,117.0,7608.0,-213.0,OnTrack,295.0,11453.0,100.0,0.0,12,7,1894.34861111111,0.3616790563920645,27.0,763.0527777777788,interpolation,0 days 00:00:29.113000,29.113,3183.641,1.0
2023-11-25 14:38:03.745,0 days 00:53:03.741000,103.64057445515688,7569.802229407731,-212.64847316562697,OnTrack,295.6666666666667,11204.666666666666,100.0,0.0,12,7,1901.24463677332,0.3629956820858434,27.0,757.6861111111122,interpolation,0 days 00:00:29.213000,29.213,3183.741,1.0
2023-11-25 14:38:03.845,0 days 00:53:03.841000,81.00285341629976,7505.390718349804,-212.51474911248457,OnTrack,296.3333333333333,10956.333333333334,100.0,0.0,12,7,1908.6789278527065,0.364415076260055,27.0,752.3194444444454,interpolation,0 days 00:00:29.313000,29.313,3183.841,1.0
2023-11-25 14:38:03.945,0 days 00:53:03.941000,46.0,7406.0,-213.0,OnTrack,297.0,10708.0,100.0,0.0,12,7,1917.4486111111105,0.3660894305722194,27.0,746.9527777777787,interpolation,0 days 00:00:29.413000,29.413,3183.941,1.0
2023-11-25 14:38:04.045,0 days 00:53:04.041000,2.0,7281.0,-214.0,OnTrack,298.0,10652.0,100.0,0.0,12,8,1927.686540328624,0.3680441101687206,27.0,740.2861111111121,interpolation,0 days 00:00:29.513000,29.513,3184.041,1.0
2023-11-25 14:38:04.145,0 days 00:53:04.141000,-27.702530011035684,7195.375361425013,-214.48822929380464,OnTrack,299.0,10596.0,100.0,0.0,12,8,1937.3819444444437,0.369895208003291,27.0,733.6194444444454,interpolation,0 days 00:00:29.613000,29.613,3184.141,1.0
2023-11-25 14:38:04.245,0 days 00:53:04.241000,-43.162083763197664,7149.096285182863,-214.3584780666637,OnTrack,300.0,10632.0,100.0,0.0,12,8,1944.5240523977648,0.3712588170296636,27.0,729.1527777777787,interpolation,0 days 00:00:29.713000,29.713,3184.241,1.0
2023-11-25 14:38:04.345,0 days 00:53:04.341000,-68.0,7077.0,-214.0,OnTrack,301.0,10668.0,100.0,0.0,12,8,1950.7597222222207,0.3724493640941551,27.0,724.686111111112,interpolation,0 days 00:00:29.813000,29.813,3184.341,1.0
2023-11-25 14:38:04.445,0 days 00:53:04.441000,-106.15314835518704,6968.226099602974,-213.4776703752214,OnTrack,301.5,10676.5,100.0,0.0,12,8,1957.7358119514447,0.3737812760430821,27.0,719.0472222222231,interpolation,0 days 00:00:29.913000,29.913,3184.441,1.0
2023-11-25 14:38:04.545,0 days 00:53:04.541000,-146.0,6855.0,-213.0,OnTrack,302.0,10685.0,100.0,0.0,12,8,1967.537499999999,0.3756526661682455,27.0,713.4083333333342,interpolation,0 days 00:00:30.013000,30.013,3184.541,1.0
2023-11-25 14:38:04.645,0 days 00:53:04.641000,-175.91902610568008,6769.547117199301,-212.7754996820078,OnTrack,304.0,10753.0,100.0,0.0,12,8,1981.0486111111104,0.3782322789643341,27.0,704.1638888888899,interpolation,0 days 00:00:30.113000,30.113,3184.641,1.0
2023-11-25 14:38:04.745,0 days 00:53:04.741000,-195.9102266722274,6711.867451200879,-212.8041694212448,OnTrack,304.25,10778.0,100.0,0.0,12,8,1991.0610601622257,0.3801439086948604,27.0,699.4305555555566,interpolation,0 days 00:00:30.213000,30.213,3184.741,1.0
2023-11-25 14:38:04.845,0 days 00:53:04.841000,-213.19631390266093,6661.754059602016,-212.93075444985945,OnTrack,304.5,10803.0,100.0,0.0,12,8,1996.3735057838087,0.3811581889114365,27.0,694.6972222222233,interpolation,0 days 00:00:30.313000,30.313,3184.841,1.0
2023-11-25 14:38:04.945,0 days 00:53:04.941000,-235.0,6599.0,-213.0,OnTrack,304.75,10828.0,100.0,0.0,12,8,2000.8012818468208,0.3820035633367097,27.0,689.9638888888901,interpolation,0 days 00:00:30.413000,30.413,3184.941,1.0
2023-11-25 14:38:05.045,0 days 00:53:05.041000,-261.3212849642445,6523.605272394831,-213.01190607166652,OnTrack,305.0,10853.0,100.0,0.0,12,8,2008.1597222222213,0.3834084756933278,27.0,685.2305555555567,interpolation,0 days 00:00:30.513000,30.513,3185.041,1.0
2023-11-25 14:38:05.145,0 days 00:53:05.141000,-297.0,6422.0,-213.0,OnTrack,307.0,10890.5,100.0,0.0,12,8,2018.4488269100111,0.3853729259812906,27.0,678.0305555555566,interpolation,0 days 00:00:30.613000,30.613,3185.141,1.0
2023-11-25 14:38:05.245,0 days 00:53:05.241000,-346.87597631187225,6280.614306029007,-212.99780912014137,OnTrack,309.0,10928.0,100.0,0.0,12,8,2028.7597222222212,0.3873415366505223,27.0,670.8305555555564,interpolation,0 days 00:00:30.713000,30.713,3185.241,1.0
2023-11-25 14:38:05.345,0 days 00:53:05.341000,-394.0,6147.0,-213.0,OnTrack,309.0,10938.0,100.0,0.0,12,8,2036.1835344708843,0.3887589301509474,27.0,666.1268055555566,interpolation,0 days 00:00:30.813000,30.813,3185.341,1.0
2023-11-25 14:38:05.445,0 days 00:53:05.441000,-421.4228571645221,6068.708891431132,-213.0012392074852,OnTrack,309.0,10948.0,100.0,0.0,12,8,2042.4072222222208,0.3899471895346635,27.0,661.4230555555569,car,0 days 00:00:30.913000,30.913,3185.441,1.0
2023-11-25 14:38:05.545,0 days 00:53:05.541000,-429.1445478054387,6045.740980322403,-213.0015267425971,OnTrack,309.75,10967.0,100.0,0.0,12,8,2049.117744042454,0.3912283978537683,27.0,655.6175000000013,interpolation,0 days 00:00:31.013000,31.013,3185.541,1.0
2023-11-25 14:38:05.645,0 days 00:53:05.641000,-434.7939645436359,6028.652579052472,-213.00105090641037,OnTrack,310.5,10986.0,100.0,0.0,12,8,2056.315099931583,0.3926025551082618,27.0,649.8119444444458,interpolation,0 days 00:00:31.113000,31.113,3185.641,1.0
2023-11-25 14:38:05.745,0 days 00:53:05.741000,-456.0,5968.0,-213.0,OnTrack,311.25,11005.0,100.0,0.0,12,8,2065.2251836326977,0.3943037154155525,27.0,644.0063888888902,interpolation,0 days 00:00:31.213000,31.213,3185.741,1.0
2023-11-25 14:38:05.845,0 days 00:53:05.841000,-492.7626541745309,5863.783243164988,-212.99837402336595,OnTrack,312.0,11024.0,100.0,0.0,12,8,2077.073888888888,0.3965659328930488,27.0,638.2008333333347,car,0 days 00:00:31.313000,31.313,3185.841,1.0
2023-11-25 14:38:05.945,0 days 00:53:05.941000,-531.0,5755.0,-213.0,OnTrack,312.0,11050.0,100.0,0.0,12,8,2090.9405555555545,0.399213430236403,27.0,629.4008333333345,interpolation,0 days 00:00:31.413000,31.413,3185.941,1.0
2023-11-25 14:38:06.045,0 days 00:53:06.041000,-556.630110409179,5680.647961957609,-213.008704953394,OnTrack,312.6666666666667,11063.333333333334,100.0,0.0,12,8,2101.301194482332,0.401191538219631,27.0,624.4489814814825,interpolation,0 days 00:00:31.513000,31.513,3186.041,1.0
2023-11-25 14:38:06.145,0 days 00:53:06.141000,-576.0,5624.0,-213.0,OnTrack,313.3333333333333,11076.666666666666,100.0,0.0,12,8,2107.9707332948515,0.4024649218461364,27.0,619.4971296296306,interpolation,0 days 00:00:31.613000,31.613,3186.141,1.0
2023-11-25 14:38:06.245,0 days 00:53:06.241000,-595.4566833703955,5568.328985089365,-212.9493962562702,OnTrack,314.0,11090.0,100.0,0.0,12,8,2115.362777777777,0.4038762500767015,27.0,614.5452777777787,interpolation,0 days 00:00:31.713000,31.713,3186.241,1.0
2023-11-25 14:38:06.345,0 days 00:53:06.341000,-622.0,5493.0,-213.0,OnTrack,314.5,11114.5,100.0,0.0,12,8,2124.2129326615027,0.4055659684572017,27.0,609.4619444444454,interpolation,0 days 00:00:31.813000,31.813,3186.341,1.0
2023-11-25 14:38:06.445,0 days 00:53:06.441000,-662.6297893684482,5377.378127506207,-213.2949175089848,OnTrack,315.0,11139.0,100.0,0.0,12,8,2132.862777777777,0.4072174426374249,27.0,604.3786111111121,interpolation,0 days 00:00:31.913000,31.913,3186.441,1.0
2023-11-25 14:38:06.545,0 days 00:53:06.541000,-714.5517514223309,5229.434927031041,-213.76551637052185,OnTrack,315.0,11114.5,100.0,0.0,12,8,2139.6538929583503,0.408514038267159,27.0,600.6008333333343,interpolation,0 days 00:00:32.013000,32.013,3186.541,1.0
2023-11-25 14:38:06.645,0 days 00:53:06.641000,-761.0,5097.0,-214.0,OnTrack,315.0,11090.0,100.0,0.0,12,8,2146.862777777777,0.4098903966860036,27.0,596.8230555555565,car,0 days 00:00:32.113000,32.113,3186.641,1.0
2023-11-25 14:38:06.745,0 days 00:53:06.741000,-799.1802064342671,4988.0449874653295,-213.92973528191712,OnTrack,315.5,11119.0,100.0,0.0,12,8,2156.76593181061,0.4117811592335578,27.0,591.3897222222231,interpolation,0 days 00:00:32.213000,32.213,3186.741,1.0
2023-11-25 14:38:06.845,0 days 00:53:06.841000,-829.0923707251322,4902.569889427028,-213.55472221627315,OnTrack,316.0,11148.0,100.0,0.0,12,8,2167.929444444444,0.413912556111484,27.0,585.9563888888897,interpolation,0 days 00:00:32.313000,32.313,3186.841,1.0
2023-11-25 14:38:06.945,0 days 00:53:06.941000,-853.9583496534314,4831.309846675211,-213.15234804249263,OnTrack,316.5,11157.5,100.0,0.0,12,8,2178.919405066874,0.4160108175214443,27.0,581.0230555555563,interpolation,0 days 00:00:32.413000,32.413,3186.941,1.0
2023-11-25 14:38:07.045,0 days 00:53:07.041000,-877.0,4765.0,-213.0,OnTrack,317.0,11167.0,100.0,0.0,12,8,2189.0627777777777,0.4179474438895767,27.0,576.0897222222229,interpolation,0 days 00:00:32.513000,32.513,3187.041,1.0
2023-11-25 14:38:07.145,0 days 00:53:07.141000,-898.2173217648384,4703.640349401392,-213.09767808879525,OnTrack,317.25,11186.75,100.0,0.0,12,8,2197.686526677034,0.4195939356420193,27.0,572.6897222222229,interpolation,0 days 00:00:32.613000,32.613,3187.141,1.0
2023-11-25 14:38:07.245,0 days 00:53:07.241000,-917.6103149479464,4647.230894879387,-213.4453823088784,OnTrack,317.5,11206.5,100.0,0.0,12,8,2204.7906517646456,0.420950292778772,27.0,569.289722222223,interpolation,0 days 00:00:32.713000,32.713,3187.241,1.0
2023-11-25 14:38:07.345,0 days 00:53:07.341000,-936.9481506570816,4591.4559929176885,-213.82039537452235,OnTrack,317.75,11226.25,100.0,0.0,12,8,2211.9808398588225,0.4223230815199414,27.0,565.889722222223,interpolation,0 days 00:00:32.813000,32.813,3187.341,1.0
2023-11-25 14:38:07.445,0 days 00:53:07.441000,-958.0,4532.0,-214.0,OnTrack,318.0,11246.0,100.0,0.0,12,8,2220.8627777777774,0.424018868085634,27.0,562.489722222223,interpolation,0 days 00:00:32.913000,32.913,3187.441,1.0
2023-11-25 14:38:07.545,0 days 00:53:07.541000,-982.0,4465.0,-214.0,OnTrack,318.5,11251.5,100.0,0.0,12,8,2231.436465521512,0.4260376524758499,27.0,558.289722222223,interpolation,0 days 00:00:33.013000,33.013,3187.541,1.0
2023-11-25 14:38:07.645,0 days 00:53:07.641000,-1016.3530107096866,4367.278377490574,-213.9152187481495,OnTrack,319.0,11257.0,100.0,0.0,12,8,2242.129444444444,0.4280792125689512,27.0,554.0897222222229,interpolation,0 days 00:00:33.113000,33.113,3187.641,1.0
2023-11-25 14:38:07.745,0 days 00:53:07.741000,-1052.0,4265.0,-214.0,OnTrack,319.5,11274.25,100.0,0.0,12,8,2251.369255900994,0.4298433262433005,27.0,551.0897222222229,interpolation,0 days 00:00:33.213000,33.213,3187.741,1.0
2023-11-25 14:38:07.845,0 days 00:53:07.841000,-1078.6477860809564,4188.1926907393445,-214.4928835345825,OnTrack,320.0,11291.5,100.0,0.0,12,8,2259.1558998911623,0.4313299934988978,27.0,548.0897222222229,interpolation,0 days 00:00:33.313000,33.313,3187.841,1.0
2023-11-25 14:38:07.945,0 days 00:53:07.941000,-1098.19127930515,4131.524103808877,-215.31576323495085,OnTrack,320.5,11308.75,100.0,0.0,12,8,2266.454316157972,0.432723445735225,27.0,545.0897222222229,interpolation,0 days 00:00:33.413000,33.413,3187.941,1.0
2023-11-25 14:38:08.045,0 days 00:53:08.041000,-1122.0,4063.0,-216.0,OnTrack,321.0,11326.0,100.0,0.0,12,8,2274.229444444444,0.4342079143517638,27.0,542.0897222222229,interpolation,0 days 00:00:33.513000,33.513,3188.041,1.0
2023-11-25 14:38:08.145,0 days 00:53:08.141000,-1151.9688779220826,3977.2879788094833,-216.46748691297307,OnTrack,321.3333333333333,11324.666666666666,100.0,0.0,12,8,2282.48128475058,0.4357833993485146,27.0,539.2897222222228,interpolation,0 days 00:00:33.613000,33.613,3188.141,1.0
2023-11-25 14:38:08.245,0 days 00:53:08.241000,-1187.0,3878.0,-217.0,OnTrack,321.6666666666667,11323.333333333334,100.0,0.0,12,8,2291.0830352510125,0.4374256910503,27.0,536.4897222222229,interpolation,0 days 00:00:33.713000,33.713,3188.241,1.0
2023-11-25 14:38:08.345,0 days 00:53:08.341000,-1225.9954531623548,3768.748023334222,-217.8793152872108,OnTrack,322.0,11322.0,100.0,0.0,12,8,2299.2738888888885,0.4389895321497769,27.0,533.6897222222228,interpolation,0 days 00:00:33.813000,33.813,3188.341,1.0
2023-11-25 14:38:08.445,0 days 00:53:08.441000,-1259.0,3677.0,-219.0,OnTrack,322.0,11327.0,100.0,0.0,12,8,2306.927045137286,0.4404507132196739,27.0,531.0098148148155,interpolation,0 days 00:00:33.913000,33.913,3188.441,1.0
2023-11-25 14:38:08.545,0 days 00:53:08.541000,-1276.0584031037884,3630.223881185181,-220.2566213637623,OnTrack,322.0,11332.0,100.0,0.0,12,8,2314.463337261104,0.4418895819727903,27.0,528.3299074074083,interpolation,0 days 00:00:34.013000,34.013,3188.541,1.0
2023-11-25 14:38:08.645,0 days 00:53:08.641000,-1296.0,3576.0,-222.0,OnTrack,322.0,11337.0,100.0,0.0,12,8,2324.407777777777,0.4437882271542113,27.0,525.650000000001,interpolation,0 days 00:00:34.113000,34.113,3188.641,1.0
2023-11-25 14:38:08.745,0 days 00:53:08.741000,-1337.6541282149142,3461.908689554692,-224.5809565302155,OnTrack,323.0,11366.0,100.0,0.0,12,8,2337.181204261561,0.4462269972995007,27.0,521.7611111111121,interpolation,0 days 00:00:34.213000,34.213,3188.741,1.0
2023-11-25 14:38:08.845,0 days 00:53:08.841000,-1382.0,3340.0,-227.0,OnTrack,324.0,11395.0,100.0,0.0,12,8,2349.6077777777773,0.448599544441653,27.0,517.8722222222232,interpolation,0 days 00:00:34.313000,34.313,3188.841,1.0
2023-11-25 14:38:08.945,0 days 00:53:08.941000,-1410.0168276067257,3262.323981486668,-228.25763945494472,OnTrack,324.0,11400.5,100.0,0.0,12,8,2358.511659391748,0.4502995206136621,27.0,515.9388888888898,interpolation,0 days 00:00:34.413000,34.413,3188.941,1.0
2023-11-25 14:38:09.045,0 days 00:53:09.041000,-1431.0,3204.0,-229.0,OnTrack,324.0,11406.0,100.0,0.0,12,8,2363.892849103472,0.4513269258155281,27.0,514.0055555555564,interpolation,0 days 00:00:34.513000,34.513,3189.041,1.0
2023-11-25 14:38:09.145,0 days 00:53:09.141000,-1454.2449061447303,3140.147421525301,-229.87320674011625,OnTrack,324.0,11411.5,100.0,0.0,12,8,2369.331503152349,0.4523653024125826,27.0,512.072222222223,interpolation,0 days 00:00:34.613000,34.613,3189.141,1.0
2023-11-25 14:38:09.245,0 days 00:53:09.241000,-1480.13822295093,3069.559967099397,-230.87590869228964,OnTrack,324.0,11417.0,100.0,0.0,12,8,2378.407777777777,0.4540981927701578,27.0,510.1388888888896,interpolation,0 days 00:00:34.713000,34.713,3189.241,1.0
2023-11-25 14:38:09.345,0 days 00:53:09.341000,-1511.0,2985.0,-232.0,OnTrack,324.5,11422.0,100.0,0.0,12,8,2391.121672979757,0.4565255968882534,27.0,506.9888888888895,pos,0 days 00:00:34.813000,34.813,3189.341,1.0
2023-11-25 14:38:09.445,0 days 00:53:09.441000,-1547.2169102424018,2885.261253616168,-233.2441296940776,OnTrack,325.0,11427.0,100.0,0.0,12,8,2403.6855555555558,0.4589243598023139,27.0,503.8388888888894,interpolation,0 days 00:00:34.913000,34.913,3189.441,1.0
2023-11-25 14:38:09.545,0 days 00:53:09.541000,-1579.0,2798.0,-234.0,OnTrack,325.0,11435.666666666666,100.0,0.0,12,8,2412.311792302437,0.4605713265477836,27.0,502.15000000000055,interpolation,0 days 00:00:35.013000,35.013,3189.541,1.0
2023-11-25 14:38:09.645,0 days 00:53:09.641000,-1604.0,2730.0,-234.0,OnTrack,325.0,11444.333333333334,100.0,0.0,12,8,2417.8449298711976,0.4616277424381952,27.0,500.4611111111117,interpolation,0 days 00:00:35.113000,35.113,3189.641,1.0
2023-11-25 14:38:09.745,0 days 00:53:09.741000,-1659.0,2578.0,-235.0,OnTrack,325.0,11453.0,100.0,0.0,12,8,2425.3522222222223,0.4630610744013048,27.0,498.7722222222228,interpolation,0 days 00:00:35.213000,35.213,3189.741,1.0
2023-11-25 14:38:09.845,0 days 00:53:09.841000,-1704.3106381547043,2452.9674119722326,-235.61123230090547,OnTrack,325.0,11432.0,100.0,0.0,12,8,2435.678207358192,0.4650325660995014,27.0,496.4722222222231,interpolation,0 days 00:00:35.313000,35.313,3189.841,1.0
2023-11-25 14:38:09.945,0 days 00:53:09.941000,-1732.0770459025466,2376.875633327176,-235.5454535823766,OnTrack,325.0,11411.0,100.0,0.0,12,8,2447.0188888888883,0.4671977890002955,27.0,494.17222222222335,interpolation,0 days 00:00:35.413000,35.413,3189.941,1.0
2023-11-25 14:38:10.045,0 days 00:53:10.041000,-1753.5549306991156,2319.096038018531,-235.20694807265943,OnTrack,325.3333333333333,11437.0,100.0,0.0,12,8,2457.5702704240957,0.4692123145711977,27.0,492.2166666666676,interpolation,0 days 00:00:35.513000,35.513,3190.041,1.0
2023-11-25 14:38:10.145,0 days 00:53:10.141000,-1780.0,2249.0,-235.0,OnTrack,325.6666666666667,11463.0,100.0,0.0,12,8,2467.298077987315,0.4710695990433335,27.0,490.2611111111119,interpolation,0 days 00:00:35.613000,35.613,3190.141,1.0
2023-11-25 14:38:10.245,0 days 00:53:10.241000,-1811.4122538051995,2166.5875192715826,-234.92460936439835,OnTrack,326.0,11489.0,100.0,0.0,12,8,2475.996666666666,0.4727303796024331,27.0,488.3055555555561,interpolation,0 days 00:00:35.713000,35.713,3190.241,1.0
2023-11-25 14:38:10.345,0 days 00:53:10.341000,-1846.4429950595552,2075.212669975212,-234.96205396260763,OnTrack,326.0,11500.0,100.0,0.0,12,8,2483.631762134685,0.4741881124126135,27.0,486.9722222222228,interpolation,0 days 00:00:35.813000,35.813,3190.341,1.0
2023-11-25 14:38:10.445,0 days 00:53:10.441000,-1877.0,1995.0,-235.0,OnTrack,326.0,11511.0,100.0,0.0,12,8,2490.4276458861686,0.4754856184831277,27.0,485.6388888888894,pos,0 days 00:00:35.913000,35.913,3190.441,1.0
2023-11-25 14:38:10.545,0 days 00:53:10.541000,-1901.7345577606457,1929.3036178337752,-235.0197250816122,OnTrack,326.0,11522.0,100.0,0.0,12,8,2497.73,0.4768798225540362,27.0,484.3055555555561,interpolation,0 days 00:00:36.013000,36.013,3190.541,1.0
2023-11-25 14:38:10.645,0 days 00:53:10.641000,-1927.0,1860.0,-235.0,OnTrack,310.75,11141.0,75.0,0.0,10,8,2505.763103674345,0.4784135451961074,27.0,484.5805555555562,interpolation,0 days 00:00:36.113000,36.113,3190.641,1.0
2023-11-25 14:38:10.745,0 days 00:53:10.741000,-1959.1496583765716,1768.9656230221358,-234.91959554771896,OnTrack,295.5,10760.0,50.0,0.0,10,8,2514.526956909206,0.480086786409341,27.0,484.8555555555563,interpolation,0 days 00:00:36.213000,36.213,3190.741,1.0
2023-11-25 14:38:10.845,0 days 00:53:10.841000,-1998.1835328903596,1656.200486900183,-234.7785117247693,OnTrack,280.25,10379.0,25.0,0.0,10,8,2522.989553911685,0.4817025101892886,27.0,485.1305555555564,interpolation,0 days 00:00:36.313000,36.313,3190.841,1.0
2023-11-25 14:38:10.945,0 days 00:53:10.941000,-2034.875640958968,1549.3351073281387,-234.74817203943488,OnTrack,265.0,9998.0,0.0,0.0,10,8,2530.1188888888883,0.483063680531502,27.0,485.4055555555565,interpolation,0 days 00:00:36.413000,36.413,3190.941,1.0
2023-11-25 14:38:11.045,0 days 00:53:11.041000,-2060.0,1476.0,-235.0,OnTrack,257.5,10311.5,0.0,1.0,8,8,2535.914961840815,0.4841702974359813,27.0,485.983333333334,interpolation,0 days 00:00:36.513000,36.513,3191.041,0.0
2023-11-25 14:38:11.145,0 days 00:53:11.141000,-2073.556610013456,1436.1951649157668,-235.53399560646463,OnTrack,250.0,10625.0,0.0,1.0,8,8,2541.23,0.4851850726335486,27.0,486.5611111111116,interpolation,0 days 00:00:36.613000,36.613,3191.141,0.0
2023-11-25 14:38:11.245,0 days 00:53:11.241000,-2083.0,1408.0,-236.0,OnTrack,240.33333333333331,10585.333333333334,0.0,1.0,8,8,2546.9162305989785,0.4862707178550266,27.0,488.0907407407413,interpolation,0 days 00:00:36.713000,36.713,3191.241,0.0
2023-11-25 14:38:11.345,0 days 00:53:11.341000,-2095.7846989602995,1369.4939031772594,-236.0478543217773,OnTrack,230.66666666666663,10545.666666666666,0.0,1.0,8,8,2552.8643895409923,0.4874063718211443,27.0,489.6203703703709,interpolation,0 days 00:00:36.813000,36.813,3191.341,0.0
2023-11-25 14:38:11.445,0 days 00:53:11.441000,-2111.910706894353,1320.6768744475455,-235.67755857179657,OnTrack,221.0,10506.0,0.0,1.0,8,8,2558.4188888888884,0.4884668662154147,27.0,491.15000000000055,interpolation,0 days 00:00:36.913000,36.913,3191.441,0.0
2023-11-25 14:38:11.545,0 days 00:53:11.541000,-2129.33136138123,1264.271408494059,-235.21848353591747,OnTrack,208.5,10785.5,0.0,1.0,8,8,2563.4704634270383,0.4894313395449465,27.0,493.5666666666671,interpolation,0 days 00:00:37.013000,37.013,3191.541,0.0
2023-11-25 14:38:11.645,0 days 00:53:11.641000,-2146.0,1203.0,-235.0,OnTrack,196.0,11065.0,0.0,1.0,8,8,2569.307777777777,0.4905458304754204,27.0,495.9833333333336,interpolation,0 days 00:00:37.113000,37.113,3191.641,0.0
2023-11-25 14:38:11.745,0 days 00:53:11.741000,-2161.916622750661,1136.862648965368,-235.02210796404404,OnTrack,160.0,10645.0,0.0,1.0,8,7,2576.4188888888884,0.4919035214207302,27.0,501.5388888888892,interpolation,0 days 00:00:37.213000,37.213,3191.741,0.0
2023-11-25 14:38:11.845,0 days 00:53:11.841000,-2175.0,1078.0,-235.0,OnTrack,155.5,10505.0,0.0,1.0,8,6,2580.000126118305,0.4925872701743938,27.0,504.5611111111116,interpolation,0 days 00:00:37.313000,37.313,3191.841,0.0
2023-11-25 14:38:11.945,0 days 00:53:11.941000,-2183.168902114801,1038.5526977137326,-234.64886867981835,OnTrack,151.0,10365.0,0.0,1.0,8,6,2583.129999999999,0.4931848422503663,27.0,507.58333333333394,interpolation,0 days 00:00:37.413000,37.413,3191.941,0.0
2023-11-25 14:38:12.045,0 days 00:53:12.041000,-2186.423329095064,1018.5207421065654,-233.9687140034991,OnTrack,133.0,9671.0,0.0,1.0,8,4,2589.004166666666,0.4943063692199159,27.0,514.5175000000008,interpolation,0 days 00:00:37.513000,37.513,3192.041,0.0
2023-11-25 14:38:12.145,0 days 00:53:12.141000,-2187.9660915277955,998.4784154461156,-233.3042023254302,OnTrack,130.0,9675.0,0.0,1.0,8,3,2593.52182546989,0.4951689045333568,27.0,518.2952777777787,interpolation,0 days 00:00:37.613000,37.613,3192.141,0.0
2023-11-25 14:38:12.245,0 days 00:53:12.241000,-2191.0,959.0,-233.0,OnTrack,127.0,9679.0,0.0,1.0,8,3,2595.9995131342766,0.495641957767188,27.0,522.0730555555565,interpolation,0 days 00:00:37.713000,37.713,3192.241,0.0
2023-11-25 14:38:12.345,0 days 00:53:12.341000,-2195.0,905.0,-233.0,OnTrack,124.0,9683.0,0.0,1.0,8,3,2597.668416453748,0.4959605936160784,27.0,525.8508333333343,interpolation,0 days 00:00:37.813000,37.813,3192.341,0.0
2023-11-25 14:38:12.445,0 days 00:53:12.441000,-2196.815748328,865.9655918108903,-232.96755843856675,OnTrack,121.0,9687.0,0.0,1.0,8,2,2599.7597222222216,0.4963598767746969,27.0,529.6286111111121,car,0 days 00:00:37.913000,37.913,3192.441,0.0
2023-11-25 14:38:12.545,0 days 00:53:12.541000,-2196.1089277579613,843.8072052950102,-232.8313424519044,OnTrack,113.25,9172.25,0.0,1.0,8,2,2602.273430439699,0.4968398072430434,27.0,535.9536111111121,interpolation,0 days 00:00:38.013000,38.013,3192.541,0.0
2023-11-25 14:38:12.645,0 days 00:53:12.641000,-2194.0,820.5,-232.5,OnTrack,105.5,8657.5,0.0,1.0,8,2,2605.20954110618,0.4974003850211181,27.0,542.278611111112,interpolation,0 days 00:00:38.113000,38.113,3192.641,0.0
2023-11-25 14:38:12.745,0 days 00:53:12.741000,-2190.6757096285974,793.0398204692432,-231.95830566489764,OnTrack,97.75,8142.75,0.0,1.0,8,2,2608.170742330681,0.4979657532212386,27.0,548.603611111112,interpolation,0 days 00:00:38.213000,38.213,3192.741,0.0
2023-11-25 14:38:12.845,0 days 00:53:12.841000,-2186.1360566437534,761.4266667027398,-231.20625944659724,OnTrack,90.0,7628.0,0.0,1.0,8,2,2610.7597222222216,0.4984600549557231,27.0,554.9286111111119,interpolation,0 days 00:00:38.313000,38.313,3192.841,0.0
2023-11-25 14:38:12.945,0 days 00:53:12.941000,-2180.778375337032,729.9751795848665,-230.4760835049982,OnTrack,87.75,7478.25,0.0,1.0,8,2,2612.976480780801,0.4988832902245713,27.0,560.4286111111119,interpolation,0 days 00:00:38.413000,38.413,3192.941,0.0
2023-11-25 14:38:13.045,0 days 00:53:13.041000,-2175.0,703.0,-230.0,OnTrack,85.5,7328.5,0.0,1.0,8,2,2614.821018006418,0.4992354590277834,27.0,565.9286111111119,interpolation,0 days 00:00:38.513000,38.513,3193.041,0.0
2023-11-25 14:38:13.145,0 days 00:53:13.141000,-2168.800930632656,680.5011279481403,-229.77800893160247,OnTrack,83.25,7178.75,0.0,1.0,8,2,2616.659907339937,0.4995865495055633,27.0,571.4286111111119,interpolation,0 days 00:00:38.613000,38.613,3193.141,0.0
2023-11-25 14:38:13.245,0 days 00:53:13.241000,-2162.1811672349995,662.4785634292874,-229.81011029980576,OnTrack,81.0,7029.0,0.0,0.0,8,2,2618.859722222221,0.5000065497981151,27.0,576.9286111111119,car,0 days 00:00:38.713000,38.713,3193.241,0.0
2023-11-25 14:38:13.345,0 days 00:53:13.341000,-2154.4708202198435,646.9667171957909,-229.93715651810615,OnTrack,79.0,6772.5,0.0,0.0,8,2,2621.4204626532705,0.5004954599054388,27.0,584.4619444444454,interpolation,0 days 00:00:38.813000,38.813,3193.341,0.0
2023-11-25 14:38:13.445,0 days 00:53:13.441000,-2145.0,632.0,-230.0,OnTrack,77.0,6516.0,0.0,0.0,8,2,2623.9930555555547,0.5009866329492606,27.0,591.9952777777789,interpolation,0 days 00:00:38.913000,38.913,3193.441,0.0
2023-11-25 14:38:13.545,0 days 00:53:13.541000,-2133.768706575468,617.5784118419149,-229.99864074548725,OnTrack,76.5,6368.0,0.0,0.0,8,2,2626.2284278515453,0.5014134220513069,27.0,598.3563888888898,interpolation,0 days 00:00:39.013000,39.013,3193.541,0.0
2023-11-25 14:38:13.645,0 days 00:53:13.641000,-2120.885306970324,603.8829952685072,-229.95493282613603,OnTrack,76.0,6220.0,0.0,0.0,8,2,2628.215277777777,0.5017927619480382,27.0,604.7175000000007,interpolation,0 days 00:00:39.113000,39.113,3193.641,0.0
2023-11-25 14:38:13.745,0 days 00:53:13.741000,-2107.0,592.0,-230.0,OnTrack,74.0,6228.0,2.25,0.0,8,2,2630.042303570785,0.5021415873759152,27.0,610.6925000000006,interpolation,0 days 00:00:39.213000,39.213,3193.741,0.0
2023-11-25 14:38:13.845,0 days 00:53:13.841000,-2092.2211515789004,582.1104667294987,-230.15569611486268,OnTrack,72.0,6236.0,4.5,0.0,8,2,2631.709505230569,0.502459898334938,27.0,616.6675000000005,interpolation,0 days 00:00:39.313000,39.313,3193.841,0.0
2023-11-25 14:38:13.945,0 days 00:53:13.941000,-2075.5506728489163,574.4019741297867,-230.3332464551224,OnTrack,70.0,6244.0,6.75,0.0,8,2,2633.3295931639573,0.5027692140921238,27.0,622.6425000000004,interpolation,0 days 00:00:39.413000,39.413,3193.941,0.0
2023-11-25 14:38:14.045,0 days 00:53:14.041000,-2051.0,570.0,-230.0,OnTrack,68.0,6252.0,9.0,0.0,8,2,2635.015277777777,0.5030910539144908,27.0,628.6175000000003,car,0 days 00:00:39.513000,39.513,3194.041,0.0
2023-11-25 14:38:14.145,0 days 00:53:14.141000,-2017.5710339535613,569.0921249337375,-229.06718112483625,OnTrack,67.5,6524.5,18.0,0.0,8,2,2636.766559072027,0.5034254178020384,27.0,635.3397222222227,interpolation,0 days 00:00:39.613000,39.613,3194.141,0.0
2023-11-25 14:38:14.245,0 days 00:53:14.241000,-1985.0,570.0,-228.0,OnTrack,67.0,6797.0,27.0,0.0,8,2,2638.7374999999997,0.5038017202686764,27.0,642.0619444444451,car,0 days 00:00:39.713000,39.713,3194.241,0.0
2023-11-25 14:38:14.345,0 days 00:53:14.341000,-1963.0231234297164,571.0452762677882,-227.26366679586067,OnTrack,69.0,6766.5,34.0,0.0,8,2,2641.082163514983,0.5042493758283144,27.0,650.0286111111118,interpolation,0 days 00:00:39.813000,39.813,3194.341,0.0
2023-11-25 14:38:14.445,0 days 00:53:14.441000,-1951.6404042427112,572.2279537371021,-226.85818151241816,OnTrack,71.0,6736.0,41.0,0.0,8,2,2643.470833333333,0.5047054333041483,27.0,657.9952777777785,interpolation,0 days 00:00:39.913000,39.913,3194.441,0.0
2023-11-25 14:38:14.545,0 days 00:53:14.541000,-1948.5295643118145,573.7040160348627,-226.73847180683865,OnTrack,73.0,6974.0,45.333333333333336,0.0,8,2,2645.5737931714025,0.5051069415193744,27.0,664.1397222222228,interpolation,0 days 00:00:40.013000,40.013,3194.541,0.0
2023-11-25 14:38:14.645,0 days 00:53:14.641000,-1939.756863533384,576.4093697144282,-226.6341022374916,OnTrack,75.0,7212.0,49.66666666666666,0.0,8,2,2647.4507253790757,0.5054652953439035,27.0,670.2841666666671,interpolation,0 days 00:00:40.113000,40.113,3194.641,0.0
2023-11-25 14:38:14.745,0 days 00:53:14.741000,-1923.0,580.5,-226.5,OnTrack,77.0,7450.0,54.0,0.0,8,2,2649.459722222221,0.5058488636471513,27.0,676.4286111111114,interpolation,0 days 00:00:40.213000,40.213,3194.741,0.0
2023-11-25 14:38:14.845,0 days 00:53:14.841000,-1898.2589737116616,585.9759068915777,-226.33616509436376,OnTrack,79.5,7575.5,56.0,0.0,8,2,2651.660465439581,0.5062690411823458,27.0,682.873055555556,interpolation,0 days 00:00:40.313000,40.313,3194.841,0.0
2023-11-25 14:38:14.945,0 days 00:53:14.941000,-1869.0,592.0,-226.0,OnTrack,82.0,7701.0,58.0,0.0,8,2,2654.015277777777,0.5067186344089905,27.0,689.3175000000006,interpolation,0 days 00:00:40.413000,40.413,3194.941,0.0
2023-11-25 14:38:15.045,0 days 00:53:15.041000,-1838.6892941966423,597.7351889361045,-225.3489071963256,OnTrack,86.0,7856.0,59.5,0.0,8,2,2656.4864819834334,0.5071904497865886,27.0,695.5952777777784,interpolation,0 days 00:00:40.513000,40.513,3195.041,0.0
2023-11-25 14:38:15.145,0 days 00:53:15.141000,-1807.3268563015893,603.1814736998915,-224.38288668334056,OnTrack,90.0,8011.0,61.0,0.0,8,2,2659.015277777777,0.5076732608549115,27.0,701.8730555555562,interpolation,0 days 00:00:40.613000,40.613,3195.141,0.0
2023-11-25 14:38:15.245,0 days 00:53:15.241000,-1777.8009902557417,607.5370216137327,-223.47542282868525,OnTrack,93.0,7806.0,59.333333333333336,0.0,8,2,2661.542864882037,0.5081558411537305,27.0,707.5450925925933,interpolation,0 days 00:00:40.713000,40.713,3195.241,0.0
2023-11-25 14:38:15.345,0 days 00:53:15.341000,-1753.0,610.0,-223.0,OnTrack,96.0,7601.0,57.66666666666666,0.0,8,2,2664.085728212997,0.5086413380705499,27.0,713.2171296296302,interpolation,0 days 00:00:40.813000,40.813,3195.341,0.0
2023-11-25 14:38:15.445,0 days 00:53:15.441000,-1732.9238855343644,610.5704088586934,-222.9566181972849,OnTrack,99.0,7396.0,56.0,0.0,8,2,2666.742777777777,0.5091486360270823,27.0,718.8891666666673,interpolation,0 days 00:00:40.913000,40.913,3195.441,0.0
2023-11-25 14:38:15.545,0 days 00:53:15.541000,-1714.0,610.0,-223.0,OnTrack,100.5,7557.0,52.0,0.0,8,3,2669.530498661968,0.5096808824430612,27.0,724.8891666666673,interpolation,0 days 00:00:41.013000,41.013,3195.541,0.0
2023-11-25 14:38:15.645,0 days 00:53:15.641000,-1692.6556965380737,609.0405252341068,-222.78486798760557,OnTrack,102.0,7718.0,48.0,0.0,8,3,2672.409444444444,0.510230545999126,27.0,730.8891666666673,interpolation,0 days 00:00:41.113000,41.113,3195.641,0.0
2023-11-25 14:38:15.745,0 days 00:53:15.741000,-1668.3681062853675,606.5859463384459,-222.24688209999545,OnTrack,103.0,7722.0,31.0,0.0,8,3,2675.34016870408,0.5107900953759161,27.0,736.8613888888897,interpolation,0 days 00:00:41.213000,41.213,3195.741,0.0
2023-11-25 14:38:15.845,0 days 00:53:15.841000,-1638.0,596.0,-221.0,OnTrack,104.0,7726.0,14.0,0.0,8,3,2678.1872222222214,0.5113336698921903,27.0,742.8336111111121,interpolation,0 days 00:00:41.313000,41.313,3195.841,0.0
2023-11-25 14:38:15.945,0 days 00:53:15.941000,-1601.0285034645503,576.1766366703115,-218.97988096866771,OnTrack,103.0,7638.0,15.0,0.0,8,3,2680.815155780216,0.5118354088667072,27.0,748.8891666666675,interpolation,0 days 00:00:41.413000,41.413,3195.941,0.0
2023-11-25 14:38:16.045,0 days 00:53:16.041000,-1567.0,555.0,-217.0,OnTrack,102.0,7550.0,16.0,0.0,8,3,2683.8538888888884,0.5124155798642341,27.0,754.9447222222229,interpolation,0 days 00:00:41.513000,41.513,3196.041,0.0
2023-11-25 14:38:16.145,0 days 00:53:16.141000,-1545.460872927331,540.3542336396849,-215.8738320879983,OnTrack,102.0,7557.5,18.5,0.0,8,3,2687.9333410590643,0.5131944504495382,27.0,763.4613888888896,interpolation,0 days 00:00:41.613000,41.613,3196.141,0.0
2023-11-25 14:38:16.245,0 days 00:53:16.241000,-1536.411122246544,532.2393375893663,-215.60137723266263,OnTrack,102.0,7565.0,21.0,0.0,8,3,2691.7872222222213,0.5139302538250953,27.0,771.9780555555562,interpolation,0 days 00:00:41.713000,41.713,3196.241,0.0
2023-11-25 14:38:16.345,0 days 00:53:16.341000,-1530.4058104424844,521.7547727443645,-215.52823376099565,OnTrack,102.5,7631.0,25.5,0.0,8,3,2694.1492423098334,0.5143812231933815,27.0,776.8225000000007,interpolation,0 days 00:00:41.813000,41.813,3196.341,0.0
2023-11-25 14:38:16.445,0 days 00:53:16.441000,-1518.0,500.0,-215.0,OnTrack,103.0,7697.0,30.0,0.0,8,3,2696.365,0.5148042673711385,27.0,781.6669444444451,interpolation,0 days 00:00:41.913000,41.913,3196.441,0.0
2023-11-25 14:38:16.545,0 days 00:53:16.541000,-1499.19369091909,466.9750193562727,-214.0166759496757,OnTrack,104.5,7837.0,35.0,0.0,8,3,2699.780093970816,0.5154562951751078,27.0,788.8669444444452,interpolation,0 days 00:00:42.013000,42.013,3196.541,0.0
2023-11-25 14:38:16.645,0 days 00:53:16.641000,-1481.0,433.0,-213.0,OnTrack,106.0,7977.0,40.0,0.0,8,3,2703.431666666666,0.5161534727480401,27.0,796.0669444444452,interpolation,0 days 00:00:42.113000,42.113,3196.641,0.0
2023-11-25 14:38:16.745,0 days 00:53:16.741000,-1470.432044042975,408.3951111179993,-212.37171054095012,OnTrack,108.4,8219.2,47.4,0.0,8,3,2706.356860531936,0.5167119662326867,27.0,801.0291666666674,interpolation,0 days 00:00:42.213000,42.213,3196.741,0.0
2023-11-25 14:38:16.845,0 days 00:53:16.841000,-1463.0,387.0,-212.0,OnTrack,110.8,8461.4,54.8,0.0,8,3,2708.555675566624,0.5171317756290472,27.0,805.9913888888897,interpolation,0 days 00:00:42.313000,42.313,3196.841,0.0
2023-11-25 14:38:16.945,0 days 00:53:16.941000,-1454.2140448230598,362.65431393573215,-211.7530608046235,OnTrack,113.2,8703.6,62.2,0.0,8,3,2710.3105122620823,0.5174668183325987,27.0,810.9536111111119,interpolation,0 days 00:00:42.413000,42.413,3196.941,0.0
2023-11-25 14:38:17.045,0 days 00:53:17.041000,-1444.0096892845563,334.23458053837965,-211.560504220051,OnTrack,115.6,8945.8,69.6,0.0,8,3,2713.315782241788,0.5180406003725505,27.0,815.9158333333341,interpolation,0 days 00:00:42.513000,42.513,3197.041,0.0
2023-11-25 14:38:17.145,0 days 00:53:17.141000,-1432.0,295.0,-211.0,OnTrack,118.0,9188.0,77.0,0.0,8,3,2717.853888888888,0.5189070396964967,27.0,820.8780555555563,interpolation,0 days 00:00:42.613000,42.613,3197.141,0.0
2023-11-25 14:38:17.245,0 days 00:53:17.241000,-1418.1204884021593,243.8271114380756,-210.001160130478,OnTrack,127.0,9686.0,80.0,0.0,8,3,2723.498333333332,0.5199847068843362,27.0,829.5002777777786,interpolation,0 days 00:00:42.713000,42.713,3197.241,0.0
2023-11-25 14:38:17.345,0 days 00:53:17.341000,-1405.0,193.0,-209.0,OnTrack,132.0,10242.5,90.0,0.0,8,3,2727.6901354568263,0.5207850279169672,27.0,833.7780555555564,interpolation,0 days 00:00:42.813000,42.813,3197.341,0.0
2023-11-25 14:38:17.445,0 days 00:53:17.441000,-1395.267380302489,154.80275083316704,-208.4325349970813,OnTrack,137.0,10799.0,100.0,0.0,8,3,2731.1094444444434,0.5214378604742381,27.0,838.0558333333342,interpolation,0 days 00:00:42.913000,42.913,3197.441,0.0
2023-11-25 14:38:17.545,0 days 00:53:17.541000,-1388.2597707920345,126.64672396091694,-208.2322441961228,OnTrack,143.33333333333334,11123.333333333334,100.0,0.0,8,3,2734.8629039839807,0.5221544908222654,27.0,840.8558333333343,interpolation,0 days 00:00:43.013000,43.013,3197.541,0.0
2023-11-25 14:38:17.645,0 days 00:53:17.641000,-1380.0,93.0,-208.0,OnTrack,149.66666666666666,11447.666666666666,100.0,0.0,8,3,2738.93612547732,0.5229321718137925,27.0,843.6558333333343,interpolation,0 days 00:00:43.113000,43.113,3197.641,0.0
2023-11-25 14:38:17.745,0 days 00:53:17.741000,-1369.8252026210887,51.27391246594752,-207.66928080193628,OnTrack,156.0,11772.0,100.0,0.0,8,3,2743.2427777777766,0.523754420649673,27.0,846.4558333333343,interpolation,0 days 00:00:43.213000,43.213,3197.741,0.0
2023-11-25 14:38:17.845,0 days 00:53:17.841000,-1358.2097660409106,3.403618333135376,-207.27204033322363,OnTrack,160.5,11825.0,100.0,0.0,8,3,2747.768472434574,0.5246184902107814,27.0,848.2891666666678,interpolation,0 days 00:00:43.313000,43.313,3197.841,0.0
2023-11-25 14:38:17.945,0 days 00:53:17.941000,-1348.0,-39.0,-207.0,OnTrack,165.0,11878.0,100.0,0.0,8,3,2752.409444444443,0.5255045691338615,27.0,850.1225000000013,interpolation,0 days 00:00:43.413000,43.413,3197.941,0.0
2023-11-25 14:38:18.045,0 days 00:53:18.041000,-1339.6702870262657,-74.0018053749886,-206.8851132063531,OnTrack,167.0,11458.0,100.0,0.0,8,3,2757.061928804116,0.5263928460556571,27.0,851.4002777777789,interpolation,0 days 00:00:43.513000,43.513,3198.041,0.0
2023-11-25 14:38:18.145,0 days 00:53:18.141000,-1333.2206271197074,-101.6017977918305,-206.9273799522829,OnTrack,169.0,11038.0,100.0,0.0,8,3,2761.7983333333323,0.5272971454600909,27.0,852.6780555555565,interpolation,0 days 00:00:43.613000,43.613,3198.141,0.0
2023-11-25 14:38:18.245,0 days 00:53:18.241000,-1325.6606536532952,-132.40089131275712,-207.0059567220712,OnTrack,170.5,10842.5,100.0,0.0,8,3,2766.6910658518286,0.5282312918310856,27.0,853.5669444444454,interpolation,0 days 00:00:43.713000,43.713,3198.241,0.0
2023-11-25 14:38:18.345,0 days 00:53:18.341000,-1314.0,-177.0,-207.0,OnTrack,172.0,10647.0,100.0,0.0,8,3,2771.353888888888,0.5291215426678509,27.0,854.4558333333343,interpolation,0 days 00:00:43.813000,43.813,3198.341,0.0
2023-11-25 14:38:18.445,0 days 00:53:18.441000,-1298.2386661598214,-235.3991238535592,-206.9095097860692,OnTrack,175.0,10864.333333333334,100.0,0.0,8,4,2775.400564973792,0.529894155469596,27.0,854.8558333333343,interpolation,0 days 00:00:43.913000,43.913,3198.441,0.0
2023-11-25 14:38:18.545,0 days 00:53:18.541000,-1284.0,-288.0,-207.0,OnTrack,178.0,11081.666666666666,100.0,0.0,8,4,2779.028324463149,0.5305867864991923,27.0,855.2558333333342,interpolation,0 days 00:00:44.013000,44.013,3198.541,0.0
2023-11-25 14:38:18.645,0 days 00:53:18.641000,-1276.907349387777,-315.2043655658879,-207.53698456151375,OnTrack,181.0,11299.0,100.0,0.0,8,4,2783.4205555555545,0.5314253744906735,27.0,855.6558333333342,interpolation,0 days 00:00:44.113000,44.113,3198.641,0.0
2023-11-25 14:38:18.745,0 days 00:53:18.741000,-1265.0,-355.0,-208.0,OnTrack,185.66666666666663,11494.333333333334,100.0,0.0,8,4,2788.7744906272646,0.5324475760925133,27.0,855.1832407407416,interpolation,0 days 00:00:44.213000,44.213,3198.741,0.0
2023-11-25 14:38:18.845,0 days 00:53:18.841000,-1240.0,-434.0,-208.0,OnTrack,190.33333333333331,11689.666666666666,100.0,0.0,8,4,2794.904823436173,0.5336180116568493,27.0,854.7106481481491,interpolation,0 days 00:00:44.313000,44.313,3198.841,0.0
2023-11-25 14:38:18.945,0 days 00:53:18.941000,-1224.0038111725985,-483.9566184882688,-208.32548345530327,OnTrack,195.0,11885.0,100.0,0.0,8,4,2800.699722222221,0.5347244043833688,27.0,854.2380555555565,interpolation,0 days 00:00:44.413000,44.413,3198.941,0.0
2023-11-25 14:38:19.045,0 days 00:53:19.041000,-1217.241808579987,-503.09354282902666,-209.06929402590208,OnTrack,198.33333333333331,11771.333333333334,100.0,0.0,8,4,2805.973882640829,0.5357313749864953,27.0,853.3565740740751,interpolation,0 days 00:00:44.513000,44.513,3199.041,0.0
2023-11-25 14:38:19.145,0 days 00:53:19.141000,-1199.0,-549.0,-210.0,OnTrack,201.66666666666663,11657.666666666666,100.0,0.0,8,4,2810.9144349744715,0.5366746513695256,27.0,852.4750925925937,interpolation,0 days 00:00:44.613000,44.613,3199.141,0.0
2023-11-25 14:38:19.245,0 days 00:53:19.241000,-1165.8260710715203,-631.2741453547536,-211.07902962311908,OnTrack,205.0,11544.0,100.0,0.0,8,4,2816.6441666666656,0.5377686020498056,27.0,851.5936111111123,car,0 days 00:00:44.713000,44.713,3199.241,0.0
2023-11-25 14:38:19.345,0 days 00:53:19.341000,-1130.0,-719.0,-212.0,OnTrack,208.33333333333331,11443.666666666666,100.0,0.0,8,4,2823.3502099161105,0.5390489552964877,27.0,849.8936111111124,interpolation,0 days 00:00:44.813000,44.813,3199.341,0.0
2023-11-25 14:38:19.445,0 days 00:53:19.441000,-1103.801764990892,-781.2615850424521,-212.45652823538364,OnTrack,211.66666666666663,11343.333333333334,100.0,0.0,8,4,2830.860668089392,0.5404828916951272,27.0,848.1936111111123,interpolation,0 days 00:00:44.913000,44.913,3199.441,0.0
2023-11-25 14:38:19.545,0 days 00:53:19.541000,-1087.2313660441953,-818.05890048211,-212.4486143292699,OnTrack,215.0,11243.0,100.0,0.0,8,4,2838.1441666666656,0.5418734957672658,27.0,846.4936111111124,interpolation,0 days 00:00:45.013000,45.013,3199.541,0.0
2023-11-25 14:38:19.645,0 days 00:53:19.641000,-1070.045284075401,-851.5767656807127,-212.71639325852124,OnTrack,218.66666666666663,11283.333333333334,100.0,0.0,8,5,2845.028810774729,0.5431879484345281,27.0,844.8047222222235,interpolation,0 days 00:00:45.113000,45.113,3199.641,0.0
2023-11-25 14:38:19.745,0 days 00:53:19.741000,-1042.0,-904.0,-214.0,OnTrack,222.33333333333331,11323.666666666666,100.0,0.0,8,5,2851.584769059888,0.5444396466660014,27.0,843.1158333333346,interpolation,0 days 00:00:45.213000,45.213,3199.741,0.0
2023-11-25 14:38:19.845,0 days 00:53:19.841000,-1006.0,-970.0,-216.0,OnTrack,226.0,11364.0,100.0,0.0,8,5,2858.2330555555545,0.5457089726877661,27.0,841.4269444444458,interpolation,0 days 00:00:45.313000,45.313,3199.841,0.0
2023-11-25 14:38:19.945,0 days 00:53:19.941000,-979.4721119419394,-1017.6053087350216,-216.9197951348821,OnTrack,229.5,11668.0,100.0,0.0,8,5,2865.0438396265663,0.5470093236060951,27.0,839.7325000000012,interpolation,0 days 00:00:45.413000,45.413,3199.941,0.0
2023-11-25 14:38:20.045,0 days 00:53:20.041000,-962.0378876190636,-1046.9711509604767,-216.7243463366177,OnTrack,233.0,11972.0,100.0,0.0,8,5,2871.1775,0.5481803944866505,27.0,838.0380555555566,interpolation,0 days 00:00:45.513000,45.513,3200.041,0.0
2023-11-25 14:38:20.145,0 days 00:53:20.141000,-934.0,-1091.0,-217.0,OnTrack,234.66666666666663,11552.0,100.0,0.0,8,5,2875.794415402931,0.5490618803950942,27.0,836.7047222222233,interpolation,0 days 00:00:45.613000,45.613,3200.141,0.0
2023-11-25 14:38:20.245,0 days 00:53:20.241000,-892.075578054544,-1155.175573330802,-218.01114583714784,OnTrack,236.33333333333331,11132.0,100.0,0.0,8,5,2879.624161144456,0.5497930757082967,27.0,835.37138888889,interpolation,0 days 00:00:45.713000,45.713,3200.241,0.0
2023-11-25 14:38:20.345,0 days 00:53:20.341000,-838.5349327906241,-1235.8348953596328,-219.62001609245016,OnTrack,238.0,10712.0,100.0,0.0,8,5,2887.0441666666657,0.5512097424083728,27.0,834.0380555555566,interpolation,0 days 00:00:45.813000,45.813,3200.341,0.0
2023-11-25 14:38:20.445,0 days 00:53:20.441000,-787.0,-1311.0,-221.0,OnTrack,243.0,10942.0,100.0,0.0,14,5,2897.844166666666,0.5532717355315622,27.0,831.3713888888901,interpolation,0 days 00:00:45.913000,45.913,3200.441,1.0
2023-11-25 14:38:20.545,0 days 00:53:20.541000,-739.7411139387045,-1377.0078741495934,-222.0133283934373,OnTrack,245.33333333333331,11031.333333333334,100.0,0.0,14,5,2906.385191168976,0.554902433104595,27.0,829.7899074074088,interpolation,0 days 00:00:46.013000,46.013,3200.541,1.0
2023-11-25 14:38:20.645,0 days 00:53:20.641000,-696.7582746067374,-1433.8585178084118,-222.660001272762,OnTrack,247.66666666666663,11120.666666666666,100.0,0.0,14,5,2912.107169950548,0.5559949035581726,27.0,828.2084259259274,interpolation,0 days 00:00:46.113000,46.113,3200.641,1.0
2023-11-25 14:38:20.745,0 days 00:53:20.741000,-652.1462979714015,-1489.0299025630245,-223.22667351570564,OnTrack,250.0,11210.0,100.0,0.0,14,5,2917.28861111111,0.5569841717101437,27.0,826.626944444446,interpolation,0 days 00:00:46.213000,46.213,3200.741,1.0
2023-11-25 14:38:20.845,0 days 00:53:20.841000,-600.0,-1550.0,-224.0,OnTrack,251.0,11287.0,100.0,0.0,12,6,2922.3092640562927,0.5579427413255962,27.0,825.2936111111128,interpolation,0 days 00:00:46.313000,46.313,3200.841,1.0
2023-11-25 14:38:20.945,0 days 00:53:20.941000,-540.319380692533,-1616.768810119338,-224.9799807256449,OnTrack,252.0,11364.0,100.0,0.0,12,6,2928.48861111111,0.5591225349490067,27.0,823.9602777777795,interpolation,0 days 00:00:46.413000,46.413,3200.941,1.0
2023-11-25 14:38:21.045,0 days 00:53:21.041000,-475.6205399628808,-1686.8138167103127,-226.10440382462625,OnTrack,255.5,11446.0,100.0,0.0,12,6,2937.146134600573,0.5607754751248515,27.0,821.9602777777795,interpolation,0 days 00:00:46.513000,46.513,3201.041,1.0
2023-11-25 14:38:21.145,0 days 00:53:21.141000,-421.0,-1745.0,-227.0,OnTrack,259.0,11528.0,100.0,0.0,12,6,2945.755277777777,0.5624191782755872,27.0,819.9602777777795,interpolation,0 days 00:00:46.613000,46.613,3201.141,1.0
2023-11-25 14:38:21.245,0 days 00:53:21.241000,-378.97383495303984,-1788.8048696081073,-227.6045580207983,OnTrack,259.5,11595.0,100.0,0.0,12,6,2951.7894838958127,0.5635712608236703,27.0,818.6491666666684,interpolation,0 days 00:00:46.713000,46.713,3201.241,1.0
2023-11-25 14:38:21.345,0 days 00:53:21.341000,-349.5420448220004,-1818.2284255346349,-227.918077887021,OnTrack,260.0,11662.0,100.0,0.0,12,6,2957.310833333332,0.5646254260617155,27.0,817.3380555555573,interpolation,0 days 00:00:46.813000,46.813,3201.341,1.0
2023-11-25 14:38:21.445,0 days 00:53:21.441000,-329.7121003925496,-1836.3422319116744,-227.97606340176185,OnTrack,262.3333333333333,11264.0,100.0,0.0,12,6,2964.381406468985,0.565975377282338,27.0,815.5010185185201,interpolation,0 days 00:00:46.913000,46.913,3201.441,1.0
2023-11-25 14:38:21.545,0 days 00:53:21.541000,-301.5289183088794,-1861.5755791736503,-227.99153629290933,OnTrack,264.6666666666667,10866.0,100.0,0.0,12,6,2972.764975534873,0.5675760126306384,27.0,813.663981481483,interpolation,0 days 00:00:47.013000,47.013,3201.541,1.0
2023-11-25 14:38:21.645,0 days 00:53:21.641000,-262.0,-1897.0,-228.0,OnTrack,267.0,10468.0,100.0,0.0,12,6,2981.0441666666657,0.5691567195916871,27.0,811.8269444444459,interpolation,0 days 00:00:47.113000,47.113,3201.641,1.0
2023-11-25 14:38:21.745,0 days 00:53:21.741000,-211.12534546591152,-1942.615494390723,-228.00145452303397,OnTrack,269.0,10561.0,100.0,0.0,12,7,2988.982749677481,0.5706723958487397,27.0,810.2118055555569,interpolation,0 days 00:00:47.213000,47.213,3201.741,1.0
2023-11-25 14:38:21.845,0 days 00:53:21.841000,-145.0,-2001.0,-228.0,OnTrack,271.0,10654.0,100.0,0.0,12,7,2996.5807245673177,0.5721230414017962,27.0,808.5966666666679,interpolation,0 days 00:00:47.313000,47.313,3201.841,1.0
2023-11-25 14:38:21.945,0 days 00:53:21.941000,-59.71900889565161,-2074.7314544820133,-227.9997365688872,OnTrack,273.0,10747.0,100.0,0.0,12,7,3004.06840661794,0.5735526292626304,27.0,806.981527777779,interpolation,0 days 00:00:47.413000,47.413,3201.941,1.0
2023-11-25 14:38:22.045,0 days 00:53:22.041000,27.0,-2149.0,-228.0,OnTrack,275.0,10840.0,100.0,0.0,12,7,3011.6761111111105,0.5750051324430169,27.0,805.36638888889,interpolation,0 days 00:00:47.513000,47.513,3202.041,1.0
2023-11-25 14:38:22.145,0 days 00:53:22.141000,97.43939883982108,-2208.995778717199,-228.0001260636429,OnTrack,276.5,10840.0,100.0,0.0,12,7,3019.40383804683,0.5764805509429558,27.0,803.7830555555568,interpolation,0 days 00:00:47.613000,47.613,3202.141,1.0
2023-11-25 14:38:22.245,0 days 00:53:22.241000,151.59918762381164,-2254.71879063361,-228.000114759816,OnTrack,278.0,10840.0,100.0,0.0,12,7,3027.1205555555543,0.5779538674648615,27.0,802.1997222222235,interpolation,0 days 00:00:47.713000,47.713,3202.241,1.0
2023-11-25 14:38:22.345,0 days 00:53:22.341000,199.7093825958964,-2295.082407233216,-228.00004607608105,OnTrack,279.5,10941.75,100.0,0.0,12,7,3034.695231767738,0.5794000647111494,27.0,800.6441666666678,interpolation,0 days 00:00:47.813000,47.813,3202.341,1.0
2023-11-25 14:38:22.445,0 days 00:53:22.441000,252.0,-2339.0,-228.0,OnTrack,281.0,11043.5,100.0,0.0,12,7,3042.1278666833823,0.5808191426818192,27.0,799.0886111111122,interpolation,0 days 00:00:47.913000,47.913,3202.441,1.0
2023-11-25 14:38:22.545,0 days 00:53:22.541000,308.4710398361226,-2386.4715689339628,-227.9999765315729,OnTrack,282.5,11145.25,100.0,0.0,12,7,3049.9457349240006,0.5823117714364634,27.0,797.5330555555565,interpolation,0 days 00:00:48.013000,48.013,3202.541,1.0
2023-11-25 14:38:22.645,0 days 00:53:22.641000,369.1225021042641,-2437.497114035104,-227.99997567079984,OnTrack,284.0,11247.0,100.0,0.0,12,7,3058.6761111111105,0.583978621034674,27.0,795.9775000000009,interpolation,0 days 00:00:48.113000,48.113,3202.641,1.0
2023-11-25 14:38:22.745,0 days 00:53:22.741000,431.4627133202735,-2490.024102118693,-227.9999869746268,OnTrack,285.5,11295.0,100.0,0.0,12,7,3068.31899524471,0.5858196914764512,27.0,794.2108333333342,interpolation,0 days 00:00:48.213000,48.213,3202.741,1.0
2023-11-25 14:38:22.845,0 days 00:53:22.841000,493.0,-2542.0,-228.0,OnTrack,287.0,11343.0,100.0,0.0,12,7,3077.809444444443,0.5876316582343981,27.0,792.4441666666676,interpolation,0 days 00:00:48.313000,48.313,3202.841,1.0
2023-11-25 14:38:22.945,0 days 00:53:22.941000,553.7343621434436,-2593.4248076790245,-228.00001474691945,OnTrack,288.0,11386.333333333334,100.0,0.0,12,7,3086.082515829955,0.5892111967811184,27.0,791.1478703703714,interpolation,0 days 00:00:48.413000,48.413,3202.941,1.0
2023-11-25 14:38:23.045,0 days 00:53:23.041000,612.6886505462261,-2643.4517275509043,-228.00002572587783,OnTrack,289.0,11429.666666666666,100.0,0.0,12,7,3093.292484910245,0.590587762212782,27.0,789.8515740740751,interpolation,0 days 00:00:48.513000,48.513,3203.041,1.0
2023-11-25 14:38:23.145,0 days 00:53:23.141000,664.0,-2687.0,-228.0,OnTrack,290.0,11473.0,100.0,0.0,12,7,3100.364999999999,0.5919380842015527,27.0,788.5552777777789,interpolation,0 days 00:00:48.613000,48.613,3203.141,1.0
2023-11-25 14:38:23.245,0 days 00:53:23.241000,706.6912713063439,-2723.222836092613,-227.999932079835,OnTrack,291.0,11527.666666666666,100.0,0.0,12,7,3107.454335028443,0.593291617541982,27.0,787.1812037037049,interpolation,0 days 00:00:48.713000,48.713,3203.241,1.0
2023-11-25 14:38:23.345,0 days 00:53:23.341000,744.5164983762513,-2755.265536291816,-227.99985867007484,OnTrack,292.0,11582.333333333334,100.0,0.0,12,7,3114.723869880961,0.5946795555859337,27.0,785.807129629631,interpolation,0 days 00:00:48.813000,48.813,3203.341,1.0
2023-11-25 14:38:23.445,0 days 00:53:23.441000,800.0,-2802.0,-228.0,OnTrack,293.0,11637.0,100.0,0.0,12,7,3123.153888888888,0.5962890594028503,27.0,784.4330555555571,interpolation,0 days 00:00:48.913000,48.913,3203.441,1.0
2023-11-25 14:38:23.545,0 days 00:53:23.541000,876.8958485300878,-2866.571559888281,-228.0003927746785,OnTrack,293.0,11155.5,100.0,0.0,12,7,3132.9077736106237,0.5981513226640169,27.0,782.8997222222238,interpolation,0 days 00:00:49.013000,49.013,3203.541,1.0
2023-11-25 14:38:23.645,0 days 00:53:23.641000,963.0,-2939.0,-228.0,OnTrack,293.0,10674.0,100.0,0.0,12,7,3142.687222222221,0.6000184667182482,27.0,781.3663888888905,interpolation,0 days 00:00:49.113000,49.113,3203.641,1.0
2023-11-25 14:38:23.745,0 days 00:53:23.741000,1046.108410443222,-3009.305104378498,-227.99778468185423,OnTrack,294.6666666666667,10654.666666666666,100.0,0.0,12,7,3151.193932899733,0.6016426129143585,27.0,780.173796296298,interpolation,0 days 00:00:49.213000,49.213,3203.741,1.0
2023-11-25 14:38:23.845,0 days 00:53:23.841000,1126.0,-3077.0,-228.0,OnTrack,296.3333333333333,10635.333333333334,100.0,0.0,12,7,3158.59189059706,0.6030550701270931,27.0,778.9812037037054,interpolation,0 days 00:00:49.313000,49.313,3203.841,1.0
2023-11-25 14:38:23.945,0 days 00:53:23.941000,1202.4536888105797,-3141.5978138407304,-228.01289913419615,OnTrack,298.0,10616.0,100.0,0.0,12,7,3165.8649999999984,0.6044436906431173,27.0,777.7886111111129,interpolation,0 days 00:00:49.413000,49.413,3203.941,1.0
2023-11-25 14:38:24.045,0 days 00:53:24.041000,1275.4694768749614,-3203.0985459006897,-228.0364820844427,OnTrack,299.0,10639.0,100.0,0.0,12,8,3173.177244383249,0.6058397830165749,27.0,776.6886111111128,interpolation,0 days 00:00:49.513000,49.513,3204.041,1.0
2023-11-25 14:38:24.145,0 days 00:53:24.141000,1340.5005265018624,-3257.8000050103037,-228.04182399246787,OnTrack,300.0,10662.0,100.0,0.0,12,8,3180.528623746813,0.6072433472474663,27.0,775.5886111111126,interpolation,0 days 00:00:49.613000,49.613,3204.141,1.0
2023-11-25 14:38:24.245,0 days 00:53:24.241000,1393.0,-3302.0,-228.0,OnTrack,301.0,10685.0,100.0,0.0,12,8,3188.0981912369703,0.6086885691095238,27.0,774.4886111111125,interpolation,0 days 00:00:49.713000,49.713,3204.241,1.0
2023-11-25 14:38:24.345,0 days 00:53:24.341000,1432.9678973693742,-3335.698530869778,-227.91101010703903,OnTrack,302.0,10708.0,100.0,0.0,12,8,3196.064999999999,0.6102096343764801,27.0,773.3886111111124,interpolation,0 days 00:00:49.813000,49.813,3204.341,1.0
2023-11-25 14:38:24.445,0 days 00:53:24.441000,1460.404218609985,-3358.8955976196385,-227.77485431358505,OnTrack,302.0,10737.0,100.0,0.0,12,8,3204.4290500358998,0.6118065430483355,27.0,772.2219444444459,interpolation,0 days 00:00:49.913000,49.913,3204.441,1.0
2023-11-25 14:38:24.545,0 days 00:53:24.541000,1492.8884305456031,-3386.39486555968,-227.7512713633385,OnTrack,302.0,10766.0,100.0,0.0,12,8,3212.8427777777765,0.6134129364505704,27.0,771.0552777777793,interpolation,0 days 00:00:50.013000,50.013,3204.541,1.0
2023-11-25 14:38:24.645,0 days 00:53:24.641000,1548.0,-3433.0,-228.0,OnTrack,303.3333333333333,10808.666666666666,100.0,0.0,12,8,3220.958619658738,0.614962455908666,27.0,769.9404629629645,pos,0 days 00:00:50.113000,50.113,3204.641,1.0
2023-11-25 14:38:24.745,0 days 00:53:24.741000,1625.7389269731748,-3498.711000940601,-228.52104022356963,OnTrack,304.6666666666667,10851.333333333334,100.0,0.0,12,8,3228.8150346519387,0.616462444213194,27.0,768.8256481481498,interpolation,0 days 00:00:50.213000,50.213,3204.741,1.0
2023-11-25 14:38:24.845,0 days 00:53:24.841000,1723.0,-3580.0,-229.0,OnTrack,306.0,10894.0,100.0,0.0,12,8,3236.6427777777767,0.6179569583331542,27.0,767.7108333333349,interpolation,0 days 00:00:50.313000,50.313,3204.841,1.0
2023-11-25 14:38:24.945,0 days 00:53:24.941000,1836.678007615347,-3673.339128796717,-229.122487295244,OnTrack,306.5,10915.0,100.0,0.0,12,8,3244.48030840323,0.6194533411343089,27.0,766.5441666666684,interpolation,0 days 00:00:50.413000,50.413,3204.941,1.0
2023-11-25 14:38:25.045,0 days 00:53:25.041000,1942.0,-3759.0,-229.0,OnTrack,307.0,10936.0,100.0,0.0,12,8,3253.6983333333324,0.6212132952097958,27.0,765.3775000000019,interpolation,0 days 00:00:50.513000,50.513,3205.041,1.0
2023-11-25 14:38:25.145,0 days 00:53:25.141000,2014.193027334742,-3817.254226279098,-228.7440360049665,OnTrack,308.5,10974.0,100.0,0.0,12,8,3265.6675593731184,0.623498523152753,27.0,763.8219444444464,interpolation,0 days 00:00:50.613000,50.613,3205.141,1.0
2023-11-25 14:38:25.245,0 days 00:53:25.241000,2053.257089619574,-3848.1018076340106,-228.3545953101435,OnTrack,310.0,11012.0,100.0,0.0,12,8,3277.8094444444428,0.6258167160712368,27.0,762.266388888891,interpolation,0 days 00:00:50.713000,50.713,3205.241,1.0
2023-11-25 14:38:25.345,0 days 00:53:25.341000,2080.692607094619,-3868.898485171919,-228.0378569602488,OnTrack,310.6666666666667,11013.0,100.0,0.0,12,8,3287.545446469159,0.6276755650733037,27.0,761.2072222222242,interpolation,0 days 00:00:50.813000,50.813,3205.341,1.0
2023-11-25 14:38:25.445,0 days 00:53:25.441000,2118.0,-3897.0,-228.0,OnTrack,311.3333333333333,11014.0,100.0,0.0,12,8,3295.118859951675,0.6291215212325645,27.0,760.1480555555576,interpolation,0 days 00:00:50.913000,50.913,3205.441,1.0
2023-11-25 14:38:25.545,0 days 00:53:25.541000,2165.179268335719,-3932.406352118258,-228.24102442939736,OnTrack,312.0,11015.0,100.0,0.0,12,8,3301.989444444443,0.6304332895637107,27.0,759.0888888888908,interpolation,0 days 00:00:51.013000,51.013,3205.541,1.0
2023-11-25 14:38:25.645,0 days 00:53:25.641000,2224.991151380825,-3976.7693729176663,-228.6987392075927,OnTrack,312.25,11048.5,100.0,0.0,12,8,3308.4004919605472,0.6316573206646965,27.0,758.0888888888908,interpolation,0 days 00:00:51.113000,51.113,3205.641,1.0
2023-11-25 14:38:25.745,0 days 00:53:25.741000,2314.0,-4040.0,-229.0,OnTrack,312.5,11082.0,100.0,0.0,12,8,3314.352002499987,0.6327936145355217,27.0,757.0888888888908,interpolation,0 days 00:00:51.213000,51.213,3205.741,1.0
2023-11-25 14:38:25.845,0 days 00:53:25.841000,2434.966525202469,-4123.750047841568,-229.08261640260423,OnTrack,312.75,11115.5,100.0,0.0,12,8,3321.947234011654,0.6342437363083078,27.0,756.0888888888908,interpolation,0 days 00:00:51.313000,51.313,3205.841,1.0
2023-11-25 14:38:25.945,0 days 00:53:25.941000,2559.0,-4208.0,-229.0,OnTrack,313.0,11149.0,100.0,0.0,12,8,3333.289444444443,0.6364092511151759,27.0,755.0888888888908,interpolation,0 days 00:00:51.413000,51.413,3205.941,1.0
2023-11-25 14:38:26.045,0 days 00:53:26.041000,2657.2096974043648,-4272.730340032928,-228.80556237678192,OnTrack,316.0,11143.0,100.0,0.0,12,8,3347.3338888888875,0.6390906907321628,27.0,753.3111111111134,interpolation,0 days 00:00:51.513000,51.513,3206.041,1.0
2023-11-25 14:38:26.145,0 days 00:53:26.141000,2729.5956174155617,-4317.941067940351,-228.4993035329499,OnTrack,316.25,11159.0,100.0,0.0,12,8,3357.812129982653,0.6410912519431319,27.0,752.4000000000026,interpolation,0 days 00:00:51.613000,51.613,3206.141,1.0
2023-11-25 14:38:26.245,0 days 00:53:26.241000,2787.433728718978,-4352.431261877598,-228.193392922643,OnTrack,316.5,11175.0,100.0,0.0,12,8,3363.6794335144104,0.6422114685666642,27.0,751.4888888888918,interpolation,0 days 00:00:51.713000,51.713,3206.241,1.0
2023-11-25 14:38:26.345,0 days 00:53:26.341000,2842.0,-4385.0,-228.0,OnTrack,316.75,11191.0,100.0,0.0,12,8,3368.41840917785,0.6431162588656432,27.0,750.577777777781,interpolation,0 days 00:00:51.813000,51.813,3206.341,1.0
2023-11-25 14:38:26.445,0 days 00:53:26.441000,2893.294431258628,-4415.647282307556,-227.919124765021,OnTrack,317.0,11207.0,100.0,0.0,12,8,3375.5116666666645,0.6444705411029529,27.0,749.6666666666702,car,0 days 00:00:51.913000,51.913,3206.441,1.0
2023-11-25 14:38:26.545,0 days 00:53:26.541000,2941.31702249486,-4444.373108800264,-227.9507672177059,OnTrack,317.3333333333333,11225.333333333334,100.0,0.0,12,8,3384.9592059808538,0.6462743152785935,27.0,748.3666666666699,interpolation,0 days 00:00:52.013000,52.013,3206.541,1.0
2023-11-25 14:38:26.645,0 days 00:53:26.641000,2996.9311024836634,-4476.162380892842,-228.25702606153789,OnTrack,317.6666666666667,11243.666666666666,100.0,0.0,12,8,3396.36041870649,0.6484510951152861,27.0,747.0666666666694,interpolation,0 days 00:00:52.113000,52.113,3206.641,1.0
2023-11-25 14:38:26.745,0 days 00:53:26.741000,3071.0,-4516.0,-229.0,OnTrack,318.0,11262.0,100.0,0.0,12,8,3407.311666666665,0.6505419652990103,27.0,745.7666666666692,interpolation,0 days 00:00:52.213000,52.213,3206.741,1.0
2023-11-25 14:38:26.845,0 days 00:53:26.841000,3163.5237150438707,-4563.885966121741,-230.17968903309227,OnTrack,318.6666666666667,11269.666666666666,100.0,0.0,12,8,3417.412345549661,0.6524704403357031,27.0,744.5518518518544,interpolation,0 days 00:00:52.313000,52.313,3206.841,1.0
2023-11-25 14:38:26.945,0 days 00:53:26.941000,3260.0,-4612.0,-231.0,OnTrack,319.3333333333333,11277.333333333334,100.0,0.0,12,8,3426.739578984117,0.6542512450764649,27.0,743.3370370370397,interpolation,0 days 00:00:52.413000,52.413,3206.941,1.0
2023-11-25 14:38:27.045,0 days 00:53:27.041000,3345.9266072531127,-4652.521822376713,-230.6648397399085,OnTrack,320.0,11285.0,100.0,0.0,12,8,3435.756111111109,0.6559727290802496,27.0,742.122222222225,interpolation,0 days 00:00:52.513000,52.513,3207.041,1.0
2023-11-25 14:38:27.145,0 days 00:53:27.141000,3422.0,-4687.0,-230.0,OnTrack,320.3333333333333,11309.0,100.0,0.0,12,8,3444.539066349028,0.6576496173489411,27.0,741.0333333333361,interpolation,0 days 00:00:52.613000,52.613,3207.141,1.0
2023-11-25 14:38:27.245,0 days 00:53:27.241000,3488.916641437453,-4716.983099617977,-229.83127252745663,OnTrack,320.6666666666667,11333.0,100.0,0.0,12,8,3453.0127257305444,0.6592674532168055,27.0,739.9444444444474,interpolation,0 days 00:00:52.713000,52.713,3207.241,1.0
2023-11-25 14:38:27.345,0 days 00:53:27.341000,3549.0898932851637,-4743.641776697238,-230.0495294298289,OnTrack,321.0,11357.0,100.0,0.0,12,8,3460.722777777776,0.6607394971335482,27.0,738.8555555555586,interpolation,0 days 00:00:52.813000,52.813,3207.341,1.0
2023-11-25 14:38:27.445,0 days 00:53:27.441000,3617.0,-4774.0,-230.0,OnTrack,321.0,11353.333333333334,100.0,0.0,12,8,3467.5935042987503,0.662051292581471,27.0,737.8555555555587,interpolation,0 days 00:00:52.913000,52.913,3207.441,1.0
2023-11-25 14:38:27.545,0 days 00:53:27.541000,3695.0603480146046,-4809.228436980427,-229.57355522804505,OnTrack,321.0,11349.666666666666,100.0,0.0,12,8,3473.992214819255,0.6632729682380041,27.0,736.8555555555589,interpolation,0 days 00:00:53.013000,53.013,3207.541,1.0
2023-11-25 14:38:27.645,0 days 00:53:27.641000,3786.0896394008782,-4850.183095896544,-228.92687124233277,OnTrack,321.0,11346.0,100.0,0.0,12,8,3482.122777777776,0.66482529832209,27.0,735.855555555559,car,0 days 00:00:53.113000,53.113,3207.641,1.0
2023-11-25 14:38:27.745,0 days 00:53:27.741000,3907.0,-4902.0,-229.0,OnTrack,321.6666666666667,11361.0,100.0,0.0,12,8,3492.3525064613677,0.6667784122292806,27.0,734.0222222222259,interpolation,0 days 00:00:53.213000,53.213,3207.741,1.0
2023-11-25 14:38:27.845,0 days 00:53:27.841000,4060.61010302051,-4965.535148783339,-229.94961602506024,OnTrack,322.3333333333333,11376.0,100.0,0.0,12,8,3504.1606565118955,0.669032886692408,27.0,732.1888888888926,interpolation,0 days 00:00:53.313000,53.313,3207.841,1.0
2023-11-25 14:38:27.945,0 days 00:53:27.941000,4212.0,-5027.0,-231.0,OnTrack,323.0,11391.0,100.0,0.0,12,8,3514.4227777777755,0.6709921851627394,27.0,730.3555555555595,interpolation,0 days 00:00:53.413000,53.413,3207.941,1.0
2023-11-25 14:38:28.045,0 days 00:53:28.041000,4326.249742476065,-5072.606011403428,-231.37543260730604,OnTrack,322.3333333333333,11313.666666666666,80.66666666666666,0.0,10,8,3522.618131233269,0.6725568853911962,27.0,728.5333333333373,interpolation,0 days 00:00:53.513000,53.513,3208.041,1.0
2023-11-25 14:38:28.145,0 days 00:53:28.141000,4403.359330448703,-5102.353182993621,-231.07591384697832,OnTrack,321.6666666666667,11236.333333333334,61.33333333333333,0.0,10,8,3529.081631631273,0.6737909310738274,27.0,726.711111111115,interpolation,0 days 00:00:53.613000,53.613,3208.141,1.0
2023-11-25 14:38:28.245,0 days 00:53:28.241000,4461.28925319699,-5124.173763087004,-230.48843816316145,OnTrack,321.0,11159.0,42.0,1.0,8,8,3535.822777777776,0.6750779863512811,27.0,724.8888888888928,car,0 days 00:00:53.713000,53.713,3208.241,0.0
2023-11-25 14:38:28.345,0 days 00:53:28.341000,4518.0,-5146.0,-230.0,OnTrack,311.0,11052.75,31.5,1.0,8,8,3543.176487855221,0.6764819955743941,27.0,722.4940277777819,interpolation,0 days 00:00:53.813000,53.813,3208.341,0.0
2023-11-25 14:38:28.445,0 days 00:53:28.441000,4573.491570857732,-5167.831893732609,-229.61059935749392,OnTrack,301.0,10946.5,21.0,1.0,8,8,3551.1427618636058,0.6780029587431656,27.0,720.099166666671,interpolation,0 days 00:00:53.913000,53.913,3208.441,0.0
2023-11-25 14:38:28.545,0 days 00:53:28.541000,4627.763965770187,-5189.669444284833,-229.3202362356432,OnTrack,291.0,10840.25,10.5,1.0,8,8,3559.2741132735205,0.6795554393625619,27.0,717.70430555556,interpolation,0 days 00:00:54.013000,54.013,3208.541,0.0
2023-11-25 14:38:28.645,0 days 00:53:28.641000,4680.904377797548,-5210.922272694641,-229.119754995971,OnTrack,281.0,10734.0,0.0,1.0,8,8,3567.123055555553,0.6810540009375489,27.0,715.3094444444491,interpolation,0 days 00:00:54.113000,54.113,3208.641,0.0
2023-11-25 14:38:28.745,0 days 00:53:28.741000,4733.0,-5231.0,-229.0,OnTrack,271.6666666666667,10813.0,0.0,1.0,8,8,3574.6895887097053,0.6824986434681273,27.0,712.9390740740787,interpolation,0 days 00:00:54.213000,54.213,3208.741,0.0
2023-11-25 14:38:28.845,0 days 00:53:28.841000,4784.050832377545,-5249.902626200912,-228.9609712477304,OnTrack,262.3333333333333,10892.0,0.0,1.0,8,8,3582.044437067388,0.6839028700177237,27.0,710.5687037037083,interpolation,0 days 00:00:54.313000,54.313,3208.841,0.0
2023-11-25 14:38:28.945,0 days 00:53:28.941000,4827.0,-5268.0,-229.0,OnTrack,253.0,10971.0,0.0,1.0,8,8,3589.611944444442,0.6853476985520912,27.0,708.1983333333378,interpolation,0 days 00:00:54.413000,54.413,3208.941,0.0
2023-11-25 14:38:29.045,0 days 00:53:29.041000,4854.790627937187,-5285.661970099891,-229.11441751764653,OnTrack,243.33333333333331,10988.666666666666,0.0,1.0,8,7,3597.462834448068,0.6868466319963868,27.0,705.1650000000045,interpolation,0 days 00:00:54.513000,54.513,3209.041,0.0
2023-11-25 14:38:29.145,0 days 00:53:29.141000,4881.100862305792,-5303.3685682840605,-229.3520659874714,OnTrack,233.66666666666663,11006.333333333334,0.0,1.0,8,7,3605.374572516676,0.6883571828750853,27.0,702.1316666666712,interpolation,0 days 00:00:54.613000,54.613,3209.141,0.0
2023-11-25 14:38:29.245,0 days 00:53:29.241000,4988.0,-5324.0,-230.0,OnTrack,224.0,11024.0,0.0,1.0,8,7,3612.011944444442,0.6896244250298172,27.0,699.0983333333379,pos,0 days 00:00:54.713000,54.713,3209.241,0.0
2023-11-25 14:38:29.345,0 days 00:53:29.341000,5168.0,-5346.0,-231.0,OnTrack,218.0,10829.5,0.0,1.0,8,6,3617.1524133910143,0.6906058705499838,27.0,697.342777777782,interpolation,0 days 00:00:54.813000,54.813,3209.341,0.0
2023-11-25 14:38:29.445,0 days 00:53:29.441000,5294.10224886543,-5357.150694048237,-231.7156893375879,OnTrack,212.0,10635.0,0.0,1.0,8,6,3621.4341666666646,0.6914233655323527,27.0,695.587222222226,interpolation,0 days 00:00:54.913000,54.913,3209.441,0.0
2023-11-25 14:38:29.545,0 days 00:53:29.541000,5345.140202650559,-5355.41575934614,-232.0410046947409,OnTrack,209.5,10476.0,0.0,1.0,8,5,3625.4953915816686,0.692198756073692,27.0,693.6316666666708,interpolation,0 days 00:00:55.013000,55.013,3209.541,0.0
2023-11-25 14:38:29.645,0 days 00:53:29.641000,5333.359179771068,-5342.19931433544,-232.0689581770915,OnTrack,207.0,10317.0,0.0,1.0,8,5,3630.634166666664,0.6931798781928473,27.0,691.6761111111155,interpolation,0 days 00:00:55.113000,55.113,3209.641,0.0
2023-11-25 14:38:29.745,0 days 00:53:29.741000,5332.230714546127,-5325.926026532182,-232.35761956111327,OnTrack,200.5,10807.0,0.0,1.0,8,5,3638.14857045229,0.6946145679086646,27.0,688.4872222222264,interpolation,0 days 00:00:55.213000,55.213,3209.741,0.0
2023-11-25 14:38:29.845,0 days 00:53:29.841000,5354.0,-5308.0,-233.0,OnTrack,194.0,11297.0,0.0,1.0,8,5,3645.7230555555534,0.6960607286674266,27.0,685.2983333333373,interpolation,0 days 00:00:55.313000,55.313,3209.841,0.0
2023-11-25 14:38:29.945,0 days 00:53:29.941000,5398.667036132683,-5288.421234738895,-233.99609949375144,OnTrack,194.0,11307.0,0.0,1.0,8,5,3651.042074593465,0.6970762639154161,27.0,683.4761111111148,interpolation,0 days 00:00:55.413000,55.413,3209.941,0.0
2023-11-25 14:38:30.045,0 days 00:53:30.041000,5454.0,-5265.0,-235.0,OnTrack,194.0,11317.0,0.0,1.0,8,5,3654.521481698319,0.6977405707230998,27.0,681.6538888888925,interpolation,0 days 00:00:55.513000,55.513,3210.041,0.0
2023-11-25 14:38:30.145,0 days 00:53:30.141000,5507.767068657775,-5235.546565034454,-235.66578347637807,OnTrack,194.0,11327.0,0.0,1.0,8,5,3658.656388888887,0.6985300290742088,27.0,679.8316666666701,interpolation,0 days 00:00:55.613000,55.613,3210.141,0.0
2023-11-25 14:38:30.245,0 days 00:53:30.241000,5559.567849589927,-5200.000585811458,-235.99533889160853,OnTrack,194.0,11047.0,0.0,1.0,8,4,3663.86264603914,0.6995240352261882,27.0,677.4150000000034,interpolation,0 days 00:00:55.713000,55.713,3210.241,0.0
2023-11-25 14:38:30.345,0 days 00:53:30.341000,5607.0,-5158.0,-236.0,OnTrack,194.0,10767.0,0.0,1.0,8,4,3669.4341666666646,0.7005877794131941,27.0,674.9983333333366,pos,0 days 00:00:55.813000,55.813,3210.341,0.0
2023-11-25 14:38:30.445,0 days 00:53:30.441000,5649.663131471913,-5109.484464187199,-235.6816557509325,OnTrack,185.0,10490.666666666666,3.333333333333333,1.0,8,4,3674.66486428905,0.701586451869383,27.0,673.2205555555588,interpolation,0 days 00:00:55.913000,55.913,3210.441,0.0
2023-11-25 14:38:30.545,0 days 00:53:30.541000,5687.036986048015,-5057.797462231976,-235.14297788501625,OnTrack,176.0,10214.333333333334,6.666666666666667,1.0,8,4,3679.5741633502935,0.7025237612123425,27.0,671.442777777781,interpolation,0 days 00:00:56.013000,56.013,3210.541,0.0
2023-11-25 14:38:30.645,0 days 00:53:30.641000,5716.0,-5023.0,-235.0,OnTrack,167.0,9938.0,10.0,1.0,8,4,3684.278611111109,0.7034219592615283,27.0,669.6650000000031,interpolation,0 days 00:00:56.113000,56.113,3210.641,0.0
2023-11-25 14:38:30.745,0 days 00:53:30.741000,5736.031910042746,-5008.435595587639,-235.35539488785813,OnTrack,164.5,10002.5,28.0,0.0,8,4,3688.797632214403,0.7042847546725042,27.0,668.1650000000031,interpolation,0 days 00:00:56.213000,56.213,3210.741,0.0
2023-11-25 14:38:30.845,0 days 00:53:30.841000,5747.132716176256,-5014.104248994894,-236.2091625485906,OnTrack,162.0,10067.0,46.0,0.0,8,4,3693.278611111109,0.7051402868641861,27.0,666.6650000000031,interpolation,0 days 00:00:56.313000,56.313,3210.841,0.0
2023-11-25 14:38:30.945,0 days 00:53:30.941000,5751.268469902696,-5029.185662296488,-237.2508761669889,OnTrack,163.25,10121.25,54.25,0.0,8,4,3697.868932252162,0.7060166952554897,27.0,665.2761111111142,interpolation,0 days 00:00:56.413000,56.413,3210.941,0.0
2023-11-25 14:38:31.045,0 days 00:53:31.041000,5760.235540632399,-4988.757715540089,-236.6179653154572,OnTrack,164.5,10175.5,62.5,0.0,8,4,3702.56859563756,0.7069139798464152,27.0,663.8872222222253,interpolation,0 days 00:00:56.513000,56.513,3211.041,0.0
2023-11-25 14:38:31.145,0 days 00:53:31.141000,5776.0,-4882.0,-234.0,OnTrack,165.75,10229.75,70.75,0.0,8,4,3707.262155648623,0.7078100991488308,27.0,662.4983333333364,pos,0 days 00:00:56.613000,56.613,3211.141,0.0
2023-11-25 14:38:31.245,0 days 00:53:31.241000,5796.0,-4730.0,-230.0,OnTrack,167.0,10284.0,79.0,0.0,8,4,3711.8341666666647,0.7086830116746039,27.0,661.1094444444475,interpolation,0 days 00:00:56.713000,56.713,3211.241,0.0
2023-11-25 14:38:31.345,0 days 00:53:31.341000,5804.864531299088,-4659.2819736774345,-228.2360654670486,OnTrack,168.66666666666666,10385.666666666666,80.0,0.0,8,4,3716.284628691688,0.7095327174237347,27.0,659.9687037037066,interpolation,0 days 00:00:56.813000,56.813,3211.341,0.0
2023-11-25 14:38:31.445,0 days 00:53:31.441000,5801.420474367528,-4673.493835758362,-228.8417157791285,OnTrack,170.33333333333334,10487.333333333334,81.0,0.0,8,4,3720.656990614415,0.7103675118882493,27.0,658.8279629629659,interpolation,0 days 00:00:56.913000,56.913,3211.441,0.0
2023-11-25 14:38:31.545,0 days 00:53:31.541000,5794.0,-4668.0,-229.0,OnTrack,172.0,10589.0,82.0,0.0,8,4,3725.2119444444425,0.711237167765468,27.0,657.687222222225,interpolation,0 days 00:00:57.013000,57.013,3211.541,0.0
2023-11-25 14:38:31.645,0 days 00:53:31.641000,5783.991796218843,-4625.361291317432,-228.2414287107505,OnTrack,173.0,10724.5,84.5,0.0,8,4,3729.992938627578,0.7121499804624711,27.0,656.8538888888916,interpolation,0 days 00:00:57.113000,57.113,3211.641,0.0
2023-11-25 14:38:31.745,0 days 00:53:31.741000,5772.261171135392,-4553.727764649525,-226.7911434093513,OnTrack,174.0,10860.0,87.0,0.0,8,4,3734.999973163823,0.7131059499792589,27.0,656.0205555555581,interpolation,0 days 00:00:57.213000,57.213,3211.741,0.0
2023-11-25 14:38:31.845,0 days 00:53:31.841000,5764.0,-4502.0,-226.0,OnTrack,175.0,10995.5,89.5,0.0,8,4,3740.0018822292654,0.7140609409140516,27.0,655.1872222222246,interpolation,0 days 00:00:57.313000,57.313,3211.841,0.0
2023-11-25 14:38:31.945,0 days 00:53:31.941000,5760.073599784804,-4478.328135764714,-226.09314228612877,OnTrack,176.0,11131.0,92.0,0.0,8,4,3744.767499999998,0.71497081786507,27.0,654.3538888888911,interpolation,0 days 00:00:57.413000,57.413,3211.941,0.0
2023-11-25 14:38:32.045,0 days 00:53:32.041000,5746.0,-4443.0,-226.0,OnTrack,180.25,11249.0,94.0,0.0,8,4,3749.2968264760175,0.7158355808323137,27.0,653.2455555555579,interpolation,0 days 00:00:57.513000,57.513,3212.041,0.0
2023-11-25 14:38:32.145,0 days 00:53:32.141000,5707.297230155786,-4356.3034207621895,-224.6500028738764,OnTrack,184.5,11367.0,96.0,0.0,8,4,3753.589861657325,0.7166552298157827,27.0,652.1372222222246,interpolation,0 days 00:00:57.613000,57.613,3212.141,0.0
2023-11-25 14:38:32.245,0 days 00:53:32.241000,5664.0,-4261.0,-223.0,OnTrack,188.75,11485.0,98.0,0.0,8,4,3758.819424343303,0.71765368558391,27.0,651.0288888888914,interpolation,0 days 00:00:57.713000,57.713,3212.241,0.0
2023-11-25 14:38:32.345,0 days 00:53:32.341000,5636.143019280484,-4199.8513396621465,-222.0068404706132,OnTrack,193.0,11603.0,100.0,0.0,8,4,3766.158333333332,0.7190548689051276,27.0,649.9205555555582,interpolation,0 days 00:00:57.813000,57.813,3212.341,0.0
2023-11-25 14:38:32.445,0 days 00:53:32.441000,5623.726287997237,-4172.857439748631,-221.67052428571597,OnTrack,199.0,11938.0,100.0,0.0,8,4,3775.002777777776,0.7207434970183567,27.0,647.8761111111139,interpolation,0 days 00:00:57.913000,57.913,3212.441,0.0
2023-11-25 14:38:32.545,0 days 00:53:32.541000,5622.18512121667,-4172.666158271769,-221.8869464398053,OnTrack,201.0,11693.666666666666,100.0,0.0,8,4,3781.729911127826,0.7220278768985956,27.0,646.3983333333362,interpolation,0 days 00:00:58.013000,58.013,3212.541,0.0
2023-11-25 14:38:32.645,0 days 00:53:32.641000,5604.13126910966,-4155.164417446893,-222.0314737017479,OnTrack,203.0,11449.333333333334,100.0,0.0,8,4,3786.172195947892,0.7228760214125053,27.0,644.9205555555583,interpolation,0 days 00:00:58.113000,58.113,3212.641,0.0
2023-11-25 14:38:32.745,0 days 00:53:32.741000,5565.0,-4113.0,-222.0,OnTrack,205.0,11205.0,100.0,0.0,8,4,3790.94722222222,0.7237876946847935,27.0,643.4427777777805,interpolation,0 days 00:00:58.213000,58.213,3212.741,0.0
2023-11-25 14:38:32.845,0 days 00:53:32.841000,5504.791313887694,-4046.17290593109,-221.7925253345616,OnTrack,207.25,11182.0,100.0,0.0,8,4,3796.491252714512,0.7248461903097804,27.0,641.4705555555582,interpolation,0 days 00:00:58.313000,58.313,3212.841,0.0
2023-11-25 14:38:32.945,0 days 00:53:32.941000,5458.0,-3994.0,-222.0,OnTrack,209.5,11159.0,100.0,0.0,8,4,3802.804287424768,0.7260515082874659,27.0,639.498333333336,interpolation,0 days 00:00:58.413000,58.413,3212.941,0.0
2023-11-25 14:38:33.045,0 days 00:53:33.041000,5450.0,-3986.0,-223.0,OnTrack,211.75,11136.0,100.0,0.0,8,4,3809.1332339781934,0.7272598642384102,27.0,637.5261111111137,interpolation,0 days 00:00:58.513000,58.513,3213.041,0.0
2023-11-25 14:38:33.145,0 days 00:53:33.141000,5426.066508694097,-3963.384325129741,-223.5122861441036,OnTrack,214.0,11113.0,100.0,0.0,8,4,3814.724999999998,0.7283274737831733,27.0,635.5538888888914,interpolation,0 days 00:00:58.613000,58.613,3213.141,0.0
2023-11-25 14:38:33.245,0 days 00:53:33.241000,5376.7413496897125,-3920.142518252732,-223.38641981376028,OnTrack,215.5,11174.0,100.0,0.0,8,5,3819.5795854901785,0.7292543369217555,27.0,633.6538888888913,interpolation,0 days 00:00:58.713000,58.713,3213.241,0.0
2023-11-25 14:38:33.345,0 days 00:53:33.341000,5300.0,-3879.0,-223.0,OnTrack,217.0,11235.0,100.0,0.0,8,5,3823.696990448735,0.7300404536541563,27.0,631.7538888888912,interpolation,0 days 00:00:58.813000,58.813,3213.341,0.0
2023-11-25 14:38:33.445,0 days 00:53:33.441000,5195.505040854741,-3843.744321084388,-222.4159595457773,OnTrack,218.5,11296.0,100.0,0.0,8,5,3828.828400182924,0.7310201695415788,27.0,629.8538888888911,interpolation,0 days 00:00:58.913000,58.913,3213.441,0.0
2023-11-25 14:38:33.545,0 days 00:53:33.541000,5099.0,-3818.0,-222.0,OnTrack,220.0,11357.0,100.0,0.0,8,5,3836.724999999998,0.7325278301452255,27.0,627.953888888891,interpolation,0 days 00:00:59.013000,59.013,3213.541,0.0
2023-11-25 14:38:33.645,0 days 00:53:33.641000,5046.228405181839,-3805.3915552409417,-222.11782291157607,OnTrack,224.0,11575.0,100.0,0.0,8,5,3846.6805555555534,0.7344285974686592,27.0,624.5761111111133,interpolation,0 days 00:00:59.113000,59.113,3213.641,0.0
2023-11-25 14:38:33.745,0 days 00:53:33.741000,5027.425228214416,-3803.85429444374,-222.6633379640964,OnTrack,225.66666666666663,11657.666666666666,100.0,0.0,8,5,3854.457682478605,0.7359134476754647,27.0,622.553888888891,interpolation,0 days 00:00:59.213000,59.213,3213.741,0.0
2023-11-25 14:38:33.845,0 days 00:53:33.841000,4984.0,-3801.0,-223.0,OnTrack,227.33333333333331,11740.333333333334,100.0,0.0,8,5,3859.6983434647295,0.7369140223897571,27.0,620.5316666666689,interpolation,0 days 00:00:59.313000,59.313,3213.841,0.0
2023-11-25 14:38:33.945,0 days 00:53:33.941000,4906.187592358351,-3794.763958403693,-223.02171761650737,OnTrack,229.0,11823.0,100.0,0.0,8,5,3864.491666666665,0.7378291890082399,27.0,618.5094444444467,interpolation,0 days 00:00:59.413000,59.413,3213.941,0.0
2023-11-25 14:38:34.045,0 days 00:53:34.041000,4815.0,-3786.0,-223.0,OnTrack,230.33333333333331,11861.666666666666,100.0,0.0,8,5,3869.1858383271447,0.7387254250899974,27.0,616.7983333333354,interpolation,0 days 00:00:59.513000,59.513,3214.041,0.0
2023-11-25 14:38:34.145,0 days 00:53:34.141000,4731.449217635481,-3775.5619551341024,-223.2063563368594,OnTrack,231.66666666666663,11900.333333333334,100.0,0.0,8,5,3873.975110336039,0.7396398182332773,27.0,615.0872222222242,interpolation,0 days 00:00:59.613000,59.613,3214.141,0.0
2023-11-25 14:38:34.245,0 days 00:53:34.241000,4656.173238232696,-3763.8205355140585,-223.6070875264288,OnTrack,233.0,11939.0,100.0,0.0,8,5,3880.024999999998,0.7407948951669011,27.0,613.376111111113,car,0 days 00:00:59.713000,59.713,3214.241,0.0
2023-11-25 14:38:34.345,0 days 00:53:34.341000,4593.0,-3753.0,-224.0,OnTrack,235.66666666666663,11580.0,100.0,0.0,8,5,3887.529761198041,0.7422277438688958,27.0,611.0427777777799,interpolation,0 days 00:00:59.813000,59.813,3214.341,0.0
2023-11-25 14:38:34.445,0 days 00:53:34.441000,4542.567489372283,-3743.471056503919,-224.3513950019933,OnTrack,238.33333333333331,11221.0,100.0,0.0,8,5,3896.180626409981,0.7438794128111789,27.0,608.7094444444466,interpolation,0 days 00:00:59.913000,59.913,3214.441,0.0
2023-11-25 14:38:34.545,0 days 00:53:34.541000,4501.43964575225,-3734.979489719574,-224.6690911066938,OnTrack,241.0,10862.0,100.0,0.0,8,5,3904.1249999999977,0.7453961946362401,27.0,606.3761111111135,interpolation,0 days 00:01:00.013000,60.013,3214.541,0.0
2023-11-25 14:38:34.645,0 days 00:53:34.641000,4449.0,-3726.0,-225.0,OnTrack,241.5,10880.0,100.0,0.0,8,6,3911.054117609667,0.7467191384196576,27.0,604.3483333333354,interpolation,0 days 00:01:00.113000,60.113,3214.641,0.0
2023-11-25 14:38:34.745,0 days 00:53:34.741000,4381.8124563328,-3716.278369435783,-225.35194033625976,OnTrack,242.0,10898.0,100.0,0.0,8,6,3917.5694444444425,0.7479630790797166,27.0,602.3205555555573,interpolation,0 days 00:01:00.213000,60.213,3214.741,0.0
2023-11-25 14:38:34.845,0 days 00:53:34.841000,4304.855512271247,-3706.30252349532,-225.71169925508,OnTrack,243.0,10941.5,100.0,0.0,8,6,3924.272445709776,0.7492428515347024,27.0,600.0034722222244,interpolation,0 days 00:01:00.313000,60.313,3214.841,0.0
2023-11-25 14:38:34.945,0 days 00:53:34.941000,4248.0,-3699.0,-226.0,OnTrack,244.0,10985.0,100.0,0.0,8,6,3931.192777777776,0.7505641179360358,27.0,597.6863888888915,interpolation,0 days 00:01:00.413000,60.413,3214.941,0.0
2023-11-25 14:38:35.045,0 days 00:53:35.041000,4216.224366060103,-3694.858719421892,-226.2036298459259,OnTrack,246.75,11083.5,100.0,0.0,8,6,3938.360097020552,0.7519325404351382,27.0,594.9919444444467,interpolation,0 days 00:01:00.513000,60.513,3215.041,0.0
2023-11-25 14:38:35.145,0 days 00:53:35.141000,4191.982811099827,-3692.4275881566,-226.3940466777477,OnTrack,249.5,11182.0,100.0,0.0,8,6,3945.7744034381058,0.7533481190320099,27.0,592.297500000002,interpolation,0 days 00:01:00.613000,60.613,3215.141,0.0
2023-11-25 14:38:35.245,0 days 00:53:35.241000,4070.0,-3683.0,-227.0,OnTrack,252.25,11280.5,100.0,0.0,8,6,3952.9812303588274,0.7547240845459491,27.0,589.6030555555571,pos,0 days 00:01:00.713000,60.713,3215.241,0.0
2023-11-25 14:38:35.345,0 days 00:53:35.341000,3858.0,-3667.0,-228.0,OnTrack,255.0,11379.0,100.0,0.0,8,6,3959.5261111111095,0.7559736677962547,27.0,586.9086111111124,interpolation,0 days 00:01:00.813000,60.813,3215.341,0.0
2023-11-25 14:38:35.445,0 days 00:53:35.441000,3707.6038649643847,-3655.678566830979,-228.8363532465292,OnTrack,255.5,11401.5,100.0,0.0,8,6,3965.409045694953,0.7570968687829266,27.0,584.5975000000017,interpolation,0 days 00:01:00.913000,60.913,3215.441,0.0
2023-11-25 14:38:35.545,0 days 00:53:35.541000,3644.081899920766,-3650.910873206185,-229.41611035848524,OnTrack,256.0,11424.0,100.0,0.0,8,6,3970.903888888887,0.7581459733087504,27.0,582.286388888891,interpolation,0 days 00:01:01.013000,61.013,3215.541,0.0
2023-11-25 14:38:35.645,0 days 00:53:35.641000,3653.043604936192,-3651.57970536564,-229.75463920333817,OnTrack,257.3333333333333,11487.333333333334,100.0,0.0,8,6,3976.2844954714456,0.7591732671765119,27.0,579.4345370370393,interpolation,0 days 00:01:01.113000,61.113,3215.641,0.0
2023-11-25 14:38:35.745,0 days 00:53:35.741000,3648.146422487599,-3650.981815070168,-229.94414651380848,OnTrack,258.6666666666667,11550.666666666666,100.0,0.0,8,6,3982.042320688308,0.7602725816211137,27.0,576.5826851851875,interpolation,0 days 00:01:01.213000,61.213,3215.741,0.0
2023-11-25 14:38:35.845,0 days 00:53:35.841000,3615.0,-3648.0,-230.0,OnTrack,260.0,11614.0,100.0,0.0,8,6,3991.126111111109,0.7620069069344753,27.0,573.7308333333358,interpolation,0 days 00:01:01.313000,61.313,3215.841,0.0
2023-11-25 14:38:35.945,0 days 00:53:35.941000,3557.0,-3643.0,-230.0,OnTrack,263.0,11744.0,100.0,0.0,8,6,4002.814999999998,0.7642386114258282,27.0,568.7086111111144,interpolation,0 days 00:01:01.413000,61.413,3215.941,0.0
2023-11-25 14:38:36.045,0 days 00:53:36.041000,3494.520501962333,-3638.1762653749056,-230.41095093236592,OnTrack,263.5,11464.0,100.0,0.0,8,6,4009.8349880038304,0.7655789046655295,27.0,566.2197222222253,interpolation,0 days 00:01:01.513000,61.513,3216.041,0.0
2023-11-25 14:38:36.145,0 days 00:53:36.141000,3426.0,-3633.0,-231.0,OnTrack,264.0,11184.0,100.0,0.0,8,6,4014.5483333333314,0.7664788014855894,27.0,563.7308333333362,pos,0 days 00:01:01.613000,61.613,3216.141,0.0
2023-11-25 14:38:36.245,0 days 00:53:36.241000,3346.4812909276343,-3626.576664160512,-231.4564932710379,OnTrack,264.6666666666667,11000.0,100.0,0.0,8,6,4020.529633631574,0.7676207829747288,27.0,560.9826851851881,interpolation,0 days 00:01:01.713000,61.713,3216.241,0.0
2023-11-25 14:38:36.345,0 days 00:53:36.341000,3258.4700049201206,-3618.907504397985,-231.78356268775303,OnTrack,265.3333333333333,10816.0,100.0,0.0,8,6,4027.661236309916,0.7689823862784382,27.0,558.2345370370399,interpolation,0 days 00:01:01.813000,61.813,3216.341,0.0
2023-11-25 14:38:36.445,0 days 00:53:36.441000,3177.0,-3610.0,-232.0,OnTrack,266.0,10632.0,100.0,0.0,8,6,4035.23722222222,0.7704288335796002,27.0,555.4863888888917,interpolation,0 days 00:01:01.913000,61.913,3216.441,0.0
2023-11-25 14:38:36.545,0 days 00:53:36.541000,3104.576931999943,-3599.8553975208665,-232.1089371821236,OnTrack,267.0,10667.333333333334,100.0,0.0,8,7,4043.139937575079,0.7719376617936852,27.0,552.5530555555582,interpolation,0 days 00:01:02.013000,62.013,3216.541,0.0
2023-11-25 14:38:36.645,0 days 00:53:36.641000,3039.0,-3589.0,-232.0,OnTrack,268.0,10702.666666666666,100.0,0.0,8,7,4051.283023932708,0.7734923829113675,27.0,549.6197222222246,interpolation,0 days 00:01:02.113000,62.113,3216.641,0.0
2023-11-25 14:38:36.745,0 days 00:53:36.741000,2978.0684030802217,-3577.9601104768144,-231.5628142195054,OnTrack,269.0,10738.0,100.0,0.0,8,7,4059.1483333333313,0.7749940693832045,27.0,546.6863888888911,interpolation,0 days 00:01:02.213000,62.213,3216.741,0.0
2023-11-25 14:38:36.845,0 days 00:53:36.841000,2903.0,-3557.0,-232.0,OnTrack,270.0,10765.0,100.0,0.0,8,7,4066.649508225472,0.7764262333687078,27.0,544.2141666666691,pos,0 days 00:01:02.313000,62.313,3216.841,0.0
2023-11-25 14:38:36.945,0 days 00:53:36.941000,2795.012649518724,-3516.3839396182475,-234.5141775008439,OnTrack,271.0,10792.0,100.0,0.0,8,7,4074.2038888888874,0.7778685556814775,27.0,541.7419444444472,interpolation,0 days 00:01:02.413000,62.413,3216.941,0.0
2023-11-25 14:38:37.045,0 days 00:53:37.041000,2680.0,-3467.0,-237.0,OnTrack,272.0,10830.0,100.0,0.0,8,7,4082.2288156033273,0.7794007171351142,27.0,539.3123148148179,interpolation,0 days 00:01:02.513000,62.513,3217.041,0.0
2023-11-25 14:38:37.145,0 days 00:53:37.141000,2583.8556998074328,-3419.7362518137043,-237.3521207754314,OnTrack,273.0,10868.0,100.0,0.0,8,7,4090.598637382037,0.7809987277786343,27.0,536.8826851851886,interpolation,0 days 00:01:02.613000,62.613,3217.141,0.0
2023-11-25 14:38:37.245,0 days 00:53:37.241000,2506.579748941021,-3374.592695059361,-235.570539827138,OnTrack,274.0,10906.0,100.0,0.0,8,7,4098.559444444442,0.7825186471691638,27.0,534.4530555555593,interpolation,0 days 00:01:02.713000,62.713,3217.241,0.0
2023-11-25 14:38:37.345,0 days 00:53:37.341000,2446.0139236041005,-3335.402790775338,-233.25368896527564,OnTrack,275.0,10907.5,100.0,0.0,8,7,4105.985584517111,0.7839364851100603,27.0,532.2863888888919,interpolation,0 days 00:01:02.813000,62.813,3217.341,0.0
2023-11-25 14:38:37.445,0 days 00:53:37.441000,2400.0,-3306.0,-232.0,OnTrack,276.0,10909.0,100.0,0.0,8,7,4113.892777777776,0.7854461682699881,27.0,530.1197222222245,interpolation,0 days 00:01:02.913000,62.913,3217.441,0.0
2023-11-25 14:38:37.545,0 days 00:53:37.541000,2368.537978128721,-3286.38432273335,-231.80947293131103,OnTrack,276.5,10952.5,100.0,0.0,8,7,4123.296744404168,0.7872416233176105,27.0,527.8197222222243,interpolation,0 days 00:01:03.013000,63.013,3217.541,0.0
2023-11-25 14:38:37.645,0 days 00:53:37.641000,2345.9312119252645,-3272.3874882226146,-232.50233998074887,OnTrack,277.0,10996.0,100.0,0.0,8,7,4132.359444444443,0.7889719219435897,27.0,525.5197222222241,interpolation,0 days 00:01:03.113000,63.113,3217.641,0.0
2023-11-25 14:38:37.745,0 days 00:53:37.741000,2298.0,-3239.0,-233.0,OnTrack,277.25,11021.75,100.0,0.0,8,7,4139.242837946762,0.7902861358385883,27.0,524.1641666666685,interpolation,0 days 00:01:03.213000,63.213,3217.741,0.0
2023-11-25 14:38:37.845,0 days 00:53:37.841000,2219.0477546212865,-3182.0536299956084,-233.12268705141705,OnTrack,277.5,11047.5,100.0,0.0,8,7,4143.946924911123,0.7911842650026066,27.0,522.8086111111129,interpolation,0 days 00:01:03.313000,63.313,3217.841,0.0
2023-11-25 14:38:37.945,0 days 00:53:37.941000,2136.0,-3121.0,-233.0,OnTrack,277.75,11073.25,100.0,0.0,8,7,4149.035049419921,0.7921557166458542,27.0,521.4530555555573,interpolation,0 days 00:01:03.413000,63.413,3217.941,0.0
2023-11-25 14:38:38.045,0 days 00:53:38.041000,2075.7822603470195,-3075.29073180374,-232.76153771074897,OnTrack,278.0,11099.0,100.0,0.0,8,7,4157.070555555554,0.7936898979785413,27.0,520.0975000000017,interpolation,0 days 00:01:03.513000,63.513,3218.041,0.0
2023-11-25 14:38:38.145,0 days 00:53:38.141000,2034.0793475086823,-3040.714141915058,-232.4142682244634,OnTrack,278.0,11035.0,100.0,0.0,8,7,4168.053443318022,0.7957868090006679,27.0,518.036388888891,interpolation,0 days 00:01:03.613000,63.613,3218.141,0.0
2023-11-25 14:38:38.245,0 days 00:53:38.241000,1985.0,-2992.0,-232.0,OnTrack,278.0,10971.0,100.0,0.0,8,7,4178.692777777776,0.7978181270091238,27.0,515.9752777777803,interpolation,0 days 00:01:03.713000,63.713,3218.241,0.0
2023-11-25 14:38:38.345,0 days 00:53:38.341000,1924.2289854795592,-2924.936579438939,-231.52570114951155,OnTrack,278.5,11014.0,100.0,0.0,8,7,4185.697624005268,0.7991555293007986,27.0,514.8197222222243,interpolation,0 days 00:01:03.813000,63.813,3218.341,0.0
2023-11-25 14:38:38.445,0 days 00:53:38.441000,1855.47609934304,-2843.3281262860123,-231.0583706160803,OnTrack,279.0,11057.0,100.0,0.0,8,7,4191.092777777776,0.8001856005950079,27.0,513.6641666666683,interpolation,0 days 00:01:03.913000,63.913,3218.441,0.0
2023-11-25 14:38:38.545,0 days 00:53:38.541000,1801.0,-2770.0,-231.0,OnTrack,279.0,11076.0,100.0,0.0,8,7,4196.903034872574,0.8012949256110669,27.0,512.5752777777793,pos,0 days 00:01:04.013000,64.013,3218.541,0.0
2023-11-25 14:38:38.645,0 days 00:53:38.641000,1764.5104448580098,-2708.756407679759,-231.41758755828727,OnTrack,279.0,11095.0,100.0,0.0,8,7,4203.492777777777,0.8025530741808921,27.0,511.4863888888904,interpolation,0 days 00:01:04.113000,64.113,3218.641,0.0
2023-11-25 14:38:38.745,0 days 00:53:38.741000,1737.0,-2648.0,-232.0,OnTrack,278.6666666666667,11075.666666666666,98.0,0.0,8,7,4211.2263889815,0.8040296161364012,27.0,510.33444444444586,interpolation,0 days 00:01:04.213000,64.213,3218.741,0.0
2023-11-25 14:38:38.845,0 days 00:53:38.841000,1709.461231508903,-2576.133427635434,-232.436104034196,OnTrack,278.3333333333333,11056.333333333334,96.0,0.0,8,7,4219.881806657126,0.80568215425913,27.0,509.1825000000014,interpolation,0 days 00:01:04.313000,64.313,3218.841,0.0
2023-11-25 14:38:38.945,0 days 00:53:38.941000,1681.894139384718,-2493.156690586062,-232.72589966087529,OnTrack,278.0,11037.0,94.0,0.0,8,7,4228.126666666666,0.8072563065407345,27.0,508.0305555555569,interpolation,0 days 00:01:04.413000,64.413,3218.941,0.0
2023-11-25 14:38:39.045,0 days 00:53:39.041000,1657.379977568174,-2411.601608243658,-232.90274545711688,OnTrack,263.6666666666667,10515.333333333334,62.66666666666667,1.0,8,7,4235.738909457405,0.8087096761968966,27.0,508.3268518518532,interpolation,0 days 00:01:04.513000,64.513,3219.041,0.0
2023-11-25 14:38:39.145,0 days 00:53:39.141000,1639.0,-2344.0,-233.0,OnTrack,249.33333333333331,9993.666666666666,31.333333333333336,1.0,8,7,4242.712980845308,0.8100412027934232,27.0,508.62314814814937,interpolation,0 days 00:01:04.613000,64.613,3219.141,0.0
2023-11-25 14:38:39.245,0 days 00:53:39.241000,1626.7542066801957,-2290.351865855087,-233.01766328952465,OnTrack,235.0,9472.0,0.0,1.0,8,7,4249.015555555555,0.811244523692582,27.0,508.9194444444456,interpolation,0 days 00:01:04.713000,64.713,3219.241,0.0
2023-11-25 14:38:39.345,0 days 00:53:39.341000,1617.0,-2240.0,-233.0,OnTrack,226.33333333333331,9656.0,0.0,1.0,8,7,4254.641079347237,0.8123185784493215,27.0,509.9824074074086,interpolation,0 days 00:01:04.813000,64.813,3219.341,0.0
2023-11-25 14:38:39.445,0 days 00:53:39.441000,1606.0947823506526,-2182.287196625821,-232.99127480573543,OnTrack,217.66666666666663,9840.0,0.0,1.0,8,7,4259.746234636962,0.8132932816993427,27.0,511.04537037037153,interpolation,0 days 00:01:04.913000,64.913,3219.441,0.0
2023-11-25 14:38:39.545,0 days 00:53:39.541000,1596.0,-2125.0,-233.0,OnTrack,209.0,10024.0,0.0,1.0,8,7,4265.27111111111,0.8143481203378763,27.0,512.1083333333345,interpolation,0 days 00:01:05.013000,65.013,3219.541,0.0
2023-11-25 14:38:39.645,0 days 00:53:39.641000,1588.6770992158897,-2075.924954389988,-233.0346878760629,OnTrack,192.5,10099.5,0.0,1.0,8,7,4271.37238958187,0.8155130086942994,27.0,514.6750000000011,interpolation,0 days 00:01:05.113000,65.113,3219.641,0.0
2023-11-25 14:38:39.745,0 days 00:53:39.741000,1583.865309516499,-2034.016361563182,-233.07512165031048,OnTrack,176.0,10175.0,0.0,1.0,8,7,4277.004444444443,0.8165883103976374,27.0,517.2416666666677,interpolation,0 days 00:01:05.213000,65.213,3219.741,0.0
2023-11-25 14:38:39.845,0 days 00:53:39.841000,1580.0,-1993.0,-233.0,OnTrack,170.33333333333334,10213.666666666666,0.0,1.0,8,7,4281.121650094032,0.8173743890769158,27.0,519.3750000000013,interpolation,0 days 00:01:05.313000,65.313,3219.841,0.0
2023-11-25 14:38:39.945,0 days 00:53:39.941000,1576.8203975142674,-1951.830160759834,-232.789105934497,OnTrack,164.66666666666666,10252.333333333334,0.0,1.0,8,7,4284.034331103634,0.8179304935409754,27.0,521.5083333333347,interpolation,0 days 00:01:05.413000,65.413,3219.941,0.0
2023-11-25 14:38:40.045,0 days 00:53:40.041000,1574.4911344395666,-1909.50350161256,-232.44688385142567,OnTrack,159.0,10291.0,0.0,1.0,8,4,4287.604444444443,0.8186121184629899,27.0,523.6416666666682,car,0 days 00:01:05.513000,65.513,3220.041,0.0
2023-11-25 14:38:40.145,0 days 00:53:40.141000,1574.0,-1860.0,-232.0,OnTrack,153.0,10031.666666666666,0.0,1.0,8,4,4292.142317867202,0.8194785132585112,27.0,527.4750000000016,interpolation,0 days 00:01:05.613000,65.613,3220.141,0.0
2023-11-25 14:38:40.245,0 days 00:53:40.241000,1575.5116248900067,-1802.3163239662035,-231.4528987323338,OnTrack,147.0,9772.333333333334,0.0,1.0,8,4,4297.379405953707,0.8204784058159105,27.0,531.3083333333349,interpolation,0 days 00:01:05.713000,65.713,3220.241,0.0
2023-11-25 14:38:40.345,0 days 00:53:40.341000,1578.0,-1749.0,-231.0,OnTrack,141.0,9513.0,0.0,1.0,8,4,4301.704444444444,0.8213041650404871,27.0,535.1416666666682,interpolation,0 days 00:01:05.813000,65.813,3220.341,0.0
2023-11-25 14:38:40.445,0 days 00:53:40.441000,1580.4391162203938,-1712.5985545902208,-230.83572375457143,OnTrack,138.0,9337.5,0.0,1.0,8,3,4304.848890671101,0.8219045193456359,27.0,537.8972222222237,interpolation,0 days 00:01:05.913000,65.913,3220.441,0.0
2023-11-25 14:38:40.545,0 days 00:53:40.541000,1583.25457521042,-1689.9408541788237,-230.9186213903677,OnTrack,135.0,9162.0,0.0,1.0,8,3,4307.704444444444,0.8224497167755922,27.0,540.6527777777792,interpolation,0 days 00:01:06.013000,66.013,3220.541,0.0
2023-11-25 14:38:40.645,0 days 00:53:40.641000,1589.0,-1662.0,-231.0,OnTrack,132.5,8983.0,0.0,1.0,8,3,4311.162805575235,0.8231100053745919,27.0,544.7472222222236,interpolation,0 days 00:01:06.113000,66.113,3220.641,0.0
2023-11-25 14:38:40.745,0 days 00:53:40.741000,1598.10099660655,-1625.6048260231337,-231.0384105533521,OnTrack,130.0,8804.0,0.0,1.0,8,3,4315.223974063475,0.8238853851426349,27.0,548.8416666666681,interpolation,0 days 00:01:06.213000,66.213,3220.741,0.0
2023-11-25 14:38:40.845,0 days 00:53:40.841000,1609.5164831131267,-1584.1496195367663,-231.03537222325207,OnTrack,127.5,8625.0,0.0,1.0,8,3,4319.344822186645,0.8246721592622349,27.0,552.9361111111125,interpolation,0 days 00:01:06.313000,66.313,3220.841,0.0
2023-11-25 14:38:40.945,0 days 00:53:40.941000,1617.0,-1558.0,-231.0,OnTrack,125.0,8446.0,0.0,1.0,8,3,4322.982222222221,0.8253666309159062,27.0,557.0305555555569,interpolation,0 days 00:01:06.413000,66.413,3220.941,0.0
2023-11-25 14:38:41.045,0 days 00:53:41.041000,1622.0,-1546.0,-231.0,OnTrack,121.0,8265.0,0.0,1.0,8,3,4326.136174170207,0.8259688001036483,27.0,560.815740740742,interpolation,0 days 00:01:06.513000,66.513,3221.041,0.0
2023-11-25 14:38:41.145,0 days 00:53:41.141000,1639.453550570107,-1520.848439654736,-231.43249194479029,OnTrack,117.0,8084.0,0.0,1.0,8,3,4328.893052992184,0.8264951579899802,27.0,564.6009259259268,interpolation,0 days 00:01:06.613000,66.613,3221.141,0.0
2023-11-25 14:38:41.245,0 days 00:53:41.241000,1669.4957200693034,-1481.724034133366,-232.2754939800409,OnTrack,113.0,7903.0,0.0,1.0,8,3,4331.77111111111,0.8270446520686251,27.0,568.3861111111119,interpolation,0 days 00:01:06.713000,66.713,3221.241,0.0
2023-11-25 14:38:41.345,0 days 00:53:41.341000,1698.0,-1451.0,-233.0,OnTrack,111.5,7718.0,1.4999999999999998,0.0,8,3,4334.85672437305,0.8276337736729716,27.0,572.6361111111119,interpolation,0 days 00:01:06.813000,66.813,3221.341,0.0
2023-11-25 14:38:41.445,0 days 00:53:41.441000,1722.6119843338663,-1432.405187590212,-233.5178427717933,OnTrack,110.0,7533.0,3.0,0.0,8,3,4337.882222222222,0.8282114177247508,27.0,576.8861111111119,interpolation,0 days 00:01:06.913000,66.913,3221.441,0.0
2023-11-25 14:38:41.545,0 days 00:53:41.541000,1744.2028849625883,-1424.4281322918885,-233.83640687345,OnTrack,109.0,7600.5,11.75,0.0,8,3,4340.579934102838,0.8287264791456931,27.0,580.9222916666677,interpolation,0 days 00:01:07.013000,67.013,3221.541,0.0
2023-11-25 14:38:41.645,0 days 00:53:41.641000,1768.0,-1418.0,-234.0,OnTrack,108.0,7668.0,20.5,0.0,8,3,4342.9498600149,0.8291789579357989,27.0,584.9584722222235,interpolation,0 days 00:01:07.113000,67.113,3221.641,0.0
2023-11-25 14:38:41.745,0 days 00:53:41.741000,1794.8745502590436,-1411.609310624957,-234.01600680509097,OnTrack,107.0,7735.5,29.25,0.0,8,3,4345.443328141734,0.8296550240589861,27.0,588.9946527777793,interpolation,0 days 00:01:07.213000,67.213,3221.741,0.0
2023-11-25 14:38:41.845,0 days 00:53:41.841000,1821.0,-1406.0,-234.0,OnTrack,106.0,7803.0,38.0,0.0,8,3,4348.511666666665,0.8302408474791736,27.0,593.0308333333351,interpolation,0 days 00:01:07.313000,67.313,3221.841,0.0
2023-11-25 14:38:41.945,0 days 00:53:41.941000,1842.5498134831523,-1401.91600395837,-234.0675522960044,OnTrack,108.5,8002.0,45.0,0.0,8,3,4352.154875589695,0.8309364281963614,27.0,598.2308333333344,interpolation,0 days 00:01:07.413000,67.413,3221.941,0.0
2023-11-25 14:38:42.045,0 days 00:53:42.041000,1862.1992740983203,-1399.321327307749,-234.16829305547304,OnTrack,111.0,8201.0,52.0,0.0,8,3,4355.911666666666,0.8316536946191367,27.0,603.4308333333338,interpolation,0 days 00:01:07.513000,67.513,3222.041,0.0
2023-11-25 14:38:42.145,0 days 00:53:42.141000,1896.0,-1398.0,-234.0,OnTrack,113.5,8536.5,56.0,0.0,8,3,4359.320751653428,0.8323045751560878,27.0,607.6252777777786,interpolation,0 days 00:01:07.613000,67.613,3222.141,0.0
2023-11-25 14:38:42.245,0 days 00:53:42.241000,1946.6272471832492,-1397.9160272113943,-233.512303007747,OnTrack,116.0,8872.0,60.0,0.0,8,3,4362.35611111111,0.8328841020383237,27.0,611.8197222222234,interpolation,0 days 00:01:07.713000,67.713,3222.241,0.0
2023-11-25 14:38:42.345,0 days 00:53:42.341000,2000.0,-1399.0,-233.0,OnTrack,118.25,9013.75,63.5,0.0,8,3,4364.991725600847,0.8333873074969546,27.0,614.4447222222234,interpolation,0 days 00:01:07.813000,67.813,3222.341,0.0
2023-11-25 14:38:42.445,0 days 00:53:42.441000,2042.0372428021835,-1401.1825094238854,-232.75788889804505,OnTrack,120.5,9155.5,67.0,0.0,8,3,4367.2275951226375,0.8338141915319804,27.0,617.0697222222234,interpolation,0 days 00:01:07.913000,67.913,3222.441,0.0
2023-11-25 14:38:42.545,0 days 00:53:42.541000,2072.7389755898,-1404.463555483051,-232.78596970188224,OnTrack,122.75,9297.25,70.5,0.0,8,3,4370.152722638663,0.8343726723488784,27.0,619.6947222222234,interpolation,0 days 00:01:08.013000,68.013,3222.541,0.0
2023-11-25 14:38:42.645,0 days 00:53:42.641000,2098.571220582516,-1408.2628238006907,-232.92106565477823,OnTrack,125.0,9439.0,74.0,0.0,8,3,4374.85611111111,0.8352706681531261,27.0,622.3197222222234,interpolation,0 days 00:01:08.113000,68.113,3222.641,0.0
2023-11-25 14:38:42.745,0 days 00:53:42.741000,2126.0,-1412.0,-233.0,OnTrack,133.0,9624.0,82.0,0.0,8,3,4380.767222222221,0.8363992487514148,27.0,626.0086111111123,interpolation,0 days 00:01:08.213000,68.213,3222.741,0.0
2023-11-25 14:38:42.845,0 days 00:53:42.841000,2155.025313842251,-1415.675084080978,-233.02277273754729,OnTrack,135.66666666666666,9319.333333333334,81.33333333333333,0.0,8,3,4384.462808538456,0.8371048296375474,27.0,627.1641666666679,interpolation,0 days 00:01:08.313000,68.313,3222.841,0.0
2023-11-25 14:38:42.945,0 days 00:53:42.941000,2186.0509890863063,-1418.861524623154,-233.0005134528068,OnTrack,138.33333333333334,9014.666666666666,80.66666666666667,0.0,8,3,4386.113595360199,0.8374200065888701,27.0,628.3197222222237,interpolation,0 days 00:01:08.413000,68.413,3222.941,0.0
2023-11-25 14:38:43.045,0 days 00:53:43.041000,2221.5,-1419.0,-233.0,OnTrack,141.0,8710.0,80.0,0.0,8,3,4390.1672222222205,0.8381939464697462,27.0,629.4752777777794,interpolation,0 days 00:01:08.513000,68.513,3223.041,0.0
2023-11-25 14:38:43.145,0 days 00:53:43.141000,2261.7761776955786,-1415.6639544231357,-233.032362078481,OnTrack,147.0,8956.0,59.0,0.0,8,4,4396.700555555554,0.8394413250257496,27.0,630.2752777777796,interpolation,0 days 00:01:08.613000,68.613,3223.141,0.0
2023-11-25 14:38:43.245,0 days 00:53:43.241000,2306.8795221730425,-1408.8533878925612,-233.09759968824977,OnTrack,148.0,8996.0,54.66666666666666,0.0,8,4,4401.727111228922,0.8404010216212876,27.0,630.3789814814833,interpolation,0 days 00:01:08.713000,68.713,3223.241,0.0
2023-11-25 14:38:43.345,0 days 00:53:43.341000,2350.918105563985,-1399.6161274157062,-233.11403745389367,OnTrack,149.0,9036.0,50.333333333333336,0.0,8,4,4404.926980075769,0.8410119575062236,27.0,630.482685185187,interpolation,0 days 00:01:08.813000,68.813,3223.341,0.0
2023-11-25 14:38:43.445,0 days 00:53:43.441000,2388.0,-1389.0,-233.0,OnTrack,150.0,9076.0,46.0,0.0,8,4,4408.36722222222,0.8416687867328985,27.0,630.5863888888907,interpolation,0 days 00:01:08.913000,68.913,3223.441,0.0
2023-11-25 14:38:43.545,0 days 00:53:43.541000,2418.1252054810893,-1377.0050056454438,-232.75548732656893,OnTrack,149.0,8963.0,24.5,0.0,8,4,4412.392349453189,0.8424372853134743,27.0,630.5863888888907,interpolation,0 days 00:01:09.013000,69.013,3223.541,0.0
2023-11-25 14:38:43.645,0 days 00:53:43.641000,2442.4597760342026,-1363.4224307374316,-232.39438433420565,OnTrack,148.0,8850.0,3.0,0.0,8,4,4416.589444444443,0.8432386168884131,27.0,630.5863888888907,interpolation,0 days 00:01:09.113000,69.113,3223.641,0.0
2023-11-25 14:38:43.745,0 days 00:53:43.741000,2468.0,-1347.0,-232.0,OnTrack,147.0,8737.0,3.0,0.0,8,4,4420.545589871749,0.8439939450981763,27.0,630.4308333333353,pos,0 days 00:01:09.213000,69.213,3223.741,0.0
2023-11-25 14:38:43.845,0 days 00:53:43.841000,2495.911919465102,-1327.529001955761,-231.58621908237683,OnTrack,146.0,8624.0,3.0,0.0,8,4,4424.275473583875,0.8447060742245374,27.0,630.2752777777799,interpolation,0 days 00:01:09.313000,69.313,3223.841,0.0
2023-11-25 14:38:43.945,0 days 00:53:43.941000,2527.1009930173964,-1304.071517145395,-231.18632285697132,OnTrack,145.0,8511.0,3.0,0.0,8,4,4427.86722222222,0.8453918298719902,27.0,630.1197222222245,interpolation,0 days 00:01:09.413000,69.413,3223.941,0.0
2023-11-25 14:38:44.045,0 days 00:53:44.041000,2567.0,-1271.0,-231.0,OnTrack,143.33333333333334,8537.666666666666,11.0,0.0,8,4,4431.335523485148,0.8460540162935926,27.0,629.9382407407433,pos,0 days 00:01:09.513000,69.513,3224.041,0.0
2023-11-25 14:38:44.145,0 days 00:53:44.141000,2614.0,-1229.0,-231.0,OnTrack,141.66666666666666,8564.333333333334,19.0,0.0,8,4,4434.77530229602,0.8467107570577881,27.0,629.7567592592619,interpolation,0 days 00:01:09.613000,69.613,3224.141,0.0
2023-11-25 14:38:44.245,0 days 00:53:44.241000,2653.014466138048,-1187.8124382833548,-230.823128230018,OnTrack,140.0,8591.0,27.0,0.0,8,4,4438.756111111109,0.8474707941319959,27.0,629.5752777777807,interpolation,0 days 00:01:09.713000,69.713,3224.241,0.0
2023-11-25 14:38:44.345,0 days 00:53:44.341000,2682.024129951664,-1149.3113519183712,-230.43583283500095,OnTrack,140.0,8678.0,39.5,0.0,8,4,4443.372875825814,0.8483522512702462,27.0,629.2086111111139,interpolation,0 days 00:01:09.813000,69.813,3224.341,0.0
2023-11-25 14:38:44.445,0 days 00:53:44.441000,2704.0,-1115.0,-230.0,OnTrack,140.0,8765.0,52.0,0.0,8,4,4448.089444444442,0.849252763497715,27.0,628.8419444444471,pos,0 days 00:01:09.913000,69.913,3224.441,0.0
2023-11-25 14:38:44.545,0 days 00:53:44.541000,2719.4372469115133,-1085.1289269935164,-229.5426108939999,OnTrack,142.0,8753.5,57.0,0.0,8,4,4452.369664971303,0.8500699658395782,27.0,628.3697222222249,interpolation,0 days 00:01:10.013000,70.013,3224.541,0.0
2023-11-25 14:38:44.645,0 days 00:53:44.641000,2729.036331818873,-1059.3972854591188,-229.11220303056345,OnTrack,144.0,8742.0,62.0,0.0,8,4,4456.089444444442,0.8507801658111885,27.0,627.8975000000028,interpolation,0 days 00:01:10.113000,70.113,3224.641,0.0
2023-11-25 14:38:44.745,0 days 00:53:44.741000,2737.0,-1036.0,-229.0,OnTrack,144.0,9010.0,66.0,0.0,8,4,4459.124689901902,0.8513596709278991,27.0,627.5197222222255,interpolation,0 days 00:01:10.213000,70.213,3224.741,0.0
2023-11-25 14:38:44.845,0 days 00:53:44.841000,2744.02870541488,-1014.63622625702,-229.25453881885085,OnTrack,144.0,9278.0,70.0,0.0,8,4,4462.489444444442,0.8520020876619673,27.0,627.1419444444482,interpolation,0 days 00:01:10.313000,70.313,3224.841,0.0
2023-11-25 14:38:44.945,0 days 00:53:44.941000,2750.424532816181,-990.8605111907688,-229.66872663790696,OnTrack,147.0,9378.0,74.5,0.0,8,4,4467.197751172822,0.852901022485651,27.0,626.5419444444483,interpolation,0 days 00:01:10.413000,70.413,3224.941,0.0
2023-11-25 14:38:45.045,0 days 00:53:45.041000,2758.0,-938.0,-229.0,OnTrack,150.0,9478.0,79.0,0.0,8,4,4472.489444444442,0.8539113405538092,27.0,625.9419444444484,pos,0 days 00:01:10.513000,70.513,3225.041,0.0
2023-11-25 14:38:45.145,0 days 00:53:45.141000,2767.0571948123693,-851.6091941236311,-227.0412639352794,OnTrack,153.0,9600.333333333334,80.0,0.0,8,4,4477.604358616706,0.8548879070213011,27.0,625.408611111115,interpolation,0 days 00:01:10.613000,70.613,3225.141,0.0
2023-11-25 14:38:45.245,0 days 00:53:45.241000,2775.0,-764.0,-225.0,OnTrack,156.0,9722.666666666666,81.0,0.0,8,4,4482.466818777378,0.8558162736336239,27.0,624.8752777777814,interpolation,0 days 00:01:10.713000,70.713,3225.241,0.0
2023-11-25 14:38:45.345,0 days 00:53:45.341000,2779.232298309603,-707.4843240674451,-224.0836897504168,OnTrack,159.0,9845.0,82.0,0.0,8,4,4486.622777777775,0.8566097513076124,27.0,624.341944444448,interpolation,0 days 00:01:10.813000,70.813,3225.341,0.0
2023-11-25 14:38:45.445,0 days 00:53:45.441000,2779.754089741178,-682.0621663259665,-224.29233318652985,OnTrack,161.0,9929.333333333334,81.66666666666667,0.0,8,4,4489.99656148057,0.8572538919367135,27.0,624.1206481481519,interpolation,0 days 00:01:10.913000,70.913,3225.441,0.0
2023-11-25 14:38:45.545,0 days 00:53:45.541000,2778.648836302164,-668.1089254215044,-225.10481002937797,OnTrack,163.0,10013.666666666666,81.33333333333333,0.0,8,4,4492.941428841201,0.857816141589151,27.0,623.8993518518558,interpolation,0 days 00:01:11.013000,71.013,3225.541,0.0
2023-11-25 14:38:45.645,0 days 00:53:45.641000,2778.0,-646.0,-226.0,OnTrack,165.0,10098.0,81.0,0.0,8,4,4497.576944444441,0.8587011787462177,27.0,623.6780555555597,car,0 days 00:01:11.113000,71.113,3225.641,0.0
2023-11-25 14:38:45.745,0 days 00:53:45.741000,2777.807580834684,-615.735390061453,-226.977903098396,OnTrack,167.0,10070.5,43.0,0.0,8,4,4504.256370863122,0.859976450166789,27.0,623.7169444444489,interpolation,0 days 00:01:11.213000,71.213,3225.741,0.0
2023-11-25 14:38:45.845,0 days 00:53:45.841000,2775.0,-572.0,-228.0,OnTrack,169.0,10043.0,5.0,0.0,8,4,4510.7213888888855,0.8612107856029387,27.0,623.7558333333382,interpolation,0 days 00:01:11.313000,71.313,3225.841,0.0
2023-11-25 14:38:45.945,0 days 00:53:45.941000,2766.5056786897303,-509.47873420977794,-229.0277713802461,OnTrack,166.5,10058.5,5.5,0.0,8,4,4514.713679313375,0.8619730148067418,27.0,623.9780555555608,interpolation,0 days 00:01:11.413000,71.413,3225.941,0.0
2023-11-25 14:38:46.045,0 days 00:53:46.041000,2753.0,-443.0,-230.0,OnTrack,164.0,10074.0,6.0,0.0,8,4,4518.010277777774,0.8626024188218812,27.0,624.2002777777834,interpolation,0 days 00:01:11.513000,71.513,3226.041,0.0
2023-11-25 14:38:46.145,0 days 00:53:46.141000,2735.158347026937,-387.39220467988,-230.85546862012788,OnTrack,162.0,9750.5,3.0000000000000004,0.0,8,4,4522.388219923263,0.8634382786920403,27.0,624.7002777777834,interpolation,0 days 00:01:11.613000,71.613,3226.141,0.0
2023-11-25 14:38:46.245,0 days 00:53:46.241000,2713.595486509957,-342.12318746535806,-231.57016317405007,OnTrack,160.0,9427.0,0.0,0.0,8,4,4526.899166666663,0.8642995325035184,27.0,625.2002777777834,interpolation,0 days 00:01:11.713000,71.713,3226.241,0.0
2023-11-25 14:38:46.345,0 days 00:53:46.341000,2692.0,-304.0,-232.0,OnTrack,158.66666666666666,9401.333333333334,0.0,0.0,8,4,4530.594778924797,0.8650051183426153,27.0,626.2373148148205,interpolation,0 days 00:01:11.813000,71.813,3226.341,0.0
2023-11-25 14:38:46.445,0 days 00:53:46.441000,2670.986647941306,-272.49048694904457,-232.12096527730105,OnTrack,157.33333333333334,9375.666666666666,0.0,0.0,8,4,4533.86311357942,0.8656291260817,27.0,627.2743518518577,interpolation,0 days 00:01:11.913000,71.913,3226.441,0.0
2023-11-25 14:38:46.545,0 days 00:53:46.541000,2650.365836850166,-246.8932635854109,-231.99569421594023,OnTrack,156.0,9350.0,0.0,0.0,8,4,4539.032499999996,0.8666160926789532,27.0,628.3113888888947,interpolation,0 days 00:01:12.013000,72.013,3226.541,0.0
2023-11-25 14:38:46.645,0 days 00:53:46.641000,2629.0,-223.0,-232.0,OnTrack,154.0,9182.0,0.0,0.0,8,4,4545.87694444444,0.8679228702138139,27.0,630.2669444444509,interpolation,0 days 00:01:12.113000,72.113,3226.641,0.0
2023-11-25 14:38:46.745,0 days 00:53:46.741000,2606.699541965652,-200.10930428351455,-232.1965184808552,OnTrack,154.0,9117.333333333334,8.666666666666666,0.0,8,4,4550.712185875257,0.8688460400822682,27.0,631.4669444444507,interpolation,0 days 00:01:12.213000,72.213,3226.741,0.0
2023-11-25 14:38:46.845,0 days 00:53:46.841000,2582.876153811879,-177.85055112007785,-232.4556721569993,OnTrack,154.0,9052.666666666666,17.333333333333332,0.0,8,4,4553.327593362859,0.8693453875131729,27.0,632.6669444444506,interpolation,0 days 00:01:12.313000,72.313,3226.841,0.0
2023-11-25 14:38:46.945,0 days 00:53:46.941000,2554.0,-154.0,-232.0,OnTrack,154.0,8988.0,26.0,0.0,8,4,4556.143611111107,0.869883036516105,27.0,633.8669444444504,interpolation,0 days 00:01:12.413000,72.413,3226.941,0.0
2023-11-25 14:38:47.045,0 days 00:53:47.041000,2521.0,-129.0,-231.0,OnTrack,154.0,9192.0,38.75,0.0,8,4,4559.563644421868,0.8705360073649817,27.0,635.5891666666726,interpolation,0 days 00:01:12.513000,72.513,3227.041,0.0
2023-11-25 14:38:47.145,0 days 00:53:47.141000,2492.979441488816,-107.72834973017784,-231.2561079274459,OnTrack,154.0,9396.0,51.5,0.0,8,4,4563.587693295145,0.8713043000598035,27.0,637.3113888888947,interpolation,0 days 00:01:12.613000,72.613,3227.141,0.0
2023-11-25 14:38:47.245,0 days 00:53:47.241000,2449.0,-84.0,-232.0,OnTrack,154.0,9600.0,64.25,0.0,8,4,4568.16747885418,0.8721786969420638,27.0,639.0336111111169,interpolation,0 days 00:01:12.713000,72.713,3227.241,0.0
2023-11-25 14:38:47.345,0 days 00:53:47.341000,2366.6061442224054,-50.816939346297374,-232.1632813432859,OnTrack,154.0,9804.0,77.0,0.0,8,4,4573.254722222217,0.8731499803532566,27.0,640.7558333333391,interpolation,0 days 00:01:12.813000,72.813,3227.341,0.0
2023-11-25 14:38:47.445,0 days 00:53:47.441000,2280.0,-20.0,-232.0,OnTrack,157.5,9941.0,80.5,0.0,8,4,4578.849423399258,0.8742181502933823,27.0,642.8891666666732,interpolation,0 days 00:01:12.913000,72.913,3227.441,0.0
2023-11-25 14:38:47.545,0 days 00:53:47.541000,2223.383693176751,-3.3700141920379107,-231.76420401283892,OnTrack,161.0,10078.0,84.0,0.0,8,4,4583.98805555555,0.8751992451238335,27.0,645.0225000000073,interpolation,0 days 00:01:13.013000,73.013,3227.541,0.0
2023-11-25 14:38:47.645,0 days 00:53:47.641000,2196.7572237526592,-0.9269819224111044,-231.45589338180264,OnTrack,161.0,10074.0,85.0,0.0,8,4,4587.707091861346,0.8759093032060041,27.0,646.5780555555625,interpolation,0 days 00:01:13.113000,73.113,3227.641,0.0
2023-11-25 14:38:47.745,0 days 00:53:47.741000,2181.7521424522383,-4.770458691578745,-231.16963605986504,OnTrack,161.0,10070.0,86.0,0.0,8,4,4591.143611111106,0.8765654216375517,27.0,648.1336111111177,interpolation,0 days 00:01:13.213000,73.213,3227.741,0.0
2023-11-25 14:38:47.845,0 days 00:53:47.841000,2160.0,-7.0,-231.0,OnTrack,164.5,10283.75,89.5,0.0,8,4,4595.434692099292,0.8773846975161339,27.0,649.943680555562,interpolation,0 days 00:01:13.313000,73.313,3227.841,0.0
2023-11-25 14:38:47.945,0 days 00:53:47.941000,2131.500796395945,-7.61560584767487,-230.9469852022076,OnTrack,168.0,10497.5,93.0,0.0,8,4,4600.580334825903,0.8783671308417508,27.0,651.7537500000062,interpolation,0 days 00:01:13.413000,73.413,3227.941,0.0
2023-11-25 14:38:48.045,0 days 00:53:48.041000,2095.892174210744,-7.17227688891185,-230.98938943935767,OnTrack,171.5,10711.25,96.5,0.0,8,4,4605.880879584005,0.8793791388825252,27.0,653.5638194444505,interpolation,0 days 00:01:13.513000,73.513,3228.041,0.0
2023-11-25 14:38:48.145,0 days 00:53:48.141000,2051.0,-9.0,-231.0,OnTrack,175.0,10925.0,100.0,0.0,8,4,4610.636666666662,0.8802871389065796,27.0,655.3738888888947,interpolation,0 days 00:01:13.613000,73.613,3228.141,0.0
2023-11-25 14:38:48.245,0 days 00:53:48.241000,1996.461920044905,-13.65377015207022,-230.9576148741143,OnTrack,176.66666666666666,11081.666666666666,100.0,0.0,8,4,4614.847696073872,0.8810911309139142,27.0,657.0850000000058,interpolation,0 days 00:01:13.713000,73.713,3228.241,0.0
2023-11-25 14:38:48.345,0 days 00:53:48.341000,1939.0,-20.0,-231.0,OnTrack,178.33333333333334,11238.333333333334,100.0,0.0,8,4,4618.847431645708,0.8818547815846275,27.0,658.7961111111168,interpolation,0 days 00:01:13.813000,73.813,3228.341,0.0
2023-11-25 14:38:48.445,0 days 00:53:48.441000,1885.336305519827,-26.90510219866684,-231.2649213159568,OnTrack,180.0,11395.0,100.0,0.0,8,4,4624.636666666662,0.8829600929551584,27.0,660.5072222222279,interpolation,0 days 00:01:13.913000,73.913,3228.441,0.0
2023-11-25 14:38:48.545,0 days 00:53:48.541000,1834.2037750122283,-34.436640556539736,-231.7010042731121,OnTrack,191.5,11221.5,100.0,0.0,8,4,4632.548868391494,0.8844707323575556,27.0,662.4127777777835,interpolation,0 days 00:01:14.013000,74.013,3228.541,0.0
2023-11-25 14:38:48.645,0 days 00:53:48.641000,1778.0,-43.0,-232.0,OnTrack,203.0,11048.0,100.0,0.0,8,4,4640.425555555551,0.8859745911321667,27.0,664.3183333333391,pos,0 days 00:01:14.113000,74.113,3228.641,0.0
2023-11-25 14:38:48.745,0 days 00:53:48.741000,1715.4579059162074,-52.66274502937357,-232.11053342167008,OnTrack,205.0,10983.333333333334,100.0,0.0,8,4,4646.108246894185,0.8870595606193398,27.0,665.3627777777834,interpolation,0 days 00:01:14.213000,74.213,3228.741,0.0
2023-11-25 14:38:48.845,0 days 00:53:48.841000,1645.0931809684257,-63.50416571020732,-232.0585809213039,OnTrack,207.0,10918.666666666666,100.0,0.0,8,4,4649.982193366124,0.887799194969779,27.0,666.4072222222279,interpolation,0 days 00:01:14.313000,74.313,3228.841,0.0
2023-11-25 14:38:48.945,0 days 00:53:48.941000,1558.0,-76.0,-232.0,OnTrack,209.0,10854.0,100.0,0.0,8,4,4654.358888888884,0.8886348168281331,27.0,667.4516666666723,interpolation,0 days 00:01:14.413000,74.413,3228.941,0.0
2023-11-25 14:38:49.045,0 days 00:53:49.041000,1452.6940664177796,-90.2295371523724,-231.96076677494324,OnTrack,212.0,11002.0,100.0,0.0,8,5,4659.623580476244,0.8896399795919154,27.0,668.5664814814872,interpolation,0 days 00:01:14.513000,74.513,3229.041,0.0
2023-11-25 14:38:49.145,0 days 00:53:49.141000,1355.0,-103.0,-232.0,OnTrack,215.0,11150.0,100.0,0.0,8,5,4665.609323431341,0.8907828092965997,27.0,669.6812962963022,interpolation,0 days 00:01:14.613000,74.613,3229.141,0.0
2023-11-25 14:38:49.245,0 days 00:53:49.241000,1290.7424205248976,-111.11861137555849,-232.17681842903684,OnTrack,218.0,11298.0,100.0,0.0,8,5,4671.31444444444,0.8918720611758562,27.0,670.7961111111172,interpolation,0 days 00:01:14.713000,74.713,3229.241,0.0
2023-11-25 14:38:49.345,0 days 00:53:49.341000,1259.9213279924722,-114.5853712790478,-232.49122206205365,OnTrack,219.5,11415.5,100.0,0.0,8,5,4676.571997109154,0.8928758609387679,27.0,671.9627777777837,interpolation,0 days 00:01:14.813000,74.813,3229.341,0.0
2023-11-25 14:38:49.445,0 days 00:53:49.441000,1233.3895714638106,-117.7594455430132,-232.81001466404365,OnTrack,221.0,11533.0,100.0,0.0,8,5,4683.592222222218,0.8942161994486177,27.0,673.1294444444502,interpolation,0 days 00:01:14.913000,74.913,3229.441,0.0
2023-11-25 14:38:49.545,0 days 00:53:49.541000,1182.0,-125.0,-233.0,OnTrack,229.0,11748.0,100.0,0.0,8,5,4693.769999999996,0.8961593946140924,27.0,674.7738888888944,interpolation,0 days 00:01:15.013000,75.013,3229.541,0.0
2023-11-25 14:38:49.645,0 days 00:53:49.641000,1105.75261360104,-136.30703465000818,-233.0611780699227,OnTrack,230.8,11550.6,100.0,0.0,8,5,4702.2131419123,0.8977714039253222,27.0,675.4827777777833,interpolation,0 days 00:01:15.113000,75.113,3229.641,0.0
2023-11-25 14:38:49.745,0 days 00:53:49.741000,1011.2380124378644,-150.6671591155233,-233.0160918622351,OnTrack,232.6,11353.2,100.0,0.0,8,5,4708.1062790294245,0.8988965528336115,27.0,676.1916666666723,interpolation,0 days 00:01:15.213000,75.213,3229.741,0.0
2023-11-25 14:38:49.845,0 days 00:53:49.841000,938.0,-162.0,-233.0,OnTrack,234.4,11155.8,100.0,0.0,8,5,4711.944342469767,0.8996293362058659,27.0,676.9005555555611,interpolation,0 days 00:01:15.313000,75.313,3229.841,0.0
2023-11-25 14:38:49.945,0 days 00:53:49.941000,892.6292439464708,-169.29215654875333,-233.0354457024822,OnTrack,236.2,10958.4,100.0,0.0,8,5,4716.696903739477,0.9005367203406511,27.0,677.6094444444501,interpolation,0 days 00:01:15.413000,75.413,3229.941,0.0
2023-11-25 14:38:50.045,0 days 00:53:50.041000,869.2935575932121,-173.4598078179871,-233.09343444831416,OnTrack,238.0,10761.0,100.0,0.0,8,5,4722.858888888884,0.9017131991372505,27.0,678.3183333333391,interpolation,0 days 00:01:15.513000,75.513,3230.041,0.0
2023-11-25 14:38:50.145,0 days 00:53:50.141000,833.0,-180.0,-233.0,OnTrack,240.25,10838.0,100.0,0.0,8,5,4730.430297917988,0.9031587725956638,27.0,679.118333333339,interpolation,0 days 00:01:15.613000,75.613,3230.141,0.0
2023-11-25 14:38:50.245,0 days 00:53:50.241000,777.9164442040557,-189.8289027693704,-232.72614813307464,OnTrack,242.5,10915.0,100.0,0.0,8,5,4739.411130826789,0.9048734407158916,27.0,679.918333333339,interpolation,0 days 00:01:15.713000,75.713,3230.241,0.0
2023-11-25 14:38:50.345,0 days 00:53:50.341000,708.0007280288055,-202.24064741656247,-232.31219069400765,OnTrack,244.75,10992.0,100.0,0.0,8,5,4748.349176099972,0.9065799395944152,27.0,680.7183333333389,interpolation,0 days 00:01:15.813000,75.813,3230.341,0.0
2023-11-25 14:38:50.445,0 days 00:53:50.441000,647.0,-213.0,-232.0,OnTrack,247.0,11069.0,100.0,0.0,8,5,4755.792222222218,0.9080010053277164,27.0,681.5183333333389,interpolation,0 days 00:01:15.913000,75.913,3230.441,0.0
2023-11-25 14:38:50.545,0 days 00:53:50.541000,598.8721384695325,-221.40108458201445,-231.82988831031676,OnTrack,248.5,11106.5,100.0,0.0,8,6,4761.740269193531,0.9091366379157956,27.0,682.0072222222275,interpolation,0 days 00:01:16.013000,76.013,3230.541,0.0
2023-11-25 14:38:50.645,0 days 00:53:50.641000,525.0,-233.0,-231.0,OnTrack,250.0,11144.0,100.0,0.0,8,6,4766.903333333329,0.9101223974297632,27.0,682.4961111111161,pos,0 days 00:01:16.113000,76.113,3230.641,0.0
2023-11-25 14:38:50.745,0 days 00:53:50.741000,402.0,-251.0,-229.0,OnTrack,251.0,11213.0,100.0,0.0,8,6,4771.991430961034,0.91109384394073,27.0,682.9405555555609,interpolation,0 days 00:01:16.213000,76.213,3230.741,0.0
2023-11-25 14:38:50.845,0 days 00:53:50.841000,321.2739595220598,-261.2839417542624,-227.57902060130755,OnTrack,252.0,11282.0,100.0,0.0,8,6,4778.103333333329,0.912260760668626,27.0,683.3850000000057,interpolation,0 days 00:01:16.313000,76.313,3230.841,0.0
2023-11-25 14:38:50.945,0 days 00:53:50.941000,289.0173018501297,-262.64950293188264,-226.8787309419515,OnTrack,252.5,11323.5,100.0,0.0,8,6,4786.337811706893,0.91383293083338,27.0,684.0183333333384,interpolation,0 days 00:01:16.413000,76.413,3230.941,0.0
2023-11-25 14:38:51.045,0 days 00:53:51.041000,251.0,-262.0,-226.0,OnTrack,253.0,11365.0,100.0,0.0,8,6,4794.969999999997,0.9154810338795332,27.0,684.6516666666712,pos,0 days 00:01:16.513000,76.513,3231.041,0.0
2023-11-25 14:38:51.145,0 days 00:53:51.141000,198.1836698646005,-260.4859915939778,-224.7929718378713,OnTrack,253.66666666666663,11391.0,100.0,0.0,8,6,4802.275032130905,0.9168757492516264,27.0,684.8850000000048,interpolation,0 days 00:01:16.613000,76.613,3231.141,0.0
2023-11-25 14:38:51.245,0 days 00:53:51.241000,130.55120863688788,-256.56697708231246,-223.32497736837837,OnTrack,254.33333333333331,11417.0,100.0,0.0,8,6,4808.4639872009,0.9180573772881134,27.0,685.1183333333383,interpolation,0 days 00:01:16.713000,76.713,3231.241,0.0
2023-11-25 14:38:51.345,0 days 00:53:51.341000,48.0,-241.0,-222.0,OnTrack,255.0,11443.0,100.0,0.0,8,6,4814.80333333333,0.919267718781686,27.0,685.3516666666719,pos,0 days 00:01:16.813000,76.813,3231.341,0.0
2023-11-25 14:38:51.445,0 days 00:53:51.441000,-49.48705867797442,-212.2445754901824,-220.88536995608425,OnTrack,255.5,11503.0,100.0,0.0,8,6,4821.5041474680365,0.9205470736581244,27.0,685.4072222222276,interpolation,0 days 00:01:16.913000,76.913,3231.441,0.0
2023-11-25 14:38:51.545,0 days 00:53:51.541000,-143.0,-178.0,-220.0,OnTrack,256.0,11563.0,100.0,0.0,8,6,4829.025555555552,0.9219831006723058,27.0,685.4627777777832,pos,0 days 00:01:17.013000,77.013,3231.541,0.0
2023-11-25 14:38:51.645,0 days 00:53:51.641000,-213.6288565690414,-145.96556997659314,-219.3628028951162,OnTrack,257.0,11566.0,100.0,0.0,8,6,4837.826683546415,0.923663458579108,27.0,684.9627777777832,interpolation,0 days 00:01:17.113000,77.113,3231.641,0.0
2023-11-25 14:38:51.745,0 days 00:53:51.741000,-270.0,-115.0,-219.0,OnTrack,258.0,11569.0,100.0,0.0,8,6,4846.225555555552,0.925267015646274,27.0,684.4627777777832,interpolation,0 days 00:01:17.213000,77.213,3231.741,0.0
2023-11-25 14:38:51.845,0 days 00:53:51.841000,-320.7398019077772,-83.9620046502587,-218.93781267321845,OnTrack,258.3333333333333,11594.0,100.0,0.0,8,6,4852.540195697895,0.9264726401415448,27.0,683.840555555561,interpolation,0 days 00:01:17.313000,77.313,3231.841,0.0
2023-11-25 14:38:51.945,0 days 00:53:51.941000,-372.0,-43.0,-219.0,OnTrack,258.6666666666667,11619.0,100.0,0.0,8,6,4857.278984664834,0.9273773947954403,27.0,683.2183333333387,interpolation,0 days 00:01:17.413000,77.413,3231.941,0.0
2023-11-25 14:38:52.045,0 days 00:53:52.041000,-429.9323319842958,17.737597878145273,-219.01032106557312,OnTrack,259.0,11644.0,100.0,0.0,8,6,4863.4922222222185,0.9285636589728544,27.0,682.5961111111164,interpolation,0 days 00:01:17.513000,77.513,3232.041,0.0
2023-11-25 14:38:52.145,0 days 00:53:52.141000,-494.5367978606645,98.25078898417712,-218.96877586993784,OnTrack,258.6666666666667,11655.0,100.0,0.0,8,6,4871.6882942672855,0.930128496398233,27.0,680.7346296296349,interpolation,0 days 00:01:17.613000,77.613,3232.141,0.0
2023-11-25 14:38:52.245,0 days 00:53:52.241000,-558.372864806701,185.1385855981204,-218.9428427393336,OnTrack,258.3333333333333,11666.0,100.0,0.0,8,6,4881.332933835863,0.931969901996941,27.0,678.8731481481533,interpolation,0 days 00:01:17.713000,77.713,3232.241,0.0
2023-11-25 14:38:52.345,0 days 00:53:52.341000,-614.0,265.0,-219.0,OnTrack,258.0,11677.0,100.0,0.0,8,6,4889.220555555553,0.9334758484547484,27.0,677.0116666666718,interpolation,0 days 00:01:17.813000,77.813,3232.341,0.0
2023-11-25 14:38:52.445,0 days 00:53:52.441000,-661.4182034405615,337.83503218981576,-219.140247651937,OnTrack,258.5,11645.5,100.0,0.0,8,6,4894.816897933053,0.9345443317415464,27.0,675.5894444444493,interpolation,0 days 00:01:17.913000,77.913,3232.441,0.0
2023-11-25 14:38:52.545,0 days 00:53:52.541000,-700.6274751283855,403.64368216756793,-219.36358569514465,OnTrack,259.0,11614.0,100.0,0.0,8,6,4900.731666666664,0.9356736106724688,27.0,674.1672222222269,interpolation,0 days 00:01:18.013000,78.013,3232.541,0.0
2023-11-25 14:38:52.645,0 days 00:53:52.641000,-734.2730092520168,463.130491061536,-219.65513089077996,OnTrack,260.0,11614.5,100.0,0.0,8,6,4909.574567454693,0.9373619440626504,27.0,671.4672222222271,interpolation,0 days 00:01:18.113000,78.113,3232.641,0.0
2023-11-25 14:38:52.745,0 days 00:53:52.741000,-765.0,517.0,-220.0,OnTrack,261.0,11615.0,100.0,0.0,8,6,4918.131666666664,0.9389957107042736,27.0,668.7672222222272,interpolation,0 days 00:01:18.213000,78.213,3232.741,0.0
2023-11-25 14:38:52.845,0 days 00:53:52.841000,-792.8084473723352,565.2522089829597,-220.3981930228048,OnTrack,261.0,11633.5,100.0,0.0,8,6,4923.189030672098,0.9399612893895212,27.0,666.8561111111162,interpolation,0 days 00:01:18.313000,78.313,3232.841,0.0
2023-11-25 14:38:52.945,0 days 00:53:52.941000,-817.7350499115287,607.4532609266118,-220.81031555930892,OnTrack,261.0,11652.0,100.0,0.0,8,6,4929.731666666664,0.9412104440588104,27.0,664.9450000000052,interpolation,0 days 00:01:18.413000,78.413,3232.941,0.0
2023-11-25 14:38:53.045,0 days 00:53:53.041000,-840.0,641.0,-221.0,OnTrack,264.0,11809.0,100.0,0.0,8,6,4941.4649999999965,0.9434506341185714,27.0,660.6783333333387,interpolation,0 days 00:01:18.513000,78.513,3233.041,0.0
2023-11-25 14:38:53.145,0 days 00:53:53.141000,-859.6399965560507,665.458564676602,-220.927851541592,OnTrack,264.6666666666667,11739.0,99.66666666666669,0.0,8,6,4950.711578904547,0.9452160398698874,27.0,657.8783333333389,interpolation,0 days 00:01:18.613000,78.613,3233.141,0.0
2023-11-25 14:38:53.245,0 days 00:53:53.241000,-876.6550395796806,680.8289549564173,-220.59387018408472,OnTrack,265.3333333333333,11669.0,99.33333333333331,0.0,8,6,4956.663849769517,0.9463524789060844,27.0,655.078333333339,interpolation,0 days 00:01:18.713000,78.713,3233.241,0.0
2023-11-25 14:38:53.345,0 days 00:53:53.341000,-907.09256281347,734.284867758024,-220.46295373453512,OnTrack,266.0,11599.0,99.0,0.0,8,6,4962.153888888885,0.9474006662125822,27.0,652.2783333333391,interpolation,0 days 00:01:18.813000,78.813,3233.341,0.0
2023-11-25 14:38:53.445,0 days 00:53:53.441000,-967.0,873.0,-221.0,OnTrack,257.0,11319.0,49.5,1.0,8,6,4967.653706561619,0.9484507204922092,27.0,650.2338888888949,pos,0 days 00:01:18.913000,78.913,3233.441,0.0
2023-11-25 14:38:53.545,0 days 00:53:53.541000,-1047.0,1072.0,-222.0,OnTrack,248.0,11039.0,0.0,1.0,8,6,4973.176111111107,0.9495050871778123,27.0,648.1894444444506,interpolation,0 days 00:01:19.013000,79.013,3233.541,0.0
2023-11-25 14:38:53.645,0 days 00:53:53.641000,-1090.8281679046406,1181.43799044925,-222.23289355376212,OnTrack,236.66666666666663,10919.666666666666,0.0,1.0,8,6,4978.733910860743,0.9505662117022392,27.0,646.5561111111174,interpolation,0 days 00:01:19.113000,79.113,3233.641,0.0
2023-11-25 14:38:53.745,0 days 00:53:53.741000,-1089.1070565500845,1176.3393639267342,-221.4936695815045,OnTrack,225.33333333333331,10800.333333333334,0.0,1.0,8,6,4984.312090261234,0.9516312272173992,27.0,644.9227777777842,interpolation,0 days 00:01:19.213000,79.213,3233.741,0.0
2023-11-25 14:38:53.845,0 days 00:53:53.841000,-1073.582416920486,1144.3210554408513,-220.75761081849456,OnTrack,214.0,10681.0,0.0,1.0,8,6,4989.820555555551,0.952682932546678,27.0,643.289444444451,car,0 days 00:01:19.313000,79.313,3233.841,0.0
2023-11-25 14:38:53.945,0 days 00:53:53.941000,-1076.0,1173.0,-221.0,OnTrack,209.0,10741.0,0.0,1.0,8,6,4995.244291040648,0.9537184608126288,27.0,641.7338888888953,interpolation,0 days 00:01:19.413000,79.413,3233.941,0.0
2023-11-25 14:38:54.045,0 days 00:53:54.041000,-1093.0,1250.0,-222.0,OnTrack,204.0,10801.0,0.0,1.0,8,6,5001.153888888885,0.9548467524907658,27.0,640.1783333333397,car,0 days 00:01:19.513000,79.513,3234.041,0.0
2023-11-25 14:38:54.145,0 days 00:53:54.141000,-1104.4236854016117,1301.0642500112635,-222.43259484646327,OnTrack,190.0,10815.5,0.0,1.0,8,6,5008.119941272624,0.9561767480566034,27.0,639.0505555555619,interpolation,0 days 00:01:19.613000,79.613,3234.141,0.0
2023-11-25 14:38:54.245,0 days 00:53:54.241000,-1108.193200500869,1323.1214567603265,-222.19549846995275,OnTrack,176.0,10830.0,0.0,1.0,8,6,5014.842777777774,0.9574603075604872,27.0,637.9227777777842,interpolation,0 days 00:01:19.713000,79.713,3234.241,0.0
2023-11-25 14:38:54.345,0 days 00:53:54.341000,-1112.0,1372.0,-222.0,OnTrack,170.0,10958.333333333334,0.0,1.0,8,4,5020.022727990243,0.9584492910527628,27.0,637.741296296303,pos,0 days 00:01:19.813000,79.813,3234.341,0.0
2023-11-25 14:38:54.445,0 days 00:53:54.441000,-1117.1259864526803,1457.004562048951,-221.96464701789463,OnTrack,164.0,11086.666666666666,0.0,1.0,8,4,5023.812869891372,0.9591729249912848,27.0,637.5598148148216,interpolation,0 days 00:01:19.913000,79.913,3234.441,0.0
2023-11-25 14:38:54.545,0 days 00:53:54.541000,-1121.0,1547.0,-222.0,OnTrack,158.0,11215.0,0.0,1.0,8,4,5027.131666666663,0.9598065672253506,27.0,637.3783333333404,interpolation,0 days 00:01:20.013000,80.013,3234.541,0.0
2023-11-25 14:38:54.645,0 days 00:53:54.641000,-1121.0508807830493,1610.8511709459692,-222.01661942267947,OnTrack,155.0,10982.666666666666,0.0,1.0,8,4,5030.132194729946,0.9603794439135382,27.0,637.5568518518588,interpolation,0 days 00:01:20.113000,80.113,3234.641,0.0
2023-11-25 14:38:54.745,0 days 00:53:54.741000,-1117.278628801828,1648.5580748868583,-222.01450528593315,OnTrack,152.0,10750.333333333334,0.0,1.0,8,4,5033.028669368743,0.960932454171565,27.0,637.7353703703772,interpolation,0 days 00:01:20.213000,80.213,3234.741,0.0
2023-11-25 14:38:54.845,0 days 00:53:54.841000,-1113.1170624196927,1666.2359413843185,-222.0051385062202,OnTrack,149.0,10518.0,0.0,1.0,8,4,5037.106388888885,0.9617109939501604,27.0,637.9138888888956,interpolation,0 days 00:01:20.313000,80.313,3234.841,0.0
2023-11-25 14:38:54.945,0 days 00:53:54.941000,-1112.0,1670.0,-222.0,OnTrack,145.0,10197.0,0.0,1.0,8,3,5042.57957077147,0.9627559627838504,27.0,638.691666666673,interpolation,0 days 00:01:20.413000,80.413,3234.941,0.0
2023-11-25 14:38:55.045,0 days 00:53:55.041000,-1113.9274415427494,1659.8502507339028,-221.9990897672725,OnTrack,141.0,9876.0,0.0,1.0,8,3,5048.073055555552,0.9638048079548804,27.0,639.4694444444503,interpolation,0 days 00:01:20.513000,80.513,3235.041,0.0
2023-11-25 14:38:55.145,0 days 00:53:55.141000,-1115.0,1655.0,-222.0,OnTrack,139.75,9776.25,0.0,0.0,8,3,5052.21168378019,0.9645949767454952,27.0,640.1138888888947,interpolation,0 days 00:01:20.613000,80.613,3235.141,0.0
2023-11-25 14:38:55.245,0 days 00:53:55.241000,-1111.3182883238103,1674.662554212266,-222.0003228901448,OnTrack,138.5,9676.5,0.0,0.0,8,3,5054.995455445383,0.9651264691556952,27.0,640.7583333333391,interpolation,0 days 00:01:20.713000,80.713,3235.241,0.0
2023-11-25 14:38:55.345,0 days 00:53:55.341000,-1103.2498547517112,1715.223917098149,-222.00014658821863,OnTrack,137.25,9576.75,0.0,0.0,8,3,5057.340249387882,0.965574149617244,27.0,641.4027777777835,interpolation,0 days 00:01:20.813000,80.813,3235.341,0.0
2023-11-25 14:38:55.445,0 days 00:53:55.441000,-1093.0,1755.0,-222.0,OnTrack,136.0,9477.0,0.0,0.0,8,3,5060.161944444441,0.9661128825619072,27.0,642.0472222222279,pos,0 days 00:01:20.913000,80.913,3235.441,0.0
2023-11-25 14:38:55.545,0 days 00:53:55.541000,-1080.9362760699205,1790.3767696377556,-221.99997127690332,OnTrack,134.0,9414.5,1.4999999999999998,0.0,8,3,5063.46054061506,0.9667426679896848,27.0,643.2138888888949,interpolation,0 days 00:01:21.013000,81.013,3235.541,0.0
2023-11-25 14:38:55.645,0 days 00:53:55.641000,-1066.0,1822.0,-222.0,OnTrack,132.0,9352.0,3.0,0.0,8,3,5067.495277777774,0.967513001349258,27.0,644.3805555555618,interpolation,0 days 00:01:21.113000,81.113,3235.641,0.0
2023-11-25 14:38:55.745,0 days 00:53:55.741000,-1047.1324888287663,1850.515465075316,-222.0000257503613,OnTrack,131.0,9673.5,33.5,0.0,8,3,5072.525395810619,0.9684733780893094,27.0,646.1694444444506,interpolation,0 days 00:01:21.213000,81.213,3235.741,0.0
2023-11-25 14:38:55.845,0 days 00:53:55.841000,-1026.0,1876.0,-222.0,OnTrack,130.0,9995.0,64.0,0.0,8,3,5077.606388888886,0.9694434681621203,27.0,647.9583333333394,interpolation,0 days 00:01:21.313000,81.313,3235.841,0.0
2023-11-25 14:38:55.945,0 days 00:53:55.941000,-1004.268790957482,1898.530439910348,-221.9998742209288,OnTrack,132.33333333333334,10151.0,67.33333333333333,0.0,8,3,5081.79375118787,0.9702429415199728,27.0,649.3064814814874,interpolation,0 days 00:01:21.413000,81.413,3235.941,0.0
2023-11-25 14:38:56.045,0 days 00:53:56.041000,-964.0,1921.0,-222.0,OnTrack,134.66666666666666,10307.0,70.66666666666667,0.0,8,3,5085.173523111973,0.9708882254519589,27.0,650.6546296296352,interpolation,0 days 00:01:21.513000,81.513,3236.041,0.0
2023-11-25 14:38:56.145,0 days 00:53:56.141000,-887.2547654263411,1946.301895462596,-222.0007289240659,OnTrack,137.0,10463.0,74.0,0.0,8,3,5088.261944444442,0.9714778831879832,27.0,652.0027777777832,interpolation,0 days 00:01:21.613000,81.613,3236.141,0.0
2023-11-25 14:38:56.245,0 days 00:53:56.241000,-806.0,1968.0,-222.0,OnTrack,139.75,10691.75,78.5,0.0,8,3,5091.145054708632,0.9720283418489234,27.0,653.1277777777832,interpolation,0 days 00:01:21.713000,81.713,3236.241,0.0
2023-11-25 14:38:56.345,0 days 00:53:56.341000,-752.2026164844713,1979.658187314076,-221.9957522346759,OnTrack,142.5,10920.5,83.0,0.0,8,3,5093.822853904539,0.9725396014347794,27.0,654.2527777777832,interpolation,0 days 00:01:21.813000,81.813,3236.341,0.0
2023-11-25 14:38:56.445,0 days 00:53:56.441000,-725.8626148797549,1981.276457404824,-221.9879856280936,OnTrack,145.25,11149.25,87.5,0.0,8,3,5097.420198370398,0.9732264254672188,27.0,655.3777777777832,interpolation,0 days 00:01:21.913000,81.913,3236.441,0.0
2023-11-25 14:38:56.545,0 days 00:53:56.541000,-708.0913058351612,1979.0064987931592,-221.98622620746448,OnTrack,148.0,11378.0,92.0,0.0,8,3,5103.061944444442,0.9743035774679092,27.0,656.5027777777832,interpolation,0 days 00:01:22.013000,82.013,3236.541,0.0
2023-11-25 14:38:56.645,0 days 00:53:56.641000,-680.0,1979.0,-222.0,OnTrack,157.0,11098.0,92.0,0.0,8,3,5110.039722222219,0.9756358117079944,27.0,658.4138888888947,interpolation,0 days 00:01:22.113000,82.113,3236.641,0.0
2023-11-25 14:38:56.745,0 days 00:53:56.741000,-641.5886973742719,1981.256961025345,-222.02930700570016,OnTrack,158.5,10611.5,96.0,0.0,8,3,5114.103334038076,0.9764116579690691,27.0,659.3472222222276,interpolation,0 days 00:01:22.213000,82.213,3236.741,0.0
2023-11-25 14:38:56.845,0 days 00:53:56.841000,-599.0,1985.0,-222.0,OnTrack,160.0,10125.0,100.0,0.0,8,3,5117.15083333333,0.9769935026533044,27.0,660.2805555555606,interpolation,0 days 00:01:22.313000,82.313,3236.841,0.0
2023-11-25 14:38:56.945,0 days 00:53:56.941000,-558.3765099192083,1989.451735054772,-221.8379317583346,OnTrack,165.5,10219.5,100.0,0.0,8,3,5121.788636200079,0.9778789765068177,27.0,661.2250000000049,interpolation,0 days 00:01:22.413000,82.413,3236.941,0.0
2023-11-25 14:38:57.045,0 days 00:53:57.041000,-506.0,1996.0,-222.0,OnTrack,171.0,10314.0,100.0,0.0,8,3,5126.65083333333,0.978807292900554,27.0,662.1694444444493,interpolation,0 days 00:01:22.513000,82.513,3237.041,0.0
2023-11-25 14:38:57.145,0 days 00:53:57.141000,-428.152243110478,2006.0326286460247,-222.9431024442922,OnTrack,172.5,10594.0,100.0,0.0,8,4,5130.371515428094,0.9795176652054594,27.0,662.9472222222266,interpolation,0 days 00:01:22.613000,82.613,3237.141,0.0
2023-11-25 14:38:57.245,0 days 00:53:57.241000,-349.0,2016.0,-224.0,OnTrack,174.0,10874.0,100.0,0.0,8,4,5134.384166666664,0.9802837818035788,27.0,663.725000000004,interpolation,0 days 00:01:22.713000,82.713,3237.241,0.0
2023-11-25 14:38:57.345,0 days 00:53:57.341000,-292.7100314179238,2022.3524930690808,-224.50345357591215,OnTrack,179.33333333333334,11198.333333333334,100.0,0.0,8,4,5140.122271231339,0.9813793310769584,27.0,664.5916666666708,interpolation,0 days 00:01:22.813000,82.813,3237.341,0.0
2023-11-25 14:38:57.445,0 days 00:53:57.441000,-259.2823373642493,2025.0901078532663,-224.4534631720288,OnTrack,184.66666666666663,11522.666666666666,100.0,0.0,8,4,5147.209086317024,0.9827323832965876,27.0,665.4583333333376,interpolation,0 days 00:01:22.913000,82.913,3237.441,0.0
2023-11-25 14:38:57.545,0 days 00:53:57.541000,-242.7500261845069,2024.8682943679655,-224.0907146792325,OnTrack,190.0,11847.0,100.0,0.0,8,4,5153.384166666664,0.9839113622980784,27.0,666.3250000000044,interpolation,0 days 00:01:23.013000,83.013,3237.541,0.0
2023-11-25 14:38:57.645,0 days 00:53:57.641000,-207.3115646483415,2025.6197728411264,-224.85933083671665,OnTrack,192.66666666666663,11778.333333333334,100.0,0.0,8,4,5158.270773332991,0.984844339088976,27.0,666.7472222222268,interpolation,0 days 00:01:23.113000,83.113,3237.641,0.0
2023-11-25 14:38:57.745,0 days 00:53:57.741000,-147.0,2028.0,-227.0,OnTrack,195.33333333333331,11709.666666666666,100.0,0.0,8,4,5162.1361944093205,0.9855823457257932,27.0,667.1694444444493,interpolation,0 days 00:01:23.213000,83.213,3237.741,0.0
2023-11-25 14:38:57.845,0 days 00:53:57.841000,-61.81533223948241,2032.0089758445852,-230.5127221690826,OnTrack,198.0,11641.0,100.0,0.0,8,4,5166.584166666664,0.9864315761153096,27.0,667.5916666666717,interpolation,0 days 00:01:23.313000,83.313,3237.841,0.0
2023-11-25 14:38:57.945,0 days 00:53:57.941000,20.0,2036.0,-234.0,OnTrack,200.0,11143.0,100.0,0.0,8,4,5171.881980935382,0.9874430628366088,27.0,668.0083333333378,interpolation,0 days 00:01:23.413000,83.413,3237.941,0.0
2023-11-25 14:38:58.045,0 days 00:53:58.041000,70.20355808523601,2038.3263720913592,-236.0643361487876,OnTrack,202.0,10645.0,100.0,0.0,8,4,5177.806388888886,0.9885741821383768,27.0,668.4250000000038,interpolation,0 days 00:01:23.513000,83.513,3238.041,0.0
2023-11-25 14:38:58.145,0 days 00:53:58.141000,88.79534201622565,2038.988092118664,-236.70573061544556,OnTrack,206.66666666666663,10822.0,100.0,0.0,8,5,5184.1341422005935,0.9897823102693007,27.0,668.6324074074113,interpolation,0 days 00:01:23.613000,83.613,3238.141,0.0
2023-11-25 14:38:58.245,0 days 00:53:58.241000,111.98945493910244,2040.155766086636,-236.74425977438065,OnTrack,211.33333333333331,10999.0,100.0,0.0,8,5,5190.754874270482,0.9910463754543553,27.0,668.8398148148186,interpolation,0 days 00:01:23.713000,83.713,3238.241,0.0
2023-11-25 14:38:58.345,0 days 00:53:58.341000,176.0,2044.0,-237.0,OnTrack,216.0,11176.0,100.0,0.0,8,5,5197.006388888887,0.9922399476907134,27.0,669.0472222222261,pos,0 days 00:01:23.813000,83.813,3238.341,0.0
2023-11-25 14:38:58.445,0 days 00:53:58.441000,280.82697719891826,2050.5207938587555,-237.4729512923036,OnTrack,218.33333333333331,11283.333333333334,100.0,0.0,8,5,5202.778320585935,0.9933419554191238,27.0,669.073148148152,interpolation,0 days 00:01:23.913000,83.913,3238.441,0.0
2023-11-25 14:38:58.545,0 days 00:53:58.541000,394.0,2058.0,-238.0,OnTrack,220.66666666666663,11390.666666666666,100.0,0.0,8,5,5208.233713040366,0.9943835278010992,27.0,669.0990740740777,interpolation,0 days 00:01:24.013000,84.013,3238.541,0.0
2023-11-25 14:38:58.645,0 days 00:53:58.641000,483.04868186738776,2064.719470760829,-238.41803247179752,OnTrack,223.0,11498.0,100.0,0.0,8,5,5214.350833333332,0.9955514407620084,27.0,669.1250000000036,interpolation,0 days 00:01:24.113000,84.113,3238.641,0.0
2023-11-25 14:38:58.745,0 days 00:53:58.741000,547.9730228010817,2070.679206141244,-238.72704870769635,OnTrack,226.33333333333331,11617.333333333334,100.0,0.0,8,5,5221.292726813148,0.9968768237821282,27.0,669.1250000000036,interpolation,0 days 00:01:24.213000,84.213,3238.741,0.0
2023-11-25 14:38:58.845,0 days 00:53:58.841000,588.7730228010817,2075.879206141244,-238.92704870769631,OnTrack,229.66666666666663,11736.666666666666,100.0,0.0,8,5,5229.059393479815,0.9983596768614588,27.0,669.1250000000036,interpolation,0 days 00:01:24.313000,84.313,3238.841,0.0
2023-11-25 14:38:58.945,0 days 00:53:58.941000,605.4486818673879,2080.319470760829,-239.0180324717976,OnTrack,233.0,11856.0,100.0,0.0,8,5,5237.650833333332,1.0,27.0,669.1250000000036,interpolation,0 days 00:01:24.413000,84.413,3238.941,0.0
2023-11-25 14:38:58.974,0 days 00:53:58.970000,605.7725745116117,2081.46506829664,-239.0240284070899,OnTrack,233.0,11856.0,100.0,0.0,8,5,5240.296642457577,1.0005051518721726,27.0,669.1250000000036,interpolation,0 days 00:01:24.442000,84.442,3238.97,0.0
