Date,SessionTime,X,Y,Z,Status,Speed,RPM,Throttle,Brake,DRS,nGear,Distance,RelativeDistance,DriverAhead,DistanceToDriverAhead,Source,Time,TimeSeconds,SessionTimeSeconds,DRSActive
2023-11-25 14:58:49.247,0 days 01:13:49.243000,659.4031893435202,2091.451116136137,-238.9997272276272,OnTrack,239.2,11421.866666666669,100.0,0.0,8,5,9.329948780396458,0.001778364500828,,1415.3127777777777,interpolation,0 days 00:00:00,0.0,4429.243,0.0
2023-11-25 14:58:49.287,0 days 01:13:49.283000,689.7813555579773,2095.179900846875,-238.99977534006223,OnTrack,240.0,11283.333333333334,100.0,0.0,8,5,12.394728952041843,0.0023625366531497,,1415.3127777777777,interpolation,0 days 00:00:00.040000,0.04,4429.283,0.0
2023-11-25 14:58:49.387,0 days 01:13:49.383000,772.0,2105.0,-239.0,OnTrack,242.0,10937.0,100.0,0.0,8,5,19.086666666666662,0.0036380746816591,,1415.3127777777777,pos,0 days 00:00:00.140000,0.14,4429.383,0.0
2023-11-25 14:58:49.487,0 days 01:13:49.483000,863.1977407367046,2115.533498588541,-239.00037443322964,OnTrack,244.0,10979.0,100.0,0.0,8,5,24.40387542924964,0.0046515781348332,,1415.3127777777777,interpolation,0 days 00:00:00.240000,0.24,4429.483,0.0
2023-11-25 14:58:49.587,0 days 01:13:49.583000,963.3745777680912,2126.7803966124998,-239.00089863975117,OnTrack,246.0,11021.0,100.0,0.0,8,6,30.020000000000003,0.0057220573843909,,1415.3127777777777,interpolation,0 days 00:00:00.340000,0.34,4429.583,0.0
2023-11-25 14:58:49.687,0 days 01:13:49.683000,1056.8641259154322,2137.1370963302074,-239.00097352639705,OnTrack,248.0,11122.333333333334,100.0,0.0,8,6,37.60868513912696,0.0071685228020511,,1410.9461111111111,interpolation,0 days 00:00:00.440000,0.44,4429.683,0.0
2023-11-25 14:58:49.787,0 days 01:13:49.783000,1128.0,2145.0,-239.0,OnTrack,250.0,11223.666666666666,100.0,0.0,8,6,46.78284762288978,0.0089171931613389,16.0,1406.5794444444443,interpolation,0 days 00:00:00.540000,0.54,4429.783,0.0
2023-11-25 14:58:49.887,0 days 01:13:49.883000,1176.7822000217952,2150.3691076218765,-238.99797806056,OnTrack,252.0,11325.0,100.0,0.0,8,6,55.220000000000006,0.0105253833699556,16.0,1402.2127777777778,interpolation,0 days 00:00:00.640000,0.64,4429.883,0.0
2023-11-25 14:58:49.987,0 days 01:13:49.983000,1203.2107259808172,2153.2444191958366,-238.99490770807697,OnTrack,253.5,11373.5,100.0,0.0,8,6,62.53306301042881,0.0119193129569423,16.0,1398.685,interpolation,0 days 00:00:00.740000,0.74,4429.983,0.0
2023-11-25 14:58:50.087,0 days 01:13:50.083000,1234.0338889494308,2156.747521171879,-238.99438350155543,OnTrack,255.0,11422.0,100.0,0.0,8,6,69.38666666666667,0.0132256658353855,16.0,1395.157222222222,interpolation,0 days 00:00:00.840000,0.84,4430.083,0.0
2023-11-25 14:58:50.187,0 days 01:13:50.183000,1296.0,2164.0,-239.0,OnTrack,256.5,11478.25,100.0,0.0,8,6,76.44544098120409,0.0145711259183718,16.0,1391.796111111111,interpolation,0 days 00:00:00.940000,0.94,4430.183,0.0
2023-11-25 14:58:50.287,0 days 01:13:50.283000,1381.0,2174.0,-239.0,OnTrack,258.0,11534.5,100.0,0.0,8,6,83.70938595404104,0.0159556932059012,16.0,1388.435,interpolation,0 days 00:00:01.040000,1.04,4430.283,0.0
2023-11-25 14:58:50.387,0 days 01:13:50.383000,1440.3792850431405,2180.736356313577,-238.9238399199109,OnTrack,259.5,11590.75,100.0,0.0,8,6,91.06197128319084,0.0173571560698927,16.0,1385.0738888888889,interpolation,0 days 00:00:01.140000,1.14,4430.383,0.0
2023-11-25 14:58:50.487,0 days 01:13:50.483000,1476.5899787160513,2184.4946941553007,-238.8144547439051,OnTrack,261.0,11647.0,100.0,0.0,8,6,98.38666666666666,0.0187533028822656,16.0,1381.7127777777778,interpolation,0 days 00:00:01.240000,1.24,4430.483,0.0
2023-11-25 14:58:50.587,0 days 01:13:50.583000,1553.0,2193.0,-239.0,OnTrack,262.0,11486.0,100.0,0.0,8,6,105.6834721044686,0.0201441336430197,16.0,1378.685,pos,0 days 00:00:01.340000,1.34,4430.583,0.0
2023-11-25 14:58:50.687,0 days 01:13:50.683000,1680.1707227992474,2207.539778185478,-239.53516855622505,OnTrack,263.0,11325.0,100.0,0.0,8,6,112.99777777777778,0.0215383000917089,16.0,1375.657222222222,interpolation,0 days 00:00:01.440000,1.44,4430.683,0.0
2023-11-25 14:58:50.787,0 days 01:13:50.783000,1815.0,2223.0,-240.0,OnTrack,264.25,11176.5,100.0,0.0,8,6,120.37497386777542,0.0229444539678872,16.0,1373.0738888888886,interpolation,0 days 00:00:01.540000,1.54,4430.783,0.0
2023-11-25 14:58:50.887,0 days 01:13:50.883000,1914.385684488465,2234.266636731829,-239.9745339187445,OnTrack,265.5,11028.0,100.0,0.0,8,6,127.8150603744615,0.0243625952715545,16.0,1370.4905555555554,interpolation,0 days 00:00:01.640000,1.64,4430.883,0.0
2023-11-25 14:58:50.987,0 days 01:13:50.983000,1978.327776264642,2241.339688380965,-239.4587703124587,OnTrack,266.75,10879.5,100.0,0.0,8,6,135.29095002725015,0.0257875609475249,16.0,1367.907222222222,interpolation,0 days 00:00:01.740000,1.74,4430.983,0.0
2023-11-25 14:58:51.087,0 days 01:13:51.083000,2021.355979908498,2245.992895839619,-238.96362154994355,OnTrack,268.0,10731.0,100.0,0.0,8,6,142.77555555555554,0.0272141879406126,16.0,1365.3238888888886,interpolation,0 days 00:00:01.840000,1.84,4431.083,0.0
2023-11-25 14:58:51.187,0 days 01:13:51.183000,2058.0,2250.0,-239.0,OnTrack,269.0,10739.5,100.0,0.0,8,6,150.26887695937765,0.0286424762508176,16.0,1362.8794444444443,interpolation,0 days 00:00:01.940000,1.94,4431.183,0.0
2023-11-25 14:58:51.287,0 days 01:13:51.283000,2088.2598365391477,2253.3610008621085,-239.56790566262816,OnTrack,270.0,10748.0,100.0,0.0,8,7,157.77555555555557,0.0300733105510678,16.0,1360.4349999999995,interpolation,0 days 00:00:02.040000,2.04,4431.283,0.0
2023-11-25 14:58:51.387,0 days 01:13:51.383000,2147.0,2260.0,-240.0,OnTrack,271.5,10799.0,100.0,0.0,8,7,165.30023266092843,0.0315075755142908,16.0,1358.0461111111108,pos,0 days 00:00:02.140000,2.14,4431.383,0.0
2023-11-25 14:58:51.487,0 days 01:13:51.483000,2269.085000856619,2273.8410989877298,-239.6289444742876,OnTrack,273.0,10850.0,100.0,0.0,8,7,172.94222222222226,0.032964201190528,16.0,1355.657222222222,interpolation,0 days 00:00:02.240000,2.24,4431.483,0.0
2023-11-25 14:58:51.587,0 days 01:13:51.583000,2403.0,2289.0,-239.0,OnTrack,274.0,10886.0,100.0,0.0,8,7,180.8008381861631,0.0344621176298205,16.0,1353.5408333333332,interpolation,0 days 00:00:02.340000,2.34,4431.583,0.0
2023-11-25 14:58:51.687,0 days 01:13:51.683000,2497.23015832114,2299.592405211513,-238.65842749164625,OnTrack,275.0,10922.0,100.0,0.0,8,7,188.87608055275103,0.0360013248321683,16.0,1351.4244444444444,interpolation,0 days 00:00:02.440000,2.44,4431.683,0.0
2023-11-25 14:58:51.787,0 days 01:13:51.783000,2551.775475820038,2305.618314622268,-238.6042269492264,OnTrack,276.0,10958.0,100.0,0.0,8,7,196.6980743096301,0.0374922607794438,16.0,1349.3080555555557,interpolation,0 days 00:00:02.540000,2.54,4431.783,0.0
2023-11-25 14:58:51.887,0 days 01:13:51.883000,2585.4330554089183,2309.335066721889,-238.74791293219337,OnTrack,277.0,10994.0,100.0,0.0,8,7,203.79694444444448,0.0388453634535193,16.0,1347.1916666666666,interpolation,0 days 00:00:02.640000,2.64,4431.883,0.0
2023-11-25 14:58:51.987,0 days 01:13:51.983000,2617.0,2313.0,-239.0,OnTrack,277.6666666666667,11003.666666666666,100.0,0.0,8,7,210.1726909571941,0.0400606328543949,16.0,1345.6805555555554,interpolation,0 days 00:00:02.740000,2.74,4431.983,0.0
2023-11-25 14:58:52.087,0 days 01:13:52.083000,2646.476309593286,2316.6131144566007,-239.36048815264647,OnTrack,278.3333333333333,11013.333333333334,100.0,0.0,8,7,216.00777226152383,0.0411728470471318,16.0,1344.1694444444445,interpolation,0 days 00:00:02.840000,2.84,4432.083,0.0
2023-11-25 14:58:52.187,0 days 01:13:52.183000,2688.622365261095,2321.765094753957,-239.78419193451583,OnTrack,279.0,11023.0,100.0,0.0,8,7,222.3969444444445,0.0423906754904837,16.0,1342.658333333333,interpolation,0 days 00:00:02.940000,2.94,4432.183,0.0
2023-11-25 14:58:52.287,0 days 01:13:52.283000,2832.0,2338.0,-240.0,OnTrack,280.0,11053.0,100.0,0.0,8,7,229.5226677879847,0.0437488966056414,16.0,1340.8249999999998,pos,0 days 00:00:03.040000,3.04,4432.283,0.0
2023-11-25 14:58:52.387,0 days 01:13:52.383000,3065.0,2364.0,-240.0,OnTrack,281.0,11083.0,100.0,0.0,8,7,237.38494229214436,0.0452475103926046,16.0,1338.9916666666666,interpolation,0 days 00:00:03.140000,3.14,4432.383,0.0
2023-11-25 14:58:52.487,0 days 01:13:52.483000,3229.406512906868,2382.314192691912,-240.00782665243003,OnTrack,282.0,11113.0,100.0,0.0,8,7,245.6143289835652,0.0468160987632459,16.0,1337.1583333333333,interpolation,0 days 00:00:03.240000,3.24,4432.483,0.0
2023-11-25 14:58:52.587,0 days 01:13:52.583000,3298.850365005529,2390.0341092901403,-240.0607522194412,OnTrack,283.0,11143.0,100.0,0.0,8,7,253.84138888888893,0.0483842436294379,16.0,1335.325,interpolation,0 days 00:00:03.340000,3.34,4432.583,0.0
2023-11-25 14:58:52.687,0 days 01:13:52.683000,3289.715250930041,2389.014614096224,-240.09917204885667,OnTrack,283.75,11172.0,100.0,0.0,8,7,262.0661220081156,0.0499519449911807,16.0,1333.8527777777776,interpolation,0 days 00:00:03.440000,3.44,4432.683,0.0
2023-11-25 14:58:52.787,0 days 01:13:52.783000,3300.3038417935472,2390.3849499010284,-239.76545639655345,OnTrack,284.5,11201.0,100.0,0.0,8,7,270.2885283412452,0.051519202848474,16.0,1332.3805555555557,interpolation,0 days 00:00:03.540000,3.54,4432.783,0.0
2023-11-25 14:58:52.887,0 days 01:13:52.883000,3347.0,2396.0,-239.0,OnTrack,285.25,11230.0,100.0,0.0,8,7,278.2318093926411,0.0530332571454905,16.0,1330.9083333333333,interpolation,0 days 00:00:03.640000,3.64,4432.883,0.0
2023-11-25 14:58:52.987,0 days 01:13:52.983000,3429.8037255493964,2405.859764393139,-237.80280285919628,OnTrack,286.0,11259.0,100.0,0.0,8,7,285.6191666666668,0.0544413478264023,16.0,1329.436111111111,interpolation,0 days 00:00:03.740000,3.74,4432.983,0.0
2023-11-25 14:58:53.087,0 days 01:13:53.083000,3521.0,2416.0,-237.0,OnTrack,278.0,11274.666666666666,66.66666666666666,0.0,8,7,292.45060016332224,0.0557434748912095,16.0,1328.8916666666664,interpolation,0 days 00:00:03.840000,3.84,4433.083,0.0
2023-11-25 14:58:53.187,0 days 01:13:53.183000,3592.873804910074,2422.4564637401363,-237.4177264482688,OnTrack,270.0,11290.333333333334,33.33333333333333,0.0,8,7,298.89847142870195,0.0569724918594863,16.0,1328.3472222222222,interpolation,0 days 00:00:03.940000,3.94,4433.183,0.0
2023-11-25 14:58:53.287,0 days 01:13:53.283000,3656.0,2427.0,-238.0,OnTrack,262.0,11306.0,0.0,0.0,8,7,305.9969444444445,0.0583255188394206,16.0,1327.8027777777777,interpolation,0 days 00:00:04.040000,4.04,4433.283,0.0
2023-11-25 14:58:53.387,0 days 01:13:53.383000,3720.95344499016,2431.4014531660405,-237.69083845119087,OnTrack,247.0,11414.0,0.0,0.0,8,7,313.91837899167126,0.0598354090141684,16.0,1328.2361111111109,interpolation,0 days 00:00:04.140000,4.14,4433.383,0.0
2023-11-25 14:58:53.487,0 days 01:13:53.483000,3793.0,2438.0,-237.0,OnTrack,232.0,11522.0,0.0,1.0,8,7,321.4636111111112,0.06127359193109,16.0,1328.6694444444445,interpolation,0 days 00:00:04.240000,4.24,4433.483,0.0
2023-11-25 14:58:53.587,0 days 01:13:53.583000,3877.405525148962,2449.1348172636185,-236.43724284458608,OnTrack,222.5,11471.5,0.0,1.0,8,7,327.4334768434936,0.0624114971375458,16.0,1330.1194444444443,interpolation,0 days 00:00:04.340000,4.34,4433.583,0.0
2023-11-25 14:58:53.687,0 days 01:13:53.683000,3954.0,2461.0,-236.0,OnTrack,213.0,11421.0,0.0,1.0,8,6,331.82797618881835,0.0632491246335357,16.0,1331.5694444444443,interpolation,0 days 00:00:04.440000,4.44,4433.683,0.0
2023-11-25 14:58:53.787,0 days 01:13:53.783000,4002.6134041160662,2469.7896432522493,-235.6857044812928,OnTrack,203.5,11370.5,0.0,1.0,8,6,335.8902929952896,0.0640234354223499,16.0,1333.0194444444442,interpolation,0 days 00:00:04.540000,4.54,4433.783,0.0
2023-11-25 14:58:53.887,0 days 01:13:53.883000,4027.812721892547,2476.487931293856,-235.44702806984373,OnTrack,194.0,11320.0,0.0,1.0,8,6,340.8636111111112,0.0649713905072787,16.0,1334.4694444444442,interpolation,0 days 00:00:04.640000,4.64,4433.883,0.0
2023-11-25 14:58:53.987,0 days 01:13:53.983000,4057.0,2487.0,-235.0,OnTrack,189.0,11025.666666666666,0.0,1.0,8,6,346.7479305362833,0.0660929898883221,16.0,1337.1694444444445,interpolation,0 days 00:00:04.740000,4.74,4433.983,0.0
2023-11-25 14:58:54.087,0 days 01:13:54.083000,4094.7422695999703,2502.3100437222693,-234.29729156849743,OnTrack,184.0,10731.333333333334,0.0,1.0,8,5,353.26703419101136,0.0673355843322643,16.0,1339.8694444444443,interpolation,0 days 00:00:04.840000,4.84,4434.083,0.0
2023-11-25 14:58:54.187,0 days 01:13:54.183000,4139.273770967858,2521.8264986397794,-233.4361438160826,OnTrack,179.0,10437.0,0.0,1.0,8,5,358.76361111111123,0.0683832768224219,16.0,1342.5694444444443,interpolation,0 days 00:00:04.940000,4.94,4434.183,0.0
2023-11-25 14:58:54.287,0 days 01:13:54.283000,4180.0,2542.0,-233.0,OnTrack,176.5,10312.0,0.0,1.0,8,5,362.96144138831096,0.0691834175864482,16.0,1344.547222222222,interpolation,0 days 00:00:05.040000,5.04,4434.283,0.0
2023-11-25 14:58:54.387,0 days 01:13:54.383000,4215.155215053082,2562.238990039628,-233.08610016525304,OnTrack,174.0,10187.0,0.0,1.0,8,4,366.4969444444446,0.0698573133682566,16.0,1346.5249999999996,interpolation,0 days 00:00:05.140000,5.14,4434.383,0.0
2023-11-25 14:58:54.487,0 days 01:13:54.483000,4253.0,2598.0,-233.0,OnTrack,172.0,10079.666666666666,4.0,1.0,8,4,370.00653970134624,0.0705262709117602,16.0,1349.1175925925922,pos,0 days 00:00:05.240000,5.24,4434.483,0.0
2023-11-25 14:58:54.587,0 days 01:13:54.583000,4301.794938713647,2664.7395611224533,-232.0472551923992,OnTrack,170.0,9972.333333333334,8.0,0.0,8,4,373.7808508503033,0.0712456854680852,16.0,1351.7101851851849,interpolation,0 days 00:00:05.340000,5.34,4434.583,0.0
2023-11-25 14:58:54.687,0 days 01:13:54.683000,4345.0,2732.0,-231.0,OnTrack,168.0,9865.0,12.0,0.0,8,4,379.5636111111112,0.0723479268422531,16.0,1354.3027777777777,interpolation,0 days 00:00:05.440000,5.44,4434.683,0.0
2023-11-25 14:58:54.787,0 days 01:13:54.783000,4366.075152665033,2769.323643225653,-230.63036868035203,OnTrack,165.0,9963.0,57.0,0.0,8,4,386.89694444444456,0.0737457201184756,16.0,1358.9694444444442,interpolation,0 days 00:00:05.540000,5.54,4434.783,0.0
2023-11-25 14:58:54.887,0 days 01:13:54.883000,4368.371970587434,2782.914853763863,-230.8356973995147,OnTrack,164.0,9979.0,60.5,0.0,8,4,391.2898933161939,0.0745830520815284,16.0,1361.436111111111,interpolation,0 days 00:00:05.640000,5.64,4434.883,0.0
2023-11-25 14:58:54.987,0 days 01:13:54.983000,4372.0,2810.0,-231.0,OnTrack,163.0,9995.0,64.0,0.0,8,4,394.141388888889,0.0751265704458955,16.0,1363.9027777777774,interpolation,0 days 00:00:05.740000,5.74,4434.983,0.0
2023-11-25 14:58:55.087,0 days 01:13:55.083000,4380.31084910171,2856.7835084315147,-231.02061159658427,OnTrack,164.33333333333334,10101.666666666666,71.66666666666667,0.0,8,4,397.59885141513394,0.0757855910648013,16.0,1366.780555555555,interpolation,0 days 00:00:05.840000,5.84,4435.083,0.0
2023-11-25 14:58:55.187,0 days 01:13:55.183000,4389.0,2911.0,-231.0,OnTrack,165.66666666666666,10208.333333333334,79.33333333333333,0.0,8,4,401.7510145810834,0.0765770273041391,16.0,1369.658333333333,interpolation,0 days 00:00:05.940000,5.94,4435.183,0.0
2023-11-25 14:58:55.287,0 days 01:13:55.283000,4393.7629348023065,2960.384095647046,-231.04063302097967,OnTrack,167.0,10315.0,87.0,0.0,8,4,407.1302777777779,0.0776023588396896,16.0,1372.5361111111108,interpolation,0 days 00:00:06.040000,6.04,4435.283,0.0
2023-11-25 14:58:55.387,0 days 01:13:55.383000,4396.0,3007.0,-231.0,OnTrack,169.5,10629.0,93.5,0.0,8,4,413.82537378274384,0.078878498864154,16.0,1376.7986111111109,interpolation,0 days 00:00:06.140000,6.14,4435.383,0.0
2023-11-25 14:58:55.487,0 days 01:13:55.483000,4397.111542084453,3052.9119176862087,-230.73559027753757,OnTrack,172.0,10943.0,100.0,0.0,8,4,420.4602777777779,0.0801431657995141,16.0,1381.061111111111,interpolation,0 days 00:00:06.240000,6.24,4435.483,0.0
2023-11-25 14:58:55.587,0 days 01:13:55.583000,4397.102221414501,3098.272761110013,-230.29902172665143,OnTrack,174.0,11172.0,100.0,0.0,8,4,425.6589649446769,0.0811340780677517,16.0,1384.1166666666663,interpolation,0 days 00:00:06.340000,6.34,4435.583,0.0
2023-11-25 14:58:55.687,0 days 01:13:55.683000,4396.0,3144.0,-230.0,OnTrack,176.0,11401.0,100.0,0.0,8,4,430.23805555555566,0.0820068901678108,16.0,1387.172222222222,interpolation,0 days 00:00:06.440000,6.44,4435.683,0.0
2023-11-25 14:58:55.787,0 days 01:13:55.783000,4393.809538152065,3190.2465451946946,-229.89014244207797,OnTrack,179.66666666666666,11522.666666666666,100.0,0.0,8,4,435.0141698825293,0.0829172565986354,16.0,1389.8425925925924,interpolation,0 days 00:00:06.540000,6.54,4435.783,0.0
2023-11-25 14:58:55.887,0 days 01:13:55.883000,4391.0,3235.0,-230.0,OnTrack,183.33333333333331,11644.333333333334,100.0,0.0,8,4,439.94564476950177,0.0838572360221178,16.0,1392.5129629629628,interpolation,0 days 00:00:06.640000,6.64,4435.883,0.0
2023-11-25 14:58:55.987,0 days 01:13:55.983000,4388.040549673111,3276.2479677218203,-230.36012362088076,OnTrack,187.0,11766.0,100.0,0.0,8,4,444.7825000000001,0.0847791801656522,16.0,1395.1833333333332,interpolation,0 days 00:00:06.740000,6.74,4435.983,0.0
2023-11-25 14:58:56.087,0 days 01:13:56.083000,4384.523198286798,3316.631834686969,-230.87816150311332,OnTrack,190.75,11700.0,100.0,0.0,8,4,449.4830719912956,0.0856751476098112,16.0,1397.4833333333331,interpolation,0 days 00:00:06.840000,6.84,4436.083,0.0
2023-11-25 14:58:56.187,0 days 01:13:56.183000,4378.0,3372.0,-231.0,OnTrack,194.5,11634.0,100.0,0.0,8,4,454.047360743388,0.0865451383545948,16.0,1399.7833333333333,pos,0 days 00:00:06.940000,6.94,4436.183,0.0
2023-11-25 14:58:56.287,0 days 01:13:56.283000,4368.062961750293,3444.993877035663,-230.63328636424657,OnTrack,198.25,11568.0,100.0,0.0,8,4,459.0292191237865,0.0874947212837603,16.0,1402.0833333333333,interpolation,0 days 00:00:07.040000,7.04,4436.283,0.0
2023-11-25 14:58:56.387,0 days 01:13:56.383000,4356.0,3525.0,-230.0,OnTrack,202.0,11502.0,100.0,0.0,8,4,464.9825000000001,0.0886294652810652,16.0,1404.3833333333332,interpolation,0 days 00:00:07.140000,7.14,4436.383,0.0
2023-11-25 14:58:56.487,0 days 01:13:56.483000,4343.099031211456,3601.404903099058,-229.32212031140745,OnTrack,205.0,11185.0,100.0,0.0,8,4,471.9072033720289,0.0899493703465094,16.0,1407.35,interpolation,0 days 00:00:07.240000,7.24,4436.483,0.0
2023-11-25 14:58:56.587,0 days 01:13:56.583000,4329.828604481789,3672.718464613091,-228.61824947738805,OnTrack,208.0,10868.0,100.0,0.0,8,4,478.8491666666668,0.091272565294286,16.0,1410.3166666666664,interpolation,0 days 00:00:07.340000,7.34,4436.583,0.0
2023-11-25 14:58:56.687,0 days 01:13:56.683000,4319.0,3730.0,-228.0,OnTrack,210.75,10954.75,100.0,0.0,8,4,484.85422731070776,0.0924171789385881,16.0,1412.3166666666664,interpolation,0 days 00:00:07.440000,7.44,4436.683,0.0
2023-11-25 14:58:56.787,0 days 01:13:56.783000,4311.081762065303,3771.759402798807,-227.4859738676772,OnTrack,213.5,11041.5,100.0,0.0,8,5,489.9223853041517,0.0933832112794158,16.0,1414.3166666666662,interpolation,0 days 00:00:07.540000,7.54,4436.783,0.0
2023-11-25 14:58:56.887,0 days 01:13:56.883000,4303.0,3812.0,-227.0,OnTrack,216.25,11128.25,100.0,0.0,8,5,494.9289339788533,0.0943375003804947,16.0,1416.3166666666662,interpolation,0 days 00:00:07.640000,7.64,4436.883,0.0
2023-11-25 14:58:56.987,0 days 01:13:56.983000,4291.680823126392,3864.7251185940663,-226.46590731654905,OnTrack,219.0,11215.0,100.0,0.0,8,5,500.7491666666667,0.0954468843055505,16.0,1418.3166666666662,interpolation,0 days 00:00:07.740000,7.74,4436.983,0.0
2023-11-25 14:58:57.087,0 days 01:13:57.083000,4277.531982835543,3927.9759963824017,-225.8555441909348,OnTrack,221.0,11348.333333333334,100.0,0.0,8,5,507.3830833675922,0.0967113630545834,16.0,1420.6277777777773,interpolation,0 days 00:00:07.840000,7.84,4437.083,0.0
2023-11-25 14:58:57.187,0 days 01:13:57.183000,4263.0,3990.0,-225.0,OnTrack,223.0,11481.666666666666,100.0,0.0,8,5,514.5703718439768,0.0980813189872964,16.0,1422.9388888888884,interpolation,0 days 00:00:07.940000,7.94,4437.183,0.0
2023-11-25 14:58:57.287,0 days 01:13:57.283000,4248.492630186221,4048.83834719043,-223.8711228290812,OnTrack,225.0,11615.0,100.0,0.0,8,5,520.7491666666668,0.0992590477861575,16.0,1425.2499999999995,interpolation,0 days 00:00:08.040000,8.04,4437.283,0.0
2023-11-25 14:58:57.387,0 days 01:13:57.383000,4233.948569893407,4104.9401425655415,-222.4918716957347,OnTrack,226.5,11655.5,100.0,0.0,8,5,525.659158263593,0.1001949323189519,16.0,1426.9388888888884,interpolation,0 days 00:00:08.140000,8.14,4437.383,0.0
2023-11-25 14:58:57.487,0 days 01:13:57.483000,4219.0,4161.0,-221.0,OnTrack,228.0,11696.0,100.0,0.0,8,5,530.8825,0.101190543949665,16.0,1428.6277777777775,interpolation,0 days 00:00:08.240000,8.24,4437.483,0.0
2023-11-25 14:58:57.587,0 days 01:13:57.583000,4203.585617632946,4217.467019506848,-219.41846652433435,OnTrack,230.33333333333331,11693.0,100.0,0.0,8,5,538.0013452411325,0.1025474540422818,16.0,1431.0277777777776,interpolation,0 days 00:00:08.340000,8.34,4437.583,0.0
2023-11-25 14:58:57.687,0 days 01:13:57.683000,4187.665487875459,4274.716472612077,-217.74878079322855,OnTrack,232.66666666666663,11690.0,100.0,0.0,8,5,546.6220235265486,0.1041906257891681,16.0,1433.4277777777777,interpolation,0 days 00:00:08.440000,8.44,4437.683,0.0
2023-11-25 14:58:57.787,0 days 01:13:57.783000,4171.0,4335.0,-216.0,OnTrack,235.0,11687.0,100.0,0.0,8,5,554.3825000000002,0.1056698360393781,16.0,1435.8277777777776,interpolation,0 days 00:00:08.540000,8.54,4437.783,0.0
2023-11-25 14:58:57.887,0 days 01:13:57.883000,4153.549218680849,4398.692877039407,-214.1736336845972,OnTrack,237.0,11423.333333333334,100.0,0.0,8,5,560.8891001698391,0.1069100472168967,16.0,1437.5907407407406,interpolation,0 days 00:00:08.640000,8.64,4437.883,0.0
2023-11-25 14:58:57.987,0 days 01:13:57.983000,4136.0,4462.0,-212.0,OnTrack,239.0,11159.666666666666,100.0,0.0,8,5,566.4736332626113,0.107974504872522,16.0,1439.3537037037036,interpolation,0 days 00:00:08.740000,8.74,4437.983,0.0
2023-11-25 14:58:58.087,0 days 01:13:58.083000,4119.039200039448,4521.12626515148,-209.20941709918867,OnTrack,241.0,10896.0,100.0,0.0,8,5,573.1269444444446,0.1092426803681469,16.0,1441.1166666666666,interpolation,0 days 00:00:08.840000,8.84,4438.083,0.0
2023-11-25 14:58:58.187,0 days 01:13:58.183000,4097.0,4589.0,-206.0,OnTrack,242.0,10968.5,100.0,0.0,8,5,581.1808395441756,0.1107778186069386,16.0,1443.3833333333332,interpolation,0 days 00:00:08.940000,8.94,4438.183,0.0
2023-11-25 14:58:58.287,0 days 01:13:58.283000,4064.215581082462,4678.5495320517175,-202.56986372027103,OnTrack,243.0,11041.0,100.0,0.0,8,6,589.3269444444446,0.1123305327874385,16.0,1445.6499999999996,interpolation,0 days 00:00:09.040000,9.04,4438.283,0.0
2023-11-25 14:58:58.387,0 days 01:13:58.383000,4023.195831119096,4783.477507837876,-199.02484933025,OnTrack,243.66666666666663,11067.0,100.0,0.0,8,6,596.2568850278919,0.1136514361081882,16.0,1447.4452777777774,interpolation,0 days 00:00:09.140000,9.14,4438.383,0.0
2023-11-25 14:58:58.487,0 days 01:13:58.483000,3989.0,4866.0,-196.0,OnTrack,244.33333333333331,11093.0,100.0,0.0,8,6,602.1909141328558,0.1147825105605283,16.0,1449.2405555555554,interpolation,0 days 00:00:09.240000,9.24,4438.483,0.0
2023-11-25 14:58:58.587,0 days 01:13:58.583000,3964.1379498563183,4919.819719553903,-193.60115571596216,OnTrack,245.0,11119.0,100.0,0.0,8,6,608.4505555555558,0.1159756493821938,16.0,1451.0358333333331,interpolation,0 days 00:00:09.340000,9.34,4438.583,0.0
2023-11-25 14:58:58.687,0 days 01:13:58.683000,3946.67466590457,4949.342113591493,-191.7525964825369,OnTrack,246.5,11153.0,100.0,0.0,8,6,615.2560643897308,0.1172728349944233,16.0,1452.813611111111,interpolation,0 days 00:00:09.440000,9.44,4438.683,0.0
2023-11-25 14:58:58.787,0 days 01:13:58.783000,3925.0,4981.0,-190.0,OnTrack,248.0,11187.0,100.0,0.0,8,6,622.6074406353807,0.1186740673972167,16.0,1454.5913888888886,interpolation,0 days 00:00:09.540000,9.54,4438.783,0.0
2023-11-25 14:58:58.887,0 days 01:13:58.883000,3897.178917544477,5019.198870983339,-188.26764549737504,OnTrack,249.5,11221.0,100.0,0.0,8,6,629.8525965633404,0.1200550533392103,16.0,1456.3691666666664,interpolation,0 days 00:00:09.640000,9.64,4438.883,0.0
2023-11-25 14:58:58.987,0 days 01:13:58.983000,3857.0,5065.0,-186.0,OnTrack,251.0,11255.0,100.0,0.0,8,6,636.3394444444446,0.1212914995690401,16.0,1458.1469444444442,interpolation,0 days 00:00:09.740000,9.74,4438.983,0.0
2023-11-25 14:58:59.087,0 days 01:13:59.083000,3798.2518288285687,5119.464660508476,-182.64153053321277,OnTrack,251.33333333333331,11262.333333333334,100.0,0.0,8,6,642.0679842786933,0.1223834060867064,16.0,1459.5913888888888,interpolation,0 days 00:00:09.840000,9.84,4439.083,0.0
2023-11-25 14:58:59.187,0 days 01:13:59.183000,3732.0,5172.0,-179.0,OnTrack,251.66666666666663,11269.666666666666,100.0,0.0,8,6,647.2481395201585,0.1233707860184758,16.0,1461.0358333333334,interpolation,0 days 00:00:09.940000,9.94,4439.183,0.0
2023-11-25 14:58:59.287,0 days 01:13:59.283000,3669.3101094841113,5212.013165965804,-175.8831713033486,OnTrack,252.0,11277.0,100.0,0.0,8,6,653.1394444444446,0.1244937168927499,16.0,1462.480277777778,interpolation,0 days 00:00:10.040000,10.04,4439.283,0.0
2023-11-25 14:58:59.387,0 days 01:13:59.383000,3611.89148051644,5240.118274133144,-173.2661977562565,OnTrack,252.5,11337.5,100.0,0.0,8,6,659.951820356019,0.1257922114260634,16.0,1464.2858333333334,interpolation,0 days 00:00:10.140000,10.14,4439.383,0.0
2023-11-25 14:58:59.487,0 days 01:13:59.483000,3570.0,5260.0,-171.0,OnTrack,253.0,11398.0,100.0,0.0,8,6,667.1950000000003,0.1271728206721765,16.0,1466.0913888888888,interpolation,0 days 00:00:10.240000,10.24,4439.483,0.0
2023-11-25 14:58:59.587,0 days 01:13:59.583000,3545.344973666948,5272.272453005117,-169.05973160200597,OnTrack,254.0,11404.0,100.0,0.0,8,6,674.3787161215081,0.1285420956848494,16.0,1467.8413888888886,interpolation,0 days 00:00:10.340000,10.34,4439.583,0.0
2023-11-25 14:58:59.687,0 days 01:13:59.683000,3520.510429458337,5282.492331911549,-166.8723964202406,OnTrack,255.0,11410.0,100.0,0.0,8,6,681.3616666666669,0.1298731031376064,16.0,1469.5913888888886,interpolation,0 days 00:00:10.440000,10.44,4439.683,0.0
2023-11-25 14:58:59.787,0 days 01:13:59.783000,3391.0,5324.0,-161.0,OnTrack,256.0,11440.5,100.0,0.0,8,6,688.0025495816013,0.1311389097039713,16.0,1471.2858333333331,interpolation,0 days 00:00:10.540000,10.54,4439.783,0.0
2023-11-25 14:58:59.887,0 days 01:13:59.883000,3170.0,5393.0,-152.0,OnTrack,257.0,11471.0,100.0,0.0,8,6,694.3013648663116,0.1323395153839444,16.0,1472.9802777777777,interpolation,0 days 00:00:10.640000,10.64,4439.883,0.0
2023-11-25 14:58:59.987,0 days 01:13:59.983000,3041.126160214145,5433.378767004097,-146.65518915764017,OnTrack,258.0,11501.5,100.0,0.0,8,6,701.3247754956437,0.1336782348594667,16.0,1474.674722222222,interpolation,0 days 00:00:10.740000,10.74,4439.983,0.0
2023-11-25 14:59:00.087,0 days 01:14:00.083000,3034.981259120763,5435.783992310728,-146.09603871714685,OnTrack,259.0,11532.0,100.0,0.0,8,6,710.1394444444447,0.1353583828124797,16.0,1476.3691666666664,interpolation,0 days 00:00:10.840000,10.84,4440.083,0.0
2023-11-25 14:59:00.187,0 days 01:14:00.183000,3055.3457284669994,5431.047221461995,-146.9888689180801,OnTrack,260.5,10980.0,100.0,0.0,8,6,720.7453717127144,0.1373799592429832,16.0,1478.7025,interpolation,0 days 00:00:10.940000,10.94,4440.183,0.0
2023-11-25 14:59:00.287,0 days 01:14:00.283000,3006.0,5450.0,-146.0,OnTrack,262.0,10428.0,100.0,0.0,8,6,730.5172222222225,0.139242553825498,16.0,1481.0358333333334,interpolation,0 days 00:00:11.040000,11.04,4440.283,0.0
2023-11-25 14:59:00.387,0 days 01:14:00.383000,2886.9440737197665,5492.642327924748,-143.12943196290666,OnTrack,263.0,10485.5,100.0,0.0,8,6,736.8296608947394,0.140445756234545,16.0,1482.324722222222,interpolation,0 days 00:00:11.140000,11.14,4440.383,0.0
2023-11-25 14:59:00.487,0 days 01:14:00.483000,2759.0,5538.0,-140.0,OnTrack,264.0,10543.0,100.0,0.0,8,6,742.2505555555558,0.1414790230674541,16.0,1483.613611111111,interpolation,0 days 00:00:11.240000,11.24,4440.483,0.0
2023-11-25 14:59:00.587,0 days 01:14:00.583000,2682.989829214402,5565.098810989523,-138.2345393044801,OnTrack,264.0,10574.0,100.0,0.0,8,6,749.3477740299627,0.1428318109215552,16.0,1485.224722222222,interpolation,0 days 00:00:11.340000,11.34,4440.583,0.0
2023-11-25 14:59:00.687,0 days 01:14:00.683000,2658.9135613629733,5573.938760893319,-137.833049876347,OnTrack,264.0,10605.0,100.0,0.0,8,7,756.9172222222226,0.1442746096198992,16.0,1486.835833333333,interpolation,0 days 00:00:11.440000,11.44,4440.683,0.0
2023-11-25 14:59:00.787,0 days 01:14:00.783000,2648.130512830058,5584.059330350454,-137.76503551004038,OnTrack,264.6666666666667,10599.0,100.0,0.0,8,7,763.7548060365983,0.1455779089855368,16.0,1488.3136111111107,interpolation,0 days 00:00:11.540000,11.54,4440.783,0.0
2023-11-25 14:59:00.887,0 days 01:14:00.883000,2612.0,5615.0,-137.0,OnTrack,265.3333333333333,10593.0,100.0,0.0,8,7,770.1240501935241,0.1467919389842419,16.0,1489.7913888888884,interpolation,0 days 00:00:11.640000,11.64,4440.883,0.0
2023-11-25 14:59:00.987,0 days 01:14:00.983000,2550.5220228728003,5666.760769841954,-135.53794334622586,OnTrack,266.0,10587.0,100.0,0.0,8,7,777.6061111111114,0.148218080953727,16.0,1491.269166666666,interpolation,0 days 00:00:11.740000,11.74,4440.983,0.0
2023-11-25 14:59:01.087,0 days 01:14:01.083000,2486.0,5722.0,-134.0,OnTrack,266.5,10612.5,100.0,0.0,8,7,786.4645162083009,0.1499065653741234,16.0,1493.1358333333326,interpolation,0 days 00:00:11.840000,11.84,4441.083,0.0
2023-11-25 14:59:01.187,0 days 01:14:01.183000,2440.737349933141,5763.376050597818,-133.00730441260447,OnTrack,267.0,10638.0,100.0,0.0,8,7,795.4061111111115,0.1516109064514672,16.0,1495.0024999999994,interpolation,0 days 00:00:11.940000,11.94,4441.183,0.0
2023-11-25 14:59:01.287,0 days 01:14:01.283000,2410.179625082874,5796.829055458263,-132.48678388742778,OnTrack,267.25,10645.75,100.0,0.0,8,7,803.1377414455623,0.1530846183917944,16.0,1496.4024999999997,interpolation,0 days 00:00:12.040000,12.04,4441.283,0.0
2023-11-25 14:59:01.387,0 days 01:14:01.383000,2367.0,5858.0,-132.0,OnTrack,267.5,10653.5,100.0,0.0,8,7,809.6594072116529,0.1543277011951052,16.0,1497.802499999999,interpolation,0 days 00:00:12.140000,12.14,4441.383,0.0
2023-11-25 14:59:01.487,0 days 01:14:01.483000,2306.6439804573865,5952.829078873162,-131.47387930544136,OnTrack,267.75,10661.25,100.0,0.0,8,7,815.7544249274729,0.1554894613926003,16.0,1499.2024999999994,interpolation,0 days 00:00:12.240000,12.24,4441.483,0.0
2023-11-25 14:59:01.587,0 days 01:14:01.583000,2244.0,6060.0,-131.0,OnTrack,268.0,10669.0,100.0,0.0,8,7,822.2061111111115,0.1567192055154804,16.0,1500.6024999999995,interpolation,0 days 00:00:12.340000,12.34,4441.583,0.0
2023-11-25 14:59:01.687,0 days 01:14:01.683000,2193.9564921728056,6158.196471302765,-130.66994027992396,OnTrack,268.4,10686.8,100.0,0.0,8,7,829.0144657625686,0.1580169335637457,16.0,1502.1898611111103,interpolation,0 days 00:00:12.440000,12.44,4441.683,0.0
2023-11-25 14:59:01.787,0 days 01:14:01.783000,2156.513456975804,6247.418492781457,-130.48370014521328,OnTrack,268.8,10704.6,100.0,0.0,8,7,836.1794888818446,0.1593826455373961,16.0,1503.7772222222218,interpolation,0 days 00:00:12.540000,12.54,4441.783,0.0
2023-11-25 14:59:01.887,0 days 01:14:01.883000,2131.6708944089946,6327.6660644360745,-130.4412795958679,OnTrack,269.2,10722.4,100.0,0.0,8,7,843.7011804689391,0.1608163414364316,16.0,1505.364583333333,interpolation,0 days 00:00:12.640000,12.64,4441.883,0.0
2023-11-25 14:59:01.987,0 days 01:14:01.983000,2119.428804472378,6398.93918626662,-130.5426786318879,OnTrack,269.6,10740.2,100.0,0.0,8,7,851.5795405238523,0.1623180212608522,16.0,1506.951944444444,interpolation,0 days 00:00:12.740000,12.74,4441.983,0.0
2023-11-25 14:59:02.087,0 days 01:14:02.083000,2119.7871871659536,6461.237858273092,-130.78789725327326,OnTrack,270.0,10758.0,100.0,0.0,8,7,859.814569046584,0.1638876850106579,16.0,1508.539305555555,interpolation,0 days 00:00:12.840000,12.84,4442.083,0.0
2023-11-25 14:59:02.187,0 days 01:14:02.183000,2126.682594886252,6519.957501617714,-131.17008409439669,OnTrack,270.4,10775.8,100.0,0.0,8,7,868.1810098233669,0.1654823970102535,16.0,1510.1266666666663,interpolation,0 days 00:00:12.940000,12.94,4442.183,0.0
2023-11-25 14:59:02.287,0 days 01:14:02.283000,2134.0515800298062,6580.4935374627175,-131.68238778963112,OnTrack,270.8,10793.6,100.0,0.0,8,7,876.4536066404333,0.1670592215840438,16.0,1511.7140277777776,interpolation,0 days 00:00:13.040000,13.04,4442.283,0.0
2023-11-25 14:59:02.387,0 days 01:14:02.383000,2141.894142596616,6642.8459658081,-132.32480833897645,OnTrack,271.2,10811.4,100.0,0.0,8,7,884.6323594977832,0.1686181587320288,16.0,1513.3013888888886,interpolation,0 days 00:00:13.140000,13.14,4442.383,0.0
2023-11-25 14:59:02.487,0 days 01:14:02.483000,2150.2102825866805,6707.01478665386,-133.09734574243276,OnTrack,271.6,10829.2,100.0,0.0,8,7,892.7172683954166,0.1701592084542084,16.0,1514.8887499999996,interpolation,0 days 00:00:13.240000,13.24,4442.483,0.0
2023-11-25 14:59:02.587,0 days 01:14:02.583000,2159.0,6773.0,-134.0,OnTrack,272.0,10847.0,100.0,0.0,8,7,900.7083333333337,0.1716823707505826,16.0,1516.4761111111109,interpolation,0 days 00:00:13.340000,13.34,4442.583,0.0
2023-11-25 14:59:02.687,0 days 01:14:02.683000,2168.263294836575,6840.801605846517,-135.0327711116782,OnTrack,272.5,10862.5,100.0,0.0,8,7,908.6055543115344,0.1731876456211516,16.0,1517.9761111111109,interpolation,0 days 00:00:13.440000,13.44,4442.683,0.0
2023-11-25 14:59:02.787,0 days 01:14:02.783000,2178.4212111136203,6912.435833848713,-136.252474393911,OnTrack,273.0,10878.0,100.0,0.0,8,7,916.4089313300184,0.1746750330659152,16.0,1519.4761111111109,interpolation,0 days 00:00:13.540000,13.54,4442.783,0.0
2023-11-25 14:59:02.887,0 days 01:14:02.883000,2192.0,7000.0,-138.0,OnTrack,273.5,10893.5,100.0,0.0,8,7,923.9731204612716,0.1761168293442435,16.0,1520.9761111111106,interpolation,0 days 00:00:13.640000,13.64,4442.883,0.0
2023-11-25 14:59:02.987,0 days 01:14:02.983000,2209.4207012014613,7105.510313309595,-140.332162664603,OnTrack,274.0,10909.0,100.0,0.0,8,7,931.1527777777782,0.1774853307155065,16.0,1522.4761111111106,interpolation,0 days 00:00:13.740000,13.74,4442.983,0.0
2023-11-25 14:59:03.087,0 days 01:14:03.083000,2227.0,7210.0,-143.0,OnTrack,274.2,10918.0,100.0,0.0,8,7,937.9479032795388,0.1787805371797041,16.0,1523.7227777777775,interpolation,0 days 00:00:13.840000,13.84,4443.083,0.0
2023-11-25 14:59:03.187,0 days 01:14:03.183000,2241.0545816776125,7294.502286293719,-145.754549618471,OnTrack,274.4,10927.0,100.0,0.0,8,7,944.358496966553,0.1800024487368363,16.0,1524.9694444444442,interpolation,0 days 00:00:13.940000,13.94,4443.183,0.0
2023-11-25 14:59:03.287,0 days 01:14:03.283000,2251.9633789775307,7360.845537317568,-148.53761330704046,OnTrack,274.6,10936.0,100.0,0.0,8,7,950.5237903385178,0.1811776040488279,16.0,1526.216111111111,interpolation,0 days 00:00:14.040000,14.04,4443.283,0.0
2023-11-25 14:59:03.387,0 days 01:14:03.383000,2262.0,7420.0,-151.0,OnTrack,274.8,10945.0,100.0,0.0,8,7,957.2791766708184,0.1824652359024973,16.0,1527.4627777777778,interpolation,0 days 00:00:14.140000,14.14,4443.383,0.0
2023-11-25 14:59:03.487,0 days 01:14:03.483000,2271.543381368545,7473.794058190383,-153.0835108884213,OnTrack,275.0,10954.0,100.0,0.0,8,7,964.7638888888893,0.1838918832315264,16.0,1528.709444444445,interpolation,0 days 00:00:14.240000,14.24,4443.483,0.0
2023-11-25 14:59:03.587,0 days 01:14:03.583000,2281.0,7526.0,-155.0,OnTrack,276.3333333333333,10970.333333333334,100.0,0.0,8,7,972.97792699273,0.1854575460359152,16.0,1529.5094444444446,interpolation,0 days 00:00:14.340000,14.34,4443.583,0.0
2023-11-25 14:59:03.687,0 days 01:14:03.683000,2290.776332811204,7580.390113540138,-156.96132136243173,OnTrack,277.6666666666667,10986.666666666666,100.0,0.0,8,7,981.695725977958,0.1871192297820531,16.0,1530.3094444444444,interpolation,0 days 00:00:14.440000,14.44,4443.683,0.0
2023-11-25 14:59:03.787,0 days 01:14:03.783000,2301.7292559521893,7641.66187531013,-159.18764674502754,OnTrack,279.0,11003.0,100.0,0.0,8,7,989.5638888888892,0.188618965947479,16.0,1531.1094444444443,interpolation,0 days 00:00:14.540000,14.54,4443.783,0.0
2023-11-25 14:59:03.887,0 days 01:14:03.883000,2319.0,7738.0,-163.0,OnTrack,279.5,11043.0,100.0,0.0,8,7,996.356848411344,0.1899137595583161,16.0,1531.3038888888884,interpolation,0 days 00:00:14.640000,14.64,4443.883,0.0
2023-11-25 14:59:03.987,0 days 01:14:03.983000,2341.0,7861.0,-168.0,OnTrack,280.0,11083.0,100.0,0.0,8,7,1005.119444444445,0.1915839819879511,16.0,1531.4983333333323,interpolation,0 days 00:00:14.740000,14.74,4443.983,0.0
2023-11-25 14:59:04.087,0 days 01:14:04.083000,2353.0567370937874,7932.050781756568,-170.47636189416087,OnTrack,281.0,11100.0,100.0,0.0,8,7,1017.608333333334,0.1939644662947301,16.0,1529.4094444444436,interpolation,0 days 00:00:14.840000,14.84,4444.083,0.0
2023-11-25 14:59:04.187,0 days 01:14:04.183000,2361.0,7984.0,-172.0,OnTrack,281.6666666666667,11123.0,100.0,0.0,8,7,1026.094374180981,0.195581975045447,16.0,1527.6316666666658,interpolation,0 days 00:00:14.940000,14.94,4444.183,0.0
2023-11-25 14:59:04.287,0 days 01:14:04.283000,2373.104984726478,8062.797091304833,-174.7603729432215,OnTrack,282.3333333333333,11146.0,100.0,0.0,8,7,1030.3206643313515,0.1963875404939316,16.0,1525.8538888888877,interpolation,0 days 00:00:15.040000,15.04,4444.283,0.0
2023-11-25 14:59:04.387,0 days 01:14:04.383000,2386.0,8154.0,-178.0,OnTrack,283.0,11169.0,100.0,0.0,8,7,1036.4750000000006,0.1975606071781026,16.0,1524.07611111111,interpolation,0 days 00:00:15.140000,15.14,4444.383,0.0
2023-11-25 14:59:04.487,0 days 01:14:04.483000,2396.3133545473447,8243.166670414437,-180.96140044651008,OnTrack,283.5,11188.0,100.0,0.0,8,7,1045.588685836449,0.1992977501940743,16.0,1520.1427777777765,interpolation,0 days 00:00:15.240000,15.24,4444.483,0.0
2023-11-25 14:59:04.587,0 days 01:14:04.583000,2404.134484066729,8329.142510118136,-183.63907187411183,OnTrack,284.0,11207.0,100.0,0.0,8,7,1055.4083333333338,0.2011694552730771,16.0,1516.2094444444433,interpolation,0 days 00:00:15.340000,15.34,4444.583,0.0
2023-11-25 14:59:04.687,0 days 01:14:04.683000,2410.0,8405.0,-186.0,OnTrack,284.5,11239.0,100.0,0.0,8,7,1063.6805539832922,0.2027462081463418,16.0,1512.3205555555544,interpolation,0 days 00:00:15.440000,15.44,4444.683,0.0
2023-11-25 14:59:04.787,0 days 01:14:04.783000,2413.9993371295586,8469.584559452987,-188.038682471879,OnTrack,285.0,11271.0,100.0,0.0,8,7,1071.2416666666672,0.2041874180285576,16.0,1508.4316666666657,interpolation,0 days 00:00:15.540000,15.54,4444.783,0.0
2023-11-25 14:59:04.887,0 days 01:14:04.883000,2416.3103309619983,8526.2367451777,-189.8496400278271,OnTrack,285.4,11278.6,100.0,0.0,8,7,1078.9279902638027,0.2056524941344139,16.0,1503.8621666666654,interpolation,0 days 00:00:15.640000,15.64,4444.883,0.0
2023-11-25 14:59:04.987,0 days 01:14:04.983000,2418.0,8595.0,-192.0,OnTrack,285.8,11286.2,100.0,0.0,8,7,1086.739524774698,0.2071414364639107,16.0,1499.2926666666654,interpolation,0 days 00:00:15.740000,15.74,4444.983,0.0
2023-11-25 14:59:05.087,0 days 01:14:05.083000,2419.246181571203,8679.21491482797,-194.5842840943733,OnTrack,286.2,11293.8,100.0,0.0,8,7,1094.622776889087,0.2086440487548552,16.0,1494.7231666666655,interpolation,0 days 00:00:15.840000,15.84,4445.083,0.0
2023-11-25 14:59:05.187,0 days 01:14:05.183000,2420.0,8754.0,-197.0,OnTrack,286.6,11301.4,100.0,0.0,8,7,1102.2567851020528,0.2100991531208614,16.0,1490.1536666666657,interpolation,0 days 00:00:15.940000,15.94,4445.183,0.0
2023-11-25 14:59:05.287,0 days 01:14:05.283000,2420.2125796107835,8794.47376585449,-198.64465540593343,OnTrack,287.0,11309.0,100.0,0.0,8,7,1109.588055555556,0.2114965531953263,16.0,1485.5841666666654,interpolation,0 days 00:00:16.040000,16.04,4445.283,0.0
2023-11-25 14:59:05.387,0 days 01:14:05.383000,2419.0,8897.0,-201.0,OnTrack,287.5,11335.0,100.0,0.0,8,7,1116.616588249596,0.2128362489782498,16.0,1480.7841666666654,interpolation,0 days 00:00:16.140000,16.14,4445.383,0.0
2023-11-25 14:59:05.487,0 days 01:14:05.483000,2416.0,9122.0,-205.0,OnTrack,288.0,11361.0,100.0,0.0,8,7,1123.3423831841728,0.214118240469632,16.0,1475.9841666666655,interpolation,0 days 00:00:16.240000,16.24,4445.483,0.0
2023-11-25 14:59:05.587,0 days 01:14:05.583000,2414.3425510516154,9253.817721426816,-207.3579377578119,OnTrack,288.5,11387.0,100.0,0.0,8,7,1130.416014304441,0.2154665323812306,16.0,1471.1841666666658,interpolation,0 days 00:00:16.340000,16.34,4445.583,0.0
2023-11-25 14:59:05.687,0 days 01:14:05.683000,2414.549317732566,9256.510306182368,-207.52602419407836,OnTrack,289.0,11413.0,100.0,0.0,8,7,1138.488055555556,0.2170051294248032,16.0,1466.3841666666658,interpolation,0 days 00:00:16.440000,16.44,4445.683,0.0
2023-11-25 14:59:05.787,0 days 01:14:05.783000,2414.731425547234,9224.197737846736,-206.9310985333056,OnTrack,289.5,11411.75,100.0,0.0,8,7,1147.558506937517,0.2187340316003499,16.0,1459.4841666666655,interpolation,0 days 00:00:16.540000,16.54,4445.783,0.0
2023-11-25 14:59:05.887,0 days 01:14:05.883000,2413.0,9251.0,-207.0,OnTrack,290.0,11410.5,100.0,0.0,8,7,1157.6273684503244,0.2206532389078705,16.0,1452.5841666666656,pos,0 days 00:00:16.640000,16.64,4445.883,0.0
2023-11-25 14:59:05.987,0 days 01:14:05.983000,2409.355041090867,9336.917092642165,-207.7327285941617,OnTrack,290.5,11409.25,100.0,0.0,8,7,1167.8265735157477,0.2225972907619519,16.0,1445.6841666666658,interpolation,0 days 00:00:16.740000,16.74,4445.983,0.0
2023-11-25 14:59:06.087,0 days 01:14:06.083000,2404.204933738441,9469.493972798453,-208.99709952643988,OnTrack,291.0,11408.0,100.0,0.0,8,7,1177.288055555556,0.2244007265771806,16.0,1438.7841666666657,interpolation,0 days 00:00:16.840000,16.84,4446.083,0.0
2023-11-25 14:59:06.187,0 days 01:14:06.183000,2400.0,9574.0,-210.0,OnTrack,291.25,11429.25,100.0,0.0,8,7,1186.0118145697488,0.2260635463535567,16.0,1432.867499999999,interpolation,0 days 00:00:16.940000,16.94,4446.183,0.0
2023-11-25 14:59:06.287,0 days 01:14:06.283000,2397.148628976036,9637.980003731744,-210.6092438719122,OnTrack,291.5,11450.5,100.0,0.0,8,7,1193.9978505583267,0.2275857500910802,16.0,1426.9508333333324,interpolation,0 days 00:00:17.040000,17.04,4446.283,0.0
2023-11-25 14:59:06.387,0 days 01:14:06.383000,2395.1500883938834,9671.504913837243,-210.864079963835,OnTrack,291.75,11471.75,100.0,0.0,8,7,1201.7401001566304,0.2290614861499,16.0,1421.034166666666,interpolation,0 days 00:00:17.140000,17.14,4446.383,0.0
2023-11-25 14:59:06.487,0 days 01:14:06.483000,2391.0,9735.0,-211.0,OnTrack,292.0,11493.0,100.0,0.0,8,7,1209.7325000000003,0.2305849028901652,16.0,1415.1174999999992,interpolation,0 days 00:00:17.240000,17.24,4446.483,0.0
2023-11-25 14:59:06.587,0 days 01:14:06.583000,2384.1976366491926,9838.536088937784,-211.05625240016,OnTrack,292.0,11510.0,100.0,0.0,8,7,1217.9750500884363,0.2321560003118756,16.0,1409.006388888888,interpolation,0 days 00:00:17.340000,17.34,4446.583,0.0
2023-11-25 14:59:06.687,0 days 01:14:06.683000,2377.0,9946.0,-211.0,OnTrack,292.0,11527.0,100.0,0.0,8,7,1226.467750421939,0.2337747784150314,16.0,1402.8952777777768,interpolation,0 days 00:00:17.440000,17.44,4446.683,0.0
2023-11-25 14:59:06.787,0 days 01:14:06.783000,2371.6640917109617,10021.278552536069,-210.7984056352055,OnTrack,292.0,11544.0,100.0,0.0,8,7,1234.703936655583,0.2353446628340003,16.0,1396.7841666666657,interpolation,0 days 00:00:17.540000,17.54,4446.783,0.0
2023-11-25 14:59:06.887,0 days 01:14:06.883000,2367.570196095898,10073.340651262042,-210.567114354183,OnTrack,292.0,11561.0,100.0,0.0,8,7,1242.1769444444449,0.2367690792031497,16.0,1390.6730555555546,interpolation,0 days 00:00:17.640000,17.64,4446.883,0.0
2023-11-25 14:59:06.987,0 days 01:14:06.983000,2361.0,10156.0,-211.0,OnTrack,292.6666666666667,11549.333333333334,100.0,0.0,8,7,1248.8867737885237,0.2380480275224799,16.0,1385.7841666666657,interpolation,0 days 00:00:17.740000,17.74,4446.983,0.0
2023-11-25 14:59:07.087,0 days 01:14:07.083000,2352.0,10270.0,-212.0,OnTrack,293.3333333333333,11537.666666666666,100.0,0.0,8,7,1255.0289848316515,0.2392187831539194,16.0,1380.895277777777,interpolation,0 days 00:00:17.840000,17.84,4447.083,0.0
2023-11-25 14:59:07.187,0 days 01:14:07.183000,2344.567528215204,10365.98682672256,-212.29085498809985,OnTrack,294.0,11526.0,100.0,0.0,8,7,1261.7769444444448,0.2405049994141445,16.0,1376.006388888888,interpolation,0 days 00:00:17.940000,17.94,4447.183,0.0
2023-11-25 14:59:07.287,0 days 01:14:07.283000,2338.0,10449.0,-212.0,OnTrack,294.25,11522.75,100.0,0.0,8,7,1269.3262147732814,0.2419439520467855,16.0,1370.0619444444435,interpolation,0 days 00:00:18.040000,18.04,4447.283,0.0
2023-11-25 14:59:07.387,0 days 01:14:07.383000,2330.928605277829,10532.304719203212,-211.46758105482468,OnTrack,294.5,11519.5,100.0,0.0,8,7,1277.6767958181608,0.2435356410518424,16.0,1364.117499999999,interpolation,0 days 00:00:18.140000,18.14,4447.383,0.0
2023-11-25 14:59:07.487,0 days 01:14:07.483000,2324.0,10612.0,-211.0,OnTrack,294.75,11516.25,100.0,0.0,8,7,1286.271895620627,0.2451739373307991,16.0,1358.1730555555546,interpolation,0 days 00:00:18.240000,18.24,4447.483,0.0
2023-11-25 14:59:07.587,0 days 01:14:07.583000,2317.8608401178217,10684.184858058165,-210.90365868295208,OnTrack,295.0,11513.0,100.0,0.0,8,7,1294.5547222222228,0.2467527117851392,16.0,1352.22861111111,interpolation,0 days 00:00:18.340000,18.34,4447.583,0.0
2023-11-25 14:59:07.687,0 days 01:14:07.683000,2312.183253801499,10750.856697008918,-211.08692460954464,OnTrack,295.0,11543.5,100.0,0.0,8,7,1302.5252756229484,0.2482719644148628,16.0,1346.339722222221,interpolation,0 days 00:00:18.440000,18.44,4447.683,0.0
2023-11-25 14:59:07.787,0 days 01:14:07.783000,2305.0,10824.0,-211.0,OnTrack,295.0,11574.0,100.0,0.0,8,7,1310.9436111111115,0.2498765679706365,16.0,1340.4508333333324,interpolation,0 days 00:00:18.540000,18.54,4447.783,0.0
2023-11-25 14:59:07.887,0 days 01:14:07.883000,2295.9832035261047,10905.612191116144,-210.55125142186037,OnTrack,289.5,11025.5,50.0,0.0,8,7,1320.5697839750214,0.2517113952031268,16.0,1334.2508333333324,interpolation,0 days 00:00:18.640000,18.64,4447.883,0.0
2023-11-25 14:59:07.987,0 days 01:14:07.983000,2287.0,10983.0,-210.0,OnTrack,284.0,10477.0,0.0,0.0,8,7,1329.876944444445,0.2534854160656111,16.0,1328.0508333333323,interpolation,0 days 00:00:18.740000,18.74,4447.983,0.0
2023-11-25 14:59:08.087,0 days 01:14:08.083000,2279.917525041873,11043.470156294232,-209.60556685929328,OnTrack,263.5,10591.0,0.0,0.0,8,7,1337.33824274915,0.2549076005113667,16.0,1325.245277777777,interpolation,0 days 00:00:18.840000,18.84,4448.083,0.0
2023-11-25 14:59:08.187,0 days 01:14:08.183000,2273.574134594487,11092.61628896794,-209.2249342425368,OnTrack,243.0,10705.0,0.0,1.0,8,7,1342.9536788891364,0.2559779485403935,16.0,1322.4397222222217,interpolation,0 days 00:00:18.940000,18.94,4448.183,0.0
2023-11-25 14:59:08.287,0 days 01:14:08.283000,2261.0,11164.0,-208.0,OnTrack,222.5,10819.0,0.0,1.0,8,7,1347.6418589178884,0.2568715539751994,16.0,1319.6341666666658,pos,0 days 00:00:19.040000,19.04,4448.283,0.0
2023-11-25 14:59:08.387,0 days 01:14:08.383000,2242.0,11257.0,-206.0,OnTrack,202.0,10933.0,0.0,1.0,8,7,1352.3213888888895,0.2577635106382922,16.0,1316.82861111111,interpolation,0 days 00:00:19.140000,19.14,4448.383,0.0
2023-11-25 14:59:08.487,0 days 01:14:08.483000,2222.3731703252856,11334.32731340154,-204.49844068832968,OnTrack,190.5,10778.5,0.0,1.0,8,7,1356.9922688021402,0.2586538185296719,16.0,1315.41548611111,interpolation,0 days 00:00:19.240000,19.24,4448.483,0.0
2023-11-25 14:59:08.587,0 days 01:14:08.583000,2203.5150662279207,11390.953870360145,-203.6378613598744,OnTrack,179.0,10624.0,0.0,1.0,8,7,1361.6544986576398,0.2595424776493384,16.0,1314.00236111111,interpolation,0 days 00:00:19.340000,19.34,4448.583,0.0
2023-11-25 14:59:08.687,0 days 01:14:08.683000,2188.0,11434.0,-203.0,OnTrack,167.5,10469.5,0.0,1.0,8,7,1365.9726736287646,0.2603655570957281,16.0,1312.58923611111,interpolation,0 days 00:00:19.440000,19.44,4448.683,0.0
2023-11-25 14:59:08.787,0 days 01:14:08.783000,2176.2570214934626,11464.6524177658,-202.51514662985065,OnTrack,156.0,10315.0,0.0,1.0,8,7,1369.6113888888897,0.2610591259672769,16.0,1311.17611111111,interpolation,0 days 00:00:19.540000,19.54,4448.783,0.0
2023-11-25 14:59:08.887,0 days 01:14:08.883000,2167.276431083147,11485.15821402354,-202.18280526681627,OnTrack,150.0,10112.333333333334,0.0,1.0,8,7,1372.5706444380153,0.2616231842639849,16.0,1310.4427777777769,interpolation,0 days 00:00:19.640000,19.64,4448.883,0.0
2023-11-25 14:59:08.987,0 days 01:14:08.983000,2155.0,11509.0,-202.0,OnTrack,144.0,9909.666666666666,0.0,1.0,8,4,1375.1127314476057,0.2621077268271091,16.0,1309.7094444444433,interpolation,0 days 00:00:19.740000,19.74,4448.983,0.0
2023-11-25 14:59:09.087,0 days 01:14:09.083000,2138.418018279483,11538.4248890715,-201.966234841713,OnTrack,138.0,9707.0,0.0,1.0,8,4,1378.8113888888895,0.2628127211683561,16.0,1308.97611111111,interpolation,0 days 00:00:19.840000,19.84,4449.083,0.0
2023-11-25 14:59:09.187,0 days 01:14:09.183000,2120.0,11569.0,-202.0,OnTrack,136.5,9253.0,0.0,1.0,8,3,1383.9289052474844,0.2637881616170383,16.0,1307.92611111111,interpolation,0 days 00:00:19.940000,19.94,4449.183,0.0
2023-11-25 14:59:09.287,0 days 01:14:09.283000,2102.2154592399565,11596.292451547466,-202.01978568290585,OnTrack,135.0,8799.0,0.0,1.0,8,3,1389.3113888888895,0.2648141069956747,16.0,1306.87611111111,interpolation,0 days 00:00:20.040000,20.04,4449.283,0.0
2023-11-25 14:59:09.387,0 days 01:14:09.383000,2082.0,11623.0,-202.0,OnTrack,131.4,8641.4,0.0,1.0,8,3,1393.8049481786047,0.2656706161267843,16.0,1306.95611111111,pos,0 days 00:00:20.140000,20.14,4449.383,0.0
2023-11-25 14:59:09.487,0 days 01:14:09.483000,2056.2892262807773,11651.820401643708,-201.91505106085216,OnTrack,127.8,8483.8,0.0,1.0,8,3,1397.4095831166298,0.2663576890103672,16.0,1307.03611111111,interpolation,0 days 00:00:20.240000,20.24,4449.483,0.0
2023-11-25 14:59:09.587,0 days 01:14:09.583000,2025.0,11681.0,-202.0,OnTrack,124.2,8326.2,0.0,1.0,8,3,1400.2061519168924,0.2668907378829355,16.0,1307.11611111111,interpolation,0 days 00:00:20.340000,20.34,4449.583,0.0
2023-11-25 14:59:09.687,0 days 01:14:09.683000,1988.049183075382,11708.785138590283,-202.4899079519812,OnTrack,120.6,8168.6,0.0,1.0,8,3,1402.6798013789978,0.2673622356900986,16.0,1307.1961111111102,interpolation,0 days 00:00:20.440000,20.44,4449.683,0.0
2023-11-25 14:59:09.787,0 days 01:14:09.783000,1947.1964729250449,11734.490033243444,-203.30870789110523,OnTrack,117.0,8011.0,0.0,1.0,8,3,1404.9113888888894,0.267787594510548,16.0,1307.27611111111,interpolation,0 days 00:00:20.540000,20.54,4449.783,0.0
2023-11-25 14:59:09.887,0 days 01:14:09.883000,1913.0,11754.0,-204.0,OnTrack,115.5,7923.5,0.0,1.0,8,3,1406.9009144465676,0.2681668143442838,16.0,1307.4983333333323,interpolation,0 days 00:00:20.640000,20.64,4449.883,0.0
2023-11-25 14:59:09.987,0 days 01:14:09.983000,1887.2194436991608,11766.629261711225,-204.4877180318973,OnTrack,114.0,7836.0,0.0,0.0,8,3,1409.978055555556,0.2687533425923018,16.0,1307.7205555555545,interpolation,0 days 00:00:20.740000,20.74,4449.983,0.0
2023-11-25 14:59:10.087,0 days 01:14:10.083000,1869.854804022527,11772.377818377125,-204.77186198679715,OnTrack,112.0,7599.0,0.0,0.0,8,3,1414.955833333334,0.2697021477252528,16.0,1308.6983333333324,interpolation,0 days 00:00:20.840000,20.84,4450.083,0.0
2023-11-25 14:59:10.187,0 days 01:14:10.183000,1852.5627623346295,11773.93746585446,-204.9200749482984,OnTrack,110.5,7595.75,5.25,0.0,8,3,1418.7342935918896,0.2704223531357824,16.0,1309.564999999999,interpolation,0 days 00:00:20.940000,20.94,4450.183,0.0
2023-11-25 14:59:10.287,0 days 01:14:10.283000,1827.0,11774.0,-205.0,OnTrack,109.0,7592.5,10.5,0.0,8,3,1420.79677465459,0.2708154788851158,16.0,1310.4316666666657,interpolation,0 days 00:00:21.040000,21.04,4450.283,0.0
2023-11-25 14:59:10.387,0 days 01:14:10.383000,1793.1665170186377,11772.565420813746,-205.01163714190196,OnTrack,107.5,7589.25,15.75,0.0,8,3,1422.2943406122174,0.2711009271977893,16.0,1311.2983333333325,interpolation,0 days 00:00:21.140000,21.14,4450.383,0.0
2023-11-25 14:59:10.487,0 days 01:14:10.483000,1762.0,11770.0,-205.0,OnTrack,106.0,7586.0,21.0,0.0,8,3,1424.378055555556,0.2714981002983388,16.0,1312.1649999999988,interpolation,0 days 00:00:21.240000,21.24,4450.483,0.0
2023-11-25 14:59:10.587,0 days 01:14:10.583000,1744.4381355535452,11766.670009263082,-205.01010220029025,OnTrack,105.66666666666669,7677.666666666667,32.0,0.0,8,3,1427.0479194846052,0.2720069981867644,16.0,1313.9724074074063,interpolation,0 days 00:00:21.340000,21.34,4450.583,0.0
2023-11-25 14:59:10.687,0 days 01:14:10.683000,1729.0,11761.0,-205.0,OnTrack,105.33333333333331,7769.333333333333,43.0,0.0,8,3,1430.255631963015,0.2726184144050884,16.0,1315.7798148148136,pos,0 days 00:00:21.440000,21.44,4450.683,0.0
2023-11-25 14:59:10.787,0 days 01:14:10.783000,1704.2046696600903,11751.414523607766,-204.92774965635687,OnTrack,105.0,7861.0,54.0,0.0,8,3,1433.7113888888894,0.273277109922622,16.0,1317.587222222221,interpolation,0 days 00:00:21.540000,21.54,4450.783,0.0
2023-11-25 14:59:10.887,0 days 01:14:10.883000,1675.0,11738.0,-205.0,OnTrack,107.5,8196.0,61.5,0.0,8,3,1437.3668893312768,0.2739738781871126,16.0,1319.920555555554,pos,0 days 00:00:21.640000,21.64,4450.883,0.0
2023-11-25 14:59:10.987,0 days 01:14:10.983000,1646.3338464859107,11720.84284909032,-205.4233998615684,OnTrack,110.0,8531.0,69.0,0.0,8,3,1441.0447222222228,0.2746749031988446,16.0,1322.253888888887,interpolation,0 days 00:00:21.740000,21.74,4450.983,0.0
2023-11-25 14:59:11.087,0 days 01:14:11.083000,1618.0,11701.0,-206.0,OnTrack,113.5,8842.5,73.0,0.0,8,3,1444.5674764937714,0.275346368958102,16.0,1324.253888888887,interpolation,0 days 00:00:21.840000,21.84,4451.083,0.0
2023-11-25 14:59:11.187,0 days 01:14:11.183000,1589.7922514244442,11679.528381850312,-206.53185117423288,OnTrack,117.0,9154.0,77.0,0.0,8,3,1447.9351521459223,0.275988275464885,16.0,1326.253888888887,interpolation,0 days 00:00:21.940000,21.94,4451.183,0.0
2023-11-25 14:59:11.287,0 days 01:14:11.283000,1563.0,11657.0,-207.0,OnTrack,120.5,9465.5,81.0,0.0,8,3,1451.3020572806686,0.2766300351047522,16.0,1328.253888888887,interpolation,0 days 00:00:22.040000,22.04,4451.283,0.0
2023-11-25 14:59:11.387,0 days 01:14:11.383000,1538.9126449674245,11633.986859807806,-207.3854930930345,OnTrack,124.0,9777.0,85.0,0.0,8,3,1454.822500000001,0.2773010602632627,16.0,1330.253888888887,interpolation,0 days 00:00:22.140000,22.14,4451.383,0.0
2023-11-25 14:59:11.487,0 days 01:14:11.483000,1516.9354523480963,11609.654930298591,-207.75405110890856,OnTrack,128.2,10067.0,88.0,0.0,8,3,1458.4964803039204,0.2780013509404162,16.0,1331.9908333333317,interpolation,0 days 00:00:22.240000,22.24,4451.483,0.0
2023-11-25 14:59:11.587,0 days 01:14:11.583000,1493.5,11579.0,-208.5,OnTrack,132.4,10357.0,91.0,0.0,8,3,1462.3239981924262,0.2787309071362128,16.0,1333.727777777776,pos,0 days 00:00:22.340000,22.34,4451.583,0.0
2023-11-25 14:59:11.687,0 days 01:14:11.683000,1468.0115478544078,11541.18802939636,-209.6890610948638,OnTrack,136.6,10647.0,94.0,0.0,8,3,1466.283787102453,0.2794856752698986,16.0,1335.4647222222204,interpolation,0 days 00:00:22.440000,22.44,4451.683,0.0
2023-11-25 14:59:11.787,0 days 01:14:11.783000,1444.0,11502.0,-211.0,OnTrack,140.8,10937.0,97.0,0.0,8,3,1470.248247002294,0.2802413337324239,16.0,1337.201666666665,interpolation,0 days 00:00:22.540000,22.54,4451.783,0.0
2023-11-25 14:59:11.887,0 days 01:14:11.883000,1424.995260525458,11467.21689332324,-212.11158232190883,OnTrack,145.0,11227.0,100.0,0.0,8,3,1474.1961111111118,0.2809938289015256,16.0,1338.9386111111094,interpolation,0 days 00:00:22.640000,22.64,4451.883,0.0
2023-11-25 14:59:11.987,0 days 01:14:11.983000,1410.0,11437.0,-213.0,OnTrack,149.33333333333334,11420.0,100.0,0.0,8,3,1478.1273794289064,0.2817431607772037,16.0,1340.494166666665,interpolation,0 days 00:00:22.740000,22.74,4451.983,0.0
2023-11-25 14:59:12.087,0 days 01:14:12.083000,1398.016888992845,11411.510610664194,-213.6414449736834,OnTrack,153.66666666666666,11613.0,100.0,0.0,8,3,1482.102593005539,0.2825008689784262,16.0,1342.049722222221,interpolation,0 days 00:00:22.840000,22.84,4452.083,0.0
2023-11-25 14:59:12.187,0 days 01:14:12.183000,1388.1473560442746,11388.558235177325,-214.12664901845275,OnTrack,158.0,11806.0,100.0,0.0,8,3,1486.4850000000006,0.2833361915734985,16.0,1343.6052777777763,interpolation,0 days 00:00:22.940000,22.94,4452.183,0.0
2023-11-25 14:59:12.287,0 days 01:14:12.283000,1375.0,11355.0,-215.0,OnTrack,162.66666666666666,11891.0,100.0,0.0,8,3,1491.3351420820966,0.2842606682995545,16.0,1345.234907407406,interpolation,0 days 00:00:23.040000,23.04,4452.283,0.0
2023-11-25 14:59:12.387,0 days 01:14:12.383000,1357.6762586016275,11308.645437424224,-216.3522287647304,OnTrack,167.33333333333334,11976.0,100.0,0.0,8,3,1496.5791587085723,0.2852602207333118,16.0,1346.8645370370357,interpolation,0 days 00:00:23.140000,23.14,4452.383,0.0
2023-11-25 14:59:12.487,0 days 01:14:12.483000,1337.0,11250.0,-218.0,OnTrack,172.0,12061.0,100.0,0.0,8,3,1501.7738888888896,0.2862503787675624,16.0,1348.4941666666653,interpolation,0 days 00:00:23.240000,23.24,4452.483,0.0
2023-11-25 14:59:12.587,0 days 01:14:12.583000,1313.7950923459616,11179.56914027733,-219.7599783931649,OnTrack,176.5,11667.5,100.0,0.0,8,3,1506.8454728361226,0.2872170641231861,16.0,1349.910833333332,interpolation,0 days 00:00:23.340000,23.34,4452.583,0.0
2023-11-25 14:59:12.687,0 days 01:14:12.683000,1289.1949395618517,11101.424938363836,-221.56365788326204,OnTrack,181.0,11274.0,100.0,0.0,8,3,1511.829444444445,0.2881670498508675,16.0,1351.327499999999,interpolation,0 days 00:00:23.440000,23.44,4452.683,0.0
2023-11-25 14:59:12.787,0 days 01:14:12.783000,1270.0,11040.0,-223.0,OnTrack,184.0,11387.333333333334,100.0,0.0,8,3,1516.761337608032,0.2891071090012916,16.0,1352.5719444444433,interpolation,0 days 00:00:23.540000,23.54,4452.783,0.0
2023-11-25 14:59:12.887,0 days 01:14:12.883000,1257.3436891888623,10999.366446991762,-224.0004979809101,OnTrack,187.0,11500.666666666666,100.0,0.0,8,4,1521.6565226767773,0.2900401712887857,16.0,1353.816388888887,interpolation,0 days 00:00:23.640000,23.64,4452.883,0.0
2023-11-25 14:59:12.987,0 days 01:14:12.983000,1250.1541197121053,10976.138323665982,-224.5991562159218,OnTrack,190.0,11614.0,100.0,0.0,8,4,1526.6072222222228,0.290983815089316,16.0,1355.0608333333316,interpolation,0 days 00:00:23.740000,23.74,4452.983,0.0
2023-11-25 14:59:13.087,0 days 01:14:13.083000,1242.0,10950.0,-225.0,OnTrack,194.0,11780.666666666666,100.0,0.0,8,4,1531.6288067516562,0.2919409701472103,16.0,1356.2274999999984,interpolation,0 days 00:00:23.840000,23.84,4453.083,0.0
2023-11-25 14:59:13.187,0 days 01:14:13.183000,1231.8094536122846,10917.565554992689,-225.23703337487103,OnTrack,198.0,11947.333333333334,100.0,0.0,8,4,1536.7694656041017,0.2929208217443879,16.0,1357.394166666665,interpolation,0 days 00:00:23.940000,23.94,4453.183,0.0
2023-11-25 14:59:13.287,0 days 01:14:13.283000,1219.324805782934,10877.967402610511,-225.3969595004769,OnTrack,202.0,12114.0,100.0,0.0,8,4,1542.318333333334,0.2939784812901928,16.0,1358.5608333333316,interpolation,0 days 00:00:24.040000,24.04,4453.283,0.0
2023-11-25 14:59:13.387,0 days 01:14:13.383000,1203.0,10826.0,-226.0,OnTrack,205.0,11723.333333333334,100.0,0.0,8,4,1548.3235987849228,0.2951231339724877,16.0,1359.8645370370352,interpolation,0 days 00:00:24.140000,24.14,4453.383,0.0
2023-11-25 14:59:13.487,0 days 01:14:13.483000,1183.0,10762.0,-227.0,OnTrack,208.0,11332.666666666666,100.0,0.0,8,4,1554.7153250902218,0.2963414492524424,16.0,1361.168240740739,interpolation,0 days 00:00:24.240000,24.24,4453.483,0.0
2023-11-25 14:59:13.587,0 days 01:14:13.583000,1161.8606656133934,10693.192926144206,-227.5998018916741,OnTrack,211.0,10942.0,100.0,0.0,8,4,1561.0738888888895,0.2975534434875619,16.0,1362.471944444443,interpolation,0 days 00:00:24.340000,24.34,4453.583,0.0
2023-11-25 14:59:13.687,0 days 01:14:13.683000,1142.0,10629.0,-228.0,OnTrack,214.0,11044.5,100.0,0.0,8,4,1567.3293525961235,0.298745786002511,16.0,1363.5830555555538,interpolation,0 days 00:00:24.440000,24.44,4453.683,0.0
2023-11-25 14:59:13.787,0 days 01:14:13.783000,1125.4133608506252,10577.638183046682,-228.5340489316648,OnTrack,217.0,11147.0,100.0,0.0,8,4,1573.4817162119243,0.2999184767972895,16.0,1364.6941666666648,interpolation,0 days 00:00:24.540000,24.54,4453.783,0.0
2023-11-25 14:59:13.887,0 days 01:14:13.883000,1109.0,10527.0,-229.0,OnTrack,220.0,11249.5,100.0,0.0,8,4,1579.624610610652,0.3010893626818922,16.0,1365.8052777777762,interpolation,0 days 00:00:24.640000,24.64,4453.883,0.0
2023-11-25 14:59:13.987,0 days 01:14:13.983000,1089.6591692828551,10464.977975575704,-229.19590451833716,OnTrack,223.0,11352.0,100.0,0.0,8,4,1585.8516666666671,0.3022762904663138,16.0,1366.9163888888872,interpolation,0 days 00:00:24.740000,24.74,4453.983,0.0
2023-11-25 14:59:14.087,0 days 01:14:14.083000,1069.0,10398.0,-229.0,OnTrack,225.5,11451.75,100.0,0.0,8,4,1592.1628843799692,0.3034792601505543,16.0,1367.9441666666653,interpolation,0 days 00:00:24.840000,24.84,4454.083,0.0
2023-11-25 14:59:14.187,0 days 01:14:14.183000,1048.631623452245,10332.493963499102,-228.2905239583125,OnTrack,228.0,11551.5,100.0,0.0,8,5,1598.558263750559,0.3046982717346138,16.0,1368.9719444444431,interpolation,0 days 00:00:24.940000,24.94,4454.183,0.0
2023-11-25 14:59:14.287,0 days 01:14:14.283000,1028.4687900903507,10268.13789964736,-227.14182532784184,OnTrack,230.5,11651.25,100.0,0.0,8,5,1605.0725668014247,0.3059399511442195,16.0,1369.999722222221,interpolation,0 days 00:00:25.040000,25.04,4454.283,0.0
2023-11-25 14:59:14.387,0 days 01:14:14.383000,1008.0,10203.0,-226.0,OnTrack,233.0,11751.0,100.0,0.0,8,5,1611.7405555555558,0.3072109243050994,16.0,1371.027499999999,interpolation,0 days 00:00:25.140000,25.14,4454.383,0.0
2023-11-25 14:59:14.487,0 days 01:14:14.483000,987.1400027589928,10136.758294834424,-224.93939767069128,OnTrack,235.25,11508.5,100.0,0.0,8,5,1618.5622300129514,0.308511191217253,16.0,1371.9997222222212,interpolation,0 days 00:00:25.240000,25.24,4454.483,0.0
2023-11-25 14:59:14.587,0 days 01:14:14.583000,966.4169794118468,10071.08351563686,-223.95314476004583,OnTrack,237.5,11266.0,100.0,0.0,8,5,1625.5375901736124,0.3098407518806805,16.0,1372.9719444444436,interpolation,0 days 00:00:25.340000,25.34,4454.583,0.0
2023-11-25 14:59:14.687,0 days 01:14:14.683000,949.0,10016.0,-223.0,OnTrack,239.75,11023.5,100.0,0.0,8,5,1632.3366552474672,0.3111367092595215,16.0,1373.9441666666658,pos,0 days 00:00:25.440000,25.44,4454.683,0.0
2023-11-25 14:59:14.787,0 days 01:14:14.783000,935.4172401594232,9973.178462301872,-222.07308988106905,OnTrack,242.0,10781.0,100.0,0.0,8,5,1638.6294444444447,0.3123361663179153,16.0,1374.916388888888,interpolation,0 days 00:00:25.540000,25.54,4454.783,0.0
2023-11-25 14:59:14.887,0 days 01:14:14.883000,923.918219288213,9937.24988523303,-221.13930634220085,OnTrack,242.33333333333331,10829.0,100.0,0.0,8,5,1644.415957764546,0.3134391230558621,16.0,1375.927499999999,interpolation,0 days 00:00:25.640000,25.64,4454.883,0.0
2023-11-25 14:59:14.987,0 days 01:14:14.983000,904.0,9876.0,-220.0,OnTrack,242.66666666666663,10877.0,100.0,0.0,8,5,1650.0361172202915,0.3145103713874811,16.0,1376.9386111111105,pos,0 days 00:00:25.740000,25.74,4454.983,0.0
2023-11-25 14:59:15.087,0 days 01:14:15.083000,873.9120837678679,9784.059734314324,-218.62206245438628,OnTrack,243.0,10925.0,100.0,0.0,8,5,1657.5294444444446,0.3159386608070889,16.0,1377.9497222222217,interpolation,0 days 00:00:25.840000,25.84,4455.083,0.0
2023-11-25 14:59:15.187,0 days 01:14:15.183000,836.1847947317547,9669.194885618155,-217.0999058328496,OnTrack,245.0,11090.5,100.0,0.0,8,5,1667.2358579687434,0.3177887825653389,16.0,1379.3886111111103,interpolation,0 days 00:00:25.940000,25.94,4455.183,0.0
2023-11-25 14:59:15.287,0 days 01:14:15.283000,806.0,9578.0,-216.0,OnTrack,247.0,11256.0,100.0,0.0,8,6,1676.7405555555558,0.3196004556170718,16.0,1380.8274999999992,interpolation,0 days 00:00:26.040000,26.04,4455.283,0.0
2023-11-25 14:59:15.387,0 days 01:14:15.383000,785.8879978021557,9518.240795380652,-215.41675611655228,OnTrack,249.0,11244.333333333334,100.0,0.0,8,6,1683.628734967249,0.3209133989171281,16.0,1381.602037037036,interpolation,0 days 00:00:26.140000,26.14,4455.383,0.0
2023-11-25 14:59:15.487,0 days 01:14:15.483000,774.0840862719584,9484.580686738123,-215.2612573529144,OnTrack,251.0,11232.666666666666,100.0,0.0,8,6,1688.3427730470796,0.3218119331078342,16.0,1382.3765740740732,interpolation,0 days 00:00:26.240000,26.24,4455.483,0.0
2023-11-25 14:59:15.587,0 days 01:14:15.583000,760.0,9445.0,-215.0,OnTrack,253.0,11221.0,100.0,0.0,8,6,1693.5369444444448,0.3228019846334866,16.0,1383.15111111111,interpolation,0 days 00:00:26.340000,26.34,4455.583,0.0
2023-11-25 14:59:15.687,0 days 01:14:15.683000,741.8710190493774,9394.16209549738,-214.544066317704,OnTrack,255.75,11245.25,100.0,0.0,8,6,1699.653630532563,0.3239678749998596,16.0,1383.9844444444434,interpolation,0 days 00:00:26.440000,26.44,4455.683,0.0
2023-11-25 14:59:15.787,0 days 01:14:15.783000,720.1995481224996,9333.32090715494,-213.9992155597982,OnTrack,258.5,11269.5,100.0,0.0,14,6,1706.692831311434,0.3253096042069531,16.0,1384.8177777777769,interpolation,0 days 00:00:26.540000,26.54,4455.783,1.0
2023-11-25 14:59:15.887,0 days 01:14:15.883000,698.0,9270.0,-214.0,OnTrack,261.25,11293.75,100.0,0.0,14,6,1714.4874219901435,0.3267953169035359,16.0,1385.65111111111,interpolation,0 days 00:00:26.640000,26.64,4455.883,1.0
2023-11-25 14:59:15.987,0 days 01:14:15.983000,675.77477423969,9205.45329511702,-214.652177809112,OnTrack,264.0,11318.0,100.0,0.0,14,6,1722.870277777778,0.3283931577383767,16.0,1386.4844444444434,interpolation,0 days 00:00:26.740000,26.74,4455.983,1.0
2023-11-25 14:59:16.087,0 days 01:14:16.083000,651.0,9134.0,-215.0,OnTrack,265.6666666666667,11128.333333333334,100.0,0.0,14,6,1731.8413986743378,0.3301031267114753,16.0,1387.4177777777766,interpolation,0 days 00:00:26.840000,26.84,4456.083,1.0
2023-11-25 14:59:16.187,0 days 01:14:16.183000,621.1518064393604,9049.95932214296,-214.08771758553,OnTrack,267.3333333333333,10938.666666666666,100.0,0.0,12,6,1741.2032108925005,0.3318875646439943,16.0,1388.3511111111095,interpolation,0 days 00:00:26.940000,26.94,4456.183,1.0
2023-11-25 14:59:16.287,0 days 01:14:16.283000,591.0,8965.0,-213.0,OnTrack,269.0,10749.0,100.0,0.0,12,6,1749.7702777777783,0.333520517619793,16.0,1389.284444444443,interpolation,0 days 00:00:27.040000,27.04,4456.283,1.0
2023-11-25 14:59:16.387,0 days 01:14:16.383000,565.3143871241482,8890.790772025233,-212.82151667770808,OnTrack,270.75,10800.0,100.0,0.0,12,6,1757.3450275659943,0.3349643268456616,16.0,1389.909444444443,interpolation,0 days 00:00:27.140000,27.14,4456.383,1.0
2023-11-25 14:59:16.487,0 days 01:14:16.483000,542.0,8823.0,-213.0,OnTrack,272.5,10851.0,100.0,0.0,12,7,1763.927460257149,0.3362189923216003,16.0,1390.534444444443,interpolation,0 days 00:00:27.240000,27.24,4456.483,1.0
2023-11-25 14:59:16.587,0 days 01:14:16.583000,518.9618708157507,8757.296045705649,-212.9831823482213,OnTrack,274.25,10902.0,100.0,0.0,12,7,1770.331301708618,0.3374396168474446,16.0,1391.159444444443,interpolation,0 days 00:00:27.340000,27.34,4456.583,1.0
2023-11-25 14:59:16.687,0 days 01:14:16.683000,497.0,8695.0,-213.0,OnTrack,276.0,10953.0,100.0,0.0,12,7,1777.3702777777785,0.3387813032230305,16.0,1391.784444444443,interpolation,0 days 00:00:27.440000,27.44,4456.683,1.0
2023-11-25 14:59:16.787,0 days 01:14:16.783000,476.91438798134766,8637.432953740878,-213.279389232964,OnTrack,277.5,11010.25,100.0,0.0,12,7,1785.044388464629,0.3402440514483579,16.0,1392.4233333333318,interpolation,0 days 00:00:27.540000,27.54,4456.783,1.0
2023-11-25 14:59:16.887,0 days 01:14:16.883000,456.8859364872995,8579.54093978341,-213.75180779087967,OnTrack,279.0,11067.5,100.0,0.0,12,7,1793.3536337691703,0.3418278615234268,16.0,1393.0622222222205,interpolation,0 days 00:00:27.640000,27.64,4456.883,1.0
2023-11-25 14:59:16.987,0 days 01:14:16.983000,426.0,8491.0,-214.0,OnTrack,280.5,11124.75,100.0,0.0,12,7,1801.5045344113491,0.3433814898115352,16.0,1393.7011111111094,interpolation,0 days 00:00:27.740000,27.74,4456.983,1.0
2023-11-25 14:59:17.087,0 days 01:14:17.083000,385.0,8374.0,-214.0,OnTrack,282.0,11182.0,100.0,0.0,12,7,1808.7036111111115,0.3447536926759814,16.0,1394.3399999999983,interpolation,0 days 00:00:27.840000,27.84,4457.083,1.0
2023-11-25 14:59:17.187,0 days 01:14:17.183000,349.26124549298936,8272.00446935897,-214.02527183916345,OnTrack,283.0,11190.5,100.0,0.0,12,7,1814.9508638684576,0.3459444701167652,16.0,1394.8511111111095,interpolation,0 days 00:00:27.940000,27.94,4457.183,1.0
2023-11-25 14:59:17.287,0 days 01:14:17.283000,320.7623956686465,8190.617517669324,-214.0893527839039,OnTrack,284.0,11199.0,100.0,0.0,12,7,1821.3258333333335,0.3471595914059644,16.0,1395.362222222221,interpolation,0 days 00:00:28.040000,28.04,4457.283,1.0
2023-11-25 14:59:17.387,0 days 01:14:17.383000,296.0,8120.0,-214.0,OnTrack,285.3333333333333,11238.333333333334,100.0,0.0,12,7,1828.9080601556864,0.348604825815657,16.0,1395.984444444443,interpolation,0 days 00:00:28.140000,28.14,4457.383,1.0
2023-11-25 14:59:17.487,0 days 01:14:17.483000,274.3901470762719,8058.51205046641,-213.72517285103413,OnTrack,286.6666666666667,11277.666666666666,100.0,0.0,12,7,1837.61216101146,0.3502638985863519,16.0,1396.6066666666652,interpolation,0 days 00:00:28.240000,28.24,4457.483,1.0
2023-11-25 14:59:17.587,0 days 01:14:17.583000,255.932836897462,8006.153669068548,-213.26487133700624,OnTrack,288.0,11317.0,100.0,0.0,12,7,1846.9258333333337,0.3520391606611412,16.0,1397.2288888888877,interpolation,0 days 00:00:28.340000,28.34,4457.583,1.0
2023-11-25 14:59:17.687,0 days 01:14:17.683000,237.75910826992117,7954.468453136413,-212.9221341544752,OnTrack,289.0,11398.5,100.0,0.0,12,7,1856.7636929229232,0.3539143371138799,16.0,1397.9288888888875,interpolation,0 days 00:00:28.440000,28.44,4457.683,1.0
2023-11-25 14:59:17.787,0 days 01:14:17.783000,217.0,7895.0,-213.0,OnTrack,290.0,11480.0,100.0,0.0,12,7,1866.259166666667,0.3557242520257279,16.0,1398.6288888888878,interpolation,0 days 00:00:28.540000,28.54,4457.783,1.0
2023-11-25 14:59:17.887,0 days 01:14:17.883000,193.65551208769853,7827.7483096593105,-213.49846887358052,OnTrack,291.0,11531.333333333334,100.0,0.0,12,7,1874.545681451005,0.357303729477846,16.0,1399.1232407407394,interpolation,0 days 00:00:28.640000,28.64,4457.883,1.0
2023-11-25 14:59:17.987,0 days 01:14:17.983000,169.0,7757.0,-214.0,OnTrack,292.0,11582.666666666666,100.0,0.0,12,7,1881.805194597348,0.3586874520230197,16.0,1399.617592592591,pos,0 days 00:00:28.740000,28.74,4457.983,1.0
2023-11-25 14:59:18.087,0 days 01:14:18.083000,144.30781920388773,7687.041688907735,-214.08705260404165,OnTrack,293.0,11634.0,100.0,0.0,12,7,1889.129444444445,0.360083513912517,16.0,1400.1119444444428,interpolation,0 days 00:00:28.840000,28.84,4458.083,1.0
2023-11-25 14:59:18.187,0 days 01:14:18.183000,115.0,7604.0,-214.0,OnTrack,294.0,11331.5,100.0,0.0,12,7,1896.7003864504736,0.3615265973439757,16.0,1400.584166666665,interpolation,0 days 00:00:28.940000,28.94,4458.183,1.0
2023-11-25 14:59:18.287,0 days 01:14:18.283000,76.49757268897496,7494.001556894284,-213.9792155021696,OnTrack,295.0,11029.0,100.0,0.0,12,7,1904.5180206154344,0.3630167023173962,16.0,1401.056388888887,interpolation,0 days 00:00:29.040000,29.04,4458.283,1.0
2023-11-25 14:59:18.387,0 days 01:14:18.383000,34.0,7372.0,-214.0,OnTrack,296.0,10726.5,100.0,0.0,12,7,1912.8913666949,0.3646127305241273,16.0,1401.5286111111095,interpolation,0 days 00:00:29.140000,29.14,4458.383,1.0
2023-11-25 14:59:18.487,0 days 01:14:18.483000,-7.293255337737413,7252.948969726567,-214.0376543829408,OnTrack,297.0,10424.0,100.0,0.0,12,7,1922.1294444444447,0.3663735836555183,16.0,1402.0008333333317,interpolation,0 days 00:00:29.240000,29.24,4458.483,1.0
2023-11-25 14:59:18.587,0 days 01:14:18.583000,-47.38219332423729,7136.848466073981,-214.09217865099205,OnTrack,298.0,10497.0,100.0,0.0,12,7,1932.2322538640683,0.3682992617115693,16.0,1402.6008333333318,interpolation,0 days 00:00:29.340000,29.34,4458.583,1.0
2023-11-25 14:59:18.687,0 days 01:14:18.683000,-82.03003464861852,7036.323729384406,-214.10061359354725,OnTrack,299.0,10570.0,100.0,0.0,12,8,1942.062777777778,0.3701730399245233,16.0,1403.200833333332,interpolation,0 days 00:00:29.440000,29.44,4458.683,1.0
2023-11-25 14:59:18.787,0 days 01:14:18.783000,-107.0,6964.0,-214.0,OnTrack,299.6666666666667,10626.0,100.0,0.0,12,8,1950.483999009584,0.3717781935266233,16.0,1403.6934259259249,interpolation,0 days 00:00:29.540000,29.54,4458.783,1.0
2023-11-25 14:59:18.887,0 days 01:14:18.883000,-122.29208937838176,6919.877277920765,-213.7903378703504,OnTrack,300.3333333333333,10682.0,100.0,0.0,12,8,1957.75984504321,0.3731650292536187,16.0,1404.1860185185176,interpolation,0 days 00:00:29.640000,29.64,4458.883,1.0
2023-11-25 14:59:18.987,0 days 01:14:18.983000,-127.90630278376372,6903.955563146696,-213.47162720459824,OnTrack,301.0,10738.0,100.0,0.0,12,8,1965.473888888889,0.3746353890654336,16.0,1404.6786111111105,interpolation,0 days 00:00:29.740000,29.74,4458.983,1.0
2023-11-25 14:59:19.087,0 days 01:14:19.083000,-135.56736479726385,6882.556066799281,-213.16710293654705,OnTrack,302.0,10749.5,100.0,0.0,12,8,1973.890060732977,0.3762395802129608,16.0,1405.1230555555544,interpolation,0 days 00:00:29.840000,29.84,4459.083,1.0
2023-11-25 14:59:19.187,0 days 01:14:19.183000,-157.0,6822.0,-213.0,OnTrack,303.0,10761.0,100.0,0.0,12,8,1982.3072222222224,0.3778439599949444,16.0,1405.5674999999987,pos,0 days 00:00:29.940000,29.94,4459.183,1.0
2023-11-25 14:59:19.287,0 days 01:14:19.283000,-192.2042083919722,6722.287362748853,-212.97031839495725,OnTrack,303.6666666666667,10783.666666666666,100.0,0.0,12,8,1990.024235003374,0.3793148857101286,16.0,1405.9563888888877,interpolation,0 days 00:00:30.040000,30.04,4459.283,1.0
2023-11-25 14:59:19.387,0 days 01:14:19.383000,-230.0,6615.0,-213.0,OnTrack,304.3333333333333,10806.333333333334,100.0,0.0,12,8,1997.3379478677891,0.380708939164597,16.0,1406.3452777777766,interpolation,0 days 00:00:30.140000,30.14,4459.383,1.0
2023-11-25 14:59:19.487,0 days 01:14:19.483000,-259.207384850903,6531.719756707594,-213.01098669370955,OnTrack,305.0,10829.0,100.0,0.0,12,8,2006.0294444444448,0.3823656094566643,16.0,1406.7341666666655,interpolation,0 days 00:00:30.240000,30.24,4459.483,1.0
2023-11-25 14:59:19.587,0 days 01:14:19.583000,-281.3422643099031,6468.204326336599,-213.0058478907308,OnTrack,306.0,10862.0,100.0,0.0,12,8,2016.395570484981,0.3843414778130194,16.0,1407.2008333333322,interpolation,0 days 00:00:30.340000,30.34,4459.583,1.0
2023-11-25 14:59:19.687,0 days 01:14:19.683000,-305.5,6399.0,-213.0,OnTrack,307.0,10895.0,100.0,0.0,12,8,2026.4961111111115,0.3862667234184854,16.0,1407.6674999999989,pos,0 days 00:00:30.440000,30.44,4459.683,1.0
2023-11-25 14:59:19.787,0 days 01:14:19.783000,-333.19647776366514,6319.864514603757,-212.9960124098512,OnTrack,307.3333333333333,10899.333333333334,100.0,0.0,12,8,2034.390851444549,0.3877715254578857,16.0,1407.9786111111096,interpolation,0 days 00:00:30.540000,30.54,4459.783,1.0
2023-11-25 14:59:19.887,0 days 01:14:19.883000,-364.4316976008985,6230.797870147871,-212.9938851202845,OnTrack,307.6666666666667,10903.666666666666,100.0,0.0,12,8,2040.4649583051528,0.3889292998754504,16.0,1408.2897222222207,interpolation,0 days 00:00:30.640000,30.64,4459.883,1.0
2023-11-25 14:59:19.987,0 days 01:14:19.983000,-396.5760686376825,6139.08229061805,-212.99481527057551,OnTrack,308.0,10908.0,100.0,0.0,12,8,2047.0294444444448,0.3901805445919085,16.0,1408.6008333333316,interpolation,0 days 00:00:30.740000,30.74,4459.983,1.0
2023-11-25 14:59:20.087,0 days 01:14:20.083000,-427.0,6052.0,-213.0,OnTrack,308.75,10912.0,100.0,0.0,12,8,2054.469480626414,0.3915986763032734,16.0,1408.9897222222207,interpolation,0 days 00:00:30.840000,30.84,4460.083,1.0
2023-11-25 14:59:20.187,0 days 01:14:20.183000,-455.7034916878507,5969.55099829372,-213.009439308558,OnTrack,309.5,10916.0,100.0,0.0,12,8,2062.78506685106,0.393183695009545,16.0,1409.37861111111,interpolation,0 days 00:00:30.940000,30.94,4460.183,1.0
2023-11-25 14:59:20.287,0 days 01:14:20.283000,-483.1366359382311,5890.562749321874,-213.0185685825996,OnTrack,310.25,10920.0,100.0,0.0,12,8,2071.8617307612867,0.3949137813437606,16.0,1409.767499999999,interpolation,0 days 00:00:31.040000,31.04,4460.283,1.0
2023-11-25 14:59:20.387,0 days 01:14:20.383000,-512.0,5808.0,-213.0,OnTrack,311.0,10924.0,100.0,0.0,12,8,2081.585,0.3967671159389571,16.0,1410.1563888888882,interpolation,0 days 00:00:31.140000,31.14,4460.383,1.0
2023-11-25 14:59:20.487,0 days 01:14:20.483000,-542.7436807191218,5720.690202143927,-212.9491689003674,OnTrack,311.0,10995.5,100.0,0.0,12,8,2091.954874567199,0.3987436987951346,16.0,1410.589722222221,interpolation,0 days 00:00:31.240000,31.24,4460.483,1.0
2023-11-25 14:59:20.587,0 days 01:14:20.583000,-575.0,5629.0,-213.0,OnTrack,311.0,11067.0,100.0,0.0,12,8,2102.3183333333336,0.4007190587471863,16.0,1411.023055555554,interpolation,0 days 00:00:31.340000,31.34,4460.583,1.0
2023-11-25 14:59:20.687,0 days 01:14:20.683000,-608.4012797470378,5533.296037814559,-213.286418015196,OnTrack,311.5,11074.5,100.0,0.0,12,8,2112.022355168855,0.4025687246300055,16.0,1410.7452777777762,interpolation,0 days 00:00:31.440000,31.44,4460.683,1.0
2023-11-25 14:59:20.787,0 days 01:14:20.783000,-642.2098818158178,5435.817563973202,-213.74553219881372,OnTrack,312.0,11082.0,100.0,0.0,12,8,2121.066940073761,0.4042926964435923,16.0,1410.4674999999986,interpolation,0 days 00:00:31.540000,31.54,4460.783,1.0
2023-11-25 14:59:20.887,0 days 01:14:20.883000,-672.0,5350.0,-214.0,OnTrack,312.5,11089.5,100.0,0.0,12,8,2129.4316660529,0.4058870815887399,16.0,1410.189722222221,pos,0 days 00:00:31.640000,31.64,4460.883,1.0
2023-11-25 14:59:20.987,0 days 01:14:20.983000,-697.0340037085423,5278.082571350761,-213.98693131561103,OnTrack,313.0,11097.0,100.0,0.0,12,8,2137.0961111111114,0.4073479874662417,16.0,1409.9119444444432,interpolation,0 days 00:00:31.740000,31.74,4460.983,1.0
2023-11-25 14:59:21.087,0 days 01:14:21.083000,-717.3118929414451,5220.065278025486,-213.70632614564693,OnTrack,313.6666666666667,11103.333333333334,100.0,0.0,12,8,2144.060275248399,0.4086754140760977,16.0,1409.000833333332,interpolation,0 days 00:00:31.840000,31.84,4461.083,1.0
2023-11-25 14:59:21.187,0 days 01:14:21.183000,-735.9338357036252,5167.015345687467,-213.32255790285933,OnTrack,314.3333333333333,11109.666666666666,100.0,0.0,12,8,2150.5695315635107,0.4099161315366167,16.0,1408.0897222222209,interpolation,0 days 00:00:31.940000,31.94,4461.183,1.0
2023-11-25 14:59:21.287,0 days 01:14:21.283000,-756.0,5110.0,-213.0,OnTrack,315.0,11116.0,100.0,0.0,12,8,2158.0961111111114,0.4113507591208789,16.0,1407.1786111111096,interpolation,0 days 00:00:32.040000,32.04,4461.283,1.0
2023-11-25 14:59:21.387,0 days 01:14:21.383000,-777.5103858305692,5049.019240963084,-212.73865243706888,OnTrack,315.3333333333333,11137.0,100.0,0.0,12,8,2166.8853844773416,0.4130260664682696,16.0,1405.1045370370357,interpolation,0 days 00:00:32.140000,32.14,4461.383,1.0
2023-11-25 14:59:21.487,0 days 01:14:21.483000,-808.0,4962.0,-213.0,OnTrack,315.6666666666667,11158.0,100.0,0.0,12,8,2176.70768437217,0.4148982771160013,16.0,1403.0304629629616,pos,0 days 00:00:32.240000,32.24,4461.483,1.0
2023-11-25 14:59:21.587,0 days 01:14:21.583000,-854.0,4830.0,-214.0,OnTrack,316.0,11179.0,100.0,0.0,12,8,2186.1850000000004,0.4167047309425313,16.0,1400.9563888888874,interpolation,0 days 00:00:32.340000,32.34,4461.583,1.0
2023-11-25 14:59:21.687,0 days 01:14:21.683000,-909.4873207909624,4671.803893581328,-214.2654951312836,OnTrack,316.5,11164.5,100.0,0.0,12,8,2195.0876617189965,0.418401651036799,16.0,1398.7063888888874,interpolation,0 days 00:00:32.440000,32.44,4461.683,1.0
2023-11-25 14:59:21.787,0 days 01:14:21.783000,-959.0,4531.0,-214.0,OnTrack,317.0,11150.0,100.0,0.0,12,8,2203.796111111112,0.4200615526740657,16.0,1396.4563888888874,interpolation,0 days 00:00:32.540000,32.54,4461.783,1.0
2023-11-25 14:59:21.887,0 days 01:14:21.883000,-988.0799142878212,4448.045879105197,-213.65255417283737,OnTrack,317.5,11174.5,100.0,0.0,12,8,2212.6907897583005,0.4217569511295931,16.0,1393.845277777776,interpolation,0 days 00:00:32.640000,32.64,4461.883,1.0
2023-11-25 14:59:21.987,0 days 01:14:21.983000,-996.7270636544254,4422.941530896922,-213.22315764979567,OnTrack,318.0,11199.0,100.0,0.0,12,8,2221.4627777777787,0.4234289637486019,16.0,1391.2341666666648,interpolation,0 days 00:00:32.740000,32.74,4461.983,1.0
2023-11-25 14:59:22.087,0 days 01:14:22.083000,-1001.010681193817,4410.116417240186,-212.93218230185624,OnTrack,318.0,11202.666666666666,100.0,0.0,12,8,2229.8031552867624,0.4250187078763132,16.0,1388.5733333333317,interpolation,0 days 00:00:32.840000,32.84,4462.083,1.0
2023-11-25 14:59:22.187,0 days 01:14:22.183000,-1017.0,4364.0,-213.0,OnTrack,318.0,11206.333333333334,100.0,0.0,12,8,2237.814000300848,0.4265456404168881,16.0,1385.9124999999988,interpolation,0 days 00:00:32.940000,32.94,4462.183,1.0
2023-11-25 14:59:22.287,0 days 01:14:22.283000,-1044.6950200729746,4284.592279176367,-213.4266107442272,OnTrack,318.0,11210.0,100.0,0.0,12,8,2246.107777777778,0.4281265021975797,16.0,1383.2516666666656,interpolation,0 days 00:00:33.040000,33.04,4462.283,1.0
2023-11-25 14:59:22.387,0 days 01:14:22.383000,-1081.9621603502196,4178.015172689941,-214.17243535822652,OnTrack,318.5,11213.5,100.0,0.0,12,8,2254.786564687874,0.4297807499233115,16.0,1379.7516666666656,interpolation,0 days 00:00:33.140000,33.14,4462.383,1.0
2023-11-25 14:59:22.487,0 days 01:14:22.483000,-1116.0,4081.0,-215.0,OnTrack,319.0,11217.0,100.0,0.0,12,8,2263.8503610311354,0.4315083835940835,16.0,1376.2516666666656,interpolation,0 days 00:00:33.240000,33.24,4462.483,1.0
2023-11-25 14:59:22.587,0 days 01:14:22.583000,-1144.674979807553,3999.6686163390814,-215.86972589852516,OnTrack,319.5,11220.5,100.0,0.0,12,8,2272.931754636608,0.4332393714468733,16.0,1372.7516666666656,interpolation,0 days 00:00:33.340000,33.34,4462.583,1.0
2023-11-25 14:59:22.687,0 days 01:14:22.683000,-1169.4386103854854,3929.903567305443,-216.8109839017901,OnTrack,320.0,11224.0,100.0,0.0,12,8,2281.663333333334,0.4349036817186587,16.0,1369.2516666666656,interpolation,0 days 00:00:33.440000,33.44,4462.683,1.0
2023-11-25 14:59:22.787,0 days 01:14:22.783000,-1199.0,3847.0,-218.0,OnTrack,320.3333333333333,11241.0,100.0,0.0,12,8,2290.0450971213136,0.4365013144094392,16.0,1365.2812962962953,interpolation,0 days 00:00:33.540000,33.54,4462.783,1.0
2023-11-25 14:59:22.887,0 days 01:14:22.883000,-1234.8106741272486,3746.8404178580618,-219.46614534190195,OnTrack,320.6666666666667,11258.0,100.0,0.0,12,8,2298.5700983948827,0.4381262493358005,16.0,1361.310925925925,interpolation,0 days 00:00:33.640000,33.64,4462.883,1.0
2023-11-25 14:59:22.987,0 days 01:14:22.983000,-1271.0,3646.0,-221.0,OnTrack,321.0,11275.0,100.0,0.0,12,8,2310.196666666667,0.4403423682843245,16.0,1357.3405555555546,interpolation,0 days 00:00:33.740000,33.74,4462.983,1.0
2023-11-25 14:59:23.087,0 days 01:14:23.083000,-1301.6973448510232,3561.053925546187,-222.3921440467981,OnTrack,320.0,11251.0,100.0,0.0,12,8,2324.41888888889,0.4430532400927562,16.0,1350.8961111111098,interpolation,0 days 00:00:33.840000,33.84,4463.083,1.0
2023-11-25 14:59:23.187,0 days 01:14:23.183000,-1327.9453687405978,3489.01942799867,-223.67021087589637,OnTrack,320.3333333333333,11267.333333333334,100.0,0.0,12,8,2335.2429114271035,0.4451163872644283,16.0,1347.059074074073,interpolation,0 days 00:00:33.940000,33.94,4463.183,1.0
2023-11-25 14:59:23.287,0 days 01:14:23.283000,-1356.0,3412.0,-225.0,OnTrack,320.6666666666667,11283.666666666666,100.0,0.0,12,8,2342.3015447671223,0.4464618204765191,16.0,1343.2220370370358,interpolation,0 days 00:00:34.040000,34.04,4463.283,1.0
2023-11-25 14:59:23.387,0 days 01:14:23.383000,-1386.903888012725,3327.0129055955977,-226.4091445297445,OnTrack,321.0,11300.0,100.0,0.0,12,8,2349.385555555556,0.4478120908377137,16.0,1339.3849999999989,interpolation,0 days 00:00:34.140000,34.14,4463.383,1.0
2023-11-25 14:59:23.487,0 days 01:14:23.483000,-1418.850435134409,3238.9319373084613,-227.84592244099107,OnTrack,321.3333333333333,11338.0,100.0,0.0,12,8,2357.1267414682984,0.449287624149371,16.0,1335.5479629629615,interpolation,0 days 00:00:34.240000,34.24,4463.483,1.0
2023-11-25 14:59:23.587,0 days 01:14:23.583000,-1441.0,3177.0,-229.0,OnTrack,321.6666666666667,11376.0,100.0,0.0,12,8,2365.508364818584,0.450885230071579,16.0,1331.7109259259246,interpolation,0 days 00:00:34.340000,34.34,4463.583,1.0
2023-11-25 14:59:23.687,0 days 01:14:23.683000,-1459.0,3126.0,-230.0,OnTrack,322.0,11414.0,100.0,0.0,12,8,2374.4300000000007,0.4525857666628738,16.0,1327.8738888888874,pos,0 days 00:00:34.440000,34.44,4463.683,1.0
2023-11-25 14:59:23.787,0 days 01:14:23.783000,-1517.5748653302358,2965.38570350618,-231.92800006324268,OnTrack,322.0,11412.5,100.0,0.0,12,8,2383.874909497177,0.4543860436160125,16.0,1323.8461111111096,interpolation,0 days 00:00:34.540000,34.54,4463.783,1.0
2023-11-25 14:59:23.887,0 days 01:14:23.883000,-1588.0,2773.0,-234.0,OnTrack,322.0,11411.0,100.0,0.0,12,8,2392.31888888889,0.4559955351094167,16.0,1319.8183333333318,interpolation,0 days 00:00:34.640000,34.64,4463.883,1.0
2023-11-25 14:59:23.987,0 days 01:14:23.983000,-1634.0966981543693,2646.7769207962606,-235.2516524267942,OnTrack,322.0,11388.0,100.0,0.0,12,8,2398.2377337539137,0.4571237153215078,16.0,1316.6849999999986,interpolation,0 days 00:00:34.740000,34.74,4463.983,1.0
2023-11-25 14:59:24.087,0 days 01:14:24.083000,-1655.8649597933431,2586.7164658949605,-235.68295734362525,OnTrack,322.0,11365.0,100.0,0.0,12,8,2406.630000000001,0.4587233498666508,16.0,1313.5516666666654,interpolation,0 days 00:00:34.840000,34.84,4464.083,1.0
2023-11-25 14:59:24.187,0 days 01:14:24.183000,-1657.776838209671,2580.678151688631,-235.41172375166357,OnTrack,323.0,11345.0,100.0,0.0,12,8,2420.9855555555564,0.4614596360982865,16.0,1307.2849999999985,interpolation,0 days 00:00:34.940000,34.94,4464.183,1.0
2023-11-25 14:59:24.287,0 days 01:14:24.283000,-1666.6645157788375,2555.819449486829,-235.14480203885103,OnTrack,323.0,11361.0,100.0,0.0,12,8,2432.2523188912496,0.463607173284935,16.0,1303.7849999999985,interpolation,0 days 00:00:35.040000,35.04,4464.283,1.0
2023-11-25 14:59:24.387,0 days 01:14:24.383000,-1687.0,2500.0,-235.0,OnTrack,323.0,11377.0,100.0,0.0,12,8,2439.489877912512,0.4649867111944147,16.0,1300.2849999999985,interpolation,0 days 00:00:35.140000,35.14,4464.383,1.0
2023-11-25 14:59:24.487,0 days 01:14:24.483000,-1718.783290873159,2413.219803228145,-234.97731763511064,OnTrack,323.0,11393.0,100.0,0.0,12,8,2446.1077777777787,0.4662481370036489,16.0,1296.7849999999985,interpolation,0 days 00:00:35.240000,35.24,4464.483,1.0
2023-11-25 14:59:24.587,0 days 01:14:24.583000,-1757.0,2310.0,-235.0,OnTrack,323.0,11395.0,100.0,0.0,12,8,2452.674273103982,0.4674997646875554,16.0,1293.8738888888874,interpolation,0 days 00:00:35.340000,35.34,4464.583,1.0
2023-11-25 14:59:24.687,0 days 01:14:24.683000,-1795.0,2209.0,-235.0,OnTrack,323.0,11397.0,100.0,0.0,12,8,2460.463333333334,0.4689844232352845,16.0,1290.9627777777764,interpolation,0 days 00:00:35.440000,35.44,4464.683,1.0
2023-11-25 14:59:24.787,0 days 01:14:24.783000,-1822.9688067298384,2135.0495434903955,-235.0295649997034,OnTrack,323.5,11396.5,100.0,0.0,12,8,2470.7489279080464,0.4709449416359869,16.0,1286.7452777777764,interpolation,0 days 00:00:35.540000,35.54,4464.783,1.0
2023-11-25 14:59:24.887,0 days 01:14:24.883000,-1841.6144816589688,2086.096718983702,-235.07479036894784,OnTrack,324.0,11396.0,100.0,0.0,12,8,2482.153333333334,0.4731187145300027,16.0,1282.5277777777765,interpolation,0 days 00:00:35.640000,35.64,4464.883,1.0
2023-11-25 14:59:24.987,0 days 01:14:24.983000,-1865.0,2025.0,-235.0,OnTrack,323.5,11330.0,78.5,0.0,12,8,2493.298826114411,0.4752431365576722,16.0,1278.5611111111098,interpolation,0 days 00:00:35.740000,35.74,4464.983,1.0
2023-11-25 14:59:25.087,0 days 01:14:25.083000,-1895.469202955458,1945.5691004318137,-234.7825810924604,OnTrack,323.0,11264.0,57.0,0.0,12,8,2503.6866666666674,0.4772231438774562,16.0,1274.594444444443,interpolation,0 days 00:00:35.840000,35.84,4465.083,1.0
2023-11-25 14:59:25.187,0 days 01:14:25.183000,-1935.0,1839.0,-235.0,OnTrack,316.0,10889.0,28.5,0.0,12,8,2512.818115405493,0.4789636726478153,16.0,1271.7888888888874,interpolation,0 days 00:00:35.940000,35.94,4465.183,1.0
2023-11-25 14:59:25.287,0 days 01:14:25.283000,-1982.0,1707.0,-236.0,OnTrack,309.0,10514.0,0.0,0.0,10,8,2520.8533333333344,0.4804952508649772,16.0,1268.9833333333318,interpolation,0 days 00:00:36.040000,36.04,4465.283,1.0
2023-11-25 14:59:25.387,0 days 01:14:25.383000,-2015.047289625752,1612.6373527882104,-236.40423557760388,OnTrack,296.25,10481.5,0.0,0.0,10,8,2527.952481452642,0.4818484065251693,16.0,1267.9083333333317,interpolation,0 days 00:00:36.140000,36.14,4465.383,1.0
2023-11-25 14:59:25.487,0 days 01:14:25.483000,-2030.5715317089064,1566.423487575698,-235.98298130414537,OnTrack,283.5,10449.0,0.0,1.0,8,8,2534.115559763416,0.483023139628392,16.0,1266.8333333333317,interpolation,0 days 00:00:36.240000,36.24,4465.483,0.0
2023-11-25 14:59:25.587,0 days 01:14:25.583000,-2041.810007937608,1531.2478785753362,-235.3202363786141,OnTrack,270.75,10416.5,0.0,1.0,8,8,2540.097524859148,0.4841633510724029,16.0,1265.7583333333316,interpolation,0 days 00:00:36.340000,36.34,4465.583,0.0
2023-11-25 14:59:25.687,0 days 01:14:25.683000,-2062.0,1470.0,-235.0,OnTrack,258.0,10384.0,0.0,1.0,8,8,2546.6533333333346,0.4854129417549601,16.0,1264.6833333333316,pos,0 days 00:00:36.440000,36.44,4465.683,0.0
2023-11-25 14:59:25.787,0 days 01:14:25.783000,-2089.0,1389.0,-235.0,OnTrack,233.5,10270.0,0.0,1.0,8,8,2553.782985185973,0.4867719116760636,16.0,1265.116666666665,interpolation,0 days 00:00:36.540000,36.54,4465.783,0.0
2023-11-25 14:59:25.887,0 days 01:14:25.883000,-2109.961026348009,1326.1685733229156,-235.18660405299528,OnTrack,209.0,10156.0,0.0,1.0,8,8,2560.5866666666675,0.4880687489797828,16.0,1265.5499999999984,interpolation,0 days 00:00:36.640000,36.64,4465.883,0.0
2023-11-25 14:59:25.987,0 days 01:14:25.983000,-2124.259187125066,1281.940039951682,-235.42056109754355,OnTrack,196.5,10634.5,0.0,1.0,8,8,2566.164564025022,0.4891319418101875,16.0,1266.6888888888873,interpolation,0 days 00:00:36.740000,36.74,4465.983,0.0
2023-11-25 14:59:26.087,0 days 01:14:26.083000,-2141.0,1221.0,-235.0,OnTrack,184.0,11113.0,0.0,1.0,8,7,2570.8088888888897,0.490017188092093,16.0,1267.8277777777762,interpolation,0 days 00:00:36.840000,36.84,4466.083,0.0
2023-11-25 14:59:26.187,0 days 01:14:26.183000,-2160.0,1145.0,-234.0,OnTrack,172.75,10837.5,0.0,1.0,8,7,2574.811852886124,0.490780185750315,16.0,1270.127777777776,interpolation,0 days 00:00:36.940000,36.94,4466.183,0.0
2023-11-25 14:59:26.287,0 days 01:14:26.283000,-2171.0529784954183,1099.1633066778277,-233.57289817545103,OnTrack,161.5,10562.0,0.0,1.0,8,5,2578.173456016725,0.4914209347848536,16.0,1272.427777777776,interpolation,0 days 00:00:37.040000,37.04,4466.283,0.0
2023-11-25 14:59:26.387,0 days 01:14:26.383000,-2174.2118273233336,1082.6280241554773,-233.79813215586933,OnTrack,150.25,10286.5,0.0,1.0,8,5,2581.3277755834088,0.4920221738777673,16.0,1274.727777777776,interpolation,0 days 00:00:37.140000,37.14,4466.383,0.0
2023-11-25 14:59:26.487,0 days 01:14:26.483000,-2180.0,1045.0,-234.0,OnTrack,139.0,10011.0,0.0,1.0,8,5,2584.7088888888898,0.4926666417111148,16.0,1277.027777777776,interpolation,0 days 00:00:37.240000,37.24,4466.483,0.0
2023-11-25 14:59:26.587,0 days 01:14:26.583000,-2189.0,984.0,-234.0,OnTrack,131.66666666666666,9878.666666666666,0.0,1.0,8,5,2588.316795933169,0.4933543382848961,16.0,1280.6425925925907,interpolation,0 days 00:00:37.340000,37.34,4466.583,0.0
2023-11-25 14:59:26.687,0 days 01:14:26.683000,-2194.1834845197386,936.3463253044096,-233.4028224144659,OnTrack,124.33333333333331,9746.333333333334,0.0,1.0,8,3,2592.0288190961837,0.4940618802419567,16.0,1284.2574074074057,interpolation,0 days 00:00:37.440000,37.44,4466.683,0.0
2023-11-25 14:59:26.787,0 days 01:14:26.783000,-2194.9805429525773,905.8878749762036,-232.34044100717247,OnTrack,117.0,9614.0,0.0,1.0,8,3,2595.10888888889,0.4946489667210305,16.0,1287.8722222222204,interpolation,0 days 00:00:37.540000,37.54,4466.783,0.0
2023-11-25 14:59:26.887,0 days 01:14:26.883000,-2195.0,879.0,-232.0,OnTrack,111.0,9221.5,0.0,1.0,8,3,2597.4343264350005,0.4950922141255162,16.0,1290.9388888888868,interpolation,0 days 00:00:37.640000,37.64,4466.883,0.0
2023-11-25 14:59:26.987,0 days 01:14:26.983000,-2194.8433233660635,853.4119371662491,-232.5793557502339,OnTrack,105.0,8829.0,0.0,1.0,8,2,2599.775555555557,0.4955384715331721,16.0,1294.0055555555532,interpolation,0 days 00:00:37.740000,37.74,4466.983,0.0
2023-11-25 14:59:27.087,0 days 01:14:27.083000,-2194.0,828.0,-233.0,OnTrack,100.0,8290.5,0.0,1.0,8,2,2602.903000071602,0.4961345880217567,16.0,1299.0055555555534,interpolation,0 days 00:00:37.840000,37.84,4467.083,0.0
2023-11-25 14:59:27.187,0 days 01:14:27.183000,-2191.959516851042,801.6405020263019,-232.18342449142432,OnTrack,95.0,7752.0,0.0,1.0,8,2,2606.10888888889,0.4967456566353643,16.0,1304.0055555555537,interpolation,0 days 00:00:37.940000,37.94,4467.183,0.0
2023-11-25 14:59:27.287,0 days 01:14:27.283000,-2189.0,776.0,-231.0,OnTrack,91.5,7422.0,0.0,1.0,8,2,2608.685450913177,0.4972367704180895,16.0,1308.5333333333317,interpolation,0 days 00:00:38.040000,38.04,4467.283,0.0
2023-11-25 14:59:27.387,0 days 01:14:27.383000,-2185.399575527685,752.7450506759401,-230.3200973012204,OnTrack,88.0,7092.0,0.0,1.0,8,2,2610.997777777779,0.4976775188195126,16.0,1313.0611111111093,interpolation,0 days 00:00:38.140000,38.14,4467.383,0.0
2023-11-25 14:59:27.487,0 days 01:14:27.483000,-2181.349797922562,732.0543412070296,-230.09139909792964,OnTrack,85.66666666666667,6919.333333333333,0.0,1.0,8,2,2613.4109611160147,0.4981374912892142,16.0,1318.2166666666649,interpolation,0 days 00:00:38.240000,38.24,4467.483,0.0
2023-11-25 14:59:27.587,0 days 01:14:27.583000,-2178.0,715.0,-230.0,OnTrack,83.33333333333333,6746.666666666667,0.0,1.0,8,2,2615.886987527508,0.4986094421623599,16.0,1323.3722222222204,interpolation,0 days 00:00:38.340000,38.34,4467.583,0.0
2023-11-25 14:59:27.687,0 days 01:14:27.683000,-2175.541738209989,701.7607160375244,-229.99358217454383,OnTrack,81.0,6574.0,0.0,1.0,8,2,2618.197777777779,0.4990498976725311,16.0,1328.527777777776,interpolation,0 days 00:00:38.440000,38.44,4467.683,0.0
2023-11-25 14:59:27.787,0 days 01:14:27.783000,-2168.0,681.0,-230.0,OnTrack,79.66666666666667,6478.333333333333,0.0,1.0,8,2,2620.3053188557083,0.4994516122290892,16.0,1333.2981481481463,pos,0 days 00:00:38.540000,38.54,4467.783,0.0
2023-11-25 14:59:27.887,0 days 01:14:27.883000,-2152.0,646.0,-230.0,OnTrack,78.33333333333333,6382.666666666667,0.0,0.0,8,2,2622.2402787868514,0.4998204314083862,16.0,1338.0685185185168,interpolation,0 days 00:00:38.640000,38.64,4467.883,0.0
2023-11-25 14:59:27.987,0 days 01:14:27.983000,-2143.1431811842403,624.4726825156065,-230.31093667055185,OnTrack,77.0,6287.0,0.0,0.0,8,2,2624.186666666668,0.500191428848113,16.0,1342.8388888888871,interpolation,0 days 00:00:38.740000,38.74,4467.983,0.0
2023-11-25 14:59:28.087,0 days 01:14:28.083000,-2140.73426988464,617.8487265696884,-230.8718921887471,OnTrack,75.66666666666667,6324.0,6.333333333333333,0.0,8,2,2626.175150834757,0.5005704501844807,16.0,1347.7129629629612,interpolation,0 days 00:00:38.840000,38.84,4468.083,0.0
2023-11-25 14:59:28.187,0 days 01:14:28.183000,-2125.0,607.0,-231.0,OnTrack,74.33333333333333,6361.0,12.666666666666666,0.0,8,2,2628.1597351795285,0.5009487281826468,16.0,1352.587037037035,interpolation,0 days 00:00:38.940000,38.94,4468.183,0.0
2023-11-25 14:59:28.287,0 days 01:14:28.283000,-2092.644810306905,588.7384644567998,-230.58144842916576,OnTrack,73.0,6398.0,19.0,0.0,8,2,2629.8644444444453,0.5012736597028852,16.0,1357.4611111111094,interpolation,0 days 00:00:39.040000,39.04,4468.283,0.0
2023-11-25 14:59:28.387,0 days 01:14:28.383000,-2059.0,571.0,-230.0,OnTrack,71.0,6685.5,23.5,0.0,8,2,2631.2432829889167,0.5015364776001295,16.0,1361.794444444443,interpolation,0 days 00:00:39.140000,39.14,4468.383,0.0
2023-11-25 14:59:28.487,0 days 01:14:28.483000,-2039.396868273929,561.7204866895132,-229.63941723625837,OnTrack,69.0,6973.0,28.0,0.0,8,2,2632.931111111112,0.5018581914365782,16.0,1366.1277777777764,interpolation,0 days 00:00:39.240000,39.24,4468.483,0.0
2023-11-25 14:59:28.587,0 days 01:14:28.583000,-2033.835415128692,560.8999245253394,-229.4997001379408,OnTrack,69.5,6929.5,33.5,0.0,8,2,2635.5627891092017,0.5023598107744299,16.0,1373.8666666666654,interpolation,0 days 00:00:39.340000,39.34,4468.583,0.0
2023-11-25 14:59:28.687,0 days 01:14:28.683000,-2031.1062544191095,564.129400098496,-229.3601329706529,OnTrack,70.0,6886.0,39.0,0.0,8,2,2638.3755555555563,0.5028959470507434,16.0,1381.6055555555545,interpolation,0 days 00:00:39.440000,39.44,4468.683,0.0
2023-11-25 14:59:28.787,0 days 01:14:28.783000,-2020.0,567.0,-229.0,OnTrack,71.5,7127.0,45.0,0.0,8,2,2640.606649022544,0.5033212117025769,16.0,1387.0780555555546,interpolation,0 days 00:00:39.540000,39.54,4468.783,0.0
2023-11-25 14:59:28.887,0 days 01:14:28.883000,-2000.5166518713645,569.5117242298516,-228.41930122598228,OnTrack,73.0,7368.0,51.0,0.0,8,2,2642.410833333334,0.5036651039796708,16.0,1392.5505555555546,interpolation,0 days 00:00:39.640000,39.64,4468.883,0.0
2023-11-25 14:59:28.987,0 days 01:14:28.983000,-1974.054139861952,571.8358460754837,-227.66290277198084,OnTrack,74.0,7544.5,53.5,0.0,8,2,2643.942872311094,0.503957123131765,16.0,1396.928333333332,interpolation,0 days 00:00:39.740000,39.74,4468.983,0.0
2023-11-25 14:59:29.087,0 days 01:14:29.083000,-1949.0,575.0,-227.0,OnTrack,75.0,7721.0,56.0,0.0,8,2,2645.7441666666678,0.504300464559772,16.0,1401.3061111111097,interpolation,0 days 00:00:39.840000,39.84,4469.083,0.0
2023-11-25 14:59:29.187,0 days 01:14:29.183000,-1926.7521477995317,579.1754575370039,-226.47545857399427,OnTrack,78.5,7816.0,56.5,0.0,8,2,2648.356117110896,0.5047983236646041,16.0,1407.739444444443,interpolation,0 days 00:00:39.940000,39.94,4469.183,0.0
2023-11-25 14:59:29.287,0 days 01:14:29.283000,-1905.0,584.0,-226.0,OnTrack,82.0,7911.0,57.0,0.0,8,2,2651.210833333334,0.5053424559111379,16.0,1414.1727777777764,interpolation,0 days 00:00:40.040000,40.04,4469.283,0.0
2023-11-25 14:59:29.387,0 days 01:14:29.383000,-1881.43297334086,589.1114087024928,-225.4843457840537,OnTrack,85.66666666666667,8096.666666666667,57.66666666666666,0.0,8,2,2653.740425023538,0.5058246167642501,16.0,1418.9172222222207,interpolation,0 days 00:00:40.140000,40.14,4469.383,0.0
2023-11-25 14:59:29.487,0 days 01:14:29.483000,-1858.0,594.0,-225.0,OnTrack,89.33333333333333,8282.333333333334,58.333333333333336,0.0,8,2,2656.013773264107,0.5062579355213199,16.0,1423.6616666666653,interpolation,0 days 00:00:40.240000,40.24,4469.483,0.0
2023-11-25 14:59:29.587,0 days 01:14:29.583000,-1836.65001215531,598.1560902480394,-224.61846672168383,OnTrack,93.0,8468.0,59.0,0.0,8,2,2658.444166666668,0.5067211883699574,16.0,1428.4061111111096,interpolation,0 days 00:00:40.340000,40.34,4469.583,0.0
2023-11-25 14:59:29.687,0 days 01:14:29.683000,-1816.9164566265813,601.6607049927412,-224.32154182432384,OnTrack,95.5,7978.0,53.5,0.0,8,2,2661.100487019165,0.5072275047419866,16.0,1433.378333333332,interpolation,0 days 00:00:40.440000,40.44,4469.683,0.0
2023-11-25 14:59:29.787,0 days 01:14:29.783000,-1796.0,605.0,-224.0,OnTrack,98.0,7488.0,48.0,0.0,8,2,2663.888611111112,0.5077589439841226,16.0,1438.3505555555544,pos,0 days 00:00:40.540000,40.54,4469.783,0.0
2023-11-25 14:59:29.887,0 days 01:14:29.883000,-1773.4340843178284,608.2550016456519,-223.63563693752,OnTrack,99.5,7491.5,42.0,0.0,8,2,2666.71441573202,0.5082975654430805,16.0,1443.294999999999,interpolation,0 days 00:00:40.640000,40.64,4469.883,0.0
2023-11-25 14:59:29.987,0 days 01:14:29.983000,-1742.0,610.0,-223.0,OnTrack,101.0,7495.0,36.0,0.0,8,2,2669.4997222222228,0.5088284676272928,16.0,1448.2394444444435,pos,0 days 00:00:40.740000,40.74,4469.983,0.0
2023-11-25 14:59:30.087,0 days 01:14:30.083000,-1699.0,609.0,-222.0,OnTrack,101.66666666666669,7570.333333333333,38.66666666666666,0.0,8,3,2672.166351922052,0.5093367490451924,16.0,1452.8024074074065,interpolation,0 days 00:00:40.840000,40.84,4470.083,0.0
2023-11-25 14:59:30.187,0 days 01:14:30.183000,-1671.559998403577,606.3992967043448,-221.4478217925618,OnTrack,102.33333333333331,7645.666666666667,41.333333333333336,0.0,8,3,2674.7551107910976,0.509830187646226,16.0,1457.3653703703694,interpolation,0 days 00:00:40.940000,40.94,4470.183,0.0
2023-11-25 14:59:30.287,0 days 01:14:30.283000,-1650.0,600.0,-221.0,OnTrack,103.0,7721.0,44.0,0.0,8,3,2677.5108333333337,0.5103554508881359,16.0,1461.9283333333324,interpolation,0 days 00:00:41.040000,41.04,4470.283,0.0
2023-11-25 14:59:30.387,0 days 01:14:30.383000,-1620.119000750092,587.4135029543495,-220.1777044090566,OnTrack,104.0,7843.75,45.25,0.0,8,3,2680.4743250904985,0.510920316640723,16.0,1466.733888888888,interpolation,0 days 00:00:41.140000,41.14,4470.383,0.0
2023-11-25 14:59:30.487,0 days 01:14:30.483000,-1590.0,572.0,-219.0,OnTrack,105.0,7966.5,46.5,0.0,8,3,2683.645586062592,0.5115247849039876,16.0,1471.5394444444437,interpolation,0 days 00:00:41.240000,41.24,4470.483,0.0
2023-11-25 14:59:30.587,0 days 01:14:30.583000,-1567.7259970958698,557.1196855695584,-217.4859517530987,OnTrack,106.0,8089.25,47.75,0.0,8,3,2686.7216928922785,0.5121111160099163,16.0,1476.3449999999991,interpolation,0 days 00:00:41.340000,41.34,4470.583,0.0
2023-11-25 14:59:30.687,0 days 01:14:30.683000,-1552.3288859171262,542.5549357080282,-215.8079119971923,OnTrack,107.0,8212.0,49.0,0.0,8,3,2689.3997222222224,0.5126215702904967,16.0,1481.150555555555,interpolation,0 days 00:00:41.440000,41.44,4470.683,0.0
2023-11-25 14:59:30.787,0 days 01:14:30.783000,-1538.0,527.0,-215.0,OnTrack,107.5,8222.5,49.0,0.0,8,3,2691.679674052424,0.5130561477457285,16.0,1484.9949999999994,interpolation,0 days 00:00:41.540000,41.54,4470.783,0.0
2023-11-25 14:59:30.887,0 days 01:14:30.883000,-1523.0,508.0,-215.0,OnTrack,108.0,8233.0,49.0,0.0,8,3,2694.1997222222226,0.5135364895258423,16.0,1488.839444444444,pos,0 days 00:00:41.640000,41.64,4470.883,0.0
2023-11-25 14:59:30.987,0 days 01:14:30.983000,-1502.7015223623252,472.131353407426,-214.4004856596329,OnTrack,110.0,8517.333333333334,57.0,0.0,8,3,2697.598040570959,0.5141842367810688,16.0,1494.3061111111106,interpolation,0 days 00:00:41.740000,41.74,4470.983,0.0
2023-11-25 14:59:31.087,0 days 01:14:31.083000,-1477.900503802035,420.9260727481743,-213.11141787429128,OnTrack,112.0,8801.666666666666,65.0,0.0,8,3,2701.7157667983274,0.5149691090584243,16.0,1499.7727777777773,interpolation,0 days 00:00:41.840000,41.84,4471.083,0.0
2023-11-25 14:59:31.187,0 days 01:14:31.183000,-1458.0,377.0,-212.0,OnTrack,114.0,9086.0,73.0,0.0,8,3,2705.5997222222227,0.5157094227097883,16.0,1505.239444444444,interpolation,0 days 00:00:41.940000,41.94,4471.183,0.0
2023-11-25 14:59:31.287,0 days 01:14:31.283000,-1444.5671949269877,344.1224614580808,-211.2107666694448,OnTrack,119.5,9466.0,78.5,0.0,8,3,2709.09104291558,0.5163748969721036,16.0,1509.4269444444442,interpolation,0 days 00:00:42.040000,42.04,4471.283,0.0
2023-11-25 14:59:31.387,0 days 01:14:31.383000,-1437.602088582997,322.29345712241627,-210.74371788262545,OnTrack,125.0,9846.0,84.0,0.0,8,3,2712.578888888889,0.5170397089243751,16.0,1513.6144444444444,interpolation,0 days 00:00:42.140000,42.14,4471.383,0.0
2023-11-25 14:59:31.487,0 days 01:14:31.483000,-1432.8359379475082,302.3177242255436,-210.40481015449345,OnTrack,129.0,10215.0,89.33333333333333,0.0,8,3,2716.452420152638,0.5177780356456076,16.0,1516.5774074074072,interpolation,0 days 00:00:42.240000,42.24,4471.483,0.0
2023-11-25 14:59:31.587,0 days 01:14:31.583000,-1426.0,275.0,-210.0,OnTrack,133.0,10584.0,94.66666666666669,0.0,8,3,2720.644984047676,0.5185771725941465,16.0,1519.5403703703705,interpolation,0 days 00:00:42.340000,42.34,4471.583,0.0
2023-11-25 14:59:31.687,0 days 01:14:31.683000,-1417.094274740473,240.3402844457854,-209.5292874191452,OnTrack,137.0,10953.0,100.0,0.0,8,3,2724.756666666667,0.5193608929103446,16.0,1522.503333333333,interpolation,0 days 00:00:42.440000,42.44,4471.683,0.0
2023-11-25 14:59:31.787,0 days 01:14:31.783000,-1407.0,201.0,-209.0,OnTrack,142.0,11203.0,100.0,0.0,8,3,2728.720816032979,0.5201164921826409,16.0,1523.652222222222,interpolation,0 days 00:00:42.540000,42.54,4471.783,0.0
2023-11-25 14:59:31.887,0 days 01:14:31.883000,-1396.598413609655,159.64056909974414,-208.41946533063552,OnTrack,147.0,11453.0,100.0,0.0,8,3,2732.5374321466124,0.5208439704110353,16.0,1524.8011111111111,interpolation,0 days 00:00:42.640000,42.64,4471.883,0.0
2023-11-25 14:59:31.987,0 days 01:14:31.983000,-1385.0,113.0,-208.0,OnTrack,152.0,11703.0,100.0,0.0,8,3,2736.2646986736954,0.521554417877887,16.0,1525.95,interpolation,0 days 00:00:42.740000,42.74,4471.983,0.0
2023-11-25 14:59:32.087,0 days 01:14:32.083000,-1371.3152436015966,57.816300955749725,-207.9539205970416,OnTrack,157.0,11953.0,100.0,0.0,8,3,2740.251715823604,0.5223143759366587,16.0,1527.0988888888892,interpolation,0 days 00:00:42.840000,42.84,4472.083,0.0
2023-11-25 14:59:32.187,0 days 01:14:32.183000,-1359.0,8.0,-208.0,OnTrack,162.0,12203.0,100.0,0.0,8,3,2744.556666666667,0.5231349347561455,16.0,1528.247777777778,interpolation,0 days 00:00:42.940000,42.94,4472.183,0.0
2023-11-25 14:59:32.287,0 days 01:14:32.283000,-1351.5101247807663,-22.53837483424241,-207.8570110871152,OnTrack,167.0,11503.0,100.0,0.0,8,3,2749.1795512028857,0.5240160943363473,16.0,1528.5533333333335,interpolation,0 days 00:00:43.040000,43.04,4472.283,0.0
2023-11-25 14:59:32.387,0 days 01:14:32.383000,-1348.8456179438954,-33.79882354697754,-207.5249538583872,OnTrack,172.0,10803.0,100.0,0.0,8,3,2754.1122222222225,0.5249563017524355,16.0,1528.8588888888894,interpolation,0 days 00:00:43.140000,43.14,4472.383,0.0
2023-11-25 14:59:32.487,0 days 01:14:32.483000,-1344.5083021350763,-51.90986048622389,-207.18041970046548,OnTrack,176.33333333333334,10977.666666666666,100.0,0.0,8,3,2759.34653251464,0.5259540040795815,16.0,1527.7329629629637,interpolation,0 days 00:00:43.240000,43.24,4472.483,0.0
2023-11-25 14:59:32.587,0 days 01:14:32.583000,-1332.0,-103.0,-207.0,OnTrack,180.66666666666663,11152.333333333334,100.0,0.0,8,3,2764.86432599016,0.5270057406186267,16.0,1526.6070370370376,interpolation,0 days 00:00:43.340000,43.34,4472.583,0.0
2023-11-25 14:59:32.687,0 days 01:14:32.683000,-1313.0,-180.0,-207.0,OnTrack,185.0,11327.0,100.0,0.0,8,3,2770.556666666667,0.5280907472809344,16.0,1525.4811111111117,interpolation,0 days 00:00:43.440000,43.44,4472.683,0.0
2023-11-25 14:59:32.787,0 days 01:14:32.783000,-1297.5840844909983,-240.4941907885305,-207.27825165942048,OnTrack,188.66666666666663,11491.666666666666,100.0,0.0,8,3,2776.405398640101,0.5292055634027835,16.0,1523.2292592592598,interpolation,0 days 00:00:43.540000,43.54,4472.783,0.0
2023-11-25 14:59:32.887,0 days 01:14:32.883000,-1286.5935148888657,-280.7735573848993,-207.7712355288793,OnTrack,192.33333333333331,11656.333333333334,100.0,0.0,8,4,2782.344616847768,0.5303376269405147,16.0,1520.977407407408,interpolation,0 days 00:00:43.640000,43.64,4472.883,0.0
2023-11-25 14:59:32.987,0 days 01:14:32.983000,-1275.0,-321.0,-208.0,OnTrack,196.0,11821.0,100.0,0.0,8,4,2787.9788888888893,0.5314115652462631,16.0,1518.7255555555562,interpolation,0 days 00:00:43.740000,43.74,4472.983,0.0
2023-11-25 14:59:33.087,0 days 01:14:33.083000,-1261.96548700132,-364.533852540499,-207.8847193960139,OnTrack,198.25,11571.0,100.0,0.0,8,4,2793.2423090259017,0.5324148161477337,16.0,1516.400555555556,interpolation,0 days 00:00:43.840000,43.84,4473.083,0.0
2023-11-25 14:59:33.187,0 days 01:14:33.183000,-1246.0,-415.0,-208.0,OnTrack,200.5,11321.0,100.0,0.0,8,4,2798.1348772588035,0.5333473796449261,16.0,1514.075555555556,interpolation,0 days 00:00:43.940000,43.94,4473.183,0.0
2023-11-25 14:59:33.287,0 days 01:14:33.283000,-1225.6135631032143,-476.02332737210656,-208.92044809503727,OnTrack,202.75,11071.0,100.0,0.0,8,4,2803.0744513067484,0.5342889028346925,16.0,1511.750555555556,interpolation,0 days 00:00:44.040000,44.04,4473.283,0.0
2023-11-25 14:59:33.387,0 days 01:14:33.383000,-1202.0,-542.0,-210.0,OnTrack,205.0,10821.0,100.0,0.0,8,4,2808.4788888888893,0.5353190328138853,16.0,1509.425555555556,interpolation,0 days 00:00:44.140000,44.14,4473.383,0.0
2023-11-25 14:59:33.487,0 days 01:14:33.483000,-1176.3531343793934,-607.3261832268613,-210.5925920337624,OnTrack,209.5,10961.0,100.0,0.0,8,4,2814.3481900052248,0.5364377695825043,16.0,1506.592222222223,interpolation,0 days 00:00:44.240000,44.24,4473.483,0.0
2023-11-25 14:59:33.587,0 days 01:14:33.583000,-1154.0,-662.0,-211.0,OnTrack,214.0,11101.0,100.0,0.0,8,4,2820.367777777778,0.5375851522162459,16.0,1503.75888888889,interpolation,0 days 00:00:44.340000,44.34,4473.583,0.0
2023-11-25 14:59:33.687,0 days 01:14:33.683000,-1140.2676306204266,-696.019573266726,-211.5239997023885,OnTrack,216.0,11101.0,100.0,0.0,8,4,2826.223075328569,0.5387012197908065,16.0,1500.855185185186,interpolation,0 days 00:00:44.440000,44.44,4473.683,0.0
2023-11-25 14:59:33.787,0 days 01:14:33.783000,-1131.6376601357197,-717.0409303505298,-212.1732829133048,OnTrack,218.0,11101.0,100.0,0.0,8,4,2831.918314796936,0.5397867789865375,16.0,1497.9514814814822,interpolation,0 days 00:00:44.540000,44.54,4473.783,0.0
2023-11-25 14:59:33.887,0 days 01:14:33.883000,-1107.0,-771.0,-213.0,OnTrack,220.0,11101.0,100.0,0.0,8,4,2837.4788888888893,0.5408466698607652,16.0,1495.0477777777785,pos,0 days 00:00:44.640000,44.64,4473.883,0.0
2023-11-25 14:59:33.987,0 days 01:14:33.983000,-1066.0,-858.0,-214.0,OnTrack,223.25,11250.5,100.0,0.0,8,4,2842.9090297004286,0.5418816990855805,16.0,1491.6588888888894,interpolation,0 days 00:00:44.740000,44.74,4473.983,0.0
2023-11-25 14:59:34.087,0 days 01:14:34.083000,-1027.619642130613,-932.7247755217844,-215.09622743274207,OnTrack,226.5,11400.0,100.0,0.0,8,5,2848.208737231555,0.5428918666609832,16.0,1488.2700000000004,interpolation,0 days 00:00:44.840000,44.84,4474.083,0.0
2023-11-25 14:59:34.187,0 days 01:14:34.183000,-994.999374315278,-988.8782668610538,-216.21596879581267,OnTrack,229.75,11549.5,100.0,0.0,8,5,2854.6157428135703,0.5441130942959734,16.0,1484.8811111111115,interpolation,0 days 00:00:44.940000,44.94,4474.183,0.0
2023-11-25 14:59:34.287,0 days 01:14:34.283000,-968.0,-1034.0,-217.0,OnTrack,233.0,11699.0,100.0,0.0,8,5,2863.367777777778,0.5457813036995508,16.0,1481.4922222222226,interpolation,0 days 00:00:45.040000,45.04,4474.283,0.0
2023-11-25 14:59:34.387,0 days 01:14:34.383000,-946.5983198778944,-1069.346556168604,-217.3884506703061,OnTrack,236.0,10859.0,100.0,0.0,8,5,2873.856666666667,0.5477805716582691,16.0,1476.0700000000002,interpolation,0 days 00:00:45.140000,45.14,4474.383,0.0
2023-11-25 14:59:34.487,0 days 01:14:34.483000,-929.1734459023668,-1097.5052445805109,-217.49480815166237,OnTrack,238.25,10917.75,100.0,0.0,8,5,2882.433375418256,0.5494153624525995,16.0,1472.9700000000005,interpolation,0 days 00:00:45.240000,45.24,4474.483,0.0
2023-11-25 14:59:34.587,0 days 01:14:34.583000,-906.0,-1134.0,-218.0,OnTrack,240.5,10976.5,100.0,0.0,14,5,2888.489734802717,0.5505697540561432,16.0,1469.8700000000003,interpolation,0 days 00:00:45.340000,45.34,4474.583,1.0
2023-11-25 14:59:34.687,0 days 01:14:34.683000,-875.4570775262216,-1181.4181581348987,-219.01751472236677,OnTrack,242.75,11035.25,100.0,0.0,14,5,2893.3545601191536,0.5514970295266857,16.0,1466.7700000000004,interpolation,0 days 00:00:45.440000,45.44,4474.683,1.0
2023-11-25 14:59:34.787,0 days 01:14:34.783000,-840.0,-1235.0,-220.0,OnTrack,245.0,11094.0,100.0,0.0,14,5,2898.356666666667,0.5524504719220126,16.0,1463.6700000000003,interpolation,0 days 00:00:45.540000,45.54,4474.783,1.0
2023-11-25 14:59:34.887,0 days 01:14:34.883000,-802.0840889403046,-1289.9858066100978,-220.40010351413724,OnTrack,247.33333333333331,11176.333333333334,100.0,0.0,14,5,2903.496054445259,0.5534300812421238,16.0,1460.5070370370377,interpolation,0 days 00:00:45.640000,45.64,4474.883,1.0
2023-11-25 14:59:34.987,0 days 01:14:34.983000,-761.8342596379009,-1346.1345422463169,-220.38969637899385,OnTrack,249.66666666666663,11258.666666666666,100.0,0.0,12,6,2909.19161299262,0.5545157012569194,16.0,1457.3440740740748,interpolation,0 days 00:00:45.740000,45.74,4474.983,1.0
2023-11-25 14:59:35.087,0 days 01:14:35.083000,-720.0,-1402.0,-221.0,OnTrack,252.0,11341.0,100.0,0.0,12,6,2917.956666666667,0.5561863921330074,16.0,1454.181111111112,interpolation,0 days 00:00:45.840000,45.84,4475.083,1.0
2023-11-25 14:59:35.187,0 days 01:14:35.183000,-676.7062240382418,-1457.3411466204652,-222.40288373142,OnTrack,255.0,11475.0,100.0,0.0,12,6,2929.29,0.5583466181053512,16.0,1448.981111111113,interpolation,0 days 00:00:45.940000,45.94,4475.183,1.0
2023-11-25 14:59:35.287,0 days 01:14:35.283000,-623.0,-1522.0,-224.0,OnTrack,256.75,11532.5,100.0,0.0,12,6,2937.6710369638977,0.5599441122575207,16.0,1446.0811111111132,interpolation,0 days 00:00:46.040000,46.04,4475.283,1.0
2023-11-25 14:59:35.387,0 days 01:14:35.383000,-549.9283961326491,-1605.8185780308918,-225.19300123248647,OnTrack,258.5,11590.0,100.0,0.0,12,6,2942.179686264458,0.5608034976680436,16.0,1443.1811111111133,interpolation,0 days 00:00:46.140000,46.14,4475.383,1.0
2023-11-25 14:59:35.487,0 days 01:14:35.483000,-480.0,-1684.0,-226.0,OnTrack,260.25,11647.5,100.0,0.0,12,6,2946.793492432789,0.5616829268371192,16.0,1440.2811111111134,interpolation,0 days 00:00:46.240000,46.24,4475.483,1.0
2023-11-25 14:59:35.587,0 days 01:14:35.583000,-435.7233991658634,-1731.7473851941838,-226.43910887366133,OnTrack,262.0,11705.0,100.0,0.0,12,6,2955.49,0.5633405522649463,16.0,1437.3811111111136,interpolation,0 days 00:00:46.340000,46.34,4475.583,1.0
2023-11-25 14:59:35.687,0 days 01:14:35.683000,-411.8624355704835,-1754.8451532850263,-226.59769900641737,OnTrack,264.0,10749.0,100.0,0.0,12,6,2967.15,0.5655630435741401,16.0,1432.1694444444463,interpolation,0 days 00:00:46.440000,46.44,4475.683,1.0
2023-11-25 14:59:35.787,0 days 01:14:35.783000,-377.0,-1788.0,-227.0,OnTrack,265.6666666666667,10723.0,100.0,0.0,12,6,2975.058204254025,0.567070411946859,16.0,1429.4361111111132,interpolation,0 days 00:00:46.540000,46.54,4475.783,1.0
2023-11-25 14:59:35.887,0 days 01:14:35.883000,-325.89988077612384,-1836.9964042434483,-227.7333839020413,OnTrack,267.3333333333333,10697.0,100.0,0.0,12,6,2979.075585555014,0.5678361576610241,16.0,1426.70277777778,interpolation,0 days 00:00:46.640000,46.64,4475.883,1.0
2023-11-25 14:59:35.987,0 days 01:14:35.983000,-270.0,-1890.0,-228.0,OnTrack,269.0,10671.0,100.0,0.0,12,6,2985.083333333333,0.5689812834950843,16.0,1423.9694444444467,interpolation,0 days 00:00:46.740000,46.74,4475.983,1.0
2023-11-25 14:59:36.087,0 days 01:14:36.083000,-220.73827977277327,-1935.176421254284,-227.0019975813348,OnTrack,270.5,10784.0,100.0,0.0,12,6,2994.061650846,0.5706926242020381,16.0,1419.90277777778,interpolation,0 days 00:00:46.840000,46.84,4476.083,1.0
2023-11-25 14:59:36.187,0 days 01:14:36.183000,-169.0,-1981.0,-226.0,OnTrack,272.0,10897.0,100.0,0.0,12,7,3003.2166666666667,0.5724376450508346,16.0,1415.836111111113,interpolation,0 days 00:00:46.940000,46.94,4476.183,1.0
2023-11-25 14:59:36.287,0 days 01:14:36.283000,-105.67044058723602,-2035.9450682308488,-226.2546306099503,OnTrack,273.6666666666667,10936.0,100.0,0.0,12,7,3009.754509368993,0.5736838113104225,16.0,1412.9694444444465,interpolation,0 days 00:00:47.040000,47.04,4476.283,1.0
2023-11-25 14:59:36.387,0 days 01:14:36.383000,-33.83433619236907,-2097.4338756872567,-227.4843577387046,OnTrack,275.3333333333333,10975.0,100.0,0.0,12,7,3014.4201434863035,0.5745731193102168,16.0,1410.1027777777797,interpolation,0 days 00:00:47.140000,47.14,4476.383,1.0
2023-11-25 14:59:36.487,0 days 01:14:36.483000,28.0,-2150.0,-228.0,OnTrack,277.0,11014.0,100.0,0.0,12,7,3021.6833333333334,0.575957542664595,16.0,1407.2361111111131,interpolation,0 days 00:00:47.240000,47.24,4476.483,1.0
2023-11-25 14:59:36.587,0 days 01:14:36.583000,76.74786491950468,-2191.065717305533,-227.52002860422493,OnTrack,279.0,11100.5,100.0,0.0,12,7,3032.2890358150125,0.577979076248937,16.0,1401.9472222222244,interpolation,0 days 00:00:47.340000,47.34,4476.583,1.0
2023-11-25 14:59:36.687,0 days 01:14:36.683000,122.0,-2229.0,-227.0,OnTrack,281.0,11187.0,100.0,0.0,12,7,3043.5388888888883,0.5801233902014581,16.0,1396.6583333333356,interpolation,0 days 00:00:47.440000,47.44,4476.683,1.0
2023-11-25 14:59:36.787,0 days 01:14:36.783000,173.34714667534098,-2272.171820479547,-227.39547063594568,OnTrack,282.0,11214.25,100.0,0.0,12,7,3052.734530512509,0.5818761546603741,16.0,1393.2083333333353,interpolation,0 days 00:00:47.540000,47.54,4476.783,1.0
2023-11-25 14:59:36.887,0 days 01:14:36.883000,230.0,-2320.0,-228.0,OnTrack,283.0,11241.5,100.0,0.0,12,7,3059.8759606858785,0.583237369625685,16.0,1389.7583333333353,pos,0 days 00:00:47.640000,47.64,4476.883,1.0
2023-11-25 14:59:36.987,0 days 01:14:36.983000,291.16925502844936,-2371.9033598171864,-228.10714758010096,OnTrack,284.0,11268.75,100.0,0.0,12,7,3065.9738549607514,0.5843996781188486,16.0,1386.3083333333352,interpolation,0 days 00:00:47.740000,47.74,4476.983,1.0
2023-11-25 14:59:37.087,0 days 01:14:37.083000,362.0,-2432.0,-228.0,OnTrack,285.0,11296.0,100.0,0.0,12,7,3072.038888888889,0.585555723161323,16.0,1382.858333333335,interpolation,0 days 00:00:47.840000,47.84,4477.083,1.0
2023-11-25 14:59:37.187,0 days 01:14:37.183000,447.6373231539628,-2504.4080206173358,-227.9616438834485,OnTrack,286.3333333333333,11326.666666666666,100.0,0.0,12,7,3078.0710624702906,0.586705504753108,16.0,1379.2546296296316,interpolation,0 days 00:00:47.940000,47.94,4477.183,1.0
2023-11-25 14:59:37.287,0 days 01:14:37.283000,543.0443856817924,-2584.8876357904246,-227.9819341494092,OnTrack,287.6666666666667,11357.333333333334,100.0,0.0,12,7,3084.568133791912,0.5879438996542671,16.0,1375.650925925928,interpolation,0 days 00:00:48.040000,48.04,4477.283,1.0
2023-11-25 14:59:37.387,0 days 01:14:37.383000,618.0,-2648.0,-228.0,OnTrack,289.0,11388.0,100.0,0.0,12,7,3094.516666666666,0.589840171339805,16.0,1372.0472222222247,pos,0 days 00:00:48.140000,48.14,4477.383,1.0
2023-11-25 14:59:37.487,0 days 01:14:37.483000,667.4672757225467,-2689.5052839516648,-228.00569625029743,OnTrack,290.0,11476.0,100.0,0.0,12,7,3107.405555555555,0.5922968989161962,16.0,1365.9583333333358,interpolation,0 days 00:00:48.240000,48.24,4477.483,1.0
2023-11-25 14:59:37.587,0 days 01:14:37.583000,705.0,-2721.0,-228.0,OnTrack,291.0,11498.25,100.0,0.0,12,7,3117.1815571278835,0.5941602847252156,16.0,1362.882083333336,interpolation,0 days 00:00:48.340000,48.34,4477.583,1.0
2023-11-25 14:59:37.687,0 days 01:14:37.683000,744.1519599829282,-2754.0806604995896,-227.98388834880632,OnTrack,292.0,11520.5,100.0,0.0,12,7,3122.8357923297604,0.5952380281725835,16.0,1359.8058333333363,interpolation,0 days 00:00:48.440000,48.44,4477.683,1.0
2023-11-25 14:59:37.787,0 days 01:14:37.783000,786.44387341034,-2789.9695124165187,-227.96620367759493,OnTrack,293.0,11542.75,100.0,0.0,12,7,3127.328659144534,0.5960944053123091,16.0,1356.7295833333364,interpolation,0 days 00:00:48.540000,48.54,4477.783,1.0
2023-11-25 14:59:37.887,0 days 01:14:37.883000,841.0,-2836.0,-228.0,OnTrack,294.0,11565.0,100.0,0.0,12,7,3133.620555555555,0.5972936921984017,16.0,1353.6533333333368,pos,0 days 00:00:48.640000,48.64,4477.883,1.0
2023-11-25 14:59:37.987,0 days 01:14:37.983000,909.3410419188474,-2893.394357700374,-228.09411960635464,OnTrack,295.5,11617.5,100.0,0.0,12,7,3141.711481562822,0.5988358888308616,16.0,1349.9866666666696,interpolation,0 days 00:00:48.740000,48.74,4477.983,1.0
2023-11-25 14:59:38.087,0 days 01:14:38.083000,979.0,-2952.0,-228.0,OnTrack,297.0,11670.0,100.0,0.0,12,7,3150.1205555555557,0.6004387270699024,16.0,1346.3200000000024,interpolation,0 days 00:00:48.840000,48.84,4478.083,1.0
2023-11-25 14:59:38.187,0 days 01:14:38.183000,1037.5098750765765,-3001.664341381238,-227.46907868427732,OnTrack,297.5,11110.0,100.0,0.0,12,7,3157.366895922974,0.6018199387757386,16.0,1342.681111111114,interpolation,0 days 00:00:48.940000,48.94,4478.183,1.0
2023-11-25 14:59:38.287,0 days 01:14:38.283000,1105.0,-3059.0,-227.0,OnTrack,298.0,10550.0,100.0,0.0,12,7,3166.6761111111105,0.6035943512844048,16.0,1339.0422222222255,interpolation,0 days 00:00:49.040000,49.04,4478.283,1.0
2023-11-25 14:59:38.387,0 days 01:14:38.383000,1201.5997076216945,-3140.619594012201,-227.09140828798127,OnTrack,299.0,10671.0,100.0,0.0,12,7,3179.965,0.6061273221304081,16.0,1333.086666666669,interpolation,0 days 00:00:49.140000,49.14,4478.383,1.0
2023-11-25 14:59:38.487,0 days 01:14:38.483000,1319.4059281442417,-3239.888636261754,-227.63711660170492,OnTrack,300.0,10717.5,100.0,0.0,12,8,3189.380745400161,0.6079220401682675,16.0,1329.308888888892,interpolation,0 days 00:00:49.240000,49.24,4478.483,1.0
2023-11-25 14:59:38.587,0 days 01:14:38.583000,1411.0,-3317.0,-228.0,OnTrack,301.0,10764.0,100.0,0.0,12,8,3196.6872222222214,0.6093147143739155,16.0,1325.5311111111146,interpolation,0 days 00:00:49.340000,49.34,4478.583,1.0
2023-11-25 14:59:38.687,0 days 01:14:38.683000,1468.4787724637029,-3365.319130133358,-228.07387044899048,OnTrack,302.0,10764.0,100.0,0.0,12,8,3204.957101540664,0.6108910209702552,16.0,1321.58666666667,interpolation,0 days 00:00:49.440000,49.44,4478.683,1.0
2023-11-25 14:59:38.787,0 days 01:14:38.783000,1495.498878103842,-3388.00373859729,-227.930442360232,OnTrack,303.0,10764.0,100.0,0.0,12,8,3213.520555555555,0.6125232853034263,16.0,1317.6422222222254,interpolation,0 days 00:00:49.540000,49.54,4478.783,1.0
2023-11-25 14:59:38.887,0 days 01:14:38.883000,1514.0,-3404.0,-228.0,OnTrack,304.0,10789.0,100.0,0.0,12,8,3221.7077564669617,0.6140838327195692,16.0,1313.85703703704,interpolation,0 days 00:00:49.640000,49.64,4478.883,1.0
2023-11-25 14:59:38.987,0 days 01:14:38.983000,1527.638733276944,-3416.465593942148,-228.3542570454985,OnTrack,305.0,10814.0,100.0,0.0,12,8,3229.5594995892693,0.6155804391390676,16.0,1310.071851851855,interpolation,0 days 00:00:49.740000,49.74,4478.983,1.0
2023-11-25 14:59:39.087,0 days 01:14:39.083000,1536.4150779346733,-3425.400520423732,-228.9932134967276,OnTrack,306.0,10839.0,100.0,0.0,12,8,3237.320555555555,0.6170597598453486,16.0,1306.2866666666696,interpolation,0 days 00:00:49.840000,49.84,4479.083,1.0
2023-11-25 14:59:39.187,0 days 01:14:39.183000,1588.9838836250658,-3469.885186693449,-229.38556319959275,OnTrack,306.6,10867.0,100.0,0.0,12,8,3245.031719262461,0.618529570679171,16.0,1302.340000000003,interpolation,0 days 00:00:49.940000,49.94,4479.183,1.0
2023-11-25 14:59:39.287,0 days 01:14:39.283000,1734.0,-3589.0,-229.0,OnTrack,307.2,10895.0,100.0,0.0,12,8,3252.6929907099884,0.619989871640535,16.0,1298.3933333333366,pos,0 days 00:00:50.040000,50.04,4479.283,1.0
2023-11-25 14:59:39.387,0 days 01:14:39.383000,1947.0,-3763.0,-228.0,OnTrack,307.8,10923.0,100.0,0.0,12,8,3260.430094575473,0.6214646268806181,16.0,1294.44666666667,interpolation,0 days 00:00:50.140000,50.14,4479.383,1.0
2023-11-25 14:59:39.487,0 days 01:14:39.483000,2081.2040727821272,-3873.416031196268,-227.3664147899291,OnTrack,308.4,10951.0,100.0,0.0,12,8,3268.997375060688,0.6230976205703106,16.0,1290.5000000000034,interpolation,0 days 00:00:50.240000,50.24,4479.483,1.0
2023-11-25 14:59:39.587,0 days 01:14:39.583000,2112.149041791117,-3900.50333543278,-227.26271879785145,OnTrack,309.0,10979.0,100.0,0.0,12,8,3278.520555555555,0.6249128166153988,16.0,1286.553333333337,interpolation,0 days 00:00:50.340000,50.34,4479.583,1.0
2023-11-25 14:59:39.687,0 days 01:14:39.683000,2064.13763443547,-3863.070120215492,-227.6036737277212,OnTrack,310.0,10991.5,100.0,0.0,12,8,3288.9996360600744,0.6269102150158823,16.0,1281.7533333333367,interpolation,0 days 00:00:50.440000,50.44,4479.683,1.0
2023-11-25 14:59:39.787,0 days 01:14:39.783000,2082.986961748529,-3873.966208370236,-227.87784718473415,OnTrack,311.0,11004.0,100.0,0.0,12,8,3299.2538888888885,0.628864759423628,16.0,1276.9533333333366,interpolation,0 days 00:00:50.540000,50.54,4479.783,1.0
2023-11-25 14:59:39.887,0 days 01:14:39.883000,2193.0,-3952.0,-228.0,OnTrack,311.0,11029.5,100.0,0.0,12,8,3308.10258635664,0.6305513934905029,16.0,1273.0644444444476,pos,0 days 00:00:50.640000,50.64,4479.883,1.0
2023-11-25 14:59:39.987,0 days 01:14:39.983000,2375.0,-4083.0,-228.0,OnTrack,311.0,11055.0,100.0,0.0,12,8,3316.5316666666663,0.6321580450971522,16.0,1269.1755555555587,interpolation,0 days 00:00:50.740000,50.74,4479.983,1.0
2023-11-25 14:59:40.087,0 days 01:14:40.083000,2513.927055716962,-4181.937673088387,-228.0570532260857,OnTrack,311.75,11058.25,100.0,0.0,12,8,3325.527068022311,0.6338726421242217,16.0,1265.5644444444476,interpolation,0 days 00:00:50.840000,50.84,4480.083,1.0
2023-11-25 14:59:40.187,0 days 01:14:40.183000,2590.604614329912,-4234.641669275747,-228.2010271988936,OnTrack,312.5,11061.5,100.0,0.0,12,8,3335.0887904235738,0.6356951845717115,16.0,1261.9533333333366,interpolation,0 days 00:00:50.940000,50.94,4480.183,1.0
2023-11-25 14:59:40.287,0 days 01:14:40.283000,2614.307025549189,-4247.897896909632,-228.42574299982653,OnTrack,313.25,11064.75,100.0,0.0,12,8,3344.0941731686044,0.6374116841331862,16.0,1258.3422222222257,interpolation,0 days 00:00:51.040000,51.04,4480.283,1.0
2023-11-25 14:59:40.387,0 days 01:14:40.383000,2640.6806725458287,-4262.422014539179,-228.6941269274852,OnTrack,314.0,11068.0,100.0,0.0,12,8,3351.420555555555,0.638808152502211,16.0,1254.7311111111144,interpolation,0 days 00:00:51.140000,51.14,4480.383,1.0
2023-11-25 14:59:40.487,0 days 01:14:40.483000,2679.0,-4285.0,-229.0,OnTrack,314.5,11101.5,100.0,0.0,12,8,3357.0679375844265,0.6398845896787859,16.0,1251.8866666666706,interpolation,0 days 00:00:51.240000,51.24,4480.483,1.0
2023-11-25 14:59:40.587,0 days 01:14:40.583000,2729.265007911702,-4315.631853292093,-229.343362217371,OnTrack,315.0,11135.0,100.0,0.0,12,8,3365.4205555555545,0.6414766669386357,16.0,1249.0422222222269,interpolation,0 days 00:00:51.340000,51.34,4480.583,1.0
2023-11-25 14:59:40.687,0 days 01:14:40.683000,2791.4756962809342,-4354.3175744154605,-229.72421357959817,OnTrack,315.0,11192.0,100.0,0.0,12,8,3379.420555555555,0.6441451813750606,16.0,1243.7088888888925,interpolation,0 days 00:00:51.440000,51.44,4480.683,1.0
2023-11-25 14:59:40.787,0 days 01:14:40.783000,2864.9485365097,-4399.094508331097,-229.74295815202623,OnTrack,315.3333333333333,11213.0,100.0,0.0,12,8,3390.415352000927,0.6462408794493484,16.0,1240.8311111111143,interpolation,0 days 00:00:51.540000,51.54,4480.783,1.0
2023-11-25 14:59:40.887,0 days 01:14:40.883000,2949.0,-4448.0,-229.0,OnTrack,315.6666666666667,11234.0,100.0,0.0,12,8,3397.511206266655,0.6475934072741242,16.0,1237.9533333333368,interpolation,0 days 00:00:51.640000,51.64,4480.883,1.0
2023-11-25 14:59:40.987,0 days 01:14:40.983000,3040.0,-4499.0,-228.0,OnTrack,316.0,11255.0,100.0,0.0,12,8,3403.998333333333,0.6488299067190065,16.0,1235.0755555555588,interpolation,0 days 00:00:51.740000,51.74,4480.983,1.0
2023-11-25 14:59:41.087,0 days 01:14:41.083000,3116.168127514577,-4539.890274283855,-229.7709079077809,OnTrack,317.0,11240.0,100.0,0.0,12,8,3410.425105172049,0.6500549019640938,16.0,1232.6311111111145,interpolation,0 days 00:00:51.840000,51.84,4481.083,1.0
2023-11-25 14:59:41.187,0 days 01:14:41.183000,3181.0,-4573.0,-232.0,OnTrack,318.0,11225.0,100.0,0.0,12,8,3418.131666666666,0.6515238355786354,16.0,1230.18666666667,interpolation,0 days 00:00:51.940000,51.94,4481.183,1.0
2023-11-25 14:59:41.287,0 days 01:14:41.283000,3241.621284492471,-4602.692382890476,-231.8698968445348,OnTrack,318.0,11214.5,100.0,0.0,12,8,3428.4581627010502,0.6534921501318809,16.0,1226.7533333333365,interpolation,0 days 00:00:52.040000,52.04,4481.283,1.0
2023-11-25 14:59:41.387,0 days 01:14:41.383000,3308.0,-4634.0,-231.0,OnTrack,318.0,11204.0,100.0,0.0,12,8,3439.3316666666665,0.6555647288680788,16.0,1223.320000000003,pos,0 days 00:00:52.140000,52.14,4481.383,1.0
2023-11-25 14:59:41.487,0 days 01:14:41.483000,3390.1041655305944,-4671.955428373284,-231.0097110250103,OnTrack,318.0,11260.5,100.0,0.0,12,8,3448.6792519549817,0.6573464550314776,16.0,1220.681111111114,interpolation,0 days 00:00:52.240000,52.24,4481.483,1.0
2023-11-25 14:59:41.587,0 days 01:14:41.583000,3485.0,-4715.0,-231.0,OnTrack,318.0,11317.0,100.0,0.0,12,8,3456.998333333333,0.6589321399426148,16.0,1218.042222222225,interpolation,0 days 00:00:52.340000,52.34,4481.583,1.0
2023-11-25 14:59:41.687,0 days 01:14:41.683000,3589.753722323966,-4761.575046869817,-230.0718370054036,OnTrack,318.4,11298.8,100.0,0.0,12,8,3464.786325569057,0.6604165949220286,16.0,1215.9400000000028,interpolation,0 days 00:00:52.440000,52.44,4481.683,1.0
2023-11-25 14:59:41.787,0 days 01:14:41.783000,3695.0,-4808.0,-229.0,OnTrack,318.8,11280.6,100.0,0.0,12,8,3472.0432286621544,0.6617998199697189,16.0,1213.8377777777805,interpolation,0 days 00:00:52.540000,52.54,4481.783,1.0
2023-11-25 14:59:41.887,0 days 01:14:41.883000,3791.3735005256112,-4850.594290407809,-228.559266942568,OnTrack,319.2,11262.4,100.0,0.0,12,8,3478.9883233687974,0.6631236117902203,16.0,1211.735555555558,interpolation,0 days 00:00:52.640000,52.64,4481.883,1.0
2023-11-25 14:59:41.987,0 days 01:14:41.983000,3874.0,-4887.0,-229.0,OnTrack,319.6,11244.2,100.0,0.0,12,8,3486.9373009623546,0.6646387518947362,16.0,1209.6333333333357,interpolation,0 days 00:00:52.740000,52.74,4481.983,1.0
2023-11-25 14:59:42.087,0 days 01:14:42.083000,3938.005274522369,-4914.8592106833285,-230.5725613391882,OnTrack,320.0,11226.0,100.0,0.0,12,8,3496.1094444444443,0.6663870374158017,16.0,1207.5311111111132,interpolation,0 days 00:00:52.840000,52.84,4482.083,1.0
2023-11-25 14:59:42.187,0 days 01:14:42.183000,4005.0,-4943.0,-232.0,OnTrack,320.3333333333333,11233.0,100.0,0.0,12,8,3506.5047538150675,0.6683684683534168,16.0,1204.8386111111138,interpolation,0 days 00:00:52.940000,52.94,4482.183,1.0
2023-11-25 14:59:42.287,0 days 01:14:42.283000,4096.594852340178,-4980.250445492223,-232.0053650223028,OnTrack,320.6666666666667,11240.0,100.0,0.0,12,8,3517.807164325936,0.6705228001830348,16.0,1202.146111111114,interpolation,0 days 00:00:53.040000,53.04,4482.283,1.0
2023-11-25 14:59:42.387,0 days 01:14:42.383000,4207.058152244593,-5024.379394543985,-230.8386712426574,OnTrack,321.0,11247.0,100.0,0.0,12,8,3528.120277777777,0.672488563906658,16.0,1199.4536111111147,interpolation,0 days 00:00:53.140000,53.14,4482.383,1.0
2023-11-25 14:59:42.487,0 days 01:14:42.483000,4302.0,-5062.0,-230.0,OnTrack,319.0,11150.666666666666,66.66666666666666,0.0,12,8,3537.1280261857837,0.6742055143828329,16.0,1197.612870370374,interpolation,0 days 00:00:53.240000,53.24,4482.483,1.0
2023-11-25 14:59:42.587,0 days 01:14:42.583000,4375.688775000188,-5090.881132091144,-229.73936357075263,OnTrack,317.0,11054.333333333334,33.33333333333333,0.0,10,8,3544.985171179037,0.6757031504430887,16.0,1195.7721296296334,interpolation,0 days 00:00:53.340000,53.34,4482.583,1.0
2023-11-25 14:59:42.687,0 days 01:14:42.683000,4434.312555374787,-5113.531118235761,-229.9509628546566,OnTrack,315.0,10958.0,0.0,0.0,10,8,3552.620277777777,0.6771584641704015,16.0,1193.9313888888928,interpolation,0 days 00:00:53.440000,53.44,4482.683,1.0
2023-11-25 14:59:42.787,0 days 01:14:42.783000,4515.0,-5145.0,-230.0,OnTrack,302.75,11095.0,0.0,0.0,10,8,3560.188106026335,0.6786009540942344,16.0,1193.5425000000037,pos,0 days 00:00:53.540000,53.54,4482.783,1.0
2023-11-25 14:59:42.887,0 days 01:14:42.883000,4623.939250371703,-5187.796130487613,-229.78067482313585,OnTrack,290.5,11232.0,0.0,1.0,8,8,3567.688655924711,0.6800306202145874,16.0,1193.1536111111143,interpolation,0 days 00:00:53.640000,53.64,4482.883,0.0
2023-11-25 14:59:42.987,0 days 01:14:42.983000,4752.288813160525,-5238.433926953074,-229.3444388882642,OnTrack,278.25,11369.0,0.0,1.0,8,8,3575.043905638509,0.6814325909320715,16.0,1192.764722222225,interpolation,0 days 00:00:53.740000,53.74,4482.983,0.0
2023-11-25 14:59:43.087,0 days 01:14:43.083000,4847.0,-5276.0,-229.0,OnTrack,266.0,11506.0,0.0,1.0,8,8,3582.175833333333,0.6827919946472985,16.0,1192.3758333333358,interpolation,0 days 00:00:53.840000,53.84,4483.083,0.0
2023-11-25 14:59:43.187,0 days 01:14:43.183000,4899.231408097185,-5297.008802575049,-228.7988091956821,OnTrack,256.0,11852.0,0.0,1.0,8,8,3589.084439009184,0.684108831360268,16.0,1192.625833333336,interpolation,0 days 00:00:53.940000,53.94,4483.183,0.0
2023-11-25 14:59:43.287,0 days 01:14:43.283000,4916.954689346006,-5303.976482055355,-228.76018064950847,OnTrack,246.0,12198.0,0.0,1.0,8,8,3595.8425,0.6853969730257132,16.0,1192.8758333333362,interpolation,0 days 00:00:54.040000,54.04,4483.283,0.0
2023-11-25 14:59:43.387,0 days 01:14:43.383000,4948.0,-5312.0,-229.0,OnTrack,238.75,12112.5,0.0,1.0,8,8,3602.5227936397223,0.6866702915983673,16.0,1193.9591666666695,interpolation,0 days 00:00:54.140000,54.14,4483.383,0.0
2023-11-25 14:59:43.487,0 days 01:14:43.483000,5000.339073583225,-5323.595529551598,-229.5375816191328,OnTrack,231.5,12027.0,0.0,1.0,8,7,3609.125319928351,0.68792878707823,16.0,1195.0425000000034,interpolation,0 days 00:00:54.240000,54.24,4483.483,0.0
2023-11-25 14:59:43.587,0 days 01:14:43.583000,5069.538727237428,-5337.484997072597,-230.3166995746206,OnTrack,224.25,11941.5,0.0,1.0,8,7,3615.114214030582,0.6890703192475174,16.0,1196.1258333333371,interpolation,0 days 00:00:54.340000,54.34,4483.583,0.0
2023-11-25 14:59:43.687,0 days 01:14:43.683000,5129.0,-5346.0,-231.0,OnTrack,217.0,11856.0,0.0,1.0,8,7,3619.953611111111,0.6899927478884448,16.0,1197.2091666666706,interpolation,0 days 00:00:54.440000,54.44,4483.683,0.0
2023-11-25 14:59:43.787,0 days 01:14:43.783000,5174.289754408248,-5347.8624777836685,-231.5312575387354,OnTrack,210.0,11816.5,0.0,1.0,8,7,3623.6435111699375,0.6906960730010123,16.0,1198.4313888888926,interpolation,0 days 00:00:54.540000,54.54,4483.783,0.0
2023-11-25 14:59:43.887,0 days 01:14:43.883000,5208.479679070574,-5343.558000108426,-231.89517847011007,OnTrack,203.0,11777.0,0.0,1.0,8,5,3628.975833333333,0.6917124571919187,16.0,1199.6536111111143,interpolation,0 days 00:00:54.640000,54.64,4483.883,0.0
2023-11-25 14:59:43.987,0 days 01:14:43.983000,5250.0,-5336.0,-232.0,OnTrack,197.0,11545.0,0.0,1.0,8,5,3637.731388888888,0.6933813376489842,16.0,1202.4536111111147,pos,0 days 00:00:54.740000,54.74,4483.983,0.0
2023-11-25 14:59:44.087,0 days 01:14:44.083000,5303.0,-5324.0,-232.0,OnTrack,193.0,11248.333333333334,0.0,1.0,8,4,3643.843561865656,0.6945463677794436,16.0,1204.1202777777812,interpolation,0 days 00:00:54.840000,54.84,4484.083,0.0
2023-11-25 14:59:44.187,0 days 01:14:44.183000,5373.945088618336,-5297.513635988529,-232.9126141728924,OnTrack,189.0,10951.666666666666,0.0,1.0,8,4,3646.8523960592433,0.6951198761710434,16.0,1205.7869444444475,interpolation,0 days 00:00:54.940000,54.94,4484.183,0.0
2023-11-25 14:59:44.287,0 days 01:14:44.283000,5459.14582778654,-5257.415762434305,-234.68692725735983,OnTrack,185.0,10655.0,0.0,1.0,8,4,3650.064722222222,0.6957321717953586,16.0,1207.4536111111142,interpolation,0 days 00:00:55.040000,55.04,4484.283,0.0
2023-11-25 14:59:44.387,0 days 01:14:44.383000,5530.0,-5219.0,-236.0,OnTrack,182.2,10542.4,4.6000000000000005,1.0,8,4,3654.031675991528,0.6964883056097888,16.0,1210.0586111111145,interpolation,0 days 00:00:55.140000,55.14,4484.383,0.0
2023-11-25 14:59:44.487,0 days 01:14:44.483000,5581.740544600682,-5184.815298513303,-236.6313413963357,OnTrack,179.4,10429.8,9.2,1.0,8,4,3658.7532573671615,0.6973882776143343,16.0,1212.6636111111145,interpolation,0 days 00:00:55.240000,55.24,4484.483,0.0
2023-11-25 14:59:44.587,0 days 01:14:44.583000,5614.367461588586,-5154.861657974216,-236.5809514463669,OnTrack,176.6,10317.2,13.8,1.0,8,4,3664.124124121253,0.6984120087192917,16.0,1215.2686111111143,interpolation,0 days 00:00:55.340000,55.34,4484.583,0.0
2023-11-25 14:59:44.687,0 days 01:14:44.683000,5636.810647782197,-5127.977188448019,-236.24008577321464,OnTrack,173.8,10204.6,18.4,1.0,8,4,3669.512226122664,0.6994390250032698,16.0,1217.8736111111143,interpolation,0 days 00:00:55.440000,55.44,4484.683,0.0
2023-11-25 14:59:44.787,0 days 01:14:44.783000,5658.0,-5103.0,-236.0,OnTrack,171.0,10092.0,23.0,1.0,8,4,3674.812222222222,0.7004492475821745,16.0,1220.4786111111143,interpolation,0 days 00:00:55.540000,55.54,4484.783,0.0
2023-11-25 14:59:44.887,0 days 01:14:44.883000,5677.935518241996,-5079.930092630156,-235.86069412672285,OnTrack,169.33333333333334,10098.333333333334,38.66666666666666,1.0,8,4,3680.0241124199274,0.7014426764560057,16.0,1223.4119444444475,interpolation,0 days 00:00:55.640000,55.64,4484.883,0.0
2023-11-25 14:59:44.987,0 days 01:14:44.983000,5696.617202508185,-5058.767466338488,-235.82216815338333,OnTrack,167.66666666666666,10104.666666666666,54.33333333333333,0.0,8,4,3685.079474556453,0.7024062698019111,16.0,1226.3452777777811,interpolation,0 days 00:00:55.740000,55.74,4484.983,0.0
2023-11-25 14:59:45.087,0 days 01:14:45.083000,5714.319481616427,-5037.283199297391,-235.8319715095,OnTrack,166.0,10111.0,70.0,0.0,8,4,3689.567777777777,0.7032617770834223,16.0,1229.2786111111143,interpolation,0 days 00:00:55.840000,55.84,4485.083,0.0
2023-11-25 14:59:45.187,0 days 01:14:45.183000,5732.688936904356,-5002.103692068522,-235.57539916089823,OnTrack,167.0,10190.333333333334,71.0,0.0,8,4,3693.420600625213,0.7039961566112344,16.0,1231.8712037037071,interpolation,0 days 00:00:55.940000,55.94,4485.183,0.0
2023-11-25 14:59:45.287,0 days 01:14:45.283000,5752.0,-4951.0,-235.0,OnTrack,168.0,10269.666666666666,72.0,0.0,8,4,3697.025988110207,0.7046833729364209,16.0,1234.4637962962995,interpolation,0 days 00:00:56.040000,56.04,4485.283,0.0
2023-11-25 14:59:45.387,0 days 01:14:45.383000,5772.252670903356,-4883.972123091824,-234.10577402680536,OnTrack,169.0,10349.0,73.0,0.0,8,4,3702.712222222222,0.7057672156376212,16.0,1237.0563888888923,interpolation,0 days 00:00:56.140000,56.14,4485.383,0.0
2023-11-25 14:59:45.487,0 days 01:14:45.483000,5789.0,-4816.0,-233.0,OnTrack,170.0,10632.0,83.0,0.0,8,4,3710.267777777777,0.7072073662858505,16.0,1241.545277777781,interpolation,0 days 00:00:56.240000,56.24,4485.483,0.0
2023-11-25 14:59:45.587,0 days 01:14:45.583000,5797.795037675506,-4762.063569380531,-231.78995667826968,OnTrack,172.25,10730.0,84.0,0.0,8,4,3716.095191346713,0.7083181189455449,16.0,1243.5675000000033,interpolation,0 days 00:00:56.340000,56.34,4485.583,0.0
2023-11-25 14:59:45.687,0 days 01:14:45.683000,5798.637783929873,-4722.162831233414,-230.47564406161425,OnTrack,174.5,10828.0,85.0,0.0,8,4,3719.5948826208287,0.708985188708974,16.0,1245.589722222226,interpolation,0 days 00:00:56.440000,56.44,4485.683,0.0
2023-11-25 14:59:45.787,0 days 01:14:45.783000,5795.661638219302,-4690.430677469592,-229.42350941415168,OnTrack,176.75,10926.0,86.0,0.0,8,4,3722.408799251196,0.709521544219762,16.0,1247.6119444444485,interpolation,0 days 00:00:56.540000,56.54,4485.783,0.0
2023-11-25 14:59:45.887,0 days 01:14:45.883000,5793.0,-4661.0,-229.0,OnTrack,179.0,11024.0,87.0,0.0,8,4,3726.178888888888,0.7102401541215332,16.0,1249.6341666666708,interpolation,0 days 00:00:56.640000,56.64,4485.883,0.0
2023-11-25 14:59:45.987,0 days 01:14:45.983000,5790.0,-4631.0,-229.0,OnTrack,182.0,11158.5,93.5,0.0,8,4,3730.905151533905,0.7111410184142877,16.0,1250.7452777777814,interpolation,0 days 00:00:56.740000,56.74,4485.983,0.0
2023-11-25 14:59:46.087,0 days 01:14:46.083000,5782.744442643607,-4583.205972712389,-228.1928208003331,OnTrack,185.0,11293.0,100.0,0.0,8,4,3736.456666666666,0.7121991825768451,16.0,1251.856388888892,interpolation,0 days 00:00:56.840000,56.84,4486.083,0.0
2023-11-25 14:59:46.187,0 days 01:14:46.183000,5769.0,-4520.0,-227.0,OnTrack,187.66666666666663,11521.666666666666,100.0,0.0,8,4,3742.702513767592,0.7133896920880254,16.0,1251.656388888892,interpolation,0 days 00:00:56.940000,56.94,4486.183,0.0
2023-11-25 14:59:46.287,0 days 01:14:46.283000,5748.0,-4449.0,-226.0,OnTrack,190.33333333333331,11750.333333333334,100.0,0.0,8,4,3749.473744834775,0.7146803440776787,16.0,1251.4563888888918,interpolation,0 days 00:00:57.040000,57.04,4486.283,0.0
2023-11-25 14:59:46.387,0 days 01:14:46.383000,5724.6272272935685,-4384.3964464466535,-224.9036858192514,OnTrack,193.0,11979.0,100.0,0.0,8,4,3755.756666666666,0.7158779203356308,16.0,1251.2563888888917,interpolation,0 days 00:00:57.140000,57.14,4486.383,0.0
2023-11-25 14:59:46.487,0 days 01:14:46.483000,5699.6954834890175,-4328.554430404898,-223.6628680475117,OnTrack,195.66666666666663,11718.666666666666,100.0,0.0,8,4,3761.382329531321,0.716950217661973,16.0,1250.6860185185217,interpolation,0 days 00:00:57.240000,57.24,4486.483,0.0
2023-11-25 14:59:46.587,0 days 01:14:46.583000,5673.665997939958,-4278.685199160693,-222.59061625201616,OnTrack,198.33333333333331,11458.333333333334,100.0,0.0,8,4,3766.43163610945,0.7179126567689496,16.0,1250.1156481481512,interpolation,0 days 00:00:57.340000,57.34,4486.583,0.0
2023-11-25 14:59:46.687,0 days 01:14:46.683000,5647.0,-4232.0,-222.0,OnTrack,201.0,11198.0,100.0,0.0,8,4,3771.39,0.7188577614563052,16.0,1249.545277777781,interpolation,0 days 00:00:57.440000,57.44,4486.683,0.0
2023-11-25 14:59:46.787,0 days 01:14:46.783000,5619.697489669148,-4188.498832922822,-221.8910192914633,OnTrack,203.33333333333331,11088.666666666666,100.0,0.0,8,4,3776.3383230552417,0.7198009522783773,16.0,1248.1712037037069,interpolation,0 days 00:00:57.540000,57.54,4486.783,0.0
2023-11-25 14:59:46.887,0 days 01:14:46.883000,5591.0,-4147.0,-222.0,OnTrack,205.66666666666663,10979.333333333334,100.0,0.0,8,4,3781.4280415491594,0.7207710942268313,16.0,1246.7971296296328,interpolation,0 days 00:00:57.640000,57.64,4486.883,0.0
2023-11-25 14:59:46.987,0 days 01:14:46.983000,5560.149064045159,-4106.321803302383,-222.0632679992041,OnTrack,208.0,10870.0,100.0,0.0,8,4,3787.567777777777,0.7219413781383962,16.0,1245.423055555559,interpolation,0 days 00:00:57.740000,57.74,4486.983,0.0
2023-11-25 14:59:47.087,0 days 01:14:47.083000,5527.144681804625,-4066.464242829969,-222.08082328907568,OnTrack,209.0,11021.0,100.0,0.0,8,4,3794.9089695657976,0.7233406693003173,16.0,1243.2563888888924,interpolation,0 days 00:00:57.840000,57.84,4487.083,0.0
2023-11-25 14:59:47.187,0 days 01:14:47.183000,5491.567958661779,-4027.3745609425705,-222.05796693440936,OnTrack,210.0,11172.0,100.0,0.0,8,5,3801.567777777777,0.7246098925748209,16.0,1241.089722222226,interpolation,0 days 00:00:57.940000,57.94,4487.183,0.0
2023-11-25 14:59:47.287,0 days 01:14:47.283000,5453.0,-3989.0,-222.0,OnTrack,213.0,11193.0,100.0,0.0,8,5,3805.6603632782767,0.7253899728241343,16.0,1239.4897222222255,interpolation,0 days 00:00:58.040000,58.04,4487.283,0.0
2023-11-25 14:59:47.387,0 days 01:14:47.383000,5411.440805819291,-3951.340560002259,-221.90692248584747,OnTrack,216.0,11214.0,100.0,0.0,8,5,3811.167777777777,0.7264397310455123,16.0,1237.8897222222254,interpolation,0 days 00:00:58.140000,58.14,4487.383,0.0
2023-11-25 14:59:47.487,0 days 01:14:47.483000,5362.0,-3915.0,-222.0,OnTrack,219.0,11335.0,100.0,0.0,8,5,3820.9011111111104,0.7282949839394076,16.0,1234.3341666666702,interpolation,0 days 00:00:58.240000,58.24,4487.483,0.0
2023-11-25 14:59:47.587,0 days 01:14:47.583000,5299.7872064224775,-3880.582079043881,-222.5004981505057,OnTrack,220.5,11451.5,100.0,0.0,8,5,3827.840556083017,0.7296176988742867,16.0,1231.973055555559,interpolation,0 days 00:00:58.340000,58.34,4487.583,0.0
2023-11-25 14:59:47.687,0 days 01:14:47.683000,5234.0,-3852.0,-223.0,OnTrack,222.0,11568.0,100.0,0.0,8,5,3833.234444444444,0.7306458180857819,16.0,1229.611944444448,interpolation,0 days 00:00:58.440000,58.44,4487.683,0.0
2023-11-25 14:59:47.787,0 days 01:14:47.783000,5173.835955645837,-3833.166965734453,-223.09008861111803,OnTrack,223.5,11666.0,100.0,0.0,8,5,3839.5010818024593,0.7318402903899035,16.0,1227.0563888888926,interpolation,0 days 00:00:58.540000,58.54,4487.783,0.0
2023-11-25 14:59:47.887,0 days 01:14:47.883000,5111.0,-3820.0,-223.0,OnTrack,225.0,11764.0,100.0,0.0,8,5,3845.7344444444434,0.7330284202611612,16.0,1224.5008333333371,interpolation,0 days 00:00:58.640000,58.64,4487.883,0.0
2023-11-25 14:59:47.987,0 days 01:14:47.983000,5037.197059702497,-3808.416126549401,-222.958970182786,OnTrack,226.66666666666663,11792.333333333334,100.0,0.0,8,5,3851.028508657775,0.7340375121740638,16.0,1222.3452777777816,interpolation,0 days 00:00:58.740000,58.74,4487.983,0.0
2023-11-25 14:59:48.087,0 days 01:14:48.083000,4956.0,-3798.0,-223.0,OnTrack,228.33333333333331,11820.666666666666,100.0,0.0,8,5,3855.635388690713,0.7349156211651189,16.0,1220.189722222226,interpolation,0 days 00:00:58.840000,58.84,4488.083,0.0
2023-11-25 14:59:48.187,0 days 01:14:48.183000,4870.981686139178,-3788.336274969139,-223.156090292166,OnTrack,230.0,11849.0,100.0,0.0,8,5,3861.067777777777,0.7359510789296265,16.0,1218.0341666666704,interpolation,0 days 00:00:58.940000,58.94,4488.183,0.0
2023-11-25 14:59:48.287,0 days 01:14:48.283000,4782.142118120031,-3779.4249514568182,-223.42724105928383,OnTrack,232.33333333333331,11468.0,100.0,0.0,8,5,3867.577792748888,0.7371919409961802,16.0,1215.041574074078,interpolation,0 days 00:00:59.040000,59.04,4488.283,0.0
2023-11-25 14:59:48.387,0 days 01:14:48.383000,4701.98149104087,-3771.3011522160887,-223.73477129675985,OnTrack,234.66666666666663,11087.0,100.0,0.0,8,5,3874.976960083081,0.7386022827710956,16.0,1212.0489814814855,interpolation,0 days 00:00:59.140000,59.14,4488.383,0.0
2023-11-25 14:59:48.487,0 days 01:14:48.483000,4643.0,-3764.0,-224.0,OnTrack,237.0,10706.0,100.0,0.0,8,5,3882.134444444444,0.7399665577958657,16.0,1209.0563888888933,interpolation,0 days 00:00:59.240000,59.24,4488.483,0.0
2023-11-25 14:59:48.587,0 days 01:14:48.583000,4605.197644997423,-3757.5214948085527,-224.2229271690044,OnTrack,239.0,10828.5,100.0,0.0,8,5,3888.861774241973,0.7412488418446728,16.0,1206.2786111111152,interpolation,0 days 00:00:59.340000,59.34,4488.583,0.0
2023-11-25 14:59:48.687,0 days 01:14:48.683000,4588.574426033137,-3751.865636641746,-224.40355280377295,OnTrack,241.0,10951.0,100.0,0.0,8,6,3895.5233333333326,0.7425185894592721,16.0,1203.5008333333371,interpolation,0 days 00:00:59.440000,59.44,4488.683,0.0
2023-11-25 14:59:48.787,0 days 01:14:48.783000,4559.663994052284,-3744.2769601540663,-224.6324020366551,OnTrack,242.0,10992.666666666666,100.0,0.0,8,6,3902.483505576188,0.7438452551814192,16.0,1200.8637962963005,interpolation,0 days 00:00:59.540000,59.54,4488.783,0.0
2023-11-25 14:59:48.887,0 days 01:14:48.883000,4485.0,-3732.0,-225.0,OnTrack,243.0,11034.333333333334,100.0,0.0,8,6,3909.732572415469,0.7452269865750786,16.0,1198.2267592592634,pos,0 days 00:00:59.640000,59.64,4488.883,0.0
2023-11-25 14:59:48.987,0 days 01:14:48.983000,4364.582443876288,-3715.034756179546,-225.50634669380773,OnTrack,244.0,11076.0,100.0,0.0,8,6,3917.2122222222215,0.7466526689671302,16.0,1195.5897222222266,interpolation,0 days 00:00:59.740000,59.74,4488.983,0.0
2023-11-25 14:59:49.087,0 days 01:14:49.083000,4244.0,-3699.0,-226.0,OnTrack,246.33333333333331,11147.0,100.0,0.0,8,6,3924.9127363418575,0.7481204499025691,16.0,1193.1676851851896,interpolation,0 days 00:00:59.840000,59.84,4489.083,0.0
2023-11-25 14:59:49.187,0 days 01:14:49.183000,4168.841342689989,-3689.5145027686567,-226.3295178004985,OnTrack,248.66666666666663,11218.0,100.0,0.0,8,6,3932.664920151455,0.7495980795032641,16.0,1190.7456481481524,interpolation,0 days 00:00:59.940000,59.94,4489.183,0.0
2023-11-25 14:59:49.287,0 days 01:14:49.283000,4139.106471946256,-3686.578264485516,-226.4949000953033,OnTrack,251.0,11289.0,100.0,0.0,8,6,3939.45361111111,0.7508920594911401,16.0,1188.3236111111155,interpolation,0 days 00:01:00.040000,60.04,4489.283,0.0
2023-11-25 14:59:49.387,0 days 01:14:49.383000,4117.068365229395,-3685.6028939596167,-226.6628323424564,OnTrack,252.66666666666663,11344.0,100.0,0.0,8,6,3945.109616330444,0.7519701403183034,16.0,1186.590277777782,interpolation,0 days 00:01:00.140000,60.14,4489.383,0.0
2023-11-25 14:59:49.487,0 days 01:14:49.483000,4065.0,-3682.0,-227.0,OnTrack,254.33333333333331,11399.0,100.0,0.0,8,6,3950.0214576199214,0.752906377417618,16.0,1184.856944444449,interpolation,0 days 00:01:00.240000,60.24,4489.483,0.0
2023-11-25 14:59:49.587,0 days 01:14:49.583000,3982.901376258071,-3675.7695826066647,-227.506403067934,OnTrack,256.0,11454.0,100.0,0.0,8,6,3956.5202777777768,0.754145105661258,16.0,1183.1236111111157,interpolation,0 days 00:01:00.340000,60.34,4489.583,0.0
2023-11-25 14:59:49.687,0 days 01:14:49.683000,3895.0,-3669.0,-228.0,OnTrack,257.5,11503.0,100.0,0.0,8,6,3964.9946025929594,0.7557603812404199,16.0,1180.5569444444488,interpolation,0 days 00:01:00.440000,60.44,4489.683,0.0
2023-11-25 14:59:49.787,0 days 01:14:49.783000,3825.52337722218,-3663.779610400396,-228.2987492499396,OnTrack,259.0,11552.0,100.0,0.0,8,6,3973.786944444444,0.757436273466182,16.0,1177.990277777782,interpolation,0 days 00:01:00.540000,60.54,4489.783,0.0
2023-11-25 14:59:49.887,0 days 01:14:49.883000,3769.211037868488,-3659.665480850582,-228.47912781188376,OnTrack,260.0,11605.333333333334,100.0,0.0,8,6,3981.23981571121,0.7588568516496235,16.0,1176.3310185185226,interpolation,0 days 00:01:00.640000,60.64,4489.883,0.0
2023-11-25 14:59:49.987,0 days 01:14:49.983000,3694.5,-3654.0,-229.0,OnTrack,261.0,11658.666666666666,100.0,0.0,8,6,3987.5796144695423,0.7600652691146692,16.0,1174.6717592592634,interpolation,0 days 00:01:00.740000,60.74,4489.983,0.0
2023-11-25 14:59:50.087,0 days 01:14:50.083000,3596.129739693107,-3646.340230355725,-229.93784359154785,OnTrack,262.0,11712.0,100.0,0.0,8,6,3994.164722222221,0.7613204444792004,16.0,1173.012500000004,interpolation,0 days 00:01:00.840000,60.84,4490.083,0.0
2023-11-25 14:59:50.187,0 days 01:14:50.183000,3480.832329730525,-3637.237526612362,-231.17438651783348,OnTrack,263.0,11444.25,100.0,0.0,8,6,4001.2215347272263,0.7626655306252539,16.0,1171.373611111115,interpolation,0 days 00:01:00.940000,60.94,4490.183,0.0
2023-11-25 14:59:50.287,0 days 01:14:50.283000,3389.0,-3630.0,-232.0,OnTrack,264.0,11176.5,100.0,0.0,8,6,4008.75005198456,0.7641005275528302,16.0,1169.734722222226,interpolation,0 days 00:01:01.040000,61.04,4490.283,0.0
2023-11-25 14:59:50.387,0 days 01:14:50.383000,3327.364754348178,-3625.178999567405,-232.2964131804535,OnTrack,265.0,10908.75,100.0,0.0,8,6,4016.3747932496126,0.7655538655628157,16.0,1168.0958333333372,interpolation,0 days 00:01:01.140000,61.14,4490.383,0.0
2023-11-25 14:59:50.487,0 days 01:14:50.483000,3290.072666614235,-3622.131574482352,-232.14122150142043,OnTrack,266.0,10641.0,100.0,0.0,8,6,4023.720277777777,0.7669539749560973,16.0,1166.4569444444485,interpolation,0 days 00:01:01.240000,61.24,4490.483,0.0
2023-11-25 14:59:50.587,0 days 01:14:50.583000,3242.0,-3617.0,-232.0,OnTrack,267.0,10652.0,100.0,0.0,8,6,4030.7865055690536,0.7683008557326749,16.0,1165.1569444444483,interpolation,0 days 00:01:01.340000,61.34,4490.583,0.0
2023-11-25 14:59:50.687,0 days 01:14:50.683000,3177.292768400138,-3609.141318704279,-231.95034491300012,OnTrack,268.0,10663.0,100.0,0.0,8,7,4037.573476623441,0.7695945078925486,16.0,1163.8569444444483,interpolation,0 days 00:01:01.440000,61.44,4490.683,0.0
2023-11-25 14:59:50.787,0 days 01:14:50.783000,3098.7315801675886,-3598.639682474345,-231.97828575026156,OnTrack,269.0,10674.0,100.0,0.0,8,7,4044.183848254997,0.7708544987589017,16.0,1162.5569444444484,interpolation,0 days 00:01:01.540000,61.54,4490.783,0.0
2023-11-25 14:59:50.887,0 days 01:14:50.883000,3023.0,-3586.0,-232.0,OnTrack,270.0,10685.0,100.0,0.0,8,7,4050.720277777777,0.7721003956549166,16.0,1161.2569444444484,interpolation,0 days 00:01:01.640000,61.64,4490.883,0.0
2023-11-25 14:59:50.987,0 days 01:14:50.983000,2952.878607777029,-3571.306422298693,-232.00151731511343,OnTrack,270.5,10725.0,100.0,0.0,8,7,4057.182765191781,0.7733321985805939,16.0,1160.0006944444483,interpolation,0 days 00:01:01.740000,61.74,4490.983,0.0
2023-11-25 14:59:51.087,0 days 01:14:51.083000,2880.0,-3550.0,-232.0,OnTrack,271.0,10765.0,100.0,0.0,8,7,4065.85111111111,0.7749844561681408,16.0,1158.7444444444482,interpolation,0 days 00:01:01.840000,61.84,4491.083,0.0
2023-11-25 14:59:51.187,0 days 01:14:51.183000,2795.996773170238,-3517.521783733501,-232.01261035905787,OnTrack,271.0,10803.0,100.0,0.0,8,7,4077.8955555555535,0.7772802257309063,16.0,1156.9666666666712,interpolation,0 days 00:01:01.940000,61.94,4491.183,0.0
2023-11-25 14:59:51.287,0 days 01:14:51.283000,2704.8004180512626,-3476.3106574747662,-232.03043574496596,OnTrack,271.5,10838.5,100.0,0.0,8,7,4086.658769044823,0.7789505658527338,16.0,1155.938888888893,interpolation,0 days 00:01:02.040000,62.04,4491.283,0.0
2023-11-25 14:59:51.387,0 days 01:14:51.383000,2630.0,-3441.0,-232.0,OnTrack,272.0,10874.0,100.0,0.0,8,7,4093.0066666666658,0.7801605270273648,16.0,1154.911111111115,interpolation,0 days 00:01:02.140000,62.14,4491.383,0.0
2023-11-25 14:59:51.487,0 days 01:14:51.483000,2575.527050038641,-3414.028720259076,-231.9123903855732,OnTrack,273.0,10899.5,100.0,0.0,8,7,4098.914712741306,0.7812866489017389,16.0,1154.1555555555594,interpolation,0 days 00:01:02.240000,62.24,4491.483,0.0
2023-11-25 14:59:51.587,0 days 01:14:51.583000,2541.381568167186,-3395.3968182519907,-231.76760690168533,OnTrack,274.0,10925.0,100.0,0.0,8,7,4105.184444444443,0.7824817110133343,16.0,1153.4000000000042,interpolation,0 days 00:01:02.340000,62.34,4491.583,0.0
2023-11-25 14:59:51.687,0 days 01:14:51.683000,2504.7953022121374,-3372.5665071189114,-231.7390199669548,OnTrack,275.0,10916.0,100.0,0.0,8,7,4112.617398951779,0.7838984928996282,16.0,1152.5111111111146,interpolation,0 days 00:01:02.440000,62.44,4491.683,0.0
2023-11-25 14:59:51.787,0 days 01:14:51.783000,2443.0,-3333.0,-232.0,OnTrack,276.0,10907.0,100.0,0.0,8,7,4120.517777777777,0.7854043696817997,16.0,1151.622222222225,pos,0 days 00:01:02.540000,62.54,4491.783,0.0
2023-11-25 14:59:51.887,0 days 01:14:51.883000,2355.9956615307738,-3276.6972968952578,-232.5505470008208,OnTrack,276.0,10943.0,100.0,0.0,8,7,4128.189782436901,0.7868667164810277,16.0,1150.872222222225,interpolation,0 days 00:01:02.640000,62.64,4491.883,0.0
2023-11-25 14:59:51.987,0 days 01:14:51.983000,2285.0,-3230.0,-233.0,OnTrack,276.0,10979.0,100.0,0.0,8,7,4135.851111111111,0.7883270283502651,16.0,1150.122222222225,interpolation,0 days 00:01:02.740000,62.74,4491.983,0.0
2023-11-25 14:59:52.087,0 days 01:14:52.083000,2260.0,-3212.0,-233.0,OnTrack,276.6666666666667,10990.333333333334,100.0,0.0,8,7,4143.7194619823695,0.7898268003424658,16.0,1149.4407407407436,pos,0 days 00:01:02.840000,62.84,4492.083,0.0
2023-11-25 14:59:52.187,0 days 01:14:52.183000,2213.61094490229,-3179.198805126096,-232.8043601316204,OnTrack,277.3333333333333,11001.666666666666,100.0,0.0,8,7,4151.84872322419,0.7913763039839848,16.0,1148.7592592592623,interpolation,0 days 00:01:02.940000,62.94,4492.183,0.0
2023-11-25 14:59:52.287,0 days 01:14:52.283000,2137.938297646398,-3125.0751300873976,-232.46059744823967,OnTrack,278.0,11013.0,100.0,0.0,8,7,4160.562222222222,0.793037168117415,16.0,1148.0777777777812,interpolation,0 days 00:01:03.040000,63.04,4492.283,0.0
2023-11-25 14:59:52.387,0 days 01:14:52.383000,2053.0,-3054.0,-232.0,OnTrack,278.0,11016.0,100.0,0.0,8,7,4169.913846598167,0.7948196641639316,16.0,1147.4444444444475,interpolation,0 days 00:01:03.140000,63.14,4492.383,0.0
2023-11-25 14:59:52.487,0 days 01:14:52.483000,1962.1323926730483,-2966.701922779868,-231.42778248862405,OnTrack,278.0,11019.0,100.0,0.0,8,7,4179.095555555556,0.7965697729427774,16.0,1146.811111111114,interpolation,0 days 00:01:03.240000,63.24,4492.483,0.0
2023-11-25 14:59:52.587,0 days 01:14:52.583000,1881.0,-2881.0,-231.0,OnTrack,277.6666666666667,11023.0,100.0,0.0,8,7,4187.299308297915,0.798133475273195,16.0,1146.396296296299,interpolation,0 days 00:01:03.340000,63.34,4492.583,0.0
2023-11-25 14:59:52.687,0 days 01:14:52.683000,1825.2673463153103,-2814.7133332333988,-230.972707620016,OnTrack,277.3333333333333,11027.0,100.0,0.0,8,7,4194.510333193716,0.7995079555614711,16.0,1145.9814814814845,interpolation,0 days 00:01:03.440000,63.44,4492.683,0.0
2023-11-25 14:59:52.787,0 days 01:14:52.783000,1794.9344316189813,-2767.841922480064,-231.3459053486721,OnTrack,277.0,11031.0,100.0,0.0,8,7,4200.64,0.8006763201588313,16.0,1145.566666666669,interpolation,0 days 00:01:03.540000,63.54,4492.783,0.0
2023-11-25 14:59:52.887,0 days 01:14:52.883000,1776.6343011131612,-2730.0495504866967,-231.79615040299203,OnTrack,277.0,11029.333333333334,100.0,0.0,8,7,4205.673536933978,0.8016357534427311,16.0,1145.255555555558,interpolation,0 days 00:01:03.640000,63.64,4492.883,0.0
2023-11-25 14:59:52.987,0 days 01:14:52.983000,1757.0,-2691.0,-232.0,OnTrack,277.0,11027.666666666666,100.0,0.0,8,7,4210.350329350703,0.802527188305602,16.0,1144.9444444444464,interpolation,0 days 00:01:03.740000,63.74,4492.983,0.0
2023-11-25 14:59:53.087,0 days 01:14:53.083000,1736.0315282794977,-2650.693271019973,-231.95745413969584,OnTrack,277.0,11026.0,100.0,0.0,8,7,4219.106666666668,0.8041962177725918,16.0,1144.633333333335,interpolation,0 days 00:01:03.840000,63.84,4493.083,0.0
2023-11-25 14:59:53.187,0 days 01:14:53.183000,1708.0,-2577.0,-232.0,OnTrack,278.0,10826.0,0.0,0.0,8,7,4231.462222222222,0.8065512876561666,16.0,1143.9222222222252,interpolation,0 days 00:01:03.940000,63.94,4493.183,0.0
2023-11-25 14:59:53.287,0 days 01:14:53.283000,1667.1765292098526,-2437.790823393464,-232.459124758833,OnTrack,269.0,10542.0,0.0,0.0,8,7,4240.098806825935,0.8081974912773386,16.0,1143.866666666669,interpolation,0 days 00:01:04.040000,64.04,4493.283,0.0
2023-11-25 14:59:53.387,0 days 01:14:53.383000,1627.0,-2289.0,-233.0,OnTrack,260.0,10258.0,0.0,1.0,8,7,4245.906666666667,0.8093045168366049,16.0,1143.811111111113,interpolation,0 days 00:01:04.140000,64.14,4493.383,0.0
2023-11-25 14:59:53.487,0 days 01:14:53.483000,1600.909296461386,-2186.561788619244,-233.2877973073061,OnTrack,245.0,10377.666666666666,0.0,1.0,8,7,4250.995739887016,0.810274535790642,16.0,1144.7222222222244,interpolation,0 days 00:01:04.240000,64.24,4493.483,0.0
2023-11-25 14:59:53.587,0 days 01:14:53.583000,1588.9044185940115,-2130.4761892511965,-233.32251668075145,OnTrack,230.0,10497.333333333334,0.0,1.0,8,7,4255.501857343216,0.811133438610935,16.0,1145.633333333336,interpolation,0 days 00:01:04.340000,64.34,4493.583,0.0
2023-11-25 14:59:53.687,0 days 01:14:53.683000,1589.0091849315716,-2113.9298272746078,-233.14782965353976,OnTrack,215.0,10617.0,0.0,1.0,8,7,4260.24,0.8120365673310398,16.0,1146.5444444444474,interpolation,0 days 00:01:04.440000,64.44,4493.683,0.0
2023-11-25 14:59:53.787,0 days 01:14:53.783000,1589.3664459677364,-2096.042245654396,-233.02576676648837,OnTrack,202.5,10211.5,0.0,1.0,8,7,4265.345997322702,0.8130098121573239,16.0,1148.211111111114,interpolation,0 days 00:01:04.540000,64.54,4493.783,0.0
2023-11-25 14:59:53.887,0 days 01:14:53.883000,1588.0,-2070.0,-233.0,OnTrack,190.0,9806.0,0.0,1.0,8,7,4270.795555555555,0.81404854250136,16.0,1149.8777777777805,interpolation,0 days 00:01:04.640000,64.64,4493.883,0.0
2023-11-25 14:59:53.987,0 days 01:14:53.983000,1584.9098470283616,-2035.8030903114188,-233.0705293540746,OnTrack,179.0,10049.0,0.0,1.0,8,7,4276.564380942793,0.8151481277747212,16.0,1152.444444444447,interpolation,0 days 00:01:04.740000,64.74,4493.983,0.0
2023-11-25 14:59:54.087,0 days 01:14:54.083000,1580.4783835171952,-1994.6798147480808,-233.18174652697667,OnTrack,168.0,10292.0,0.0,1.0,8,6,4281.995555555555,0.8161833540504999,16.0,1155.0111111111137,interpolation,0 days 00:01:04.840000,64.84,4494.083,0.0
2023-11-25 14:59:54.187,0 days 01:14:54.183000,1577.0,-1954.0,-233.0,OnTrack,161.0,10230.666666666666,0.0,1.0,8,6,4286.432161464985,0.8170290074017887,16.0,1157.422222222225,interpolation,0 days 00:01:04.940000,64.94,4494.183,0.0
2023-11-25 14:59:54.287,0 days 01:14:54.283000,1574.8570968569093,-1914.991956804442,-232.4696809019772,OnTrack,154.0,10169.333333333334,0.0,1.0,8,5,4289.997222886164,0.8177085372495856,16.0,1159.833333333336,interpolation,0 days 00:01:05.040000,65.04,4494.283,0.0
2023-11-25 14:59:54.387,0 days 01:14:54.383000,1574.0,-1875.0,-232.0,OnTrack,147.0,10108.0,0.0,1.0,8,5,4293.428888888889,0.8183626408402469,16.0,1162.2444444444473,pos,0 days 00:01:05.140000,65.14,4494.383,0.0
2023-11-25 14:59:54.487,0 days 01:14:54.483000,1574.37903534135,-1831.3684444252683,-232.0001680611604,OnTrack,142.75,9821.5,0.0,1.0,8,5,4296.850184948014,0.8190147678348941,16.0,1165.1055555555583,interpolation,0 days 00:01:05.240000,65.24,4494.483,0.0
2023-11-25 14:59:54.587,0 days 01:14:54.583000,1576.0,-1786.0,-232.0,OnTrack,138.5,9535.0,0.0,1.0,8,4,4300.26111106354,0.8196649182335269,16.0,1167.9666666666694,interpolation,0 days 00:01:05.340000,65.34,4494.583,0.0
2023-11-25 14:59:54.687,0 days 01:14:54.683000,1578.868691094991,-1740.7973766439486,-231.5293107310605,OnTrack,134.25,9248.5,0.0,1.0,8,4,4303.867037202851,0.8203522372306293,16.0,1170.8277777777805,interpolation,0 days 00:01:05.440000,65.44,4494.683,0.0
2023-11-25 14:59:54.787,0 days 01:14:54.783000,1583.0,-1698.0,-231.0,OnTrack,130.0,8962.0,0.0,1.0,8,4,4307.873333333333,0.8211158700206852,16.0,1173.6888888888916,interpolation,0 days 00:01:05.540000,65.54,4494.783,0.0
2023-11-25 14:59:54.887,0 days 01:14:54.883000,1588.4088180887047,-1659.8472957110405,-230.82396755247697,OnTrack,130.0,8686.5,0.0,1.0,8,4,4312.279999454985,0.8219558166036947,16.0,1176.9222222222256,interpolation,0 days 00:01:05.640000,65.64,4494.883,0.0
2023-11-25 14:59:54.987,0 days 01:14:54.983000,1595.1997032938614,-1625.953050881236,-230.94213124148675,OnTrack,130.0,8411.0,0.0,1.0,8,3,4316.539999999999,0.8227678075289481,16.0,1180.1555555555597,interpolation,0 days 00:01:05.740000,65.74,4494.983,0.0
2023-11-25 14:59:55.087,0 days 01:14:55.083000,1604.0,-1594.0,-231.0,OnTrack,126.2,8245.2,0.4,1.0,8,3,4320.106299400568,0.8234475733457357,16.0,1182.6977777777818,interpolation,0 days 00:01:05.840000,65.84,4495.083,0.0
2023-11-25 14:59:55.187,0 days 01:14:55.183000,1614.9142650692093,-1563.6019341262993,-230.93849228601024,OnTrack,122.4,8079.4,0.8,1.0,8,3,4322.978897656689,0.823995114054058,16.0,1185.240000000004,interpolation,0 days 00:01:05.940000,65.94,4495.183,0.0
2023-11-25 14:59:55.287,0 days 01:14:55.283000,1627.0,-1536.0,-231.0,OnTrack,118.6,7913.6,1.2000000000000002,1.0,8,3,4325.264681574887,0.8244308031529337,16.0,1187.7822222222262,interpolation,0 days 00:01:06.040000,66.04,4495.283,0.0
2023-11-25 14:59:55.387,0 days 01:14:55.383000,1639.3147062908831,-1512.4353443609698,-231.42691504245204,OnTrack,114.8,7747.8,1.6,1.0,8,3,4327.604975277863,0.8248768822623526,16.0,1190.3244444444483,interpolation,0 days 00:01:06.140000,66.14,4495.383,0.0
2023-11-25 14:59:55.487,0 days 01:14:55.483000,1656.0,-1490.0,-232.0,OnTrack,111.0,7582.0,2.0,1.0,8,3,4330.106666666666,0.8253537250899597,16.0,1192.8666666666704,interpolation,0 days 00:01:06.240000,66.24,4495.483,0.0
2023-11-25 14:59:55.587,0 days 01:14:55.583000,1681.197497185491,-1465.7859997078822,-232.5000174592776,OnTrack,109.0,7665.5,13.25,1.0,8,3,4332.769755741294,0.8258613316357548,16.0,1195.5266666666705,interpolation,0 days 00:01:06.340000,66.34,4495.583,0.0
2023-11-25 14:59:55.687,0 days 01:14:55.683000,1708.0,-1445.0,-233.0,OnTrack,107.0,7749.0,24.5,0.0,8,3,4335.594242501749,0.826399701899738,16.0,1198.1866666666706,interpolation,0 days 00:01:06.440000,66.44,4495.683,0.0
2023-11-25 14:59:55.787,0 days 01:14:55.783000,1729.5003105961682,-1432.848657391737,-233.57298020188216,OnTrack,105.0,7832.5,35.75,0.0,8,3,4338.528899677996,0.8269590715455074,16.0,1200.846666666671,interpolation,0 days 00:01:06.540000,66.54,4495.783,0.0
2023-11-25 14:59:55.887,0 days 01:14:55.883000,1750.0,-1425.0,-234.0,OnTrack,103.0,7916.0,47.0,0.0,8,3,4341.522499999999,0.8275296762366612,16.0,1203.5066666666708,interpolation,0 days 00:01:06.640000,66.64,4495.883,0.0
2023-11-25 14:59:55.987,0 days 01:14:55.983000,1773.8006392374982,-1417.1220559416936,-234.06210132942948,OnTrack,105.25,8005.5,49.5,0.0,8,3,4344.57504346776,0.8281115159731993,16.0,1205.5066666666708,interpolation,0 days 00:01:06.740000,66.74,4495.983,0.0
2023-11-25 14:59:56.087,0 days 01:14:56.083000,1801.0,-1410.0,-234.0,OnTrack,107.5,8095.0,52.0,0.0,8,3,4347.686530081278,0.8287045907551217,16.0,1207.5066666666708,pos,0 days 00:01:06.840000,66.84,4496.083,0.0
2023-11-25 14:59:56.187,0 days 01:14:56.183000,1831.695853978843,-1404.419006958101,-234.0544118215412,OnTrack,109.75,8184.5,54.5,0.0,8,3,4350.827112765267,0.8293032114859084,16.0,1209.5066666666708,interpolation,0 days 00:01:06.940000,66.94,4496.183,0.0
2023-11-25 14:59:56.287,0 days 01:14:56.283000,1865.601864197444,-1400.3923868179331,-234.1683619976904,OnTrack,112.0,8274.0,57.0,0.0,8,3,4353.966944444444,0.8299016890690388,16.0,1211.5066666666708,interpolation,0 days 00:01:07.040000,67.04,4496.283,0.0
2023-11-25 14:59:56.387,0 days 01:14:56.383000,1901.0,-1398.0,-234.0,OnTrack,115.0,8507.5,63.0,0.0,8,3,4357.1060251188055,0.830500023504513,16.0,1213.117777777782,interpolation,0 days 00:01:07.140000,67.14,4496.383,0.0
2023-11-25 14:59:56.487,0 days 01:14:56.483000,1937.603921477822,-1397.2551566425336,-233.49235044868252,OnTrack,118.0,8741.0,69.0,0.0,8,3,4360.522499999999,0.8311512315432378,16.0,1214.7288888888934,interpolation,0 days 00:01:07.240000,67.24,4496.483,0.0
2023-11-25 14:59:56.587,0 days 01:14:56.583000,1974.0,-1398.0,-233.0,OnTrack,121.5,9202.0,76.5,0.0,8,3,4364.494514299669,0.8319083299361205,16.0,1216.2622222222271,interpolation,0 days 00:01:07.340000,67.34,4496.583,0.0
2023-11-25 14:59:56.687,0 days 01:14:56.683000,2008.7746069356235,-1400.0766733268651,-232.87753531021443,OnTrack,125.0,9663.0,84.0,0.0,8,3,4368.855833333332,0.8327396329934906,16.0,1217.795555555561,interpolation,0 days 00:01:07.440000,67.44,4496.683,0.0
2023-11-25 14:59:56.787,0 days 01:14:56.783000,2043.0,-1403.0,-233.0,OnTrack,129.0,10026.0,86.0,0.0,8,3,4373.4402224165,0.833613455025678,16.0,1218.7288888888938,interpolation,0 days 00:01:07.540000,67.54,4496.783,0.0
2023-11-25 14:59:56.887,0 days 01:14:56.883000,2077.748436908437,-1406.2848033962744,-233.2424376900311,OnTrack,133.0,10389.0,88.0,0.0,8,3,4377.722499999999,0.8344296921365597,16.0,1219.6622222222268,interpolation,0 days 00:01:07.640000,67.64,4496.883,0.0
2023-11-25 14:59:56.987,0 days 01:14:56.983000,2110.0,-1410.0,-233.0,OnTrack,137.5,10151.5,82.0,0.0,8,3,4381.177484534656,0.835088240430014,16.0,1219.7511111111155,interpolation,0 days 00:01:07.740000,67.74,4496.983,0.0
2023-11-25 14:59:57.087,0 days 01:14:57.083000,2140.0,-1414.0,-232.0,OnTrack,142.0,9914.0,76.0,0.0,8,3,4383.805176020473,0.8355890999060402,16.0,1219.8400000000047,interpolation,0 days 00:01:07.840000,67.84,4497.083,0.0
2023-11-25 14:59:57.187,0 days 01:14:57.183000,2187.339907534056,-1416.997759033684,-232.2354165964701,OnTrack,146.5,9676.5,70.0,0.0,8,3,4386.747085051607,0.8361498518146281,16.0,1219.9288888888937,interpolation,0 days 00:01:07.940000,67.94,4497.183,0.0
2023-11-25 14:59:57.287,0 days 01:14:57.283000,2237.0,-1419.0,-233.0,OnTrack,151.0,9439.0,64.0,0.0,8,3,4391.1447222222205,0.8369880774057669,16.0,1220.0177777777826,interpolation,0 days 00:01:08.040000,68.04,4497.283,0.0
2023-11-25 14:59:57.387,0 days 01:14:57.383000,2270.695292973311,-1420.2279542899428,-233.25533556942796,OnTrack,151.5,9432.0,43.5,0.0,8,3,4396.9980875323145,0.8381037766794561,16.0,1219.940000000005,interpolation,0 days 00:01:08.140000,68.14,4497.383,0.0
2023-11-25 14:59:57.487,0 days 01:14:57.483000,2294.182268978235,-1418.9748496359016,-233.0860604374161,OnTrack,152.0,9425.0,23.0,0.0,8,3,4402.966944444443,0.8392414895965256,16.0,1219.8622222222275,interpolation,0 days 00:01:08.240000,68.24,4497.483,0.0
2023-11-25 14:59:57.587,0 days 01:14:57.583000,2342.0,-1405.0,-233.0,OnTrack,151.66666666666666,9315.333333333334,22.666666666666668,0.0,8,3,4407.711056421164,0.840145756117804,16.0,1219.784166666672,pos,0 days 00:01:08.340000,68.34,4497.583,0.0
2023-11-25 14:59:57.687,0 days 01:14:57.683000,2412.0,-1379.0,-233.0,OnTrack,151.33333333333334,9205.666666666666,22.33333333333333,0.0,8,4,4411.366899414968,0.8408425896753945,16.0,1219.7061111111168,interpolation,0 days 00:01:08.440000,68.44,4497.683,0.0
2023-11-25 14:59:57.787,0 days 01:14:57.783000,2456.7518610777547,-1355.3952296449784,-232.5953043855669,OnTrack,151.0,9096.0,22.0,0.0,8,4,4414.753333333331,0.8414880716610482,16.0,1219.628055555561,interpolation,0 days 00:01:08.540000,68.54,4497.783,0.0
2023-11-25 14:59:57.887,0 days 01:14:57.883000,2483.0,-1336.0,-232.0,OnTrack,149.66666666666666,8989.333333333334,27.0,0.0,8,4,4418.006835526265,0.842108215773247,16.0,1219.6725000000058,interpolation,0 days 00:01:08.640000,68.64,4497.883,0.0
2023-11-25 14:59:57.987,0 days 01:14:57.983000,2505.393941990904,-1320.2252131565392,-231.50996678068597,OnTrack,148.33333333333334,8882.666666666666,32.0,0.0,8,4,4421.176104893048,0.8427123044202598,16.0,1219.71694444445,interpolation,0 days 00:01:08.740000,68.74,4497.983,0.0
2023-11-25 14:59:58.087,0 days 01:14:58.083000,2526.642651672869,-1305.3445486566716,-231.14234757568624,OnTrack,147.0,8776.0,37.0,0.0,8,4,4424.553333333332,0.8433560317665456,16.0,1219.7613888888943,interpolation,0 days 00:01:08.840000,68.84,4498.083,0.0
2023-11-25 14:59:58.187,0 days 01:14:58.183000,2563.0,-1275.0,-231.0,OnTrack,146.0,8873.0,42.0,0.0,8,4,4428.187219247724,0.8440486801253224,16.0,1219.9002777777832,interpolation,0 days 00:01:08.940000,68.94,4498.183,0.0
2023-11-25 14:59:58.287,0 days 01:14:58.283000,2612.0,-1231.0,-231.0,OnTrack,145.0,8970.0,47.0,0.0,8,4,4432.608888888887,0.8448914865017901,16.0,1220.039166666672,interpolation,0 days 00:01:09.040000,69.04,4498.283,0.0
2023-11-25 14:59:58.387,0 days 01:14:58.383000,2642.5926166891204,-1200.5533751000128,-230.5419420382219,OnTrack,145.5,9032.0,50.0,0.0,8,4,4438.349468509488,0.8459856879011487,16.0,1220.350277777783,interpolation,0 days 00:01:09.140000,69.14,4498.383,0.0
2023-11-25 14:59:58.487,0 days 01:14:58.483000,2661.0,-1179.0,-230.0,OnTrack,146.0,9094.0,53.0,0.0,8,4,4443.964444444443,0.8470559482113348,16.0,1220.6613888888942,interpolation,0 days 00:01:09.240000,69.24,4498.483,0.0
2023-11-25 14:59:58.587,0 days 01:14:58.583000,2678.619332191978,-1157.144921774462,-229.84841587259316,OnTrack,146.33333333333334,9132.333333333334,58.66666666666666,0.0,8,4,4448.009303028667,0.8478269313202849,16.0,1220.883611111116,interpolation,0 days 00:01:09.340000,69.34,4498.583,0.0
2023-11-25 14:59:58.687,0 days 01:14:58.683000,2695.617963447249,-1133.5959611812968,-230.0075986665367,OnTrack,146.66666666666666,9170.666666666666,64.33333333333333,0.0,8,4,4450.748018505517,0.848348952876516,16.0,1221.1058333333383,interpolation,0 days 00:01:09.440000,69.44,4498.683,0.0
2023-11-25 14:59:58.787,0 days 01:14:58.783000,2713.0,-1100.0,-230.0,OnTrack,147.0,9209.0,70.0,0.0,8,4,4453.764444444443,0.8489239083168322,16.0,1221.3280555555602,interpolation,0 days 00:01:09.540000,69.54,4498.783,0.0
2023-11-25 14:59:58.887,0 days 01:14:58.883000,2730.9327937460994,-1054.9648447324812,-229.74602806850277,OnTrack,148.66666666666666,9400.0,74.0,0.0,8,4,4457.322557791909,0.8496021138049858,16.0,1221.5613888888936,interpolation,0 days 00:01:09.640000,69.64,4498.883,0.0
2023-11-25 14:59:58.987,0 days 01:14:58.983000,2747.0,-999.0,-229.0,OnTrack,150.33333333333334,9591.0,78.0,0.0,8,4,4461.369338361854,0.8503734632601243,16.0,1221.7947222222267,interpolation,0 days 00:01:09.740000,69.74,4498.983,0.0
2023-11-25 14:59:59.087,0 days 01:14:59.083000,2758.7852740761564,-932.6149704238162,-227.516232922447,OnTrack,152.0,9782.0,82.0,0.0,8,4,4465.586666666665,0.8511773205075909,16.0,1222.02805555556,interpolation,0 days 00:01:09.840000,69.84,4499.083,0.0
2023-11-25 14:59:59.187,0 days 01:14:59.183000,2766.5652807305555,-859.8559523993066,-225.47967394043997,OnTrack,156.0,9847.0,82.5,0.0,8,4,4469.921523063207,0.8520035795700195,16.0,1222.1113888888935,interpolation,0 days 00:01:09.940000,69.94,4499.183,0.0
2023-11-25 14:59:59.287,0 days 01:14:59.283000,2772.0,-805.0,-224.0,OnTrack,160.0,9912.0,83.0,0.0,8,4,4474.475555555554,0.8528716153878606,16.0,1222.194722222227,interpolation,0 days 00:01:10.040000,70.04,4499.283,0.0
2023-11-25 14:59:59.387,0 days 01:14:59.383000,2775.366093807445,-772.0932681884339,-223.26215631187472,OnTrack,162.66666666666666,10049.333333333334,85.0,0.0,8,4,4479.350412147784,0.8538008029015653,16.0,1222.1650925925976,interpolation,0 days 00:01:10.140000,70.14,4499.383,0.0
2023-11-25 14:59:59.487,0 days 01:14:59.483000,2776.66356215289,-761.1357569646086,-223.26614287606407,OnTrack,165.33333333333334,10186.666666666666,87.0,0.0,8,4,4484.473458783043,0.8547772974661841,16.0,1222.135462962968,interpolation,0 days 00:01:10.240000,70.24,4499.483,0.0
2023-11-25 14:59:59.587,0 days 01:14:59.583000,2776.8792494218897,-749.110367258479,-223.8870580022215,OnTrack,168.0,10324.0,89.0,0.0,8,4,4489.408888888887,0.8557180307867138,16.0,1222.1058333333383,interpolation,0 days 00:01:10.340000,70.34,4499.583,0.0
2023-11-25 14:59:59.687,0 days 01:14:59.683000,2777.0,-713.0,-225.0,OnTrack,169.0,10324.0,89.0,0.0,8,4,4494.084067664693,0.8566091580764355,16.0,1222.1317592592643,interpolation,0 days 00:01:10.440000,70.44,4499.683,0.0
2023-11-25 14:59:59.787,0 days 01:14:59.783000,2777.0258138872205,-652.8046551891716,-226.6049688693996,OnTrack,170.0,10324.0,89.0,0.0,8,4,4498.505130427253,0.8574518487768809,16.0,1222.1576851851903,interpolation,0 days 00:01:10.540000,70.54,4499.783,0.0
2023-11-25 14:59:59.887,0 days 01:14:59.883000,2776.0,-589.0,-228.0,OnTrack,171.0,10324.0,89.0,0.0,8,4,4502.708888888888,0.8582531195013174,16.0,1222.183611111116,interpolation,0 days 00:01:10.640000,70.64,4499.883,0.0
2023-11-25 14:59:59.987,0 days 01:14:59.983000,2772.9658672547894,-542.0617016064916,-228.48312878138088,OnTrack,169.5,10186.0,68.5,0.0,8,4,4506.70147830357,0.8590141396793028,16.0,1222.4891666666713,interpolation,0 days 00:01:10.740000,70.74,4499.983,0.0
2023-11-25 15:00:00.087,0 days 01:15:00.083000,2765.0,-496.0,-229.0,OnTrack,168.0,10048.0,48.0,1.0,8,4,4510.482898671299,0.8597349093108368,16.0,1222.7947222222265,interpolation,0 days 00:01:10.840000,70.84,4500.083,0.0
2023-11-25 15:00:00.187,0 days 01:15:00.183000,2749.178982584045,-434.82513517187857,-230.4962584423152,OnTrack,166.5,9910.0,27.5,1.0,8,4,4514.960647481155,0.8605884048352501,16.0,1223.1002777777817,interpolation,0 days 00:01:10.940000,70.94,4500.183,0.0
2023-11-25 15:00:00.287,0 days 01:15:00.283000,2730.0,-375.0,-232.0,OnTrack,165.0,9772.0,7.0,1.0,8,4,4521.042222222221,0.8617476026918739,16.0,1223.405833333337,pos,0 days 00:01:11.040000,71.04,4500.283,0.0
2023-11-25 15:00:00.387,0 days 01:15:00.383000,2711.960237240941,-332.9874873622367,-232.53932056472763,OnTrack,162.0,9595.0,16.0,1.0,8,4,4528.242222222221,0.8631199815448923,16.0,1224.072500000004,interpolation,0 days 00:01:11.140000,71.14,4500.383,0.0
2023-11-25 15:00:00.487,0 days 01:15:00.483000,2695.026542064719,-306.74312316052243,-232.25591979557151,OnTrack,159.33333333333334,9528.0,30.0,1.0,8,4,4533.648258358953,0.864150416221657,16.0,1224.720648148152,interpolation,0 days 00:01:11.240000,71.24,4500.483,0.0
2023-11-25 15:00:00.587,0 days 01:15:00.583000,2679.0,-284.0,-232.0,OnTrack,156.66666666666666,9461.0,44.0,0.0,8,4,4537.0635745894815,0.864801403412094,16.0,1225.3687962963002,interpolation,0 days 00:01:11.340000,71.34,4500.583,0.0
2023-11-25 15:00:00.687,0 days 01:15:00.683000,2663.8474584651563,-262.7136228470811,-231.9132622880984,OnTrack,154.0,9394.0,58.0,0.0,8,4,4540.219999999999,0.8654030438960558,16.0,1226.0169444444482,interpolation,0 days 00:01:11.440000,71.44,4500.683,0.0
2023-11-25 15:00:00.787,0 days 01:15:00.783000,2646.772866029131,-240.71608357265856,-231.96822510880725,OnTrack,154.33333333333334,9454.0,59.0,0.0,8,4,4543.406171293716,0.8660103541884988,16.0,1226.6910185185222,interpolation,0 days 00:01:11.540000,71.54,4500.783,0.0
2023-11-25 15:00:00.887,0 days 01:15:00.883000,2611.0,-205.0,-232.0,OnTrack,154.66666666666666,9514.0,60.0,0.0,8,4,4546.88962133798,0.8666743282407624,16.0,1227.365092592596,interpolation,0 days 00:01:11.640000,71.64,4500.883,0.0
2023-11-25 15:00:00.987,0 days 01:15:00.983000,2559.0,-158.0,-232.0,OnTrack,155.0,9574.0,61.0,0.0,8,4,4552.275555555555,0.8677009313274218,16.0,1228.03916666667,interpolation,0 days 00:01:11.740000,71.74,4500.983,0.0
2023-11-25 15:00:01.087,0 days 01:15:01.083000,2522.375678753692,-127.33102498833496,-232.08159037621544,OnTrack,156.0,9574.0,61.0,0.0,8,4,4559.208888888888,0.8690224813340321,16.0,1229.1502777777814,interpolation,0 days 00:01:11.840000,71.84,4501.083,0.0
2023-11-25 15:00:01.187,0 days 01:15:01.183000,2502.165752761134,-114.17402440820015,-232.20297341367305,OnTrack,158.33333333333334,9753.333333333334,68.0,0.0,8,4,4563.953878224286,0.8699269150870458,16.0,1229.6169444444483,interpolation,0 days 00:01:11.940000,71.94,4501.183,0.0
2023-11-25 15:00:01.287,0 days 01:15:01.283000,2473.0,-98.0,-232.0,OnTrack,160.66666666666666,9932.666666666666,75.0,0.0,8,4,4566.450629242453,0.8704028162396272,16.0,1230.083611111115,interpolation,0 days 00:01:12.040000,72.04,4501.283,0.0
2023-11-25 15:00:01.387,0 days 01:15:01.383000,2430.650071782454,-75.38746957185042,-231.41197892720757,OnTrack,163.0,10112.0,82.0,0.0,8,4,4570.075555555555,0.8710937568251619,16.0,1230.550277777782,interpolation,0 days 00:01:12.140000,72.14,4501.383,0.0
2023-11-25 15:00:01.487,0 days 01:15:01.483000,2387.0,-53.0,-231.0,OnTrack,164.5,10327.0,84.0,0.0,8,4,4575.39139564683,0.8721069993983972,16.0,1231.316944444448,interpolation,0 days 00:01:12.240000,72.24,4501.483,0.0
2023-11-25 15:00:01.587,0 days 01:15:01.583000,2353.933816544144,-37.50115816069725,-231.32515302308175,OnTrack,166.0,10542.0,86.0,0.0,8,4,4581.142222222223,0.8732031539510979,16.0,1232.083611111114,interpolation,0 days 00:01:12.340000,72.34,4501.583,0.0
2023-11-25 15:00:01.687,0 days 01:15:01.683000,2326.278970780339,-27.872130011535432,-232.1444549458253,OnTrack,169.0,10719.0,90.66666666666669,0.0,8,4,4586.072107987679,0.8741428304750298,16.0,1232.4465740740768,interpolation,0 days 00:01:12.440000,72.44,4501.683,0.0
2023-11-25 15:00:01.787,0 days 01:15:01.783000,2273.0,-18.0,-232.0,OnTrack,172.0,10896.0,95.33333333333331,0.0,8,4,4590.323750790778,0.8749532283463579,16.0,1232.8095370370395,pos,0 days 00:01:12.540000,72.54,4501.783,0.0
2023-11-25 15:00:01.887,0 days 01:15:01.883000,2197.0,-8.0,-231.0,OnTrack,175.0,11073.0,100.0,0.0,8,4,4594.753333333334,0.8757975429865109,16.0,1233.1725000000024,interpolation,0 days 00:01:12.640000,72.64,4501.883,0.0
2023-11-25 15:00:01.987,0 days 01:15:01.983000,2146.733415258337,-4.676502944015404,-231.2516498537292,OnTrack,178.33333333333334,11165.0,100.0,0.0,8,4,4599.503552001706,0.8767029734931342,16.0,1233.4836111111135,interpolation,0 days 00:01:12.740000,72.74,4501.983,0.0
2023-11-25 15:00:02.087,0 days 01:15:02.083000,2108.0,-6.0,-232.0,OnTrack,181.66666666666663,11257.0,100.0,0.0,8,4,4604.482887608982,0.8776520755611216,16.0,1233.794722222225,interpolation,0 days 00:01:12.840000,72.84,4502.083,0.0
2023-11-25 15:00:02.187,0 days 01:15:02.183000,2058.52372635578,-8.80691437408611,-232.13889992816445,OnTrack,185.0,11349.0,100.0,0.0,8,4,4609.142222222223,0.8785401828239475,16.0,1234.1058333333358,interpolation,0 days 00:01:12.940000,72.94,4502.183,0.0
2023-11-25 15:00:02.287,0 days 01:15:02.283000,2004.0,-13.0,-232.0,OnTrack,188.0,11556.0,100.0,0.0,8,4,4613.390035717352,0.8793498507978756,16.0,1234.3391666666694,interpolation,0 days 00:01:13.040000,73.04,4502.283,0.0
2023-11-25 15:00:02.387,0 days 01:15:02.383000,1950.1242266069837,-18.482010811467934,-231.9149505772841,OnTrack,191.0,11763.0,100.0,0.0,8,4,4617.624108536327,0.8801568996866123,16.0,1234.572500000003,interpolation,0 days 00:01:13.140000,73.14,4502.383,0.0
2023-11-25 15:00:02.487,0 days 01:15:02.483000,1897.0,-25.0,-232.0,OnTrack,194.0,11970.0,100.0,0.0,8,4,4624.231111111111,0.8814162483832054,16.0,1234.8058333333363,interpolation,0 days 00:01:13.240000,73.24,4502.483,0.0
2023-11-25 15:00:02.587,0 days 01:15:02.583000,1844.7309140023208,-32.30102075710629,-232.3713966081308,OnTrack,197.0,11986.0,100.0,0.0,8,4,4632.9319444444445,0.8830746983374144,16.0,1235.15916666667,interpolation,0 days 00:01:13.340000,73.34,4502.583,0.0
2023-11-25 15:00:02.687,0 days 01:15:02.683000,1793.5660606709444,-40.24594500467433,-232.92100395071284,OnTrack,200.33333333333331,11595.333333333334,100.0,0.0,8,4,4639.665377134106,0.8843581456473468,16.0,1235.1850925925955,interpolation,0 days 00:01:13.440000,73.44,4502.683,0.0
2023-11-25 15:00:02.787,0 days 01:15:02.783000,1745.0,-48.0,-233.0,OnTrack,203.66666666666663,11204.666666666666,100.0,0.0,8,4,4644.18037655064,0.8852187414418807,16.0,1235.211018518521,interpolation,0 days 00:01:13.540000,73.54,4502.783,0.0
2023-11-25 15:00:02.887,0 days 01:15:02.883000,1699.2818265972037,-55.42405624029201,-232.50024719770565,OnTrack,207.0,10814.0,100.0,0.0,8,4,4649.031944444445,0.886143489939303,16.0,1235.2369444444466,interpolation,0 days 00:01:13.640000,73.64,4502.883,0.0
2023-11-25 15:00:02.987,0 days 01:15:02.983000,1636.0,-65.0,-232.0,OnTrack,210.0,10966.0,100.0,0.0,8,4,4654.64591226032,0.8872135580937521,16.0,1235.2091666666688,pos,0 days 00:01:13.740000,73.74,4502.983,0.0
2023-11-25 15:00:03.087,0 days 01:15:03.083000,1544.0,-78.0,-232.0,OnTrack,213.0,11118.0,100.0,0.0,8,5,4660.865277777779,0.8883990199986622,16.0,1235.181388888891,interpolation,0 days 00:01:13.840000,73.84,4503.083,0.0
2023-11-25 15:00:03.187,0 days 01:15:03.183000,1478.82423249882,-87.1657137562002,-232.03516763818223,OnTrack,215.66666666666663,11232.333333333334,100.0,0.0,8,5,4667.533038776334,0.8896699497474676,16.0,1235.0332407407432,interpolation,0 days 00:01:13.940000,73.94,4503.183,0.0
2023-11-25 15:00:03.287,0 days 01:15:03.283000,1449.7298125429977,-91.28741132745586,-232.0279892577576,OnTrack,218.33333333333331,11346.666666666666,100.0,0.0,8,5,4674.45985979175,0.8909902584530511,16.0,1234.8850925925954,interpolation,0 days 00:01:14.040000,74.04,4503.283,0.0
2023-11-25 15:00:03.387,0 days 01:15:03.383000,1417.2704863156755,-95.51540323498354,-232.00681624845413,OnTrack,221.0,11461.0,100.0,0.0,8,5,4680.509722222223,0.8921434116840583,16.0,1234.7369444444475,interpolation,0 days 00:01:14.140000,74.14,4503.383,0.0
2023-11-25 15:00:03.487,0 days 01:15:03.483000,1342.0,-105.0,-232.0,OnTrack,224.0,11495.0,100.0,0.0,8,5,4685.493288664711,0.8930933201838197,16.0,1234.5369444444475,pos,0 days 00:01:14.240000,74.24,4503.483,0.0
2023-11-25 15:00:03.587,0 days 01:15:03.583000,1231.0,-119.0,-232.0,OnTrack,227.0,11529.0,100.0,0.0,8,5,4690.598611111112,0.8940664363731644,16.0,1234.336944444448,interpolation,0 days 00:01:14.340000,74.34,4503.583,0.0
2023-11-25 15:00:03.687,0 days 01:15:03.683000,1126.7601471924177,-133.0682162695884,-231.96157340572685,OnTrack,228.75,11600.0,100.0,0.0,8,5,4697.0137415533245,0.8952892126729213,16.0,1234.0008333333367,interpolation,0 days 00:01:14.440000,74.44,4503.683,0.0
2023-11-25 15:00:03.787,0 days 01:15:03.783000,1038.383621830484,-145.9983736864752,-231.9053110859301,OnTrack,230.5,11671.0,100.0,0.0,8,5,4704.73867999135,0.8967616490830901,16.0,1233.6647222222257,interpolation,0 days 00:01:14.540000,74.54,4503.783,0.0
2023-11-25 15:00:03.887,0 days 01:15:03.883000,978.0,-155.0,-232.0,OnTrack,232.25,11742.0,100.0,0.0,8,5,4712.543583989257,0.8982493275826132,16.0,1233.3286111111142,interpolation,0 days 00:01:14.640000,74.64,4503.883,0.0
2023-11-25 15:00:03.987,0 days 01:15:03.983000,947.6308673647115,-159.60801888291832,-232.2737711638036,OnTrack,234.0,11813.0,100.0,0.0,8,5,4719.198611111112,0.8995178301504324,16.0,1232.992500000003,interpolation,0 days 00:01:14.740000,74.74,4503.983,0.0
2023-11-25 15:00:04.087,0 days 01:15:04.083000,938.8389116485516,-161.19539960915287,-232.68678468659363,OnTrack,236.0,11484.0,100.0,0.0,8,5,4724.703761356917,0.9005671567865481,16.0,1232.6800925925957,interpolation,0 days 00:01:14.840000,74.84,4504.083,0.0
2023-11-25 15:00:04.187,0 days 01:15:04.183000,901.0,-168.0,-233.0,OnTrack,238.0,11155.0,100.0,0.0,8,5,4729.392463260037,0.9014608616948744,16.0,1232.3676851851883,interpolation,0 days 00:01:14.940000,74.94,4504.183,0.0
2023-11-25 15:00:04.287,0 days 01:15:04.283000,825.6767337444697,-181.39480338865985,-233.17357680531285,OnTrack,240.0,10826.0,100.0,0.0,8,5,4735.2652777777785,0.90258026814652,16.0,1232.0552777777812,interpolation,0 days 00:01:15.040000,75.04,4504.283,0.0
2023-11-25 15:00:04.387,0 days 01:15:04.383000,731.0,-198.0,-233.0,OnTrack,242.0,10917.666666666666,100.0,0.0,8,5,4742.655630029217,0.9039889296946076,16.0,1231.2886111111145,interpolation,0 days 00:01:15.140000,75.14,4504.383,0.0
2023-11-25 15:00:04.487,0 days 01:15:04.483000,635.1006858846306,-214.43578005888816,-232.2717544815293,OnTrack,244.0,11009.333333333334,100.0,0.0,8,5,4751.327557491395,0.9056418699534968,16.0,1230.5219444444476,interpolation,0 days 00:01:15.240000,75.24,4504.483,0.0
2023-11-25 15:00:04.587,0 days 01:15:04.583000,540.4638758206214,-230.280020955672,-231.0831453156705,OnTrack,246.0,11101.0,100.0,0.0,8,5,4759.865277777779,0.9072692292276664,16.0,1229.755277777781,interpolation,0 days 00:01:15.340000,75.34,4504.583,0.0
2023-11-25 15:00:04.687,0 days 01:15:04.683000,462.0,-243.0,-230.0,OnTrack,247.66666666666663,11158.0,100.0,0.0,8,5,4768.032825949145,0.9088260306709156,16.0,1228.8663888888923,interpolation,0 days 00:01:15.440000,75.44,4504.683,0.0
2023-11-25 15:00:04.787,0 days 01:15:04.783000,402.19411739789217,-252.1735989047333,-229.1166226346085,OnTrack,249.33333333333331,11215.0,100.0,0.0,8,6,4775.7100885890695,0.9102893796842628,16.0,1227.9775000000045,interpolation,0 days 00:01:15.540000,75.54,4504.783,0.0
2023-11-25 15:00:04.887,0 days 01:15:04.883000,361.046228014298,-257.8008176698719,-228.43301321949608,OnTrack,251.0,11272.0,100.0,0.0,8,6,4782.176388888889,0.9115219093771434,16.0,1227.0886111111158,interpolation,0 days 00:01:15.640000,75.64,4504.883,0.0
2023-11-25 15:00:04.987,0 days 01:15:04.983000,319.1252246235548,-260.7776276000745,-227.53289719463555,OnTrack,251.75,11300.75,100.0,0.0,8,6,4787.311614662138,0.912500725385016,16.0,1226.3108333333378,interpolation,0 days 00:01:15.740000,75.74,4504.983,0.0
2023-11-25 15:00:05.087,0 days 01:15:05.083000,257.0,-262.0,-226.0,OnTrack,252.5,11329.5,100.0,0.0,8,6,4791.115765908816,0.9132258277078804,16.0,1225.5330555555597,interpolation,0 days 00:01:15.840000,75.84,4505.083,0.0
2023-11-25 15:00:05.187,0 days 01:15:05.183000,176.0,-260.0,-224.0,OnTrack,253.25,11358.25,100.0,0.0,8,6,4796.094673089973,0.9141748481143476,16.0,1224.7552777777817,interpolation,0 days 00:01:15.940000,75.94,4505.183,0.0
2023-11-25 15:00:05.287,0 days 01:15:05.283000,84.10185892131646,-245.97006347699028,-222.526962291478,OnTrack,254.0,11387.0,100.0,0.0,8,6,4804.754166666668,0.9158254183730288,16.0,1223.9775000000036,interpolation,0 days 00:01:16.040000,76.04,4505.283,0.0
2023-11-25 15:00:05.387,0 days 01:15:05.383000,-13.76491762233493,-220.50709749106983,-221.67336287550657,OnTrack,255.0,11456.0,100.0,0.0,8,6,4816.087500000001,0.9179856443453724,16.0,1222.377500000004,interpolation,0 days 00:01:16.140000,76.14,4505.383,0.0
2023-11-25 15:00:05.487,0 days 01:15:05.483000,-96.0,-196.0,-221.0,OnTrack,255.5,11489.0,100.0,0.0,8,6,4824.054224183754,0.9195041670950408,16.0,1221.3497222222263,interpolation,0 days 00:01:16.240000,76.24,4505.483,0.0
2023-11-25 15:00:05.587,0 days 01:15:05.583000,-159.00335170543622,-174.5135767582329,-220.43367374772896,OnTrack,256.0,11522.0,100.0,0.0,8,6,4830.309722222223,0.920696516153804,16.0,1220.3219444444485,interpolation,0 days 00:01:16.340000,76.34,4505.583,0.0
2023-11-25 15:00:05.687,0 days 01:15:05.683000,-202.7749727386436,-156.0478277657684,-219.97438411869337,OnTrack,256.0,11553.0,100.0,0.0,8,6,4837.516113449572,0.9220701132269972,16.0,1219.3219444444485,interpolation,0 days 00:01:16.440000,76.44,4505.683,0.0
2023-11-25 15:00:05.787,0 days 01:15:05.783000,-230.52689818387483,-139.73176440368232,-219.61258167493887,OnTrack,256.0,11584.0,100.0,0.0,8,6,4844.531944444446,0.9234073879622358,16.0,1218.3219444444485,interpolation,0 days 00:01:16.540000,76.54,4505.783,0.0
2023-11-25 15:00:05.887,0 days 01:15:05.883000,-261.5312398732664,-120.33948171510838,-219.29097008209737,OnTrack,256.0,11534.5,100.0,0.0,8,6,4850.215761785492,0.9244907700071344,16.0,1217.544166666671,interpolation,0 days 00:01:16.640000,76.64,4505.883,0.0
2023-11-25 15:00:05.987,0 days 01:15:05.983000,-299.0,-97.0,-219.0,OnTrack,256.0,11485.0,100.0,0.0,8,6,4855.909722222224,0.9255760854089812,16.0,1216.7663888888928,pos,0 days 00:01:16.740000,76.74,4505.983,0.0
2023-11-25 15:00:06.087,0 days 01:15:06.083000,-342.9331785640758,-69.7133192583573,-218.73967142864697,OnTrack,257.0,11516.0,100.0,0.0,8,6,4862.955982504156,0.9269191602150624,16.0,1215.7663888888928,interpolation,0 days 00:01:16.840000,76.84,4506.083,0.0
2023-11-25 15:00:06.187,0 days 01:15:06.183000,-409.0,-11.0,-219.0,OnTrack,258.0,11547.0,100.0,0.0,8,6,4870.2430555555575,0.928308135903416,16.0,1214.7663888888928,interpolation,0 days 00:01:16.940000,76.94,4506.183,0.0
2023-11-25 15:00:06.287,0 days 01:15:06.283000,-502.0,93.0,-220.0,OnTrack,258.3333333333333,11371.0,100.0,0.0,8,6,4876.659454300702,0.9295311539520787,16.0,1213.9108333333377,interpolation,0 days 00:01:17.040000,77.04,4506.283,0.0
2023-11-25 15:00:06.387,0 days 01:15:06.383000,-556.7147121924264,160.5698787608188,-220.1136550273316,OnTrack,258.6666666666667,11195.0,100.0,0.0,8,6,4882.594876861731,0.930662494008535,16.0,1213.0552777777823,interpolation,0 days 00:01:17.140000,77.14,4506.383,0.0
2023-11-25 15:00:06.487,0 days 01:15:06.483000,-571.6433186593412,189.24998786363227,-219.3067470637039,OnTrack,259.0,11019.0,100.0,0.0,8,6,4890.387500000001,0.9321478316758272,16.0,1212.1997222222271,interpolation,0 days 00:01:17.240000,77.24,4506.483,0.0
2023-11-25 15:00:06.587,0 days 01:15:06.583000,-603.0,246.0,-219.0,OnTrack,259.5,10700.5,100.0,0.0,8,6,4900.427017847167,0.9340614458408208,16.0,1210.9941666666714,pos,0 days 00:01:17.340000,77.34,4506.583,0.0
2023-11-25 15:00:06.687,0 days 01:15:06.683000,-660.1538342837947,341.97991775753337,-219.4302023637202,OnTrack,260.0,10382.0,100.0,0.0,8,6,4910.609722222223,0.9360023525284408,16.0,1209.7886111111156,interpolation,0 days 00:01:17.440000,77.44,4506.683,0.0
2023-11-25 15:00:06.787,0 days 01:15:06.783000,-717.0,436.0,-220.0,OnTrack,260.6,10428.0,100.0,0.0,8,6,4918.831904944166,0.9375695677636148,16.0,1209.055277777782,interpolation,0 days 00:01:17.540000,77.54,4506.783,0.0
2023-11-25 15:00:06.887,0 days 01:15:06.883000,-747.4336756378905,486.8705055911674,-220.1120387539748,OnTrack,261.2,10474.0,100.0,0.0,8,7,4925.093566012999,0.9387630915463414,16.0,1208.3219444444485,interpolation,0 days 00:01:17.640000,77.64,4506.883,0.0
2023-11-25 15:00:06.987,0 days 01:15:06.983000,-769.0,523.0,-220.0,OnTrack,261.8,10520.0,100.0,0.0,8,7,4929.820257066405,0.9396640374972368,16.0,1207.588611111115,interpolation,0 days 00:01:17.740000,77.74,4506.983,0.0
2023-11-25 15:00:07.087,0 days 01:15:07.083000,-799.2441118888626,572.7970486954616,-219.89756511243095,OnTrack,262.4,10566.0,100.0,0.0,8,7,4935.565274857608,0.94075908484819,16.0,1206.855277777781,interpolation,0 days 00:01:17.840000,77.84,4507.083,0.0
2023-11-25 15:00:07.187,0 days 01:15:07.183000,-837.0,636.0,-220.0,OnTrack,263.0,10612.0,100.0,0.0,8,7,4942.754166666668,0.9421293463892164,16.0,1206.1219444444478,interpolation,0 days 00:01:17.940000,77.94,4507.183,0.0
2023-11-25 15:00:07.287,0 days 01:15:07.283000,-881.1016530289347,712.3472022360625,-220.5025705714393,OnTrack,264.6666666666667,10507.0,66.66666666666666,0.0,8,7,4951.386932493586,0.9437748221203168,16.0,1205.0552777777812,interpolation,0 days 00:01:18.040000,78.04,4507.283,0.0
2023-11-25 15:00:07.387,0 days 01:15:07.383000,-924.0,789.0,-221.0,OnTrack,266.3333333333333,10402.0,33.33333333333333,0.0,8,7,4961.08246886705,0.9456228706047078,16.0,1203.9886111111146,interpolation,0 days 00:01:18.140000,78.14,4507.383,0.0
2023-11-25 15:00:07.487,0 days 01:15:07.483000,-958.1459699375296,853.1197378881637,-221.0870114589332,OnTrack,268.0,10297.0,0.0,0.0,8,7,4969.554166666669,0.9472376454532296,16.0,1202.921944444448,interpolation,0 days 00:01:18.240000,78.24,4507.483,0.0
2023-11-25 15:00:07.587,0 days 01:15:07.583000,-989.0,921.0,-221.0,OnTrack,255.66666666666663,10219.0,0.0,0.0,8,7,4976.420926323609,0.9485465059729444,16.0,1203.1293518518553,interpolation,0 days 00:01:18.340000,78.34,4507.583,0.0
2023-11-25 15:00:07.687,0 days 01:15:07.683000,-1022.0225273458886,1008.9343704349558,-220.97536067496168,OnTrack,243.33333333333331,10141.0,0.0,1.0,8,7,4981.925102802172,0.9495956470010642,16.0,1203.3367592592629,interpolation,0 days 00:01:18.440000,78.44,4507.683,0.0
2023-11-25 15:00:07.787,0 days 01:15:07.783000,-1055.26098154512,1109.4822197652993,-221.00051583793453,OnTrack,231.0,10063.0,0.0,1.0,8,7,4987.520833333336,0.950662238979975,16.0,1203.5441666666702,interpolation,0 days 00:01:18.540000,78.54,4507.783,0.0
2023-11-25 15:00:07.887,0 days 01:15:07.883000,-1077.0,1178.0,-221.0,OnTrack,218.33333333333331,10317.0,0.0,1.0,8,7,4993.450475363129,0.9517924772199275,16.0,1204.7589814814849,interpolation,0 days 00:01:18.640000,78.64,4507.883,0.0
2023-11-25 15:00:07.987,0 days 01:15:07.983000,-1085.2870322746717,1207.047157902981,-220.9612356440689,OnTrack,205.66666666666663,10571.0,0.0,1.0,8,7,4999.53234993479,0.9529517322267133,16.0,1205.9737962962995,interpolation,0 days 00:01:18.740000,78.74,4507.983,0.0
2023-11-25 15:00:08.087,0 days 01:15:08.083000,-1089.0,1232.0,-221.0,OnTrack,193.0,10825.0,0.0,1.0,8,7,5004.676388888891,0.9539322280988956,16.0,1207.1886111111144,interpolation,0 days 00:01:18.840000,78.84,4508.083,0.0
2023-11-25 15:00:08.187,0 days 01:15:08.183000,-1097.0168248068503,1288.2348328168125,-221.2320702976524,OnTrack,184.0,11114.5,0.0,1.0,8,7,5008.700915129053,0.95469933569687,16.0,1208.4552777777817,interpolation,0 days 00:01:18.940000,78.94,4508.183,0.0
2023-11-25 15:00:08.287,0 days 01:15:08.283000,-1108.3417272424815,1368.9127385181353,-221.6267656730702,OnTrack,175.0,11404.0,0.0,1.0,8,6,5012.454166666668,0.9554147361191316,16.0,1209.721944444449,interpolation,0 days 00:01:19.040000,79.04,4508.283,0.0
2023-11-25 15:00:08.387,0 days 01:15:08.383000,-1117.0,1433.0,-222.0,OnTrack,167.5,11276.5,0.0,1.0,8,6,5016.7843815131255,0.9562401104641738,16.0,1211.6108333333382,interpolation,0 days 00:01:19.140000,79.14,4508.383,0.0
2023-11-25 15:00:08.487,0 days 01:15:08.483000,-1121.9958534298314,1473.6576293962466,-222.32109210031248,OnTrack,160.0,11149.0,0.0,1.0,8,4,5021.343055555557,0.9571090309994011,16.0,1213.499722222227,interpolation,0 days 00:01:19.240000,79.24,4508.483,0.0
2023-11-25 15:00:08.587,0 days 01:15:08.583000,-1123.3292875319755,1490.8856267068754,-222.5900419740076,OnTrack,155.66666666666666,10718.666666666666,0.0,1.0,8,4,5025.781684681092,0.9579550699922176,16.0,1215.7219444444493,interpolation,0 days 00:01:19.340000,79.34,4508.583,0.0
2023-11-25 15:00:08.687,0 days 01:15:08.683000,-1122.498077868132,1502.6708106640665,-222.8139708606989,OnTrack,151.33333333333334,10288.333333333334,0.0,1.0,8,4,5030.112592629973,0.9587805764482472,16.0,1217.9441666666714,interpolation,0 days 00:01:19.440000,79.44,4508.683,0.0
2023-11-25 15:00:08.787,0 days 01:15:08.783000,-1121.0,1527.0,-223.0,OnTrack,147.0,9858.0,0.0,1.0,8,4,5034.409722222224,0.9595996444733976,16.0,1220.1663888888934,interpolation,0 days 00:01:19.540000,79.54,4508.783,0.0
2023-11-25 15:00:08.887,0 days 01:15:08.883000,-1118.8350539275802,1563.8731947146769,-223.14812939191103,OnTrack,143.66666666666666,9655.666666666666,0.0,1.0,8,4,5038.68539732428,0.9604146230973476,16.0,1222.5367592592636,interpolation,0 days 00:01:19.640000,79.64,4508.883,0.0
2023-11-25 15:00:08.987,0 days 01:15:08.983000,-1116.2805120228618,1609.1513139822755,-223.2216156961748,OnTrack,140.33333333333334,9453.333333333334,0.0,1.0,8,3,5042.874630596783,0.9612131252020066,16.0,1224.9071296296336,interpolation,0 days 00:01:19.740000,79.74,4508.983,0.0
2023-11-25 15:00:09.087,0 days 01:15:09.083000,-1115.0,1638.0,-223.0,OnTrack,137.0,9251.0,0.0,1.0,8,3,5046.5875000000015,0.9619208284593672,16.0,1227.2775000000038,interpolation,0 days 00:01:19.840000,79.84,4509.083,0.0
2023-11-25 15:00:09.187,0 days 01:15:09.183000,-1115.2707873917302,1646.280214326,-222.4465393393795,OnTrack,135.0,9212.5,1.25,1.0,8,3,5049.759018860045,0.9625253458781832,16.0,1229.1826388888926,interpolation,0 days 00:01:19.940000,79.94,4509.183,0.0
2023-11-25 15:00:09.287,0 days 01:15:09.283000,-1113.0,1661.0,-222.0,OnTrack,133.0,9174.0,2.5,0.0,8,3,5052.389187176914,0.963026677458454,16.0,1231.0877777777814,interpolation,0 days 00:01:20.040000,80.04,4509.283,0.0
2023-11-25 15:00:09.387,0 days 01:15:09.383000,-1105.0,1704.0,-222.0,OnTrack,131.0,9135.5,3.75,0.0,8,3,5054.97622023866,0.9635197871065094,16.0,1232.9929166666702,interpolation,0 days 00:01:20.140000,80.14,4509.383,0.0
2023-11-25 15:00:09.487,0 days 01:15:09.483000,-1096.7021778224132,1744.2759726976385,-221.8516527799143,OnTrack,129.0,9097.0,5.0,0.0,8,3,5058.018333333335,0.9640996387286792,16.0,1234.898055555559,interpolation,0 days 00:01:20.240000,80.24,4509.483,0.0
2023-11-25 15:00:09.587,0 days 01:15:09.583000,-1089.011760570908,1776.6605709450955,-221.4558110874677,OnTrack,129.0,9049.0,26.5,0.0,8,3,5061.51552646094,0.9647662323249636,16.0,1237.2869444444475,interpolation,0 days 00:01:20.340000,80.34,4509.583,0.0
2023-11-25 15:00:09.687,0 days 01:15:09.683000,-1077.315463033949,1805.714883720005,-221.08206385128727,OnTrack,129.0,9001.0,48.0,0.0,8,3,5065.185000000002,0.9654656639758968,16.0,1239.6758333333364,interpolation,0 days 00:01:20.440000,80.44,4509.683,0.0
2023-11-25 15:00:09.787,0 days 01:15:09.783000,-1057.0,1836.0,-221.0,OnTrack,127.5,9234.5,54.0,0.0,8,3,5068.743954329053,0.9661440297620144,16.0,1242.0647222222256,pos,0 days 00:01:20.540000,80.54,4509.783,0.0
2023-11-25 15:00:09.887,0 days 01:15:09.883000,-1028.0653714690611,1867.5159197850808,-221.2096195336059,OnTrack,126.0,9468.0,60.0,0.0,8,3,5072.185000000002,0.9667999211941092,16.0,1244.4536111111147,interpolation,0 days 00:01:20.640000,80.64,4509.883,0.0
2023-11-25 15:00:09.987,0 days 01:15:09.983000,-991.9184024746104,1899.2359540296604,-221.65493239927096,OnTrack,128.0,9667.0,66.5,0.0,8,3,5075.500747564762,0.967431929782974,16.0,1246.7313888888923,interpolation,0 days 00:01:20.740000,80.74,4509.983,0.0
2023-11-25 15:00:10.087,0 days 01:15:10.083000,-957.0,1925.0,-222.0,OnTrack,130.0,9866.0,73.0,0.0,8,3,5079.407222222225,0.9681765357843284,16.0,1249.0091666666704,interpolation,0 days 00:01:20.840000,80.84,4510.083,0.0
2023-11-25 15:00:10.187,0 days 01:15:10.183000,-924.7169746728932,1943.781379163756,-222.18883285629423,OnTrack,133.5,10465.5,84.0,0.0,8,3,5084.6204491712815,0.969170219453894,16.0,1251.886944444448,interpolation,0 days 00:01:20.940000,80.94,4510.183,0.0
2023-11-25 15:00:10.287,0 days 01:15:10.283000,-895.0693264932901,1955.580091520927,-222.22143096815364,OnTrack,137.0,11065.0,95.0,0.0,8,3,5090.062777777781,0.970207571772052,16.0,1254.7647222222258,interpolation,0 days 00:01:21.040000,81.04,4510.283,0.0
2023-11-25 15:00:10.387,0 days 01:15:10.383000,-866.8995049263008,1961.2329313888945,-222.1225217633765,OnTrack,141.25,11350.0,96.25,0.0,8,3,5094.656557407577,0.9710831837191848,16.0,1256.1397222222258,interpolation,0 days 00:01:21.140000,81.14,4510.383,0.0
2023-11-25 15:00:10.487,0 days 01:15:10.483000,-833.262242322415,1965.7606389657017,-222.0404690491284,OnTrack,145.5,11635.0,97.5,0.0,8,3,5098.401788060666,0.9717970552952928,16.0,1257.5147222222258,interpolation,0 days 00:01:21.240000,81.24,4510.483,0.0
2023-11-25 15:00:10.587,0 days 01:15:10.583000,-793.0,1970.0,-222.0,OnTrack,149.75,11920.0,98.75,0.0,8,3,5101.827513572313,0.9724500265797972,16.0,1258.8897222222258,interpolation,0 days 00:01:21.340000,81.34,4510.583,0.0
2023-11-25 15:00:10.687,0 days 01:15:10.683000,-746.1127779590554,1973.9510144917888,-222.00111461599136,OnTrack,154.0,12205.0,100.0,0.0,8,3,5105.4627777777805,0.9731429376521192,16.0,1260.2647222222258,interpolation,0 days 00:01:21.440000,81.44,4510.683,0.0
2023-11-25 15:00:10.787,0 days 01:15:10.783000,-693.5490911347705,1977.726126841784,-222.02958008815085,OnTrack,158.33333333333334,11785.0,100.0,0.0,8,3,5109.3075806770685,0.9738757885122588,16.0,1261.3314814814848,interpolation,0 days 00:01:21.540000,81.54,4510.783,0.0
2023-11-25 15:00:10.887,0 days 01:15:10.883000,-641.0,1982.0,-222.0,OnTrack,162.66666666666666,11365.0,100.0,0.0,8,3,5113.458838939194,0.9746670522695308,16.0,1262.398240740744,interpolation,0 days 00:01:21.640000,81.64,4510.883,0.0
2023-11-25 15:00:10.987,0 days 01:15:10.983000,-589.4140097771901,1986.8850772157289,-221.89814168833053,OnTrack,167.0,10945.0,100.0,0.0,8,3,5118.498055555559,0.9756275681473198,16.0,1263.4650000000029,interpolation,0 days 00:01:21.740000,81.74,4510.983,0.0
2023-11-25 15:00:11.087,0 days 01:15:11.083000,-538.7765280642104,1992.327042694399,-221.78205046674307,OnTrack,171.5,11079.0,100.0,0.0,8,3,5124.522148187612,0.976775809444105,16.0,1264.5650000000037,interpolation,0 days 00:01:21.840000,81.84,4511.083,0.0
2023-11-25 15:00:11.187,0 days 01:15:11.183000,-489.0,1998.0,-222.0,OnTrack,176.0,11213.0,100.0,0.0,8,3,5130.231388888891,0.9778640373892756,16.0,1265.6650000000045,interpolation,0 days 00:01:21.940000,81.94,4511.183,0.0
2023-11-25 15:00:11.287,0 days 01:15:11.283000,-440.0698330330018,2003.8496327817647,-222.6100361960892,OnTrack,179.5,11325.5,100.0,0.0,8,3,5134.326049712933,0.97864451321222,16.0,1266.242777777782,interpolation,0 days 00:01:22.040000,82.04,4511.283,0.0
2023-11-25 15:00:11.387,0 days 01:15:11.383000,-391.9860271632157,2009.875941039694,-223.6121590550106,OnTrack,183.0,11438.0,100.0,0.0,8,4,5138.364722222224,0.9794143172047224,16.0,1266.8205555555596,interpolation,0 days 00:01:22.140000,82.14,4511.383,0.0
2023-11-25 15:00:11.487,0 days 01:15:11.483000,-348.4092077118217,2015.214278777776,-224.55820238642676,OnTrack,187.66666666666663,11631.666666666666,100.0,0.0,8,4,5143.905997979252,0.980470529658568,16.0,1267.1761111111148,interpolation,0 days 00:01:22.240000,82.24,4511.483,0.0
2023-11-25 15:00:11.587,0 days 01:15:11.583000,-313.0,2019.0,-225.0,OnTrack,192.33333333333331,11825.333333333334,100.0,0.0,8,4,5150.547594954989,0.9817364723307588,16.0,1267.5316666666702,interpolation,0 days 00:01:22.340000,82.34,4511.583,0.0
2023-11-25 15:00:11.687,0 days 01:15:11.683000,-285.75840402775043,2021.2331047063656,-224.9375518957304,OnTrack,197.0,12019.0,100.0,0.0,8,4,5155.875833333336,0.982752078118854,16.0,1267.887222222225,interpolation,0 days 00:01:22.440000,82.44,4511.683,0.0
2023-11-25 15:00:11.787,0 days 01:15:11.783000,-232.0,2024.0,-226.0,OnTrack,198.5,11459.0,100.0,0.0,8,4,5159.488435204615,0.9834406695650372,16.0,1268.109444444448,interpolation,0 days 00:01:22.540000,82.54,4511.783,0.0
2023-11-25 15:00:11.887,0 days 01:15:11.883000,-117.04036812167584,2029.3870929840296,-229.8164862391908,OnTrack,200.0,10899.0,100.0,0.0,8,4,5164.764722222225,0.9844463729991236,16.0,1268.3316666666706,interpolation,0 days 00:01:22.640000,82.64,4511.883,0.0
2023-11-25 15:00:11.987,0 days 01:15:11.983000,3.0,2035.0,-234.0,OnTrack,204.0,10647.0,100.0,0.0,8,4,5173.831388888892,0.9861745537769988,16.0,1268.598333333337,interpolation,0 days 00:01:22.740000,82.74,4511.983,0.0
2023-11-25 15:00:12.087,0 days 01:15:12.083000,72.0006127578055,2038.444337389456,-236.16353066912487,OnTrack,207.0,10737.0,100.0,0.0,8,4,5179.172710781139,0.9871926533897888,16.0,1268.5983333333363,interpolation,0 days 00:01:22.840000,82.84,4512.083,0.0
2023-11-25 15:00:12.187,0 days 01:15:12.183000,89.96147015174066,2039.720105152399,-236.30707824656545,OnTrack,210.0,10827.0,100.0,0.0,8,5,5183.1647222222255,0.9879535634012822,16.0,1268.598333333336,interpolation,0 days 00:01:22.940000,82.94,4512.183,0.0
2023-11-25 15:00:12.287,0 days 01:15:12.283000,99.19159246980549,2040.635820339142,-235.79708670072324,OnTrack,213.0,11001.0,100.0,0.0,8,5,5189.436071859244,0.9891489339043004,16.0,1268.165000000003,interpolation,0 days 00:01:23.040000,83.04,4512.283,0.0
2023-11-25 15:00:12.387,0 days 01:15:12.383000,142.0,2043.0,-236.0,OnTrack,216.0,11175.0,100.0,0.0,8,5,5197.569862324875,0.9906993008528998,16.0,1267.73166666667,interpolation,0 days 00:01:23.140000,83.14,4512.383,0.0
2023-11-25 15:00:12.487,0 days 01:15:12.483000,218.38669274232427,2046.8126441349727,-236.9158181443957,OnTrack,219.0,11349.0,100.0,0.0,8,5,5205.064722222225,0.9921278824125468,16.0,1267.2983333333368,interpolation,0 days 00:01:23.240000,83.24,4512.483,0.0
2023-11-25 15:00:12.587,0 days 01:15:12.583000,300.0,2051.0,-238.0,OnTrack,220.5,11432.5,100.0,0.0,8,5,5211.503758452978,0.9933552153510058,16.0,1266.7705555555594,interpolation,0 days 00:01:23.340000,83.34,4512.583,0.0
2023-11-25 15:00:12.687,0 days 01:15:12.683000,358.4882510762493,2054.4883148510207,-238.7080044329026,OnTrack,222.0,11516.0,100.0,0.0,8,5,5217.398055555558,0.994478716558921,16.0,1266.242777777782,interpolation,0 days 00:01:23.440000,83.44,4512.683,0.0
2023-11-25 15:00:12.787,0 days 01:15:12.783000,393.851445971072,2057.2775886880354,-239.0398314431035,OnTrack,225.0,11445.4,100.0,0.0,8,5,5223.258698068389,0.9955958029269364,16.0,1266.242777777782,interpolation,0 days 00:01:23.540000,83.54,4512.783,0.0
2023-11-25 15:00:12.887,0 days 01:15:12.883000,412.7619296117659,2059.9097727266017,-239.0443509129311,OnTrack,228.0,11374.8,100.0,0.0,8,5,5229.085685991472,0.996706474455052,16.0,1266.242777777782,interpolation,0 days 00:01:23.640000,83.64,4512.883,0.0
2023-11-25 15:00:12.987,0 days 01:15:12.983000,455.25397653725526,2065.636590908867,-239.0147836376437,OnTrack,231.0,11304.2,100.0,0.0,8,5,5234.879019324806,0.9978107311432676,16.0,1266.242777777782,interpolation,0 days 00:01:23.740000,83.74,4512.983,0.0
2023-11-25 15:00:13.087,0 days 01:15:13.083000,528.0,2075.0,-239.0,OnTrack,234.0,11233.6,100.0,0.0,8,5,5240.638698068391,0.998908572991584,16.0,1266.242777777782,pos,0 days 00:01:23.840000,83.84,4513.083,0.0
2023-11-25 15:00:13.187,0 days 01:15:13.183000,631.0,2088.0,-239.0,OnTrack,237.0,11163.0,100.0,0.0,8,5,5246.364722222225,1.0,16.0,1266.242777777782,interpolation,0 days 00:01:23.940000,83.94,4513.183,0.0
2023-11-25 15:00:13.215,0 days 01:15:13.211000,665.261620774914,2092.2916811918776,-239.0026513163488,OnTrack,237.0,11163.0,100.0,0.0,8,5,5247.961989351526,1.0003044521709548,16.0,1266.242777777782,interpolation,0 days 00:01:23.968000,83.968,4513.211,0.0
