Date,SessionTime,X,Y,Z,Status,Speed,RPM,Throttle,Brake,DRS,nGear,Distance,RelativeDistance,DriverAhead,DistanceToDriverAhead,Source,Time,TimeSeconds,SessionTimeSeconds,DRSActive
2023-11-25 14:16:41.005,0 days 00:31:41.001000,628.0206412530674,2087.3539133789727,-238.98821431853057,OnTrack,238.6,10729.52,100.0,0.0,8,5,5.839716595960068,0.0011136577032288,,359.9669444444445,interpolation,0 days 00:00:00,0.0,1901.001,0.0
2023-11-25 14:16:41.069,0 days 00:31:41.065000,674.0,2093.0,-239.0,OnTrack,239.66666666666663,10819.333333333334,100.0,0.0,8,5,10.4757136977279,0.0019977612037484,,359.9669444444445,interpolation,0 days 00:00:00.064000,0.064,1901.065,0.0
2023-11-25 14:16:41.169,0 days 00:31:41.165000,755.4426750924897,2102.8091309260226,-239.02656518752624,OnTrack,241.33333333333331,10959.666666666666,100.0,0.0,8,6,17.75303220177027,0.0033855754371452,,359.9669444444445,interpolation,0 days 00:00:00.164000,0.164,1901.165,0.0
2023-11-25 14:16:41.269,0 days 00:31:41.265000,833.0,2112.0,-239.0,OnTrack,243.0,11100.0,100.0,0.0,8,6,24.84777777777777,0.0047385722706963,,359.9669444444445,interpolation,0 days 00:00:00.264000,0.264,1901.265,0.0
2023-11-25 14:16:41.369,0 days 00:31:41.365000,890.9095545005555,2118.730692999477,-238.8565479873582,OnTrack,244.5,11242.5,100.0,0.0,8,6,31.72129137166425,0.0060493792655727,,357.6891666666668,interpolation,0 days 00:00:00.364000,0.364,1901.365,0.0
2023-11-25 14:16:41.469,0 days 00:31:41.465000,934.584095705104,2123.6332619957484,-238.62743331320925,OnTrack,246.0,11385.0,100.0,0.0,8,6,38.51444444444444,0.0073448611822719,3.0,355.411388888889,interpolation,0 days 00:00:00.464000,0.464,1901.465,0.0
2023-11-25 14:16:41.569,0 days 00:31:41.565000,996.5,2130.5,-238.5,OnTrack,248.5,11476.5,100.0,0.0,8,6,45.368108457133104,0.0086518827812916,3.0,352.9947222222223,pos,0 days 00:00:00.564000,0.564,1901.565,0.0
2023-11-25 14:16:41.669,0 days 00:31:41.665000,1082.069969069842,2139.9629526113454,-238.50547189160503,OnTrack,251.0,11568.0,100.0,0.0,8,6,52.45888888888888,0.0100041234457088,3.0,350.57805555555564,interpolation,0 days 00:00:00.664000,0.664,1901.665,0.0
2023-11-25 14:16:41.769,0 days 00:31:41.765000,1191.29400291463,2152.022119829786,-238.64384898802436,OnTrack,252.0,11523.0,100.0,0.0,8,6,59.96339121887044,0.0114352625586008,3.0,348.0299074074075,interpolation,0 days 00:00:00.764000,0.764,1901.765,0.0
2023-11-25 14:16:41.869,0 days 00:31:41.865000,1298.996035302103,2163.945227133333,-238.83530159043144,OnTrack,253.0,11478.0,100.0,0.0,8,6,67.7508497926656,0.0129203625778865,3.0,345.4817592592593,interpolation,0 days 00:00:00.864000,0.864,1901.865,0.0
2023-11-25 14:16:41.969,0 days 00:31:41.965000,1380.0,2173.0,-239.0,OnTrack,254.0,11433.0,100.0,0.0,8,6,75.03666666666666,0.0143097974849947,3.0,342.9336111111112,interpolation,0 days 00:00:00.964000,0.964,1901.965,0.0
2023-11-25 14:16:42.069,0 days 00:31:42.065000,1434.3058970083205,2179.186438429787,-239.13794421672992,OnTrack,256.3333333333333,11033.0,100.0,0.0,8,6,81.69007484741425,0.0155786294824827,3.0,340.8076851851853,interpolation,0 days 00:00:01.064000,1.064,1902.065,0.0
2023-11-25 14:16:42.169,0 days 00:31:42.165000,1461.9137263270643,2182.504542422694,-239.24913424062123,OnTrack,258.6666666666667,10633.0,100.0,0.0,8,6,87.95963090970275,0.0167742593199688,3.0,338.6817592592593,interpolation,0 days 00:00:01.164000,1.164,1902.165,0.0
2023-11-25 14:16:42.269,0 days 00:31:42.265000,1489.5646924822763,2185.820375204254,-239.48575714420195,OnTrack,261.0,10233.0,100.0,0.0,8,6,95.33666666666666,0.018181090039018,3.0,336.5558333333334,interpolation,0 days 00:00:01.264000,1.264,1902.265,0.0
2023-11-25 14:16:42.369,0 days 00:31:42.365000,1544.0,2192.0,-240.0,OnTrack,262.0,10491.0,100.0,0.0,8,6,104.06973614789403,0.0198465219038674,3.0,333.98916666666673,pos,0 days 00:00:01.364000,1.364,1902.365,0.0
2023-11-25 14:16:42.469,0 days 00:31:42.465000,1625.219648880235,2201.043416809932,-240.79186280801537,OnTrack,263.0,10749.0,100.0,0.0,8,7,112.87,0.0215247680085028,3.0,331.4225000000001,interpolation,0 days 00:00:01.464000,1.464,1902.465,0.0
2023-11-25 14:16:42.569,0 days 00:31:42.565000,1704.0,2210.0,-241.0,OnTrack,264.5,10765.5,100.0,0.0,8,7,120.44861886959956,0.0229700414469097,3.0,329.31138888888904,interpolation,0 days 00:00:01.564000,1.564,1902.565,0.0
2023-11-25 14:16:42.669,0 days 00:31:42.665000,1762.0,2217.0,-240.0,OnTrack,266.0,10782.0,100.0,0.0,8,7,127.64777777777776,0.0243429503275236,3.0,327.2002777777779,pos,0 days 00:00:01.664000,1.664,1902.665,0.0
2023-11-25 14:16:42.769,0 days 00:31:42.765000,1864.5148291504584,2228.5286399886,-239.2134594831944,OnTrack,267.5,10792.0,100.0,0.0,8,7,135.30966174561956,0.0258041027587795,3.0,325.28361111111127,interpolation,0 days 00:00:01.764000,1.764,1902.765,0.0
2023-11-25 14:16:42.869,0 days 00:31:42.865000,1977.0,2241.0,-239.0,OnTrack,269.0,10802.0,100.0,0.0,8,7,142.5922222222222,0.0271929166576611,3.0,323.3669444444446,interpolation,0 days 00:00:01.864000,1.864,1902.865,0.0
2023-11-25 14:16:42.969,0 days 00:31:42.965000,2054.028550770673,2249.74729507267,-239.48231153473117,OnTrack,270.0,10863.0,100.0,0.0,8,7,148.65341065668295,0.0283488099411518,3.0,321.8780555555557,interpolation,0 days 00:00:01.964000,1.964,1902.965,0.0
2023-11-25 14:16:43.069,0 days 00:31:43.065000,2126.0,2258.0,-240.0,OnTrack,271.0,10924.0,100.0,0.0,8,7,154.63666666666666,0.0294898411943668,3.0,320.3891666666668,interpolation,0 days 00:00:02.064000,2.064,1903.065,0.0
2023-11-25 14:16:43.169,0 days 00:31:43.165000,2223.3138662255024,2268.9875895753794,-239.8926713084188,OnTrack,272.0,10924.0,100.0,0.0,8,7,161.68542986983823,0.0308340690024215,3.0,318.61138888888905,interpolation,0 days 00:00:02.164000,2.164,1903.165,0.0
2023-11-25 14:16:43.269,0 days 00:31:43.265000,2338.6402522428784,2281.9136807837976,-239.29333008567443,OnTrack,273.0,10924.0,100.0,0.0,8,7,169.8033333333333,0.0323821862059934,3.0,316.8336111111113,interpolation,0 days 00:00:02.264000,2.264,1903.265,0.0
2023-11-25 14:16:43.369,0 days 00:31:43.365000,2428.0,2292.0,-239.0,OnTrack,274.0,11023.0,100.0,0.0,8,7,178.99401012428766,0.0341348856457597,3.0,314.9336111111113,interpolation,0 days 00:00:02.364000,2.364,1903.365,0.0
2023-11-25 14:16:43.469,0 days 00:31:43.465000,2484.0632873503287,2298.450172363897,-239.1456843151221,OnTrack,275.0,11122.0,100.0,0.0,8,7,188.13666666666663,0.0358784274288387,3.0,313.0336111111113,interpolation,0 days 00:00:02.464000,2.464,1903.465,0.0
2023-11-25 14:16:43.569,0 days 00:31:43.565000,2514.5744788784978,2302.103964282989,-239.64659485617696,OnTrack,276.0,11147.0,100.0,0.0,8,7,196.11050938443583,0.0373990716623487,3.0,311.5613888888891,interpolation,0 days 00:00:02.564000,2.564,1903.565,0.0
2023-11-25 14:16:43.669,0 days 00:31:43.665000,2566.0,2308.0,-240.0,OnTrack,277.0,11172.0,100.0,0.0,8,7,203.5255555555555,0.0388131511219543,3.0,310.08916666666687,interpolation,0 days 00:00:02.664000,2.664,1903.665,0.0
2023-11-25 14:16:43.769,0 days 00:31:43.765000,2646.0842946021694,2316.9780545216827,-240.12211071373216,OnTrack,278.3333333333333,11212.0,100.0,0.0,8,7,210.9918224579862,0.0402369985833203,3.0,308.79287037037057,interpolation,0 days 00:00:02.764000,2.764,1903.765,0.0
2023-11-25 14:16:43.869,0 days 00:31:43.865000,2749.468543921575,2328.462545885717,-240.04932169371983,OnTrack,279.6666666666667,11252.0,100.0,0.0,8,7,218.4318762065176,0.0416558470896367,3.0,307.49657407407426,interpolation,0 days 00:00:02.864000,2.864,1903.865,0.0
2023-11-25 14:16:43.969,0 days 00:31:43.965000,2844.0,2339.0,-240.0,OnTrack,281.0,11292.0,100.0,0.0,8,7,225.3811111111111,0.0429810944464008,3.0,306.200277777778,interpolation,0 days 00:00:02.964000,2.964,1903.965,0.0
2023-11-25 14:16:44.069,0 days 00:31:44.065000,2924.319898948037,2348.01484079614,-240.01053995623923,OnTrack,282.3333333333333,11314.0,100.0,0.0,8,7,231.76209249362944,0.0441979735455883,3.0,305.0891666666668,interpolation,0 days 00:00:03.064000,3.064,1904.065,0.0
2023-11-25 14:16:44.169,0 days 00:31:44.165000,2990.428240765687,2355.507068274137,-240.0809415624375,OnTrack,283.6666666666667,11336.0,100.0,0.0,8,7,237.748356104036,0.0453395783604349,3.0,303.9780555555556,interpolation,0 days 00:00:03.164000,3.164,1904.165,0.0
2023-11-25 14:16:44.269,0 days 00:31:44.265000,3053.8224622004936,2362.745761615066,-240.110872387417,OnTrack,285.0,11358.0,100.0,0.0,8,7,244.38111111111107,0.0466044717137133,3.0,302.86694444444447,interpolation,0 days 00:00:03.264000,3.264,1904.265,0.0
2023-11-25 14:16:44.369,0 days 00:31:44.365000,3126.0,2371.0,-240.0,OnTrack,285.0,11365.0,100.0,0.0,8,7,251.833891487821,0.0480257472397787,3.0,301.5336111111112,interpolation,0 days 00:00:03.364000,3.364,1904.365,0.0
2023-11-25 14:16:44.469,0 days 00:31:44.465000,3206.9608541642065,2380.2697834289397,-239.74832440018645,OnTrack,285.0,11372.0,100.0,0.0,8,7,260.21444444444444,0.049623952769807,3.0,300.2002777777779,interpolation,0 days 00:00:03.464000,3.464,1904.465,0.0
2023-11-25 14:16:44.569,0 days 00:31:44.565000,3296.4569686968453,2390.4600027355427,-239.3755606803076,OnTrack,285.0,11370.5,100.0,0.0,8,7,269.63051719126025,0.0514196361349739,3.0,298.76694444444456,interpolation,0 days 00:00:03.564000,3.564,1904.565,0.0
2023-11-25 14:16:44.669,0 days 00:31:44.665000,3393.0,2401.0,-239.0,OnTrack,285.0,11369.0,100.0,0.0,8,7,279.21444444444444,0.0532473300371194,3.0,297.3336111111112,interpolation,0 days 00:00:03.664000,3.664,1904.665,0.0
2023-11-25 14:16:44.769,0 days 00:31:44.765000,3496.341889537297,2411.7946650820472,-238.64135765347865,OnTrack,283.0,11049.333333333334,66.66666666666666,0.0,8,7,288.0985609201733,0.0549415671780832,3.0,296.3854629629631,interpolation,0 days 00:00:03.764000,3.764,1904.765,0.0
2023-11-25 14:16:44.869,0 days 00:31:44.865000,3601.7690386292293,2422.271996173824,-238.30243054342412,OnTrack,281.0,10729.666666666666,33.33333333333333,0.0,8,7,296.31032018086944,0.0565075830638647,3.0,295.4373148148149,interpolation,0 days 00:00:03.864000,3.864,1904.865,0.0
2023-11-25 14:16:44.969,0 days 00:31:44.965000,3681.0,2429.0,-238.0,OnTrack,279.0,10410.0,0.0,0.0,8,7,304.01444444444445,0.0579767908912956,3.0,294.48916666666685,interpolation,0 days 00:00:03.964000,3.964,1904.965,0.0
2023-11-25 14:16:45.069,0 days 00:31:45.065000,3729.321223237104,2431.406680609984,-237.73686289724688,OnTrack,263.5,10129.5,0.0,0.0,8,7,311.23838755444694,0.0593544262199873,3.0,294.48916666666685,interpolation,0 days 00:00:04.064000,4.064,1905.065,0.0
2023-11-25 14:16:45.169,0 days 00:31:45.165000,3746.7327083405416,2429.4920380037747,-237.5130192351646,OnTrack,248.0,9849.0,0.0,1.0,8,7,317.7922222222222,0.0606042691436158,3.0,294.4891666666668,interpolation,0 days 00:00:04.164000,4.164,1905.165,0.0
2023-11-25 14:16:45.269,0 days 00:31:45.265000,3744.05415023367,2425.303273731161,-237.28537888153895,OnTrack,237.2,9886.0,0.0,1.0,8,7,323.48602115911586,0.0616900997558572,3.0,295.90694444444455,interpolation,0 days 00:00:04.264000,4.264,1905.265,0.0
2023-11-25 14:16:45.369,0 days 00:31:45.365000,3786.203386076741,2431.1235342010527,-236.79540236680867,OnTrack,226.4,9923.0,0.0,1.0,8,7,328.3197843651279,0.0626119180567117,3.0,297.3247222222223,interpolation,0 days 00:00:04.364000,4.364,1905.365,0.0
2023-11-25 14:16:45.469,0 days 00:31:45.465000,3884.0,2449.0,-236.0,OnTrack,215.6,9960.0,0.0,1.0,8,7,332.44721016012613,0.0633990349408231,3.0,298.7425000000001,interpolation,0 days 00:00:04.464000,4.464,1905.465,0.0
2023-11-25 14:16:45.569,0 days 00:31:45.565000,4021.0,2476.0,-235.0,OnTrack,204.8,9997.0,0.0,1.0,8,7,336.7904931849457,0.0642273166764881,3.0,300.1602777777779,interpolation,0 days 00:00:04.564000,4.564,1905.565,0.0
2023-11-25 14:16:45.669,0 days 00:31:45.665000,4098.538928894879,2494.527417341068,-234.4003747775838,OnTrack,194.0,10034.0,0.0,1.0,8,7,341.50333333333333,0.0651260744584957,3.0,301.57805555555564,interpolation,0 days 00:00:04.664000,4.664,1905.665,0.0
2023-11-25 14:16:45.769,0 days 00:31:45.765000,4110.8502462700135,2503.275500806757,-234.2236498047778,OnTrack,188.33333333333331,10267.0,0.0,1.0,8,7,346.585730605289,0.066095308286846,3.0,303.8369444444445,interpolation,0 days 00:00:04.764000,4.764,1905.765,0.0
2023-11-25 14:16:45.869,0 days 00:31:45.865000,4122.0,2512.0,-234.0,OnTrack,182.66666666666663,10500.0,0.0,1.0,8,7,351.9739781975358,0.0671228690150775,3.0,306.0958333333334,interpolation,0 days 00:00:04.864000,4.864,1905.865,0.0
2023-11-25 14:16:45.969,0 days 00:31:45.965000,4142.665919400393,2522.3268815128736,-233.65112078206877,OnTrack,177.0,10733.0,0.0,1.0,8,7,357.2858333333333,0.0681358613911988,3.0,308.35472222222234,interpolation,0 days 00:00:04.964000,4.964,1905.965,0.0
2023-11-25 14:16:46.069,0 days 00:31:46.065000,4172.45397476931,2535.724173523173,-233.22393741040543,OnTrack,173.66666666666666,10552.0,0.0,1.0,8,7,362.4575885570435,0.0691221361443407,3.0,311.021388888889,interpolation,0 days 00:00:05.064000,5.064,1906.065,0.0
2023-11-25 14:16:46.169,0 days 00:31:46.165000,4209.0,2561.0,-233.0,OnTrack,170.33333333333334,10371.0,0.0,1.0,8,5,367.4614080524956,0.0700763848711594,3.0,313.68805555555565,interpolation,0 days 00:00:05.164000,5.164,1906.165,0.0
2023-11-25 14:16:46.269,0 days 00:31:46.265000,4251.9099694254255,2599.622374088619,-233.02623332976168,OnTrack,167.0,10190.0,0.0,1.0,8,5,372.13027777777774,0.0709667573146663,3.0,316.35472222222234,interpolation,0 days 00:00:05.264000,5.264,1906.265,0.0
2023-11-25 14:16:46.369,0 days 00:31:46.365000,4291.0,2641.0,-233.0,OnTrack,165.33333333333334,10141.666666666666,7.666666666666666,1.0,8,5,376.4363622017562,0.0717879451258753,3.0,318.8695370370372,interpolation,0 days 00:00:05.364000,5.364,1906.365,0.0
2023-11-25 14:16:46.469,0 days 00:31:46.465000,4316.086208678144,2674.5415819451164,-232.61866261102463,OnTrack,163.66666666666666,10093.333333333334,15.333333333333332,1.0,8,5,380.4652279914709,0.0725562662161651,3.0,321.38435185185205,interpolation,0 days 00:00:05.464000,5.464,1906.465,0.0
2023-11-25 14:16:46.569,0 days 00:31:46.565000,4334.0,2708.0,-232.0,OnTrack,162.0,10045.0,23.0,1.0,8,4,384.7302777777777,0.0733696285550945,3.0,323.8991666666669,interpolation,0 days 00:00:05.564000,5.564,1906.565,0.0
2023-11-25 14:16:46.669,0 days 00:31:46.665000,4351.572778505724,2749.128134240685,-231.26179100409064,OnTrack,161.33333333333334,10087.666666666666,33.666666666666664,1.0,8,4,389.3170791039238,0.0742443502211385,3.0,326.95101851851865,interpolation,0 days 00:00:05.664000,5.664,1906.665,0.0
2023-11-25 14:16:46.769,0 days 00:31:46.765000,4368.28284630174,2797.6600354327875,-230.46773164392252,OnTrack,160.66666666666666,10130.333333333334,44.33333333333333,0.0,8,4,394.16969440389465,0.0751697636929768,3.0,330.0028703703705,interpolation,0 days 00:00:05.764000,5.764,1906.765,0.0
2023-11-25 14:16:46.869,0 days 00:31:46.865000,4381.0,2852.0,-230.0,OnTrack,160.0,10173.0,55.0,0.0,8,4,398.95249999999993,0.0760818641703927,3.0,333.05472222222227,interpolation,0 days 00:00:05.864000,5.864,1906.865,0.0
2023-11-25 14:16:46.969,0 days 00:31:46.965000,4389.202536364717,2911.8820759846035,-229.92229274519948,OnTrack,160.5,10248.5,58.5,0.0,8,4,403.609558899023,0.0769699842413009,3.0,335.9158333333334,interpolation,0 days 00:00:05.964000,5.964,1906.965,0.0
2023-11-25 14:16:47.069,0 days 00:31:47.065000,4394.0,2972.0,-230.0,OnTrack,161.0,10324.0,62.0,0.0,8,4,407.8969444444444,0.0777876061003263,3.0,338.7769444444445,interpolation,0 days 00:00:06.064000,6.064,1907.065,0.0
2023-11-25 14:16:47.169,0 days 00:31:47.165000,4396.501935509958,3027.0475086595948,-229.9985118848805,OnTrack,162.5,10547.25,71.5,0.0,8,4,411.570729979745,0.0784882119420942,3.0,341.220138888889,interpolation,0 days 00:00:06.164000,6.164,1907.165,0.0
2023-11-25 14:16:47.269,0 days 00:31:47.265000,4396.708342894589,3077.024601963387,-229.9178283998409,OnTrack,164.0,10770.5,81.0,0.0,8,4,414.6309155049247,0.0790718017666044,3.0,343.66333333333347,interpolation,0 days 00:00:06.264000,6.264,1907.265,0.0
2023-11-25 14:16:47.369,0 days 00:31:47.365000,4395.810578831926,3121.7393942854856,-229.87823071488089,OnTrack,165.5,10993.75,90.5,0.0,8,4,418.487518277642,0.0798072715990107,3.0,346.106527777778,interpolation,0 days 00:00:06.364000,6.364,1907.365,0.0
2023-11-25 14:16:47.469,0 days 00:31:47.465000,4395.0,3161.0,-230.0,OnTrack,167.0,11217.0,100.0,0.0,8,4,424.5505555555555,0.0809635174644664,3.0,348.5497222222224,interpolation,0 days 00:00:06.464000,6.464,1907.465,0.0
2023-11-25 14:16:47.569,0 days 00:31:47.565000,4394.27660639881,3194.8064191069307,-230.28313625519831,OnTrack,174.0,11405.0,100.0,0.0,8,4,432.2838888888888,0.0824382955802848,3.0,352.63861111111123,interpolation,0 days 00:00:06.564000,6.564,1907.565,0.0
2023-11-25 14:16:47.669,0 days 00:31:47.665000,4393.640398028357,3223.158651606276,-230.72763948047577,OnTrack,177.0,11525.333333333334,100.0,0.0,8,4,438.47070404910096,0.0836181463912626,3.0,354.816388888889,interpolation,0 days 00:00:06.664000,6.664,1907.665,0.0
2023-11-25 14:16:47.769,0 days 00:31:47.765000,4390.933990643725,3260.6815583024845,-231.05832296551537,OnTrack,180.0,11645.666666666666,100.0,0.0,8,4,442.7882956106424,0.0844415286604009,3.0,356.9941666666668,interpolation,0 days 00:00:06.764000,6.764,1907.765,0.0
2023-11-25 14:16:47.869,0 days 00:31:47.865000,4384.0,3322.0,-231.0,OnTrack,183.0,11766.0,100.0,0.0,8,4,446.5172222222222,0.0851526501296575,3.0,359.17194444444453,interpolation,0 days 00:00:06.864000,6.864,1907.865,0.0
2023-11-25 14:16:47.969,0 days 00:31:47.965000,4372.838426097182,3407.1139766988244,-230.5526705839297,OnTrack,189.0,11305.0,100.0,0.0,8,4,449.8709092325506,0.0857922118809683,3.0,360.7941666666668,interpolation,0 days 00:00:06.964000,6.964,1907.965,0.0
2023-11-25 14:16:48.069,0 days 00:31:48.065000,4361.0,3492.0,-230.0,OnTrack,195.0,10844.0,100.0,0.0,8,4,455.1838888888888,0.0868054187077298,3.0,362.41638888888906,interpolation,0 days 00:00:07.064000,7.064,1908.065,0.0
2023-11-25 14:16:48.169,0 days 00:31:48.165000,4352.035452773184,3552.6345815045715,-229.62565353090636,OnTrack,194.0,10799.0,100.0,0.0,8,4,463.806111111111,0.0884497115495043,3.0,365.6608333333335,interpolation,0 days 00:00:07.164000,7.164,1908.165,0.0
2023-11-25 14:16:48.269,0 days 00:31:48.265000,4345.9447844167335,3589.01772121254,-229.42963117664877,OnTrack,198.0,10821.0,100.0,0.0,8,4,469.830112181161,0.089598513051372,3.0,367.0386111111113,interpolation,0 days 00:00:07.264000,7.264,1908.265,0.0
2023-11-25 14:16:48.369,0 days 00:31:48.365000,4340.881723851916,3615.6420003142375,-229.2687932340668,OnTrack,202.0,10843.0,100.0,0.0,8,5,472.9835123197371,0.0901998792817328,3.0,368.41638888888906,interpolation,0 days 00:00:07.364000,7.364,1908.365,0.0
2023-11-25 14:16:48.469,0 days 00:31:48.465000,4335.0,3647.0,-229.0,OnTrack,206.0,10865.0,100.0,0.0,8,5,477.5394444444444,0.0910687140655266,3.0,369.79416666666685,interpolation,0 days 00:00:07.464000,7.464,1908.465,0.0
2023-11-25 14:16:48.569,0 days 00:31:48.565000,4328.299612860985,3683.091720269827,-228.62325147444835,OnTrack,209.0,11110.5,100.0,0.0,8,5,484.21009372848334,0.0923408340115267,3.0,371.6608333333335,interpolation,0 days 00:00:07.564000,7.564,1908.565,0.0
2023-11-25 14:16:48.669,0 days 00:31:48.665000,4317.0,3740.0,-228.0,OnTrack,212.0,11356.0,100.0,0.0,8,5,491.6727777777777,0.0937639982082292,3.0,373.5275000000002,interpolation,0 days 00:00:07.664000,7.664,1908.665,0.0
2023-11-25 14:16:48.769,0 days 00:31:48.765000,4297.320598982178,3833.8076780668034,-226.99169791924317,OnTrack,214.33333333333331,11477.333333333334,100.0,0.0,8,5,498.60481419825135,0.0950859657441306,3.0,375.0386111111113,interpolation,0 days 00:00:07.764000,7.764,1908.765,0.0
2023-11-25 14:16:48.869,0 days 00:31:48.865000,4277.0,3929.0,-226.0,OnTrack,216.66666666666663,11598.666666666666,100.0,0.0,8,5,505.0353695894272,0.0963122988083717,3.0,376.5497222222224,interpolation,0 days 00:00:07.864000,7.864,1908.865,0.0
2023-11-25 14:16:48.969,0 days 00:31:48.965000,4263.776793245947,3990.0622113293534,-225.42656101009285,OnTrack,219.0,11720.0,100.0,0.0,8,5,511.1394444444444,0.0974763707066686,3.0,378.0608333333335,interpolation,0 days 00:00:07.964000,7.964,1908.965,0.0
2023-11-25 14:16:49.069,0 days 00:31:49.065000,4257.650978720021,4016.9943120548655,-225.2713809495217,OnTrack,221.33333333333331,11487.666666666666,100.0,0.0,8,5,516.9462056614935,0.0985837436851195,3.0,379.20157407407424,interpolation,0 days 00:00:08.064000,8.064,1909.065,0.0
2023-11-25 14:16:49.169,0 days 00:31:49.165000,4252.699674834084,4035.679256752946,-224.98051041418967,OnTrack,223.66666666666663,11255.333333333334,100.0,0.0,8,5,522.5722575319751,0.0996566546562892,3.0,380.34231481481504,interpolation,0 days 00:00:08.164000,8.164,1909.165,0.0
2023-11-25 14:16:49.269,0 days 00:31:49.265000,4243.0,4072.0,-224.0,OnTrack,226.0,11023.0,100.0,0.0,8,5,528.7172222222222,0.1008285244124512,3.0,381.4830555555558,interpolation,0 days 00:00:08.264000,8.264,1909.265,0.0
2023-11-25 14:16:49.369,0 days 00:31:49.365000,4228.551954217772,4125.95654179603,-222.3298497069526,OnTrack,228.5,10967.25,100.0,0.0,8,5,535.4977028296133,0.1021215896384657,3.0,382.61361111111137,interpolation,0 days 00:00:08.364000,8.364,1909.365,0.0
2023-11-25 14:16:49.469,0 days 00:31:49.465000,4209.865455915814,4195.462539349119,-220.0899900017104,OnTrack,231.0,10911.5,100.0,0.0,8,5,542.9136993541488,0.1035358503343325,3.0,383.7441666666669,interpolation,0 days 00:00:08.464000,8.464,1909.465,0.0
2023-11-25 14:16:49.569,0 days 00:31:49.565000,4190.0,4268.0,-218.0,OnTrack,233.5,10855.75,100.0,0.0,8,5,550.442568423832,0.1049716362835778,3.0,384.8747222222224,interpolation,0 days 00:00:08.564000,8.564,1909.565,0.0
2023-11-25 14:16:49.669,0 days 00:31:49.665000,4169.0,4343.0,-216.0,OnTrack,236.0,10800.0,100.0,0.0,8,5,557.5616666666666,0.1063292772697279,3.0,386.005277777778,interpolation,0 days 00:00:08.664000,8.664,1909.665,0.0
2023-11-25 14:16:49.769,0 days 00:31:49.765000,4144.072472152628,4429.566878810023,-213.0111418830052,OnTrack,237.66666666666663,10912.666666666666,100.0,0.0,8,5,564.2709940826526,0.1076087732927826,3.0,386.9126851851854,interpolation,0 days 00:00:08.764000,8.764,1909.765,0.0
2023-11-25 14:16:49.869,0 days 00:31:49.865000,4116.192109998279,4524.334288647731,-209.1283494875337,OnTrack,239.33333333333331,11025.333333333334,100.0,0.0,8,6,570.553414583285,0.1088068564309768,3.0,387.8200925925928,interpolation,0 days 00:00:08.864000,8.864,1909.865,0.0
2023-11-25 14:16:49.969,0 days 00:31:49.965000,4094.0,4598.0,-206.0,OnTrack,241.0,11138.0,100.0,0.0,8,6,576.3061111111111,0.109903919053328,3.0,388.7275000000002,interpolation,0 days 00:00:08.964000,8.964,1909.965,0.0
2023-11-25 14:16:50.069,0 days 00:31:50.065000,4078.9363158612514,4645.680332952503,-203.90082154486032,OnTrack,242.0,11187.25,100.0,0.0,8,6,581.5119474021518,0.1108966932046073,3.0,389.5525000000002,interpolation,0 days 00:00:09.064000,9.064,1910.065,0.0
2023-11-25 14:16:50.169,0 days 00:31:50.165000,4064.0,4687.0,-202.0,OnTrack,243.0,11236.5,100.0,0.0,8,6,586.1709234564066,0.1117851788848146,3.0,390.37750000000017,interpolation,0 days 00:00:09.164000,9.164,1910.165,0.0
2023-11-25 14:16:50.269,0 days 00:31:50.265000,4042.189994834215,4741.583713637252,-199.46672124330456,OnTrack,244.0,11285.75,100.0,0.0,8,6,592.0224933380138,0.1129010970578202,3.0,391.20250000000016,interpolation,0 days 00:00:09.264000,9.264,1910.265,0.0
2023-11-25 14:16:50.369,0 days 00:31:50.365000,4013.506300363895,4809.43147386426,-196.3009852747741,OnTrack,245.0,11335.0,100.0,0.0,8,6,600.8061111111111,0.114576168687494,3.0,392.02750000000015,interpolation,0 days 00:00:09.364000,9.364,1910.365,0.0
2023-11-25 14:16:50.469,0 days 00:31:50.465000,3982.569455711628,4877.813497159137,-193.23475666885645,OnTrack,246.0,11487.0,100.0,0.0,8,6,611.7394444444445,0.1166611998167545,3.0,393.5386111111112,interpolation,0 days 00:00:09.464000,9.464,1910.465,0.0
2023-11-25 14:16:50.569,0 days 00:31:50.565000,3954.0,4934.0,-191.0,OnTrack,247.0,11482.666666666666,100.0,0.0,8,6,620.1284753171597,0.1182610221198586,3.0,394.3941666666668,interpolation,0 days 00:00:09.564000,9.564,1910.565,0.0
2023-11-25 14:16:50.669,0 days 00:31:50.665000,3927.797933229011,4977.990982386848,-189.59671526820452,OnTrack,248.0,11478.333333333334,100.0,0.0,8,6,625.6552509637087,0.1193150007113976,3.0,395.2497222222223,interpolation,0 days 00:00:09.664000,9.664,1910.665,0.0
2023-11-25 14:16:50.769,0 days 00:31:50.765000,3895.0,5021.0,-188.0,OnTrack,249.0,11474.0,100.0,0.0,8,6,631.1061111111112,0.1203545019085238,3.0,396.1052777777778,interpolation,0 days 00:00:09.764000,9.764,1910.765,0.0
2023-11-25 14:16:50.869,0 days 00:31:50.865000,3846.6429449143066,5074.240608519782,-185.18495172191612,OnTrack,249.5,11498.5,100.0,0.0,8,6,636.9454480915515,0.1214680872175293,3.0,396.93027777777775,interpolation,0 days 00:00:09.864000,9.864,1910.865,0.0
2023-11-25 14:16:50.969,0 days 00:31:50.965000,3792.0,5127.0,-182.0,OnTrack,250.0,11523.0,100.0,0.0,8,6,643.1732619050294,0.122655756638414,3.0,397.7552777777777,interpolation,0 days 00:00:09.964000,9.964,1910.965,0.0
2023-11-25 14:16:51.069,0 days 00:31:51.065000,3740.3443972851474,5168.565366494468,-179.2935744002984,OnTrack,250.5,11547.5,100.0,0.0,8,6,649.6425003215481,0.1238894667129003,3.0,398.5802777777776,interpolation,0 days 00:00:10.064000,10.064,1911.065,0.0
2023-11-25 14:16:51.169,0 days 00:31:51.165000,3677.0,5207.0,-176.0,OnTrack,251.0,11572.0,100.0,0.0,8,6,656.2061111111113,0.1251411739827103,3.0,399.4052777777776,interpolation,0 days 00:00:10.164000,10.164,1911.165,0.0
2023-11-25 14:16:51.269,0 days 00:31:51.265000,3587.2906713748093,5250.367192513422,-171.0536018762934,OnTrack,251.5,11608.5,100.0,0.0,8,6,662.8640942737186,0.126410878447844,3.0,400.29416666666646,interpolation,0 days 00:00:10.264000,10.264,1911.265,0.0
2023-11-25 14:16:51.369,0 days 00:31:51.365000,3495.0,5290.0,-166.0,OnTrack,252.0,11645.0,100.0,0.0,8,6,670.2061111111113,0.1278110309165194,3.0,401.18305555555537,interpolation,0 days 00:00:10.364000,10.364,1911.365,0.0
2023-11-25 14:16:51.469,0 days 00:31:51.465000,3423.911574466,5317.231478425007,-162.3848143419413,OnTrack,253.0,11155.0,100.0,0.0,8,6,678.8218229250309,0.1294540821969547,3.0,402.249722222222,interpolation,0 days 00:00:10.464000,10.464,1911.465,0.0
2023-11-25 14:16:51.569,0 days 00:31:51.565000,3374.0253947728083,5332.061627788441,-160.20804490211736,OnTrack,254.0,10665.0,100.0,0.0,8,6,687.1394444444447,0.1310402864459839,3.0,403.3163888888886,interpolation,0 days 00:00:10.564000,10.564,1911.565,0.0
2023-11-25 14:16:51.669,0 days 00:31:51.665000,3328.8765176932125,5343.360963257655,-158.4272530112347,OnTrack,255.33333333333331,10577.333333333334,100.0,0.0,8,6,693.5871903983207,0.1322698978204407,3.0,403.98305555555527,interpolation,0 days 00:00:10.664000,10.664,1911.665,0.0
2023-11-25 14:16:51.769,0 days 00:31:51.765000,3272.0,5360.0,-156.0,OnTrack,256.6666666666667,10489.666666666666,100.0,0.0,8,6,698.5502164163171,0.1332163670652138,3.0,404.6497222222219,interpolation,0 days 00:00:10.764000,10.764,1911.765,0.0
2023-11-25 14:16:51.869,0 days 00:31:51.865000,3203.3958416931705,5381.978738015476,-152.9262858684133,OnTrack,258.0,10402.0,100.0,0.0,8,6,704.3394444444448,0.1343203963932351,3.0,405.3163888888886,interpolation,0 days 00:00:10.864000,10.864,1911.865,0.0
2023-11-25 14:16:51.969,0 days 00:31:51.965000,3135.0,5405.0,-150.0,OnTrack,260.0,10506.0,100.0,0.0,8,6,711.3400261683888,0.1356554357972615,3.0,406.0571296296293,interpolation,0 days 00:00:10.964000,10.964,1911.965,0.0
2023-11-25 14:16:52.069,0 days 00:31:52.065000,3078.748432147766,5424.766608649492,-148.0150317782857,OnTrack,262.0,10610.0,100.0,0.0,8,6,719.422057632377,0.1371967120646467,3.0,406.7978703703701,interpolation,0 days 00:00:11.064000,11.064,1912.065,0.0
2023-11-25 14:16:52.169,0 days 00:31:52.165000,3029.565809019639,5442.774573752732,-146.7637098815738,OnTrack,264.0,10714.0,100.0,0.0,8,6,727.8061111111115,0.1387955851584771,3.0,407.5386111111108,interpolation,0 days 00:00:11.164000,11.164,1912.165,0.0
2023-11-25 14:16:52.269,0 days 00:31:52.265000,2957.0,5468.0,-145.0,OnTrack,264.5,10698.75,100.0,0.0,8,6,736.3622813185974,0.1404272816124277,3.0,408.3042361111108,interpolation,0 days 00:00:11.264000,11.264,1912.265,0.0
2023-11-25 14:16:52.369,0 days 00:31:52.365000,2855.975624000384,5501.938912499298,-142.51622868530245,OnTrack,265.0,10683.5,100.0,0.0,8,7,745.0905682548344,0.1420918014264983,3.0,409.0698611111107,interpolation,0 days 00:00:11.364000,11.364,1912.365,0.0
2023-11-25 14:16:52.469,0 days 00:31:52.465000,2751.0,5541.0,-140.0,OnTrack,265.5,10668.25,100.0,0.0,8,7,753.3228766192099,0.1436617361099185,3.0,409.8354861111107,interpolation,0 days 00:00:11.464000,11.464,1912.465,0.0
2023-11-25 14:16:52.569,0 days 00:31:52.565000,2666.580446978058,5581.591951251484,-138.13891800661148,OnTrack,266.0,10653.0,100.0,0.0,8,7,760.3911111111114,0.1450096771719179,3.0,410.6011111111106,interpolation,0 days 00:00:11.564000,11.564,1912.565,0.0
2023-11-25 14:16:52.669,0 days 00:31:52.665000,2602.716964934558,5623.714766253749,-136.93298270513685,OnTrack,266.3333333333333,10667.0,100.0,0.0,8,7,766.2952717305391,0.1461356246124967,3.0,411.1344444444439,interpolation,0 days 00:00:11.664000,11.664,1912.665,0.0
2023-11-25 14:16:52.769,0 days 00:31:52.765000,2553.245000423779,5663.480198129141,-136.0105560510938,OnTrack,266.6666666666667,10681.0,100.0,0.0,8,7,771.4331086972691,0.1471154310160971,3.0,411.6677777777772,interpolation,0 days 00:00:11.764000,11.764,1912.765,0.0
2023-11-25 14:16:52.869,0 days 00:31:52.865000,2512.0,5697.0,-135.0,OnTrack,267.0,10695.0,100.0,0.0,8,7,778.1911111111115,0.1484042095591896,3.0,412.2011111111104,interpolation,0 days 00:00:11.864000,11.864,1912.865,0.0
2023-11-25 14:16:52.969,0 days 00:31:52.965000,2478.981963663222,5724.27417186633,-133.90131455185548,OnTrack,267.5,10767.0,100.0,0.0,8,7,786.9670251189009,0.1500778120494903,3.0,413.00111111111056,interpolation,0 days 00:00:11.964000,11.964,1912.965,0.0
2023-11-25 14:16:53.069,0 days 00:31:53.065000,2450.899015371582,5750.515439789127,-132.776771534279,OnTrack,268.0,10839.0,100.0,0.0,8,7,796.0577777777781,0.151811455550908,3.0,413.8011111111107,interpolation,0 days 00:00:12.064000,12.064,1913.065,0.0
2023-11-25 14:16:53.169,0 days 00:31:53.165000,2408.0,5807.0,-132.0,OnTrack,268.3333333333333,10843.0,100.0,0.0,8,7,803.7602961448838,0.1532803571273515,3.0,414.4492592592589,interpolation,0 days 00:00:12.164000,12.164,1913.165,0.0
2023-11-25 14:16:53.269,0 days 00:31:53.265000,2346.993075215252,5898.940525181906,-131.63327113897708,OnTrack,268.6666666666667,10847.0,100.0,0.0,8,7,810.2945094691033,0.1545264581809698,3.0,415.0974074074071,interpolation,0 days 00:00:12.264000,12.264,1913.265,0.0
2023-11-25 14:16:53.369,0 days 00:31:53.365000,2275.1387165230244,6014.093782629798,-131.55103633122886,OnTrack,269.0,10851.0,100.0,0.0,8,7,816.9800000000004,0.1558014084131005,3.0,415.74555555555526,interpolation,0 days 00:00:12.364000,12.364,1913.365,0.0
2023-11-25 14:16:53.469,0 days 00:31:53.465000,2236.0,6079.0,-131.0,OnTrack,269.0,10866.5,100.0,0.0,8,7,824.0366992385472,0.1571471496553748,3.0,416.4122222222219,interpolation,0 days 00:00:12.464000,12.464,1913.465,0.0
2023-11-25 14:16:53.569,0 days 00:31:53.565000,2230.0,6093.0,-130.0,OnTrack,269.0,10882.0,100.0,0.0,8,7,831.9244444444449,0.1586513747432381,3.0,417.0788888888885,interpolation,0 days 00:00:12.564000,12.564,1913.565,0.0
2023-11-25 14:16:53.669,0 days 00:31:53.665000,2216.1136534779657,6125.5992232003255,-129.42336735944775,OnTrack,269.5,10896.0,100.0,0.0,8,7,841.1030728773949,0.1604017765121359,3.0,417.87888888888847,interpolation,0 days 00:00:12.664000,12.664,1913.665,0.0
2023-11-25 14:16:53.769,0 days 00:31:53.765000,2189.8179309823745,6189.787715606794,-129.4181166624794,OnTrack,270.0,10910.0,100.0,0.0,8,7,849.9244444444449,0.1620840479438499,3.0,418.6788888888884,interpolation,0 days 00:00:12.764000,12.764,1913.765,0.0
2023-11-25 14:16:53.869,0 days 00:31:53.865000,2165.0,6294.0,-130.0,OnTrack,270.6666666666667,10955.333333333334,100.0,0.0,8,7,856.7404190526433,0.1633838820201617,3.0,419.18787037037,pos,0 days 00:00:12.864000,12.864,1913.865,0.0
2023-11-25 14:16:53.969,0 days 00:31:53.965000,2145.0,6428.0,-131.0,OnTrack,271.3333333333333,11000.666666666666,100.0,0.0,8,7,861.9538919471721,0.164378112502782,3.0,419.69685185185153,interpolation,0 days 00:00:12.964000,12.964,1913.965,0.0
2023-11-25 14:16:54.069,0 days 00:31:54.065000,2135.971560714657,6521.936333723243,-131.38825498598314,OnTrack,272.0,11046.0,100.0,0.0,8,7,867.9822222222226,0.1655277396016488,3.0,420.2058333333331,interpolation,0 days 00:00:13.064000,13.064,1914.065,0.0
2023-11-25 14:16:54.169,0 days 00:31:54.165000,2138.1729399799847,6575.645657337853,-131.23594225519312,OnTrack,272.0,11022.5,100.0,0.0,8,7,875.2283009973509,0.1669095962916991,3.0,419.9308333333331,interpolation,0 days 00:00:13.164000,13.164,1914.165,0.0
2023-11-25 14:16:54.269,0 days 00:31:54.265000,2147.0,6658.0,-132.0,OnTrack,272.0,10999.0,100.0,0.0,8,7,883.6921282725566,0.1685236825729327,3.0,419.6558333333332,interpolation,0 days 00:00:13.264000,13.264,1914.265,0.0
2023-11-25 14:16:54.369,0 days 00:31:54.365000,2161.6853805465025,6780.478092006611,-133.92325249572147,OnTrack,272.0,10975.5,100.0,0.0,8,7,892.6121136337066,0.1702247600562143,3.0,419.3808333333332,interpolation,0 days 00:00:13.364000,13.364,1914.365,0.0
2023-11-25 14:16:54.469,0 days 00:31:54.465000,2177.0,6902.0,-136.0,OnTrack,272.0,10952.0,100.0,0.0,8,7,901.226666666667,0.1718675903524083,3.0,419.1058333333333,interpolation,0 days 00:00:13.464000,13.464,1914.465,0.0
2023-11-25 14:16:54.569,0 days 00:31:54.565000,2187.714776741002,6981.485790622473,-137.224542770478,OnTrack,272.6666666666667,10978.666666666666,100.0,0.0,8,7,909.535787371438,0.1734521734615148,3.0,417.0613888888888,interpolation,0 days 00:00:13.564000,13.564,1914.565,0.0
2023-11-25 14:16:54.669,0 days 00:31:54.665000,2193.8297107695084,7018.935463874037,-137.59688080715546,OnTrack,273.3333333333333,11005.333333333334,100.0,0.0,8,7,917.5777523313474,0.1749858088836336,3.0,415.01694444444433,interpolation,0 days 00:00:13.664000,13.664,1914.665,0.0
2023-11-25 14:16:54.769,0 days 00:31:54.765000,2198.7797894132605,7043.41740518858,-137.9207784402552,OnTrack,274.0,11032.0,100.0,0.0,8,7,925.5822222222226,0.1765122938436065,3.0,412.9724999999999,interpolation,0 days 00:00:13.764000,13.764,1914.765,0.0
2023-11-25 14:16:54.869,0 days 00:31:54.865000,2206.0,7084.0,-139.0,OnTrack,275.0,11032.0,100.0,0.0,8,7,933.5874740193458,0.1780389279162806,3.0,410.41694444444425,interpolation,0 days 00:00:13.864000,13.864,1914.865,0.0
2023-11-25 14:16:54.969,0 days 00:31:54.965000,2215.490342529727,7140.683248308294,-140.8345454863899,OnTrack,276.0,11032.0,100.0,0.0,8,7,940.915555555556,0.1794364228663499,3.0,407.8613888888887,interpolation,0 days 00:00:13.964000,13.964,1914.965,0.0
2023-11-25 14:16:55.069,0 days 00:31:55.065000,2226.0,7205.0,-143.0,OnTrack,276.5,11091.5,100.0,0.0,8,7,946.888514663692,0.1805754904585081,3.0,405.6613888888886,pos,0 days 00:00:14.064000,14.064,1915.065,0.0
2023-11-25 14:16:55.169,0 days 00:31:55.165000,2236.2781554083767,7268.483104961654,-145.07194864140538,OnTrack,277.0,11151.0,100.0,0.0,8,7,953.2266666666673,0.1817842018208424,3.0,403.46138888888856,interpolation,0 days 00:00:14.164000,14.164,1915.165,0.0
2023-11-25 14:16:55.269,0 days 00:31:55.265000,2247.198149509245,7335.471647482303,-147.27980015947392,OnTrack,277.3333333333333,11174.333333333334,100.0,0.0,8,7,961.6503268873936,0.1833906280814394,3.0,399.2613888888886,interpolation,0 days 00:00:14.264000,14.264,1915.265,0.0
2023-11-25 14:16:55.369,0 days 00:31:55.365000,2264.0,7432.0,-151.0,OnTrack,277.6666666666667,11197.666666666666,100.0,0.0,8,7,971.74532665491,0.1853157855904469,3.0,395.06138888888864,pos,0 days 00:00:14.364000,14.364,1915.365,0.0
2023-11-25 14:16:55.469,0 days 00:31:55.465000,2286.0,7554.0,-156.0,OnTrack,278.0,11221.0,100.0,0.0,8,7,981.0266666666672,0.1870857748751205,3.0,390.8613888888887,interpolation,0 days 00:00:14.464000,14.464,1915.465,0.0
2023-11-25 14:16:55.569,0 days 00:31:55.565000,2303.8559651889045,7651.028691519852,-159.50808697436094,OnTrack,279.5,11240.5,100.0,0.0,8,7,989.0801824927696,0.1886216130943964,3.0,387.0280555555553,interpolation,0 days 00:00:14.564000,14.564,1915.565,0.0
2023-11-25 14:16:55.669,0 days 00:31:55.665000,2317.0,7722.0,-162.0,OnTrack,281.0,11260.0,100.0,0.0,8,7,996.6377777777782,0.1900628772497252,3.0,383.1947222222219,interpolation,0 days 00:00:14.664000,14.664,1915.665,0.0
2023-11-25 14:16:55.769,0 days 00:31:55.765000,2326.421231614644,7774.234967163376,-164.4134279861618,OnTrack,281.5,11287.5,100.0,0.0,8,7,1004.4313561662544,0.191549144342558,3.0,378.9724999999997,interpolation,0 days 00:00:14.764000,14.764,1915.765,0.0
2023-11-25 14:16:55.869,0 days 00:31:55.865000,2336.0,7830.0,-167.0,OnTrack,282.0,11315.0,100.0,0.0,8,7,1012.4609176581982,0.1930804143728946,3.0,374.7502777777775,interpolation,0 days 00:00:14.864000,14.864,1915.865,0.0
2023-11-25 14:16:55.969,0 days 00:31:55.965000,2349.616645123234,7911.561505499885,-170.01134510866834,OnTrack,282.5,11342.5,100.0,0.0,8,7,1020.4400203210432,0.1946020616993211,3.0,370.5280555555553,interpolation,0 days 00:00:14.964000,14.964,1915.965,0.0
2023-11-25 14:16:56.069,0 days 00:31:56.065000,2364.0,8000.0,-173.0,OnTrack,283.0,11370.0,100.0,0.0,8,7,1028.0822222222228,0.1960594606804236,3.0,366.3058333333331,interpolation,0 days 00:00:15.064000,15.064,1916.065,0.0
2023-11-25 14:16:56.169,0 days 00:31:56.165000,2375.8788976459546,8076.395999837308,-175.5185013618283,OnTrack,283.6,11384.6,100.0,0.0,8,7,1035.3875233617373,0.1974526113162019,3.0,362.2236111111109,interpolation,0 days 00:00:15.164000,15.164,1916.165,0.0
2023-11-25 14:16:56.269,0 days 00:31:56.265000,2385.461858634464,8143.520568301061,-177.66184468540618,OnTrack,284.2,11399.2,100.0,0.0,8,7,1042.3559237395862,0.1987815136066561,3.0,358.1413888888887,interpolation,0 days 00:00:15.264000,15.264,1916.265,0.0
2023-11-25 14:16:56.369,0 days 00:31:56.365000,2394.0,8218.0,-180.0,OnTrack,284.8,11413.8,100.0,0.0,8,7,1049.05934594935,0.2000598834828695,3.0,354.0591666666665,interpolation,0 days 00:00:15.364000,15.364,1916.365,0.0
2023-11-25 14:16:56.469,0 days 00:31:56.465000,2401.70184018069,8302.60532984783,-182.62796182411392,OnTrack,285.4,11428.4,100.0,0.0,8,7,1055.9293233430485,0.2013700161099894,3.0,349.97694444444426,interpolation,0 days 00:00:15.464000,15.464,1916.465,0.0
2023-11-25 14:16:56.569,0 days 00:31:56.565000,2408.0,8375.0,-185.0,OnTrack,286.0,11443.0,100.0,0.0,8,7,1063.0377777777785,0.2027256272786486,3.0,345.8947222222221,interpolation,0 days 00:00:15.564000,15.564,1916.565,0.0
2023-11-25 14:16:56.669,0 days 00:31:56.665000,2412.327100281394,8412.847452611953,-186.57038436991024,OnTrack,286.3333333333333,11457.0,100.0,0.0,8,7,1070.384709253539,0.2041267169888473,3.0,341.3836111111109,interpolation,0 days 00:00:15.664000,15.664,1916.665,0.0
2023-11-25 14:16:56.769,0 days 00:31:56.765000,2416.0,8518.0,-190.0,OnTrack,286.6666666666667,11471.0,100.0,0.0,8,7,1077.9218950137138,0.2055640889647909,3.0,336.8724999999999,pos,0 days 00:00:15.764000,15.764,1916.765,0.0
2023-11-25 14:16:56.869,0 days 00:31:56.865000,2420.0,8758.0,-197.0,OnTrack,287.0,11485.0,100.0,0.0,8,7,1085.3600000000006,0.2069825658342222,3.0,332.3613888888888,interpolation,0 days 00:00:15.864000,15.864,1916.865,0.0
2023-11-25 14:16:56.969,0 days 00:31:56.965000,2422.313761804028,8926.98877972746,-201.8720218070293,OnTrack,287.0,11500.0,100.0,0.0,8,7,1092.65080194958,0.208372951415516,3.0,327.08731481481465,interpolation,0 days 00:00:15.964000,15.964,1916.965,0.0
2023-11-25 14:16:57.069,0 days 00:31:57.065000,2422.605730717236,8990.656736034072,-203.666343189869,OnTrack,287.0,11515.0,100.0,0.0,8,7,1100.2477009117854,0.2098217109419225,3.0,321.8132407407406,interpolation,0 days 00:00:16.064000,16.064,1917.065,0.0
2023-11-25 14:16:57.169,0 days 00:31:57.165000,2421.1418704457565,8967.574366277651,-202.8796379224059,OnTrack,287.0,11530.0,100.0,0.0,8,7,1110.8711111111118,0.2118476384691633,3.0,316.53916666666646,interpolation,0 days 00:00:16.164000,16.164,1917.165,0.0
2023-11-25 14:16:57.269,0 days 00:31:57.265000,2419.5179713968064,8969.16522509273,-202.49196390583205,OnTrack,289.0,11554.0,100.0,0.0,8,7,1123.7155555555562,0.2142971262592295,3.0,308.53916666666646,interpolation,0 days 00:00:16.264000,16.264,1917.265,0.0
2023-11-25 14:16:57.369,0 days 00:31:57.365000,2418.0,9014.0,-203.0,OnTrack,289.0,11573.0,100.0,0.0,8,7,1131.227705467085,0.2157297237970229,3.0,304.47249999999985,interpolation,0 days 00:00:16.364000,16.364,1917.365,0.0
2023-11-25 14:16:57.469,0 days 00:31:57.465000,2416.5879562553373,9102.078690999457,-204.40374620490968,OnTrack,289.0,11592.0,100.0,0.0,8,7,1136.5600000000006,0.2167466140492957,3.0,300.40583333333325,interpolation,0 days 00:00:16.464000,16.464,1917.465,0.0
2023-11-25 14:16:57.569,0 days 00:31:57.565000,2415.0,9197.0,-206.0,OnTrack,289.5,11607.5,100.0,0.0,8,7,1144.1237728837975,0.2181890562978359,3.0,295.29472222222216,interpolation,0 days 00:00:16.564000,16.564,1917.565,0.0
2023-11-25 14:16:57.669,0 days 00:31:57.665000,2412.9542910711707,9262.362628910529,-207.0855588647099,OnTrack,290.0,11623.0,100.0,0.0,8,7,1152.6711111111117,0.2198190684572507,3.0,290.1836111111111,interpolation,0 days 00:00:16.664000,16.664,1917.665,0.0
2023-11-25 14:16:57.769,0 days 00:31:57.765000,2410.0,9331.0,-208.0,OnTrack,290.5,11637.5,100.0,0.0,8,7,1160.9541016745789,0.221398668442147,3.0,285.2113888888889,interpolation,0 days 00:00:16.764000,16.764,1917.765,0.0
2023-11-25 14:16:57.869,0 days 00:31:57.865000,2406.0,9428.0,-209.0,OnTrack,291.0,11652.0,100.0,0.0,8,7,1168.8377777777782,0.2229021175355779,3.0,280.23916666666673,interpolation,0 days 00:00:16.864000,16.864,1917.865,0.0
2023-11-25 14:16:57.969,0 days 00:31:57.965000,2402.836497528421,9506.889653628346,-209.5881577704224,OnTrack,291.0,11659.666666666666,100.0,0.0,8,7,1176.187172624289,0.2243036770205962,3.0,275.8576851851852,interpolation,0 days 00:00:16.964000,16.964,1917.965,0.0
2023-11-25 14:16:58.069,0 days 00:31:58.065000,2400.0,9573.0,-210.0,OnTrack,291.0,11667.333333333334,100.0,0.0,8,7,1183.245395669168,0.2256497088589351,3.0,271.4762037037037,interpolation,0 days 00:00:17.064000,17.064,1918.065,0.0
2023-11-25 14:16:58.169,0 days 00:31:58.165000,2396.667315359412,9639.40753445342,-210.55395313539876,OnTrack,291.0,11675.0,100.0,0.0,8,7,1191.4711111111117,0.227218386245236,3.0,267.0947222222221,interpolation,0 days 00:00:17.164000,17.164,1918.165,0.0
2023-11-25 14:16:58.269,0 days 00:31:58.265000,2392.0,9719.0,-211.0,OnTrack,291.3333333333333,11696.333333333334,100.0,0.0,8,7,1201.1074308946309,0.2290560716159811,3.0,261.8613888888888,interpolation,0 days 00:00:17.264000,17.264,1918.265,0.0
2023-11-25 14:16:58.369,0 days 00:31:58.365000,2385.159610315108,9824.66513965112,-211.0881234171852,OnTrack,291.6666666666667,11717.666666666666,100.0,0.0,8,7,1211.716489927897,0.2310792623174923,3.0,256.6280555555554,interpolation,0 days 00:00:17.364000,17.364,1918.365,0.0
2023-11-25 14:16:58.469,0 days 00:31:58.465000,2378.0,9930.0,-211.0,OnTrack,292.0,11739.0,100.0,0.0,8,7,1220.6711111111117,0.2327869449928951,3.0,251.39472222222207,interpolation,0 days 00:00:17.464000,17.464,1918.465,0.0
2023-11-25 14:16:58.569,0 days 00:31:58.565000,2372.3750227499427,10008.601627639866,-210.91730636148984,OnTrack,292.3333333333333,11736.666666666666,100.0,0.0,8,7,1227.533433836162,0.2340956178435745,3.0,248.03916666666652,interpolation,0 days 00:00:17.564000,17.564,1918.565,0.0
2023-11-25 14:16:58.669,0 days 00:31:58.665000,2367.8703474345807,10066.6250230472,-210.86579720950888,OnTrack,292.6666666666667,11734.333333333334,100.0,0.0,8,7,1232.8838184034862,0.2351159579389757,3.0,244.683611111111,interpolation,0 days 00:00:17.664000,17.664,1918.665,0.0
2023-11-25 14:16:58.769,0 days 00:31:58.765000,2362.0,10141.0,-211.0,OnTrack,293.0,11732.0,100.0,0.0,8,7,1240.204444444445,0.2365120310957812,3.0,241.3280555555555,interpolation,0 days 00:00:17.764000,17.764,1918.765,0.0
2023-11-25 14:16:58.869,0 days 00:31:58.865000,2354.3496535585755,10237.881495947862,-211.34566917709043,OnTrack,293.5,11763.5,100.0,0.0,8,7,1250.0756782023968,0.2383945155167754,3.0,236.66138888888872,interpolation,0 days 00:00:17.864000,17.864,1918.865,0.0
2023-11-25 14:16:58.969,0 days 00:31:58.965000,2345.5071990308334,10350.02908617944,-211.82820425196527,OnTrack,294.0,11795.0,100.0,0.0,8,7,1259.8044444444452,0.2402498308031141,3.0,231.994722222222,interpolation,0 days 00:00:17.964000,17.964,1918.965,0.0
2023-11-25 14:16:59.069,0 days 00:31:59.065000,2339.0,10434.0,-212.0,OnTrack,294.5,11765.0,100.0,0.0,8,7,1266.6976679376935,0.2415643965559531,3.0,229.04305555555527,interpolation,0 days 00:00:18.064000,18.064,1919.065,0.0
2023-11-25 14:16:59.169,0 days 00:31:59.165000,2335.4159534066357,10482.553738555864,-211.78645516846663,OnTrack,295.0,11735.0,100.0,0.0,8,7,1272.9975000000006,0.2427658001497662,3.0,226.09138888888856,interpolation,0 days 00:00:18.164000,18.164,1919.165,0.0
2023-11-25 14:16:59.269,0 days 00:31:59.265000,2333.530908679841,10509.42260540052,-211.27608741876065,OnTrack,294.25,11652.25,88.25,0.0,8,7,1280.9460919492249,0.2442816289590273,3.0,222.69972222222185,interpolation,0 days 00:00:18.264000,18.264,1919.265,0.0
2023-11-25 14:16:59.369,0 days 00:31:59.365000,2326.0,10597.0,-211.0,OnTrack,293.5,11569.5,76.5,0.0,8,7,1290.543443785366,0.2461118829837364,3.0,219.30805555555517,interpolation,0 days 00:00:18.364000,18.364,1919.365,0.0
2023-11-25 14:16:59.469,0 days 00:31:59.465000,2313.0,10743.0,-211.0,OnTrack,292.75,11486.75,64.75,0.0,8,7,1300.2900459510467,0.2479705996532452,3.0,215.91638888888843,interpolation,0 days 00:00:18.464000,18.464,1919.465,0.0
2023-11-25 14:16:59.569,0 days 00:31:59.565000,2302.9363296553106,10851.314585736076,-210.99583085069335,OnTrack,292.0,11404.0,53.0,0.0,8,7,1308.6863888888895,0.2495718163969051,3.0,212.52472222222173,interpolation,0 days 00:00:18.564000,18.564,1919.565,0.0
2023-11-25 14:16:59.669,0 days 00:31:59.665000,2297.209885289231,10905.92583594286,-210.9407833632208,OnTrack,280.75,11008.75,39.75,0.0,8,7,1315.732472598895,0.2509155332147164,3.0,211.1747222222217,interpolation,0 days 00:00:18.664000,18.664,1919.665,0.0
2023-11-25 14:16:59.769,0 days 00:31:59.765000,2292.128498278535,10945.574168178213,-210.66534419413784,OnTrack,269.5,10613.5,26.5,0.0,8,7,1321.4282970810616,0.2520017501066787,3.0,209.82472222222168,interpolation,0 days 00:00:18.764000,18.764,1919.765,0.0
2023-11-25 14:16:59.869,0 days 00:31:59.865000,2284.0,11009.0,-210.0,OnTrack,258.25,10218.25,13.25,0.0,8,7,1326.9281674671429,0.2530505977556309,3.0,208.4747222222217,interpolation,0 days 00:00:18.864000,18.864,1919.865,0.0
2023-11-25 14:16:59.969,0 days 00:31:59.965000,2273.0,11092.0,-209.0,OnTrack,247.0,9823.0,0.0,0.0,8,7,1333.3863888888898,0.2542822068444113,3.0,207.12472222222164,interpolation,0 days 00:00:18.964000,18.964,1919.965,0.0
2023-11-25 14:17:00.069,0 days 00:32:00.065000,2260.1821609515328,11169.354050602104,-207.9968412065564,OnTrack,230.5,9749.0,0.0,0.0,8,7,1340.802961346303,0.2556965773730201,3.0,206.69138888888824,interpolation,0 days 00:00:19.064000,19.064,1920.065,0.0
2023-11-25 14:17:00.169,0 days 00:32:00.165000,2247.0,11235.0,-207.0,OnTrack,214.0,9675.0,0.0,1.0,8,7,1347.6530555555566,0.2570029181960074,3.0,206.25805555555485,interpolation,0 days 00:00:19.164000,19.164,1920.165,0.0
2023-11-25 14:17:00.269,0 days 00:32:00.265000,2234.731422946176,11287.07907083792,-205.9637029757141,OnTrack,201.66666666666663,9674.0,0.0,1.0,8,7,1352.4118422328256,0.2579104381679235,3.0,206.96916666666596,interpolation,0 days 00:00:19.264000,19.264,1920.265,0.0
2023-11-25 14:17:00.369,0 days 00:32:00.365000,2224.0,11328.0,-205.0,OnTrack,189.33333333333331,9673.0,0.0,1.0,8,7,1355.501274214387,0.2584996054106023,3.0,207.68027777777695,interpolation,0 days 00:00:19.364000,19.364,1920.365,0.0
2023-11-25 14:17:00.469,0 days 00:32:00.465000,2215.4293013714123,11360.171524370377,-204.22094093915888,OnTrack,177.0,9672.0,0.0,1.0,8,7,1359.4530555555566,0.2592532261830751,3.0,208.3913888888881,interpolation,0 days 00:00:19.464000,19.464,1920.465,0.0
2023-11-25 14:17:00.569,0 days 00:32:00.565000,2207.600434451694,11386.675149126804,-203.60244203516416,OnTrack,168.0,9732.5,0.0,1.0,8,7,1364.6891347718365,0.2602517677831865,3.0,210.28347222222143,interpolation,0 days 00:00:19.564000,19.564,1920.565,0.0
2023-11-25 14:17:00.669,0 days 00:32:00.665000,2192.0,11426.0,-203.0,OnTrack,159.0,9793.0,0.0,1.0,8,7,1370.00888888889,0.261266266527156,3.0,212.1755555555549,pos,0 days 00:00:19.664000,19.664,1920.665,0.0
2023-11-25 14:17:00.769,0 days 00:32:00.765000,2167.2090908780774,11481.227613722496,-202.38953082902088,OnTrack,152.66666666666666,9913.666666666666,0.0,1.0,8,7,1374.21169493238,0.2620677587312037,3.0,214.35333333333264,interpolation,0 days 00:00:19.764000,19.764,1920.765,0.0
2023-11-25 14:17:00.869,0 days 00:32:00.865000,2143.0,11531.0,-202.0,OnTrack,146.33333333333334,10034.333333333334,0.0,1.0,8,5,1377.478809503516,0.2626908107662963,3.0,216.5311111111104,interpolation,0 days 00:00:19.864000,19.864,1920.865,0.0
2023-11-25 14:17:00.969,0 days 00:32:00.965000,2128.0,11557.0,-202.0,OnTrack,140.0,10155.0,0.0,1.0,8,5,1380.8977777777789,0.2633428219201187,3.0,218.70888888888817,interpolation,0 days 00:00:19.964000,19.964,1920.965,0.0
2023-11-25 14:17:01.069,0 days 00:32:01.065000,2115.338934023882,11577.472695907849,-202.0272910300916,OnTrack,136.0,9796.0,0.0,1.0,8,5,1384.6498582124557,0.2640583589175995,3.0,222.06999999999923,interpolation,0 days 00:00:20.064000,20.064,1921.065,0.0
2023-11-25 14:17:01.169,0 days 00:32:01.165000,2102.027497680921,11597.352414610856,-202.02342999100196,OnTrack,132.0,9437.0,0.0,1.0,8,5,1388.7350508075451,0.2648374217587385,3.0,225.43111111111037,interpolation,0 days 00:00:20.164000,20.164,1921.165,0.0
2023-11-25 14:17:01.269,0 days 00:32:01.265000,2077.0,11628.0,-202.0,OnTrack,128.0,9078.0,0.0,1.0,8,5,1392.6904957766408,0.2655917411999557,3.0,228.79222222222143,pos,0 days 00:00:20.264000,20.264,1921.265,0.0
2023-11-25 14:17:01.369,0 days 00:32:01.365000,2041.0,11668.0,-202.0,OnTrack,124.0,8719.0,0.0,1.0,8,5,1396.0533333333344,0.2662330479976709,3.0,232.1533333333325,interpolation,0 days 00:00:20.364000,20.364,1921.365,0.0
2023-11-25 14:17:01.469,0 days 00:32:01.465000,2009.554678920809,11697.498698449732,-202.26984173353915,OnTrack,121.0,8545.333333333334,0.0,1.0,8,5,1398.8235634776274,0.2667613421518843,3.0,234.93111111111037,interpolation,0 days 00:00:20.464000,20.464,1921.465,0.0
2023-11-25 14:17:01.569,0 days 00:32:01.565000,1984.7972813380595,11714.62431172016,-202.76812132689548,OnTrack,118.0,8371.666666666666,0.0,1.0,8,3,1401.1271642474098,0.2672006481867366,3.0,237.70888888888817,interpolation,0 days 00:00:20.564000,20.564,1921.565,0.0
2023-11-25 14:17:01.669,0 days 00:32:01.665000,1964.0,11728.0,-203.0,OnTrack,115.0,8198.0,0.0,1.0,8,3,1403.7200000000012,0.2676951125090426,3.0,240.486666666666,interpolation,0 days 00:00:20.664000,20.664,1921.665,0.0
2023-11-25 14:17:01.769,0 days 00:32:01.765000,1946.70819803694,11739.062964012472,-202.88300420057817,OnTrack,112.66666666666669,8113.0,0.0,1.0,8,3,1406.7280474832846,0.2682687593969334,3.0,244.51629629629565,interpolation,0 days 00:00:20.764000,20.764,1921.765,0.0
2023-11-25 14:17:01.869,0 days 00:32:01.865000,1920.0,11750.0,-203.0,OnTrack,110.33333333333331,8028.0,0.0,1.0,8,3,1410.0768872132876,0.2689073967521738,3.0,248.5459259259253,interpolation,0 days 00:00:20.864000,20.864,1921.865,0.0
2023-11-25 14:17:01.969,0 days 00:32:01.965000,1870.9535304403016,11762.997904205018,-203.9338534696357,OnTrack,108.0,7943.0,0.0,1.0,8,3,1413.320000000001,0.2695258715493688,3.0,252.57555555555496,interpolation,0 days 00:00:20.964000,20.964,1921.965,0.0
2023-11-25 14:17:02.069,0 days 00:32:02.065000,1820.0,11774.0,-205.0,OnTrack,107.0,7803.5,0.0,1.0,8,3,1416.382965597394,0.2701099915449559,3.0,256.57555555555496,interpolation,0 days 00:00:21.064000,21.064,1922.065,0.0
2023-11-25 14:17:02.169,0 days 00:32:02.165000,1787.5706193212495,11778.94961075743,-205.5138749816076,OnTrack,106.0,7664.0,0.0,1.0,8,3,1419.20888888889,0.2706489066088283,3.0,260.57555555555496,interpolation,0 days 00:00:21.164000,21.164,1922.165,0.0
2023-11-25 14:17:02.269,0 days 00:32:02.265000,1773.665388404051,11777.846736477308,-205.47547841445865,OnTrack,105.0,7698.0,5.5,1.0,8,3,1421.7408747579132,0.2711317666108795,3.0,264.7422222222216,interpolation,0 days 00:00:21.264000,21.264,1922.265,0.0
2023-11-25 14:17:02.369,0 days 00:32:02.365000,1765.927463284827,11773.32049395853,-205.19934264008023,OnTrack,104.0,7732.0,11.0,1.0,8,3,1424.9866666666678,0.2717507523275432,3.0,268.9088888888882,interpolation,0 days 00:00:21.364000,21.364,1922.365,0.0
2023-11-25 14:17:02.469,0 days 00:32:02.465000,1752.0,11768.0,-205.0,OnTrack,103.0,7670.0,24.0,1.0,8,3,1429.5644444444456,0.2726237531662173,3.0,275.70888888888817,interpolation,0 days 00:00:21.464000,21.464,1922.465,0.0
2023-11-25 14:17:02.569,0 days 00:32:02.565000,1731.8829985495693,11761.885254601711,-204.87745049421773,OnTrack,103.33333333333331,7783.333333333333,31.666666666666664,0.0,8,3,1433.136814326333,0.2733050186304521,3.0,279.8829629629622,interpolation,0 days 00:00:21.564000,21.564,1922.565,0.0
2023-11-25 14:17:02.669,0 days 00:32:02.665000,1704.0,11751.0,-205.0,OnTrack,103.66666666666669,7896.666666666667,39.33333333333333,0.0,8,3,1435.4871754106578,0.2737532420474478,3.0,284.05703703703625,pos,0 days 00:00:21.664000,21.664,1922.665,0.0
2023-11-25 14:17:02.769,0 days 00:32:02.765000,1666.774545417757,11731.367978431186,-205.53595439461327,OnTrack,104.0,8010.0,47.0,0.0,8,3,1437.6533333333346,0.2741663371724181,3.0,288.2311111111103,interpolation,0 days 00:00:21.764000,21.764,1922.765,0.0
2023-11-25 14:17:02.869,0 days 00:32:02.865000,1631.0,11710.0,-206.0,OnTrack,105.66666666666669,8128.333333333333,48.0,0.0,8,3,1439.8082565859454,0.2745772898001188,3.0,291.7866666666658,interpolation,0 days 00:00:21.864000,21.864,1922.865,0.0
2023-11-25 14:17:02.969,0 days 00:32:02.965000,1606.0,11693.0,-206.0,OnTrack,107.33333333333331,8246.666666666666,49.0,0.0,8,3,1442.0447900319582,0.2750038058235856,3.0,295.3422222222213,interpolation,0 days 00:00:21.964000,21.964,1922.965,0.0
2023-11-25 14:17:03.069,0 days 00:32:03.065000,1582.9561266042072,11674.926701704964,-206.0950184284025,OnTrack,109.0,8365.0,50.0,0.0,8,3,1444.9200000000012,0.2755521200571095,3.0,298.8977777777768,interpolation,0 days 00:00:22.064000,22.064,1923.065,0.0
2023-11-25 14:17:03.169,0 days 00:32:03.165000,1560.2511332506344,11654.668826388624,-206.3949392643821,OnTrack,111.0,8553.0,54.5,0.0,8,3,1448.5267304028157,0.2762399382124192,3.0,304.1977777777768,interpolation,0 days 00:00:22.164000,22.164,1923.165,0.0
2023-11-25 14:17:03.269,0 days 00:32:03.265000,1537.0,11631.0,-207.0,OnTrack,113.0,8741.0,59.0,0.0,8,3,1452.4533333333345,0.2769887573595878,3.0,309.4977777777767,interpolation,0 days 00:00:22.264000,22.264,1923.265,0.0
2023-11-25 14:17:03.369,0 days 00:32:03.365000,1513.055222773871,11603.715825817411,-207.9269069694692,OnTrack,116.0,9084.333333333334,64.66666666666667,0.0,8,3,1456.2881608844896,0.2777200745686888,3.0,314.119999999999,interpolation,0 days 00:00:22.364000,22.364,1923.365,0.0
2023-11-25 14:17:03.469,0 days 00:32:03.465000,1491.0,11576.0,-209.0,OnTrack,119.0,9427.666666666666,70.33333333333333,0.0,8,3,1459.9884674165282,0.2784257380723875,3.0,318.74222222222124,interpolation,0 days 00:00:22.464000,22.464,1923.465,0.0
2023-11-25 14:17:03.569,0 days 00:32:03.565000,1473.417530106139,11551.036218706904,-210.0436189188028,OnTrack,122.0,9771.0,76.0,0.0,8,3,1463.297777777779,0.2790568370162526,3.0,323.3644444444435,interpolation,0 days 00:00:22.564000,22.564,1923.565,0.0
2023-11-25 14:17:03.669,0 days 00:32:03.665000,1457.0,11524.0,-211.0,OnTrack,126.0,10022.5,78.5,0.0,8,3,1466.173345890771,0.279605219549475,3.0,326.6977777777768,interpolation,0 days 00:00:22.664000,22.664,1923.665,0.0
2023-11-25 14:17:03.769,0 days 00:32:03.765000,1438.4395965892954,11490.066861941175,-211.811379517714,OnTrack,130.0,10274.0,81.0,0.0,8,3,1469.0755555555568,0.2801586827349676,3.0,330.03111111111,interpolation,0 days 00:00:22.764000,22.764,1923.765,0.0
2023-11-25 14:17:03.869,0 days 00:32:03.865000,1418.859638168917,11451.846832576211,-212.4778537097518,OnTrack,132.0,10568.0,88.5,0.0,8,3,1472.4647905721883,0.2808050236356435,3.0,334.1977777777768,interpolation,0 days 00:00:22.864000,22.864,1923.865,0.0
2023-11-25 14:17:03.969,0 days 00:32:03.965000,1405.0,11425.0,-213.0,OnTrack,134.0,10862.0,96.0,0.0,8,3,1476.5200000000011,0.2815783685648502,3.0,338.3644444444435,interpolation,0 days 00:00:22.964000,22.964,1923.965,0.0
2023-11-25 14:17:04.069,0 days 00:32:04.065000,1397.983988874717,11412.136365531776,-213.37791462528023,OnTrack,140.33333333333334,10865.333333333334,97.33333333333331,0.0,8,3,1481.4201328983331,0.2825128438359358,3.0,342.8977777777768,interpolation,0 days 00:00:23.064000,23.064,1924.065,0.0
2023-11-25 14:17:04.169,0 days 00:32:04.165000,1394.9801869293342,11406.21609865432,-213.7559249950714,OnTrack,146.66666666666666,10868.666666666666,98.66666666666669,0.0,8,3,1486.9501697436351,0.2835674443513394,3.0,347.4311111111101,interpolation,0 days 00:00:23.164000,23.164,1924.165,0.0
2023-11-25 14:17:04.269,0 days 00:32:04.265000,1379.0,11365.0,-215.0,OnTrack,153.0,10872.0,100.0,0.0,8,3,1491.8200000000013,0.2844961407853703,3.0,351.9644444444434,interpolation,0 days 00:00:23.264000,23.264,1924.265,0.0
2023-11-25 14:17:04.369,0 days 00:32:04.365000,1351.0,11291.0,-217.0,OnTrack,158.0,10835.0,100.0,0.0,8,3,1495.814606345672,0.2852579284603579,3.0,354.6977777777768,interpolation,0 days 00:00:23.364000,23.364,1924.365,0.0
2023-11-25 14:17:04.469,0 days 00:32:04.465000,1333.7084159229848,11241.527390307452,-218.22910601298148,OnTrack,163.0,10798.0,100.0,0.0,8,3,1499.138638381561,0.2858918348874452,3.0,357.4311111111101,interpolation,0 days 00:00:23.464000,23.464,1924.465,0.0
2023-11-25 14:17:04.569,0 days 00:32:04.565000,1322.0,11204.0,-219.0,OnTrack,168.0,10761.0,100.0,0.0,8,3,1503.0200000000011,0.2866320263324176,3.0,360.16444444444346,interpolation,0 days 00:00:23.564000,23.564,1924.565,0.0
2023-11-25 14:17:04.669,0 days 00:32:04.665000,1306.9614469016935,11156.283727307376,-219.87983505534743,OnTrack,172.5,11044.5,100.0,0.0,8,3,1507.6633428975283,0.2875175307060616,3.0,363.38666666666575,interpolation,0 days 00:00:23.664000,23.664,1924.665,0.0
2023-11-25 14:17:04.769,0 days 00:32:04.765000,1288.5927566280652,11098.37857222958,-220.8686111790238,OnTrack,177.0,11328.0,100.0,0.0,8,4,1512.8533333333344,0.2885072829883073,3.0,366.608888888888,interpolation,0 days 00:00:23.764000,23.764,1924.765,0.0
2023-11-25 14:17:04.869,0 days 00:32:04.865000,1270.1776880404043,11040.284131036991,-221.92308171318825,OnTrack,181.33333333333331,11281.333333333334,100.0,0.0,8,4,1518.3746375666108,0.2895602181590846,3.0,369.7496296296288,interpolation,0 days 00:00:23.864000,23.864,1924.865,0.0
2023-11-25 14:17:04.969,0 days 00:32:04.965000,1255.0,10992.0,-223.0,OnTrack,185.66666666666663,11234.666666666666,100.0,0.0,8,4,1524.1529258766066,0.2906621612383697,3.0,372.8903703703695,interpolation,0 days 00:00:23.964000,23.964,1924.965,0.0
2023-11-25 14:17:05.069,0 days 00:32:05.065000,1243.0596925068517,10953.5261791186,-224.09936603945903,OnTrack,190.0,11188.0,100.0,0.0,8,4,1529.7422222222233,0.2917280627814739,3.0,376.0311111111103,interpolation,0 days 00:00:24.064000,24.064,1925.065,0.0
2023-11-25 14:17:05.169,0 days 00:32:05.165000,1233.3688556927789,10921.861626656097,-225.18057537279364,OnTrack,194.0,10790.5,100.0,0.0,8,4,1535.0681976438425,0.2927437479535243,3.0,378.8088888888879,interpolation,0 days 00:00:24.164000,24.164,1925.165,0.0
2023-11-25 14:17:05.269,0 days 00:32:05.265000,1220.0,10879.0,-226.0,OnTrack,198.0,10393.0,100.0,0.0,8,4,1540.7422222222235,0.2938258075151811,3.0,381.5866666666655,interpolation,0 days 00:00:24.264000,24.264,1925.265,0.0
2023-11-25 14:17:05.369,0 days 00:32:05.365000,1201.9652054440853,10821.94022668279,-226.5170350465145,OnTrack,199.5,10719.0,100.0,0.0,8,4,1547.3756660381282,0.2950908322271045,3.0,384.9199999999989,interpolation,0 days 00:00:24.364000,24.364,1925.365,0.0
2023-11-25 14:17:05.469,0 days 00:32:05.465000,1183.0,10762.0,-227.0,OnTrack,201.0,11045.0,100.0,0.0,8,4,1554.1422222222234,0.2963812420089699,3.0,388.2533333333324,interpolation,0 days 00:00:24.464000,24.464,1925.465,0.0
2023-11-25 14:17:05.569,0 days 00:32:05.565000,1166.8399116427092,10710.497013247168,-227.71721434811911,OnTrack,206.0,11223.0,100.0,0.0,8,4,1560.215583905177,0.2975394567804531,3.0,390.8216666666657,interpolation,0 days 00:00:24.564000,24.564,1925.565,0.0
2023-11-25 14:17:05.669,0 days 00:32:05.665000,1152.49214962922,10664.453171866724,-228.5737454081408,OnTrack,211.0,11401.0,100.0,0.0,8,5,1565.9230555555569,0.2986278948347592,3.0,393.38999999999896,interpolation,0 days 00:00:24.664000,24.664,1925.665,0.0
2023-11-25 14:17:05.769,0 days 00:32:05.765000,1134.0,10606.0,-229.0,OnTrack,214.33333333333331,11559.666666666666,100.0,0.0,8,5,1571.5919416419306,0.2997089744650933,3.0,395.5677777777767,interpolation,0 days 00:00:24.764000,24.764,1925.765,0.0
2023-11-25 14:17:05.869,0 days 00:32:05.865000,1112.0,10537.0,-229.0,OnTrack,217.66666666666663,11718.333333333334,100.0,0.0,8,5,1577.2553517537044,0.3007890098048023,3.0,397.7455555555544,interpolation,0 days 00:00:24.864000,24.864,1925.865,0.0
2023-11-25 14:17:05.969,0 days 00:32:05.965000,1096.268006507659,10486.496421655227,-229.16746388986928,OnTrack,221.0,11877.0,100.0,0.0,8,5,1583.1119444444455,0.301905885847936,3.0,399.923333333332,interpolation,0 days 00:00:24.964000,24.964,1925.965,0.0
2023-11-25 14:17:06.069,0 days 00:32:06.065000,1085.8226514763892,10451.385301310398,-229.45671696513523,OnTrack,223.5,11632.0,100.0,0.0,8,5,1589.1948296426056,0.3030659167924983,3.0,402.0899999999988,interpolation,0 days 00:00:25.064000,25.064,1926.065,0.0
2023-11-25 14:17:06.169,0 days 00:32:06.165000,1065.0,10384.0,-229.0,OnTrack,226.0,11387.0,100.0,0.0,8,5,1595.5040073481832,0.304269102638489,3.0,404.2566666666655,interpolation,0 days 00:00:25.164000,25.164,1926.165,0.0
2023-11-25 14:17:06.269,0 days 00:32:06.265000,1031.1894096273295,10276.39611857192,-227.65268719731745,OnTrack,228.5,11142.0,100.0,0.0,8,5,1602.0338202685589,0.3055143645171991,3.0,406.42333333333227,interpolation,0 days 00:00:25.264000,25.264,1926.265,0.0
2023-11-25 14:17:06.369,0 days 00:32:06.365000,996.0,10165.0,-226.0,OnTrack,231.0,10897.0,100.0,0.0,8,5,1608.7786111111122,0.3068006235599194,3.0,408.589999999999,interpolation,0 days 00:00:25.364000,25.364,1926.365,0.0
2023-11-25 14:17:06.469,0 days 00:32:06.465000,971.0408907596355,10086.237987258097,-224.6271598509604,OnTrack,233.33333333333331,10924.0,100.0,0.0,8,5,1615.7383798758442,0.30812787976665,3.0,410.75296296296193,interpolation,0 days 00:00:25.464000,25.464,1926.465,0.0
2023-11-25 14:17:06.569,0 days 00:32:06.565000,956.312081906236,10040.110080346203,-223.53416675019855,OnTrack,235.66666666666663,10951.0,100.0,0.0,8,6,1622.872161477908,0.3094883209291179,3.0,412.9159259259249,interpolation,0 days 00:00:25.564000,25.564,1926.565,0.0
2023-11-25 14:17:06.669,0 days 00:32:06.665000,946.4272320997184,10009.177133261206,-222.67409027433743,OnTrack,238.0,10978.0,100.0,0.0,8,6,1629.9341666666678,0.3108350740376755,3.0,415.07888888888783,interpolation,0 days 00:00:25.664000,25.664,1926.665,0.0
2023-11-25 14:17:06.769,0 days 00:32:06.765000,936.0,9976.0,-222.0,OnTrack,240.5,11094.0,100.0,0.0,8,6,1636.883430776758,0.3121603269640466,3.0,417.0233333333322,interpolation,0 days 00:00:25.764000,25.764,1926.765,0.0
2023-11-25 14:17:06.869,0 days 00:32:06.865000,925.0303856070811,9940.578680562578,-221.51189592718612,OnTrack,243.0,11210.0,100.0,0.0,8,6,1643.4341666666678,0.3134095789381343,3.0,418.9677777777765,interpolation,0 days 00:00:25.864000,25.864,1926.865,0.0
2023-11-25 14:17:06.969,0 days 00:32:06.965000,912.0,9899.0,-221.0,OnTrack,244.75,11269.5,100.0,0.0,8,6,1649.3005871948874,0.3145283291898419,3.0,420.3677777777765,interpolation,0 days 00:00:25.964000,25.964,1926.965,0.0
2023-11-25 14:17:07.069,0 days 00:32:07.065000,895.390454257795,9847.350783363328,-220.2545341625458,OnTrack,246.5,11329.0,100.0,0.0,8,6,1654.4826923614164,0.3155165777191695,3.0,421.7677777777765,interpolation,0 days 00:00:26.064000,26.064,1927.065,0.0
2023-11-25 14:17:07.169,0 days 00:32:07.165000,874.8202071974629,9784.537618621674,-219.26851035458355,OnTrack,248.25,11388.5,100.0,0.0,8,6,1659.6960902361266,0.3165107938952053,3.0,423.1677777777765,interpolation,0 days 00:00:26.164000,26.164,1927.165,0.0
2023-11-25 14:17:07.269,0 days 00:32:07.265000,848.0,9704.0,-218.0,OnTrack,250.0,11448.0,100.0,0.0,8,6,1665.65638888889,0.3176474470870377,3.0,424.5677777777764,interpolation,0 days 00:00:26.264000,26.264,1927.265,0.0
2023-11-25 14:17:07.369,0 days 00:32:07.365000,814.5482875754012,9604.644504270818,-216.4420149669972,OnTrack,251.5,11530.5,100.0,0.0,8,6,1672.3635883197069,0.3189265372946668,3.0,426.2537499999986,interpolation,0 days 00:00:26.364000,26.364,1927.365,0.0
2023-11-25 14:17:07.469,0 days 00:32:07.465000,781.0,9506.0,-215.0,OnTrack,253.0,11613.0,100.0,0.0,8,6,1679.6416666666676,0.3203144964331982,3.0,427.9397222222208,interpolation,0 days 00:00:26.464000,26.464,1927.465,0.0
2023-11-25 14:17:07.569,0 days 00:32:07.565000,753.8900673501294,9427.595355753416,-214.0793998434336,OnTrack,254.75,11364.25,100.0,0.0,8,6,1687.3146020678646,0.3217777564177379,3.0,429.6508333333319,interpolation,0 days 00:00:26.564000,26.564,1927.565,0.0
2023-11-25 14:17:07.669,0 days 00:32:07.665000,733.2184896257894,9369.430571531067,-213.680214497298,OnTrack,256.5,11115.5,100.0,0.0,8,6,1695.3823945232975,0.3233163172482858,3.0,431.361944444443,interpolation,0 days 00:00:26.664000,26.664,1927.665,0.0
2023-11-25 14:17:07.769,0 days 00:32:07.765000,716.1876670885547,9322.050501543185,-213.6909219025133,OnTrack,258.25,10866.75,100.0,0.0,8,6,1703.5242674948595,0.3248690055345228,3.0,433.0730555555541,interpolation,0 days 00:00:26.764000,26.764,1927.765,0.0
2023-11-25 14:17:07.869,0 days 00:32:07.865000,700.0,9276.0,-214.0,OnTrack,260.0,10618.0,100.0,0.0,8,6,1711.4194444444454,0.3263746478861301,3.0,434.7841666666652,interpolation,0 days 00:00:26.864000,26.864,1927.865,0.0
2023-11-25 14:17:07.969,0 days 00:32:07.965000,684.6554883601252,9231.279066901516,-214.607448789758,OnTrack,262.0,10703.5,100.0,0.0,8,6,1719.0679253720543,0.3278332443031075,3.0,436.2286111111098,interpolation,0 days 00:00:26.964000,26.964,1927.965,0.0
2023-11-25 14:17:08.069,0 days 00:32:08.065000,667.0,9180.0,-215.0,OnTrack,264.0,10789.0,100.0,0.0,8,6,1726.086111111112,0.3291716408644063,3.0,437.6730555555544,pos,0 days 00:00:27.064000,27.064,1928.065,0.0
2023-11-25 14:17:08.169,0 days 00:32:08.165000,643.8794027506942,9114.27509704772,-214.6643853589388,OnTrack,265.5,10786.5,100.0,0.0,12,6,1732.0904024950446,0.3303166836489781,3.0,438.7619444444431,interpolation,0 days 00:00:27.164000,27.164,1928.165,1.0
2023-11-25 14:17:08.269,0 days 00:32:08.265000,618.0,9041.0,-214.0,OnTrack,267.0,10784.0,100.0,0.0,12,6,1737.9527777777787,0.3314346624559208,3.0,439.8508333333318,pos,0 days 00:00:27.264000,27.264,1928.265,1.0
2023-11-25 14:17:08.369,0 days 00:32:08.365000,592.0680951357097,8967.070350812164,-213.4062390566095,OnTrack,269.3333333333333,10867.333333333334,100.0,0.0,12,7,1744.5452152132402,0.3326918670843329,3.0,441.1545370370356,interpolation,0 days 00:00:27.364000,27.364,1928.365,1.0
2023-11-25 14:17:08.469,0 days 00:32:08.465000,561.0,8878.0,-213.0,OnTrack,271.6666666666667,10950.666666666666,100.0,0.0,12,7,1752.13305353918,0.3341388987105567,3.0,442.4582407407393,interpolation,0 days 00:00:27.464000,27.464,1928.465,1.0
2023-11-25 14:17:08.569,0 days 00:32:08.565000,519.7120264350473,8759.302798079296,-212.89818030140427,OnTrack,274.0,11034.0,100.0,0.0,12,7,1762.3083333333343,0.336079365947119,3.0,443.7619444444431,interpolation,0 days 00:00:27.564000,27.564,1928.565,1.0
2023-11-25 14:17:08.669,0 days 00:32:08.665000,481.0,8648.0,-213.0,OnTrack,276.0,11124.0,100.0,0.0,12,7,1774.575000000001,0.3384186691653137,3.0,445.6730555555544,interpolation,0 days 00:00:27.664000,27.664,1928.665,1.0
2023-11-25 14:17:08.769,0 days 00:32:08.765000,457.6597462540069,8581.112860712065,-213.20467913496495,OnTrack,277.75,11182.75,100.0,0.0,12,7,1784.3646538458004,0.3402855959652993,3.0,446.5980555555544,interpolation,0 days 00:00:27.764000,27.764,1928.765,1.0
2023-11-25 14:17:08.869,0 days 00:32:08.865000,449.69126519706776,8558.64138021549,-213.51221770629928,OnTrack,279.5,11241.5,100.0,0.0,12,7,1790.9158910234623,0.341534943537,3.0,447.5230555555544,interpolation,0 days 00:00:27.864000,27.864,1928.865,1.0
2023-11-25 14:17:08.969,0 days 00:32:08.965000,439.3771515415948,8529.59920961117,-213.81364742448383,OnTrack,281.25,11300.25,100.0,0.0,12,7,1796.3716826893935,0.3425753851947646,3.0,448.4480555555544,interpolation,0 days 00:00:27.964000,27.964,1928.965,1.0
2023-11-25 14:17:09.069,0 days 00:32:09.065000,409.0,8443.0,-214.0,OnTrack,283.0,11359.0,100.0,0.0,12,7,1802.875000000001,0.3438155942529421,3.0,449.3730555555544,interpolation,0 days 00:00:28.064000,28.064,1929.065,1.0
2023-11-25 14:17:09.169,0 days 00:32:09.165000,358.55981057228325,8298.84375138198,-214.07127543284747,OnTrack,283.5,11412.5,100.0,0.0,12,7,1810.425842955285,0.3452555707115329,3.0,450.4008333333319,interpolation,0 days 00:00:28.164000,28.164,1929.165,1.0
2023-11-25 14:17:09.269,0 days 00:32:09.265000,310.0,8160.0,-214.0,OnTrack,284.0,11466.0,100.0,0.0,12,7,1818.652777777779,0.3468244806386636,3.0,451.4286111111094,interpolation,0 days 00:00:28.264000,28.264,1929.265,1.0
2023-11-25 14:17:09.369,0 days 00:32:09.365000,285.26398502470545,8089.338282096942,-213.75869997843097,OnTrack,285.3333333333333,11503.333333333334,100.0,0.0,12,7,1827.1843706900163,0.3484514901024618,3.0,452.4063888888873,interpolation,0 days 00:00:28.364000,28.364,1929.365,1.0
2023-11-25 14:17:09.469,0 days 00:32:09.465000,281.10027211855265,8077.574016345147,-213.37337254919632,OnTrack,286.6666666666667,11540.666666666666,100.0,0.0,12,7,1835.9196494804344,0.3501173432915585,3.0,453.3841666666651,interpolation,0 days 00:00:28.464000,28.464,1929.465,1.0
2023-11-25 14:17:09.569,0 days 00:32:09.565000,278.0,8069.0,-213.0,OnTrack,288.0,11578.0,100.0,0.0,12,7,1844.2527777777784,0.3517065047462003,3.0,454.361944444443,interpolation,0 days 00:00:28.564000,28.564,1929.565,1.0
2023-11-25 14:17:09.669,0 days 00:32:09.665000,272.71170843632376,8054.331746807458,-212.664579245688,OnTrack,289.3333333333333,11563.333333333334,100.0,0.0,12,7,1852.0827823365255,0.3531997184578381,3.0,455.16564814814666,interpolation,0 days 00:00:28.664000,28.664,1929.665,1.0
2023-11-25 14:17:09.769,0 days 00:32:09.765000,265.2353974275239,8033.569256767527,-212.3671102862604,OnTrack,290.6666666666667,11548.666666666666,100.0,0.0,12,7,1859.4908266171192,0.3546124626284457,3.0,455.9693518518504,interpolation,0 days 00:00:28.764000,28.764,1929.765,1.0
2023-11-25 14:17:09.869,0 days 00:32:09.865000,240.14138770496203,7962.27213834383,-212.3860861837025,OnTrack,292.0,11534.0,100.0,0.0,12,7,1866.9638888888896,0.3560376059943796,3.0,456.7730555555541,interpolation,0 days 00:00:28.864000,28.864,1929.865,1.0
2023-11-25 14:17:09.969,0 days 00:32:09.965000,182.0,7796.0,-213.0,OnTrack,293.0,11029.0,100.0,0.0,12,7,1874.5831317811728,0.357490626599118,3.0,457.4989814814799,pos,0 days 00:00:28.964000,28.964,1929.965,1.0
2023-11-25 14:17:10.069,0 days 00:32:10.065000,101.0,7564.0,-214.0,OnTrack,294.0,10524.0,100.0,0.0,12,7,1882.309463639185,0.3589640695051198,3.0,458.22490740740585,interpolation,0 days 00:00:29.064000,29.064,1930.065,1.0
2023-11-25 14:17:10.169,0 days 00:32:10.165000,58.27366883132245,7441.754189457976,-214.13298218868988,OnTrack,295.0,10019.0,100.0,0.0,12,7,1889.9083333333344,0.3604132048581225,3.0,458.9508333333317,interpolation,0 days 00:00:29.164000,29.164,1930.165,1.0
2023-11-25 14:17:10.269,0 days 00:32:10.265000,56.65319862193593,7437.368720202753,-213.3932816250186,OnTrack,296.3333333333333,10213.333333333334,100.0,0.0,12,7,1897.3406488085395,0.3618305776442462,3.0,459.59898148148005,interpolation,0 days 00:00:29.264000,29.264,1930.265,1.0
2023-11-25 14:17:10.369,0 days 00:32:10.365000,52.0,7424.0,-213.0,OnTrack,297.6666666666667,10407.666666666666,100.0,0.0,12,7,1904.7684408163927,0.3632470877867505,3.0,460.2471296296284,interpolation,0 days 00:00:29.364000,29.364,1930.365,1.0
2023-11-25 14:17:10.469,0 days 00:32:10.465000,36.95767906840658,7380.507538383674,-213.15631988850467,OnTrack,299.0,10602.0,100.0,0.0,12,7,1913.1638888888897,0.3648481338759499,3.0,460.8952777777768,interpolation,0 days 00:00:29.464000,29.464,1930.465,1.0
2023-11-25 14:17:10.569,0 days 00:32:10.565000,12.781157068537963,7310.54116835005,-213.7380456915569,OnTrack,299.5,10646.75,100.0,0.0,12,8,1922.6890221184376,0.3666646155186902,3.0,461.6952777777767,interpolation,0 days 00:00:29.564000,29.564,1930.565,1.0
2023-11-25 14:17:10.669,0 days 00:32:10.665000,-13.0,7236.0,-214.0,OnTrack,300.0,10691.5,100.0,0.0,12,8,1933.343840505037,0.3686965327149716,3.0,462.49527777777655,interpolation,0 days 00:00:29.664000,29.664,1930.665,1.0
2023-11-25 14:17:10.769,0 days 00:32:10.765000,-39.13085804536572,7160.53390370428,-213.8179859430888,OnTrack,300.5,10736.25,100.0,0.0,12,8,1943.942016416896,0.3707176479609719,3.0,463.2952777777765,interpolation,0 days 00:00:29.764000,29.764,1930.765,1.0
2023-11-25 14:17:10.869,0 days 00:32:10.865000,-66.56234508376237,7081.495434062324,-213.2895535501036,OnTrack,301.0,10781.0,100.0,0.0,12,8,1953.2972222222231,0.3725017237528695,3.0,464.0952777777764,interpolation,0 days 00:00:29.864000,29.864,1930.865,1.0
2023-11-25 14:17:10.969,0 days 00:32:10.965000,-101.0,6983.0,-213.0,OnTrack,302.25,10813.0,100.0,0.0,12,8,1961.4094579210184,0.3740487600906639,3.0,464.57027777777625,interpolation,0 days 00:00:29.964000,29.964,1930.965,1.0
2023-11-25 14:17:11.069,0 days 00:32:11.065000,-140.0,6872.0,-213.0,OnTrack,303.5,10845.0,100.0,0.0,12,8,1968.2787235132816,0.3753587569743555,3.0,465.04527777777616,interpolation,0 days 00:00:30.064000,30.064,1931.065,1.0
2023-11-25 14:17:11.169,0 days 00:32:11.165000,-163.19400293287947,6806.094039798278,-213.00830905117084,OnTrack,304.75,10877.0,100.0,0.0,12,8,1975.3072384600164,0.376699123357564,3.0,465.5202777777761,interpolation,0 days 00:00:30.164000,30.164,1931.165,1.0
2023-11-25 14:17:11.269,0 days 00:32:11.265000,-185.0,6744.0,-213.0,OnTrack,306.0,10909.0,100.0,0.0,12,8,1983.8972222222235,0.3783372681939095,3.0,465.995277777776,interpolation,0 days 00:00:30.264000,30.264,1931.265,1.0
2023-11-25 14:17:11.369,0 days 00:32:11.365000,-223.2306887135816,6634.836042738402,-212.99701953613587,OnTrack,306.0,10929.5,100.0,0.0,12,8,1994.0486747999037,0.380273191483392,3.0,466.6619444444429,interpolation,0 days 00:00:30.364000,30.364,1931.365,1.0
2023-11-25 14:17:11.469,0 days 00:32:11.465000,-273.4453715738587,6491.235724933071,-212.9985849490925,OnTrack,306.0,10950.0,100.0,0.0,12,8,2004.2972222222236,0.3822276311546029,3.0,467.3286111111097,interpolation,0 days 00:00:30.464000,30.464,1931.465,1.0
2023-11-25 14:17:11.569,0 days 00:32:11.565000,-309.0,6389.0,-213.0,OnTrack,307.5,10985.0,100.0,0.0,12,8,2013.1784905183504,0.383921325136134,3.0,467.7174999999989,interpolation,0 days 00:00:30.564000,30.564,1931.565,1.0
2023-11-25 14:17:11.669,0 days 00:32:11.665000,-325.4539219647497,6340.762295491821,-213.00048198638743,OnTrack,309.0,11020.0,100.0,0.0,12,8,2021.4638888888896,0.3855013842996307,3.0,468.106388888888,interpolation,0 days 00:00:30.664000,30.664,1931.665,1.0
2023-11-25 14:17:11.769,0 days 00:32:11.765000,-337.0,6307.0,-213.0,OnTrack,309.75,11046.5,100.0,0.0,12,8,2029.9248265344463,0.3871149195167391,3.0,466.6897222222212,interpolation,0 days 00:00:30.764000,30.764,1931.765,1.0
2023-11-25 14:17:11.869,0 days 00:32:11.865000,-357.83109663764293,6248.190502116013,-212.998523132583,OnTrack,310.5,11073.0,100.0,0.0,12,8,2038.561303455021,0.388761930787459,3.0,465.2730555555545,interpolation,0 days 00:00:30.864000,30.864,1931.865,1.0
2023-11-25 14:17:11.969,0 days 00:32:11.965000,-386.9085103431134,6166.952692992731,-212.99687529747288,OnTrack,311.25,11099.5,100.0,0.0,12,8,2047.3157397591965,0.3904314373923371,3.0,463.85638888888775,interpolation,0 days 00:00:30.964000,30.964,1931.965,1.0
2023-11-25 14:17:12.069,0 days 00:32:12.065000,-418.0,6079.0,-213.0,OnTrack,312.0,11126.0,100.0,0.0,12,8,2056.130555555557,0.3921124586119202,3.0,462.439722222221,interpolation,0 days 00:00:31.064000,31.064,1932.065,1.0
2023-11-25 14:17:12.169,0 days 00:32:12.165000,-450.06685343737945,5986.95134110828,-213.0087211619379,OnTrack,313.0,11140.5,100.0,0.0,12,8,2065.0057508441014,0.3938049944462081,3.0,460.1784722222212,interpolation,0 days 00:00:31.164000,31.164,1932.165,1.0
2023-11-25 14:17:12.269,0 days 00:32:12.265000,-482.87277522051966,5891.743816668652,-213.01826622654667,OnTrack,314.0,11155.0,100.0,0.0,12,8,2073.662222222223,0.3954558187412937,3.0,457.9172222222214,interpolation,0 days 00:00:31.264000,31.264,1932.265,1.0
2023-11-25 14:17:12.369,0 days 00:32:12.365000,-515.0,5799.0,-213.0,OnTrack,314.4,11166.2,100.0,0.0,12,8,2081.820866287313,0.3970117053432695,3.0,454.9594444444436,interpolation,0 days 00:00:31.364000,31.364,1932.365,1.0
2023-11-25 14:17:12.469,0 days 00:32:12.465000,-546.2122347607412,5709.656981857547,-212.94914997442876,OnTrack,314.8,11177.4,100.0,0.0,12,8,2089.4816830393734,0.3984726542521359,3.0,452.00166666666576,interpolation,0 days 00:00:31.464000,31.464,1932.465,1.0
2023-11-25 14:17:12.569,0 days 00:32:12.565000,-576.0770660647189,5624.806609497638,-212.89352732976897,OnTrack,315.2,11188.6,100.0,0.0,12,8,2096.7569639394296,0.3998600799061662,3.0,449.0438888888879,interpolation,0 days 00:00:31.564000,31.564,1932.565,1.0
2023-11-25 14:17:12.669,0 days 00:32:12.665000,-602.0,5551.0,-213.0,OnTrack,315.6,11199.8,100.0,0.0,12,8,2104.320454304064,0.4013024682771533,3.0,446.08611111111,interpolation,0 days 00:00:31.664000,31.664,1932.665,1.0
2023-11-25 14:17:12.769,0 days 00:32:12.765000,-623.5486187006238,5489.329011801549,-213.2963794498458,OnTrack,316.0,11211.0,100.0,0.0,12,8,2112.2844444444454,0.4028212335840879,3.0,443.1283333333322,interpolation,0 days 00:00:31.764000,31.764,1932.765,1.0
2023-11-25 14:17:12.869,0 days 00:32:12.865000,-643.3314965818385,5432.416519799317,-213.73168120657093,OnTrack,316.5,11227.5,100.0,0.0,12,8,2120.648934360573,0.4044163758269702,3.0,438.7949999999992,interpolation,0 days 00:00:31.864000,31.864,1932.865,1.0
2023-11-25 14:17:12.969,0 days 00:32:12.965000,-677.0,5336.0,-214.0,OnTrack,317.0,11244.0,100.0,0.0,12,8,2129.8955555555563,0.4061797440920938,3.0,434.4616666666661,interpolation,0 days 00:00:31.964000,31.964,1932.965,1.0
2023-11-25 14:17:13.069,0 days 00:32:13.065000,-727.1626766586916,5192.702402842006,-214.05035187947576,OnTrack,317.0,11265.5,100.0,0.0,12,8,2140.5059395325,0.4082031874657525,3.0,428.6283333333324,interpolation,0 days 00:00:32.064000,32.064,1933.065,1.0
2023-11-25 14:17:13.169,0 days 00:32:13.165000,-774.0,5059.0,-214.0,OnTrack,317.0,11287.0,100.0,0.0,12,8,2151.02888888889,0.4102099567017011,3.0,422.7949999999987,interpolation,0 days 00:00:32.164000,32.164,1933.165,1.0
2023-11-25 14:17:13.269,0 days 00:32:13.265000,-797.6924434660123,4991.369063148648,-213.9662075165743,OnTrack,317.6666666666667,11303.0,100.0,0.0,12,8,2160.01320622221,0.4119233025536943,3.0,417.6357407407395,interpolation,0 days 00:00:32.264000,32.264,1933.265,1.0
2023-11-25 14:17:13.369,0 days 00:32:13.365000,-802.6130264887546,4977.329458507182,-213.95471877204972,OnTrack,318.3333333333333,11319.0,100.0,0.0,12,8,2167.733787490809,0.413395648798909,3.0,412.4764814814803,interpolation,0 days 00:00:32.364000,32.364,1933.365,1.0
2023-11-25 14:17:13.469,0 days 00:32:13.465000,-815.0,4942.0,-214.0,OnTrack,319.0,11335.0,100.0,0.0,12,8,2175.840000000001,0.4149415364899517,3.0,407.31722222222106,interpolation,0 days 00:00:32.464000,32.464,1933.465,1.0
2023-11-25 14:17:13.569,0 days 00:32:13.565000,-839.2264282117234,4872.900426049111,-214.10779560209855,OnTrack,319.0,11351.0,100.0,0.0,12,8,2184.606736893215,0.4166133888671822,3.0,401.20611111111,interpolation,0 days 00:00:32.564000,32.564,1933.565,1.0
2023-11-25 14:17:13.669,0 days 00:32:13.665000,-873.0481202708231,4776.431766079265,-214.22133539248827,OnTrack,319.0,11367.0,100.0,0.0,12,8,2194.0339981704506,0.4184112059306007,3.0,395.0949999999989,interpolation,0 days 00:00:32.664000,32.664,1933.665,1.0
2023-11-25 14:17:13.769,0 days 00:32:13.765000,-903.0,4691.0,-214.0,OnTrack,319.0,11383.0,100.0,0.0,12,8,2203.2253714735725,0.4201640381980699,3.0,388.9838888888878,interpolation,0 days 00:00:32.764000,32.764,1933.765,1.0
2023-11-25 14:17:13.869,0 days 00:32:13.865000,-926.8378995265492,4623.00609168986,-213.3870198201003,OnTrack,319.0,11399.0,100.0,0.0,12,8,2211.2844444444454,0.4217009361874527,3.0,382.8727777777767,interpolation,0 days 00:00:32.864000,32.864,1933.865,1.0
2023-11-25 14:17:13.969,0 days 00:32:13.965000,-950.0,4557.0,-213.0,OnTrack,319.5,11394.5,100.0,0.0,12,8,2218.211217083069,0.423021899898749,3.0,377.83777777777686,pos,0 days 00:00:32.964000,32.964,1933.965,1.0
2023-11-25 14:17:14.069,0 days 00:32:14.065000,-977.9244825698812,4477.5316837815735,-213.45654568690972,OnTrack,320.0,11390.0,100.0,0.0,12,8,2225.4177777777786,0.4243962203301552,3.0,372.802777777777,interpolation,0 days 00:00:33.064000,33.064,1934.065,1.0
2023-11-25 14:17:14.169,0 days 00:32:14.165000,-1015.0,4372.0,-214.0,OnTrack,320.6666666666667,11405.0,100.0,0.0,12,8,2234.3162149169093,0.4260931884798676,3.0,365.69166666666587,interpolation,0 days 00:00:33.164000,33.164,1934.165,1.0
2023-11-25 14:17:14.269,0 days 00:32:14.265000,-1062.0,4238.0,-214.0,OnTrack,321.3333333333333,11420.0,100.0,0.0,12,8,2244.556672080372,0.4280460853058138,3.0,358.58055555555467,interpolation,0 days 00:00:33.264000,33.264,1934.265,1.0
2023-11-25 14:17:14.369,0 days 00:32:14.365000,-1097.2333633036155,4136.708536831367,-214.2143054565267,OnTrack,322.0,11435.0,100.0,0.0,12,8,2254.040000000001,0.4298545945059429,3.0,351.4694444444435,interpolation,0 days 00:00:33.364000,33.364,1934.365,1.0
2023-11-25 14:17:14.469,0 days 00:32:14.465000,-1118.91218636682,4073.339517803492,-214.69535202311957,OnTrack,322.5,11456.25,100.0,0.0,12,8,2262.4163386731598,0.4314519963549763,3.0,344.5805555555546,interpolation,0 days 00:00:33.464000,33.464,1934.465,1.0
2023-11-25 14:17:14.569,0 days 00:32:14.565000,-1138.0,4018.0,-215.0,OnTrack,323.0,11477.5,100.0,0.0,12,8,2269.6856880998475,0.4328382908529137,3.0,337.6916666666657,interpolation,0 days 00:00:33.564000,33.564,1934.565,1.0
2023-11-25 14:17:14.669,0 days 00:32:14.665000,-1156.3240499826911,3965.707851776766,-215.0543931486837,OnTrack,323.5,11498.75,100.0,0.0,12,8,2278.1321934766115,0.4344490737776715,3.0,330.8027777777768,interpolation,0 days 00:00:33.664000,33.664,1934.665,1.0
2023-11-25 14:17:14.769,0 days 00:32:14.765000,-1186.0,3882.0,-217.0,OnTrack,324.0,11520.0,100.0,0.0,12,8,2290.040000000001,0.4367199409071664,3.0,323.91388888888787,pos,0 days 00:00:33.764000,33.764,1934.765,1.0
2023-11-25 14:17:14.869,0 days 00:32:14.865000,-1234.0,3747.0,-222.0,OnTrack,324.0,11497.0,100.0,0.0,12,8,2304.4400000000014,0.4394660794676559,3.0,312.75833333333185,interpolation,0 days 00:00:33.864000,33.864,1934.865,1.0
2023-11-25 14:17:14.969,0 days 00:32:14.965000,-1269.4631255686886,3648.2271744615646,-224.1846886929519,OnTrack,324.3333333333333,11515.666666666666,100.0,0.0,12,8,2315.517517685449,0.4415786071392192,3.0,306.043518518517,interpolation,0 days 00:00:33.964000,33.964,1934.965,1.0
2023-11-25 14:17:15.069,0 days 00:32:15.065000,-1290.2072179452248,3591.8099198275645,-223.22320089306444,OnTrack,324.6666666666667,11534.333333333334,100.0,0.0,12,8,2322.850102979572,0.4429769609742378,3.0,299.3287037037021,interpolation,0 days 00:00:34.064000,34.064,1935.065,1.0
2023-11-25 14:17:15.169,0 days 00:32:15.165000,-1314.0,3527.0,-223.0,OnTrack,325.0,11553.0,100.0,0.0,12,8,2329.7177777777792,0.4442866544870336,3.0,292.61388888888723,interpolation,0 days 00:00:34.164000,34.164,1935.165,1.0
2023-11-25 14:17:15.269,0 days 00:32:15.265000,-1343.8027437163164,3445.339418934293,-224.1624932656327,OnTrack,325.0,11555.5,100.0,0.0,12,8,2336.66721519493,0.4456119404637659,3.0,286.85833333333176,interpolation,0 days 00:00:34.264000,34.264,1935.265,1.0
2023-11-25 14:17:15.369,0 days 00:32:15.365000,-1376.0,3357.0,-226.0,OnTrack,325.0,11558.0,100.0,0.0,12,8,2344.162222222224,0.4470412687838208,3.0,281.1027777777763,interpolation,0 days 00:00:34.364000,34.364,1935.365,1.0
2023-11-25 14:17:15.469,0 days 00:32:15.465000,-1406.9763197568786,3272.153566566676,-227.80183951313964,OnTrack,325.5,11570.5,100.0,0.0,12,8,2352.666605850861,0.4486630893265843,3.0,273.96388888888737,interpolation,0 days 00:00:34.464000,34.464,1935.465,1.0
2023-11-25 14:17:15.569,0 days 00:32:15.565000,-1437.813238218608,3187.695722985924,-229.5348433765184,OnTrack,326.0,11583.0,100.0,0.0,12,8,2362.273333333335,0.4504951313251771,3.0,266.82499999999845,interpolation,0 days 00:00:34.564000,34.564,1935.565,1.0
2023-11-25 14:17:15.669,0 days 00:32:15.665000,-1475.0,3085.0,-231.0,OnTrack,326.3333333333333,11583.666666666666,100.0,0.0,12,8,2373.07537192214,0.4525551240127197,3.0,258.42499999999853,interpolation,0 days 00:00:34.664000,34.664,1935.665,1.0
2023-11-25 14:17:15.769,0 days 00:32:15.765000,-1519.618151407688,2960.961970171334,-232.16414061540485,OnTrack,326.6666666666667,11584.333333333334,100.0,0.0,12,8,2384.7069371370253,0.4547733108012922,3.0,250.02499999999856,interpolation,0 days 00:00:34.764000,34.764,1935.765,1.0
2023-11-25 14:17:15.869,0 days 00:32:15.865000,-1561.0,2846.0,-233.0,OnTrack,327.0,11585.0,100.0,0.0,12,8,2394.9733333333347,0.4567311543062885,3.0,241.62499999999864,interpolation,0 days 00:00:34.864000,34.864,1935.865,1.0
2023-11-25 14:17:15.969,0 days 00:32:15.965000,-1588.4778533352646,2770.5324559860737,-233.4803129310528,OnTrack,327.0,11594.25,100.0,0.0,12,8,2403.508779776429,0.4583588986540922,3.0,236.26944444444317,interpolation,0 days 00:00:34.964000,34.964,1935.965,1.0
2023-11-25 14:17:16.069,0 days 00:32:16.065000,-1604.5271005033758,2727.5503534911422,-233.67460193114016,OnTrack,327.0,11603.5,100.0,0.0,12,8,2410.3132764663096,0.4596565438447035,3.0,230.91388888888764,interpolation,0 days 00:00:35.064000,35.064,1936.065,1.0
2023-11-25 14:17:16.169,0 days 00:32:16.165000,-1624.0,2675.0,-234.0,OnTrack,327.0,11612.75,100.0,0.0,12,8,2416.7144682563685,0.4608772771507985,3.0,225.55833333333211,interpolation,0 days 00:00:35.164000,35.164,1936.165,1.0
2023-11-25 14:17:16.269,0 days 00:32:16.265000,-1649.3719155671758,2605.8724826458674,-234.5260289483023,OnTrack,327.0,11622.0,100.0,0.0,12,8,2424.0400000000013,0.4622742858450541,3.0,220.20277777777665,interpolation,0 days 00:00:35.264000,35.264,1936.265,1.0
2023-11-25 14:17:16.369,0 days 00:32:16.365000,-1680.0,2522.0,-235.0,OnTrack,327.0,11608.75,100.0,0.0,12,8,2432.2898716972063,0.4638475699274698,3.0,213.7583333333323,pos,0 days 00:00:35.364000,35.364,1936.365,1.0
2023-11-25 14:17:16.469,0 days 00:32:16.465000,-1715.2414060935685,2425.2147506336496,-235.16922437904609,OnTrack,327.0,11595.5,100.0,0.0,12,8,2441.4640833479843,0.4655971293980456,3.0,207.313888888888,interpolation,0 days 00:00:35.464000,35.464,1936.465,1.0
2023-11-25 14:17:16.569,0 days 00:32:16.565000,-1754.3667826415267,2317.860509686759,-235.07887602911472,OnTrack,327.0,11582.25,100.0,0.0,12,8,2451.009586658104,0.46741749569799,3.0,200.8694444444436,interpolation,0 days 00:00:35.564000,35.564,1936.565,1.0
2023-11-25 14:17:16.669,0 days 00:32:16.665000,-1793.0,2214.0,-235.0,OnTrack,327.0,11569.0,100.0,0.0,12,8,2460.3733333333344,0.4692032002685112,3.0,194.42499999999927,interpolation,0 days 00:00:35.664000,35.664,1936.665,1.0
2023-11-25 14:17:16.769,0 days 00:32:16.765000,-1830.4116994940389,2115.9770207136944,-234.97777069795967,OnTrack,326.0,11567.0,100.0,0.0,12,8,2469.5553233736755,0.4709542431096092,3.0,188.09166666666624,interpolation,0 days 00:00:35.764000,35.764,1936.765,1.0
2023-11-25 14:17:16.869,0 days 00:32:16.865000,-1864.0,2029.0,-235.0,OnTrack,325.0,11565.0,100.0,0.0,12,8,2478.4288888888896,0.4726464681394952,3.0,181.7583333333332,interpolation,0 days 00:00:35.864000,35.864,1936.865,1.0
2023-11-25 14:17:16.969,0 days 00:32:16.965000,-1891.1630203942411,1958.2773660310727,-235.05449978312737,OnTrack,324.6666666666667,11533.333333333334,100.0,0.0,12,8,2486.8673619887386,0.4742557192763805,3.0,175.12129629629604,interpolation,0 days 00:00:35.964000,35.964,1936.965,1.0
2023-11-25 14:17:17.069,0 days 00:32:17.065000,-1913.4326302557968,1899.4096306425429,-235.11234652721168,OnTrack,324.3333333333333,11501.666666666666,100.0,0.0,12,8,2495.40294729513,0.4758834901059796,3.0,168.4842592592589,interpolation,0 days 00:00:36.064000,36.064,1937.065,1.0
2023-11-25 14:17:17.169,0 days 00:32:17.165000,-1940.0,1826.0,-235.0,OnTrack,324.0,11470.0,100.0,0.0,12,8,2507.2288888888897,0.478138745260474,3.0,161.84722222222172,interpolation,0 days 00:00:36.164000,36.164,1937.165,1.0
2023-11-25 14:17:17.269,0 days 00:32:17.265000,-1972.3969835196212,1733.6490309896017,-234.6885369775378,OnTrack,324.0,10460.0,0.0,0.0,12,8,2521.6288888888903,0.4808848838209635,3.0,151.89166666666551,interpolation,0 days 00:00:36.264000,36.264,1937.265,1.0
2023-11-25 14:17:17.369,0 days 00:32:17.365000,-2009.3258305904285,1626.231923954481,-234.237039319618,OnTrack,301.5,9900.0,0.0,0.0,12,8,2531.111861223809,0.4826933252096423,3.0,147.05833333333248,interpolation,0 days 00:00:36.364000,36.364,1937.365,1.0
2023-11-25 14:17:17.469,0 days 00:32:17.465000,-2043.0,1527.0,-234.0,OnTrack,279.0,9340.0,0.0,1.0,8,8,2537.12888888889,0.4838407968548236,3.0,142.22499999999943,interpolation,0 days 00:00:36.464000,36.464,1937.465,0.0
2023-11-25 14:17:17.569,0 days 00:32:17.565000,-2072.1217282350744,1439.8284991515452,-234.0365014834781,OnTrack,262.25,9292.0,0.0,1.0,8,8,2542.379575617001,0.4848421241668457,3.0,139.9583333333328,interpolation,0 days 00:00:36.564000,36.564,1937.565,0.0
2023-11-25 14:17:17.669,0 days 00:32:17.665000,-2096.691015295651,1364.7174214091178,-234.3465437700524,OnTrack,245.5,9244.0,0.0,1.0,8,8,2546.8639214081422,0.4856973071457081,3.0,137.69166666666615,interpolation,0 days 00:00:36.664000,36.664,1937.665,0.0
2023-11-25 14:17:17.769,0 days 00:32:17.765000,-2117.414794708402,1298.9976329621315,-234.7333141716005,OnTrack,228.75,9196.0,0.0,1.0,8,8,2551.191862050768,0.486522663026696,3.0,135.4249999999995,interpolation,0 days 00:00:36.764000,36.764,1937.765,0.0
2023-11-25 14:17:17.869,0 days 00:32:17.865000,-2135.0,1240.0,-235.0,OnTrack,212.0,9148.0,0.0,1.0,8,8,2555.9733333333343,0.4874345090450937,3.0,133.15833333333285,interpolation,0 days 00:00:36.864000,36.864,1937.865,0.0
2023-11-25 14:17:17.969,0 days 00:32:17.965000,-2149.446631170444,1187.7245225227234,-235.14660125525089,OnTrack,202.75,9237.5,0.0,1.0,8,8,2561.208335255841,0.4884328452009014,3.0,131.41666666666606,interpolation,0 days 00:00:36.964000,36.964,1937.965,0.0
2023-11-25 14:17:18.069,0 days 00:32:18.065000,-2160.7546882197357,1142.1712005303018,-235.1731179373532,OnTrack,193.5,9327.0,0.0,1.0,8,8,2566.896867818288,0.4895176714941192,3.0,129.67499999999927,interpolation,0 days 00:00:37.064000,37.064,1938.065,0.0
2023-11-25 14:17:18.169,0 days 00:32:18.165000,-2169.435401159158,1103.7822782727294,-235.1130756507789,OnTrack,184.25,9416.5,0.0,1.0,8,8,2572.47085536048,0.4905806535861541,3.0,127.93333333333248,interpolation,0 days 00:00:37.164000,37.164,1938.165,0.0
2023-11-25 14:17:18.269,0 days 00:32:18.265000,-2176.0,1073.0,-235.0,OnTrack,175.0,9506.0,0.0,1.0,8,8,2577.3622222222234,0.4915134571384133,3.0,126.1916666666657,interpolation,0 days 00:00:37.264000,37.264,1938.265,0.0
2023-11-25 14:17:18.369,0 days 00:32:18.365000,-2180.44848474226,1049.824365712114,-234.83389098501647,OnTrack,159.5,9170.5,0.0,1.0,8,8,2581.570968403518,0.492316082150897,3.0,125.60833333333244,interpolation,0 days 00:00:37.364000,37.364,1938.365,0.0
2023-11-25 14:17:18.469,0 days 00:32:18.465000,-2183.1145107546963,1031.667252231544,-234.5766848245227,OnTrack,144.0,8835.0,0.0,1.0,8,8,2585.3622222222234,0.4930390896720186,3.0,125.02499999999918,interpolation,0 days 00:00:37.464000,37.464,1938.465,0.0
2023-11-25 14:17:18.569,0 days 00:32:18.565000,-2186.0,1003.0,-234.0,OnTrack,135.5,8969.5,0.0,1.0,8,8,2589.001111996201,0.4937330407501915,3.0,125.30277777777678,interpolation,0 days 00:00:37.564000,37.564,1938.565,0.0
2023-11-25 14:17:18.669,0 days 00:32:18.665000,-2189.438604430316,961.2345123422004,-233.06577311991387,OnTrack,127.0,9104.0,0.0,1.0,8,8,2592.417777777779,0.4943846128092954,3.0,125.58055555555438,interpolation,0 days 00:00:37.664000,37.664,1938.665,0.0
2023-11-25 14:17:18.769,0 days 00:32:18.765000,-2193.0997519688917,910.9920145123272,-231.98237089603109,OnTrack,120.25,8959.0,0.0,1.0,8,8,2595.542359619289,0.4949804832732103,3.0,127.19569444444336,interpolation,0 days 00:00:37.764000,37.764,1938.765,0.0
2023-11-25 14:17:18.869,0 days 00:32:18.865000,-2195.0,880.0,-232.0,OnTrack,113.5,8814.0,0.0,1.0,8,8,2598.37485752073,0.4955206521419362,3.0,128.8108333333323,interpolation,0 days 00:00:37.864000,37.864,1938.865,0.0
2023-11-25 14:17:18.969,0 days 00:32:18.965000,-2195.0,868.0,-233.0,OnTrack,106.75,8669.0,0.0,1.0,8,8,2601.013537772918,0.4960238591967512,3.0,130.42597222222128,interpolation,0 days 00:00:37.964000,37.964,1938.965,0.0
2023-11-25 14:17:19.069,0 days 00:32:19.065000,-2194.2471194725144,845.7134163202195,-233.0201851860164,OnTrack,100.0,8524.0,0.0,1.0,8,8,2603.556666666668,0.4965088442189332,3.0,132.04111111111024,interpolation,0 days 00:00:38.064000,38.064,1939.065,0.0
2023-11-25 14:17:19.169,0 days 00:32:19.165000,-2192.815209545202,810.6336579689846,-231.9401874223519,OnTrack,97.66666666666669,8211.333333333334,0.0,1.0,8,8,2606.004244201981,0.4969756072084825,3.0,133.98555555555458,interpolation,0 days 00:00:38.164000,38.164,1939.165,0.0
2023-11-25 14:17:19.269,0 days 00:32:19.265000,-2190.0,777.0,-231.0,OnTrack,95.33333333333331,7898.666666666667,0.0,1.0,8,4,2608.375965289709,0.4974279040649921,3.0,135.92999999999893,interpolation,0 days 00:00:38.264000,38.264,1939.265,0.0
2023-11-25 14:17:19.369,0 days 00:32:19.365000,-2185.684111866254,747.185667073086,-230.4062895255891,OnTrack,93.0,7586.0,0.0,1.0,8,4,2610.7900000000013,0.4978882703014013,3.0,137.87444444444327,interpolation,0 days 00:00:38.364000,38.364,1939.365,0.0
2023-11-25 14:17:19.469,0 days 00:32:19.465000,-2180.0286234900955,721.1889951441767,-230.1303559655355,OnTrack,88.33333333333333,7074.0,0.0,1.0,8,4,2613.2660434453883,0.4983604618557642,3.0,140.89666666666548,interpolation,0 days 00:00:38.464000,38.464,1939.465,0.0
2023-11-25 14:17:19.569,0 days 00:32:19.565000,-2174.0,699.0,-230.0,OnTrack,83.66666666666667,6562.0,0.0,1.0,8,4,2615.73832492146,0.4988319359872796,3.0,143.91888888888766,pos,0 days 00:00:38.564000,38.564,1939.565,0.0
2023-11-25 14:17:19.669,0 days 00:32:19.665000,-2167.759318092665,680.6170176135302,-229.98652188928585,OnTrack,79.0,6050.0,0.0,1.0,8,2,2617.812222222224,0.4992274366364548,3.0,146.94111111110988,interpolation,0 days 00:00:38.664000,38.664,1939.665,0.0
2023-11-25 14:17:19.769,0 days 00:32:19.765000,-2161.0,664.0,-230.0,OnTrack,76.0,5848.5,0.0,1.0,8,2,2619.421965316758,0.4995344211909258,3.0,149.34111111110974,interpolation,0 days 00:00:38.764000,38.764,1939.765,0.0
2023-11-25 14:17:19.869,0 days 00:32:19.865000,-2153.415467953912,647.1088991746425,-229.95051269874935,OnTrack,73.0,5647.0,0.0,1.0,8,2,2621.056666666668,0.4998461653861947,3.0,151.7411111111096,interpolation,0 days 00:00:38.864000,38.864,1939.865,0.0
2023-11-25 14:17:19.969,0 days 00:32:19.965000,-2143.0,630.0,-230.0,OnTrack,70.5,5748.5,0.0,1.0,8,2,2623.2054387335584,0.5002559449577636,3.0,155.90777777777635,interpolation,0 days 00:00:38.964000,38.964,1939.965,0.0
2023-11-25 14:17:20.069,0 days 00:32:20.065000,-2127.7478741838613,612.7295873386154,-230.31040191821788,OnTrack,68.0,5850.0,0.0,1.0,8,2,2625.590000000001,0.5007106904885711,3.0,160.0744444444431,interpolation,0 days 00:00:39.064000,39.064,1940.065,0.0
2023-11-25 14:17:20.169,0 days 00:32:20.165000,-2108.6886815506023,595.8860790091685,-230.8023909902244,OnTrack,67.0,5987.5,5.999999999999999,1.0,8,2,2627.9320689485685,0.5011573325615561,3.0,164.40777777777635,interpolation,0 days 00:00:39.164000,39.164,1940.165,0.0
2023-11-25 14:17:20.269,0 days 00:32:20.265000,-2092.0,583.0,-231.0,OnTrack,66.0,6125.0,12.0,0.0,8,2,2629.9900000000016,0.501549788382054,3.0,168.7411111111096,interpolation,0 days 00:00:39.264000,39.264,1940.265,0.0
2023-11-25 14:17:20.369,0 days 00:32:20.365000,-2078.7114311202267,574.6597741552193,-230.8239006720488,OnTrack,65.5,6296.5,15.5,0.0,8,2,2631.522147575043,0.5018419751553999,3.0,171.91888888888707,interpolation,0 days 00:00:39.364000,39.364,1940.365,0.0
2023-11-25 14:17:20.469,0 days 00:32:20.465000,-2068.8229749112816,570.8654014748265,-230.27409300637063,OnTrack,65.0,6468.0,19.0,0.0,8,2,2632.8788888888907,0.5021007112414114,3.0,175.09666666666453,interpolation,0 days 00:00:39.464000,39.464,1940.465,0.0
2023-11-25 14:17:20.569,0 days 00:32:20.565000,-2058.523031246696,569.6383280570203,-229.5872388375072,OnTrack,65.4,6819.6,21.2,0.0,8,2,2634.4106011567424,0.502392814999906,3.0,178.98188888888671,interpolation,0 days 00:00:39.564000,39.564,1940.565,0.0
2023-11-25 14:17:20.669,0 days 00:32:20.665000,-2044.0,569.0,-229.0,OnTrack,65.8,7171.2,23.4,0.0,8,2,2636.1172843785985,0.5027182864308837,3.0,182.8671111111089,interpolation,0 days 00:00:39.664000,39.664,1940.665,0.0
2023-11-25 14:17:20.769,0 days 00:32:20.765000,-2025.2538811711947,568.9504173037653,-228.5123764938492,OnTrack,66.2,7522.8,25.6,0.0,8,2,2637.979196527311,0.5030733606494826,3.0,186.75233333333108,interpolation,0 days 00:00:39.764000,39.764,1940.765,0.0
2023-11-25 14:17:20.869,0 days 00:32:20.865000,-2003.7188595703635,569.420969957056,-228.14259332841615,OnTrack,66.6,7874.4,27.8,0.0,8,2,2639.8778860464795,0.5034354484621898,3.0,190.6375555555533,interpolation,0 days 00:00:39.864000,39.864,1940.865,0.0
2023-11-25 14:17:20.969,0 days 00:32:20.965000,-1988.0,570.0,-228.0,OnTrack,67.0,8226.0,30.0,0.0,8,2,2641.793611111113,0.503800785022696,3.0,194.52277777777545,interpolation,0 days 00:00:39.964000,39.964,1940.965,0.0
2023-11-25 14:17:21.069,0 days 00:32:21.065000,-1977.0,571.0,-228.0,OnTrack,68.25,8367.5,34.0,0.0,8,2,2643.726371721213,0.5041693703310008,3.0,198.9672222222199,interpolation,0 days 00:00:40.064000,40.064,1941.065,0.0
2023-11-25 14:17:21.169,0 days 00:32:21.165000,-1955.530101831659,574.7075695062467,-227.5256684990416,OnTrack,69.5,8509.0,38.0,0.0,8,2,2645.67616787678,0.5045412043871046,3.0,203.4116666666644,interpolation,0 days 00:00:40.164000,40.164,1941.165,0.0
2023-11-25 14:17:21.269,0 days 00:32:21.265000,-1923.7715046471824,580.9050587866151,-226.60245786107456,OnTrack,70.75,8650.5,42.0,0.0,8,2,2647.6846856495126,0.5049242368944052,3.0,207.8561111111088,interpolation,0 days 00:00:40.264000,40.264,1941.265,0.0
2023-11-25 14:17:21.369,0 days 00:32:21.365000,-1898.0,586.0,-226.0,OnTrack,72.0,8792.0,46.0,0.0,8,2,2649.793611111113,0.5053264175563011,3.0,212.30055555555327,interpolation,0 days 00:00:40.364000,40.364,1941.365,0.0
2023-11-25 14:17:21.469,0 days 00:32:21.465000,-1880.9282059270315,589.3936515717846,-225.84656624471668,OnTrack,74.75,8460.0,46.0,0.0,8,2,2652.0029442615823,0.5057477463727922,3.0,216.8838888888868,interpolation,0 days 00:00:40.464000,40.464,1941.465,0.0
2023-11-25 14:17:21.569,0 days 00:32:21.565000,-1871.1245995919207,591.410780638921,-226.04362681470477,OnTrack,77.5,8128.0,46.0,0.0,8,2,2654.3126851009188,0.5061882233438783,3.0,221.46722222222024,interpolation,0 days 00:00:40.564000,40.564,1941.565,0.0
2023-11-25 14:17:21.669,0 days 00:32:21.665000,-1860.0,594.0,-226.0,OnTrack,80.25,7796.0,46.0,0.0,8,2,2656.6684445009087,0.5066374762416246,3.0,226.05055555555373,interpolation,0 days 00:00:40.664000,40.664,1941.665,0.0
2023-11-25 14:17:21.769,0 days 00:32:21.765000,-1846.1228696560447,597.4860801176063,-225.61715501113247,OnTrack,83.0,7464.0,46.0,0.0,8,2,2659.015833333335,0.5070851328380961,3.0,230.6338888888872,interpolation,0 days 00:00:40.764000,40.764,1941.765,0.0
2023-11-25 14:17:21.869,0 days 00:32:21.865000,-1828.03642395291,601.6302621076234,-224.91355740991904,OnTrack,85.33333333333333,7625.0,40.333333333333336,0.0,8,2,2661.3548515982,0.5075311931332929,3.0,234.7820370370353,interpolation,0 days 00:00:40.864000,40.864,1941.865,0.0
2023-11-25 14:17:21.969,0 days 00:32:21.965000,-1797.0,605.0,-224.0,OnTrack,87.66666666666667,7786.0,34.66666666666667,0.0,8,2,2663.6863945105674,0.5079758278483685,3.0,238.93018518518343,pos,0 days 00:00:40.964000,40.964,1941.965,0.0
2023-11-25 14:17:22.069,0 days 00:32:22.065000,-1751.5568281075684,607.3565373554982,-222.89494815410563,OnTrack,90.0,7947.0,29.0,0.0,8,2,2666.015833333335,0.5084200613050006,3.0,243.0783333333316,interpolation,0 days 00:00:41.064000,41.064,1942.065,0.0
2023-11-25 14:17:22.169,0 days 00:32:22.165000,-1708.0,609.0,-222.0,OnTrack,91.0,7495.0,30.0,0.0,8,2,2668.3440632724014,0.5088640642225949,3.0,247.6894444444424,interpolation,0 days 00:00:41.164000,41.164,1942.165,0.0
2023-11-25 14:17:22.269,0 days 00:32:22.265000,-1682.6226074016804,610.230513759388,-221.71675366544704,OnTrack,92.0,7043.0,31.0,0.0,8,2,2671.1269444444465,0.5093947709792485,3.0,252.30055555555327,interpolation,0 days 00:00:41.264000,41.264,1942.265,0.0
2023-11-25 14:17:22.369,0 days 00:32:22.365000,-1675.424650312609,611.0480786336618,-222.04520915044665,OnTrack,92.5,7065.5,24.5,0.0,8,2,2674.8203369661505,0.5100991159530593,3.0,258.8727777777756,interpolation,0 days 00:00:41.364000,41.364,1942.365,0.0
2023-11-25 14:17:22.469,0 days 00:32:22.465000,-1668.764368067233,608.0916041911047,-222.35106006022295,OnTrack,93.0,7088.0,18.0,0.0,8,2,2678.36027777778,0.5107741970617166,3.0,265.4449999999979,interpolation,0 days 00:00:41.464000,41.464,1942.465,0.0
2023-11-25 14:17:22.569,0 days 00:32:22.565000,-1645.0,598.0,-222.0,OnTrack,92.5,7070.0,18.0,0.0,8,2,2680.682803819598,0.5112171122229096,3.0,269.31166666666445,interpolation,0 days 00:00:41.564000,41.564,1942.565,0.0
2023-11-25 14:17:22.669,0 days 00:32:22.665000,-1608.0,582.0,-221.0,OnTrack,92.0,7052.0,18.0,0.0,8,3,2682.4491666666686,0.5115539648011148,3.0,273.178333333331,interpolation,0 days 00:00:41.664000,41.664,1942.665,0.0
2023-11-25 14:17:22.769,0 days 00:32:22.765000,-1580.9749725632769,567.4519701438815,-219.3988859966868,OnTrack,92.0,7278.5,22.5,0.0,8,3,2684.3206178940527,0.5119108581608088,3.0,277.1116666666644,interpolation,0 days 00:00:41.764000,41.764,1942.765,0.0
2023-11-25 14:17:22.869,0 days 00:32:22.865000,-1565.9649837022343,554.983520320515,-217.3804930027271,OnTrack,92.0,7505.0,27.0,0.0,8,3,2686.538055555557,0.512333732540513,3.0,281.0449999999978,interpolation,0 days 00:00:41.864000,41.864,1942.865,0.0
2023-11-25 14:17:22.969,0 days 00:32:22.965000,-1552.0,541.0,-216.0,OnTrack,92.0,8133.0,33.333333333333336,0.0,8,3,2689.342377704993,0.512868528178749,3.0,287.1449999999977,interpolation,0 days 00:00:41.964000,41.964,1942.965,0.0
2023-11-25 14:17:23.069,0 days 00:32:23.065000,-1537.2516919148425,524.9023038281159,-215.43326925173423,OnTrack,92.0,8761.0,39.66666666666666,0.0,8,3,2692.6254047213797,0.5134946147818621,3.0,293.2449999999976,interpolation,0 days 00:00:42.064000,42.064,1943.065,0.0
2023-11-25 14:17:23.169,0 days 00:32:23.165000,-1520.0,501.0,-215.0,OnTrack,92.0,9389.0,46.0,0.0,8,3,2695.738055555558,0.514088209954159,3.0,299.3449999999975,interpolation,0 days 00:00:42.164000,42.164,1943.165,0.0
2023-11-25 14:17:23.269,0 days 00:32:23.265000,-1498.5248648087122,463.6026567107894,-214.01989148686775,OnTrack,93.0,9150.25,47.75,0.0,8,3,2698.5721494787867,0.5146286831907305,3.0,304.48388888888644,interpolation,0 days 00:00:42.264000,42.264,1943.265,0.0
2023-11-25 14:17:23.369,0 days 00:32:23.365000,-1479.0,426.0,-213.0,OnTrack,94.0,8911.5,49.5,0.0,8,3,2701.127686491065,0.5151160344915761,3.0,309.6227777777753,interpolation,0 days 00:00:42.364000,42.364,1943.365,0.0
2023-11-25 14:17:23.469,0 days 00:32:23.465000,-1467.5991192328856,401.481755907148,-212.44738182705956,OnTrack,95.0,8672.75,51.25,0.0,8,3,2703.655074702256,0.5155980177015815,3.0,314.76166666666427,interpolation,0 days 00:00:42.464000,42.464,1943.465,0.0
2023-11-25 14:17:23.569,0 days 00:32:23.565000,-1463.192303050457,388.1925412569343,-212.27937442542867,OnTrack,96.0,8434.0,53.0,0.0,8,3,2706.4047222222243,0.5161223866656327,3.0,319.9005555555532,interpolation,0 days 00:00:42.564000,42.564,1943.565,0.0
2023-11-25 14:17:23.669,0 days 00:32:23.665000,-1459.0,375.0,-212.0,OnTrack,98.25,8487.0,54.5,0.0,8,3,2709.376629050968,0.5166891413837298,3.0,324.9838888888865,interpolation,0 days 00:00:42.664000,42.664,1943.665,0.0
2023-11-25 14:17:23.769,0 days 00:32:23.765000,-1453.8922790541687,360.04872996182536,-211.52659516168725,OnTrack,100.5,8540.0,56.0,0.0,8,3,2712.570795188489,0.5172982818558723,3.0,330.0672222222199,interpolation,0 days 00:00:42.764000,42.764,1943.765,0.0
2023-11-25 14:17:23.869,0 days 00:32:23.865000,-1447.8691402129627,343.33873114241027,-210.85915991049035,OnTrack,102.75,8593.0,57.5,0.0,8,3,2715.598591509544,0.5178756949274388,3.0,335.1505555555533,interpolation,0 days 00:00:42.864000,42.864,1943.865,0.0
2023-11-25 14:17:23.969,0 days 00:32:23.965000,-1439.9114312652755,319.20936675179,-210.26214470404824,OnTrack,105.0,8646.0,59.0,0.0,8,3,2718.071388888891,0.518347267443807,3.0,340.23388888888667,interpolation,0 days 00:00:42.964000,42.964,1943.965,0.0
2023-11-25 14:17:24.069,0 days 00:32:24.065000,-1429.0,282.0,-210.0,OnTrack,107.5,8796.0,65.0,0.0,8,3,2719.9891873265315,0.5187129994049772,3.0,344.1894444444424,interpolation,0 days 00:00:43.064000,43.064,1944.065,0.0
2023-11-25 14:17:24.169,0 days 00:32:24.165000,-1416.0,235.0,-210.0,OnTrack,110.0,8946.0,71.0,0.0,8,3,2722.9602777777795,0.5192795984365657,3.0,348.14499999999816,interpolation,0 days 00:00:43.164000,43.164,1944.165,0.0
2023-11-25 14:17:24.269,0 days 00:32:24.265000,-1406.1023793400664,197.9456824793129,-209.8257876798309,OnTrack,115.0,9516.0,78.0,0.0,8,3,2728.071388888891,0.5202543081108135,3.0,356.0116666666645,interpolation,0 days 00:00:43.264000,43.264,1944.265,0.0
2023-11-25 14:17:24.369,0 days 00:32:24.365000,-1399.593439841838,172.0662013482516,-209.4339090132028,OnTrack,118.33333333333331,9902.0,85.33333333333333,0.0,8,3,2732.1931307830428,0.5210403410519188,3.0,360.4449999999979,interpolation,0 days 00:00:43.364000,43.364,1944.365,0.0
2023-11-25 14:17:24.469,0 days 00:32:24.465000,-1393.0,145.0,-209.0,OnTrack,121.66666666666669,10288.0,92.66666666666669,0.0,8,3,2735.013913664766,0.5215782758187429,3.0,364.8783333333313,interpolation,0 days 00:00:43.464000,43.464,1944.465,0.0
2023-11-25 14:17:24.569,0 days 00:32:24.565000,-1385.743193266546,114.68680845154242,-208.5533334567463,OnTrack,125.0,10674.0,100.0,0.0,8,3,2737.793611111113,0.5221083754259588,3.0,369.3116666666647,interpolation,0 days 00:00:43.564000,43.564,1944.565,0.0
2023-11-25 14:17:24.669,0 days 00:32:24.665000,-1378.018633739749,82.20224651275868,-208.13593977356192,OnTrack,132.0,10654.0,100.0,0.0,8,3,2740.7422031266888,0.5226706839143701,3.0,372.64499999999816,interpolation,0 days 00:00:43.664000,43.664,1944.665,0.0
2023-11-25 14:17:24.769,0 days 00:32:24.765000,-1371.0,54.0,-208.0,OnTrack,139.0,10634.0,100.0,0.0,8,3,2743.9020091424886,0.5232732717715682,3.0,375.9783333333317,interpolation,0 days 00:00:43.764000,43.764,1944.765,0.0
2023-11-25 14:17:24.869,0 days 00:32:24.865000,-1364.882904142493,31.15567770885573,-208.187544095792,OnTrack,146.0,10614.0,100.0,0.0,8,3,2747.526944444446,0.5239645616751784,3.0,379.31166666666513,interpolation,0 days 00:00:43.864000,43.864,1944.865,0.0
2023-11-25 14:17:24.969,0 days 00:32:24.965000,-1356.0,-4.0,-208.0,OnTrack,151.25,10747.75,100.0,0.0,8,3,2751.659328030209,0.5247526240301505,3.0,383.06166666666513,interpolation,0 days 00:00:43.964000,43.964,1944.965,0.0
2023-11-25 14:17:25.069,0 days 00:32:25.065000,-1342.0,-63.0,-207.0,OnTrack,156.5,10881.5,100.0,0.0,8,3,2756.299159899779,0.5256374588364848,3.0,386.81166666666513,interpolation,0 days 00:00:44.064000,44.064,1945.065,0.0
2023-11-25 14:17:25.169,0 days 00:32:25.165000,-1330.7792152815637,-109.02663420267076,-206.75476216150275,OnTrack,161.75,11015.25,100.0,0.0,8,3,2761.191772930571,0.5265705000382495,3.0,390.56166666666513,interpolation,0 days 00:00:44.164000,44.164,1945.165,0.0
2023-11-25 14:17:25.269,0 days 00:32:25.265000,-1320.0,-151.0,-207.0,OnTrack,167.0,11149.0,100.0,0.0,8,3,2766.082500000002,0.5275031815795128,3.0,394.31166666666513,interpolation,0 days 00:00:44.264000,44.264,1945.265,0.0
2023-11-25 14:17:25.369,0 days 00:32:25.365000,-1306.0086631922811,-203.9764447143476,-207.210225357389,OnTrack,170.0,11325.5,100.0,0.0,8,3,2770.971341108072,0.5284355034602751,3.0,397.7925694444431,interpolation,0 days 00:00:44.364000,44.364,1945.365,0.0
2023-11-25 14:17:25.469,0 days 00:32:25.465000,-1288.8052048584063,-267.9559683457136,-207.3854382336697,OnTrack,173.0,11502.0,100.0,0.0,8,4,2775.85829625478,0.529367465680536,3.0,401.273472222221,interpolation,0 days 00:00:44.464000,44.464,1945.465,0.0
2023-11-25 14:17:25.569,0 days 00:32:25.565000,-1270.6991440953286,-333.20750780422264,-207.61793199311555,OnTrack,176.0,11678.5,100.0,0.0,8,4,2780.8420060518765,0.5303178794060983,3.0,404.75437499999896,interpolation,0 days 00:00:44.564000,44.564,1945.565,0.0
2023-11-25 14:17:25.669,0 days 00:32:25.665000,-1254.0,-390.0,-208.0,OnTrack,179.0,11855.0,100.0,0.0,8,4,2786.0211111111125,0.5313055558027645,3.0,408.2352777777769,interpolation,0 days 00:00:44.664000,44.664,1945.665,0.0
2023-11-25 14:17:25.769,0 days 00:32:25.765000,-1238.7077725724207,-438.3334449330456,-208.53164225432303,OnTrack,184.33333333333331,11350.333333333334,100.0,0.0,8,4,2791.3956114324856,0.5323304948705343,3.0,411.5537962962953,interpolation,0 days 00:00:44.764000,44.764,1945.765,0.0
2023-11-25 14:17:25.869,0 days 00:32:25.865000,-1224.8224618125903,-478.20784260335927,-209.2128587560847,OnTrack,189.66666666666663,10845.666666666666,100.0,0.0,8,4,2797.034800844229,0.533405911224249,3.0,414.87231481481376,interpolation,0 days 00:00:44.864000,44.864,1945.865,0.0
2023-11-25 14:17:25.969,0 days 00:32:25.965000,-1212.275920146465,-512.2283189719935,-209.787645879804,OnTrack,195.0,10341.0,100.0,0.0,8,4,2803.354444444446,0.5346110929589092,3.0,418.1908333333322,interpolation,0 days 00:00:44.964000,44.964,1945.965,0.0
2023-11-25 14:17:26.069,0 days 00:32:26.065000,-1201.0,-543.0,-210.0,OnTrack,199.0,10594.0,100.0,0.0,8,4,2810.4238367709413,0.5359592548246741,3.0,421.7574999999986,interpolation,0 days 00:00:45.064000,45.064,1946.065,0.0
2023-11-25 14:17:26.169,0 days 00:32:26.165000,-1189.0,-575.0,-210.0,OnTrack,203.0,10847.0,100.0,0.0,8,4,2816.88777777778,0.5371919546615913,3.0,425.32416666666495,interpolation,0 days 00:00:45.164000,45.164,1946.165,0.0
2023-11-25 14:17:26.269,0 days 00:32:26.265000,-1164.307650629861,-635.0911423851411,-210.6881237902076,OnTrack,206.33333333333331,11035.0,100.0,0.0,8,4,2821.391067419026,0.5380507503097081,3.0,427.5019444444427,interpolation,0 days 00:00:45.264000,45.264,1946.265,0.0
2023-11-25 14:17:26.369,0 days 00:32:26.365000,-1127.9435822000996,-720.7530184450055,-212.03900972275727,OnTrack,209.66666666666663,11223.0,100.0,0.0,8,5,2824.663939873098,0.5386749003964921,3.0,429.6797222222205,interpolation,0 days 00:00:45.364000,45.364,1946.365,0.0
2023-11-25 14:17:26.469,0 days 00:32:26.465000,-1098.0,-790.0,-213.0,OnTrack,213.0,11411.0,100.0,0.0,8,5,2831.08777777778,0.5398999524087407,3.0,431.8574999999983,interpolation,0 days 00:00:45.464000,45.464,1946.465,0.0
2023-11-25 14:17:26.569,0 days 00:32:26.565000,-1077.4922870164846,-835.8344465257288,-213.39565075739148,OnTrack,213.0,11751.0,100.0,0.0,8,5,2840.554444444446,0.5417052842401735,3.0,436.2574999999988,interpolation,0 days 00:00:45.564000,45.564,1946.565,0.0
2023-11-25 14:17:26.669,0 days 00:32:26.665000,-1064.111049955828,-863.1157374433292,-213.39363659919005,OnTrack,216.66666666666663,11792.666666666666,100.0,0.0,8,5,2848.0337852906464,0.5431316249557843,3.0,438.564907407406,interpolation,0 days 00:00:45.664000,45.664,1946.665,0.0
2023-11-25 14:17:26.769,0 days 00:32:26.765000,-1044.0,-901.0,-214.0,OnTrack,220.33333333333331,11834.333333333334,100.0,0.0,8,5,2853.072029219858,0.5440924385621148,3.0,440.87231481481314,interpolation,0 days 00:00:45.764000,45.764,1946.765,0.0
2023-11-25 14:17:26.869,0 days 00:32:26.865000,-1014.8497675033418,-954.3465638570884,-215.38241384710068,OnTrack,224.0,11876.0,100.0,0.0,8,5,2857.9766666666683,0.5450277728689138,3.0,443.17972222222033,interpolation,0 days 00:00:45.864000,45.864,1946.865,0.0
2023-11-25 14:17:26.969,0 days 00:32:26.965000,-977.0,-1020.0,-217.0,OnTrack,226.75,11603.5,100.0,0.0,8,5,2863.132277401119,0.5460109688022992,3.0,445.17972222222033,interpolation,0 days 00:00:45.964000,45.964,1946.965,0.0
2023-11-25 14:17:27.069,0 days 00:32:27.065000,-930.7903450241224,-1094.8048794141407,-218.311880318206,OnTrack,229.5,11331.0,100.0,0.0,8,5,2868.5388614232124,0.5470420263622712,3.0,447.17972222222033,interpolation,0 days 00:00:46.064000,46.064,1947.065,0.0
2023-11-25 14:17:27.169,0 days 00:32:27.165000,-878.8550855112406,-1175.1091070035802,-219.3159966475728,OnTrack,232.25,11058.5,100.0,0.0,10,5,2874.539348067033,0.5481863435674308,3.0,449.17972222222033,interpolation,0 days 00:00:46.164000,46.164,1947.165,1.0
2023-11-25 14:17:27.269,0 days 00:32:27.265000,-837.0,-1239.0,-220.0,OnTrack,235.0,10786.0,100.0,0.0,10,5,2881.4766666666683,0.5495093184363792,3.0,451.17972222222033,interpolation,0 days 00:00:46.264000,46.264,1947.265,1.0
2023-11-25 14:17:27.369,0 days 00:32:27.365000,-807.8593984011285,-1282.8254259098244,-220.3618322002663,OnTrack,238.0,11015.0,100.0,0.0,10,5,2889.3508172221173,0.5510109509691166,3.0,453.7024999999985,interpolation,0 days 00:00:46.364000,46.364,1947.365,1.0
2023-11-25 14:17:27.469,0 days 00:32:27.465000,-788.3530872075467,-1310.887635365832,-220.49938434424817,OnTrack,241.0,11244.0,100.0,0.0,10,6,2897.47638888889,0.5525605305302377,3.0,456.2252777777767,interpolation,0 days 00:00:46.464000,46.464,1947.465,1.0
2023-11-25 14:17:27.569,0 days 00:32:27.565000,-760.0,-1349.0,-221.0,OnTrack,243.5,11335.25,100.0,0.0,10,6,2905.1679708224965,0.5540273464843377,3.0,458.08638888888765,interpolation,0 days 00:00:46.564000,46.564,1947.565,1.0
2023-11-25 14:17:27.669,0 days 00:32:27.665000,-719.7199748124294,-1401.4647263902857,-221.96156926099871,OnTrack,246.0,11426.5,100.0,0.0,10,6,2912.4255630229363,0.5554113988314164,3.0,459.9474999999986,interpolation,0 days 00:00:46.664000,46.664,1947.665,1.0
2023-11-25 14:17:27.769,0 days 00:32:27.765000,-677.0,-1456.0,-223.0,OnTrack,248.5,11517.75,100.0,0.0,14,6,2919.180790378576,0.5566996481596244,3.0,461.8086111111096,interpolation,0 days 00:00:46.764000,46.764,1947.765,1.0
2023-11-25 14:17:27.869,0 days 00:32:27.865000,-641.3270639178767,-1500.324006292455,-223.7312000897596,OnTrack,251.0,11609.0,100.0,0.0,14,6,2925.3652777777797,0.5578790550571116,3.0,463.66972222222057,interpolation,0 days 00:00:46.864000,46.864,1947.865,1.0
2023-11-25 14:17:27.969,0 days 00:32:27.965000,-609.2431441534219,-1538.510262816042,-224.2360683295248,OnTrack,253.0,11649.5,100.0,0.0,14,6,2930.979025220549,0.5589496195238781,3.0,465.11416666666537,interpolation,0 days 00:00:46.964000,46.964,1947.965,1.0
2023-11-25 14:17:28.069,0 days 00:32:28.065000,-560.0,-1595.0,-225.0,OnTrack,255.0,11690.0,100.0,0.0,14,6,2936.6986111111123,0.5600403678130522,3.0,466.55861111111017,interpolation,0 days 00:00:47.064000,47.064,1948.065,1.0
2023-11-25 14:17:28.169,0 days 00:32:28.165000,-494.0,-1669.0,-226.0,OnTrack,256.75,11372.0,100.0,0.0,12,6,2943.200613853699,0.5612803261777625,3.0,468.1974999999991,interpolation,0 days 00:00:47.164000,47.164,1948.165,1.0
2023-11-25 14:17:28.269,0 days 00:32:28.265000,-434.4058209382728,-1731.3094506736177,-226.6126967648265,OnTrack,258.5,11054.0,100.0,0.0,12,6,2950.4850334483094,0.5626694946180084,3.0,469.836388888888,interpolation,0 days 00:00:47.264000,47.264,1948.265,1.0
2023-11-25 14:17:28.369,0 days 00:32:28.365000,-383.0,-1782.0,-227.0,OnTrack,260.25,10736.0,100.0,0.0,12,6,2958.154019652099,0.5641320014745423,3.0,471.4752777777769,interpolation,0 days 00:00:47.364000,47.364,1948.365,1.0
2023-11-25 14:17:28.469,0 days 00:32:28.465000,-337.70460847403683,-1826.0101229001016,-227.42771520376868,OnTrack,262.0,10418.0,100.0,0.0,12,6,2965.809722222223,0.5655919750881157,3.0,473.1141666666658,interpolation,0 days 00:00:47.464000,47.464,1948.465,1.0
2023-11-25 14:17:28.569,0 days 00:32:28.565000,-298.5196463603834,-1863.339819373922,-227.89584237613263,OnTrack,264.0,10528.5,100.0,0.0,12,6,2973.452141158683,0.5670494154587287,3.0,474.586388888888,interpolation,0 days 00:00:47.564000,47.564,1948.565,1.0
2023-11-25 14:17:28.669,0 days 00:32:28.665000,-258.5748610665381,-1900.2496061607808,-228.16604836043015,OnTrack,266.0,10639.0,100.0,0.0,12,6,2981.081276461477,0.5685043225863811,3.0,476.05861111111017,interpolation,0 days 00:00:47.664000,47.664,1948.665,1.0
2023-11-25 14:17:28.769,0 days 00:32:28.765000,-211.0,-1943.0,-228.0,OnTrack,268.0,10749.5,100.0,0.0,12,6,2988.5746346446454,0.5699333364651559,3.0,477.53083333333234,pos,0 days 00:00:47.764000,47.764,1948.765,1.0
2023-11-25 14:17:28.869,0 days 00:32:28.865000,-155.79506316076885,-1991.591000891577,-227.39769729484192,OnTrack,270.0,10860.0,100.0,0.0,12,6,2995.809722222223,0.5713130970891354,3.0,479.0030555555545,interpolation,0 days 00:00:47.864000,47.864,1948.865,1.0
2023-11-25 14:17:28.969,0 days 00:32:28.965000,-99.0,-2041.0,-227.0,OnTrack,271.5,10923.0,100.0,0.0,12,6,3002.7865391942123,0.5726436044583199,3.0,480.3919444444434,pos,0 days 00:00:47.964000,47.964,1948.965,1.0
2023-11-25 14:17:29.069,0 days 00:32:29.065000,-46.654759968849,-2086.204388489756,-227.4477678705184,OnTrack,273.0,10986.0,100.0,0.0,12,7,3010.97638888889,0.574205442100762,3.0,481.78083333333234,interpolation,0 days 00:00:48.064000,48.064,1949.065,1.0
2023-11-25 14:17:29.169,0 days 00:32:29.165000,39.0,-2159.0,-228.0,OnTrack,274.5,11088.0,100.0,0.0,12,7,3021.850574634535,0.5762791935445148,3.0,483.6474999999987,interpolation,0 days 00:00:48.164000,48.164,1949.165,1.0
2023-11-25 14:17:29.269,0 days 00:32:29.265000,180.0,-2278.0,-228.0,OnTrack,276.0,11190.0,100.0,0.0,12,7,3032.443055555557,0.5782992227326027,3.0,485.514166666665,interpolation,0 days 00:00:48.264000,48.264,1949.265,1.0
2023-11-25 14:17:29.369,0 days 00:32:29.365000,282.0039852160234,-2364.1087844406,-227.9535923884043,OnTrack,278.0,11241.333333333334,100.0,0.0,12,7,3039.787790776365,0.5796998936080503,3.0,486.09194444444273,interpolation,0 days 00:00:48.364000,48.364,1949.365,1.0
2023-11-25 14:17:29.469,0 days 00:32:29.465000,329.2884936832825,-2404.14382014174,-227.9450808198911,OnTrack,280.0,11292.666666666666,100.0,0.0,12,7,3044.6080035437067,0.5806191277851449,3.0,486.6697222222204,interpolation,0 days 00:00:48.464000,48.464,1949.465,1.0
2023-11-25 14:17:29.569,0 days 00:32:29.565000,332.4204757756944,-2406.99281330691,-227.96858842361823,OnTrack,282.0,11344.0,100.0,0.0,12,7,3051.243055555557,0.581884459186575,3.0,487.2474999999981,interpolation,0 days 00:00:48.564000,48.564,1949.565,1.0
2023-11-25 14:17:29.669,0 days 00:32:29.665000,354.8019583545858,-2425.982274188308,-227.98885379399505,OnTrack,283.0,11403.0,100.0,0.0,12,7,3060.4161774645063,0.5836338108389525,3.0,486.9808333333317,interpolation,0 days 00:00:48.664000,48.664,1949.665,1.0
2023-11-25 14:17:29.769,0 days 00:32:29.765000,407.0,-2470.0,-228.0,OnTrack,284.0,11462.0,100.0,0.0,12,7,3070.17638888889,0.5854951228494406,3.0,486.7141666666653,interpolation,0 days 00:00:48.764000,48.764,1949.765,1.0
2023-11-25 14:17:29.869,0 days 00:32:29.865000,489.0146007119368,-2539.0459907419854,-228.00202704163308,OnTrack,285.5,11510.5,100.0,0.0,12,7,3078.572709447044,0.5870963353252028,3.0,485.9086111111094,interpolation,0 days 00:00:48.864000,48.864,1949.865,1.0
2023-11-25 14:17:29.969,0 days 00:32:29.965000,578.0,-2614.0,-228.0,OnTrack,287.0,11559.0,100.0,0.0,12,7,3086.1208333333348,0.5885357932462789,3.0,485.1030555555535,interpolation,0 days 00:00:48.964000,48.964,1949.965,1.0
2023-11-25 14:17:30.069,0 days 00:32:30.065000,651.1104373737937,-2675.7417813597785,-227.9989839562064,OnTrack,288.3333333333333,11619.0,100.0,0.0,12,7,3093.3364547421306,0.5899118415927086,3.0,483.8326851851832,interpolation,0 days 00:00:49.064000,49.064,1950.065,1.0
2023-11-25 14:17:30.169,0 days 00:32:30.165000,708.3459128333179,-2724.27133482132,-227.99897891025225,OnTrack,289.6666666666667,11679.0,100.0,0.0,12,7,3100.4400162635866,0.5912665196629086,3.0,482.5623148148128,interpolation,0 days 00:00:49.164000,49.164,1950.165,1.0
2023-11-25 14:17:30.269,0 days 00:32:30.265000,758.9084318761832,-2767.165220872202,-227.9994844091719,OnTrack,291.0,11739.0,100.0,0.0,12,7,3108.754166666668,0.5928520619559371,3.0,481.2919444444424,interpolation,0 days 00:00:49.264000,49.264,1950.265,1.0
2023-11-25 14:17:30.369,0 days 00:32:30.365000,812.0,-2812.0,-228.0,OnTrack,292.5,11179.0,100.0,0.0,12,7,3118.4993462842103,0.5947105073397307,3.0,478.89194444444274,interpolation,0 days 00:00:49.364000,49.364,1950.365,1.0
2023-11-25 14:17:30.469,0 days 00:32:30.465000,867.6206172047687,-2858.775672204714,-228.00052568273645,OnTrack,294.0,10619.0,100.0,0.0,12,7,3128.3541666666674,0.5965898616632698,3.0,476.4919444444431,interpolation,0 days 00:00:49.464000,49.464,1950.465,1.0
2023-11-25 14:17:30.569,0 days 00:32:30.565000,925.7702834904889,-2907.492237486344,-228.0010614573813,OnTrack,295.0,10612.666666666666,100.0,0.0,12,7,3136.997239364492,0.5982381307755343,3.0,474.1067592592579,interpolation,0 days 00:00:49.564000,49.564,1950.565,1.0
2023-11-25 14:17:30.669,0 days 00:32:30.665000,983.5348080309644,-2955.962684024801,-228.0010665033355,OnTrack,296.0,10606.333333333334,100.0,0.0,12,7,3144.518122400929,0.5996723937557626,3.0,471.7215740740728,interpolation,0 days 00:00:49.664000,49.664,1950.665,1.0
2023-11-25 14:17:30.769,0 days 00:32:30.765000,1038.0,-3002.0,-228.0,OnTrack,297.0,10600.0,100.0,0.0,12,7,3151.454166666668,0.6009951256040549,3.0,469.33638888888754,interpolation,0 days 00:00:49.764000,49.764,1950.765,1.0
2023-11-25 14:17:30.869,0 days 00:32:30.865000,1089.165859397595,-3045.6041854119394,-227.99786194737493,OnTrack,297.5,10648.5,100.0,0.0,12,7,3157.8949311020324,0.6022234055745399,3.0,467.2697222222207,interpolation,0 days 00:00:49.864000,49.864,1950.865,1.0
2023-11-25 14:17:30.969,0 days 00:32:30.965000,1139.0,-3088.0,-228.0,OnTrack,298.0,10697.0,100.0,0.0,12,8,3164.698611111112,0.6035208950208013,3.0,465.2030555555539,interpolation,0 days 00:00:49.964000,49.964,1950.965,1.0
2023-11-25 14:17:31.069,0 days 00:32:31.065000,1189.4700355834648,-3130.4122035035653,-228.0117618124152,OnTrack,299.6666666666667,10725.666666666666,100.0,0.0,12,8,3172.723402097998,0.6050512552964232,3.0,461.8549074074056,interpolation,0 days 00:00:50.064000,50.064,1951.065,1.0
2023-11-25 14:17:31.169,0 days 00:32:31.165000,1243.4295351084882,-3175.364589835031,-228.026018884884,OnTrack,301.3333333333333,10754.333333333334,100.0,0.0,12,8,3181.8799290286534,0.6067974422189533,3.0,458.5067592592574,interpolation,0 days 00:00:50.164000,50.164,1951.165,1.0
2023-11-25 14:17:31.269,0 days 00:32:31.265000,1318.0,-3238.0,-228.0,OnTrack,303.0,10783.0,100.0,0.0,12,8,3191.6319444444453,0.6086571912172722,3.0,455.1586111111092,interpolation,0 days 00:00:50.264000,50.264,1951.265,1.0
2023-11-25 14:17:31.369,0 days 00:32:31.365000,1408.0,-3314.0,-228.0,OnTrack,303.5,10811.0,100.0,0.0,12,8,3201.8900742265314,0.6106134582834591,3.0,451.1252777777761,interpolation,0 days 00:00:50.364000,50.364,1951.365,1.0
2023-11-25 14:17:31.469,0 days 00:32:31.465000,1465.21911763641,-3362.3108571123853,-228.4665616302754,OnTrack,304.0,10839.0,100.0,0.0,12,8,3211.898611111112,0.6125221269690722,3.0,447.091944444443,interpolation,0 days 00:00:50.464000,50.464,1951.465,1.0
2023-11-25 14:17:31.569,0 days 00:32:31.565000,1524.0,-3412.0,-229.0,OnTrack,305.5,10895.0,100.0,0.0,12,8,3220.901847834387,0.6142390808256695,3.0,443.341944444443,interpolation,0 days 00:00:50.564000,50.564,1951.565,1.0
2023-11-25 14:17:31.669,0 days 00:32:31.665000,1626.7204048998472,-3498.9771811453743,-229.1272060515184,OnTrack,307.0,10951.0,100.0,0.0,12,8,3228.954166666668,0.6157746907733556,3.0,439.591944444443,interpolation,0 days 00:00:50.664000,50.664,1951.665,1.0
2023-11-25 14:17:31.769,0 days 00:32:31.765000,1732.0,-3588.0,-229.0,OnTrack,307.6666666666667,10974.666666666666,100.0,0.0,12,8,3236.109949878265,0.6171393277322355,3.0,436.4678703703689,interpolation,0 days 00:00:50.764000,50.764,1951.765,1.0
2023-11-25 14:17:31.869,0 days 00:32:31.865000,1798.4584529645083,-3643.8260560153694,-228.7702020606144,OnTrack,308.3333333333333,10998.333333333334,100.0,0.0,12,8,3242.5812068078053,0.6183734227453637,3.0,433.3437962962949,interpolation,0 days 00:00:50.864000,50.864,1951.865,1.0
2023-11-25 14:17:31.969,0 days 00:32:31.965000,1826.095763793372,-3666.455349191482,-228.4378122333616,OnTrack,309.0,11022.0,100.0,0.0,12,8,3249.640000000001,0.6197195633131142,3.0,430.2197222222208,interpolation,0 days 00:00:50.964000,50.964,1951.965,1.0
2023-11-25 14:17:32.069,0 days 00:32:32.065000,1850.185192725549,-3685.3569677718538,-228.13651628942796,OnTrack,310.0,11046.25,100.0,0.0,12,8,3257.4983409644647,0.6212181808925579,3.0,426.24749999999847,interpolation,0 days 00:00:51.064000,51.064,1952.065,1.0
2023-11-25 14:17:32.169,0 days 00:32:32.165000,1906.0,-3730.0,-228.0,OnTrack,311.0,11070.5,100.0,0.0,12,8,3266.1562297011974,0.6228692754836944,3.0,422.2752777777762,interpolation,0 days 00:00:51.164000,51.164,1952.165,1.0
2023-11-25 14:17:32.269,0 days 00:32:32.265000,1987.0,-3795.0,-228.0,OnTrack,312.0,11094.75,100.0,0.0,12,8,3275.250448031776,0.6246035799027995,3.0,418.3030555555539,interpolation,0 days 00:00:51.264000,51.264,1952.265,1.0
2023-11-25 14:17:32.369,0 days 00:32:32.365000,2053.9442799390245,-3848.050457925941,-227.96693696720925,OnTrack,313.0,11119.0,100.0,0.0,12,8,3284.4177777777786,0.6263518269661481,3.0,414.3308333333316,interpolation,0 days 00:00:51.364000,51.364,1952.365,1.0
2023-11-25 14:17:32.469,0 days 00:32:32.465000,2104.6210333123795,-3887.083708210816,-227.90401098044052,OnTrack,313.6666666666667,11143.666666666666,100.0,0.0,12,8,3293.658218939207,0.6281140166737406,3.0,410.1234259259242,interpolation,0 days 00:00:51.464000,51.464,1952.465,1.0
2023-11-25 14:17:32.569,0 days 00:32:32.565000,2165.0,-3932.0,-228.0,OnTrack,314.3333333333333,11168.333333333334,100.0,0.0,12,8,3302.9783651240577,0.6298914064534362,3.0,405.9160185185168,interpolation,0 days 00:00:51.564000,51.564,1952.565,1.0
2023-11-25 14:17:32.669,0 days 00:32:32.665000,2239.40944782107,-3986.116024502873,-228.28636685818168,OnTrack,315.0,11193.0,100.0,0.0,12,8,3312.4177777777786,0.6316915408337664,3.0,401.70861111110935,interpolation,0 days 00:00:51.664000,51.664,1952.665,1.0
2023-11-25 14:17:32.769,0 days 00:32:32.765000,2325.25829819055,-4047.548757963546,-228.71530793033244,OnTrack,315.6666666666667,11220.666666666666,100.0,0.0,12,8,3321.983050440851,0.633515677229715,3.0,397.7974999999981,interpolation,0 days 00:00:51.764000,51.764,1952.765,1.0
2023-11-25 14:17:32.869,0 days 00:32:32.865000,2407.0,-4105.0,-229.0,OnTrack,316.3333333333333,11248.333333333334,100.0,0.0,12,8,3331.5746700930035,0.6353448381036263,3.0,393.886388888887,pos,0 days 00:00:51.864000,51.864,1952.865,1.0
2023-11-25 14:17:32.969,0 days 00:32:32.965000,2482.0434481316024,-4156.5867075740825,-229.0926389530196,OnTrack,317.0,11276.0,100.0,0.0,12,8,3340.5955555555565,0.637065157646576,3.0,389.9752777777758,interpolation,0 days 00:00:51.964000,51.964,1952.965,1.0
2023-11-25 14:17:33.069,0 days 00:32:33.065000,2552.051361220609,-4203.401493377996,-229.0263629570452,OnTrack,317.5,11285.5,100.0,0.0,12,8,3348.9461927892235,0.6386576581265783,3.0,386.8502777777758,interpolation,0 days 00:00:52.064000,52.064,1953.065,1.0
2023-11-25 14:17:33.169,0 days 00:32:33.165000,2627.0,-4252.0,-229.0,OnTrack,318.0,11295.0,100.0,0.0,12,8,3356.626581794002,0.6401223395436324,3.0,383.7252777777758,interpolation,0 days 00:00:52.164000,52.164,1953.165,1.0
2023-11-25 14:17:33.269,0 days 00:32:33.265000,2708.552066078877,-4303.474828943996,-229.04668791020512,OnTrack,318.5,11304.5,100.0,0.0,12,8,3364.266457679558,0.6415792949440962,3.0,380.6002777777758,interpolation,0 days 00:00:52.264000,52.264,1953.265,1.0
2023-11-25 14:17:33.369,0 days 00:32:33.365000,2793.989070943592,-4356.264490673448,-229.1265138980781,OnTrack,319.0,11314.0,100.0,0.0,12,8,3372.4955555555566,0.6431486173743268,3.0,377.4752777777758,interpolation,0 days 00:00:52.364000,52.364,1953.365,1.0
2023-11-25 14:17:33.469,0 days 00:32:33.465000,2867.0,-4401.0,-229.0,OnTrack,319.0,11317.0,100.0,0.0,12,8,3381.3138754219967,0.6448303068343242,3.0,374.0586111111088,pos,0 days 00:00:52.464000,52.464,1953.465,1.0
2023-11-25 14:17:33.569,0 days 00:32:33.565000,2924.8663368969874,-4436.119851397381,-228.6272330176795,OnTrack,319.0,11320.0,100.0,0.0,12,8,3390.2177777777792,0.6465283172230775,3.0,370.6419444444418,interpolation,0 days 00:00:52.564000,52.564,1953.565,1.0
2023-11-25 14:17:33.669,0 days 00:32:33.665000,2973.9030771660314,-4464.789324513639,-228.10344218724103,OnTrack,319.6666666666667,11350.0,100.0,0.0,12,8,3398.703623121801,0.6481466024395752,3.0,367.6604629629604,interpolation,0 days 00:00:52.664000,52.664,1953.665,1.0
2023-11-25 14:17:33.769,0 days 00:32:33.765000,3052.0,-4506.0,-228.0,OnTrack,320.3333333333333,11380.0,100.0,0.0,12,8,3406.856223040207,0.6497013363981986,3.0,364.67898148147896,interpolation,0 days 00:00:52.764000,52.764,1953.765,1.0
2023-11-25 14:17:33.869,0 days 00:32:33.865000,3165.4720362651487,-4562.917125092214,-228.4121347169385,OnTrack,321.0,11410.0,100.0,0.0,12,8,3415.184444444446,0.6512895620883704,3.0,361.6974999999975,interpolation,0 days 00:00:52.864000,52.864,1953.865,1.0
2023-11-25 14:17:33.969,0 days 00:32:33.965000,3303.814616362865,-4630.555080797453,-229.25283165025064,OnTrack,321.5,11421.0,100.0,0.0,12,8,3423.7730980521937,0.652927453258851,3.0,358.70499999999754,interpolation,0 days 00:00:52.964000,52.964,1953.965,1.0
2023-11-25 14:17:34.069,0 days 00:32:34.065000,3404.0,-4679.0,-230.0,OnTrack,322.0,11432.0,100.0,0.0,12,8,3432.622183863451,0.654615009909641,3.0,355.7124999999976,interpolation,0 days 00:00:53.064000,53.064,1954.065,1.0
2023-11-25 14:17:34.169,0 days 00:32:34.165000,3455.523510010599,-4703.266212654027,-230.5666241873457,OnTrack,322.5,11443.0,100.0,0.0,12,8,3441.702191631872,0.6563466043167525,3.0,352.71999999999764,interpolation,0 days 00:00:53.164000,53.164,1954.165,1.0
2023-11-25 14:17:34.269,0 days 00:32:34.265000,3470.20908573666,-4708.991235967025,-230.93512192173748,OnTrack,323.0,11454.0,100.0,0.0,12,8,3450.9836111111126,0.6581166087561983,3.0,349.7274999999977,interpolation,0 days 00:00:53.264000,53.264,1954.265,1.0
2023-11-25 14:17:34.369,0 days 00:32:34.365000,3519.0,-4730.0,-231.0,OnTrack,323.5,11468.75,100.0,0.0,12,8,3460.466442301171,0.6599250232279783,3.0,346.58027777777545,interpolation,0 days 00:00:53.364000,53.364,1954.365,1.0
2023-11-25 14:17:34.469,0 days 00:32:34.465000,3613.720071066101,-4771.929964232562,-230.7436763116248,OnTrack,324.0,11483.5,100.0,0.0,12,8,3470.1506852020484,0.6617718477320925,3.0,343.4330555555532,interpolation,0 days 00:00:53.464000,53.464,1954.465,1.0
2023-11-25 14:17:34.569,0 days 00:32:34.565000,3745.8195854951305,-4830.830754004655,-230.24754795266884,OnTrack,324.5,11498.25,100.0,0.0,12,8,3480.181946613013,0.6636848500773008,3.0,340.28583333333097,interpolation,0 days 00:00:53.564000,53.564,1954.565,1.0
2023-11-25 14:17:34.669,0 days 00:32:34.665000,3864.0,-4883.0,-230.0,OnTrack,325.0,11513.0,100.0,0.0,12,8,3490.705833333335,0.6656917980723631,3.0,337.1386111111088,pos,0 days 00:00:53.664000,53.664,1954.665,1.0
2023-11-25 14:17:34.769,0 days 00:32:34.765000,3959.711513591367,-4924.487287106502,-230.082430383186,OnTrack,324.5,11490.0,100.0,0.0,12,8,3501.722345363012,0.6677926917172794,3.0,333.971944444442,interpolation,0 days 00:00:53.764000,53.764,1954.765,1.0
2023-11-25 14:17:34.869,0 days 00:32:34.865000,4032.954126269229,-4955.292615324157,-230.49483910222665,OnTrack,324.0,11467.0,100.0,0.0,12,8,3512.305833333335,0.6698110059130974,3.0,330.80527777777525,interpolation,0 days 00:00:53.864000,53.864,1954.865,1.0
2023-11-25 14:17:34.969,0 days 00:32:34.965000,4093.969675812477,-4980.201635879734,-230.909828270154,OnTrack,323.0,11347.0,66.66666666666666,0.0,12,8,3521.530647875592,0.6715702155608652,3.0,328.54972222221977,interpolation,0 days 00:00:53.964000,53.964,1954.965,1.0
2023-11-25 14:17:35.069,0 days 00:32:35.065000,4153.0,-5004.0,-231.0,OnTrack,322.0,11227.0,33.33333333333333,0.0,10,8,3529.548815506876,0.6730993127356385,3.0,326.2941666666643,interpolation,0 days 00:00:54.064000,54.064,1955.065,1.0
2023-11-25 14:17:35.169,0 days 00:32:35.165000,4210.045098831799,-5026.687707684957,-230.7653542917648,OnTrack,321.0,11107.0,0.0,0.0,10,8,3537.272500000002,0.6745722507783903,3.0,324.0386111111088,interpolation,0 days 00:00:54.164000,54.164,1955.165,1.0
2023-11-25 14:17:35.269,0 days 00:32:35.265000,4268.862805086986,-5049.739080217054,-230.28126800706156,OnTrack,308.6666666666667,10922.0,0.0,0.0,10,8,3544.853729428822,0.6760180220610571,3.0,322.8460185185165,interpolation,0 days 00:00:54.264000,54.264,1955.265,1.0
2023-11-25 14:17:35.369,0 days 00:32:35.365000,4352.0,-5082.0,-230.0,OnTrack,296.3333333333333,10737.0,0.0,0.0,10,8,3552.267233239895,0.6774318073863295,3.0,321.65342592592407,pos,0 days 00:00:54.364000,54.364,1955.365,1.0
2023-11-25 14:17:35.469,0 days 00:32:35.465000,4463.214477869945,-5124.94477321927,-229.99692636033836,OnTrack,284.0,10552.0,0.0,0.0,8,8,3559.3613888888904,0.6787846917184003,3.0,320.4608333333317,interpolation,0 days 00:00:54.464000,54.464,1955.465,0.0
2023-11-25 14:17:35.569,0 days 00:32:35.565000,4572.0,-5167.0,-230.0,OnTrack,271.6666666666667,10260.0,0.0,0.0,8,8,3566.1109260811354,0.6800718559093089,3.0,320.357129629628,pos,0 days 00:00:54.564000,54.564,1955.565,0.0
2023-11-25 14:17:35.669,0 days 00:32:35.665000,4647.850327693349,-5196.592280467321,-229.73717383090852,OnTrack,259.3333333333333,9968.0,0.0,1.0,8,8,3572.515439807417,0.6812932227221509,3.0,320.2534259259243,interpolation,0 days 00:00:54.664000,54.664,1955.665,0.0
2023-11-25 14:17:35.769,0 days 00:32:35.765000,4695.015957578253,-5215.345164361528,-229.27357851225432,OnTrack,247.0,9676.0,0.0,1.0,8,8,3578.5725000000016,0.6824483287331273,3.0,320.1497222222206,interpolation,0 days 00:00:54.764000,54.764,1955.765,0.0
2023-11-25 14:17:35.869,0 days 00:32:35.865000,4739.0,-5233.0,-229.0,OnTrack,238.66666666666663,9758.333333333334,0.0,1.0,8,8,3584.2817016455265,0.6835370967045431,3.0,320.8756481481464,interpolation,0 days 00:00:54.864000,54.864,1955.865,0.0
2023-11-25 14:17:35.969,0 days 00:32:35.965000,4784.052995112165,-5251.1803537482665,-228.98156962027736,OnTrack,230.33333333333331,9840.666666666666,0.0,1.0,8,8,3589.774449344882,0.6845845860281707,3.0,321.60157407407223,interpolation,0 days 00:00:54.964000,54.964,1955.965,0.0
2023-11-25 14:17:36.069,0 days 00:32:36.065000,4834.0,-5271.0,-229.0,OnTrack,222.0,9923.0,0.0,1.0,8,8,3595.8391666666685,0.6857411522848254,3.0,322.32749999999805,interpolation,0 days 00:00:55.064000,55.064,1956.065,0.0
2023-11-25 14:17:36.169,0 days 00:32:36.165000,4892.66607174876,-5293.572713148871,-228.8370037660817,OnTrack,217.33333333333331,10195.333333333334,0.0,1.0,8,7,3602.6072568661984,0.6870318546096725,3.0,323.89416666666466,interpolation,0 days 00:00:55.164000,55.164,1956.165,0.0
2023-11-25 14:17:36.269,0 days 00:32:36.265000,4957.0,-5315.0,-229.0,OnTrack,212.66666666666663,10467.666666666666,0.0,1.0,8,7,3609.899343974432,0.6884224852759481,3.0,325.46083333333127,interpolation,0 days 00:00:55.264000,55.264,1956.265,0.0
2023-11-25 14:17:36.369,0 days 00:32:36.365000,5023.950574395276,-5331.383367358507,-229.9964077832326,OnTrack,208.0,10740.0,0.0,1.0,8,7,3616.6391666666686,0.689707796872199,3.0,327.0274999999979,interpolation,0 days 00:00:55.364000,55.364,1956.365,0.0
2023-11-25 14:17:36.469,0 days 00:32:36.465000,5081.0,-5343.0,-231.0,OnTrack,205.0,10585.5,0.0,1.0,8,7,3622.64734713705,0.6908535813213722,3.0,328.6108333333312,interpolation,0 days 00:00:55.464000,55.464,1956.465,0.0
2023-11-25 14:17:36.569,0 days 00:32:36.565000,5115.630481879588,-5350.12708270009,-231.1845495345226,OnTrack,202.0,10431.0,0.0,1.0,8,7,3627.861388888891,0.6918479202873952,3.0,330.1941666666644,interpolation,0 days 00:00:55.564000,55.564,1956.565,0.0
2023-11-25 14:17:36.669,0 days 00:32:36.665000,5136.549314814466,-5351.996546361992,-230.76155482462005,OnTrack,199.5,10297.0,0.0,1.0,8,6,3632.218795425508,0.692678895434196,3.0,331.57194444444235,interpolation,0 days 00:00:55.664000,55.664,1956.665,0.0
2023-11-25 14:17:36.769,0 days 00:32:36.765000,5196.0,-5344.0,-231.0,OnTrack,197.0,10163.0,0.0,1.0,8,6,3636.6169444444463,0.6935176403380631,3.0,332.9497222222203,pos,0 days 00:00:55.764000,55.764,1956.765,0.0
2023-11-25 14:17:36.869,0 days 00:32:36.865000,5291.0,-5327.0,-232.0,OnTrack,193.66666666666663,9973.333333333334,0.0,1.0,8,5,3641.9532136432513,0.6945352885752847,3.0,335.2312037037018,interpolation,0 days 00:00:55.864000,55.864,1956.865,0.0
2023-11-25 14:17:36.969,0 days 00:32:36.965000,5351.411215595883,-5310.780201975669,-233.09327024974783,OnTrack,190.33333333333331,9783.666666666666,0.0,1.0,8,5,3647.9830526412175,0.6956852033937468,3.0,337.5126851851833,interpolation,0 days 00:00:55.964000,55.964,1956.965,0.0
2023-11-25 14:17:37.069,0 days 00:32:37.065000,5393.0,-5293.0,-234.0,OnTrack,187.0,9594.0,0.0,1.0,8,5,3653.239166666669,0.6966875657134429,3.0,339.79416666666475,interpolation,0 days 00:00:56.064000,56.064,1957.065,0.0
2023-11-25 14:17:37.169,0 days 00:32:37.165000,5443.222329776723,-5269.688187225744,-234.55175869372292,OnTrack,185.5,9554.5,0.0,1.0,8,5,3657.477007843083,0.6974957392598166,3.0,341.57194444444235,interpolation,0 days 00:00:56.164000,56.164,1957.165,0.0
2023-11-25 14:17:37.269,0 days 00:32:37.265000,5494.0,-5243.0,-235.0,OnTrack,184.0,9515.0,0.0,1.0,8,5,3661.4169444444474,0.6982471011922394,3.0,343.34972222221995,interpolation,0 days 00:00:56.264000,56.264,1957.265,0.0
2023-11-25 14:17:37.369,0 days 00:32:37.365000,5537.25480574378,-5215.090674669871,-235.5961775879146,OnTrack,179.5,9403.0,10.0,1.0,8,5,3665.779344744747,0.6990790286700828,3.0,345.93305555555344,interpolation,0 days 00:00:56.364000,56.364,1957.365,0.0
2023-11-25 14:17:37.469,0 days 00:32:37.465000,5575.0,-5186.0,-236.0,OnTrack,175.0,9291.0,20.0,1.0,8,5,3671.1391666666686,0.7001011685073846,3.0,348.5163888888869,interpolation,0 days 00:00:56.464000,56.464,1957.465,0.0
2023-11-25 14:17:37.569,0 days 00:32:37.565000,5609.248835760597,-5155.767764755031,-235.87117577878945,OnTrack,174.0,9229.0,36.5,1.0,8,5,3678.071368132896,0.7014231675181825,3.0,352.28861111110905,interpolation,0 days 00:00:56.564000,56.564,1957.565,0.0
2023-11-25 14:17:37.669,0 days 00:32:37.665000,5640.528266847022,-5123.740787534356,-235.31908447135493,OnTrack,173.0,9167.0,53.0,0.0,8,5,3684.594722222224,0.7026671976715457,3.0,356.0608333333312,interpolation,0 days 00:00:56.664000,56.664,1957.665,0.0
2023-11-25 14:17:37.769,0 days 00:32:37.765000,5672.0,-5086.0,-235.0,OnTrack,172.0,9255.0,57.5,0.0,8,5,3688.728002013447,0.7034554309365436,3.0,358.2830555555531,interpolation,0 days 00:00:56.764000,56.764,1957.765,0.0
2023-11-25 14:17:37.869,0 days 00:32:37.865000,5704.190983645003,-5041.892227439901,-235.02330079175584,OnTrack,171.0,9343.0,62.0,0.0,8,5,3692.1947222222248,0.7041165485784707,3.0,360.5052777777751,interpolation,0 days 00:00:56.864000,56.864,1957.865,0.0
2023-11-25 14:17:37.969,0 days 00:32:37.965000,5733.0,-4995.0,-235.0,OnTrack,172.0,9398.0,65.0,0.0,8,5,3696.718397564216,0.7049792318626218,3.0,363.46824074073794,interpolation,0 days 00:00:56.964000,56.964,1957.965,0.0
2023-11-25 14:17:38.069,0 days 00:32:38.065000,5754.325831282964,-4948.905847826243,-234.5411107781103,OnTrack,173.0,9453.0,68.0,0.0,8,5,3702.157336883177,0.706016459709286,3.0,366.4312037037009,interpolation,0 days 00:00:57.064000,57.064,1958.065,0.0
2023-11-25 14:17:38.169,0 days 00:32:38.165000,5770.0,-4906.0,-234.0,OnTrack,174.0,9508.0,71.0,0.0,8,5,3707.661388888892,0.7070661048101076,3.0,369.39416666666375,interpolation,0 days 00:00:57.164000,57.164,1958.165,0.0
2023-11-25 14:17:38.269,0 days 00:32:38.265000,5781.85402865721,-4868.672685602644,-233.73003453958236,OnTrack,175.66666666666666,9602.0,73.33333333333333,0.0,8,5,3713.088860974192,0.7081011458086784,3.0,372.2772222222193,interpolation,0 days 00:00:57.264000,57.264,1958.265,0.0
2023-11-25 14:17:38.369,0 days 00:32:38.365000,5790.0,-4821.0,-233.0,OnTrack,177.33333333333334,9696.0,75.66666666666667,0.0,8,5,3718.429548308541,0.7091196366023156,3.0,375.1602777777748,interpolation,0 days 00:00:57.364000,57.364,1958.365,0.0
2023-11-25 14:17:38.469,0 days 00:32:38.465000,5794.549996773773,-4747.058038557896,-231.07868198439573,OnTrack,179.0,9790.0,78.0,0.0,8,5,3723.622222222225,0.7101099006347055,3.0,378.0433333333304,interpolation,0 days 00:00:57.464000,57.464,1958.465,0.0
2023-11-25 14:17:38.569,0 days 00:32:38.565000,5795.0,-4670.0,-229.0,OnTrack,180.5,9898.5,81.5,0.0,8,5,3728.656677989204,0.7110699918230929,3.0,380.7099999999971,interpolation,0 days 00:00:57.564000,57.564,1958.565,0.0
2023-11-25 14:17:38.669,0 days 00:32:38.665000,5790.845990700156,-4612.979083049979,-227.7978735540433,OnTrack,182.0,10007.0,85.0,0.0,8,5,3733.733333333336,0.7120381306424565,3.0,383.3766666666638,interpolation,0 days 00:00:57.664000,57.664,1958.665,0.0
2023-11-25 14:17:38.769,0 days 00:32:38.765000,5782.673974149306,-4573.545450072912,-227.35860444823385,OnTrack,184.5,10205.0,88.5,0.0,8,5,3739.052605978474,0.7130525375677741,3.0,385.93222222221925,interpolation,0 days 00:00:57.764000,57.764,1958.765,0.0
2023-11-25 14:17:38.869,0 days 00:32:38.865000,5774.0,-4537.0,-227.0,OnTrack,187.0,10403.0,92.0,0.0,8,5,3744.122222222225,0.7140193340020689,3.0,388.4877777777747,interpolation,0 days 00:00:57.864000,57.864,1958.865,0.0
2023-11-25 14:17:38.969,0 days 00:32:38.965000,5765.410079528034,-4500.892870109855,-226.6083608467744,OnTrack,189.0,10504.5,92.5,0.0,8,5,3748.4499083621886,0.7148446413483641,3.0,390.44333333333066,interpolation,0 days 00:00:57.964000,57.964,1958.965,0.0
2023-11-25 14:17:39.069,0 days 00:32:39.065000,5751.0,-4455.0,-226.0,OnTrack,191.0,10606.0,93.0,0.0,8,5,3752.611111111113,0.7156381996349499,3.0,392.3988888888866,interpolation,0 days 00:00:58.064000,58.064,1959.065,0.0
2023-11-25 14:17:39.169,0 days 00:32:39.165000,5724.865548682496,-4389.097329267958,-224.99123047111965,OnTrack,193.66666666666663,10693.333333333334,95.33333333333331,0.0,8,5,3757.181277181744,0.7165097488901165,3.0,394.4470370370348,interpolation,0 days 00:00:58.164000,58.164,1959.165,0.0
2023-11-25 14:17:39.269,0 days 00:32:39.265000,5697.0,-4324.0,-224.0,OnTrack,196.33333333333331,10780.666666666666,97.66666666666669,0.0,8,5,3762.220449658107,0.7174707395741651,3.0,396.4951851851831,interpolation,0 days 00:00:58.264000,58.264,1959.265,0.0
2023-11-25 14:17:39.369,0 days 00:32:39.365000,5677.396628377,-4280.523154282398,-223.44425632650783,OnTrack,199.0,10868.0,100.0,0.0,8,5,3768.088888888891,0.7185898748006612,3.0,398.5433333333313,interpolation,0 days 00:00:58.364000,58.364,1959.365,0.0
2023-11-25 14:17:39.469,0 days 00:32:39.465000,5663.280266973235,-4253.952230078581,-223.2529737223865,OnTrack,201.5,11034.5,100.0,0.0,8,5,3774.846638572967,0.7198786051471595,3.0,401.0099999999982,interpolation,0 days 00:00:58.464000,58.464,1959.465,0.0
2023-11-25 14:17:39.569,0 days 00:32:39.565000,5638.0,-4216.0,-223.0,OnTrack,204.0,11201.0,100.0,0.0,8,5,3781.6888888888902,0.7211834501077901,3.0,403.4766666666651,pos,0 days 00:00:58.564000,58.564,1959.565,0.0
2023-11-25 14:17:39.669,0 days 00:32:39.665000,5598.780689034602,-4161.951950286953,-222.6143101583913,OnTrack,206.5,11361.0,100.0,0.0,8,5,3787.810830015218,0.7223509291766825,3.0,405.42111111110944,interpolation,0 days 00:00:58.664000,58.664,1959.665,0.0
2023-11-25 14:17:39.769,0 days 00:32:39.765000,5548.563997910869,-4095.744912839736,-222.15759486282147,OnTrack,209.0,11521.0,100.0,0.0,8,5,3793.300000000002,0.7233977362155921,3.0,407.3655555555538,interpolation,0 days 00:00:58.764000,58.764,1959.765,0.0
2023-11-25 14:17:39.869,0 days 00:32:39.865000,5505.0,-4041.0,-222.0,OnTrack,211.0,11560.666666666666,100.0,0.0,8,5,3798.2439368913,0.724340565086274,3.0,408.787777777776,interpolation,0 days 00:00:58.864000,58.864,1959.865,0.0
2023-11-25 14:17:39.969,0 days 00:32:39.965000,5471.030389258618,-4001.654083981405,-222.2032168669035,OnTrack,213.0,11600.333333333334,100.0,0.0,8,5,3802.7689991137336,0.7252035128541656,3.0,410.2099999999981,interpolation,0 days 00:00:58.964000,58.964,1959.965,0.0
2023-11-25 14:17:40.069,0 days 00:32:40.065000,5443.335784436126,-3974.9116838634486,-222.69034677995364,OnTrack,215.0,11640.0,100.0,0.0,8,5,3807.633333333335,0.7261311611716348,3.0,411.6322222222202,interpolation,0 days 00:00:59.064000,59.064,1960.065,0.0
2023-11-25 14:17:40.169,0 days 00:32:40.165000,5402.0,-3944.0,-223.0,OnTrack,216.66666666666663,11737.0,100.0,0.0,8,5,3812.963296680825,0.7271476068573666,3.0,411.8692592592572,interpolation,0 days 00:00:59.164000,59.164,1960.165,0.0
2023-11-25 14:17:40.269,0 days 00:32:40.265000,5343.703688689935,-3906.123580096136,-223.0552786309027,OnTrack,218.33333333333331,11834.0,100.0,0.0,8,5,3818.999863681388,0.7282988047332846,3.0,412.106296296294,interpolation,0 days 00:00:59.264000,59.264,1960.265,0.0
2023-11-25 14:17:40.369,0 days 00:32:40.365000,5282.0,-3871.0,-223.0,OnTrack,220.0,11931.0,100.0,0.0,8,5,3827.1888888888902,0.7298604851426698,3.0,412.343333333331,interpolation,0 days 00:00:59.364000,59.364,1960.365,0.0
2023-11-25 14:17:40.469,0 days 00:32:40.465000,5230.442083424265,-3848.346835559736,-222.97798143463007,OnTrack,223.0,10811.0,100.0,0.0,8,5,3837.100000000002,0.7317505743370808,3.0,411.4544444444423,interpolation,0 days 00:00:59.464000,59.464,1960.465,0.0
2023-11-25 14:17:40.569,0 days 00:32:40.565000,5187.056216075794,-3836.558341851101,-222.98547578086223,OnTrack,224.66666666666663,10772.666666666666,100.0,0.0,8,5,3844.705080614142,0.7332008941377837,3.0,410.0025925925904,interpolation,0 days 00:00:59.564000,59.564,1960.565,0.0
2023-11-25 14:17:40.669,0 days 00:32:40.665000,5140.0,-3826.0,-223.0,OnTrack,226.33333333333331,10734.333333333334,100.0,0.0,8,5,3849.760578821874,0.7341649982051958,3.0,408.5507407407384,interpolation,0 days 00:00:59.664000,59.664,1960.665,0.0
2023-11-25 14:17:40.769,0 days 00:32:40.765000,5087.299692098923,-3815.066048639279,-223.01780689974163,OnTrack,228.0,10696.0,100.0,0.0,8,5,3854.833333333336,0.7351323931199057,3.0,407.0988888888865,interpolation,0 days 00:00:59.764000,59.764,1960.765,0.0
2023-11-25 14:17:40.869,0 days 00:32:40.865000,5011.0,-3804.0,-223.0,OnTrack,229.66666666666663,10748.333333333334,100.0,0.0,8,5,3860.3511527905903,0.736184663729724,3.0,405.135555555553,interpolation,0 days 00:00:59.864000,59.864,1960.865,0.0
2023-11-25 14:17:40.969,0 days 00:32:40.965000,4893.14563133067,-3793.045366313228,-222.907682820688,OnTrack,231.33333333333331,10800.666666666666,100.0,0.0,8,6,3866.3327980122135,0.7373253877990482,3.0,403.1722222222196,interpolation,0 days 00:00:59.964000,59.964,1960.965,0.0
2023-11-25 14:17:41.069,0 days 00:32:41.065000,4777.0,-3783.0,-223.0,OnTrack,233.0,10853.0,100.0,0.0,8,6,3872.890833333336,0.7385760318043528,3.0,401.2088888888861,interpolation,0 days 00:01:00.064000,60.064,1961.065,0.0
2023-11-25 14:17:41.169,0 days 00:32:41.165000,4705.826519917056,-3774.6617534813568,-223.53609617613037,OnTrack,235.0,10933.666666666666,100.0,0.0,8,6,3880.044019380424,0.739940173473399,3.0,398.2755555555527,interpolation,0 days 00:01:00.164000,60.164,1961.165,0.0
2023-11-25 14:17:41.269,0 days 00:32:41.265000,4660.0,-3767.0,-224.0,OnTrack,237.0,11014.333333333334,100.0,0.0,8,6,3887.5700718150206,0.7413754222788789,3.0,395.3422222222193,interpolation,0 days 00:01:00.264000,60.264,1961.265,0.0
2023-11-25 14:17:41.369,0 days 00:32:41.365000,4619.895249166991,-3758.984112798637,-223.87574012253,OnTrack,239.0,11095.0,100.0,0.0,8,6,3894.13527777778,0.7426274337547045,3.0,392.40888888888594,interpolation,0 days 00:01:00.364000,60.364,1961.365,0.0
2023-11-25 14:17:41.469,0 days 00:32:41.465000,4555.0,-3746.0,-224.0,OnTrack,240.66666666666663,11158.666666666666,100.0,0.0,8,6,3899.517350654042,0.7436538169394868,3.0,389.8977777777748,interpolation,0 days 00:01:00.464000,60.464,1961.465,0.0
2023-11-25 14:17:41.569,0 days 00:32:41.565000,4449.0,-3726.0,-225.0,OnTrack,242.33333333333331,11222.333333333334,100.0,0.0,8,6,3904.12405264645,0.744532333743517,3.0,387.38666666666376,interpolation,0 days 00:01:00.564000,60.564,1961.565,0.0
2023-11-25 14:17:41.669,0 days 00:32:41.665000,4387.0837748455215,-3714.382773278683,-225.6189551556641,OnTrack,244.0,11286.0,100.0,0.0,8,6,3910.401944444447,0.7457295532397019,3.0,384.87555555555264,interpolation,0 days 00:01:00.664000,60.664,1961.665,0.0
2023-11-25 14:17:41.769,0 days 00:32:41.765000,4368.327633127261,-3711.604115890376,-225.74902930503043,OnTrack,245.5,11373.5,100.0,0.0,8,6,3918.758784075215,0.7473232365420546,3.0,380.7755555555525,interpolation,0 days 00:01:00.764000,60.764,1961.765,0.0
2023-11-25 14:17:41.869,0 days 00:32:41.865000,4302.0,-3705.0,-226.0,OnTrack,247.0,11461.0,100.0,0.0,8,6,3926.8686111111138,0.7488698135380393,3.0,376.6755555555524,pos,0 days 00:01:00.864000,60.864,1961.865,0.0
2023-11-25 14:17:41.969,0 days 00:32:41.965000,4172.978868898462,-3692.459743495056,-226.4734973529008,OnTrack,249.5,11485.5,100.0,0.0,8,6,3932.405465124505,0.7499257141151208,3.0,373.7644444444413,interpolation,0 days 00:01:00.964000,60.964,1961.965,0.0
2023-11-25 14:17:42.069,0 days 00:32:42.065000,4041.0,-3680.0,-227.0,OnTrack,252.0,11510.0,100.0,0.0,8,6,3938.0686111111136,0.7510056990850866,3.0,370.8533333333303,interpolation,0 days 00:01:01.064000,61.064,1962.065,0.0
2023-11-25 14:17:42.169,0 days 00:32:42.165000,3965.79915348197,-3673.637423139293,-227.40998657756512,OnTrack,253.5,11626.5,100.0,0.0,8,6,3946.5573140666656,0.7526245292597241,3.0,366.18666666666377,interpolation,0 days 00:01:01.164000,61.164,1962.165,0.0
2023-11-25 14:17:42.269,0 days 00:32:42.265000,3937.7394600520593,-3672.34936838666,-227.71674473938523,OnTrack,255.0,11743.0,100.0,0.0,8,6,3955.0686111111136,0.7542476682189977,3.0,361.51999999999725,interpolation,0 days 00:01:01.264000,61.264,1962.265,0.0
2023-11-25 14:17:42.369,0 days 00:32:42.365000,3899.0,-3670.0,-228.0,OnTrack,256.0,11533.0,100.0,0.0,8,6,3960.7995393644105,0.7553405795428711,3.0,358.27555555555296,interpolation,0 days 00:01:01.364000,61.364,1962.365,0.0
2023-11-25 14:17:42.469,0 days 00:32:42.465000,3839.944002714517,-3665.566683924868,-228.27303987713367,OnTrack,257.0,11323.0,100.0,0.0,8,6,3966.490833333336,0.7564259324475341,3.0,355.03111111110866,interpolation,0 days 00:01:01.464000,61.464,1962.465,0.0
2023-11-25 14:17:42.569,0 days 00:32:42.565000,3763.251192777309,-3659.332951559118,-228.55936723712315,OnTrack,258.5,10726.0,100.0,0.0,8,6,3974.883227524667,0.7580263961491759,3.0,350.06444444444173,interpolation,0 days 00:01:01.564000,61.564,1962.565,0.0
2023-11-25 14:17:42.669,0 days 00:32:42.665000,3685.0,-3653.0,-229.0,OnTrack,260.0,10129.0,100.0,0.0,8,6,3983.824166666669,0.7597314696036788,3.0,345.0977777777748,interpolation,0 days 00:01:01.664000,61.664,1962.665,0.0
2023-11-25 14:17:42.769,0 days 00:32:42.765000,3607.870176404812,-3646.851363548748,-229.61844127277175,OnTrack,261.3333333333333,10280.333333333334,100.0,0.0,8,6,3991.161095487606,0.7611306517669247,3.0,341.0792592592564,interpolation,0 days 00:01:01.764000,61.764,1962.765,0.0
2023-11-25 14:17:42.869,0 days 00:32:42.865000,3532.975655042757,-3640.986260769599,-230.3714965360016,OnTrack,262.6666666666667,10431.666666666666,100.0,0.0,8,6,3997.2645213709993,0.7622945999036939,3.0,337.060740740738,interpolation,0 days 00:01:01.864000,61.864,1962.865,0.0
2023-11-25 14:17:42.969,0 days 00:32:42.965000,3467.0,-3636.0,-231.0,OnTrack,264.0,10583.0,100.0,0.0,8,6,4004.3575000000014,0.7636472597732655,3.0,333.0422222222196,pos,0 days 00:01:01.964000,61.964,1962.965,0.0
2023-11-25 14:17:43.069,0 days 00:32:43.065000,3411.0571329209392,-3631.991798788198,-231.46075758763976,OnTrack,265.3333333333333,10658.666666666666,100.0,0.0,8,6,4012.8105425521526,0.7652592893639543,3.0,328.00888888888613,interpolation,0 days 00:01:02.064000,62.064,1963.065,0.0
2023-11-25 14:17:43.169,0 days 00:32:43.165000,3365.1470538055737,-3628.961657134194,-231.75376929892093,OnTrack,266.6666666666667,10734.333333333334,100.0,0.0,8,7,4022.330390312475,0.7670747630462188,3.0,322.9755555555527,interpolation,0 days 00:01:02.164000,62.164,1963.165,0.0
2023-11-25 14:17:43.269,0 days 00:32:43.265000,3307.663447787421,-3623.950686913091,-231.91989636074155,OnTrack,268.0,10810.0,100.0,0.0,8,7,4031.1575000000025,0.768758128760843,3.0,317.94222222221924,interpolation,0 days 00:01:02.264000,62.264,1963.265,0.0
2023-11-25 14:17:43.369,0 days 00:32:43.365000,3217.0,-3614.0,-232.0,OnTrack,268.5,10845.75,100.0,0.0,8,7,4038.998615902716,0.7702534614509617,3.0,314.31722222221924,interpolation,0 days 00:01:02.364000,62.364,1963.365,0.0
2023-11-25 14:17:43.469,0 days 00:32:43.465000,3099.0,-3599.0,-232.0,OnTrack,269.0,10881.5,100.0,0.0,8,7,4045.853738020615,0.7715607611165747,3.0,310.69222222221924,interpolation,0 days 00:01:02.464000,62.464,1963.465,0.0
2023-11-25 14:17:43.569,0 days 00:32:43.565000,2988.7230056223093,-3578.293111910362,-231.9554148787096,OnTrack,269.5,10917.25,100.0,0.0,8,7,4052.110741128207,0.7727539970545511,3.0,307.06722222221924,interpolation,0 days 00:01:02.564000,62.564,1963.565,0.0
2023-11-25 14:17:43.669,0 days 00:32:43.665000,2896.0,-3555.0,-232.0,OnTrack,270.0,10953.0,100.0,0.0,8,7,4058.1575000000025,0.7739071385617607,3.0,303.44222222221924,interpolation,0 days 00:01:02.664000,62.664,1963.665,0.0
2023-11-25 14:17:43.769,0 days 00:32:43.765000,2824.8187365444323,-3532.3509238104884,-232.26159100505677,OnTrack,271.5,10959.5,100.0,0.0,8,7,4063.994014636001,0.7750201856382035,3.0,300.3533333333303,interpolation,0 days 00:01:02.764000,62.764,1963.765,0.0
2023-11-25 14:17:43.869,0 days 00:32:43.865000,2773.059048448404,-3510.4586749941527,-232.69176654343897,OnTrack,273.0,10966.0,100.0,0.0,8,7,4070.290833333336,0.776221014571062,3.0,297.2644444444413,interpolation,0 days 00:01:02.864000,62.864,1963.865,0.0
2023-11-25 14:17:43.969,0 days 00:32:43.965000,2728.0,-3490.0,-233.0,OnTrack,273.5,10982.5,100.0,0.0,8,7,4077.7185043891423,0.777637501647519,3.0,293.5144444444413,interpolation,0 days 00:01:02.964000,62.964,1963.965,0.0
2023-11-25 14:17:44.069,0 days 00:32:44.065000,2687.521446102413,-3471.087689325376,-233.13787052013103,OnTrack,274.0,10999.0,100.0,0.0,8,7,4085.5130555555584,0.7791239542530609,3.0,289.7644444444413,interpolation,0 days 00:01:03.064000,63.064,1964.065,0.0
2023-11-25 14:17:44.169,0 days 00:32:44.165000,2651.623386755644,-3453.7217429702787,-233.1053781038321,OnTrack,275.0,11061.5,100.0,0.0,8,7,4092.910514584721,0.7805346797731737,3.0,286.18111111110784,interpolation,0 days 00:01:03.164000,63.164,1964.165,0.0
2023-11-25 14:17:44.269,0 days 00:32:44.265000,2599.1636340310524,-3424.9949251300422,-233.02019663561703,OnTrack,276.0,11124.0,100.0,0.0,8,7,4100.846388888892,0.7820480832758043,3.0,282.59777777777435,interpolation,0 days 00:01:03.264000,63.264,1964.265,0.0
2023-11-25 14:17:44.369,0 days 00:32:44.365000,2509.0,-3372.0,-233.0,OnTrack,276.5,11152.5,100.0,0.0,8,7,4110.256185880333,0.7838425698288998,3.0,278.2644444444413,interpolation,0 days 00:01:03.364000,63.364,1964.365,0.0
2023-11-25 14:17:44.469,0 days 00:32:44.465000,2389.0,-3299.0,-233.0,OnTrack,277.0,11181.0,100.0,0.0,8,7,4119.313055555558,0.785569751707543,3.0,273.9311111111083,interpolation,0 days 00:01:03.464000,63.464,1964.465,0.0
2023-11-25 14:17:44.569,0 days 00:32:44.565000,2286.368484366887,-3231.572988689226,-232.75146882962025,OnTrack,277.6666666666667,11196.333333333334,100.0,0.0,8,7,4126.19014791108,0.7868812411868171,3.0,270.4829629629603,interpolation,0 days 00:01:03.564000,63.564,1964.565,0.0
2023-11-25 14:17:44.669,0 days 00:32:44.665000,2207.882527428476,-3174.29007828211,-232.2791245696805,OnTrack,278.3333333333333,11211.666666666666,100.0,0.0,8,7,4131.732799493981,0.7879382473839809,3.0,267.0348148148123,interpolation,0 days 00:01:03.664000,63.664,1964.665,0.0
2023-11-25 14:17:44.769,0 days 00:32:44.765000,2147.0,-3129.0,-232.0,OnTrack,279.0,11227.0,100.0,0.0,8,7,4141.013055555558,0.7897080299549472,3.0,263.5866666666643,interpolation,0 days 00:01:03.764000,63.764,1964.765,0.0
2023-11-25 14:17:44.869,0 days 00:32:44.865000,2102.6305527999384,-3096.01087413554,-231.98360022801467,OnTrack,280.0,11310.0,100.0,0.0,8,7,4153.457500000002,0.792081236118333,3.0,257.4533333333311,interpolation,0 days 00:01:03.864000,63.864,1964.865,0.0
2023-11-25 14:17:44.969,0 days 00:32:44.965000,2070.72632196893,-3071.440993976161,-232.14781719208435,OnTrack,280.0,11319.0,100.0,0.0,8,7,4160.553521447746,0.793434476265813,3.0,254.3451388888866,interpolation,0 days 00:01:03.964000,63.964,1964.965,0.0
2023-11-25 14:17:45.069,0 days 00:32:45.065000,2027.0,-3032.0,-232.0,OnTrack,280.0,11328.0,100.0,0.0,8,7,4165.979722222224,0.7944692748202401,3.0,251.2369444444421,interpolation,0 days 00:01:04.064000,64.064,1965.065,0.0
2023-11-25 14:17:45.169,0 days 00:32:45.165000,1967.4036815834495,-2973.806145745608,-231.45803974933065,OnTrack,279.5,11311.5,100.0,0.0,8,7,4174.833480474235,0.7961577225244829,3.0,246.53694444444227,interpolation,0 days 00:01:04.164000,64.164,1965.165,0.0
2023-11-25 14:17:45.269,0 days 00:32:45.265000,1908.0,-2913.0,-231.0,OnTrack,279.0,11295.0,100.0,0.0,8,7,4184.5797222222245,0.7980163704608723,3.0,241.83694444444245,interpolation,0 days 00:01:04.264000,64.264,1965.265,0.0
2023-11-25 14:17:45.369,0 days 00:32:45.365000,1864.8515885303727,-2865.7221315501947,-231.10394431193183,OnTrack,279.0,11264.333333333334,100.0,0.0,8,7,4192.683373484637,0.7995617697117381,3.0,238.23324074073875,interpolation,0 days 00:01:04.364000,64.364,1965.365,0.0
2023-11-25 14:17:45.469,0 days 00:32:45.465000,1834.811705774552,-2827.0001649196533,-231.65900729342,OnTrack,279.0,11233.666666666666,100.0,0.0,8,7,4199.401857568297,0.8008430119485558,3.0,234.62953703703505,interpolation,0 days 00:01:04.464000,64.464,1965.465,0.0
2023-11-25 14:17:45.569,0 days 00:32:45.565000,1799.0,-2767.0,-232.0,OnTrack,279.0,11203.0,100.0,0.0,8,7,4206.279722222224,0.8021546487082765,3.0,231.0258333333313,interpolation,0 days 00:01:04.564000,64.564,1965.565,0.0
2023-11-25 14:17:45.669,0 days 00:32:45.665000,1754.2697620291674,-2680.749312231561,-232.01605817522145,OnTrack,278.3333333333333,10990.0,90.33333333333331,0.0,8,7,4213.574393389272,0.8035457721650763,3.0,227.57768518518333,interpolation,0 days 00:01:04.664000,64.664,1965.665,0.0
2023-11-25 14:17:45.769,0 days 00:32:45.765000,1711.0,-2586.0,-232.0,OnTrack,277.6666666666667,10777.0,80.66666666666666,0.0,8,7,4221.1092050668585,0.8049826913938157,3.0,224.12953703703533,interpolation,0 days 00:01:04.764000,64.764,1965.765,0.0
2023-11-25 14:17:45.869,0 days 00:32:45.865000,1679.5697220504435,-2500.5039616909826,-232.24464365525148,OnTrack,277.0,10564.0,71.0,0.0,8,7,4227.824166666668,0.8062632618786383,3.0,220.6813888888873,interpolation,0 days 00:01:04.864000,64.864,1965.865,0.0
2023-11-25 14:17:45.969,0 days 00:32:45.965000,1658.842530016065,-2423.897675563046,-232.69265195255704,OnTrack,265.5,10284.0,35.5,0.0,8,7,4233.542613995174,0.8073537930393978,3.0,218.2369444444425,interpolation,0 days 00:01:04.964000,64.964,1965.965,0.0
2023-11-25 14:17:46.069,0 days 00:32:46.065000,1642.0,-2354.0,-233.0,OnTrack,254.0,10004.0,0.0,0.0,8,7,4239.113055555557,0.8084160988982813,3.0,215.79249999999772,interpolation,0 days 00:01:05.064000,65.064,1966.065,0.0
2023-11-25 14:17:46.169,0 days 00:32:46.165000,1627.9057222010397,-2290.4474095379005,-233.10935002202572,OnTrack,240.0,9990.333333333334,0.0,0.0,8,7,4245.383999851002,0.8096119934774758,3.0,214.0443518518496,interpolation,0 days 00:01:05.164000,65.164,1966.165,0.0
2023-11-25 14:17:46.269,0 days 00:32:46.265000,1616.5639273831318,-2234.3090762798943,-233.05025145395996,OnTrack,226.0,9976.666666666666,0.0,1.0,8,7,4252.125459150193,0.8108976171813286,3.0,212.2962037037014,interpolation,0 days 00:01:05.264000,65.264,1966.265,0.0
2023-11-25 14:17:46.369,0 days 00:32:46.365000,1608.0,-2192.0,-233.0,OnTrack,212.0,9963.0,0.0,1.0,8,7,4257.957500000001,0.8120098110885513,3.0,210.5480555555532,interpolation,0 days 00:01:05.364000,65.364,1966.365,0.0
2023-11-25 14:17:46.469,0 days 00:32:46.465000,1602.218170772269,-2164.589341853098,-232.9881447928869,OnTrack,200.5,9812.5,0.0,1.0,8,7,4262.650132314026,0.8129047151543669,3.0,209.6869444444424,interpolation,0 days 00:01:05.464000,65.464,1966.465,0.0
2023-11-25 14:17:46.569,0 days 00:32:46.565000,1597.0,-2133.0,-233.0,OnTrack,189.0,9662.0,0.0,1.0,8,7,4268.457500000001,0.8140122037889082,3.0,208.8258333333315,pos,0 days 00:01:05.564000,65.564,1966.565,0.0
2023-11-25 14:17:46.669,0 days 00:32:46.665000,1590.127047983251,-2078.1548726015167,-233.02087978871847,OnTrack,189.0,9382.0,0.0,1.0,8,7,4276.857500000001,0.8156141179491936,3.0,207.7147222222202,interpolation,0 days 00:01:05.664000,65.664,1966.665,0.0
2023-11-25 14:17:46.769,0 days 00:32:46.765000,1582.1085574042113,-2005.3098015878245,-233.0408160696256,OnTrack,184.0,9470.75,0.0,1.0,8,7,4283.192626673689,0.8168222523689297,3.0,207.62583333333123,interpolation,0 days 00:01:05.764000,65.764,1966.765,0.0
2023-11-25 14:17:46.869,0 days 00:32:46.865000,1576.0,-1946.0,-233.0,OnTrack,179.0,9559.5,0.0,1.0,8,6,4286.686625106602,0.8174885720791318,3.0,207.53694444444227,interpolation,0 days 00:01:05.864000,65.864,1966.865,0.0
2023-11-25 14:17:46.969,0 days 00:32:46.965000,1572.3106236674778,-1905.4813635883168,-232.88846338835128,OnTrack,174.0,9648.25,0.0,1.0,8,6,4289.021616541769,0.8179338644415293,3.0,207.4480555555533,interpolation,0 days 00:01:05.964000,65.964,1966.965,0.0
2023-11-25 14:17:47.069,0 days 00:32:47.065000,1571.040428406644,-1883.7538923527757,-232.7062062346793,OnTrack,169.0,9737.0,0.0,1.0,8,6,4291.879722222224,0.8184789168178523,3.0,207.35916666666435,interpolation,0 days 00:01:06.064000,66.064,1967.065,0.0
2023-11-25 14:17:47.169,0 days 00:32:47.165000,1571.7500189424884,-1862.6494749408464,-232.4208459636677,OnTrack,154.66666666666666,9526.333333333334,0.0,1.0,8,6,4295.260942147969,0.8191237292081013,3.0,208.36657407407165,interpolation,0 days 00:01:06.164000,66.164,1967.165,0.0
2023-11-25 14:17:47.269,0 days 00:32:47.265000,1574.0,-1824.0,-232.0,OnTrack,140.33333333333334,9315.666666666666,0.0,1.0,8,6,4299.10827623433,0.8198574314643263,3.0,209.37398148147892,pos,0 days 00:01:06.264000,66.264,1967.265,0.0
2023-11-25 14:17:47.369,0 days 00:32:47.365000,1577.7903715791786,-1767.8054675302365,-231.44366834367617,OnTrack,126.0,9105.0,0.0,1.0,8,5,4303.079722222224,0.8206148023648997,3.0,210.38138888888625,interpolation,0 days 00:01:06.364000,66.364,1967.365,0.0
2023-11-25 14:17:47.469,0 days 00:32:47.465000,1582.0,-1713.0,-231.0,OnTrack,122.66666666666669,8805.0,0.0,1.0,8,5,4307.118279443293,0.821384971650561,3.0,211.64453703703444,interpolation,0 days 00:01:06.464000,66.464,1967.465,0.0
2023-11-25 14:17:47.569,0 days 00:32:47.565000,1585.5077515824405,-1678.5177198777346,-230.9171439742753,OnTrack,119.33333333333331,8505.0,0.0,1.0,8,3,4311.140700103948,0.8221520636285286,3.0,212.90768518518263,interpolation,0 days 00:01:06.564000,66.564,1967.565,0.0
2023-11-25 14:17:47.669,0 days 00:32:47.665000,1588.4894464563886,-1661.4116480092166,-231.10244785284064,OnTrack,116.0,8205.0,0.0,1.0,8,3,4314.647500000002,0.8228208246298114,3.0,214.17083333333085,interpolation,0 days 00:01:06.664000,66.664,1967.665,0.0
2023-11-25 14:17:47.769,0 days 00:32:47.765000,1592.0,-1644.0,-231.0,OnTrack,114.0,8142.75,0.25,1.0,8,3,4317.555432190316,0.8233753791241942,3.0,215.14861111110872,interpolation,0 days 00:01:06.764000,66.764,1967.765,0.0
2023-11-25 14:17:47.869,0 days 00:32:47.865000,1596.2152305427749,-1623.3358268727736,-230.51714895084783,OnTrack,112.0,8080.5,0.5,1.0,8,3,4319.8644966748925,0.8238157271116768,3.0,216.1263888888866,interpolation,0 days 00:01:06.864000,66.864,1967.865,0.0
2023-11-25 14:17:47.969,0 days 00:32:47.965000,1602.0507213344206,-1598.5024756159137,-229.83053440649545,OnTrack,110.0,8018.25,0.75,1.0,8,3,4321.965062822022,0.8242163136183082,3.0,217.10416666666447,interpolation,0 days 00:01:06.964000,66.964,1967.965,0.0
2023-11-25 14:17:48.069,0 days 00:32:48.065000,1615.0,-1564.0,-230.0,OnTrack,108.0,7956.0,1.0,1.0,8,3,4324.247500000001,0.8246515836701376,3.0,218.08194444444237,interpolation,0 days 00:01:07.064000,67.064,1968.065,0.0
2023-11-25 14:17:48.169,0 days 00:32:48.165000,1634.0,-1523.0,-231.0,OnTrack,107.0,7957.5,5.0,0.0,8,3,4326.711808208829,0.8251215372671648,3.0,219.387499999998,interpolation,0 days 00:01:07.164000,67.164,1968.165,0.0
2023-11-25 14:17:48.269,0 days 00:32:48.265000,1647.1787055607588,-1500.0321754467627,-231.61740474764696,OnTrack,106.0,7959.0,9.0,0.0,8,3,4330.13638888889,0.825774618729597,3.0,220.69305555555368,interpolation,0 days 00:01:07.264000,67.264,1968.265,0.0
2023-11-25 14:17:48.369,0 days 00:32:48.365000,1659.0,-1487.0,-232.0,OnTrack,106.0,7916.0,32.0,0.0,8,3,4334.847500000001,0.8266730467771645,3.0,222.95972222222008,interpolation,0 days 00:01:07.364000,67.364,1968.365,0.0
2023-11-25 14:17:48.469,0 days 00:32:48.465000,1675.9064460618615,-1471.7186430822358,-232.49776082579876,OnTrack,105.0,8078.0,41.0,0.0,8,3,4338.132294548546,0.8272994704558482,3.0,224.5430555555531,interpolation,0 days 00:01:07.464000,67.464,1968.465,0.0
2023-11-25 14:17:48.569,0 days 00:32:48.565000,1697.898043746345,-1454.188104693471,-233.11068722504325,OnTrack,104.0,8240.0,50.0,0.0,8,3,4340.625277777779,0.8277748924958794,3.0,226.1263888888861,interpolation,0 days 00:01:07.564000,67.564,1968.565,0.0
2023-11-25 14:17:48.669,0 days 00:32:48.665000,1723.4406195576553,-1437.3135139579704,-233.66827001176608,OnTrack,105.4,8389.2,51.0,0.0,8,3,4343.413093781597,0.8283065403450208,3.0,227.93972222221947,interpolation,0 days 00:01:07.664000,67.664,1968.665,0.0
2023-11-25 14:17:48.769,0 days 00:32:48.765000,1751.0,-1424.0,-234.0,OnTrack,106.8,8538.4,52.0,0.0,8,3,4346.4957425600005,0.8288944140032721,3.0,229.7530555555528,pos,0 days 00:01:07.764000,67.764,1968.765,0.0
2023-11-25 14:17:48.869,0 days 00:32:48.865000,1780.5761850733795,-1414.2475628195602,-234.105877189745,OnTrack,108.2,8687.6,53.0,0.0,8,3,4349.789728144392,0.829522590449869,3.0,231.5663888888861,interpolation,0 days 00:01:07.864000,67.864,1968.865,0.0
2023-11-25 14:17:48.969,0 days 00:32:48.965000,1811.749290753976,-1407.7866568043394,-234.0258933140768,OnTrack,109.6,8836.8,54.0,0.0,8,3,4352.794072158185,0.8300955310710669,3.0,233.3797222222194,interpolation,0 days 00:01:07.964000,67.964,1968.965,0.0
2023-11-25 14:17:49.069,0 days 00:32:49.065000,1842.0,-1403.0,-234.0,OnTrack,111.0,8986.0,55.0,0.0,8,3,4355.425277777779,0.8305973126830491,3.0,235.19305555555275,interpolation,0 days 00:01:08.064000,68.064,1969.065,0.0
2023-11-25 14:17:49.169,0 days 00:32:49.165000,1870.908424488001,-1399.6180440340695,-234.06818939010796,OnTrack,113.5,9039.5,55.0,0.0,8,3,4357.683345003174,0.8310279352858154,3.0,236.72638888888605,interpolation,0 days 00:01:08.164000,68.164,1969.165,0.0
2023-11-25 14:17:49.269,0 days 00:32:49.265000,1899.3969652342157,-1397.63320725651,-234.1763706016734,OnTrack,116.0,9093.0,55.0,0.0,8,3,4360.580833333334,0.8315804980935947,3.0,238.25972222221932,interpolation,0 days 00:01:08.264000,68.264,1969.265,0.0
2023-11-25 14:17:49.369,0 days 00:32:49.365000,1933.0,-1397.0,-234.0,OnTrack,118.5,9379.0,61.0,0.0,8,3,4365.1303022672255,0.8324481003206159,3.0,240.74861111110795,interpolation,0 days 00:01:08.364000,68.364,1969.365,0.0
2023-11-25 14:17:49.469,0 days 00:32:49.465000,1972.6399203562544,-1397.7108406921377,-233.48498725624844,OnTrack,121.0,9665.0,67.0,0.0,8,3,4369.991944444446,0.8333752352546553,3.0,243.23749999999652,interpolation,0 days 00:01:08.464000,68.464,1969.465,0.0
2023-11-25 14:17:49.569,0 days 00:32:49.565000,2015.0,-1400.0,-233.0,OnTrack,124.0,9761.5,68.0,0.0,8,3,4373.825952504595,0.8341063961834889,3.0,245.32083333333003,interpolation,0 days 00:01:08.564000,68.564,1969.565,0.0
2023-11-25 14:17:49.669,0 days 00:32:49.665000,2056.763512628258,-1404.101748590664,-232.91370586083585,OnTrack,127.0,9858.0,69.0,0.0,8,3,4377.0475000000015,0.8347207583919322,3.0,247.4041666666635,interpolation,0 days 00:01:08.664000,68.664,1969.665,0.0
2023-11-25 14:17:49.769,0 days 00:32:49.765000,2094.0,-1409.0,-233.0,OnTrack,131.0,9908.5,67.75,0.0,8,3,4380.071760482993,0.835297497164801,3.0,248.9152777777747,interpolation,0 days 00:01:08.764000,68.764,1969.765,0.0
2023-11-25 14:17:49.869,0 days 00:32:49.865000,2122.7790038741987,-1413.678667763878,-233.0327775787366,OnTrack,135.0,9959.0,66.5,0.0,8,3,4382.898733953571,0.8358366125020948,3.0,250.42638888888587,interpolation,0 days 00:01:08.864000,68.864,1969.865,0.0
2023-11-25 14:17:49.969,0 days 00:32:49.965000,2143.1005242508536,-1418.1377518822983,-233.01203859704555,OnTrack,139.0,10009.5,65.25,0.0,8,3,4385.977868225142,0.8364238159296006,3.0,251.93749999999704,interpolation,0 days 00:01:08.964000,68.964,1969.965,0.0
2023-11-25 14:17:50.069,0 days 00:32:50.065000,2171.6217825020813,-1420.527960059569,-232.98528031683173,OnTrack,143.0,10060.0,64.0,0.0,8,3,4389.758611111112,0.8371448189731049,3.0,253.44861111110825,interpolation,0 days 00:01:09.064000,69.064,1970.065,0.0
2023-11-25 14:17:50.169,0 days 00:32:50.165000,2225.0,-1419.0,-233.0,OnTrack,144.5,9961.75,62.75,0.0,8,3,4394.240962611485,0.8379996216326078,3.0,256.0152777777748,interpolation,0 days 00:01:09.164000,69.164,1970.165,0.0
2023-11-25 14:17:50.269,0 days 00:32:50.265000,2296.0,-1414.0,-233.0,OnTrack,146.0,9863.5,61.5,0.0,8,3,4399.424922726257,0.8389882239081089,3.0,258.58194444444143,interpolation,0 days 00:01:09.264000,69.264,1970.265,0.0
2023-11-25 14:17:50.369,0 days 00:32:50.365000,2341.2109442983,-1408.204716133012,-232.6480961639153,OnTrack,147.5,9765.25,60.25,0.0,8,3,4404.742393700125,0.840002287247388,3.0,261.14861111110804,interpolation,0 days 00:01:09.364000,69.364,1970.365,0.0
2023-11-25 14:17:50.469,0 days 00:32:50.465000,2358.6688195834395,-1401.663974331945,-232.03031570942235,OnTrack,149.0,9667.0,59.0,0.0,8,3,4409.625277777779,0.8409334730982245,3.0,263.71527777777465,interpolation,0 days 00:01:09.464000,69.464,1970.465,0.0
2023-11-25 14:17:50.569,0 days 00:32:50.565000,2380.0,-1392.0,-232.0,OnTrack,150.0,9494.5,29.500000000000004,0.0,8,3,4414.07357495922,0.8417817814606186,3.0,265.93749999999727,interpolation,0 days 00:01:09.564000,69.564,1970.565,0.0
2023-11-25 14:17:50.669,0 days 00:32:50.665000,2410.47552091762,-1378.8164994000754,-232.6993718680449,OnTrack,151.0,9322.0,0.0,0.0,8,4,4418.014166666668,0.8425332683244355,3.0,268.1597222222199,interpolation,0 days 00:01:09.664000,69.664,1970.665,0.0
2023-11-25 14:17:50.769,0 days 00:32:50.765000,2454.0,-1355.0,-233.0,OnTrack,150.0,9291.75,0.0,0.0,8,4,4421.373934322338,0.8431739896795412,3.0,270.181944444442,interpolation,0 days 00:01:09.764000,69.764,1970.765,0.0
2023-11-25 14:17:50.869,0 days 00:32:50.865000,2511.0,-1316.0,-232.0,OnTrack,149.0,9261.5,0.0,0.0,8,4,4424.152877926232,0.8437039455259356,3.0,272.2041666666641,interpolation,0 days 00:01:09.864000,69.864,1970.865,0.0
2023-11-25 14:17:50.969,0 days 00:32:50.965000,2560.607298298069,-1277.1942450602714,-231.05864641469597,OnTrack,148.0,9231.25,0.0,0.0,8,4,4427.12913256701,0.8442715293894687,3.0,274.2263888888863,interpolation,0 days 00:01:09.964000,69.964,1970.965,0.0
2023-11-25 14:17:51.069,0 days 00:32:51.065000,2599.5427949550885,-1241.8285371299205,-230.398982465359,OnTrack,147.0,9201.0,0.0,0.0,8,4,4431.080833333334,0.8450251347959908,3.0,276.2486111111084,interpolation,0 days 00:01:10.064000,70.064,1971.065,0.0
2023-11-25 14:17:51.169,0 days 00:32:51.165000,2629.0,-1214.0,-230.0,OnTrack,145.0,9106.5,0.0,0.0,8,4,4436.007980225205,0.845964761745502,3.0,279.48194444444243,interpolation,0 days 00:01:10.164000,70.164,1971.165,0.0
2023-11-25 14:17:51.269,0 days 00:32:51.265000,2649.177830752498,-1194.3914841394794,-229.85819767788104,OnTrack,143.0,9012.0,0.0,0.0,8,4,4440.614166666667,0.8468431802318702,3.0,282.71527777777646,interpolation,0 days 00:01:10.264000,70.264,1971.265,0.0
2023-11-25 14:17:51.369,0 days 00:32:51.365000,2661.999017385169,-1180.2436082752304,-229.93511635656935,OnTrack,142.0,9041.0,21.5,0.0,8,4,4443.602986081771,0.8474131602489645,3.0,285.0041666666648,interpolation,0 days 00:01:10.364000,70.364,1971.365,0.0
2023-11-25 14:17:51.469,0 days 00:32:51.465000,2679.0,-1155.0,-230.0,OnTrack,141.0,9070.0,43.0,0.0,8,4,4446.880833333335,0.8480382590498612,3.0,287.2930555555531,interpolation,0 days 00:01:10.464000,70.464,1971.465,0.0
2023-11-25 14:17:51.569,0 days 00:32:51.565000,2702.103528458436,-1115.9012497844508,-230.01438907191667,OnTrack,141.0,9125.5,53.5,0.0,8,4,4452.354103284177,0.849082033887637,3.0,291.5861111111085,interpolation,0 days 00:01:10.564000,70.564,1971.565,0.0
2023-11-25 14:17:51.669,0 days 00:32:51.665000,2724.0,-1075.0,-230.0,OnTrack,141.0,9181.0,64.0,0.0,8,4,4457.886666666667,0.8501371162239573,3.0,295.8791666666639,interpolation,0 days 00:01:10.664000,70.664,1971.665,0.0
2023-11-25 14:17:51.769,0 days 00:32:51.765000,2737.379811864218,-1044.3488930180652,-229.97854921193084,OnTrack,142.5,9150.5,61.5,0.0,8,4,4461.342394213179,0.8507961375204866,3.0,298.2791666666644,interpolation,0 days 00:01:10.764000,70.764,1971.765,0.0
2023-11-25 14:17:51.869,0 days 00:32:51.865000,2743.3996950482046,-1021.414908252438,-229.8484294178536,OnTrack,144.0,9120.0,59.0,0.0,8,4,4464.286666666667,0.8513576222508414,3.0,300.67916666666497,interpolation,0 days 00:01:10.864000,70.864,1971.865,0.0
2023-11-25 14:17:51.969,0 days 00:32:51.965000,2749.0,-991.0,-229.0,OnTrack,145.66666666666666,9339.0,62.333333333333336,0.0,8,4,4468.284864770087,0.8521200948886386,3.0,303.790277777776,interpolation,0 days 00:01:10.964000,70.964,1971.965,0.0
2023-11-25 14:17:52.069,0 days 00:32:52.065000,2755.3374458718527,-950.5711736125407,-227.3316547089679,OnTrack,147.33333333333334,9558.0,65.66666666666667,0.0,8,4,4473.124552935709,0.8530430431033859,3.0,306.90138888888697,interpolation,0 days 00:01:11.064000,71.064,1972.065,0.0
2023-11-25 14:17:52.169,0 days 00:32:52.165000,2762.1649490209534,-901.164895948624,-225.11725744247997,OnTrack,149.0,9777.0,69.0,0.0,8,4,4477.531111111111,0.8538833916675879,3.0,310.012499999998,interpolation,0 days 00:01:11.164000,71.164,1972.165,0.0
2023-11-25 14:17:52.269,0 days 00:32:52.265000,2768.0,-849.0,-224.0,OnTrack,151.6,9854.8,67.4,0.0,8,4,4481.2921015332095,0.8546006278359041,3.0,312.3347222222201,interpolation,0 days 00:01:11.264000,71.264,1972.265,0.0
2023-11-25 14:17:52.369,0 days 00:32:52.365000,2772.595512636033,-795.1129632387069,-224.25374908363148,OnTrack,154.2,9932.6,65.8,0.0,8,4,4484.407524202004,0.8551947516083347,3.0,314.65694444444216,interpolation,0 days 00:01:11.364000,71.364,1972.365,0.0
2023-11-25 14:17:52.469,0 days 00:32:52.465000,2776.0,-745.0,-225.0,OnTrack,156.8,10010.4,64.2,0.0,8,4,4487.175406913671,0.8557225980976002,3.0,316.97916666666424,interpolation,0 days 00:01:11.464000,71.464,1972.465,0.0
2023-11-25 14:17:52.569,0 days 00:32:52.565000,2778.2619751628504,-704.1573246191344,-225.36024805573123,OnTrack,159.4,10088.2,62.6,0.0,8,4,4491.3839256007095,0.856525179726004,3.0,319.3013888888863,interpolation,0 days 00:01:11.564000,71.564,1972.565,0.0
2023-11-25 14:17:52.669,0 days 00:32:52.665000,2779.230505511045,-670.3312808002199,-225.45418970546748,OnTrack,162.0,10166.0,61.0,0.0,8,4,4497.331111111112,0.8576593321882608,3.0,321.6236111111084,interpolation,0 days 00:01:11.664000,71.664,1972.665,0.0
2023-11-25 14:17:52.769,0 days 00:32:52.765000,2778.0,-630.0,-226.0,OnTrack,162.0,10506.0,62.0,0.0,8,4,4504.531111111111,0.8590324014685056,3.0,325.89027777777574,interpolation,0 days 00:01:11.764000,71.764,1972.765,0.0
2023-11-25 14:17:52.869,0 days 00:32:52.865000,2774.4195275617185,-580.9098489999064,-227.1173741682857,OnTrack,163.0,10334.0,41.33333333333333,0.0,8,4,4510.06882652344,0.8600884663178676,3.0,328.3791666666645,interpolation,0 days 00:01:11.864000,71.864,1972.865,0.0
2023-11-25 14:17:52.969,0 days 00:32:52.965000,2768.577012129037,-525.0104948783754,-228.68777771202195,OnTrack,164.0,10162.0,20.666666666666664,0.0,8,4,4513.754475770596,0.8607913346177323,3.0,330.8680555555532,interpolation,0 days 00:01:11.964000,71.964,1972.965,0.0
2023-11-25 14:17:53.069,0 days 00:32:53.065000,2761.0,-474.0,-230.0,OnTrack,165.0,9990.0,0.0,0.0,8,4,4517.364444444444,0.8614797703244972,3.0,333.356944444442,interpolation,0 days 00:01:12.064000,72.064,1973.065,0.0
2023-11-25 14:17:53.169,0 days 00:32:53.165000,2751.776416007791,-429.82805140790975,-230.93550532011773,OnTrack,161.66666666666666,9844.333333333334,0.0,0.0,8,4,4521.194795294451,0.8622102338084837,3.0,336.05324074073815,interpolation,0 days 00:01:12.164000,72.164,1973.165,0.0
2023-11-25 14:17:53.269,0 days 00:32:53.265000,2740.906260152408,-392.4946491021044,-231.49429367237505,OnTrack,158.33333333333334,9698.666666666666,0.0,1.0,8,4,4525.234790188055,0.8629806772641436,3.0,338.7495370370343,interpolation,0 days 00:01:12.264000,72.264,1973.265,0.0
2023-11-25 14:17:53.369,0 days 00:32:53.365000,2724.3329742208216,-355.66392224524685,-231.8059351884449,OnTrack,155.0,9553.0,0.0,1.0,8,4,4529.42,0.8637788137952773,3.0,341.4458333333305,interpolation,0 days 00:01:12.364000,72.364,1973.365,0.0
2023-11-25 14:17:53.469,0 days 00:32:53.465000,2698.0,-313.0,-232.0,OnTrack,153.5,9588.5,12.5,1.0,8,4,4533.739686487769,0.8646025955753669,3.0,344.4736111111083,interpolation,0 days 00:01:12.464000,72.464,1973.465,0.0
2023-11-25 14:17:53.569,0 days 00:32:53.565000,2661.9073374899435,-264.5028823663639,-232.0764881070405,OnTrack,152.0,9624.0,25.0,1.0,8,4,4537.864444444444,0.8653892036918607,3.0,347.50138888888614,interpolation,0 days 00:01:12.564000,72.564,1973.565,0.0
2023-11-25 14:17:53.669,0 days 00:32:53.665000,2626.0,-220.0,-232.0,OnTrack,150.0,9578.5,33.0,1.0,8,4,4541.464868663109,0.8660758192322076,3.0,350.6958333333305,interpolation,0 days 00:01:12.664000,72.664,1973.665,0.0
2023-11-25 14:17:53.769,0 days 00:32:53.765000,2600.2230008395186,-189.31878355657005,-231.7351361693125,OnTrack,148.0,9533.0,41.0,0.0,8,4,4546.086666666667,0.866957214906955,3.0,353.8902777777748,interpolation,0 days 00:01:12.764000,72.764,1973.765,0.0
2023-11-25 14:17:53.869,0 days 00:32:53.865000,2584.576340008498,-172.4592330360739,-231.281896614978,OnTrack,150.0,9867.0,61.0,0.0,8,4,4552.753333333334,0.8682285753516261,3.0,358.9124999999967,interpolation,0 days 00:01:12.864000,72.864,1973.865,0.0
2023-11-25 14:17:53.969,0 days 00:32:53.965000,2564.3915091732288,-157.37006599754082,-230.9377087531544,OnTrack,151.25,9944.5,62.0,0.0,8,4,4558.331576752569,0.8692923690567204,3.0,361.6624999999967,interpolation,0 days 00:01:12.964000,72.964,1973.965,0.0
2023-11-25 14:17:54.069,0 days 00:32:54.065000,2525.0,-132.0,-231.0,OnTrack,152.5,10022.0,63.0,0.0,8,4,4562.299178932202,0.8700490069274268,3.0,364.4124999999967,interpolation,0 days 00:01:13.064000,73.064,1974.065,0.0
2023-11-25 14:17:54.169,0 days 00:32:54.165000,2466.401812488812,-96.3490350434514,-231.4687703555146,OnTrack,153.75,10099.5,64.0,0.0,8,4,4565.368858312402,0.8706344072686979,3.0,367.1624999999967,interpolation,0 days 00:01:13.164000,73.164,1974.165,0.0
2023-11-25 14:17:54.269,0 days 00:32:54.265000,2407.0,-62.0,-232.0,OnTrack,155.0,10177.0,65.0,0.0,8,4,4568.253333333334,0.8711844883854862,3.0,369.9124999999967,interpolation,0 days 00:01:13.264000,73.264,1974.265,0.0
2023-11-25 14:17:54.369,0 days 00:32:54.365000,2365.197615893899,-40.535723741750665,-232.24966911375788,OnTrack,157.5,10395.0,74.0,0.0,8,4,4570.952603995002,0.871699250277792,3.0,372.0766666666637,interpolation,0 days 00:01:13.364000,73.364,1974.365,0.0
2023-11-25 14:17:54.469,0 days 00:32:54.465000,2340.9946601705105,-31.95620626870342,-232.2177776967883,OnTrack,160.0,10613.0,83.0,0.0,8,4,4575.320000000001,0.8725321304568375,3.0,374.24083333333056,interpolation,0 days 00:01:13.464000,73.464,1974.465,0.0
2023-11-25 14:17:54.569,0 days 00:32:54.565000,2322.7943743618657,-28.89858566130445,-232.07699743142453,OnTrack,160.0,10753.0,84.0,0.0,8,4,4582.431111111112,0.8738882482644866,3.0,377.5741666666636,interpolation,0 days 00:01:13.564000,73.564,1974.565,0.0
2023-11-25 14:17:54.669,0 days 00:32:54.665000,2299.0,-24.0,-232.0,OnTrack,164.5,10822.0,92.0,0.0,8,4,4587.619521581527,0.8748776992409071,3.0,379.0741666666636,interpolation,0 days 00:01:13.664000,73.664,1974.665,0.0
2023-11-25 14:17:54.769,0 days 00:32:54.765000,2269.611537084912,-17.26044928479005,-231.98678540251464,OnTrack,169.0,10891.0,100.0,0.0,8,4,4591.820000000001,0.8756787475573983,3.0,380.5741666666636,interpolation,0 days 00:01:13.764000,73.764,1974.765,0.0
2023-11-25 14:17:54.869,0 days 00:32:54.865000,2226.0,-11.0,-232.0,OnTrack,172.0,11159.333333333334,100.0,0.0,8,4,4596.745046931093,0.8766179740358492,3.0,381.1074999999967,pos,0 days 00:01:13.864000,73.864,1974.865,0.0
2023-11-25 14:17:54.969,0 days 00:32:54.965000,2159.536403128664,-7.538718629955255,-232.0022901534876,OnTrack,175.0,11427.666666666666,100.0,0.0,8,4,4602.269481490974,0.87767150617264,3.0,381.6408333333299,interpolation,0 days 00:01:13.964000,73.964,1974.965,0.0
2023-11-25 14:17:55.069,0 days 00:32:55.065000,2089.0,-7.0,-232.0,OnTrack,178.0,11696.0,100.0,0.0,8,4,4607.642222222223,0.8786961096794175,3.0,382.17416666666304,interpolation,0 days 00:01:14.064000,74.064,1975.065,0.0
2023-11-25 14:17:55.169,0 days 00:32:55.165000,2033.170044143107,-9.507238935478414,-231.99947367655977,OnTrack,181.6,11475.8,100.0,0.0,8,4,4612.738089522857,0.8796679122970155,3.0,381.56305555555207,interpolation,0 days 00:01:14.164000,74.164,1975.165,0.0
2023-11-25 14:17:55.269,0 days 00:32:55.265000,1985.0,-14.0,-232.0,OnTrack,185.2,11255.6,100.0,0.0,8,4,4617.557083392878,0.8805869140254338,3.0,380.9519444444412,interpolation,0 days 00:01:14.264000,74.264,1975.265,0.0
2023-11-25 14:17:55.369,0 days 00:32:55.365000,1937.4433320126957,-19.417847757174272,-232.00086778715388,OnTrack,188.8,11035.4,100.0,0.0,8,4,4622.149002170599,0.8814626116103044,3.0,380.3408333333302,interpolation,0 days 00:01:14.364000,74.364,1975.365,0.0
2023-11-25 14:17:55.469,0 days 00:32:55.465000,1890.8144718649492,-25.646470333542364,-232.00167395302304,OnTrack,192.4,10815.2,100.0,0.0,8,4,4626.812634356103,0.8823519852336763,3.0,379.72972222221927,interpolation,0 days 00:01:14.464000,74.464,1975.465,0.0
2023-11-25 14:17:55.569,0 days 00:32:55.565000,1847.0,-32.0,-232.0,OnTrack,196.0,10595.0,100.0,0.0,8,4,4631.597777777778,0.8832645315439354,3.0,379.1186111111083,interpolation,0 days 00:01:14.564000,74.564,1975.565,0.0
2023-11-25 14:17:55.669,0 days 00:32:55.665000,1806.314344881841,-38.3641260536359,-231.995442847214,OnTrack,199.66666666666663,10733.0,100.0,0.0,8,4,4636.504432435618,0.8842002505410813,3.0,377.8482407407376,interpolation,0 days 00:01:14.664000,74.664,1975.665,0.0
2023-11-25 14:17:55.769,0 days 00:32:55.765000,1763.6098035384812,-45.39171656349252,-231.99048260371592,OnTrack,203.33333333333331,10871.0,100.0,0.0,8,5,4641.6454323056505,0.8851806601232038,3.0,376.57787037036695,interpolation,0 days 00:01:14.764000,74.764,1975.765,0.0
2023-11-25 14:17:55.869,0 days 00:32:55.865000,1688.0,-57.0,-232.0,OnTrack,207.0,11009.0,100.0,0.0,8,5,4647.697777777778,0.8863348670178159,3.0,375.30749999999625,pos,0 days 00:01:14.864000,74.864,1975.865,0.0
2023-11-25 14:17:55.969,0 days 00:32:55.965000,1587.0,-72.0,-232.0,OnTrack,209.66666666666663,11217.333333333334,100.0,0.0,8,5,4654.774301672614,0.8876843889026653,3.0,373.0074999999964,interpolation,0 days 00:01:14.964000,74.964,1975.965,0.0
2023-11-25 14:17:56.069,0 days 00:32:56.065000,1536.587121051733,-79.34055327600889,-231.8316307673142,OnTrack,212.33333333333331,11425.666666666666,100.0,0.0,8,5,4662.563659835921,0.889169851181396,3.0,370.7074999999965,interpolation,0 days 00:01:15.064000,75.064,1976.065,0.0
2023-11-25 14:17:56.169,0 days 00:32:56.165000,1529.4786512596702,-80.01114577189996,-231.58948774939591,OnTrack,215.0,11634.0,100.0,0.0,8,5,4669.197777777778,0.8904350044518801,3.0,368.4074999999966,interpolation,0 days 00:01:15.164000,75.164,1976.165,0.0
2023-11-25 14:17:56.269,0 days 00:32:56.265000,1446.0,-91.0,-232.0,OnTrack,217.66666666666663,11675.333333333334,100.0,0.0,8,5,4674.365308155774,0.8914204735097632,3.0,366.62972222221896,pos,0 days 00:01:15.264000,75.264,1976.265,0.0
2023-11-25 14:17:56.369,0 days 00:32:56.365000,1289.0,-112.0,-233.0,OnTrack,220.33333333333331,11716.666666666666,100.0,0.0,8,5,4678.484456644519,0.8922060118779105,3.0,364.8519444444413,interpolation,0 days 00:01:15.364000,75.364,1976.365,0.0
2023-11-25 14:17:56.469,0 days 00:32:56.465000,1195.2475512376736,-124.18004410279514,-233.48404420169703,OnTrack,223.0,11758.0,100.0,0.0,8,5,4684.064444444445,0.8932701382434964,3.0,363.0741666666636,interpolation,0 days 00:01:15.464000,75.464,1976.465,0.0
2023-11-25 14:17:56.569,0 days 00:32:56.565000,1174.7742853685647,-126.21663025736078,-233.3399418682945,OnTrack,226.0,11209.5,100.0,0.0,8,5,4691.523472947762,0.894692605312715,3.0,360.2074999999968,interpolation,0 days 00:01:15.564000,75.564,1976.565,0.0
2023-11-25 14:17:56.669,0 days 00:32:56.665000,1151.0,-129.0,-233.0,OnTrack,229.0,10661.0,100.0,0.0,8,5,4699.331111111112,0.8961815536617931,3.0,357.34083333333,interpolation,0 days 00:01:15.664000,75.664,1976.665,0.0
2023-11-25 14:17:56.769,0 days 00:32:56.765000,1111.1612627179834,-134.34520287978532,-232.5362701324173,OnTrack,231.33333333333331,10727.0,100.0,0.0,8,5,4705.956927891139,0.8974451238669579,3.0,354.59268518518184,interpolation,0 days 00:01:15.764000,75.764,1976.765,0.0
2023-11-25 14:17:56.869,0 days 00:32:56.865000,1057.0035869901142,-142.06100401610453,-232.03348073259775,OnTrack,233.66666666666663,10793.0,100.0,0.0,8,5,4711.625763560992,0.8985261938826563,3.0,351.84453703703366,interpolation,0 days 00:01:15.864000,75.864,1976.865,0.0
2023-11-25 14:17:56.969,0 days 00:32:56.965000,999.0,-151.0,-232.0,OnTrack,236.0,10859.0,100.0,0.0,8,5,4717.686666666667,0.8996820327527874,3.0,349.0963888888855,interpolation,0 days 00:01:15.964000,75.964,1976.965,0.0
2023-11-25 14:17:57.069,0 days 00:32:57.065000,938.8959973412748,-160.97095790909475,-232.52055553406024,OnTrack,238.0,10935.5,100.0,0.0,8,5,4724.364479783689,0.9009555188708702,3.0,346.06861111110766,interpolation,0 days 00:01:16.064000,76.064,1977.065,0.0
2023-11-25 14:17:57.169,0 days 00:32:57.165000,869.0,-173.0,-233.0,OnTrack,240.0,11012.0,100.0,0.0,8,6,4731.020000000001,0.9022247536421296,3.0,343.04083333332983,interpolation,0 days 00:01:16.164000,76.164,1977.165,0.0
2023-11-25 14:17:57.269,0 days 00:32:57.265000,781.6204289622385,-188.113248529327,-232.84318606304095,OnTrack,242.0,11111.0,100.0,0.0,8,6,4737.014024403553,0.9033678384717898,3.0,340.2667592592558,interpolation,0 days 00:01:16.264000,76.264,1977.265,0.0
2023-11-25 14:17:57.369,0 days 00:32:57.365000,685.1560815825244,-204.9115566169305,-232.20335953561045,OnTrack,244.0,11210.0,100.0,0.0,8,6,4742.694970579268,0.9044512180102058,3.0,337.49268518518176,interpolation,0 days 00:01:16.364000,76.364,1977.365,0.0
2023-11-25 14:17:57.469,0 days 00:32:57.465000,630.0,-215.0,-232.0,OnTrack,246.0,11309.0,100.0,0.0,8,6,4750.153333333335,0.9058735581183354,3.0,334.71861111110775,interpolation,0 days 00:01:16.464000,76.464,1977.465,0.0
2023-11-25 14:17:57.569,0 days 00:32:57.565000,603.0,-220.0,-232.0,OnTrack,247.0,11417.0,100.0,0.0,8,6,4759.737526682905,0.9077013027661438,3.0,330.79083333332983,interpolation,0 days 00:01:16.564000,76.564,1977.565,0.0
2023-11-25 14:17:57.669,0 days 00:32:57.665000,474.8490140915205,-238.0351445832269,-229.8852186394564,OnTrack,248.0,11525.0,100.0,0.0,8,6,4769.442222222224,0.9095520276715836,3.0,326.8630555555519,interpolation,0 days 00:01:16.664000,76.664,1977.665,0.0
2023-11-25 14:17:57.769,0 days 00:32:57.765000,316.0,-259.0,-227.0,OnTrack,249.5,11575.25,100.0,0.0,8,6,4777.2620915455445,0.9110433085526084,3.0,324.513055555552,interpolation,0 days 00:01:16.764000,76.764,1977.765,0.0
2023-11-25 14:17:57.869,0 days 00:32:57.865000,218.4572037082638,-269.768519040768,-225.0750469574373,OnTrack,251.0,11625.5,100.0,0.0,8,6,4783.197134652864,0.9121751454092182,3.0,322.1630555555521,interpolation,0 days 00:01:16.864000,76.864,1977.865,0.0
2023-11-25 14:17:57.969,0 days 00:32:57.965000,182.22062521631196,-270.3407017055309,-224.11035951176848,OnTrack,252.5,11675.75,100.0,0.0,8,6,4788.604721544864,0.9132063942205596,3.0,319.8130555555522,interpolation,0 days 00:01:16.964000,76.964,1977.965,0.0
2023-11-25 14:17:58.069,0 days 00:32:58.065000,168.6237341162041,-264.7425335175283,-223.5904923102154,OnTrack,254.0,11726.0,100.0,0.0,8,6,4794.842222222223,0.91439591096578,3.0,317.4630555555523,interpolation,0 days 00:01:17.064000,77.064,1978.065,0.0
2023-11-25 14:17:58.169,0 days 00:32:58.165000,139.0,-257.0,-223.0,OnTrack,254.66666666666663,11233.666666666666,100.0,0.0,8,6,4801.909636684941,0.9157436956448792,3.0,315.35277777777446,interpolation,0 days 00:01:17.164000,77.164,1978.165,0.0
2023-11-25 14:17:58.269,0 days 00:32:58.265000,93.34942286769966,-247.1131011529461,-222.33888258112228,OnTrack,255.33333333333331,10741.333333333334,100.0,0.0,8,6,4809.710818808136,0.9172314128008452,3.0,313.24249999999665,interpolation,0 days 00:01:17.264000,77.264,1978.265,0.0
2023-11-25 14:17:58.369,0 days 00:32:58.365000,34.00891256986684,-235.0922583329879,-221.62883193316483,OnTrack,256.0,10249.0,100.0,0.0,8,6,4817.66888888889,0.9187490491283338,3.0,311.13222222221884,interpolation,0 days 00:01:17.364000,77.364,1978.365,0.0
2023-11-25 14:17:58.469,0 days 00:32:58.465000,-25.0,-221.0,-221.0,OnTrack,257.0,10345.0,100.0,0.0,8,6,4825.687699817781,0.920278268982577,3.0,309.0877777777744,interpolation,0 days 00:01:17.464000,77.464,1978.465,0.0
2023-11-25 14:17:58.569,0 days 00:32:58.565000,-81.34038106125769,-204.8467476173189,-220.4740788833364,OnTrack,258.0,10441.0,100.0,0.0,8,6,4833.632091899147,0.9217932968599578,3.0,307.04333333333005,interpolation,0 days 00:01:17.564000,77.564,1978.565,0.0
2023-11-25 14:17:58.669,0 days 00:32:58.665000,-149.0,-175.0,-220.0,OnTrack,259.0,10537.0,100.0,0.0,8,6,4840.691111111112,0.9231394805305976,3.0,304.99888888888563,interpolation,0 days 00:01:17.664000,77.664,1978.665,0.0
2023-11-25 14:17:58.769,0 days 00:32:58.765000,-241.96662620232064,-119.8272559630987,-219.52669476681697,OnTrack,259.0,10536.75,100.0,0.0,8,6,4846.729599142042,0.9242910447548192,3.0,303.6877777777745,interpolation,0 days 00:01:17.764000,77.764,1978.765,0.0
2023-11-25 14:17:58.869,0 days 00:32:58.865000,-352.7045783467711,-44.82811443067644,-219.10056275872944,OnTrack,259.0,10536.5,100.0,0.0,8,7,4851.747555991939,0.9252479895326232,3.0,302.37666666666337,interpolation,0 days 00:01:17.864000,77.864,1978.865,0.0
2023-11-25 14:17:58.969,0 days 00:32:58.965000,-436.0,17.0,-219.0,OnTrack,259.0,10536.25,100.0,0.0,8,7,4856.992845956977,0.92624828765998,3.0,301.06555555555224,interpolation,0 days 00:01:17.964000,77.964,1978.965,0.0
2023-11-25 14:17:59.069,0 days 00:32:59.065000,-484.3172870055404,60.15754472047377,-219.2714055904416,OnTrack,259.0,10536.0,100.0,0.0,8,7,4863.713333333335,0.9275299119328616,3.0,299.7544444444411,interpolation,0 days 00:01:18.064000,78.064,1979.065,0.0
2023-11-25 14:17:59.169,0 days 00:32:59.165000,-502.65448262850674,87.70440650509421,-219.81143301405163,OnTrack,259.3333333333333,10546.0,100.0,0.0,8,7,4871.9090181210095,0.929092862351268,3.0,298.2877777777746,interpolation,0 days 00:01:18.164000,78.164,1979.165,0.0
2023-11-25 14:17:59.269,0 days 00:32:59.265000,-521.0,118.0,-220.0,OnTrack,259.6666666666667,10556.0,100.0,0.0,8,7,4881.245162951802,0.9308733031378064,3.0,296.821111111108,interpolation,0 days 00:01:18.264000,78.264,1979.265,0.0
2023-11-25 14:17:59.369,0 days 00:32:59.365000,-544.3519335653596,154.10424331294146,-219.73375897401044,OnTrack,260.0,10566.0,100.0,0.0,8,7,4889.713333333335,0.9324882176670788,3.0,295.35444444444147,interpolation,0 days 00:01:18.364000,78.364,1979.365,0.0
2023-11-25 14:17:59.469,0 days 00:32:59.465000,-574.2575053526768,199.26840538677524,-219.1419489454154,OnTrack,260.6666666666667,10606.0,100.0,0.0,8,7,4896.978788469682,0.933873769508011,3.0,294.2137037037007,interpolation,0 days 00:01:18.464000,78.464,1979.465,0.0
2023-11-25 14:17:59.569,0 days 00:32:59.565000,-620.0,273.0,-219.0,OnTrack,261.3333333333333,10646.0,100.0,0.0,8,7,4903.284813425061,0.935076354111718,3.0,293.0729629629598,pos,0 days 00:01:18.564000,78.564,1979.565,0.0
2023-11-25 14:17:59.669,0 days 00:32:59.665000,-683.1266236919475,378.5502628026488,-219.4371498236959,OnTrack,262.0,10686.0,100.0,0.0,8,7,4910.091111111113,0.9363743427596232,3.0,291.932222222219,interpolation,0 days 00:01:18.664000,78.664,1979.665,0.0
2023-11-25 14:17:59.769,0 days 00:32:59.765000,-749.0,490.0,-220.0,OnTrack,263.5,10686.0,100.0,0.0,8,7,4917.64096410083,0.9378141304277544,3.0,290.8766666666638,pos,0 days 00:01:18.764000,78.764,1979.765,0.0
2023-11-25 14:17:59.869,0 days 00:32:59.865000,-802.9827524956381,581.4300177973319,-220.2351521124092,OnTrack,265.0,10686.0,100.0,0.0,8,7,4924.813333333334,0.9391819304082716,3.0,289.8211111111086,interpolation,0 days 00:01:18.864000,78.864,1979.865,0.0
2023-11-25 14:17:59.969,0 days 00:32:59.965000,-845.0748811788618,652.8403161946444,-220.1426061609235,OnTrack,266.5,10749.0,100.0,0.0,8,7,4930.48717974774,0.9402639559933336,3.0,288.95444444444183,interpolation,0 days 00:01:18.964000,78.964,1979.965,0.0
2023-11-25 14:18:00.069,0 days 00:33:00.065000,-878.6295692726547,709.8304564946346,-219.97875712897607,OnTrack,268.0,10812.0,100.0,0.0,8,7,4936.724444444446,0.941453427736084,3.0,288.08777777777505,interpolation,0 days 00:01:19.064000,79.064,1980.065,0.0
2023-11-25 14:18:00.169,0 days 00:33:00.165000,-907.0,758.0,-220.0,OnTrack,268.0,10832.0,100.0,0.0,8,7,4945.587068523847,0.9431435661896648,3.0,286.95444444444183,interpolation,0 days 00:01:19.164000,79.164,1980.165,0.0
2023-11-25 14:18:00.269,0 days 00:33:00.265000,-930.1861733608982,797.3489467107404,-220.20633477399537,OnTrack,268.0,10852.0,100.0,0.0,8,7,4954.591111111112,0.944860673727802,3.0,285.8211111111086,interpolation,0 days 00:01:19.264000,79.264,1980.265,0.0
2023-11-25 14:18:00.369,0 days 00:33:00.365000,-949.743000938638,832.3678313270732,-220.57839706918168,OnTrack,262.3333333333333,10495.0,66.66666666666666,0.0,8,7,4961.252631331408,0.9461310527242216,3.0,285.5618518518495,interpolation,0 days 00:01:19.364000,79.364,1980.365,0.0
2023-11-25 14:18:00.469,0 days 00:33:00.465000,-975.0,890.0,-221.0,OnTrack,256.6666666666667,10138.0,33.33333333333333,0.0,8,7,4966.301096546172,0.9470938155712736,3.0,285.3025925925904,interpolation,0 days 00:01:19.464000,79.464,1980.465,0.0
2023-11-25 14:18:00.569,0 days 00:33:00.565000,-1007.5120980506496,974.7360334130492,-221.45177898637775,OnTrack,251.0,9781.0,0.0,0.0,8,7,4974.113333333334,0.9485836408966136,3.0,285.04333333333125,interpolation,0 days 00:01:19.564000,79.564,1980.565,0.0
2023-11-25 14:18:00.669,0 days 00:33:00.665000,-1044.690220573263,1078.6292717239903,-221.88419328968172,OnTrack,235.0,9629.0,0.0,0.0,8,7,4984.557777777778,0.9505754389265982,3.0,285.3544444444424,interpolation,0 days 00:01:19.664000,79.664,1980.665,0.0
2023-11-25 14:18:00.769,0 days 00:33:00.765000,-1071.0,1154.0,-222.0,OnTrack,223.25,9658.0,0.0,1.0,8,7,4992.46817095031,0.9520839830738012,3.0,286.80041666666466,interpolation,0 days 00:01:19.764000,79.764,1980.765,0.0
2023-11-25 14:18:00.869,0 days 00:33:00.865000,-1083.852388325524,1192.9016397722278,-221.749658885994,OnTrack,211.5,9687.0,0.0,1.0,8,7,4996.983465287516,0.9529450680662568,3.0,288.24638888888694,interpolation,0 days 00:01:19.864000,79.864,1980.865,0.0
2023-11-25 14:18:00.969,0 days 00:33:00.965000,-1085.4490456267058,1202.967759006302,-221.2275548271612,OnTrack,199.75,9716.0,0.0,1.0,8,7,4999.972860314297,0.9535151578548386,3.0,289.6923611111092,interpolation,0 days 00:01:19.964000,79.964,1980.965,0.0
2023-11-25 14:18:01.069,0 days 00:33:01.065000,-1089.0,1230.0,-221.0,OnTrack,188.0,9745.0,0.0,1.0,8,7,5003.305555555557,0.9541507163904208,3.0,291.1383333333315,interpolation,0 days 00:01:20.064000,80.064,1981.065,0.0
2023-11-25 14:18:01.169,0 days 00:33:01.165000,-1096.706934067392,1281.6320088870868,-221.1613802505141,OnTrack,180.0,9785.5,0.0,1.0,8,7,5006.981551011296,0.9548517436730032,3.0,292.8494444444427,interpolation,0 days 00:01:20.164000,80.164,1981.165,0.0
2023-11-25 14:18:01.269,0 days 00:33:01.265000,-1107.615539984359,1352.8976209007303,-221.63936800020744,OnTrack,172.0,9826.0,0.0,1.0,8,6,5010.950000000001,0.9556085430336436,3.0,294.56055555555395,interpolation,0 days 00:01:20.264000,80.264,1981.265,0.0
2023-11-25 14:18:01.369,0 days 00:33:01.365000,-1116.0,1414.0,-222.0,OnTrack,165.0,9744.5,0.0,1.0,8,5,5015.160055840162,0.9564114178033992,3.0,297.11611111110915,interpolation,0 days 00:01:20.364000,80.364,1981.365,0.0
2023-11-25 14:18:01.469,0 days 00:33:01.465000,-1120.9060160418544,1459.9730322713317,-222.17094941202637,OnTrack,158.0,9663.0,0.0,1.0,8,5,5019.727777777779,0.9572825009524604,3.0,299.67166666666435,interpolation,0 days 00:01:20.464000,80.464,1981.465,0.0
2023-11-25 14:18:01.569,0 days 00:33:01.565000,-1122.3335881099229,1490.8167177147247,-222.15221623628656,OnTrack,154.66666666666666,9423.666666666666,0.0,1.0,8,5,5024.7692250588525,0.9582439254510182,3.0,303.2049999999975,interpolation,0 days 00:01:20.564000,80.564,1981.565,0.0
2023-11-25 14:18:01.669,0 days 00:33:01.665000,-1121.5943661230297,1517.2520443007554,-222.05737494240347,OnTrack,151.33333333333334,9184.333333333334,0.0,1.0,8,5,5030.090451914987,0.9592587050523196,3.0,306.7383333333307,interpolation,0 days 00:01:20.664000,80.664,1981.665,0.0
2023-11-25 14:18:01.769,0 days 00:33:01.765000,-1120.0,1550.0,-222.0,OnTrack,148.0,8945.0,0.0,1.0,8,5,5034.527777777779,0.9601049211396302,3.0,310.2716666666638,interpolation,0 days 00:01:20.764000,80.764,1981.765,0.0
2023-11-25 14:18:01.869,0 days 00:33:01.865000,-1117.550489740834,1589.0605848124585,-221.98009140907607,OnTrack,145.0,8864.0,0.0,1.0,8,5,5037.887254892823,0.9607455870874568,3.0,312.71611111110815,interpolation,0 days 00:01:20.864000,80.864,1981.865,0.0
2023-11-25 14:18:01.969,0 days 00:33:01.965000,-1114.6807186595588,1630.7538511016146,-221.99179660275664,OnTrack,142.0,8783.0,0.0,1.0,8,4,5040.83888888889,0.9613084756939188,3.0,315.1605555555525,interpolation,0 days 00:01:20.964000,80.964,1981.965,0.0
2023-11-25 14:18:02.069,0 days 00:33:02.065000,-1114.0,1653.0,-222.0,OnTrack,140.0,8723.0,0.0,1.0,8,4,5044.052685394755,0.9619213597571356,3.0,317.9864814814785,pos,0 days 00:01:21.064000,81.064,1982.065,0.0
2023-11-25 14:18:02.169,0 days 00:33:02.165000,-1115.9432215294132,1652.1190461882416,-221.99884897400045,OnTrack,138.0,8663.0,0.0,1.0,8,4,5047.545300104022,0.9625874155856116,3.0,320.8124074074046,interpolation,0 days 00:01:21.164000,81.164,1982.165,0.0
2023-11-25 14:18:02.269,0 days 00:33:02.265000,-1113.0,1664.0,-222.0,OnTrack,136.0,8603.0,0.0,1.0,8,4,5051.416666666668,0.9633257009327968,3.0,323.6383333333306,pos,0 days 00:01:21.264000,81.264,1982.265,0.0
2023-11-25 14:18:02.369,0 days 00:33:02.365000,-1097.6599521639632,1724.5318717689363,-222.0151095532408,OnTrack,134.33333333333334,8488.666666666666,8.666666666666666,1.0,8,4,5055.68344060574,0.96413939207467,3.0,327.2716666666638,interpolation,0 days 00:01:21.364000,81.364,1982.365,0.0
2023-11-25 14:18:02.469,0 days 00:33:02.465000,-1079.0,1795.0,-222.0,OnTrack,132.66666666666666,8374.333333333334,17.333333333333332,1.0,8,4,5060.247117374526,0.965009703793585,3.0,330.904999999997,interpolation,0 days 00:01:21.464000,81.464,1982.465,0.0
2023-11-25 14:18:02.569,0 days 00:33:02.565000,-1066.097065486809,1836.6897231981395,-221.9104937065549,OnTrack,131.0,8260.0,26.0,1.0,8,4,5064.516666666668,0.9658239242065754,3.0,334.53833333333023,interpolation,0 days 00:01:21.564000,81.564,1982.565,0.0
2023-11-25 14:18:02.669,0 days 00:33:02.665000,-1058.9511486243905,1849.601041363356,-221.74659067290557,OnTrack,131.0,8355.0,32.6,1.0,8,4,5068.393582926759,0.9665632679036328,3.0,337.0983333333303,interpolation,0 days 00:01:21.664000,81.664,1982.665,0.0
2023-11-25 14:18:02.769,0 days 00:33:02.765000,-1051.5796574497765,1852.2118388468937,-221.70939230280337,OnTrack,131.0,8450.0,39.2,0.0,8,4,5071.877866154802,0.9672277348847574,3.0,339.6583333333303,interpolation,0 days 00:01:21.764000,81.764,1982.765,0.0
2023-11-25 14:18:02.869,0 days 00:33:02.865000,-1038.0,1863.0,-222.0,OnTrack,131.0,8545.0,45.8,0.0,8,4,5075.049852649205,0.9678326456087596,3.0,342.21833333333035,interpolation,0 days 00:01:21.864000,81.864,1982.865,0.0
2023-11-25 14:18:02.969,0 days 00:33:02.965000,-1018.2121762750612,1881.9655248226727,-222.6184137644954,OnTrack,131.0,8640.0,52.4,0.0,8,4,5078.391562668363,0.9684699232991472,3.0,344.77833333333035,interpolation,0 days 00:01:21.964000,81.964,1982.965,0.0
2023-11-25 14:18:03.069,0 days 00:33:03.065000,-992.0,1904.0,-223.0,OnTrack,131.0,8735.0,59.0,0.0,8,4,5081.983333333335,0.9691548885716136,3.0,347.3383333333304,pos,0 days 00:01:22.064000,82.064,1983.065,0.0
2023-11-25 14:18:03.169,0 days 00:33:03.165000,-959.1472848998568,1923.9950122170656,-222.5801251102241,OnTrack,133.0,8880.0,62.0,0.0,8,4,5085.82516464412,0.9698875414261584,3.0,349.89388888888607,interpolation,0 days 00:01:22.164000,82.164,1983.165,0.0
2023-11-25 14:18:03.269,0 days 00:33:03.265000,-921.0,1941.0,-222.0,OnTrack,135.0,9025.0,65.0,0.0,8,4,5089.483333333335,0.9705851690718684,3.0,352.4494444444417,interpolation,0 days 00:01:22.264000,82.264,1983.265,0.0
2023-11-25 14:18:03.369,0 days 00:33:03.365000,-878.9041143257995,1954.0644018749315,-221.9008355741598,OnTrack,137.0,9055.5,70.5,0.0,8,4,5092.524116133594,0.9711650587178312,3.0,354.29388888888616,interpolation,0 days 00:01:22.364000,82.364,1983.365,0.0
2023-11-25 14:18:03.469,0 days 00:33:03.465000,-830.0,1964.0,-222.0,OnTrack,139.0,9086.0,76.0,0.0,8,4,5095.661111111113,0.9717632964172636,3.0,356.1383333333306,interpolation,0 days 00:01:22.464000,82.464,1983.465,0.0
2023-11-25 14:18:03.569,0 days 00:33:03.565000,-771.4280291453472,1971.6185765333453,-222.01486144481717,OnTrack,143.0,9418.75,82.0,0.0,8,4,5099.607916332115,0.972515968223384,3.0,357.9105555555527,interpolation,0 days 00:01:22.564000,82.564,1983.565,0.0
2023-11-25 14:18:03.669,0 days 00:33:03.665000,-714.0,1977.0,-222.0,OnTrack,147.0,9751.5,88.0,0.0,8,4,5104.364531796596,0.9734230741361918,3.0,359.68277777777485,interpolation,0 days 00:01:22.664000,82.664,1983.665,0.0
2023-11-25 14:18:03.769,0 days 00:33:03.765000,-668.527710802118,1980.2241389249964,-222.00999575693737,OnTrack,151.0,10084.25,94.0,0.0,8,4,5109.505548029447,0.9744034868387704,3.0,361.45499999999697,interpolation,0 days 00:01:22.764000,82.764,1983.765,0.0
2023-11-25 14:18:03.869,0 days 00:33:03.865000,-626.0,1983.0,-222.0,OnTrack,155.0,10417.0,100.0,0.0,8,4,5114.605555555558,0.975376079014204,3.0,363.2272222222191,interpolation,0 days 00:01:22.864000,82.864,1983.865,0.0
2023-11-25 14:18:03.969,0 days 00:33:03.965000,-577.4057060419445,1987.0365899166757,-221.9251640135586,OnTrack,159.66666666666666,10708.333333333334,100.0,0.0,8,4,5119.664554374929,0.9763408506624917,3.0,364.3827777777745,interpolation,0 days 00:01:22.964000,82.964,1983.965,0.0
2023-11-25 14:18:04.069,0 days 00:33:04.065000,-530.0,1992.0,-222.0,OnTrack,164.33333333333334,10999.666666666666,100.0,0.0,8,4,5124.679016931193,0.9772971290642892,3.0,365.53833333332994,interpolation,0 days 00:01:23.064000,83.064,1984.065,0.0
2023-11-25 14:18:04.169,0 days 00:33:04.165000,-491.0380529462144,1997.5563215749503,-222.439020161711,OnTrack,169.0,11291.0,100.0,0.0,8,4,5129.62777777778,0.9782408778828624,3.0,366.6938888888853,interpolation,0 days 00:01:23.164000,83.164,1984.165,0.0
2023-11-25 14:18:04.269,0 days 00:33:04.265000,-448.0,2004.0,-223.0,OnTrack,173.33333333333334,10871.0,100.0,0.0,8,4,5134.507309322204,0.979171424391978,3.0,367.2642592592556,interpolation,0 days 00:01:23.264000,83.264,1984.265,0.0
2023-11-25 14:18:04.369,0 days 00:33:04.365000,-388.36597628076953,2011.625480633624,-223.44071501617532,OnTrack,177.66666666666666,10451.0,100.0,0.0,8,4,5139.287016885451,0.9800829340619296,3.0,367.83462962962585,interpolation,0 days 00:01:23.364000,83.364,1984.365,0.0
2023-11-25 14:18:04.469,0 days 00:33:04.465000,-330.0,2018.0,-224.0,OnTrack,182.0,10031.0,100.0,0.0,8,4,5143.783333333336,0.980940399893714,3.0,368.4049999999961,interpolation,0 days 00:01:23.464000,83.464,1984.465,0.0
2023-11-25 14:18:04.569,0 days 00:33:04.565000,-290.76608936916864,2020.690794623309,-224.9166897412369,OnTrack,186.66666666666663,10230.333333333334,100.0,0.0,8,4,5147.965664300135,0.9817379874173708,3.0,368.3272222222183,interpolation,0 days 00:01:23.564000,83.564,1984.565,0.0
2023-11-25 14:18:04.669,0 days 00:33:04.665000,-257.0,2022.0,-226.0,OnTrack,191.33333333333331,10429.666666666666,100.0,0.0,8,4,5152.238387070826,0.982552813025626,3.0,368.2494444444404,interpolation,0 days 00:01:23.664000,83.664,1984.665,0.0
2023-11-25 14:18:04.769,0 days 00:33:04.765000,-215.03748750421892,2024.2297516265244,-227.0591465364037,OnTrack,196.0,10629.0,100.0,0.0,8,4,5159.02777777778,0.983847577443862,3.0,368.1716666666625,interpolation,0 days 00:01:23.764000,83.764,1984.765,0.0
2023-11-25 14:18:04.869,0 days 00:33:04.865000,-163.4870812286418,2027.3299500397568,-228.19357986300085,OnTrack,196.0,10864.0,100.0,0.0,8,4,5167.793333333336,0.9855192045351968,3.0,367.1877777777736,interpolation,0 days 00:01:23.864000,83.864,1984.865,0.0
2023-11-25 14:18:04.969,0 days 00:33:04.965000,-94.0,2031.0,-230.0,OnTrack,200.5,11015.0,100.0,0.0,8,5,5172.865717629653,0.9864865288483732,3.0,366.3433333333292,interpolation,0 days 00:01:23.964000,83.964,1984.965,0.0
2023-11-25 14:18:05.069,0 days 00:33:05.065000,-5.184787413696533,2035.189802557145,-232.57785644158605,OnTrack,205.0,11166.0,100.0,0.0,8,5,5176.904444444447,0.9872567304762472,3.0,365.4988888888847,interpolation,0 days 00:01:24.064000,84.064,1985.065,0.0
2023-11-25 14:18:05.169,0 days 00:33:05.165000,77.0,2039.0,-235.0,OnTrack,207.5,11306.0,100.0,0.0,8,5,5183.513921744577,0.9885171846761476,3.0,363.7322222222178,interpolation,0 days 00:01:24.164000,84.164,1985.165,0.0
2023-11-25 14:18:05.269,0 days 00:33:05.265000,126.595805710821,2041.5312346173723,-236.33928148748265,OnTrack,210.0,11446.0,100.0,0.0,8,5,5190.904444444448,0.9899265874100566,3.0,361.96555555555096,interpolation,0 days 00:01:24.264000,84.264,1985.265,0.0
2023-11-25 14:18:05.369,0 days 00:33:05.365000,150.15588823647474,2043.03274829455,-236.7324495206356,OnTrack,213.0,11530.0,100.0,0.0,8,5,5197.286307458468,0.9911436346399564,3.0,360.0488888888849,interpolation,0 days 00:01:24.364000,84.364,1985.365,0.0
2023-11-25 14:18:05.469,0 days 00:33:05.465000,187.0,2045.0,-237.0,OnTrack,216.0,11614.0,100.0,0.0,8,5,5202.904444444447,0.9922150362104644,3.0,358.13222222221884,interpolation,0 days 00:01:24.464000,84.464,1985.465,0.0
2023-11-25 14:18:05.569,0 days 00:33:05.565000,243.6814666248159,2047.68223417126,-237.27868294249052,OnTrack,218.66666666666663,11729.333333333334,100.0,0.0,8,5,5208.0037890602025,0.9931875019661968,3.0,356.3322222222184,interpolation,0 days 00:01:24.564000,84.564,1985.565,0.0
2023-11-25 14:18:05.669,0 days 00:33:05.665000,316.3606678430278,2051.169267791437,-237.5830043735265,OnTrack,221.33333333333331,11844.666666666666,100.0,0.0,8,5,5212.716749364528,0.9940862826624304,3.0,354.53222222221785,interpolation,0 days 00:01:24.664000,84.664,1985.665,0.0
2023-11-25 14:18:05.769,0 days 00:33:05.765000,382.0,2056.0,-238.0,OnTrack,224.0,11960.0,100.0,0.0,8,5,5217.837777777781,0.9950628836065276,3.0,352.7322222222174,interpolation,0 days 00:01:24.764000,84.764,1985.765,0.0
2023-11-25 14:18:05.869,0 days 00:33:05.865000,436.7598821453481,2062.264246860335,-238.5441756987895,OnTrack,226.25,11611.5,100.0,0.0,8,5,5223.499283714624,0.9961425558123332,3.0,352.7322222222174,interpolation,0 days 00:01:24.864000,84.864,1985.865,0.0
2023-11-25 14:18:05.969,0 days 00:33:05.965000,501.0,2071.0,-239.0,OnTrack,228.5,11263.0,100.0,0.0,8,5,5229.701267175051,0.9973252992798473,3.0,352.7322222222174,interpolation,0 days 00:01:24.964000,84.964,1985.965,0.0
2023-11-25 14:18:06.069,0 days 00:33:06.065000,595.080039284884,2083.245251046555,-239.15194143373685,OnTrack,230.75,10914.5,100.0,0.0,8,5,5236.443728159067,0.9986111140090692,3.0,352.7322222222174,interpolation,0 days 00:01:25.064000,85.064,1986.065,0.0
2023-11-25 14:18:06.164,0 days 00:33:06.160000,712.1071835573943,2098.129524249976,-239.01468927403,OnTrack,232.88750144,10583.42477696,100.0,0.0,8,5,5243.349688200046,0.9999281086733562,3.0,352.7322222222174,interpolation,0 days 00:01:25.159000,85.159,1986.16,0.0
