Date,SessionTime,X,Y,Z,Status,Speed,RPM,Throttle,Brake,DRS,nGear,Distance,RelativeDistance,DriverAhead,DistanceToDriverAhead,Source,Time,TimeSeconds,SessionTimeSeconds,DRSActive
2023-11-25 14:16:45.056,0 days 00:31:45.052000,601.5922160343999,2084.8844913547773,-239.67682002382517,,232.90000128,11025.14994688,100.0,0.0,8,5,1.7773065400271006,0.0003389780125121,,302.0286111111111,interpolation,0 days 00:00:00,0.0,1905.052,0.0
2023-11-25 14:16:45.061,0 days 00:31:45.057000,599.8848430449619,2084.7038265346505,-239.6615414923128,,233.0,11021.0,100.0,0.0,8,5,2.109722222222217,0.000402378222178,,302.0286111111111,interpolation,0 days 00:00:00.005000,0.005,1905.057,0.0
2023-11-25 14:16:45.161,0 days 00:31:45.157000,592.227264567443,2084.0557398019755,-239.3923122384692,,236.0,10940.0,100.0,0.0,8,6,8.688852772573657,0.001657187422386,,302.0286111111111,interpolation,0 days 00:00:00.105000,0.105,1905.157,0.0
2023-11-25 14:16:45.261,0 days 00:31:45.257000,635.027264567443,2089.0557398019755,-239.1923122384692,,239.0,10859.0,100.0,0.0,8,6,15.387499999999996,0.0029347915230484,,302.0286111111111,interpolation,0 days 00:00:00.205000,0.205,1905.257,0.0
2023-11-25 14:16:45.361,0 days 00:31:45.357000,728.2848430449619,2099.70382653465,-239.0615414923128,,241.0,10996.0,100.0,0.0,8,6,22.487467158252255,0.0042889376435983,24.0,300.40916666666664,interpolation,0 days 00:00:00.305000,0.305,1905.357,0.0
2023-11-25 14:16:45.461,0 days 00:31:45.457000,872.0,2116.0,-239.0,,243.0,11133.0,100.0,0.0,8,6,29.988754247330444,0.0057196257840356,24.0,298.78972222222217,interpolation,0 days 00:00:00.405000,0.405,1905.457,0.0
2023-11-25 14:16:45.561,0 days 00:31:45.557000,1049.0,2136.0,-239.0,,245.0,11270.0,100.0,0.0,8,6,37.73663643496563,0.0071973459442858,24.0,297.17027777777776,interpolation,0 days 00:00:00.505000,0.505,1905.557,0.0
2023-11-25 14:16:45.661,0 days 00:31:45.657000,1156.2479029013869,2148.03820561863,-239.0154146869592,,247.0,11407.0,100.0,0.0,8,6,45.576388888888886,0.0086925881242743,24.0,295.5508333333333,interpolation,0 days 00:00:00.605000,0.605,1905.657,0.0
2023-11-25 14:16:45.761,0 days 00:31:45.757000,1176.5707974218926,2150.170336748539,-239.03855622062383,,249.33333333333331,11479.666666666666,100.0,0.0,8,6,53.508011609100194,0.010205352324001,24.0,293.2622222222222,interpolation,0 days 00:00:00.705000,0.705,1905.757,0.0
2023-11-25 14:16:45.861,0 days 00:31:45.857000,1171.358293231452,2149.4672995041788,-239.04241964397656,,251.66666666666663,11552.333333333334,100.0,0.0,8,6,61.3734878755527,0.0117055006958303,24.0,290.97361111111104,interpolation,0 days 00:00:00.805000,0.805,1905.857,0.0
2023-11-25 14:16:45.961,0 days 00:31:45.957000,1202.0,2153.0,-239.0,,254.0,11625.0,100.0,0.0,8,6,68.22472222222221,0.0130122070797799,24.0,288.68499999999995,interpolation,0 days 00:00:00.905000,0.905,1905.957,0.0
2023-11-25 14:16:46.061,0 days 00:31:46.057000,1268.4959177275368,2160.7684382360035,-238.9112972886943,,255.25,11680.75,100.0,0.0,8,6,73.90369954714478,0.014095333936824,24.0,286.64055555555547,interpolation,0 days 00:00:01.005000,1.005,1906.057,0.0
2023-11-25 14:16:46.161,0 days 00:31:46.157000,1357.0,2171.0,-239.0,,256.5,11736.5,100.0,0.0,8,6,78.41041985032044,0.0149548812669628,24.0,284.59611111111104,interpolation,0 days 00:00:01.105000,1.105,1906.157,0.0
2023-11-25 14:16:46.261,0 days 00:31:46.257000,1453.6662004033285,2181.922071079804,-239.4897966238578,,257.75,11792.25,100.0,0.0,8,6,83.57984689500252,0.0159408237962723,24.0,282.5516666666666,interpolation,0 days 00:00:01.205000,1.205,1906.257,0.0
2023-11-25 14:16:46.361,0 days 00:31:46.357000,1543.0,2192.0,-240.0,,259.0,11848.0,100.0,0.0,8,6,91.24694444444444,0.0174031362508288,24.0,280.50722222222214,interpolation,0 days 00:00:01.305000,1.305,1906.357,0.0
2023-11-25 14:16:46.461,0 days 00:31:46.457000,1609.506879852494,2199.699135285177,-240.1499229681588,,260.5,11698.0,100.0,0.0,8,6,101.41171249864615,0.0193418186306322,24.0,276.6183333333332,interpolation,0 days 00:00:01.405000,1.405,1906.457,0.0
2023-11-25 14:16:46.561,0 days 00:31:46.557000,1673.0,2207.0,-240.0,,262.0,11548.0,100.0,0.0,8,6,111.62472222222222,0.021289701936014,24.0,272.7294444444443,interpolation,0 days 00:00:01.505000,1.505,1906.557,0.0
2023-11-25 14:16:46.661,0 days 00:31:46.657000,1753.2925204817077,2215.883117209135,-239.6106655671894,,263.5,11366.0,100.0,0.0,8,6,119.43654477978706,0.0227796171673057,24.0,270.32944444444433,interpolation,0 days 00:00:01.605000,1.605,1906.657,0.0
2023-11-25 14:16:46.761,0 days 00:31:46.757000,1848.3538079568996,2226.193364207587,-239.08039018832284,,265.0,11184.0,100.0,0.0,8,6,124.84718017134072,0.0238115643245071,24.0,267.9294444444444,interpolation,0 days 00:00:01.705000,1.705,1906.757,0.0
2023-11-25 14:16:46.861,0 days 00:31:46.857000,1946.0,2237.0,-239.0,,266.5,11002.0,100.0,0.0,8,6,129.60214214389066,0.0247184577178106,24.0,265.5294444444443,interpolation,0 days 00:00:01.805000,1.805,1906.857,0.0
2023-11-25 14:16:46.961,0 days 00:31:46.957000,2044.2004424764996,2248.147900292915,-239.46796652916,,268.0,10820.0,100.0,0.0,8,6,135.44694444444443,0.0258332116574083,24.0,263.12944444444435,interpolation,0 days 00:00:01.905000,1.905,1906.957,0.0
2023-11-25 14:16:47.061,0 days 00:31:47.057000,2139.0,2259.0,-240.0,,268.5,10843.0,100.0,0.0,8,7,142.38158707300198,0.0271558261433002,24.0,260.1294444444444,interpolation,0 days 00:00:02.005000,2.005,1907.057,0.0
2023-11-25 14:16:47.161,0 days 00:31:47.157000,2226.443537184104,2268.919234034926,-240.11181063671728,,269.0,10866.0,100.0,0.0,8,7,150.39138888888886,0.0286835011048315,24.0,257.1294444444444,interpolation,0 days 00:00:02.105000,2.105,1907.157,0.0
2023-11-25 14:16:47.261,0 days 00:31:47.257000,2306.53105402881,2277.905602397691,-239.80339843931176,,270.3333333333333,10896.666666666666,100.0,0.0,8,7,159.46166875143072,0.0304134364713475,24.0,253.60592592592587,interpolation,0 days 00:00:02.205000,2.205,1907.257,0.0
2023-11-25 14:16:47.361,0 days 00:31:47.357000,2378.353043859112,2285.9391695616114,-239.3432870222504,,271.6666666666667,10927.333333333334,100.0,0.0,8,7,169.24041596650326,0.032278494761052,24.0,250.08240740740732,interpolation,0 days 00:00:02.305000,2.305,1907.357,0.0
2023-11-25 14:16:47.461,0 days 00:31:47.457000,2441.0,2293.0,-239.0,,273.0,10958.0,100.0,0.0,8,7,177.61555555555552,0.0338758490206977,24.0,246.5588888888888,interpolation,0 days 00:00:02.405000,2.405,1907.457,0.0
2023-11-25 14:16:47.561,0 days 00:31:47.557000,2494.4719224514747,2299.088093712858,-238.77353737256072,,275.5,11005.0,100.0,0.0,8,7,184.2350732198553,0.0351383610809971,24.0,244.2477777777777,interpolation,0 days 00:00:02.505000,2.505,1907.557,0.0
2023-11-25 14:16:47.661,0 days 00:31:47.657000,2538.7688112135365,2304.203450700185,-238.6638991399324,,278.0,11052.0,100.0,0.0,8,7,189.97111111111107,0.0362323708538089,24.0,241.9366666666666,interpolation,0 days 00:00:02.605000,2.605,1907.657,0.0
2023-11-25 14:16:47.761,0 days 00:31:47.757000,2595.4312943688296,2310.71708233742,-238.7223113373379,,278.3333333333333,11092.333333333334,100.0,0.0,8,7,195.6958113810312,0.037324218250992,24.0,239.44777777777773,interpolation,0 days 00:00:02.705000,2.705,1907.757,0.0
2023-11-25 14:16:47.861,0 days 00:31:47.857000,2686.0,2321.0,-239.0,,278.6666666666667,11132.666666666666,100.0,0.0,8,7,201.9158326539209,0.0385105360872135,24.0,236.95888888888885,interpolation,0 days 00:00:02.805000,2.805,1907.857,0.0
2023-11-25 14:16:47.961,0 days 00:31:47.957000,2810.474928107048,2335.0522036879265,-239.4969651279188,,279.0,11173.0,100.0,0.0,8,7,211.67111111111103,0.040371118281926,24.0,234.47,car,0 days 00:00:02.905000,2.905,1907.957,0.0
2023-11-25 14:16:48.061,0 days 00:31:48.057000,2934.0,2349.0,-240.0,,280.0,11260.0,100.0,0.0,8,7,224.11555555555552,0.04274459350952,24.0,230.6922222222221,interpolation,0 days 00:00:03.005000,3.005,1908.057,0.0
2023-11-25 14:16:48.161,0 days 00:31:48.157000,3021.719136988884,2358.96969553502,-240.2958978951495,,280.5,11275.5,100.0,0.0,8,7,231.1327397442658,0.044082950791255,24.0,228.7588888888888,interpolation,0 days 00:00:03.105000,3.105,1908.157,0.0
2023-11-25 14:16:48.261,0 days 00:31:48.257000,3073.6323390737,2364.9612902929875,-240.38465881336725,,281.0,11291.0,100.0,0.0,8,7,236.60444444444445,0.0451265454343555,24.0,226.82555555555544,interpolation,0 days 00:00:03.205000,3.205,1908.257,0.0
2023-11-25 14:16:48.361,0 days 00:31:48.357000,3110.479371621665,2369.2222399044613,-240.28109032490133,,282.5,11314.5,100.0,0.0,8,7,245.76518120445337,0.046873733254869,24.0,224.22555555555545,interpolation,0 days 00:00:03.305000,3.305,1908.357,0.0
2023-11-25 14:16:48.461,0 days 00:31:48.457000,3153.0,2374.0,-240.0,,284.0,11338.0,100.0,0.0,8,7,255.53777777777773,0.0487376184591949,24.0,221.62555555555548,interpolation,0 days 00:00:03.405000,3.405,1908.457,0.0
2023-11-25 14:16:48.561,0 days 00:31:48.557000,3201.1942242087034,2379.294570579604,-239.5413878386632,,284.0,11331.666666666666,100.0,0.0,8,7,262.8450619179026,0.0501313052537324,24.0,220.02555555555548,interpolation,0 days 00:00:03.505000,3.505,1908.557,0.0
2023-11-25 14:16:48.661,0 days 00:31:48.657000,3279.0,2388.0,-239.0,,284.0,11325.333333333334,100.0,0.0,8,7,268.17674843111075,0.0511481948318,24.0,218.42555555555543,interpolation,0 days 00:00:03.605000,3.605,1908.657,0.0
2023-11-25 14:16:48.761,0 days 00:31:48.757000,3410.355283126116,2403.0103366179183,-238.4705826431197,,284.0,11319.0,100.0,0.0,8,7,274.4711111111111,0.0523486914840344,24.0,216.82555555555547,car,0 days 00:00:03.705000,3.705,1908.757,0.0
2023-11-25 14:16:48.861,0 days 00:31:48.857000,3544.0,2418.0,-238.0,,281.6666666666667,11067.0,71.0,0.0,8,7,282.2178597495324,0.053826195447331,24.0,215.10703703703692,interpolation,0 days 00:00:03.805000,3.805,1908.857,0.0
2023-11-25 14:16:48.961,0 days 00:31:48.957000,3628.674077034605,2426.6434097128918,-237.6351163026187,,279.3333333333333,10815.0,42.00000000000001,0.0,8,7,291.0864197449282,0.0555176576534161,24.0,213.3885185185184,interpolation,0 days 00:00:03.905000,3.905,1908.957,0.0
2023-11-25 14:16:49.061,0 days 00:31:49.057000,3664.377514229929,2428.940565756592,-237.37593155097576,,277.0,10563.0,13.0,0.0,8,7,299.09333333333336,0.057044781755774,24.0,211.6699999999999,interpolation,0 days 00:00:04.005000,4.005,1909.057,0.0
2023-11-25 14:16:49.161,0 days 00:31:49.157000,3684.14219431029,2429.2674389219965,-237.178781023845,,264.0,10154.333333333334,8.666666666666668,1.0,8,7,305.90802252820026,0.0583445180405055,24.0,211.3588888888888,interpolation,0 days 00:00:04.105000,4.105,1909.157,0.0
2023-11-25 14:16:49.261,0 days 00:31:49.257000,3721.0,2432.0,-237.0,,251.0,9745.666666666666,4.333333333333334,1.0,8,7,311.71312314260416,0.0594516998487002,24.0,211.04777777777767,interpolation,0 days 00:00:04.205000,4.205,1909.257,0.0
2023-11-25 14:16:49.361,0 days 00:31:49.357000,3774.950931299062,2437.1382489906027,-236.83958847944103,,238.0,9337.0,0.0,1.0,8,7,317.6044444444444,0.0605753261568201,24.0,210.73666666666657,car,0 days 00:00:04.305000,4.305,1909.357,0.0
2023-11-25 14:16:49.461,0 days 00:31:49.457000,3843.424738242691,2444.611984464228,-236.6337824725008,,228.25,9508.0,0.0,1.0,8,7,323.76462037661526,0.0617502299492635,24.0,211.8672222222221,interpolation,0 days 00:00:04.405000,4.405,1909.457,0.0
2023-11-25 14:16:49.561,0 days 00:31:49.557000,3911.0,2454.0,-236.0,,218.5,9679.0,0.0,1.0,8,7,330.1936509391167,0.0629764112260302,24.0,212.99777777777769,interpolation,0 days 00:00:04.505000,4.505,1909.557,0.0
2023-11-25 14:16:49.661,0 days 00:31:49.657000,3976.0,2466.0,-235.0,,208.75,9850.0,0.0,1.0,8,7,336.4086338098376,0.064161768109532,24.0,214.1283333333332,interpolation,0 days 00:00:04.605000,4.605,1909.657,0.0
2023-11-25 14:16:49.761,0 days 00:31:49.757000,4043.785753241652,2485.2193915510443,-234.38691226520064,,199.0,10021.0,0.0,1.0,8,7,341.9266666666667,0.0652141987221802,24.0,215.25888888888875,interpolation,0 days 00:00:04.705000,4.705,1909.757,0.0
2023-11-25 14:16:49.861,0 days 00:31:49.857000,4112.095745411517,2510.5793943710137,-234.20869790258493,,193.0,10145.666666666666,0.0,1.0,8,7,346.747749509604,0.066133703063975,24.0,216.81444444444432,interpolation,0 days 00:00:04.805000,4.805,1909.857,0.0
2023-11-25 14:16:49.961,0 days 00:31:49.957000,4162.0,2531.0,-234.0,,187.0,10270.333333333334,0.0,1.0,8,7,351.0613682797177,0.0669564209713799,24.0,218.36999999999992,interpolation,0 days 00:00:04.905000,4.905,1909.957,0.0
2023-11-25 14:16:50.061,0 days 00:31:50.057000,4190.3435370757215,2544.634549816276,-233.68325946919109,,181.0,10395.0,0.0,1.0,8,7,356.00444444444446,0.067899192573396,24.0,219.9255555555555,interpolation,0 days 00:00:05.005000,5.005,1910.057,0.0
2023-11-25 14:16:50.161,0 days 00:31:50.157000,4200.754293289853,2553.0890958922,-233.28895948134172,,178.33333333333334,10348.333333333334,0.0,1.0,8,5,361.7664658851984,0.0689981580765607,24.0,222.3255555555555,interpolation,0 days 00:00:05.105000,5.105,1910.157,0.0
2023-11-25 14:16:50.261,0 days 00:31:50.257000,4215.0,2566.0,-233.0,,175.66666666666666,10301.666666666666,0.0,1.0,8,5,368.0759983254487,0.0702015479917546,24.0,224.72555555555556,interpolation,0 days 00:00:05.205000,5.205,1910.257,0.0
2023-11-25 14:16:50.361,0 days 00:31:50.357000,4236.708631007596,2584.973330658094,-232.8468645084988,,173.0,10255.0,0.0,1.0,8,5,373.3044444444444,0.0711987469746137,24.0,227.12555555555556,interpolation,0 days 00:00:05.305000,5.305,1910.357,0.0
2023-11-25 14:16:50.461,0 days 00:31:50.457000,4265.880186312641,2610.00908786648,-232.82955300683815,,168.0,10070.5,0.0,1.0,8,4,377.1803727451276,0.0719379860661353,24.0,228.97,interpolation,0 days 00:00:05.405000,5.405,1910.457,0.0
2023-11-25 14:16:50.561,0 days 00:31:50.557000,4298.361648461365,2646.540301141626,-232.64746500175843,,163.0,9886.0,0.0,1.0,8,4,380.5488888888889,0.0725804486249631,24.0,230.8144444444445,interpolation,0 days 00:00:05.505000,5.505,1910.557,0.0
2023-11-25 14:16:50.661,0 days 00:31:50.657000,4330.0,2700.0,-232.0,,161.66666666666666,9912.666666666666,14.333333333333334,0.0,8,4,384.2550985371189,0.0732873180097407,24.0,233.1477777777778,interpolation,0 days 00:00:05.605000,5.605,1910.657,0.0
2023-11-25 14:16:50.761,0 days 00:31:50.757000,4359.0,2766.0,-231.0,,160.33333333333334,9939.333333333334,28.666666666666668,0.0,8,4,388.3251079572155,0.074063573356277,24.0,235.48111111111112,interpolation,0 days 00:00:05.705000,5.705,1910.757,0.0
2023-11-25 14:16:50.861,0 days 00:31:50.857000,4374.590147740097,2818.2110596865223,-230.32452045889872,,159.0,9966.0,43.0,0.0,8,4,392.9155555555556,0.0749390896323847,24.0,237.8144444444445,interpolation,0 days 00:00:05.805000,5.805,1910.857,0.0
2023-11-25 14:16:50.961,0 days 00:31:50.957000,4382.0,2862.0,-230.0,,159.0,10059.333333333334,49.333333333333336,0.0,8,4,398.0525478668667,0.0759188460248592,24.0,240.8811111111112,interpolation,0 days 00:00:05.905000,5.905,1910.957,0.0
2023-11-25 14:16:51.061,0 days 00:31:51.057000,4388.254372871324,2907.1218712577056,-229.94003409266264,,159.0,10152.666666666666,55.66666666666666,0.0,8,4,403.6082387800084,0.0769784589962038,24.0,243.9477777777779,interpolation,0 days 00:00:06.005000,6.005,1911.057,0.0
2023-11-25 14:16:51.161,0 days 00:31:51.157000,4393.0,2952.0,-230.0,,159.0,10246.0,62.0,0.0,8,4,408.81555555555553,0.0779716280704981,24.0,247.01444444444465,interpolation,0 days 00:00:06.105000,6.105,1911.157,0.0
2023-11-25 14:16:51.261,0 days 00:31:51.257000,4395.883615031951,2995.057712767242,-230.0352749851254,,160.0,10359.5,67.0,0.0,8,4,413.5466533915054,0.0788739699599316,24.0,249.5422222222224,interpolation,0 days 00:00:06.205000,6.205,1911.257,0.0
2023-11-25 14:16:51.361,0 days 00:31:51.357000,4397.009127745202,3036.993686021656,-230.04233103911,,161.0,10473.0,72.0,0.0,8,4,417.76,0.0796775633903313,24.0,252.07000000000016,interpolation,0 days 00:00:06.305000,6.305,1911.357,0.0
2023-11-25 14:16:51.461,0 days 00:31:51.457000,4397.0,3082.0,-230.0,,164.0,10600.333333333334,81.33333333333333,0.0,8,4,421.41406309318177,0.0803744870875241,24.0,253.93666666666684,interpolation,0 days 00:00:06.405000,6.405,1911.457,0.0
2023-11-25 14:16:51.561,0 days 00:31:51.557000,4395.960142638409,3130.775338318984,-229.90475382273968,,167.0,10727.666666666666,90.66666666666669,0.0,8,4,424.73650796058695,0.081008162670475,24.0,255.8033333333335,interpolation,0 days 00:00:06.505000,6.505,1911.557,0.0
2023-11-25 14:16:51.661,0 days 00:31:51.657000,4393.913084733402,3182.8049116682582,-229.8059797810406,,170.0,10855.0,100.0,0.0,8,4,429.09333333333336,0.0818391211868902,24.0,257.6700000000002,interpolation,0 days 00:00:06.605000,6.605,1911.657,0.0
2023-11-25 14:16:51.761,0 days 00:31:51.757000,4391.0,3235.0,-230.0,,173.0,11177.0,100.0,0.0,8,4,434.7122068322615,0.0829107847003742,24.0,260.40333333333353,interpolation,0 days 00:00:06.705000,6.705,1911.757,0.0
2023-11-25 14:16:51.861,0 days 00:31:51.857000,4387.244417270241,3286.845819275277,-230.53620124760653,,176.0,11499.0,100.0,0.0,8,4,440.8266666666667,0.0840769692586217,24.0,263.1366666666669,interpolation,0 days 00:00:06.805000,6.805,1911.857,0.0
2023-11-25 14:16:51.961,0 days 00:31:51.957000,4383.0,3335.0,-231.0,,179.66666666666666,11647.0,100.0,0.0,8,4,446.6702510458442,0.085191490909327,24.0,265.4181481481484,interpolation,0 days 00:00:06.905000,6.905,1911.957,0.0
2023-11-25 14:16:52.061,0 days 00:31:52.057000,4378.620411645156,3376.120172680081,-230.97681273332037,,183.33333333333331,11795.0,100.0,0.0,8,4,452.2323038723518,0.0862523172609749,24.0,267.6996296296299,interpolation,0 days 00:00:07.005000,7.005,1912.057,0.0
2023-11-25 14:16:52.161,0 days 00:31:52.157000,4373.610573708732,3413.84427001952,-230.52558589716944,,187.0,11943.0,100.0,0.0,8,4,457.4488888888889,0.087247254026908,24.0,269.9811111111114,interpolation,0 days 00:00:07.105000,7.105,1912.157,0.0
2023-11-25 14:16:52.261,0 days 00:31:52.257000,4365.0,3470.0,-230.0,,190.4,11736.0,100.0,0.0,8,4,462.3093501071312,0.0881742688364224,24.0,271.5001111111113,interpolation,0 days 00:00:07.205000,7.205,1912.257,0.0
2023-11-25 14:16:52.361,0 days 00:31:52.357000,4352.293606952352,3548.2253325781426,-229.4590020950286,,193.8,11529.0,100.0,0.0,8,4,466.8136875270786,0.0890333616895182,24.0,273.01911111111133,interpolation,0 days 00:00:07.305000,7.305,1912.357,0.0
2023-11-25 14:16:52.461,0 days 00:31:52.457000,4338.0,3632.0,-229.0,,197.2,11322.0,100.0,0.0,8,4,471.1318591205459,0.0898569479372892,24.0,274.5381111111113,interpolation,0 days 00:00:07.405000,7.405,1912.457,0.0
2023-11-25 14:16:52.561,0 days 00:31:52.557000,4324.627784577155,3704.803734511626,-228.72040153265897,,200.6,11115.0,100.0,0.0,8,4,476.28360749733145,0.0908395186905024,24.0,276.0571111111113,interpolation,0 days 00:00:07.505000,7.505,1912.557,0.0
2023-11-25 14:16:52.661,0 days 00:31:52.657000,4312.176960683817,3766.6365361130192,-228.62020669300543,,204.0,10908.0,100.0,0.0,8,4,482.438888888889,0.0920134889683202,24.0,277.57611111111123,interpolation,0 days 00:00:07.605000,7.605,1912.657,0.0
2023-11-25 14:16:52.761,0 days 00:31:52.757000,4301.387656448572,3817.651069657904,-228.4599085068493,,206.5,11127.5,100.0,0.0,8,5,489.5977032952187,0.0933788587707425,24.0,279.5094444444446,interpolation,0 days 00:00:07.705000,7.705,1912.757,0.0
2023-11-25 14:16:52.861,0 days 00:31:52.857000,4293.0,3858.0,-228.0,,209.0,11347.0,100.0,0.0,8,5,496.3722222222223,0.0946709335535014,24.0,281.442777777778,interpolation,0 days 00:00:07.805000,7.805,1912.857,0.0
2023-11-25 14:16:52.961,0 days 00:31:52.957000,4287.013991338106,3887.68332713931,-227.24048117245783,,212.66666666666663,11434.0,100.0,0.0,8,5,501.3746171758016,0.0956250187723287,24.0,282.5094444444447,interpolation,0 days 00:00:07.905000,7.905,1912.957,0.0
2023-11-25 14:16:53.061,0 days 00:31:53.057000,4282.179968711352,3911.472937162751,-226.2010618075768,,216.33333333333331,11521.0,100.0,0.0,8,5,505.1577626793398,0.0963465618010366,24.0,283.57611111111135,interpolation,0 days 00:00:08.005000,8.005,1913.057,0.0
2023-11-25 14:16:53.161,0 days 00:31:53.157000,4271.0,3958.0,-225.0,,220.0,11608.0,100.0,0.0,8,5,511.03888888888895,0.0974682436431658,24.0,284.642777777778,interpolation,0 days 00:00:08.105000,8.105,1913.157,0.0
2023-11-25 14:16:53.261,0 days 00:31:53.257000,4252.224436248988,4032.036352874114,-223.65700533125448,,222.0,11789.5,100.0,0.0,8,5,519.5708646664261,0.0990955105927528,24.0,286.39277777777806,interpolation,0 days 00:00:08.205000,8.205,1913.257,0.0
2023-11-25 14:16:53.361,0 days 00:31:53.357000,4228.421432733649,4123.955703228178,-222.22260902772,,224.0,11971.0,100.0,0.0,8,5,528.4611111111111,0.1007911089617974,24.0,288.14277777777806,interpolation,0 days 00:00:08.305000,8.305,1913.357,0.0
2023-11-25 14:16:53.461,0 days 00:31:53.457000,4215.0,4176.0,-221.0,,225.5,11761.0,100.0,0.0,8,5,535.4170493221036,0.1021177850622991,24.0,289.30944444444475,interpolation,0 days 00:00:08.405000,8.405,1913.457,0.0
2023-11-25 14:16:53.561,0 days 00:31:53.557000,4212.0,4188.0,-220.0,,227.0,11551.0,100.0,0.0,8,5,541.0722222222223,0.1031963718040467,24.0,290.47611111111144,interpolation,0 days 00:00:08.505000,8.505,1913.557,0.0
2023-11-25 14:16:53.661,0 days 00:31:53.657000,4204.251437334882,4216.698881399213,-218.9843478563252,,229.33333333333331,11373.333333333334,100.0,0.0,8,5,546.0601727342867,0.1041477020968292,24.0,291.27611111111145,interpolation,0 days 00:00:08.605000,8.605,1913.657,0.0
2023-11-25 14:16:53.761,0 days 00:31:53.757000,4188.9011245491565,4272.602216208373,-217.7147831878901,,231.66666666666663,11195.666666666666,100.0,0.0,8,5,550.6739904832104,0.1050276756609841,24.0,292.0761111111114,interpolation,0 days 00:00:08.705000,8.705,1913.757,0.0
2023-11-25 14:16:53.861,0 days 00:31:53.857000,4164.0,4362.0,-215.0,,234.0,11018.0,100.0,0.0,8,5,556.6722222222223,0.1061716925357806,24.0,292.8761111111114,interpolation,0 days 00:00:08.805000,8.805,1913.857,0.0
2023-11-25 14:16:53.961,0 days 00:31:53.957000,4132.0,4476.0,-211.0,,235.0,11025.0,100.0,0.0,8,6,564.3479605774896,0.1076356530139724,24.0,294.0711111111114,interpolation,0 days 00:00:08.905000,8.905,1913.957,0.0
2023-11-25 14:16:54.061,0 days 00:31:54.057000,4109.561899349738,4554.958486411053,-207.866116540962,,236.0,11032.0,100.0,0.0,8,6,572.34,0.1091599402308077,24.0,295.2661111111114,interpolation,0 days 00:00:09.005000,9.005,1914.057,0.0
2023-11-25 14:16:54.161,0 days 00:31:54.157000,4096.051205693776,4598.720430982485,-205.70442216494223,,237.8,11071.6,100.0,0.0,8,6,579.2871349407418,0.1104849373215348,24.0,295.92611111111137,interpolation,0 days 00:00:09.105000,9.105,1914.157,0.0
2023-11-25 14:16:54.261,0 days 00:31:54.257000,4071.0,4666.0,-203.0,,239.6,11111.2,100.0,0.0,8,6,585.1893653997146,0.1116106442861536,24.0,296.58611111111134,interpolation,0 days 00:00:09.205000,9.205,1914.257,0.0
2023-11-25 14:16:54.361,0 days 00:31:54.357000,4030.9969449637406,4766.582937947391,-199.50036260808065,,241.4,11150.8,100.0,0.0,8,6,590.2730030322799,0.1125802245708199,24.0,297.2461111111113,interpolation,0 days 00:00:09.305000,9.305,1914.357,0.0
2023-11-25 14:16:54.461,0 days 00:31:54.457000,3990.0,4866.0,-196.0,,243.2,11190.4,100.0,0.0,8,6,595.8959247229219,0.1136526601784534,24.0,297.9061111111113,interpolation,0 days 00:00:09.405000,9.405,1914.457,0.0
2023-11-25 14:16:54.561,0 days 00:31:54.557000,3961.967124523781,4929.781941333169,-193.293402186574,,245.0,11230.0,100.0,0.0,8,6,602.2844444444446,0.1148711149972059,24.0,298.56611111111124,car,0 days 00:00:09.505000,9.505,1914.557,0.0
2023-11-25 14:16:54.661,0 days 00:31:54.657000,3946.8983185350858,4957.9287619469,-191.38056916780252,,245.33333333333331,11283.0,100.0,0.0,8,6,609.4385621968481,0.1162355890270771,24.0,299.3957407407409,interpolation,0 days 00:00:09.605000,9.605,1914.657,0.0
2023-11-25 14:16:54.761,0 days 00:31:54.757000,3933.630353278847,4973.861201587179,-189.77745156512984,,245.66666666666663,11336.0,100.0,0.0,8,6,617.1480030664084,0.1177059774404925,24.0,300.2253703703706,interpolation,0 days 00:00:09.705000,9.705,1914.757,0.0
2023-11-25 14:16:54.861,0 days 00:31:54.857000,3911.0,5001.0,-188.0,,246.0,11389.0,100.0,0.0,8,6,624.1511111111112,0.1190416500399782,24.0,301.0550000000003,interpolation,0 days 00:00:09.805000,9.805,1914.857,0.0
2023-11-25 14:16:54.961,0 days 00:31:54.957000,3879.007258698546,5039.345157185362,-186.04821447241292,,247.5,11382.0,100.0,0.0,8,6,630.2376092640063,0.1202025015872839,24.0,301.8050000000003,interpolation,0 days 00:00:09.905000,9.905,1914.957,0.0
2023-11-25 14:16:55.061,0 days 00:31:55.057000,3841.0,5082.0,-184.0,,249.0,11375.0,100.0,0.0,8,6,637.9844444444445,0.1216800220563662,24.0,302.5550000000003,interpolation,0 days 00:00:10.005000,10.005,1915.057,0.0
2023-11-25 14:16:55.161,0 days 00:31:55.157000,3800.3260945298784,5122.067855300647,-181.9332616003924,,249.0,11460.0,100.0,0.0,8,6,649.0511111111113,0.1237907196694766,24.0,303.7994444444447,interpolation,0 days 00:00:10.105000,10.105,1915.157,0.0
2023-11-25 14:16:55.261,0 days 00:31:55.257000,3753.21015792659,5160.943994143152,-179.6541971654597,,249.75,11509.75,100.0,0.0,8,6,657.9328663157764,0.125484698540927,24.0,304.4494444444447,interpolation,0 days 00:00:10.205000,10.205,1915.257,0.0
2023-11-25 14:16:55.361,0 days 00:31:55.357000,3677.0,5207.0,-176.0,,250.5,11559.5,100.0,0.0,8,6,663.712248203013,0.12658697512719,24.0,305.0994444444447,interpolation,0 days 00:00:10.305000,10.305,1915.357,0.0
2023-11-25 14:16:55.461,0 days 00:31:55.457000,3575.0,5258.0,-171.0,,251.25,11609.25,100.0,0.0,8,6,668.4610615442988,0.1274926958185658,24.0,305.74944444444475,interpolation,0 days 00:00:10.405000,10.405,1915.457,0.0
2023-11-25 14:16:55.561,0 days 00:31:55.557000,3489.6882901486333,5292.157327853829,-165.99297042849025,,252.0,11659.0,100.0,0.0,8,6,674.2511111111112,0.1285970070053545,24.0,306.3994444444447,interpolation,0 days 00:00:10.505000,10.505,1915.557,0.0
2023-11-25 14:16:55.661,0 days 00:31:55.657000,3425.0,5313.0,-162.0,,253.0,11682.0,100.0,0.0,8,6,681.0823969034504,0.1298999086875562,24.0,307.1494444444447,interpolation,0 days 00:00:10.605000,10.605,1915.657,0.0
2023-11-25 14:16:55.761,0 days 00:31:55.757000,3377.79060665247,5327.687125333988,-159.8190496943044,,254.0,11705.0,100.0,0.0,8,6,688.3622222222223,0.1312883583795013,24.0,307.8994444444447,interpolation,0 days 00:00:10.705000,10.705,1915.757,0.0
2023-11-25 14:16:55.861,0 days 00:31:55.857000,3328.0,5343.0,-158.0,,255.25,11508.75,100.0,0.0,8,6,695.4978903683324,0.1326493135955202,24.0,308.5661111111113,interpolation,0 days 00:00:10.805000,10.805,1915.857,0.0
2023-11-25 14:16:55.961,0 days 00:31:55.957000,3255.568069936549,5365.719920142243,-155.09273140568345,,256.5,11312.5,100.0,0.0,8,6,702.4894013417808,0.1339827743356129,24.0,309.23277777777804,interpolation,0 days 00:00:10.905000,10.905,1915.957,0.0
2023-11-25 14:16:56.061,0 days 00:31:56.057000,3177.0,5391.0,-152.0,,257.75,11116.25,100.0,0.0,8,6,709.6117671998944,0.1353411924636026,24.0,309.8994444444447,interpolation,0 days 00:00:11.005000,11.005,1916.057,0.0
2023-11-25 14:16:56.161,0 days 00:31:56.157000,3108.80097372824,5413.993353812558,-149.624561871595,,259.0,10920.0,100.0,0.0,8,6,717.1400000000001,0.1367770198433125,24.0,310.5661111111113,interpolation,0 days 00:00:11.105000,11.105,1916.157,0.0
2023-11-25 14:16:56.261,0 days 00:31:56.257000,3048.914311636815,5435.242218619404,-147.85246491522216,,260.0,10865.75,100.0,0.0,8,6,725.0740997420978,0.1382902564747425,24.0,311.26888888888914,interpolation,0 days 00:00:11.205000,11.205,1916.257,0.0
2023-11-25 14:16:56.361,0 days 00:31:56.357000,2985.0,5458.0,-146.0,,261.0,10811.5,100.0,0.0,8,6,733.4140664261877,0.1398809023578927,24.0,311.97166666666686,interpolation,0 days 00:00:11.305000,11.305,1916.357,0.0
2023-11-25 14:16:56.461,0 days 00:31:56.457000,2915.001380393632,5482.808929441357,-143.9532161875458,,262.0,10757.25,100.0,0.0,8,6,741.6531110082948,0.1414522998037147,24.0,312.6744444444446,interpolation,0 days 00:00:11.405000,11.405,1916.457,0.0
2023-11-25 14:16:56.561,0 days 00:31:56.557000,2847.0,5506.0,-142.0,,263.0,10703.0,100.0,0.0,8,6,749.2844444444446,0.1429077911231603,24.0,313.3772222222224,interpolation,0 days 00:00:11.505000,11.505,1916.557,0.0
2023-11-25 14:16:56.661,0 days 00:31:56.657000,2789.0774060013937,5523.904204732457,-140.42823795950306,,264.3333333333333,10714.666666666666,100.0,0.0,8,7,756.3080667346371,0.1442473763162294,24.0,313.8957407407409,interpolation,0 days 00:00:11.605000,11.605,1916.657,0.0
2023-11-25 14:16:56.761,0 days 00:31:56.757000,2724.0,5552.0,-139.0,,265.6666666666667,10726.333333333334,100.0,0.0,8,7,762.8927476621318,0.1455032441159363,24.0,314.4142592592595,interpolation,0 days 00:00:11.705000,11.705,1916.757,0.0
2023-11-25 14:16:56.861,0 days 00:31:56.857000,2634.5341835980066,5605.765842163899,-137.47735605543585,,267.0,10738.0,100.0,0.0,8,7,770.0511111111113,0.1468685279092078,24.0,314.932777777778,interpolation,0 days 00:00:11.805000,11.805,1916.857,0.0
2023-11-25 14:16:56.961,0 days 00:31:56.957000,2546.0,5666.0,-136.0,,267.0,10733.333333333334,100.0,0.0,8,7,777.9519285930469,0.1483754167586725,24.0,315.52537037037064,interpolation,0 days 00:00:11.905000,11.905,1916.957,0.0
2023-11-25 14:16:57.061,0 days 00:31:57.057000,2483.717492410568,5713.500742284153,-134.70762570788193,,267.0,10728.666666666666,100.0,0.0,8,7,786.3511458069758,0.1499773632398865,24.0,316.11796296296325,interpolation,0 days 00:00:12.005000,12.005,1917.057,0.0
2023-11-25 14:16:57.161,0 days 00:31:57.157000,2447.6866608297114,5748.268069016362,-133.60023317908167,,267.0,10724.0,100.0,0.0,8,7,793.7844444444446,0.1513950842361192,24.0,316.71055555555586,interpolation,0 days 00:00:12.105000,12.105,1917.157,0.0
2023-11-25 14:16:57.261,0 days 00:31:57.257000,2419.3124988339987,5785.651361240387,-132.69272406074057,,267.0,10775.0,100.0,0.0,8,7,800.0077727035939,0.1525820327995701,24.0,317.19944444444474,interpolation,0 days 00:00:12.205000,12.205,1917.257,0.0
2023-11-25 14:16:57.361,0 days 00:31:57.357000,2380.0,5841.0,-132.0,,267.0,10826.0,100.0,0.0,8,7,805.6511111111113,0.153658362399575,24.0,317.6883333333336,interpolation,0 days 00:00:12.305000,12.305,1917.357,0.0
2023-11-25 14:16:57.461,0 days 00:31:57.457000,2329.749164327716,5914.3139852952,-131.52206099685998,,268.0,10801.5,100.0,0.0,8,7,811.3444401936836,0.1547442265054699,24.0,318.1327777777781,interpolation,0 days 00:00:12.405000,12.405,1917.457,0.0
2023-11-25 14:16:57.561,0 days 00:31:57.557000,2281.0,5991.0,-131.0,,269.0,10777.0,100.0,0.0,8,7,817.6066666666668,0.1559385939575135,24.0,318.57722222222253,car,0 days 00:00:12.505000,12.505,1917.557,0.0
2023-11-25 14:16:57.661,0 days 00:31:57.657000,2246.19251519971,6056.464726988421,-130.17490995809953,,269.0,10797.0,100.0,0.0,8,7,824.9566972454161,0.1573404335959642,24.0,319.1605555555559,interpolation,0 days 00:00:12.605000,12.605,1917.657,0.0
2023-11-25 14:16:57.761,0 days 00:31:57.757000,2217.0,6126.0,-130.0,,269.0,10817.0,100.0,0.0,8,7,832.5511111111111,0.1587888834049367,24.0,319.7438888888893,car,0 days 00:00:12.705000,12.705,1917.757,0.0
2023-11-25 14:16:57.861,0 days 00:31:57.857000,2187.0,6210.0,-131.0,,269.0,10834.5,100.0,0.0,8,7,839.5464874449306,0.1601230813685452,24.0,320.3550000000004,interpolation,0 days 00:00:12.805000,12.805,1917.857,0.0
2023-11-25 14:16:57.961,0 days 00:31:57.957000,2167.6179898570263,6279.0789607981305,-130.6040475936801,,269.0,10852.0,100.0,0.0,8,7,847.4955555555555,0.1616391728523598,24.0,320.96611111111145,car,0 days 00:00:12.905000,12.905,1917.957,0.0
2023-11-25 14:16:58.061,0 days 00:31:58.057000,2156.0,6341.0,-130.0,,269.5,10868.5,100.0,0.0,8,7,857.9510447516664,0.1636333032219502,24.0,321.7827777777781,interpolation,0 days 00:00:13.005000,13.005,1918.057,0.0
2023-11-25 14:16:58.161,0 days 00:31:58.157000,2147.387824831344,6408.423837833785,-130.8041893048573,,270.0,10885.0,100.0,0.0,8,7,868.4955555555556,0.1656444122989248,24.0,322.5994444444448,interpolation,0 days 00:00:13.105000,13.105,1918.157,0.0
2023-11-25 14:16:58.261,0 days 00:31:58.257000,2142.0,6476.0,-132.0,,270.5,10914.5,100.0,0.0,8,7,876.7116884895153,0.1672114399048923,24.0,323.0994444444448,interpolation,0 days 00:00:13.205000,13.205,1918.257,0.0
2023-11-25 14:16:58.361,0 days 00:31:58.357000,2140.05506115491,6538.378012199159,-132.57081657717617,,271.0,10944.0,100.0,0.0,8,7,882.5994435535458,0.1683343860398526,24.0,323.5994444444448,interpolation,0 days 00:00:13.305000,13.305,1918.357,0.0
2023-11-25 14:16:58.461,0 days 00:31:58.457000,2141.7203598202445,6598.60904187962,-132.6458097686616,,271.5,10973.5,100.0,0.0,8,7,888.2352546185809,0.1694092799822843,24.0,324.0994444444448,interpolation,0 days 00:00:13.405000,13.405,1918.457,0.0
2023-11-25 14:16:58.561,0 days 00:31:58.557000,2148.0,6675.0,-133.0,,272.0,11003.0,100.0,0.0,8,7,895.6955555555555,0.170832151010666,24.0,324.5994444444449,interpolation,0 days 00:00:13.505000,13.505,1918.557,0.0
2023-11-25 14:16:58.661,0 days 00:31:58.657000,2159.061331504675,6770.602022764861,-133.7625566807657,,271.5,10987.5,100.0,0.0,8,7,904.9803463644693,0.1726029991249976,24.0,325.3327777777782,interpolation,0 days 00:00:13.605000,13.605,1918.657,0.0
2023-11-25 14:16:58.761,0 days 00:31:58.757000,2173.0,6874.0,-135.0,,271.0,10972.0,100.0,0.0,8,7,913.7622222222222,0.174277928439298,24.0,326.06611111111147,interpolation,0 days 00:00:13.705000,13.705,1918.757,0.0
2023-11-25 14:16:58.861,0 days 00:31:58.857000,2187.9116511517072,6973.778821531213,-136.7788501467443,,272.0,10979.0,100.0,0.0,8,7,919.7137783057156,0.1754130430675861,24.0,326.510555555556,interpolation,0 days 00:00:13.805000,13.805,1918.857,0.0
2023-11-25 14:16:58.961,0 days 00:31:58.957000,2203.279186566578,7067.996383156254,-138.99235516062845,,273.0,10986.0,100.0,0.0,8,7,923.8242287649714,0.1761970115591368,24.0,326.95500000000044,interpolation,0 days 00:00:13.905000,13.905,1918.957,0.0
2023-11-25 14:16:59.061,0 days 00:31:59.057000,2216.0,7145.0,-141.0,,274.0,10993.0,100.0,0.0,8,7,932.0288888888888,0.1777618510055164,24.0,327.3994444444449,interpolation,0 days 00:00:14.005000,14.005,1919.057,0.0
2023-11-25 14:16:59.161,0 days 00:31:59.157000,2225.556987763641,7202.8475479729605,-142.6950316113432,,274.0,11065.0,100.0,0.0,8,7,944.2827777777776,0.1800989823936878,24.0,328.3386111111116,interpolation,0 days 00:00:14.105000,14.105,1919.157,0.0
2023-11-25 14:16:59.261,0 days 00:31:59.257000,2232.596875811477,7245.41965839803,-144.17219974585342,,275.0,11078.2,100.0,0.0,8,7,954.3806325848432,0.1820249026983995,24.0,328.65638888888947,interpolation,0 days 00:00:14.205000,14.205,1919.257,0.0
2023-11-25 14:16:59.361,0 days 00:31:59.357000,2241.0,7296.0,-146.0,,276.0,11091.4,100.0,0.0,8,7,961.2882375404532,0.1833423604055183,24.0,328.9741666666673,interpolation,0 days 00:00:14.305000,14.305,1919.357,0.0
2023-11-25 14:16:59.461,0 days 00:31:59.457000,2251.413079660747,7358.469164364307,-148.2731811547459,,277.0,11104.6,100.0,0.0,8,7,965.6261241654648,0.1841697068162432,24.0,329.2919444444451,interpolation,0 days 00:00:14.405000,14.405,1919.457,0.0
2023-11-25 14:16:59.561,0 days 00:31:59.557000,2264.0,7432.0,-151.0,,278.0,11117.8,100.0,0.0,8,7,971.1174625223572,0.1852170461020271,24.0,329.60972222222296,interpolation,0 days 00:00:14.505000,14.505,1919.557,0.0
2023-11-25 14:16:59.661,0 days 00:31:59.657000,2278.9246462240417,7515.765355416124,-154.18871332567122,,279.0,11131.0,100.0,0.0,8,7,978.3827777777776,0.1866027283521575,24.0,329.9275000000008,interpolation,0 days 00:00:14.605000,14.605,1919.657,0.0
2023-11-25 14:16:59.761,0 days 00:31:59.757000,2295.6551183343754,7607.209725381095,-157.73356333516236,,279.6666666666667,11164.333333333334,100.0,0.0,8,7,987.422069931726,0.1883267535666346,24.0,328.7941666666674,interpolation,0 days 00:00:14.705000,14.705,1919.757,0.0
2023-11-25 14:16:59.861,0 days 00:31:59.857000,2311.0,7691.0,-161.0,,280.3333333333333,11197.666666666666,100.0,0.0,8,7,997.7531365430204,0.1902971533531416,24.0,327.6608333333341,interpolation,0 days 00:00:14.805000,14.805,1919.857,0.0
2023-11-25 14:16:59.961,0 days 00:31:59.957000,2325.0,7768.0,-164.0,,281.0,11231.0,100.0,0.0,8,7,1006.4827777777778,0.1919621201830373,24.0,326.5275000000007,interpolation,0 days 00:00:14.905000,14.905,1919.957,0.0
2023-11-25 14:17:00.061,0 days 00:32:00.057000,2341.0908212707363,7858.725943187502,-167.43998030828243,,281.3333333333333,11255.666666666666,100.0,0.0,8,7,1013.128796132544,0.1932296866057565,24.0,325.01638888888965,interpolation,0 days 00:00:15.005000,15.005,1920.057,0.0
2023-11-25 14:17:00.161,0 days 00:32:00.157000,2357.0,7953.0,-171.0,,281.6666666666667,11280.333333333334,100.0,0.0,8,7,1018.2592800655344,0.1942082016832985,24.0,323.5052777777786,interpolation,0 days 00:00:15.105000,15.105,1920.157,0.0
2023-11-25 14:17:00.261,0 days 00:32:00.257000,2369.8824522877167,8037.224953733385,-174.24238138530836,,282.0,11305.0,100.0,0.0,8,7,1025.2827777777777,0.1955477631161525,24.0,321.9941666666675,interpolation,0 days 00:00:15.205000,15.205,1920.257,0.0
2023-11-25 14:17:00.361,0 days 00:32:00.357000,2380.0,8108.0,-177.0,,282.5,11343.0,100.0,0.0,8,7,1034.7673835447451,0.197356721075818,24.0,318.4608333333342,interpolation,0 days 00:00:15.305000,15.305,1920.357,0.0
2023-11-25 14:17:00.461,0 days 00:32:00.457000,2387.614465002964,8161.924334412186,-179.10573137986725,,283.0,11381.0,100.0,0.0,8,7,1044.1494444444445,0.1991461210951299,24.0,314.9275000000009,interpolation,0 days 00:00:15.405000,15.405,1920.457,0.0
2023-11-25 14:17:00.561,0 days 00:32:00.557000,2393.2442736513813,8205.86228157594,-180.7416268551585,,284.0,11388.333333333334,100.0,0.0,8,7,1050.8653075548843,0.2004270087069234,24.0,312.117037037038,interpolation,0 days 00:00:15.505000,15.505,1920.557,0.0
2023-11-25 14:17:00.661,0 days 00:32:00.657000,2400.0,8281.0,-183.0,,285.0,11395.666666666666,100.0,0.0,8,7,1055.6747783871567,0.2013442983399958,24.0,309.30657407407494,interpolation,0 days 00:00:15.605000,15.605,1920.657,0.0
2023-11-25 14:17:00.761,0 days 00:32:00.757000,2408.4000757123054,8394.20188458141,-186.0629040088554,,286.0,11403.0,100.0,0.0,8,7,1063.1366666666663,0.2027674721153746,24.0,306.496111111112,car,0 days 00:00:15.705000,15.705,1920.757,0.0
2023-11-25 14:17:00.861,0 days 00:32:00.857000,2415.0,8502.0,-189.0,,286.5,11439.0,100.0,0.0,8,7,1074.0107701241377,0.2048414429779408,24.0,300.7794444444454,interpolation,0 days 00:00:15.805000,15.805,1920.857,0.0
2023-11-25 14:17:00.961,0 days 00:32:00.957000,2417.0,8566.0,-191.0,,287.0,11475.0,100.0,0.0,8,7,1085.4588888888886,0.2070248933048713,24.0,295.0627777777788,interpolation,0 days 00:00:15.905000,15.905,1920.957,0.0
2023-11-25 14:17:01.061,0 days 00:32:01.057000,2418.268463069686,8616.643574828924,-192.7772131158568,,287.4,11490.0,100.0,0.0,8,7,1094.6428230902377,0.2087765054733427,24.0,291.02944444444546,interpolation,0 days 00:00:16.005000,16.005,1921.057,0.0
2023-11-25 14:17:01.161,0 days 00:32:01.157000,2419.3895703874623,8666.106299927156,-194.55953165040893,,287.8,11505.0,100.0,0.0,8,7,1101.562572728185,0.210096279483355,24.0,286.9961111111121,interpolation,0 days 00:00:16.105000,16.105,1921.157,0.0
2023-11-25 14:17:01.261,0 days 00:32:01.257000,2420.0,8757.0,-197.0,,288.2,11520.0,100.0,0.0,8,7,1106.699915650065,0.2110761027462715,24.0,282.9627777777788,interpolation,0 days 00:00:16.205000,16.205,1921.257,0.0
2023-11-25 14:17:01.361,0 days 00:32:01.357000,2420.0,8886.0,-200.0,,288.6,11535.0,100.0,0.0,8,7,1112.9455041397218,0.2122672969074994,24.0,278.92944444444544,interpolation,0 days 00:00:16.305000,16.305,1921.357,0.0
2023-11-25 14:17:01.461,0 days 00:32:01.457000,2419.1543815530385,8990.54588645542,-202.314768549516,,289.0,11550.0,100.0,0.0,8,7,1120.781111111111,0.2137617484374797,24.0,274.8961111111121,interpolation,0 days 00:00:16.405000,16.405,1921.457,0.0
2023-11-25 14:17:01.561,0 days 00:32:01.557000,2417.5563131676545,9063.655863994629,-203.8183741734591,,289.0,11568.5,100.0,0.0,8,7,1130.2067365642315,0.2155594573362123,24.0,269.0961111111121,interpolation,0 days 00:00:16.505000,16.505,1921.557,0.0
2023-11-25 14:17:01.661,0 days 00:32:01.657000,2416.0,9126.0,-205.0,,289.0,11587.0,100.0,0.0,8,7,1140.0477777777776,0.2174363966916297,24.0,263.29611111111217,interpolation,0 days 00:00:16.605000,16.605,1921.657,0.0
2023-11-25 14:17:01.761,0 days 00:32:01.757000,2414.617810253824,9181.023323340418,-205.9411769679375,,289.0,11591.666666666666,100.0,0.0,8,7,1149.129632030443,0.2191685395916644,24.0,257.9331481481492,interpolation,0 days 00:00:16.705000,16.705,1921.757,0.0
2023-11-25 14:17:01.861,0 days 00:32:01.857000,2412.0,9263.0,-207.0,,289.0,11596.333333333334,100.0,0.0,8,7,1157.53239815269,0.2207711629408588,24.0,252.5701851851862,interpolation,0 days 00:00:16.805000,16.805,1921.857,0.0
2023-11-25 14:17:01.961,0 days 00:32:01.957000,2406.736825309408,9406.20419596287,-208.534564018916,,289.0,11601.0,100.0,0.0,8,7,1165.7366666666665,0.2223359276971631,24.0,247.2072222222232,interpolation,0 days 00:00:16.905000,16.905,1921.957,0.0
2023-11-25 14:17:02.061,0 days 00:32:02.057000,2401.0,9553.0,-210.0,,290.5,11619.0,100.0,0.0,8,7,1173.822535582627,0.2238781106086849,24.0,242.04055555555655,interpolation,0 days 00:00:17.005000,17.005,1922.057,0.0
2023-11-25 14:17:02.161,0 days 00:32:02.157000,2396.9612378897345,9645.751500882374,-210.8514389185668,,292.0,11637.0,100.0,0.0,8,7,1181.9588888888886,0.2254299221902767,24.0,236.87388888888995,interpolation,0 days 00:00:17.105000,17.105,1922.157,0.0
2023-11-25 14:17:02.261,0 days 00:32:02.257000,2394.62053897861,9684.45869860999,-211.08888077461623,,292.0,11648.5,100.0,0.0,8,7,1190.314610573768,0.2270235729567909,24.0,231.6516666666677,interpolation,0 days 00:00:17.205000,17.205,1922.257,0.0
2023-11-25 14:17:02.361,0 days 00:32:02.357000,2392.71957057818,9705.93654703261,-211.0318822433576,,292.0,11660.0,100.0,0.0,8,7,1198.181111111111,0.2285239166833904,24.0,226.42944444444535,interpolation,0 days 00:00:17.305000,17.305,1922.357,0.0
2023-11-25 14:17:02.461,0 days 00:32:02.457000,2390.0,9747.0,-211.0,,292.0,11671.0,100.0,0.0,8,7,1204.849800974763,0.2297958071452383,24.0,222.2294444444453,interpolation,0 days 00:00:17.405000,17.405,1922.457,0.0
2023-11-25 14:17:02.561,0 days 00:32:02.557000,2386.4618272440684,9807.649057512152,-210.99323404454356,,292.0,11682.0,100.0,0.0,8,7,1211.158888888889,0.2309991122778814,24.0,218.0294444444453,interpolation,0 days 00:00:17.505000,17.505,1922.557,0.0
2023-11-25 14:17:02.661,0 days 00:32:02.657000,2381.0,9893.0,-211.0,,292.3333333333333,11692.333333333334,100.0,0.0,8,7,1217.9465835776546,0.2322937000168663,24.0,213.1294444444453,interpolation,0 days 00:00:17.605000,17.605,1922.657,0.0
2023-11-25 14:17:02.761,0 days 00:32:02.757000,2372.509465957411,10008.169107894464,-211.0087134893814,,292.6666666666667,11702.666666666666,100.0,0.0,8,7,1225.3228829432294,0.2337005497877554,24.0,208.22944444444545,interpolation,0 days 00:00:17.705000,17.705,1922.757,0.0
2023-11-25 14:17:02.861,0 days 00:32:02.857000,2364.0,10120.0,-211.0,,293.0,11713.0,100.0,0.0,8,7,1233.9477777777777,0.2353455387884129,24.0,203.32944444444547,interpolation,0 days 00:00:17.805000,17.805,1922.857,0.0
2023-11-25 14:17:02.961,0 days 00:32:02.957000,2358.0,10201.0,-211.0,,293.5,11712.5,100.0,0.0,8,7,1243.9312671098542,0.2372496466592316,24.0,197.16277777777876,interpolation,0 days 00:00:17.905000,17.905,1922.957,0.0
2023-11-25 14:17:03.061,0 days 00:32:03.057000,2351.6211891006715,10285.151511157728,-211.28180477259832,,294.0,11712.0,100.0,0.0,8,7,1253.5477777777778,0.2390837622718735,24.0,190.996111111112,interpolation,0 days 00:00:18.005000,18.005,1923.057,0.0
2023-11-25 14:17:03.161,0 days 00:32:03.157000,2344.684074466143,10374.240492299145,-211.79899952556863,,293.6666666666667,11716.0,100.0,0.0,8,7,1261.0717366198678,0.2405187744980007,24.0,186.996111111112,interpolation,0 days 00:00:18.105000,18.105,1923.157,0.0
2023-11-25 14:17:03.261,0 days 00:32:03.257000,2339.0,10445.0,-212.0,,293.3333333333333,11720.0,100.0,0.0,8,7,1266.8630462295396,0.2416233260073306,24.0,182.996111111112,interpolation,0 days 00:00:18.205000,18.205,1923.257,0.0
2023-11-25 14:17:03.361,0 days 00:32:03.357000,2334.870857898524,10493.552190501763,-211.79287501538795,,293.0,11724.0,100.0,0.0,8,7,1273.081111111111,0.242809270709472,24.0,178.996111111112,car,0 days 00:00:18.305000,18.305,1923.357,0.0
2023-11-25 14:17:03.461,0 days 00:32:03.457000,2331.376937156935,10531.004366171894,-211.27159726259885,,292.6666666666667,11695.666666666666,100.0,0.0,8,7,1280.085830172613,0.244145250571245,24.0,173.95907407407495,interpolation,0 days 00:00:18.405000,18.405,1923.457,0.0
2023-11-25 14:17:03.561,0 days 00:32:03.557000,2323.0,10624.0,-211.0,,292.3333333333333,11667.333333333334,100.0,0.0,8,7,1288.1640286384854,0.2456859705308969,24.0,168.92203703703794,interpolation,0 days 00:00:18.505000,18.505,1923.557,0.0
2023-11-25 14:17:03.661,0 days 00:32:03.657000,2310.0,10769.0,-211.0,,292.0,11639.0,100.0,0.0,8,7,1299.0366666666666,0.2477596618984538,24.0,163.8850000000009,interpolation,0 days 00:00:18.605000,18.605,1923.657,0.0
2023-11-25 14:17:03.761,0 days 00:32:03.757000,2299.454831873653,10878.12713241204,-210.83926973902547,,291.0,11159.0,100.0,0.0,8,7,1311.97,0.2502263807957033,24.0,156.7294444444453,interpolation,0 days 00:00:18.705000,18.705,1923.757,0.0
2023-11-25 14:17:03.861,0 days 00:32:03.857000,2292.069923695204,10942.754797971442,-210.46581553619248,,279.5,10599.0,50.0,1.0,8,7,1320.8405627741872,0.2519182249831512,24.0,153.00722222222316,interpolation,0 days 00:00:18.805000,18.805,1923.857,0.0
2023-11-25 14:17:03.961,0 days 00:32:03.957000,2285.0,10999.0,-210.0,,268.0,10039.0,0.0,1.0,8,7,1326.858888888889,0.2530660743715747,24.0,149.285000000001,interpolation,0 days 00:00:18.905000,18.905,1923.957,0.0
2023-11-25 14:17:04.061,0 days 00:32:04.057000,2277.7708506385634,11052.88220823155,-209.4618834624887,,252.0,9668.5,0.0,1.0,8,7,1332.2560951131811,0.2540954602416119,24.0,148.010000000001,interpolation,0 days 00:00:19.005000,19.005,1924.057,0.0
2023-11-25 14:17:04.161,0 days 00:32:04.157000,2270.289712047863,11104.56168397422,-208.83271627837868,,236.0,9298.0,0.0,1.0,8,7,1337.0321814470644,0.2550063825932628,24.0,146.73500000000104,interpolation,0 days 00:00:19.105000,19.105,1924.157,0.0
2023-11-25 14:17:04.261,0 days 00:32:04.257000,2262.0,11155.0,-208.0,,220.0,8927.5,0.0,1.0,8,7,1341.8216215018597,0.2559198518425211,24.0,145.46000000000106,interpolation,0 days 00:00:19.205000,19.205,1924.257,0.0
2023-11-25 14:17:04.361,0 days 00:32:04.357000,2252.8089499820408,11204.357419258104,-206.94498479007547,,204.0,8557.0,0.0,1.0,8,7,1347.2588888888888,0.2569568784053806,24.0,144.18500000000108,interpolation,0 days 00:00:19.305000,19.305,1924.357,0.0
2023-11-25 14:17:04.461,0 days 00:32:04.457000,2243.0,11252.0,-206.0,,192.0,8693.0,0.0,1.0,8,7,1353.3439836081516,0.2581174622818413,24.0,143.785000000001,interpolation,0 days 00:00:19.405000,19.405,1924.457,0.0
2023-11-25 14:17:04.561,0 days 00:32:04.557000,2232.856588059892,11297.29380047716,-205.4973749811686,,180.0,8829.0,0.0,1.0,8,7,1359.2588888888888,0.2592455866605606,24.0,143.3850000000009,interpolation,0 days 00:00:19.505000,19.505,1924.557,0.0
2023-11-25 14:17:04.661,0 days 00:32:04.657000,2219.0,11346.0,-205.0,,171.5,9151.5,0.0,1.0,8,7,1364.1855879603418,0.2601852347301957,24.0,143.7738888888898,interpolation,0 days 00:00:19.605000,19.605,1924.657,0.0
2023-11-25 14:17:04.761,0 days 00:32:04.757000,2198.051521658606,11403.87977787894,-204.07076532291285,,163.0,9474.0,0.0,1.0,8,7,1368.3144444444442,0.2609727137234973,24.0,144.16277777777873,interpolation,0 days 00:00:19.705000,19.705,1924.757,0.0
2023-11-25 14:17:04.861,0 days 00:32:04.857000,2171.691281644828,11467.582003930478,-202.83003615175423,,157.0,9400.75,0.0,1.0,8,7,1371.835821963131,0.2616443308732158,24.0,145.29611111111203,interpolation,0 days 00:00:19.805000,19.805,1924.857,0.0
2023-11-25 14:17:04.961,0 days 00:32:04.957000,2150.0,11517.0,-202.0,,151.0,9327.5,0.0,1.0,8,7,1374.749720516401,0.2622000861793514,24.0,146.42944444444538,interpolation,0 days 00:00:19.905000,19.905,1924.957,0.0
2023-11-25 14:17:05.061,0 days 00:32:05.057000,2134.657788128812,11548.782670219402,-201.70102083696383,,145.0,9254.25,0.0,1.0,8,7,1377.5348699225815,0.2627312857158377,24.0,147.5627777777787,interpolation,0 days 00:00:20.005000,20.005,1925.057,0.0
2023-11-25 14:17:05.161,0 days 00:32:05.157000,2123.995699093806,11566.103111190272,-201.85573965147145,,139.0,9181.0,0.0,1.0,8,4,1380.6699999999998,0.2633292355566085,24.0,148.69611111111203,car,0 days 00:00:20.105000,20.105,1925.157,0.0
2023-11-25 14:17:05.261,0 days 00:32:05.257000,2108.0,11588.0,-202.0,,135.5,9322.5,0.0,1.0,8,4,1384.155110748655,0.2639939357016638,24.0,150.52944444444552,interpolation,0 days 00:00:20.205000,20.205,1925.257,0.0
2023-11-25 14:17:05.361,0 days 00:32:05.357000,2085.001726819833,11617.646465742846,-202.05644207921492,,132.0,9464.0,0.0,1.0,8,3,1388.003333333333,0.2647278906014407,24.0,152.362777777779,car,0 days 00:00:20.305000,20.305,1925.357,0.0
2023-11-25 14:17:05.461,0 days 00:32:05.457000,2060.0,11648.0,-202.0,,128.5,9152.5,0.0,1.0,8,3,1392.2277989188206,0.2655336047063764,24.0,154.8961111111122,interpolation,0 days 00:00:20.405000,20.405,1925.457,0.0
2023-11-25 14:17:05.561,0 days 00:32:05.557000,2037.993939987195,11672.018094352656,-201.80560787323915,,125.0,8841.0,0.0,1.0,8,3,1396.3366666666666,0.2663172713342046,24.0,157.42944444444538,interpolation,0 days 00:00:20.505000,20.505,1925.557,0.0
2023-11-25 14:17:05.661,0 days 00:32:05.657000,2017.6536733107243,11690.69542293546,-201.58404680183276,,122.0,8766.0,0.0,1.0,8,3,1399.8380957384202,0.2669850838026587,24.0,159.99777777777888,interpolation,0 days 00:00:20.605000,20.605,1925.657,0.0
2023-11-25 14:17:05.761,0 days 00:32:05.757000,1991.0,11710.0,-202.0,,119.0,8691.0,0.0,1.0,8,3,1402.980833333333,0.2675844845924371,24.0,162.56611111111238,interpolation,0 days 00:00:20.705000,20.705,1925.757,0.0
2023-11-25 14:17:05.861,0 days 00:32:05.857000,1959.0,11730.0,-203.0,,117.66666666666669,8599.0,0.0,1.0,8,3,1406.013626650657,0.2681629161842382,24.0,165.31425925926047,interpolation,0 days 00:00:20.805000,20.805,1925.857,0.0
2023-11-25 14:17:05.961,0 days 00:32:05.957000,1935.4352415359924,11745.136514424014,-203.5985672300042,,116.33333333333331,8507.0,0.0,1.0,8,3,1408.9560197709295,0.2687241061362677,24.0,168.0624074074086,interpolation,0 days 00:00:20.905000,20.905,1925.957,0.0
2023-11-25 14:17:06.061,0 days 00:32:06.057000,1918.7690502391229,11755.034215531752,-203.7316044867177,,115.0,8415.0,0.0,1.0,8,3,1411.9252777777776,0.2692904199122704,24.0,170.81055555555668,interpolation,0 days 00:00:21.005000,21.005,1926.057,0.0
2023-11-25 14:17:06.161,0 days 00:32:06.157000,1886.0,11763.0,-204.0,,114.0,8354.0,0.0,0.0,8,3,1414.9409449518716,0.2698655851086224,24.0,174.14388888889,interpolation,0 days 00:00:21.105000,21.105,1926.157,0.0
2023-11-25 14:17:06.261,0 days 00:32:06.257000,1833.2945394282424,11769.585014453012,-204.50390129540372,,113.0,8293.0,0.0,0.0,8,3,1418.0030212932115,0.2704496017253237,24.0,177.4772222222233,interpolation,0 days 00:00:21.205000,21.205,1926.257,0.0
2023-11-25 14:17:06.361,0 days 00:32:06.357000,1779.0,11773.0,-205.0,,112.0,8232.0,0.0,0.0,8,3,1421.1095592101678,0.271042098306621,24.0,180.81055555555665,interpolation,0 days 00:00:21.305000,21.305,1926.357,0.0
2023-11-25 14:17:06.461,0 days 00:32:06.457000,1741.4637131914235,11771.455697750183,-205.2449877408598,,111.0,8171.0,0.0,0.0,8,3,1424.258611111111,0.2716427033967609,24.0,184.14388888888996,interpolation,0 days 00:00:21.405000,21.405,1926.457,0.0
2023-11-25 14:17:06.561,0 days 00:32:06.557000,1720.685679002514,11764.952107703568,-205.23886451798325,,109.66666666666669,8111.0,8.666666666666666,0.0,8,3,1427.4501769960414,0.2722514169957435,24.0,188.0253703703714,interpolation,0 days 00:00:21.505000,21.505,1926.557,0.0
2023-11-25 14:17:06.661,0 days 00:32:06.657000,1707.814805312347,11756.222463805165,-205.113309036115,,108.33333333333331,8051.0,17.333333333333332,0.0,8,3,1430.663020292956,0.2728641887437641,24.0,191.90685185185285,interpolation,0 days 00:00:21.605000,21.605,1926.657,0.0
2023-11-25 14:17:06.761,0 days 00:32:06.757000,1694.0,11748.0,-205.0,,107.0,7991.0,26.0,0.0,8,3,1433.769722222222,0.273456716606422,24.0,195.78833333333432,interpolation,0 days 00:00:21.705000,21.705,1926.757,0.0
2023-11-25 14:17:06.861,0 days 00:32:06.857000,1679.241263065473,11740.284716288072,-204.89893740963825,,107.5,8161.5,33.5,0.0,8,3,1436.7490464292987,0.2740249502653882,24.0,199.53833333333432,interpolation,0 days 00:00:21.805000,21.805,1926.857,0.0
2023-11-25 14:17:06.961,0 days 00:32:06.957000,1662.0,11731.0,-205.0,,108.0,8332.0,41.0,0.0,8,3,1439.769722222222,0.274601070734012,24.0,203.28833333333432,interpolation,0 days 00:00:21.905000,21.905,1926.957,0.0
2023-11-25 14:17:07.061,0 days 00:32:07.057000,1640.7376162948162,11718.069238466407,-205.49306650605573,,109.33333333333331,8485.333333333334,43.66666666666666,0.0,8,3,1443.0004789090292,0.2752172590256431,24.0,207.3772222222232,interpolation,0 days 00:00:22.005000,22.005,1927.057,0.0
2023-11-25 14:17:07.161,0 days 00:32:07.157000,1615.3263916119506,11700.906924834428,-206.305335924606,,110.66666666666669,8638.666666666666,46.333333333333336,0.0,8,3,1446.4005436081677,0.2758657387043984,24.0,211.4661111111121,interpolation,0 days 00:00:22.105000,22.105,1927.157,0.0
2023-11-25 14:17:07.261,0 days 00:32:07.257000,1585.0,11676.0,-207.0,,112.0,8792.0,49.0,0.0,8,3,1449.7252777777776,0.2764998509160872,24.0,215.55500000000097,interpolation,0 days 00:00:22.205000,22.205,1927.257,0.0
2023-11-25 14:17:07.361,0 days 00:32:07.357000,1549.6307198131317,11642.762951114632,-207.50425698355207,,113.5,8895.5,51.0,0.0,8,3,1452.933908118791,0.2771118191451953,24.0,219.36916666666752,interpolation,0 days 00:00:22.305000,22.305,1927.357,0.0
2023-11-25 14:17:07.461,0 days 00:32:07.457000,1516.0,11608.0,-208.0,,115.0,8999.0,53.0,0.0,8,3,1456.082222222222,0.2777122835183973,24.0,223.18333333333408,interpolation,0 days 00:00:22.405000,22.405,1927.457,0.0
2023-11-25 14:17:07.561,0 days 00:32:07.557000,1490.8892895092613,11578.515368477769,-208.66912217408108,,117.8,9202.6,57.2,0.0,8,3,1459.2260076790865,0.2783118841623673,24.0,226.38555555555632,interpolation,0 days 00:00:22.505000,22.505,1927.557,0.0
2023-11-25 14:17:07.661,0 days 00:32:07.657000,1474.2985883409165,11554.309056547943,-209.51162350579543,,120.6,9406.2,61.4,0.0,8,3,1462.365264489384,0.2789106210771055,24.0,229.5877777777785,interpolation,0 days 00:00:22.605000,22.605,1927.657,0.0
2023-11-25 14:17:07.761,0 days 00:32:07.757000,1462.0585930021127,11532.948216344146,-210.34831308461204,,123.4,9609.8,65.6,0.0,8,3,1465.5037136717942,0.2795092039564592,24.0,232.7900000000008,interpolation,0 days 00:00:22.705000,22.705,1927.757,0.0
2023-11-25 14:17:07.861,0 days 00:32:07.857000,1450.0,11512.0,-211.0,,126.2,9813.4,69.8,0.0,8,3,1468.6636814527017,0.2801118909853146,24.0,235.992222222223,interpolation,0 days 00:00:22.805000,22.805,1927.857,0.0
2023-11-25 14:17:07.961,0 days 00:32:07.957000,1438.1228093345771,11491.4644075155,-211.4666842519592,,129.0,10017.0,74.0,0.0,8,3,1471.8488888888887,0.2807193918647864,24.0,239.19444444444525,car,0 days 00:00:22.905000,22.905,1927.957,0.0
2023-11-25 14:17:08.061,0 days 00:32:08.057000,1425.0,11467.0,-212.0,,133.0,10212.5,77.5,0.0,8,3,1475.0593359803552,0.2813317065948746,24.0,242.72222222222297,interpolation,0 days 00:00:23.005000,23.005,1928.057,0.0
2023-11-25 14:17:08.161,0 days 00:32:08.157000,1409.2045509904235,11434.265338562847,-212.85158140363276,,137.0,10408.0,81.0,0.0,8,3,1479.4599999999998,0.2821710262673774,24.0,246.25000000000068,car,0 days 00:00:23.105000,23.105,1928.157,0.0
2023-11-25 14:17:08.261,0 days 00:32:08.257000,1392.0,11396.0,-214.0,,142.0,11244.0,93.0,0.0,8,3,1485.771111111111,0.2833747172756573,24.0,251.80555555555637,interpolation,0 days 00:00:23.205000,23.205,1928.257,0.0
2023-11-25 14:17:08.361,0 days 00:32:08.357000,1374.6498847228809,11354.943561107411,-215.42382732624415,,147.33333333333334,11092.0,95.33333333333331,0.0,8,3,1491.3242003186124,0.2844338340349039,24.0,255.24259259259335,interpolation,0 days 00:00:23.305000,23.305,1928.357,0.0
2023-11-25 14:17:08.461,0 days 00:32:08.457000,1355.0,11303.0,-217.0,,152.66666666666666,10940.0,97.66666666666669,0.0,8,3,1495.784911021536,0.2852846061523831,24.0,258.6796296296304,interpolation,0 days 00:00:23.405000,23.405,1928.457,0.0
2023-11-25 14:17:08.561,0 days 00:32:08.557000,1330.8961406722922,11232.073294792675,-218.60545463890213,,158.0,10788.0,100.0,0.0,8,3,1499.8155555555554,0.2860533536039419,24.0,262.11666666666747,interpolation,0 days 00:00:23.505000,23.505,1928.557,0.0
2023-11-25 14:17:08.661,0 days 00:32:08.657000,1309.0,11165.0,-220.0,,162.5,10876.0,100.0,0.0,8,3,1503.5265187447771,0.2867611296110953,24.0,264.5388888888897,interpolation,0 days 00:00:23.605000,23.605,1928.657,0.0
2023-11-25 14:17:08.761,0 days 00:32:08.757000,1295.973271243367,11124.61667013654,-220.94344484034315,,167.0,10964.0,100.0,0.0,8,3,1507.2377777777776,0.2874689620432569,24.0,266.9611111111119,interpolation,0 days 00:00:23.705000,23.705,1928.757,0.0
2023-11-25 14:17:08.861,0 days 00:32:08.857000,1291.8159544023936,11110.923305202296,-221.43578915993163,,170.0,11131.75,100.0,0.0,8,4,1511.2693098431328,0.2882378787698404,24.0,269.5611111111119,interpolation,0 days 00:00:23.805000,23.805,1928.857,0.0
2023-11-25 14:17:08.961,0 days 00:32:08.957000,1286.0006603602228,11091.518287666902,-221.96023889955427,,173.0,11299.5,100.0,0.0,8,4,1515.6211149408432,0.2890678797908458,24.0,272.16111111111195,interpolation,0 days 00:00:23.905000,23.905,1928.957,0.0
2023-11-25 14:17:09.061,0 days 00:32:09.057000,1268.0,11034.0,-223.0,,176.0,11467.25,100.0,0.0,8,4,1520.2562514570209,0.2899519193915508,24.0,274.761111111112,interpolation,0 days 00:00:24.005000,24.005,1929.057,0.0
2023-11-25 14:17:09.161,0 days 00:32:09.157000,1237.813973321724,10938.36844220158,-224.5550724612687,,179.0,11635.0,100.0,0.0,8,4,1525.1377777777775,0.2908829518572337,24.0,277.361111111112,car,0 days 00:00:24.105000,24.105,1929.157,0.0
2023-11-25 14:17:09.261,0 days 00:32:09.257000,1209.0,10847.0,-226.0,,185.0,11483.5,100.0,0.0,8,4,1530.265693903114,0.2918609771878943,24.0,279.9444444444455,interpolation,0 days 00:00:24.205000,24.205,1929.257,0.0
2023-11-25 14:17:09.361,0 days 00:32:09.357000,1195.1154997094325,10802.271059123606,-226.70932633283323,,191.0,11332.0,100.0,0.0,8,4,1535.7488888888886,0.2929067633236196,24.0,282.52777777777897,car,0 days 00:00:24.305000,24.305,1929.357,0.0
2023-11-25 14:17:09.461,0 days 00:32:09.457000,1193.701028697175,10796.544740022344,-226.80292127105548,,194.66666666666663,11182.666666666666,100.0,0.0,8,4,1541.6962517909612,0.2940410782044966,24.0,285.07592592592704,interpolation,0 days 00:00:24.405000,24.405,1929.457,0.0
2023-11-25 14:17:09.561,0 days 00:32:09.557000,1190.0,10784.0,-227.0,,198.33333333333331,11033.333333333334,100.0,0.0,8,4,1547.9656678833564,0.2952368169016486,24.0,287.62407407407505,interpolation,0 days 00:00:24.505000,24.505,1929.557,0.0
2023-11-25 14:17:09.661,0 days 00:32:09.657000,1181.5529950496357,10757.000037707763,-227.42043110349312,,202.0,10884.0,100.0,0.0,8,4,1553.704444444444,0.2963313490091482,24.0,290.1722222222231,interpolation,0 days 00:00:24.605000,24.605,1929.657,0.0
2023-11-25 14:17:09.761,0 days 00:32:09.757000,1168.360013846082,10715.54485314564,-228.06421458153488,,204.0,10994.0,100.0,0.0,8,5,1558.7704652929883,0.2972975693205629,24.0,292.3500000000009,interpolation,0 days 00:00:24.705000,24.705,1929.757,0.0
2023-11-25 14:17:09.861,0 days 00:32:09.857000,1150.4870257194875,10659.067242010691,-228.6758907688092,,206.0,11104.0,100.0,0.0,8,5,1563.4968407181982,0.2981990105249594,24.0,294.5277777777787,interpolation,0 days 00:00:24.805000,24.805,1929.857,0.0
2023-11-25 14:17:09.961,0 days 00:32:09.957000,1128.0,10587.0,-229.0,,208.0,11214.0,100.0,0.0,8,5,1569.882222222222,0.2994168668050204,24.0,296.70555555555643,car,0 days 00:00:24.905000,24.905,1929.957,0.0
2023-11-25 14:17:10.061,0 days 00:32:10.057000,1100.8989366876194,10499.34312711356,-229.0365422751073,,212.5,11474.0,100.0,0.0,8,5,1578.2597166832386,0.3010146701992415,24.0,299.73888888888985,interpolation,0 days 00:00:25.005000,25.005,1930.057,0.0
2023-11-25 14:17:10.161,0 days 00:32:10.157000,1075.0,10416.0,-229.0,,217.0,11734.0,100.0,0.0,8,5,1586.7599999999998,0.3026358925824448,24.0,302.77222222222326,interpolation,0 days 00:00:25.105000,25.105,1930.157,0.0
2023-11-25 14:17:10.261,0 days 00:32:10.257000,1056.1193541547968,10356.873995307951,-229.1048555805469,,219.66666666666663,11683.0,100.0,0.0,8,5,1593.5137480712576,0.3039240058294526,24.0,304.69074074074166,interpolation,0 days 00:00:25.205000,25.205,1930.257,0.0
2023-11-25 14:17:10.361,0 days 00:32:10.357000,1041.0,10310.0,-229.0,,222.33333333333331,11632.0,100.0,0.0,8,5,1598.7963334595972,0.3049315305617014,24.0,306.6092592592601,interpolation,0 days 00:00:25.305000,25.305,1930.357,0.0
2023-11-25 14:17:10.461,0 days 00:32:10.457000,1026.3849383835995,10263.412901038722,-228.3343242416109,,225.0,11581.0,100.0,0.0,8,5,1604.2599999999998,0.3059735921212489,24.0,308.5277777777785,interpolation,0 days 00:00:25.405000,25.405,1930.457,0.0
2023-11-25 14:17:10.561,0 days 00:32:10.557000,1011.9777600100108,10216.434990497795,-227.18332669308808,,227.6,11447.8,100.0,0.0,8,5,1610.1801230748792,0.3071027116673454,24.0,310.2077777777785,interpolation,0 days 00:00:25.505000,25.505,1930.557,0.0
2023-11-25 14:17:10.661,0 days 00:32:10.657000,996.0,10165.0,-226.0,,230.2,11314.6,100.0,0.0,8,5,1616.5567026842364,0.308318889199991,24.0,311.8877777777785,interpolation,0 days 00:00:25.605000,25.605,1930.657,0.0
2023-11-25 14:17:10.761,0 days 00:32:10.757000,978.1552460227356,10108.430214679249,-224.85984332316255,,232.8,11181.4,100.0,0.0,8,5,1623.2924653310702,0.3096035721645528,24.0,313.5677777777786,interpolation,0 days 00:00:25.705000,25.705,1930.757,0.0
2023-11-25 14:17:10.861,0 days 00:32:10.857000,958.0140792606458,10045.18271153917,-223.68407416941693,,235.4,11048.2,100.0,0.0,8,5,1629.8037670451315,0.3108454446632978,24.0,315.2477777777786,interpolation,0 days 00:00:25.805000,25.805,1930.857,0.0
2023-11-25 14:17:10.961,0 days 00:32:10.957000,933.0,9966.0,-222.0,,238.0,10915.0,100.0,0.0,8,5,1635.993333333333,0.3120259539516137,24.0,316.9277777777786,interpolation,0 days 00:00:25.905000,25.905,1930.957,0.0
2023-11-25 14:17:11.061,0 days 00:32:11.057000,905.0,9877.0,-220.0,,239.75,10990.25,100.0,0.0,8,6,1641.861164195676,0.3131451000295007,24.0,318.4527777777787,interpolation,0 days 00:00:26.005000,26.005,1931.057,0.0
2023-11-25 14:17:11.161,0 days 00:32:11.157000,887.9124451781763,9824.147439010452,-219.3110310684933,,241.5,11065.5,100.0,0.0,8,6,1647.40725963216,0.3142028828969587,24.0,319.9777777777788,interpolation,0 days 00:00:26.105000,26.105,1931.157,0.0
2023-11-25 14:17:11.261,0 days 00:32:11.257000,871.0,9774.0,-219.0,,243.25,11140.75,100.0,0.0,8,6,1653.3713919192303,0.3153403961303256,24.0,321.5027777777789,interpolation,0 days 00:00:26.205000,26.205,1931.257,0.0
2023-11-25 14:17:11.361,0 days 00:32:11.357000,841.2089464712745,9685.454617248586,-217.8626554941953,,245.0,11216.0,100.0,0.0,8,6,1660.493333333333,0.3166987333059394,24.0,323.02777777777897,car,0 days 00:00:26.305000,26.305,1931.357,0.0
2023-11-25 14:17:11.461,0 days 00:32:11.457000,801.9847392010915,9568.825768126968,-216.1091064715095,,247.0,11358.5,100.0,0.0,8,6,1668.773083874468,0.3182778944237999,24.0,324.92777777777883,interpolation,0 days 00:00:26.405000,26.405,1931.457,0.0
2023-11-25 14:17:11.561,0 days 00:32:11.557000,774.0,9486.0,-215.0,,249.0,11501.0,100.0,0.0,8,6,1677.0933333333332,0.319864779725605,24.0,326.8277777777787,interpolation,0 days 00:00:26.505000,26.505,1931.557,0.0
2023-11-25 14:17:11.661,0 days 00:32:11.657000,760.7001481958173,9447.291684618727,-214.74544284859277,,251.0,11594.5,100.0,0.0,8,6,1684.3367715006275,0.3212462894530527,24.0,328.38333333333424,interpolation,0 days 00:00:26.605000,26.605,1931.657,0.0
2023-11-25 14:17:11.761,0 days 00:32:11.757000,751.0,9420.0,-215.0,,253.0,11688.0,100.0,0.0,8,6,1691.148888888889,0.3225455352282,24.0,329.9388888888898,interpolation,0 days 00:00:26.705000,26.705,1931.757,0.0
2023-11-25 14:17:11.861,0 days 00:32:11.857000,733.8143716240048,9371.42412416066,-215.4182364369341,,254.75,11518.75,100.0,0.0,14,6,1698.1751760106552,0.3238856286731043,24.0,331.38333333333435,interpolation,0 days 00:00:26.805000,26.805,1931.857,1.0
2023-11-25 14:17:11.961,0 days 00:32:11.957000,709.9225188155759,9303.739627583607,-215.9172916458506,,256.5,11349.5,100.0,0.0,14,6,1705.4156328659274,0.3252665697877657,24.0,332.8277777777789,interpolation,0 days 00:00:26.905000,26.905,1931.957,1.0
2023-11-25 14:17:12.061,0 days 00:32:12.057000,684.0,9230.0,-216.0,,258.25,11180.25,100.0,0.0,14,6,1712.7449399549023,0.3266644569243728,24.0,334.2722222222235,interpolation,0 days 00:00:27.005000,27.005,1932.057,1.0
2023-11-25 14:17:12.161,0 days 00:32:12.157000,656.8260789046416,9152.3808341707,-215.583500137342,,260.0,11011.0,100.0,0.0,14,6,1720.0377777777774,0.3280553884351147,24.0,335.71666666666806,interpolation,0 days 00:00:27.105000,27.105,1932.157,1.0
2023-11-25 14:17:12.261,0 days 00:32:12.257000,629.0980879236561,9072.93726069108,-214.7508061454965,,262.0,10791.0,100.0,0.0,12,6,1727.2941463345524,0.3294393643199913,24.0,337.1125000000012,interpolation,0 days 00:00:27.205000,27.205,1932.257,1.0
2023-11-25 14:17:12.361,0 days 00:32:12.357000,605.0,9004.0,-214.0,,264.0,10571.0,100.0,0.0,12,6,1734.7777777777774,0.3308666850752274,24.0,338.50833333333435,interpolation,0 days 00:00:27.305000,27.305,1932.357,1.0
2023-11-25 14:17:12.461,0 days 00:32:12.457000,585.229140387182,8947.624161648408,-213.41409493841263,,266.0,10668.0,100.0,0.0,12,7,1742.752404260002,0.3323876511970478,24.0,339.8527777777788,interpolation,0 days 00:00:27.405000,27.405,1932.457,1.0
2023-11-25 14:17:12.561,0 days 00:32:12.557000,569.7855090852022,8903.809745636303,-212.9930909607344,,268.0,10765.0,100.0,0.0,12,7,1751.2180257812263,0.3340022626854523,24.0,341.1972222222232,interpolation,0 days 00:00:27.505000,27.505,1932.557,1.0
2023-11-25 14:17:12.661,0 days 00:32:12.657000,553.449123240621,8857.340456806045,-212.8255415026889,,270.0,10862.0,100.0,0.0,12,7,1759.7746344118373,0.3356342277528875,24.0,342.54166666666765,interpolation,0 days 00:00:27.605000,27.605,1932.657,1.0
2023-11-25 14:17:12.761,0 days 00:32:12.757000,531.0,8793.0,-213.0,,272.0,10959.0,100.0,0.0,12,7,1768.022222222222,0.3372072546118,24.0,343.8861111111121,interpolation,0 days 00:00:27.705000,27.705,1932.757,1.0
2023-11-25 14:17:12.861,0 days 00:32:12.857000,502.4381393633388,8710.788375218166,-213.5164664526676,,273.5,11034.0,100.0,0.0,12,7,1775.96078921238,0.3387213432621895,24.0,345.0527777777786,interpolation,0 days 00:00:27.805000,27.805,1932.857,1.0
2023-11-25 14:17:12.961,0 days 00:32:12.957000,466.0,8606.0,-214.0,,275.0,11109.0,100.0,0.0,12,7,1783.2999999999995,0.3401211192885338,24.0,346.2194444444451,interpolation,0 days 00:00:27.905000,27.905,1932.957,1.0
2023-11-25 14:17:13.061,0 days 00:32:13.057000,419.92204057934623,8473.929291884964,-214.0756597813057,,276.0,11149.333333333334,100.0,0.0,12,7,1789.749519202769,0.3413512082753104,24.0,347.0861111111119,interpolation,0 days 00:00:28.005000,28.005,1933.057,1.0
2023-11-25 14:17:13.161,0 days 00:32:13.157000,379.0,8357.0,-214.0,,277.0,11189.666666666666,100.0,0.0,12,7,1795.5153295042176,0.3424508964115377,24.0,347.9527777777787,interpolation,0 days 00:00:28.105000,28.105,1933.157,1.0
2023-11-25 14:17:13.261,0 days 00:32:13.257000,358.02961716058377,8297.63587347204,-214.02957485949815,,278.0,11230.0,100.0,0.0,12,7,1801.833333333333,0.3436559020382005,24.0,348.8194444444455,interpolation,0 days 00:00:28.205000,28.205,1933.257,1.0
2023-11-25 14:17:13.361,0 days 00:32:13.357000,353.2393688566582,8284.881047865325,-214.11944801308277,,280.3333333333333,11278.666666666666,100.0,0.0,12,7,1808.909515482919,0.3450055117466101,24.0,349.7009259259269,interpolation,0 days 00:00:28.305000,28.305,1933.357,1.0
2023-11-25 14:17:13.461,0 days 00:32:13.457000,342.0,8253.0,-214.0,,282.6666666666667,11327.333333333334,100.0,0.0,12,7,1816.595384919072,0.3464714044821733,24.0,350.5824074074084,interpolation,0 days 00:00:28.405000,28.405,1933.457,1.0
2023-11-25 14:17:13.561,0 days 00:32:13.557000,320.53994876557454,8191.036753251679,-213.62629401338197,,285.0,11376.0,100.0,0.0,12,7,1824.0,0.3478836547873524,24.0,351.46388888888987,interpolation,0 days 00:00:28.505000,28.505,1933.557,1.0
2023-11-25 14:17:13.661,0 days 00:32:13.657000,290.75279948752524,8104.673142224728,-213.0965405973928,,285.75,11427.25,100.0,0.0,12,7,1830.974871212341,0.3492139418975609,24.0,352.3250000000009,interpolation,0 days 00:00:28.605000,28.605,1933.657,1.0
2023-11-25 14:17:13.761,0 days 00:32:13.757000,264.0,8028.0,-213.0,,286.5,11478.5,100.0,0.0,12,7,1837.5199985560944,0.3504622658127986,24.0,353.18611111111204,interpolation,0 days 00:00:28.705000,28.705,1933.757,1.0
2023-11-25 14:17:13.861,0 days 00:32:13.857000,242.17511524693788,7966.699103000175,-213.43488175969705,,287.25,11529.75,100.0,0.0,12,7,1845.3051266218,0.3519470897187663,24.0,354.0472222222231,interpolation,0 days 00:00:28.805000,28.805,1933.857,1.0
2023-11-25 14:17:13.961,0 days 00:32:13.957000,221.0,7907.0,-214.0,,288.0,11581.0,100.0,0.0,12,7,1855.9999999999995,0.3539868768011656,24.0,354.9083333333342,interpolation,0 days 00:00:28.905000,28.905,1933.957,1.0
2023-11-25 14:17:14.061,0 days 00:32:14.057000,196.1965090308475,7835.132239774221,-214.29416884442517,,291.0,11677.0,100.0,0.0,12,7,1868.8525,0.3564381787053073,24.0,356.18916666666723,interpolation,0 days 00:00:29.005000,29.005,1934.057,1.0
2023-11-25 14:17:14.161,0 days 00:32:14.157000,163.0,7739.0,-214.0,,292.0,11563.666666666666,100.0,0.0,12,7,1879.3499375826532,0.3584403097097787,24.0,357.01879629629684,interpolation,0 days 00:00:29.105000,29.105,1934.157,1.0
2023-11-25 14:17:14.261,0 days 00:32:14.257000,120.0,7616.0,-213.0,,293.0,11450.333333333334,100.0,0.0,12,7,1887.180485573368,0.3599337963621896,24.0,357.84842592592645,interpolation,0 days 00:00:29.205000,29.205,1934.257,1.0
2023-11-25 14:17:14.361,0 days 00:32:14.357000,87.32142258325068,7523.087198037307,-212.4935316611653,,294.0,11337.0,100.0,0.0,12,7,1894.9858333333327,0.3614224766832548,24.0,358.67805555555606,interpolation,0 days 00:00:29.305000,29.305,1934.357,1.0
2023-11-25 14:17:14.461,0 days 00:32:14.457000,66.76384855617133,7465.198409498805,-212.61816884956164,,294.75,11152.75,100.0,0.0,12,7,1903.2062601685095,0.3629903232464857,24.0,359.42805555555606,interpolation,0 days 00:00:29.405000,29.405,1934.457,1.0
2023-11-25 14:17:14.561,0 days 00:32:14.557000,49.0,7415.0,-213.0,,295.5,10968.5,100.0,0.0,12,7,1911.8417660788975,0.3646373360518824,24.0,360.17805555555606,interpolation,0 days 00:00:29.505000,29.505,1934.557,1.0
2023-11-25 14:17:14.661,0 days 00:32:14.657000,32.47533855420667,7367.936387134809,-213.5767068373531,,296.25,10784.25,100.0,0.0,12,7,1920.2993056165035,0.3662504060984015,24.0,360.92805555555606,interpolation,0 days 00:00:29.605000,29.605,1934.657,1.0
2023-11-25 14:17:14.761,0 days 00:32:14.757000,6.0,7291.0,-214.0,,297.0,10600.0,100.0,0.0,12,7,1927.9858333333327,0.3677164243849997,24.0,361.67805555555606,interpolation,0 days 00:00:29.705000,29.705,1934.757,1.0
2023-11-25 14:17:14.861,0 days 00:32:14.857000,-37.0,7165.0,-214.0,,299.0,10651.5,100.0,0.0,12,8,1934.901349229388,0.369035390911677,24.0,362.18916666666746,interpolation,0 days 00:00:29.805000,29.805,1934.857,1.0
2023-11-25 14:17:14.961,0 days 00:32:14.957000,-68.82952395667142,7072.83635653218,-214.04716367068977,,301.0,10703.0,100.0,0.0,12,8,1941.363611111111,0.3702679102546632,24.0,362.70027777777887,interpolation,0 days 00:00:29.905000,29.905,1934.957,1.0
2023-11-25 14:17:15.061,0 days 00:32:15.057000,-87.52500987525727,7020.38475424247,-214.16232108225188,,301.3333333333333,10731.666666666666,100.0,0.0,12,8,1947.690376784948,0.3714745869901882,24.0,363.2965740740751,interpolation,0 days 00:00:30.005000,30.005,1935.057,1.0
2023-11-25 14:17:15.161,0 days 00:32:15.157000,-109.0,6960.0,-214.0,,301.6666666666667,10760.333333333334,100.0,0.0,12,8,1954.4277644413687,0.3727595798858213,24.0,363.8928703703714,interpolation,0 days 00:00:30.105000,30.105,1935.157,1.0
2023-11-25 14:17:15.261,0 days 00:32:15.257000,-135.9067377920738,6883.741268940119,-213.50262201295567,,302.0,10789.0,100.0,0.0,12,8,1964.8525,0.374747844746747,24.0,364.4891666666677,interpolation,0 days 00:00:30.205000,30.205,1935.257,1.0
2023-11-25 14:17:15.361,0 days 00:32:15.357000,-165.0,6801.0,-213.0,,304.0,10866.0,100.0,0.0,12,8,1978.3636111111111,0.3773247607081348,24.0,365.4225000000008,interpolation,0 days 00:00:30.305000,30.305,1935.357,1.0
2023-11-25 14:17:15.461,0 days 00:32:15.457000,-193.03456337229989,6721.167632116822,-212.82194684001436,,305.0,10884.5,100.0,0.0,12,8,1988.078485740919,0.3791776368550748,24.0,365.97805555555647,interpolation,0 days 00:00:30.405000,30.405,1935.457,1.0
2023-11-25 14:17:15.561,0 days 00:32:15.557000,-221.0184696226215,6641.329775291591,-212.91962413537289,,306.0,10903.0,100.0,0.0,12,8,1995.3636111111111,0.380567097402973,24.0,366.5336111111121,interpolation,0 days 00:00:30.505000,30.505,1935.557,1.0
2023-11-25 14:17:15.661,0 days 00:32:15.657000,-255.0,6544.0,-213.0,,307.0,10923.0,100.0,0.0,12,8,2002.7325823221768,0.3819725495065521,24.0,366.9586111111121,interpolation,0 days 00:00:30.605000,30.605,1935.657,1.0
2023-11-25 14:17:15.761,0 days 00:32:15.757000,-295.9872065404836,6426.263886399554,-213.0142355361623,,308.0,10943.0,100.0,0.0,12,8,2010.185399374117,0.3833939931658123,24.0,367.383611111112,interpolation,0 days 00:00:30.705000,30.705,1935.757,1.0
2023-11-25 14:17:15.861,0 days 00:32:15.857000,-334.0,6317.0,-213.0,,309.0,10963.0,100.0,0.0,12,8,2017.9773222945532,0.3848801130251231,24.0,367.808611111112,interpolation,0 days 00:00:30.805000,30.805,1935.857,1.0
2023-11-25 14:17:15.961,0 days 00:32:15.957000,-359.0582911344775,6245.086906311088,-212.9949626476537,,310.0,10983.0,100.0,0.0,12,8,2026.3636111111111,0.3864795937288546,24.0,368.233611111112,interpolation,0 days 00:00:30.905000,30.905,1935.957,1.0
2023-11-25 14:17:16.061,0 days 00:32:16.057000,-373.4608248537924,6203.934238719423,-212.997736530566,,310.6666666666667,11017.0,100.0,0.0,12,8,2035.344265823788,0.3881924352770066,24.0,368.67805555555634,interpolation,0 days 00:00:31.005000,31.005,1936.057,1.0
2023-11-25 14:17:16.161,0 days 00:32:16.157000,-391.0,6154.0,-213.0,,311.3333333333333,11051.0,100.0,0.0,12,8,2044.8090947539224,0.389997621285862,24.0,369.1225000000008,interpolation,0 days 00:00:31.105000,31.105,1936.157,1.0
2023-11-25 14:17:16.261,0 days 00:32:16.257000,-413.9745379439493,6088.6938910244335,-213.00036612160068,,312.0,11085.0,100.0,0.0,12,8,2054.0969444444445,0.3917690528074927,24.0,369.5669444444452,interpolation,0 days 00:00:31.205000,31.205,1936.257,1.0
2023-11-25 14:17:16.361,0 days 00:32:16.357000,-443.0,6006.0,-213.0,,312.5,11107.75,100.0,0.0,12,8,2063.097622088323,0.3934857132429726,24.0,369.9280555555563,interpolation,0 days 00:00:31.305000,31.305,1936.357,1.0
2023-11-25 14:17:16.461,0 days 00:32:16.457000,-478.69194748251175,5903.902415133977,-213.00006673982983,,313.0,11130.5,100.0,0.0,12,8,2071.8111276855584,0.3951476025923016,24.0,370.28916666666737,interpolation,0 days 00:00:31.405000,31.405,1936.457,1.0
2023-11-25 14:17:16.561,0 days 00:32:16.557000,-519.0420207214958,5788.234876083001,-213.0003998079052,,313.5,11153.25,100.0,0.0,12,8,2080.3897638844587,0.3967837688828524,24.0,370.65027777777846,interpolation,0 days 00:00:31.505000,31.505,1936.557,1.0
2023-11-25 14:17:16.661,0 days 00:32:16.657000,-552.0,5694.0,-213.0,,314.0,11176.0,100.0,0.0,12,8,2088.985833333333,0.3984232601419973,24.0,371.0113888888896,interpolation,0 days 00:00:31.605000,31.605,1936.657,1.0
2023-11-25 14:17:16.761,0 days 00:32:16.757000,-575.5575050823273,5627.031586279414,-212.998700781224,,315.0,11198.5,100.0,0.0,12,8,2097.5993360321813,0.4000660763697364,24.0,371.2613888888893,interpolation,0 days 00:00:31.705000,31.705,1936.757,1.0
2023-11-25 14:17:16.861,0 days 00:32:16.857000,-592.106644949243,5580.341372631891,-212.9972350306276,,316.0,11221.0,100.0,0.0,12,8,2106.541388888889,0.4017715555523532,24.0,371.5113888888891,interpolation,0 days 00:00:31.805000,31.805,1936.857,1.0
2023-11-25 14:17:16.961,0 days 00:32:16.957000,-616.0,5512.0,-213.0,,316.3333333333333,11230.333333333334,100.0,0.0,12,8,2116.123108811341,0.4035990356761314,24.0,371.7187962962965,interpolation,0 days 00:00:31.905000,31.905,1936.957,1.0
2023-11-25 14:17:17.061,0 days 00:32:17.057000,-649.6296547202928,5415.019277653828,-213.00772856088705,,316.6666666666667,11239.666666666666,100.0,0.0,12,8,2126.06823005802,0.405495825767468,24.0,371.926203703704,interpolation,0 days 00:00:32.005000,32.005,1937.057,1.0
2023-11-25 14:17:17.161,0 days 00:32:17.157000,-685.0,5313.0,-213.0,,317.0,11249.0,100.0,0.0,12,8,2134.7191666666668,0.4071457816034054,24.0,372.13361111111135,interpolation,0 days 00:00:32.105000,32.105,1937.157,1.0
2023-11-25 14:17:17.261,0 days 00:32:17.257000,-714.1154267290003,5229.542961445145,-212.95639360405025,,317.0,11279.5,100.0,0.0,12,8,2141.7996557247097,0.4084962127498933,24.0,372.28916666666737,interpolation,0 days 00:00:32.205000,32.205,1937.257,1.0
2023-11-25 14:17:17.361,0 days 00:32:17.357000,-736.9759349072937,5164.648161989264,-212.87690937303776,,317.0,11310.0,100.0,0.0,12,8,2148.8080555555557,0.4098328946289314,24.0,372.4447222222234,interpolation,0 days 00:00:32.305000,32.305,1937.357,1.0
2023-11-25 14:17:17.461,0 days 00:32:17.457000,-761.5984756319401,5094.92928153875,-212.8589704555064,,318.0,11307.5,100.0,0.0,12,8,2157.2427244826104,0.4114416026625198,24.0,371.3336111111119,interpolation,0 days 00:00:32.405000,32.405,1937.457,1.0
2023-11-25 14:17:17.561,0 days 00:32:17.557000,-796.0,4997.0,-213.0,,319.0,11305.0,100.0,0.0,12,8,2166.530277777778,0.4132129776539426,24.0,370.2225000000003,interpolation,0 days 00:00:32.505000,32.505,1937.557,1.0
2023-11-25 14:17:17.661,0 days 00:32:17.657000,-840.1805080114732,4870.860317373012,-213.2999980065186,,319.3333333333333,11321.0,100.0,0.0,12,8,2176.0973307129634,0.4150376604064845,24.0,367.0225000000003,interpolation,0 days 00:00:32.605000,32.605,1937.657,1.0
2023-11-25 14:17:17.761,0 days 00:32:17.757000,-891.8201770330855,4723.1824610104695,-213.717086906268,,319.6666666666667,11337.0,100.0,0.0,12,8,2185.8221933389623,0.416892441520869,24.0,363.8225000000004,interpolation,0 days 00:00:32.705000,32.705,1937.757,1.0
2023-11-25 14:17:17.861,0 days 00:32:17.857000,-937.0,4594.0,-214.0,,320.0,11353.0,100.0,0.0,12,8,2194.974722222222,0.4186380638884432,24.0,360.6225000000004,interpolation,0 days 00:00:32.805000,32.805,1937.857,1.0
2023-11-25 14:17:17.961,0 days 00:32:17.957000,-973.4001305238368,4489.985230018241,-214.106859290092,,320.4,11373.2,100.0,0.0,12,8,2203.433226167428,0.4202513178722652,24.0,357.02916666666715,interpolation,0 days 00:00:32.905000,32.905,1937.957,1.0
2023-11-25 14:17:18.061,0 days 00:32:18.057000,-1001.0205686045956,4411.138151065194,-214.037664776544,,320.8,11393.4,100.0,0.0,12,8,2211.19770517458,0.4217322034723352,24.0,353.4358333333339,interpolation,0 days 00:00:33.005000,33.005,1938.057,1.0
2023-11-25 14:17:18.161,0 days 00:32:18.157000,-1023.1307223830568,4347.971996579549,-213.949637874724,,321.2,11413.6,100.0,0.0,12,8,2218.4282899961813,0.4231112617365835,24.0,349.84250000000065,interpolation,0 days 00:00:33.105000,33.105,1938.157,1.0
2023-11-25 14:17:18.261,0 days 00:32:18.257000,-1043.0,4291.0,-214.0,,321.6,11433.8,100.0,0.0,12,8,2226.0857700664974,0.4245717398908174,24.0,346.2491666666674,interpolation,0 days 00:00:33.205000,33.205,1938.257,1.0
2023-11-25 14:17:18.361,0 days 00:32:18.357000,-1060.628401455425,4240.222161326544,-214.1887511523721,,322.0,11454.0,100.0,0.0,12,8,2234.3302777777776,0.4261441792957093,24.0,342.65583333333416,car,0 days 00:00:33.305000,33.305,1938.357,1.0
2023-11-25 14:17:18.461,0 days 00:32:18.457000,-1076.7756431334085,4193.499700181292,-214.5179557235085,,322.5,11447.0,100.0,0.0,12,8,2243.161813130024,0.4278285799512591,24.0,337.68361111111176,interpolation,0 days 00:00:33.405000,33.405,1938.457,1.0
2023-11-25 14:17:18.561,0 days 00:32:18.557000,-1096.0,4138.0,-215.0,,323.0,11440.0,100.0,0.0,12,8,2252.2747222222224,0.4295666458069275,24.0,332.71138888888936,car,0 days 00:00:33.505000,33.505,1938.557,1.0
2023-11-25 14:17:18.661,0 days 00:32:18.657000,-1119.0611806598197,4071.584302305778,-215.63694835237567,,323.0,11455.5,100.0,0.0,12,8,2261.3633511533626,0.4313000808121749,24.0,327.26694444444524,interpolation,0 days 00:00:33.605000,33.605,1938.657,1.0
2023-11-25 14:17:18.761,0 days 00:32:18.757000,-1145.959185112867,3994.252607098624,-216.42880078063536,,323.0,11471.0,100.0,0.0,12,8,2270.2191666666663,0.4329891123181456,24.0,321.8225000000011,car,0 days 00:00:33.705000,33.705,1938.757,1.0
2023-11-25 14:17:18.861,0 days 00:32:18.857000,-1176.1275970094814,3908.294608342159,-217.38125281857737,,323.5,11481.5,100.0,0.0,12,8,2278.633635505354,0.4345939676759839,24.0,315.556875000001,interpolation,0 days 00:00:33.805000,33.805,1938.857,1.0
2023-11-25 14:17:18.961,0 days 00:32:18.957000,-1209.0,3816.0,-218.5,,324.0,11492.0,100.0,0.0,12,8,2286.606757669427,0.4361146468856899,24.0,309.2912500000009,interpolation,0 days 00:00:33.905000,33.905,1938.957,1.0
2023-11-25 14:17:19.061,0 days 00:32:19.057000,-1244.576394084423,3717.368782072148,-219.78504232490317,,324.5,11502.5,100.0,0.0,12,8,2295.4364315543426,0.4377986925116025,24.0,303.0256250000008,interpolation,0 days 00:00:34.005000,34.005,1939.057,1.0
2023-11-25 14:17:19.161,0 days 00:32:19.157000,-1282.429985660102,3613.3902270197223,-221.25260058179177,,325.0,11513.0,100.0,0.0,12,8,2306.4205555555554,0.4398936471180606,24.0,296.7600000000007,interpolation,0 days 00:00:34.105000,34.105,1939.157,1.0
2023-11-25 14:17:19.261,0 days 00:32:19.257000,-1320.0,3510.0,-223.0,,326.0,11538.0,100.0,0.0,12,8,2319.559129673068,0.4423995107050644,24.0,287.6600000000008,interpolation,0 days 00:00:34.205000,34.205,1939.257,1.0
2023-11-25 14:17:19.361,0 days 00:32:19.357000,-1356.8596391310791,3408.1873836043032,-225.0434615341345,,327.0,11563.0,100.0,0.0,12,8,2331.853888888889,0.4447444371144559,24.0,278.56000000000085,interpolation,0 days 00:00:34.305000,34.305,1939.357,1.0
2023-11-25 14:17:19.461,0 days 00:32:19.457000,-1392.6258137716468,3309.1418282609425,-227.26981024787256,,327.0,11568.5,100.0,0.0,12,8,2340.3065681850285,0.4463565801880779,24.0,273.0488888888898,interpolation,0 days 00:00:34.405000,34.405,1939.457,1.0
2023-11-25 14:17:19.561,0 days 00:32:19.557000,-1425.0,3220.0,-229.0,,327.0,11574.0,100.0,0.0,12,8,2344.917167561486,0.4472359399259301,24.0,267.5377777777788,interpolation,0 days 00:00:34.505000,34.505,1939.557,1.0
2023-11-25 14:17:19.661,0 days 00:32:19.657000,-1453.5991124572597,3141.951337069878,-230.12085701309948,,327.0,11579.5,100.0,0.0,12,8,2350.262794268312,0.4482554882570153,24.0,262.02666666666767,interpolation,0 days 00:00:34.605000,34.605,1939.657,1.0
2023-11-25 14:17:19.761,0 days 00:32:19.757000,-1481.0,3067.0,-231.0,,327.0,11585.0,100.0,0.0,12,8,2360.9205555555554,0.4502881971103362,24.0,256.5155555555566,interpolation,0 days 00:00:34.705000,34.705,1939.757,1.0
2023-11-25 14:17:19.861,0 days 00:32:19.857000,-1509.779511484795,2987.150149319791,-232.0050476735306,,327.0,11600.0,100.0,0.0,12,8,2375.4538888888883,0.4530600771082763,24.0,245.22666666666828,interpolation,0 days 00:00:34.805000,34.805,1939.857,1.0
2023-11-25 14:17:19.961,0 days 00:32:19.957000,-1543.0,2895.0,-233.0,,327.3333333333333,11609.0,100.0,0.0,12,8,2385.243463193388,0.4549272004020602,24.0,239.44888888889045,interpolation,0 days 00:00:34.905000,34.905,1939.957,1.0
2023-11-25 14:17:20.061,0 days 00:32:20.057000,-1583.7238186339723,2783.1477670113773,-233.84885694571696,,327.6666666666667,11618.0,100.0,0.0,12,8,2390.079275310719,0.4558495139948464,24.0,233.67111111111265,interpolation,0 days 00:00:35.005000,35.005,1940.057,1.0
2023-11-25 14:17:20.161,0 days 00:32:20.157000,-1629.7641474890577,2657.444869266828,-234.53958691898347,,328.0,11627.0,100.0,0.0,12,8,2397.320555555555,0.4572306121510487,24.0,227.8933333333348,interpolation,0 days 00:00:35.105000,35.105,1940.157,1.0
2023-11-25 14:17:20.261,0 days 00:32:20.257000,-1668.0,2553.0,-235.0,,328.0,11636.5,100.0,0.0,12,8,2408.19383603381,0.4593044260503378,24.0,219.16000000000167,interpolation,0 days 00:00:35.205000,35.205,1940.257,1.0
2023-11-25 14:17:20.361,0 days 00:32:20.357000,-1696.244533875996,2475.6646380426378,-235.2180644738644,,328.0,11646.0,100.0,0.0,12,8,2419.1872222222214,0.4614011471938209,24.0,210.42666666666852,interpolation,0 days 00:00:35.305000,35.305,1940.357,1.0
2023-11-25 14:17:20.461,0 days 00:32:20.457000,-1714.497749117045,2425.4387833947394,-235.19378034057667,,328.5,11662.0,100.0,0.0,12,8,2426.7888195975265,0.4628509670826056,24.0,204.56000000000176,interpolation,0 days 00:00:35.405000,35.405,1940.457,1.0
2023-11-25 14:17:20.561,0 days 00:32:20.557000,-1731.5020897995716,2378.9935370494723,-235.0726060370006,,329.0,11678.0,100.0,0.0,12,8,2433.809444444444,0.464189980586244,24.0,198.69333333333495,interpolation,0 days 00:00:35.505000,35.505,1940.557,1.0
2023-11-25 14:17:20.661,0 days 00:32:20.657000,-1756.0,2313.0,-235.0,,329.0,11658.25,100.0,0.0,12,8,2443.059913047693,0.4659542825742889,24.0,189.9781944444461,interpolation,0 days 00:00:35.605000,35.605,1940.657,1.0
2023-11-25 14:17:20.761,0 days 00:32:20.757000,-1787.9914797183312,2227.4581722463254,-234.97596222957492,,329.0,11638.5,100.0,0.0,12,8,2454.540225407274,0.4681438730467403,24.0,181.26305555555723,interpolation,0 days 00:00:35.705000,35.705,1940.757,1.0
2023-11-25 14:17:20.861,0 days 00:32:20.857000,-1825.092615516534,2128.842559818422,-234.9923158657649,,329.0,11618.75,100.0,0.0,12,8,2466.598966729884,0.4704437847810851,24.0,172.54791666666836,interpolation,0 days 00:00:35.805000,35.805,1940.857,1.0
2023-11-25 14:17:20.961,0 days 00:32:20.957000,-1853.0,2056.0,-235.0,,329.0,11599.0,100.0,0.0,12,8,2477.584722222222,0.4725390505548103,24.0,163.83277777777948,interpolation,0 days 00:00:35.905000,35.905,1940.957,1.0
2023-11-25 14:17:21.061,0 days 00:32:21.057000,-1873.0,2005.0,-235.0,,324.75,11411.0,76.25,0.0,12,8,2487.4974918842872,0.4744296703679158,24.0,157.16611111111283,interpolation,0 days 00:00:36.005000,36.005,1941.057,1.0
2023-11-25 14:17:21.161,0 days 00:32:21.157000,-1907.1140379155715,1913.4132843222635,-235.04728844800243,,320.5,11223.0,52.5,0.0,12,8,2496.3372757160814,0.4761156442204018,24.0,150.49944444444623,interpolation,0 days 00:00:36.105000,36.105,1941.157,1.0
2023-11-25 14:17:21.261,0 days 00:32:21.257000,-1954.935108958298,1782.1389291292671,-235.11644762739368,,316.25,11035.0,28.75,0.0,12,8,2504.4674494676115,0.4776662772021665,24.0,143.8327777777796,interpolation,0 days 00:00:36.205000,36.205,1941.257,1.0
2023-11-25 14:17:21.361,0 days 00:32:21.357000,-1992.0,1679.0,-235.0,,312.0,10847.0,5.0,0.0,12,8,2512.2513888888884,0.4791508744031079,24.0,137.16611111111297,interpolation,0 days 00:00:36.305000,36.305,1941.357,1.0
2023-11-25 14:17:21.461,0 days 00:32:21.457000,-2014.2315297278865,1615.3002833220426,-234.663366153173,,295.5,10166.5,3.75,1.0,8,8,2519.6890939799105,0.480569435823226,24.0,132.63833333333525,interpolation,0 days 00:00:36.405000,36.405,1941.457,0.0
2023-11-25 14:17:21.561,0 days 00:32:21.557000,-2023.9414118910352,1584.904412557511,-234.18104141027672,,279.0,9486.0,2.5,1.0,8,8,2526.780564740679,0.4819219614625207,24.0,128.11055555555754,interpolation,0 days 00:00:36.505000,36.505,1941.557,0.0
2023-11-25 14:17:21.661,0 days 00:32:21.657000,-2035.0,1551.0,-234.0,,262.5,8805.5,1.25,1.0,8,8,2533.440780908885,0.4831922357729754,24.0,123.58277777777982,interpolation,0 days 00:00:36.605000,36.605,1941.657,0.0
2023-11-25 14:17:21.761,0 days 00:32:21.757000,-2049.719031475929,1507.451616285151,-234.19473800854308,,246.0,8125.0,0.0,1.0,8,8,2539.584722222221,0.4843640432065733,24.0,119.05500000000212,interpolation,0 days 00:00:36.705000,36.705,1941.757,0.0
2023-11-25 14:17:21.861,0 days 00:32:21.857000,-2068.3053487438774,1452.8789305477353,-234.68619380136653,,232.0,8152.666666666667,0.0,1.0,8,8,2545.2123886806867,0.485437383763314,24.0,116.09944444444652,interpolation,0 days 00:00:36.805000,36.805,1941.857,0.0
2023-11-25 14:17:21.961,0 days 00:32:21.957000,-2092.0,1379.0,-235.0,,218.0,8180.333333333333,0.0,1.0,8,8,2550.3829458440946,0.4864235418352949,24.0,113.14388888889091,interpolation,0 days 00:00:36.905000,36.905,1941.957,0.0
2023-11-25 14:17:22.061,0 days 00:32:22.057000,-2121.009825551296,1284.434507911232,-235.05709577949116,,204.0,8208.0,0.0,1.0,8,8,2555.451388888888,0.4873902241217557,24.0,110.18833333333532,interpolation,0 days 00:00:37.005000,37.005,1942.057,0.0
2023-11-25 14:17:22.161,0 days 00:32:22.157000,-2147.0,1198.0,-235.0,,190.5,8213.0,0.0,1.0,8,8,2560.47688398074,0.4883487151303464,24.0,107.82722222222424,interpolation,0 days 00:00:37.105000,37.105,1942.157,0.0
2023-11-25 14:17:22.261,0 days 00:32:22.257000,-2161.635697948345,1148.5140219848731,-234.9712315216868,,177.0,8218.0,0.0,1.0,8,8,2565.2847222222217,0.4892656933864171,24.0,105.46611111111316,interpolation,0 days 00:00:37.205000,37.205,1942.257,0.0
2023-11-25 14:17:22.361,0 days 00:32:22.357000,-2164.9169193963307,1135.9765738658507,-234.9707903445514,,167.66666666666666,8378.666666666666,0.0,1.0,8,8,2569.7001947159065,0.4901078374153184,24.0,104.0142592592612,interpolation,0 days 00:00:37.305000,37.305,1942.357,0.0
2023-11-25 14:17:22.461,0 days 00:32:22.457000,-2165.4896811461517,1127.4508388139031,-234.9849539951403,,158.33333333333334,8539.333333333334,0.0,1.0,8,8,2573.6699200186117,0.4908649660045765,24.0,102.56240740740924,interpolation,0 days 00:00:37.405000,37.405,1942.457,0.0
2023-11-25 14:17:22.561,0 days 00:32:22.557000,-2172.0,1090.0,-235.0,,149.0,8700.0,0.0,1.0,8,8,2576.8736111111107,0.4914759921921141,24.0,101.11055555555733,interpolation,0 days 00:00:37.505000,37.505,1942.557,0.0
2023-11-25 14:17:22.661,0 days 00:32:22.657000,-2183.0,1030.0,-235.0,,140.5,8946.5,0.0,1.0,8,6,2579.2578870968464,0.4919307348697125,24.0,100.22166666666864,interpolation,0 days 00:00:37.605000,37.605,1942.657,0.0
2023-11-25 14:17:22.761,0 days 00:32:22.757000,-2189.8024698774857,985.7062984007692,-234.8893843296757,,132.0,9193.0,0.0,1.0,8,5,2582.740277777777,0.4925949162279797,24.0,99.33277777777994,car,0 days 00:00:37.705000,37.705,1942.757,0.0
2023-11-25 14:17:22.861,0 days 00:32:22.857000,-2191.684969213537,960.4541596364544,-234.620166751358,,132.0,8773.0,0.0,1.0,8,5,2588.606944444444,0.4937138402638455,24.0,97.55500000000212,interpolation,0 days 00:00:37.805000,37.805,1942.857,0.0
2023-11-25 14:17:22.961,0 days 00:32:22.957000,-2193.0,936.0,-234.0,,125.0,8675.25,0.0,1.0,8,4,2593.069695423902,0.4945650015144703,24.0,97.25500000000216,interpolation,0 days 00:00:37.905000,37.905,1942.957,0.0
2023-11-25 14:17:23.061,0 days 00:32:23.057000,-2194.472975521387,909.3032377747284,-232.99682636223,,118.0,8577.5,0.0,1.0,8,4,2595.497168669911,0.4950279830192512,24.0,96.9550000000022,interpolation,0 days 00:00:38.005000,38.005,1943.057,0.0
2023-11-25 14:17:23.161,0 days 00:32:23.157000,-2195.0,876.0,-232.0,,111.0,8479.75,0.0,1.0,8,4,2597.079529803188,0.4953297799349517,24.0,96.65500000000225,interpolation,0 days 00:00:38.105000,38.105,1943.157,0.0
2023-11-25 14:17:23.261,0 days 00:32:23.257000,-2193.4771776581406,831.726413715176,-231.39887507526183,,104.0,8382.0,0.0,1.0,8,4,2599.006944444444,0.4956973874183348,24.0,96.35500000000228,interpolation,0 days 00:00:38.205000,38.205,1943.257,0.0
2023-11-25 14:17:23.361,0 days 00:32:23.357000,-2191.0,790.0,-231.0,,100.25,8166.75,0.0,1.0,8,3,2601.2794125936816,0.4961308054694009,24.0,96.54944444444676,interpolation,0 days 00:00:38.305000,38.305,1943.357,0.0
2023-11-25 14:17:23.461,0 days 00:32:23.457000,-2188.6639585297703,764.3382799342155,-230.60992318619896,,96.5,7951.5,0.0,1.0,8,3,2603.8969342508994,0.4966300340881499,24.0,96.7438888888912,interpolation,0 days 00:00:38.405000,38.405,1943.457,0.0
2023-11-25 14:17:23.561,0 days 00:32:23.557000,-2186.4229107212805,752.4958255432628,-230.2446263189766,,92.75,7736.25,0.0,1.0,8,3,2606.541683227112,0.4971344556560444,24.0,96.93833333333566,interpolation,0 days 00:00:38.505000,38.505,1943.557,0.0
2023-11-25 14:17:23.661,0 days 00:32:23.657000,-2184.0,741.0,-230.0,,89.0,7521.0,0.0,1.0,8,3,2608.8958333333326,0.4975834525545479,24.0,97.13277777778012,interpolation,0 days 00:00:38.605000,38.605,1943.657,0.0
2023-11-25 14:17:23.761,0 days 00:32:23.757000,-2181.349083367258,727.6053523365676,-229.8920260780405,,86.5,7257.5,0.0,1.0,8,2,2610.959384569562,0.49797702478366,24.0,97.85500000000228,interpolation,0 days 00:00:38.705000,38.705,1943.757,0.0
2023-11-25 14:17:23.861,0 days 00:32:23.857000,-2178.470160823054,712.3118825529656,-229.920704553098,,84.0,6994.0,0.0,1.0,8,2,2612.7323369358005,0.4983151723433809,24.0,98.57722222222446,interpolation,0 days 00:00:38.805000,38.805,1943.857,0.0
2023-11-25 14:17:23.961,0 days 00:32:23.957000,-2173.106157867322,693.1124714928806,-229.9890307516065,,81.5,6730.5,0.0,1.0,8,2,2614.78148194525,0.4987059969349798,24.0,99.29944444444664,interpolation,0 days 00:00:38.905000,38.905,1943.957,0.0
2023-11-25 14:17:24.061,0 days 00:32:24.057000,-2163.0,668.0,-230.0,,79.0,6467.0,0.0,1.0,8,2,2617.6736111111104,0.4992576002597258,24.0,100.0216666666688,interpolation,0 days 00:00:39.005000,39.005,1944.057,0.0
2023-11-25 14:17:24.161,0 days 00:32:24.157000,-2149.0,639.0,-230.0,,77.0,6307.0,0.0,1.0,8,2,2621.095833333333,0.4999103059473142,24.0,101.48833333333504,interpolation,0 days 00:00:39.105000,39.105,1944.157,0.0
2023-11-25 14:17:24.261,0 days 00:32:24.257000,-2136.1960606010634,618.2657252714926,-230.26735838697076,,77.0,6229.0,0.0,1.0,8,2,2623.1707923995764,0.5003060539426535,24.0,102.33277777777973,interpolation,0 days 00:00:39.205000,39.205,1944.257,0.0
2023-11-25 14:17:24.361,0 days 00:32:24.357000,-2125.1341345228025,606.637064792048,-230.76587308044117,,77.0,6151.0,0.0,1.0,8,2,2624.518055555555,0.5005630116349026,24.0,103.17722222222436,interpolation,0 days 00:00:39.305000,39.305,1944.357,0.0
2023-11-25 14:17:24.461,0 days 00:32:24.457000,-2114.0,597.0,-231.0,,74.33333333333333,6319.666666666667,5.333333333333333,0.0,8,2,2626.0700843510567,0.5008590233946144,24.0,104.62907407407616,interpolation,0 days 00:00:39.405000,39.405,1944.457,0.0
2023-11-25 14:17:24.561,0 days 00:32:24.557000,-2102.491285190315,588.1688550644312,-230.88714804271376,,71.66666666666667,6488.333333333333,10.666666666666666,0.0,8,2,2627.8375769008526,0.5011961296270885,24.0,106.08092592592796,interpolation,0 days 00:00:39.505000,39.505,1944.557,0.0
2023-11-25 14:17:24.661,0 days 00:32:24.657000,-2089.902419384264,580.2631498641092,-230.4694831861078,,69.0,6657.0,16.0,0.0,8,2,2629.8847222222216,0.5015865728268025,24.0,107.53277777777976,interpolation,0 days 00:00:39.605000,39.605,1944.657,0.0
2023-11-25 14:17:24.761,0 days 00:32:24.757000,-2072.0,574.0,-230.0,,70.0,6667.5,20.5,0.0,8,2,2632.2222185394826,0.50203239341995,24.0,110.03277777777951,interpolation,0 days 00:00:39.705000,39.705,1944.757,0.0
2023-11-25 14:17:24.861,0 days 00:32:24.857000,-2048.078463553048,569.4989241269942,-229.5208640301384,,71.0,6678.0,25.0,0.0,8,2,2634.618055555555,0.5024893410830125,24.0,112.5327777777793,interpolation,0 days 00:00:39.805000,39.805,1944.857,0.0
2023-11-25 14:17:24.961,0 days 00:32:24.957000,-2025.0,567.0,-229.0,,72.0,6943.25,28.75,0.0,8,2,2636.8402229733574,0.5029131654924721,24.0,115.08833333333484,interpolation,0 days 00:00:39.905000,39.905,1944.957,0.0
2023-11-25 14:17:25.061,0 days 00:32:25.057000,-2009.626799297452,566.743305373926,-228.40533263306185,,73.0,7208.5,32.5,0.0,8,2,2638.8887207928883,0.5033038666483287,24.0,117.6438888888904,interpolation,0 days 00:00:40.005000,40.005,1945.057,0.0
2023-11-25 14:17:25.161,0 days 00:32:25.157000,-1996.0,568.0,-228.0,,74.0,7473.75,36.25,0.0,8,2,2640.885219327087,0.5036846502047181,24.0,120.19944444444592,interpolation,0 days 00:00:40.105000,40.105,1945.157,0.0
2023-11-25 14:17:25.261,0 days 00:32:25.257000,-1978.1607406622431,570.0412436294496,-228.0471401714906,,75.0,7739.0,40.0,0.0,8,2,2642.9513888888887,0.5040787218157763,24.0,122.75500000000147,interpolation,0 days 00:00:40.205000,40.205,1945.257,0.0
2023-11-25 14:17:25.361,0 days 00:32:25.357000,-1953.0,574.0,-228.0,,77.25,7842.75,45.25,0.0,8,2,2645.087229478294,0.504486081481503,24.0,125.40048611111251,interpolation,0 days 00:00:40.305000,40.305,1945.357,0.0
2023-11-25 14:17:25.461,0 days 00:32:25.457000,-1917.4087567290896,581.0092328493761,-227.31182633799477,,79.5,7946.5,50.5,0.0,8,2,2647.2927410953034,0.5049067292018983,24.0,128.04597222222355,interpolation,0 days 00:00:40.405000,40.405,1945.457,0.0
2023-11-25 14:17:25.561,0 days 00:32:25.557000,-1873.7275848201848,590.3823747450019,-226.0923545284168,,81.75,8050.25,55.75,0.0,8,2,2649.666743275772,0.5053595124009195,24.0,130.6914583333346,interpolation,0 days 00:00:40.505000,40.505,1945.557,0.0
2023-11-25 14:17:25.661,0 days 00:32:25.657000,-1836.0,598.0,-225.0,,84.0,8154.0,61.0,0.0,8,2,2652.3080555555557,0.5058632785025236,24.0,133.33694444444563,interpolation,0 days 00:00:40.605000,40.605,1945.657,0.0
2023-11-25 14:17:25.761,0 days 00:32:25.757000,-1806.5666002068083,603.1755341513078,-224.14449921938223,,88.66666666666667,8367.666666666666,60.333333333333336,0.0,8,2,2655.216677934653,0.5064180275067104,24.0,136.21101851851972,interpolation,0 days 00:00:40.705000,40.705,1945.757,0.0
2023-11-25 14:17:25.861,0 days 00:32:25.857000,-1785.4273854406106,605.9089771989255,-223.5258521865635,,93.33333333333331,8581.333333333334,59.66666666666666,0.0,8,2,2658.3018671784266,0.5070064523476284,24.0,139.0850925925938,interpolation,0 days 00:00:40.805000,40.805,1945.857,0.0
2023-11-25 14:17:25.961,0 days 00:32:25.957000,-1769.074477954107,607.4379316470803,-223.14427906046296,,98.0,8795.0,59.0,0.0,8,2,2661.0191666666665,0.5075247111618394,24.0,141.9591666666679,interpolation,0 days 00:00:40.905000,40.905,1945.957,0.0
2023-11-25 14:17:26.061,0 days 00:32:26.057000,-1754.0,609.0,-223.0,,99.33333333333331,8390.333333333334,39.333333333333336,0.0,8,2,2663.2778340939403,0.507955497060715,24.0,144.20361111111228,interpolation,0 days 00:00:41.005000,41.005,1946.057,0.0
2023-11-25 14:17:26.161,0 days 00:32:26.157000,-1738.0,610.0,-223.0,,100.66666666666669,7985.666666666667,19.66666666666667,0.0,8,2,2665.233412696111,0.5083284761349185,24.0,146.44805555555664,interpolation,0 days 00:00:41.105000,41.105,1946.157,0.0
2023-11-25 14:17:26.261,0 days 00:32:26.257000,-1707.850700778746,606.8668198169128,-222.58618617198505,,102.0,7581.0,0.0,0.0,8,2,2667.8191666666667,0.5088216458397747,24.0,148.69250000000102,interpolation,0 days 00:00:41.205000,41.205,1946.257,0.0
2023-11-25 14:17:26.361,0 days 00:32:26.357000,-1665.0711952332715,599.7368959516982,-221.7502012516713,,101.0,7445.5,0.0,0.0,8,3,2671.190640834243,0.5094646725697296,24.0,152.4591666666679,interpolation,0 days 00:00:41.305000,41.305,1946.357,0.0
2023-11-25 14:17:26.461,0 days 00:32:26.457000,-1632.0,593.0,-221.0,,100.0,7310.0,0.0,0.0,8,3,2674.485833333333,0.5100931504259858,24.0,156.22583333333478,interpolation,0 days 00:00:41.405000,41.405,1946.457,0.0
2023-11-25 14:17:26.561,0 days 00:32:26.557000,-1612.3602202472366,587.387764307037,-220.42024197724996,,99.0,7261.0,5.0,0.0,8,3,2676.842742298432,0.5105426735097465,24.0,158.7813888888902,interpolation,0 days 00:00:41.505000,41.505,1946.557,0.0
2023-11-25 14:17:26.661,0 days 00:32:26.657000,-1603.5546352005822,582.0627111589706,-219.92514293299928,,98.0,7212.0,10.0,0.0,8,3,2678.841388888889,0.5109238667556436,24.0,161.33694444444563,interpolation,0 days 00:00:41.605000,41.605,1946.657,0.0
2023-11-25 14:17:26.761,0 days 00:32:26.757000,-1590.0,572.0,-219.0,,97.66666666666669,7358.666666666667,17.0,0.0,8,3,2681.061794264055,0.5113473550983094,24.0,164.62953703703838,interpolation,0 days 00:00:41.705000,41.705,1946.757,0.0
2023-11-25 14:17:26.861,0 days 00:32:26.857000,-1569.099120466497,556.3621616920149,-217.55902980625663,,97.33333333333331,7505.333333333333,24.0,0.0,8,3,2683.5281753915697,0.5118177573355565,24.0,167.9221296296311,interpolation,0 days 00:00:41.805000,41.805,1946.857,0.0
2023-11-25 14:17:26.961,0 days 00:32:26.957000,-1545.0,534.0,-216.0,,97.0,7652.0,31.0,0.0,8,3,2686.385833333333,0.5123627861123725,24.0,171.21472222222383,interpolation,0 days 00:00:41.905000,41.905,1946.957,0.0
2023-11-25 14:17:27.061,0 days 00:32:27.057000,-1521.8506420004378,503.7643186889404,-214.7206782294611,,98.0,7813.333333333333,35.333333333333336,0.0,8,3,2689.6589848090025,0.5129870601792742,24.0,175.71472222222383,interpolation,0 days 00:00:42.005000,42.005,1947.057,0.0
2023-11-25 14:17:27.161,0 days 00:32:27.157000,-1500.2731317441828,467.69151111795776,-213.7209357400197,,99.0,7974.666666666667,39.66666666666666,0.0,8,3,2693.2291929974303,0.5136679905920714,24.0,180.21472222222383,interpolation,0 days 00:00:42.105000,42.105,1947.157,0.0
2023-11-25 14:17:27.261,0 days 00:32:27.257000,-1484.0,438.0,-213.0,,100.0,8136.0,44.0,0.0,8,3,2696.385833333333,0.5142700429916891,24.0,184.71472222222383,interpolation,0 days 00:00:42.205000,42.205,1947.257,0.0
2023-11-25 14:17:27.361,0 days 00:32:27.357000,-1473.6533384144473,416.7261995469637,-212.55774225346332,,102.33333333333331,8302.333333333334,46.333333333333336,0.0,8,3,2699.010467782762,0.5147706282026256,24.0,187.6800925925941,interpolation,0 days 00:00:42.305000,42.305,1947.357,0.0
2023-11-25 14:17:27.461,0 days 00:32:27.457000,-1468.1509848805097,401.8221326978159,-212.337577780508,,104.66666666666669,8468.666666666666,48.66666666666666,0.0,8,3,2701.1948439280204,0.5151872448456315,24.0,190.6454629629643,interpolation,0 days 00:00:42.405000,42.405,1947.457,0.0
2023-11-25 14:17:27.561,0 days 00:32:27.557000,-1461.0,381.0,-212.0,,107.0,8635.0,51.0,0.0,8,3,2703.489444444444,0.5156248841076548,24.0,193.6108333333345,car,0 days 00:00:42.505000,42.505,1947.557,0.0
2023-11-25 14:17:27.661,0 days 00:32:27.657000,-1451.1182327471856,352.21184536366104,-211.4884247714622,,109.75,8782.75,58.5,0.0,8,3,2705.986015974845,0.5161010444302613,24.0,197.3052777777791,interpolation,0 days 00:00:42.605000,42.605,1947.657,0.0
2023-11-25 14:17:27.761,0 days 00:32:27.757000,-1441.0,322.0,-211.0,,112.5,8930.5,66.0,0.0,8,3,2708.684558519225,0.5166157258134509,24.0,200.99972222222368,interpolation,0 days 00:00:42.705000,42.705,1947.757,0.0
2023-11-25 14:17:27.861,0 days 00:32:27.857000,-1433.1396186363756,296.906795120218,-210.7318735907189,,115.25,9078.25,73.5,0.0,8,3,2712.0633218039907,0.5172601427652962,24.0,204.69416666666825,interpolation,0 days 00:00:42.805000,42.805,1947.857,0.0
2023-11-25 14:17:27.961,0 days 00:32:27.957000,-1426.7379347107883,274.3682053859637,-210.588877439716,,118.0,9226.0,81.0,0.0,8,3,2716.600555555555,0.5181255097938698,24.0,208.3886111111128,car,0 days 00:00:42.905000,42.905,1947.957,0.0
2023-11-25 14:17:28.061,0 days 00:32:28.057000,-1417.0,239.0,-210.0,,122.0,9933.0,82.0,0.0,8,3,2722.022777777777,0.5191596668573215,24.0,214.29972222222383,interpolation,0 days 00:00:43.005000,43.005,1948.057,0.0
2023-11-25 14:17:28.161,0 days 00:32:28.157000,-1404.0,191.0,-209.0,,126.0,10483.75,86.5,0.0,8,3,2726.689104895162,0.520049655306899,24.0,217.7441666666682,interpolation,0 days 00:00:43.105000,43.105,1948.157,0.0
2023-11-25 14:17:28.261,0 days 00:32:28.257000,-1392.978047289477,146.93952602165118,-208.368448272262,,130.0,11034.5,91.0,0.0,8,3,2730.3260577120127,0.5207433156348678,24.0,221.18861111111252,interpolation,0 days 00:00:43.205000,43.205,1948.257,0.0
2023-11-25 14:17:28.361,0 days 00:32:28.357000,-1384.0,109.0,-208.0,,134.0,11585.25,95.5,0.0,8,3,2733.644703895079,0.521376266711135,24.0,224.6330555555569,interpolation,0 days 00:00:43.305000,43.305,1948.357,0.0
2023-11-25 14:17:28.461,0 days 00:32:28.457000,-1376.2583596951197,76.60094295659384,-207.65938122910205,,138.0,12136.0,100.0,0.0,8,3,2737.3561111111103,0.5220841274056071,24.0,228.07750000000124,interpolation,0 days 00:00:43.405000,43.405,1948.457,0.0
2023-11-25 14:17:28.561,0 days 00:32:28.557000,-1369.753126374836,49.742354891432726,-207.34659195956812,,144.25,11830.25,100.0,0.0,8,3,2741.4602793601066,0.5228668977182842,24.0,231.04972222222352,interpolation,0 days 00:00:43.505000,43.505,1948.557,0.0
2023-11-25 14:17:28.661,0 days 00:32:28.657000,-1362.871329867134,21.76258938055524,-207.11050671025012,,150.5,11524.5,100.0,0.0,8,3,2745.9572086420685,0.5237245776491664,24.0,234.0219444444458,interpolation,0 days 00:00:43.605000,43.605,1948.657,0.0
2023-11-25 14:17:28.761,0 days 00:32:28.757000,-1354.0,-14.0,-207.0,,156.75,11218.75,100.0,0.0,8,3,2750.6813669363287,0.5246255959897372,24.0,236.9941666666681,interpolation,0 days 00:00:43.705000,43.705,1948.757,0.0
2023-11-25 14:17:28.861,0 days 00:32:28.857000,-1343.1391367734327,-57.54541325023301,-207.01507182881767,,163.0,10913.0,100.0,0.0,8,3,2755.467222222221,0.5255383815314805,24.0,239.9663888888904,interpolation,0 days 00:00:43.805000,43.805,1948.857,0.0
2023-11-25 14:17:28.961,0 days 00:32:28.957000,-1332.0,-103.0,-207.0,,168.0,11120.5,100.0,0.0,8,4,2760.314774499746,0.526462934274396,24.0,242.74416666666843,interpolation,0 days 00:00:43.905000,43.905,1948.957,0.0
2023-11-25 14:17:29.061,0 days 00:32:29.057000,-1322.2938494922696,-144.49010987915722,-206.7990623168439,,173.0,11328.0,100.0,0.0,8,4,2765.078333333332,0.5273714673099347,24.0,245.5219444444465,interpolation,0 days 00:00:44.005000,44.005,1949.057,0.0
2023-11-25 14:17:29.161,0 days 00:32:29.157000,-1304.0,-215.0,-207.0,,177.0,11488.333333333334,100.0,0.0,8,4,2769.612208287408,0.5282361937295468,24.0,247.8812037037057,interpolation,0 days 00:00:44.105000,44.105,1949.157,0.0
2023-11-25 14:17:29.261,0 days 00:32:29.257000,-1271.0,-334.0,-208.0,,181.0,11648.666666666666,100.0,0.0,8,4,2774.08043499579,0.5290883993423376,24.0,250.24046296296487,interpolation,0 days 00:00:44.205000,44.205,1949.257,0.0
2023-11-25 14:17:29.361,0 days 00:32:29.357000,-1246.707131978355,-420.40696017664993,-208.65574254993672,,185.0,11809.0,100.0,0.0,8,4,2779.467222222221,0.5301157980418403,24.0,252.59972222222405,interpolation,0 days 00:00:44.305000,44.305,1949.357,0.0
2023-11-25 14:17:29.461,0 days 00:32:29.457000,-1235.023589703446,-460.7070914370349,-208.7766753309569,,188.5,11801.0,100.0,0.0,8,4,2785.9366039208016,0.5313496753167946,24.0,255.59972222222405,interpolation,0 days 00:00:44.405000,44.405,1949.457,0.0
2023-11-25 14:17:29.561,0 days 00:32:29.557000,-1233.1642278889033,-463.9016964428631,-208.48557323775205,,192.0,11793.0,100.0,0.0,8,4,2792.2672222222213,0.5325570868473657,24.0,258.59972222222405,interpolation,0 days 00:00:44.505000,44.505,1949.557,0.0
2023-11-25 14:17:29.661,0 days 00:32:29.657000,-1224.4180892565555,-483.9988676853449,-208.5190894101288,,195.66666666666663,11537.333333333334,100.0,0.0,8,4,2797.237719257172,0.5335050883137189,24.0,260.39972222222394,interpolation,0 days 00:00:44.605000,44.605,1949.657,0.0
2023-11-25 14:17:29.761,0 days 00:32:29.757000,-1206.0,-530.0,-209.0,,199.33333333333331,11281.666666666666,100.0,0.0,8,4,2801.1483391150264,0.5342509439763474,24.0,262.1997222222238,interpolation,0 days 00:00:44.705000,44.705,1949.757,0.0
2023-11-25 14:17:29.861,0 days 00:32:29.857000,-1177.9099601192363,-601.9050933868281,-209.9283050073656,,203.0,11026.0,100.0,0.0,8,4,2805.800555555554,0.5351382411573742,24.0,263.9997222222237,interpolation,0 days 00:00:44.805000,44.805,1949.857,0.0
2023-11-25 14:17:29.961,0 days 00:32:29.957000,-1147.0,-680.0,-211.0,,206.5,11141.0,100.0,0.0,8,5,2811.494615742646,0.5362242447036814,24.0,266.1386111111128,interpolation,0 days 00:00:44.905000,44.905,1949.957,0.0
2023-11-25 14:17:30.061,0 days 00:32:30.057000,-1120.122150028025,-744.5705719936866,-211.91108054567732,,210.0,11256.0,100.0,0.0,8,5,2817.467222222221,0.5373633741832435,24.0,268.277500000002,interpolation,0 days 00:00:45.005000,45.005,1950.057,0.0
2023-11-25 14:17:30.161,0 days 00:32:30.157000,-1097.2764102033125,-795.6168093678881,-212.66154664439765,,213.0,11408.666666666666,100.0,0.0,8,5,2822.955077540204,0.5384100491640351,24.0,270.1441666666686,interpolation,0 days 00:00:45.105000,45.105,1950.157,0.0
2023-11-25 14:17:30.261,0 days 00:32:30.257000,-1075.2924652769436,-840.8546420581454,-213.3312394209192,,216.0,11561.333333333334,100.0,0.0,8,5,2828.1830736713514,0.5394071623226523,24.0,272.01083333333526,interpolation,0 days 00:00:45.205000,45.205,1950.257,0.0
2023-11-25 14:17:30.361,0 days 00:32:30.357000,-1051.0,-888.0,-214.0,,219.0,11714.0,100.0,0.0,8,5,2834.5005555555545,0.5406120684010128,24.0,273.8775000000019,car,0 days 00:00:45.305000,45.305,1950.357,0.0
2023-11-25 14:17:30.461,0 days 00:32:30.457000,-1024.3990143724818,-937.052883193452,-214.66782838164036,,222.5,11820.0,100.0,0.0,8,5,2842.13241286469,0.542067659636494,24.0,276.1441666666683,interpolation,0 days 00:00:45.405000,45.405,1950.457,0.0
2023-11-25 14:17:30.561,0 days 00:32:30.557000,-995.4895083943892,-988.0132916385008,-215.33472456584,,226.0,11926.0,100.0,0.0,8,5,2849.567222222221,0.5434856687658498,24.0,278.4108333333347,interpolation,0 days 00:00:45.505000,45.505,1950.557,0.0
2023-11-25 14:17:30.661,0 days 00:32:30.657000,-965.835248219102,-1038.4670542642996,-216.08425846711967,,228.33333333333331,11644.666666666666,100.0,0.0,8,5,2855.2935602516136,0.5445778285258348,24.0,280.07009259259394,interpolation,0 days 00:00:45.605000,45.605,1950.657,0.0
2023-11-25 14:17:30.761,0 days 00:32:30.757000,-937.0,-1086.0,-217.0,,230.66666666666663,11363.333333333334,100.0,0.0,8,5,2859.98571599778,0.545472743158405,24.0,281.72935185185315,interpolation,0 days 00:00:45.705000,45.705,1950.757,0.0
2023-11-25 14:17:30.861,0 days 00:32:30.857000,-908.9837637370832,-1130.612128845603,-218.08194916448093,,233.0,11082.0,100.0,0.0,8,5,2867.689444444444,0.5469420420660337,24.0,283.3886111111124,interpolation,0 days 00:00:45.805000,45.805,1950.857,0.0
2023-11-25 14:17:30.961,0 days 00:32:30.957000,-881.0,-1174.0,-219.0,,236.0,10912.0,100.0,0.0,10,6,2878.178333333332,0.5489425426150057,24.0,286.1441666666683,interpolation,0 days 00:00:45.905000,45.905,1950.957,1.0
2023-11-25 14:17:31.061,0 days 00:32:31.057000,-852.2621693583985,-1217.8601726620846,-219.424046545995,,238.5,11005.25,100.0,0.0,14,6,2886.0481057469506,0.5504435103724588,24.0,287.4108333333349,interpolation,0 days 00:00:46.005000,46.005,1951.057,1.0
2023-11-25 14:17:31.161,0 days 00:32:31.157000,-820.8231331961301,-1264.5262585876217,-219.4885187025644,,241.0,11098.5,100.0,0.0,14,6,2890.39804425406,0.5512731553866876,24.0,288.6775000000016,interpolation,0 days 00:00:46.105000,46.105,1951.157,1.0
2023-11-25 14:17:31.261,0 days 00:32:31.257000,-775.0,-1328.0,-220.0,,243.5,11191.75,100.0,0.0,14,6,2894.104793967472,0.5519801277757685,24.0,289.94416666666825,interpolation,0 days 00:00:46.205000,46.205,1951.257,1.0
2023-11-25 14:17:31.361,0 days 00:32:31.357000,-718.0,-1404.0,-221.0,,246.0,11285.0,100.0,0.0,12,6,2900.0449999999987,0.5531130776577781,24.0,291.2108333333349,car,0 days 00:00:46.305000,46.305,1951.357,1.0
2023-11-25 14:17:31.461,0 days 00:32:31.457000,-680.7496242491496,-1452.8358600653828,-221.93098555818216,,248.5,11386.0,100.0,0.0,12,6,2908.218662351642,0.5546720050327162,24.0,292.9775000000013,interpolation,0 days 00:00:46.405000,46.405,1951.457,1.0
2023-11-25 14:17:31.561,0 days 00:32:31.557000,-640.0,-1502.0,-223.0,,251.0,11487.0,100.0,0.0,12,6,2916.7783333333323,0.5563045541691679,24.0,294.7441666666677,interpolation,0 days 00:00:46.505000,46.505,1951.557,1.0
2023-11-25 14:17:31.661,0 days 00:32:31.657000,-567.3478129389482,-1585.5999398972735,-224.50700931739988,,253.0,11643.0,100.0,0.0,12,6,2923.876565256005,0.5576583693357182,24.0,296.1886111111123,interpolation,0 days 00:00:46.605000,46.605,1951.657,1.0
2023-11-25 14:17:31.761,0 days 00:32:31.757000,-491.0,-1672.0,-226.0,,255.0,11799.0,100.0,0.0,12,6,2930.944999999999,0.5590065014148665,24.0,297.6330555555569,interpolation,0 days 00:00:46.705000,46.705,1951.757,1.0
2023-11-25 14:17:31.861,0 days 00:32:31.857000,-439.1634981171608,-1729.5645005509773,-227.02695853741864,,257.0,11601.0,100.0,0.0,12,6,2939.415279445653,0.5606220012891123,24.0,299.306666666668,interpolation,0 days 00:00:46.805000,46.805,1951.857,1.0
2023-11-25 14:17:31.961,0 days 00:32:31.957000,-411.8383072904306,-1758.293441550204,-227.58788492965567,,259.0,11403.0,100.0,0.0,12,6,2948.28361111111,0.5623134199468127,24.0,300.98027777777907,interpolation,0 days 00:00:46.905000,46.905,1951.957,1.0
2023-11-25 14:17:32.061,0 days 00:32:32.057000,-385.8439628184851,-1782.6256617743288,-227.85486885706493,,261.0,11261.0,100.0,0.0,12,6,2956.5462025145107,0.5638893083763246,24.0,302.2580555555568,interpolation,0 days 00:00:47.005000,47.005,1952.057,1.0
2023-11-25 14:17:32.161,0 days 00:32:32.157000,-338.0,-1827.0,-228.0,,263.0,11119.0,100.0,0.0,12,6,2964.2030536558555,0.5653496665776478,24.0,303.5358333333345,interpolation,0 days 00:00:47.105000,47.105,1952.157,1.0
2023-11-25 14:17:32.261,0 days 00:32:32.257000,-273.0,-1887.0,-228.0,,265.0,10977.0,100.0,0.0,12,6,2971.3168501914947,0.5667064503157135,24.0,304.8136111111122,interpolation,0 days 00:00:47.205000,47.205,1952.257,1.0
2023-11-25 14:17:32.361,0 days 00:32:32.357000,-219.00530562231256,-1936.1270600840985,-227.71519942140773,,267.0,10835.0,100.0,0.0,12,6,2977.950277777777,0.5679716153554522,24.0,306.0913888888899,interpolation,0 days 00:00:47.305000,47.305,1952.357,1.0
2023-11-25 14:17:32.461,0 days 00:32:32.457000,-177.36361265586564,-1973.0188766189228,-227.2088357540848,,268.75,10854.0,100.0,0.0,12,7,2984.103336414703,0.5691451616968637,24.0,307.0025000000011,interpolation,0 days 00:00:47.405000,47.405,1952.457,1.0
2023-11-25 14:17:32.561,0 days 00:32:32.557000,-128.0,-2016.0,-227.0,,270.5,10873.0,100.0,0.0,12,7,2989.776026102273,0.5702270893399484,24.0,307.91361111111223,interpolation,0 days 00:00:47.505000,47.505,1952.557,1.0
2023-11-25 14:17:32.661,0 days 00:32:32.657000,-67.56866460184251,-2068.124506322995,-227.1752068831913,,272.25,10892.0,100.0,0.0,12,7,2995.6247305164834,0.5713425875128576,24.0,308.8247222222234,interpolation,0 days 00:00:47.605000,47.605,1952.657,1.0
2023-11-25 14:17:32.761,0 days 00:32:32.757000,1.8751589514594704,-2127.6364384932904,-227.6591512649898,,274.0,10911.0,100.0,0.0,12,7,3002.3058333333324,0.5726168454437432,24.0,309.73583333333454,interpolation,0 days 00:00:47.705000,47.705,1952.757,1.0
2023-11-25 14:17:32.861,0 days 00:32:32.857000,68.0,-2184.0,-228.0,,275.3333333333333,10995.666666666666,100.0,0.0,12,7,3009.819334552819,0.5740498631326053,24.0,310.8913888888901,interpolation,0 days 00:00:47.805000,47.805,1952.857,1.0
2023-11-25 14:17:32.961,0 days 00:32:32.957000,128.75060291092186,-2235.459215767415,-228.1224471784244,,276.6666666666667,11080.333333333334,100.0,0.0,12,7,3018.1289467704423,0.5756347196392568,24.0,312.04694444444567,interpolation,0 days 00:00:47.905000,47.905,1952.957,1.0
2023-11-25 14:17:33.061,0 days 00:32:33.057000,185.445961706386,-2283.16246637262,-228.05847770215823,,278.0,11165.0,100.0,0.0,12,7,3027.016944444444,0.5773298891099656,24.0,313.20250000000124,interpolation,0 days 00:00:48.005000,48.005,1953.057,1.0
2023-11-25 14:17:33.161,0 days 00:32:33.157000,246.0,-2334.0,-228.0,,279.6666666666667,11233.666666666666,100.0,0.0,12,7,3036.447039798736,0.5791284505336743,24.0,314.4025000000012,interpolation,0 days 00:00:48.105000,48.105,1953.157,1.0
2023-11-25 14:17:33.261,0 days 00:32:33.257000,311.7316983074952,-2389.120185467284,-227.9789986463212,,281.3333333333333,11302.333333333334,100.0,0.0,12,7,3046.239612319802,0.5809961456643752,24.0,315.6025000000012,interpolation,0 days 00:00:48.205000,48.205,1953.257,1.0
2023-11-25 14:17:33.361,0 days 00:32:33.357000,380.4490557815792,-2446.7220831526374,-227.9899819949332,,283.0,11371.0,100.0,0.0,12,7,3055.316944444444,0.5827274260784318,24.0,316.80250000000115,interpolation,0 days 00:00:48.305000,48.305,1953.357,1.0
2023-11-25 14:17:33.461,0 days 00:32:33.457000,439.0,-2496.0,-228.0,,284.0,11436.0,100.0,0.0,12,7,3063.499417498449,0.5842880338806392,24.0,317.74694444444594,interpolation,0 days 00:00:48.405000,48.405,1953.457,1.0
2023-11-25 14:17:33.561,0 days 00:32:33.557000,485.1925076692619,-2535.1529779458237,-228.0035609590983,,285.0,11501.0,100.0,0.0,12,7,3071.150277777777,0.585747249470683,24.0,318.69138888889074,interpolation,0 days 00:00:48.505000,48.505,1953.557,1.0
2023-11-25 14:17:33.661,0 days 00:32:33.657000,523.9707941810836,-2568.282795753813,-228.0016302378132,,286.6666666666667,11542.0,100.0,0.0,12,7,3078.6327715783877,0.5871743532482487,24.0,319.4950925925944,interpolation,0 days 00:00:48.605000,48.605,1953.657,1.0
2023-11-25 14:17:33.761,0 days 00:32:33.757000,585.0,-2620.0,-228.0,,288.3333333333333,11583.0,100.0,0.0,12,7,3086.015029066603,0.5885823393861773,24.0,320.2987962962981,interpolation,0 days 00:00:48.705000,48.705,1953.757,1.0
2023-11-25 14:17:33.861,0 days 00:32:33.857000,673.2242898892239,-2694.406327446093,-227.9996356013586,,290.0,11624.0,100.0,0.0,12,7,3093.7058333333325,0.5900491733206972,24.0,321.1025000000018,interpolation,0 days 00:00:48.805000,48.805,1953.857,1.0
2023-11-25 14:17:33.961,0 days 00:32:33.957000,780.5039003127323,-2784.692206675731,-228.0002365627378,,291.25,11411.0,100.0,0.0,12,7,3101.7733152425567,0.5915878493577102,24.0,321.87833333333515,interpolation,0 days 00:00:48.905000,48.905,1953.957,1.0
2023-11-25 14:17:34.061,0 days 00:32:34.057000,858.0,-2850.0,-228.0,,292.5,11198.0,100.0,0.0,12,7,3110.2174747942763,0.5931983674972165,24.0,322.6541666666685,interpolation,0 days 00:00:49.005000,49.005,1954.057,1.0
2023-11-25 14:17:34.161,0 days 00:32:34.157000,897.5727420633991,-2883.520066272172,-227.9986254309171,,293.75,10985.0,100.0,0.0,12,7,3118.5797719488564,0.5947932723747129,24.0,323.4300000000019,interpolation,0 days 00:00:49.105000,49.105,1954.157,1.0
2023-11-25 14:17:34.261,0 days 00:32:34.257000,908.4501409657124,-2893.0083188923145,-227.99695038349049,,295.0,10772.0,100.0,0.0,12,7,3126.4016666666657,0.5962851086256962,24.0,324.20583333333525,interpolation,0 days 00:00:49.205000,49.205,1954.257,1.0
2023-11-25 14:17:34.361,0 days 00:32:34.357000,946.0,-2925.0,-228.0,,296.2,10751.0,100.0,0.0,12,7,3133.6831589477038,0.5976738762501662,24.0,324.79250000000195,interpolation,0 days 00:00:49.305000,49.305,1954.357,1.0
2023-11-25 14:17:34.461,0 days 00:32:34.457000,1019.4502391346608,-2987.250943575152,-228.0086117998708,,297.4,10730.0,100.0,0.0,12,7,3140.42424879197,0.5989595752481232,24.0,325.3791666666686,interpolation,0 days 00:00:49.405000,49.405,1954.457,1.0
2023-11-25 14:17:34.561,0 days 00:32:34.557000,1121.9062310473137,-3073.9244341929534,-228.01806113815232,,298.6,10709.0,100.0,0.0,12,7,3146.8563533256347,0.6001863428101546,24.0,325.9658333333353,interpolation,0 days 00:00:49.505000,49.505,1954.557,1.0
2023-11-25 14:17:34.661,0 days 00:32:34.657000,1212.0,-3150.0,-228.0,,299.8,10688.0,100.0,0.0,12,7,3154.3679824148653,0.6016190034356855,24.0,326.55250000000194,interpolation,0 days 00:00:49.605000,49.605,1954.657,1.0
2023-11-25 14:17:34.761,0 days 00:32:34.757000,1282.8368480689944,-3209.640865803206,-227.9497036920828,,301.0,10667.0,100.0,0.0,12,8,3163.1905555555545,0.603301694767271,24.0,327.13916666666864,car,0 days 00:00:49.705000,49.705,1954.757,1.0
2023-11-25 14:17:34.861,0 days 00:32:34.857000,1334.4167752542962,-3252.8470316025714,-227.86717221440065,,302.5,10729.5,100.0,0.0,12,8,3173.324072747704,0.6052344168049109,24.0,327.8058333333354,interpolation,0 days 00:00:49.805000,49.805,1954.857,1.0
2023-11-25 14:17:34.961,0 days 00:32:34.957000,1376.2883148124502,-3287.8796816006507,-227.85105462951813,,304.0,10792.0,100.0,0.0,12,8,3183.4572222222214,0.6071670687093528,24.0,328.4725000000021,interpolation,0 days 00:00:49.905000,49.905,1954.957,1.0
2023-11-25 14:17:35.061,0 days 00:32:35.057000,1418.0,-3323.0,-228.0,,304.6666666666667,10817.333333333334,100.0,0.0,12,8,3192.2786922100186,0.6088495496413439,24.0,328.861388888891,interpolation,0 days 00:00:50.005000,50.005,1955.057,1.0
2023-11-25 14:17:35.161,0 days 00:32:35.157000,1459.5518308169462,-3358.2079868006213,-228.3140083258463,,305.3333333333333,10842.666666666666,100.0,0.0,12,8,3199.929663173283,0.6103087863416577,24.0,329.2502777777798,interpolation,0 days 00:00:50.105000,50.105,1955.157,1.0
2023-11-25 14:17:35.261,0 days 00:32:35.257000,1504.4798271840812,-3396.405100172159,-228.74450012528044,,306.0,10868.0,100.0,0.0,12,8,3207.2572222222216,0.6117063400821263,24.0,329.63916666666864,interpolation,0 days 00:00:50.205000,50.205,1955.257,1.0
2023-11-25 14:17:35.361,0 days 00:32:35.357000,1574.0,-3455.0,-229.0,,306.6666666666667,10911.333333333334,100.0,0.0,12,8,3214.4025512647177,0.6130691378792544,24.0,329.0169444444462,interpolation,0 days 00:00:50.305000,50.305,1955.357,1.0
2023-11-25 14:17:35.461,0 days 00:32:35.457000,1671.648332976837,-3536.8941147430087,-229.0319289656799,,307.3333333333333,10954.666666666666,100.0,0.0,12,8,3221.7063468467213,0.6144621593161445,24.0,328.39472222222383,interpolation,0 days 00:00:50.405000,50.405,1955.457,1.0
2023-11-25 14:17:35.561,0 days 00:32:35.557000,1770.0,-3619.0,-229.0,,308.0,10998.0,100.0,0.0,12,8,3231.2127777777773,0.6162752798952449,24.0,327.7725000000014,car,0 days 00:00:50.505000,50.505,1955.557,1.0
2023-11-25 14:17:35.661,0 days 00:32:35.657000,1841.6301749548968,-3678.230211369786,-229.0639260806402,,309.0,11026.5,100.0,0.0,12,8,3243.2625371151216,0.6185734785342709,24.0,325.3225000000018,interpolation,0 days 00:00:50.605000,50.605,1955.657,1.0
2023-11-25 14:17:35.761,0 days 00:32:35.757000,1890.235950926529,-3717.688781318596,-229.1704470137425,,310.0,11055.0,100.0,0.0,12,8,3255.323888888888,0.6208738881487081,24.0,322.8725000000022,interpolation,0 days 00:00:50.705000,50.705,1955.757,1.0
2023-11-25 14:17:35.861,0 days 00:32:35.857000,1938.0,-3756.0,-229.0,,310.6666666666667,11085.333333333334,100.0,0.0,12,8,3264.865097129208,0.6226936416540425,24.0,320.5391666666689,interpolation,0 days 00:00:50.805000,50.805,1955.857,1.0
2023-11-25 14:17:35.961,0 days 00:32:35.957000,1988.6194531187375,-3796.267931665685,-228.49932430016747,,311.3333333333333,11115.666666666666,100.0,0.0,12,8,3272.242102015141,0.6241006259857872,24.0,318.20583333333553,interpolation,0 days 00:00:50.905000,50.905,1955.957,1.0
2023-11-25 14:17:36.061,0 days 00:32:36.057000,2047.0,-3842.0,-228.0,,312.0,11146.0,100.0,0.0,12,8,3279.5905555555546,0.6255021648425165,24.0,315.8725000000022,interpolation,0 days 00:00:51.005000,51.005,1956.057,1.0
2023-11-25 14:17:36.161,0 days 00:32:36.157000,2118.047330361043,-3896.703628687298,-227.8336071852525,,312.75,11161.5,100.0,0.0,12,8,3287.266401574355,0.6269661458549096,24.0,313.19750000000226,interpolation,0 days 00:00:51.105000,51.105,1956.157,1.0
2023-11-25 14:17:36.261,0 days 00:32:36.257000,2200.0,-3958.0,-228.0,,313.5,11177.0,100.0,0.0,12,8,3295.2696400715395,0.6284925690229662,24.0,310.5225000000023,interpolation,0 days 00:00:51.205000,51.205,1956.257,1.0
2023-11-25 14:17:36.361,0 days 00:32:36.357000,2291.096564715005,-4023.5102962105257,-228.49903258831745,,314.25,11192.5,100.0,0.0,12,8,3303.308336310732,0.63002575489326,24.0,307.8475000000024,interpolation,0 days 00:00:51.305000,51.305,1956.357,1.0
2023-11-25 14:17:36.461,0 days 00:32:36.457000,2371.0,-4080.0,-229.0,,315.0,11208.0,100.0,0.0,12,8,3311.0905555555546,0.6315100240123639,24.0,305.1725000000024,interpolation,0 days 00:00:51.405000,51.405,1956.457,1.0
2023-11-25 14:17:36.561,0 days 00:32:36.557000,2419.373281348928,-4114.234594049547,-229.1721972848429,,316.0,11225.0,100.0,0.0,12,8,3318.6162978060083,0.6329453763802781,24.0,301.97805555555783,interpolation,0 days 00:00:51.505000,51.505,1956.557,1.0
2023-11-25 14:17:36.661,0 days 00:32:36.657000,2448.3798522530246,-4134.332055743008,-229.06781556832348,,317.0,11242.0,100.0,0.0,12,8,3328.701666666666,0.6348689152942716,24.0,298.78361111111326,interpolation,0 days 00:00:51.605000,51.605,1956.657,1.0
2023-11-25 14:17:36.761,0 days 00:32:36.757000,2531.0,-4189.0,-229.0,,317.0,11291.0,100.0,0.0,12,8,3342.7905555555544,0.6375560283197975,24.0,293.45027777778023,interpolation,0 days 00:00:51.705000,51.705,1956.757,1.0
2023-11-25 14:17:36.861,0 days 00:32:36.857000,2664.0,-4276.0,-229.0,,317.5,11309.25,100.0,0.0,12,8,3352.6496611989364,0.6394364130260224,24.0,290.5169444444469,interpolation,0 days 00:00:51.805000,51.805,1956.857,1.0
2023-11-25 14:17:36.961,0 days 00:32:36.957000,2754.998064080183,-4333.194447427906,-228.9421691861404,,318.0,11327.5,100.0,0.0,12,8,3356.90675935876,0.6402483510011472,24.0,287.58361111111367,interpolation,0 days 00:00:51.905000,51.905,1956.957,1.0
2023-11-25 14:17:37.061,0 days 00:32:37.057000,2815.0,-4369.0,-229.0,,318.5,11345.75,100.0,0.0,12,8,3361.1946445058684,0.6410661608456016,24.0,284.6502777777804,interpolation,0 days 00:00:52.005000,52.005,1957.057,1.0
2023-11-25 14:17:37.161,0 days 00:32:37.157000,2870.408501382052,-4402.1895304610825,-229.367925839637,,319.0,11364.0,100.0,0.0,12,8,3371.14611111111,0.6429641611598154,24.0,281.7169444444471,car,0 days 00:00:52.105000,52.105,1957.157,1.0
2023-11-25 14:17:37.261,0 days 00:32:37.257000,2922.9518851775424,-4433.571872121936,-229.9310504688464,,320.0,11371.0,100.0,0.0,12,8,3385.3683333333324,0.6456767042770657,24.0,275.6725000000024,interpolation,0 days 00:00:52.205000,52.205,1957.257,1.0
2023-11-25 14:17:37.361,0 days 00:32:37.357000,2983.0,-4468.0,-230.0,,320.5,11380.0,100.0,0.0,12,8,3395.5043989130754,0.6476099123576827,24.0,271.61694444444674,interpolation,0 days 00:00:52.305000,52.305,1957.357,1.0
2023-11-25 14:17:37.461,0 days 00:32:37.457000,3052.281145102754,-4506.282739123647,-229.45987937342449,,321.0,11389.0,100.0,0.0,12,8,3403.201666666666,0.6490779790451804,24.0,267.5613888888911,interpolation,0 days 00:00:52.405000,52.405,1957.457,1.0
2023-11-25 14:17:37.561,0 days 00:32:37.557000,3140.0,-4552.0,-229.0,,321.0,11403.0,100.0,0.0,12,8,3411.500306989117,0.6506607429295774,24.0,263.72435185185424,interpolation,0 days 00:00:52.505000,52.505,1957.557,1.0
2023-11-25 14:17:37.661,0 days 00:32:37.657000,3255.361244205933,-4608.731693136184,-229.309673290607,,321.0,11417.0,100.0,0.0,12,8,3420.2077223333345,0.6523214707112099,24.0,259.88731481481744,interpolation,0 days 00:00:52.605000,52.605,1957.657,1.0
2023-11-25 14:17:37.761,0 days 00:32:37.757000,3365.0,-4661.0,-230.0,,321.0,11431.0,100.0,0.0,12,8,3428.168333333332,0.6538397637205409,24.0,256.0502777777806,interpolation,0 days 00:00:52.705000,52.705,1957.757,1.0
2023-11-25 14:17:37.861,0 days 00:32:37.857000,3435.5513896616485,-4693.327102059251,-230.6820808829336,,321.5,11456.5,100.0,0.0,12,8,3435.189544414204,0.6551788890340535,24.0,252.69472222222495,interpolation,0 days 00:00:52.805000,52.805,1957.857,1.0
2023-11-25 14:17:37.961,0 days 00:32:37.957000,3496.0,-4720.0,-231.0,,322.0,11482.0,100.0,0.0,12,8,3442.479444444444,0.656569260232274,24.0,249.33916666666937,car,0 days 00:00:52.905000,52.905,1957.957,1.0
2023-11-25 14:17:38.061,0 days 00:32:38.057000,3575.330417824175,-4755.305694508315,-230.59784141179145,,323.0,11487.0,100.0,0.0,12,8,3451.2461222925485,0.658241290895729,24.0,244.86509259259535,interpolation,0 days 00:00:53.005000,53.005,1958.057,1.0
2023-11-25 14:17:38.161,0 days 00:32:38.157000,3660.0,-4793.0,-230.0,,324.0,11492.0,100.0,0.0,12,8,3461.284969978134,0.6601559570266036,24.0,240.39101851852135,interpolation,0 days 00:00:53.105000,53.105,1958.157,1.0
2023-11-25 14:17:38.261,0 days 00:32:38.257000,3736.466103393301,-4826.838730890859,-229.73087064631767,,325.0,11497.0,100.0,0.0,12,8,3471.368333333333,0.6620791134391888,24.0,235.91694444444735,interpolation,0 days 00:00:53.205000,53.205,1958.257,1.0
2023-11-25 14:17:38.361,0 days 00:32:38.357000,3826.0,-4866.0,-230.0,,325.3333333333333,11472.666666666666,100.0,0.0,12,8,3481.291602282567,0.6639717357360624,24.0,231.54777777778068,interpolation,0 days 00:00:53.305000,53.305,1958.357,1.0
2023-11-25 14:17:38.461,0 days 00:32:38.457000,3949.872961816016,-4919.661920146534,-231.0169347103025,,325.6666666666667,11448.333333333334,100.0,0.0,12,8,3491.0302000423394,0.6658291364932847,24.0,227.178611111114,interpolation,0 days 00:00:53.405000,53.405,1958.457,1.0
2023-11-25 14:17:38.561,0 days 00:32:38.557000,4075.0,-4973.0,-232.0,,326.0,11424.0,100.0,0.0,12,8,3500.436666666666,0.6676231913112156,24.0,222.8094444444473,interpolation,0 days 00:00:53.505000,53.505,1958.557,1.0
2023-11-25 14:17:38.661,0 days 00:32:38.657000,4168.296125710605,-5011.18974822994,-232.1675210918672,,326.0,11442.5,100.0,0.0,12,8,3509.486425623715,0.6693492128139147,24.0,218.80944444444708,interpolation,0 days 00:00:53.605000,53.605,1958.657,1.0
2023-11-25 14:17:38.761,0 days 00:32:38.757000,4233.606254744733,-5036.106241789487,-231.62439421873373,,326.0,11461.0,100.0,0.0,12,8,3518.5477777777774,0.6710774454370891,24.0,214.80944444444685,interpolation,0 days 00:00:53.705000,53.705,1958.757,1.0
2023-11-25 14:17:38.861,0 days 00:32:38.857000,4294.0,-5059.0,-231.0,,325.0,11391.0,100.0,0.0,12,8,3527.989023993141,0.6728781336164464,24.0,211.00388888889165,interpolation,0 days 00:00:53.805000,53.805,1958.857,1.0
2023-11-25 14:17:38.961,0 days 00:32:38.957000,4353.322316645448,-5081.746119015499,-230.39923574263844,,324.0,11321.0,100.0,0.0,12,8,3536.547777777777,0.674510507819859,24.0,207.19833333333645,interpolation,0 days 00:00:53.905000,53.905,1958.957,1.0
2023-11-25 14:17:39.061,0 days 00:32:39.057000,4426.0,-5110.0,-230.0,,315.5,11008.0,50.0,1.0,12,8,3542.9616526396567,0.6757337985151985,24.0,204.62055555555844,interpolation,0 days 00:00:54.005000,54.005,1959.057,1.0
2023-11-25 14:17:39.161,0 days 00:32:39.157000,4526.459845382579,-5149.41704411752,-229.98019132543567,,307.0,10695.0,0.0,1.0,12,8,3550.192222222221,0.677112853872971,24.0,202.04277777778043,interpolation,0 days 00:00:54.105000,54.105,1959.157,1.0
2023-11-25 14:17:39.261,0 days 00:32:39.257000,4624.0,-5188.0,-230.0,,295.5,10265.0,0.0,1.0,8,8,3561.2010601689126,0.6792125220636819,24.0,198.7372222222248,interpolation,0 days 00:00:54.205000,54.205,1959.257,0.0
2023-11-25 14:17:39.361,0 days 00:32:39.357000,4687.918611059078,-5213.751616279381,-229.71961630474752,,284.0,9835.0,0.0,1.0,8,8,3572.2811111111105,0.6813257724019505,24.0,195.43166666666912,interpolation,0 days 00:00:54.305000,54.305,1959.357,0.0
2023-11-25 14:17:39.461,0 days 00:32:39.457000,4725.116679614903,-5229.142920275756,-229.22145476489752,,273.6666666666667,9847.333333333334,0.0,1.0,8,8,3579.7253196801967,0.682745574202396,24.0,194.3427777777803,interpolation,0 days 00:00:54.405000,54.405,1959.457,0.0
2023-11-25 14:17:39.561,0 days 00:32:39.557000,4777.0,-5249.0,-229.0,,263.3333333333333,9859.666666666666,0.0,1.0,8,8,3584.1383024878214,0.6835872433842108,24.0,193.2538888888915,interpolation,0 days 00:00:54.505000,54.505,1959.557,0.0
2023-11-25 14:17:39.661,0 days 00:32:39.657000,4850.469502603572,-5275.793857469018,-229.13766569135385,,253.0,9872.0,0.0,1.0,8,8,3589.147777777777,0.6845426790050644,24.0,192.1650000000027,interpolation,0 days 00:00:54.605000,54.605,1959.657,0.0
2023-11-25 14:17:39.761,0 days 00:32:39.757000,4940.062200020884,-5307.392066001365,-229.579967753508,,245.5,10237.5,0.0,1.0,8,8,3595.35836835302,0.6857271981649896,24.0,191.35944444444704,interpolation,0 days 00:00:54.705000,54.705,1959.757,0.0
2023-11-25 14:17:39.861,0 days 00:32:39.857000,5013.0,-5331.0,-230.0,,238.0,10603.0,0.0,1.0,8,8,3602.3699999999994,0.6870644964343832,24.0,190.55388888889135,interpolation,0 days 00:00:54.805000,54.805,1959.857,0.0
2023-11-25 14:17:39.961,0 days 00:32:39.957000,5063.8198591949085,-5344.485210947321,-230.34327778745893,,229.5,10161.5,0.0,1.0,8,8,3609.782598505164,0.6884782693836419,24.0,190.3538888888911,interpolation,0 days 00:00:54.905000,54.905,1959.957,0.0
2023-11-25 14:17:40.061,0 days 00:32:40.057000,5097.621155541192,-5348.504649564821,-230.6320711935356,,221.0,9720.0,0.0,1.0,8,8,3617.103333333333,0.6898745215699097,24.0,190.15388888889083,interpolation,0 days 00:00:55.005000,55.005,1960.057,0.0
2023-11-25 14:17:40.161,0 days 00:32:40.157000,5145.0,-5347.0,-231.0,,215.33333333333331,9892.333333333334,0.0,1.0,8,6,3623.839373949327,0.6911592575503308,24.0,190.62796296296497,interpolation,0 days 00:00:55.105000,55.105,1960.157,0.0
2023-11-25 14:17:40.261,0 days 00:32:40.257000,5211.055718289552,-5340.628206247216,-231.4693340564585,,209.66666666666663,10064.666666666666,0.0,1.0,8,6,3629.9550862450583,0.6923256809851263,24.0,191.10203703703917,interpolation,0 days 00:00:55.205000,55.205,1960.257,0.0
2023-11-25 14:17:40.361,0 days 00:32:40.357000,5278.0,-5331.0,-232.0,,204.0,10237.0,0.0,1.0,8,6,3635.236666666666,0.6933330140444038,24.0,191.57611111111328,interpolation,0 days 00:00:55.305000,55.305,1960.357,0.0
2023-11-25 14:17:40.461,0 days 00:32:40.457000,5328.044534721494,-5319.72611295189,-232.55192446771315,,198.5,10125.5,0.0,1.0,8,6,3639.648481470953,0.6941744604579785,24.0,192.24277777778025,interpolation,0 days 00:00:55.405000,55.405,1960.457,0.0
2023-11-25 14:17:40.561,0 days 00:32:40.557000,5363.918828337552,-5306.557513013696,-233.1562685781616,,193.0,10014.0,0.0,1.0,8,6,3643.814444444444,0.6949690166119954,24.0,192.9094444444472,interpolation,0 days 00:00:55.505000,55.505,1960.557,0.0
2023-11-25 14:17:40.661,0 days 00:32:40.657000,5402.0,-5290.0,-234.0,,189.0,9771.666666666666,0.0,1.0,8,5,3648.3584693736666,0.6958356788925999,24.0,194.1279629629657,interpolation,0 days 00:00:55.605000,55.605,1960.657,0.0
2023-11-25 14:17:40.761,0 days 00:32:40.757000,5445.017583542642,-5269.804539271512,-235.11428017088355,,185.0,9529.333333333334,0.0,1.0,8,5,3653.204058422279,0.6967598571973306,24.0,195.34648148148423,interpolation,0 days 00:00:55.705000,55.705,1960.757,0.0
2023-11-25 14:17:40.861,0 days 00:32:40.857000,5493.0,-5243.0,-236.0,,181.0,9287.0,0.0,1.0,8,5,3657.892222222222,0.6976540104632111,24.0,196.5650000000028,interpolation,0 days 00:00:55.805000,55.805,1960.857,0.0
2023-11-25 14:17:40.961,0 days 00:32:40.957000,5545.975670406595,-5206.61525135724,-236.15805039653705,,177.0,9104.0,0.0,1.0,8,5,3662.346462153815,0.6985035484383768,24.0,198.2183333333361,interpolation,0 days 00:00:55.905000,55.905,1960.957,0.0
2023-11-25 14:17:41.061,0 days 00:32:41.057000,5594.0,-5169.0,-236.0,,173.0,8921.0,0.0,1.0,8,5,3666.615284139319,0.6993177224482201,24.0,199.87166666666948,interpolation,0 days 00:00:56.005000,56.005,1961.057,0.0
2023-11-25 14:17:41.161,0 days 00:32:41.157000,5627.128394017784,-5138.503952585057,-235.93741744989404,,169.0,8738.0,0.0,0.0,8,5,3670.9897222222216,0.700152040160896,24.0,201.5250000000028,car,0 days 00:00:56.105000,56.105,1961.157,0.0
2023-11-25 14:17:41.261,0 days 00:32:41.257000,5653.0,-5110.0,-236.0,,167.0,8727.0,17.0,0.0,8,5,3675.5182818280855,0.7010157528070642,24.0,203.77685185185464,interpolation,0 days 00:00:56.205000,56.205,1961.257,0.0
2023-11-25 14:17:41.361,0 days 00:32:41.357000,5679.253965486703,-5078.361033132423,-236.21744490409856,,165.0,8716.0,34.0,0.0,8,5,3680.24994562332,0.7019182026394714,24.0,206.02870370370647,interpolation,0 days 00:00:56.305000,56.305,1961.357,0.0
2023-11-25 14:17:41.461,0 days 00:32:41.457000,5710.0,-5032.0,-236.0,,163.0,8705.0,51.0,0.0,8,5,3685.478611111111,0.7029154434615948,24.0,208.2805555555583,interpolation,0 days 00:00:56.405000,56.405,1961.457,0.0
2023-11-25 14:17:41.561,0 days 00:32:41.557000,5746.0,-4967.0,-235.0,,164.0,8910.0,57.5,0.0,8,5,3691.253261459451,0.7040168176218469,24.0,210.91388888889173,interpolation,0 days 00:00:56.505000,56.505,1961.557,0.0
2023-11-25 14:17:41.661,0 days 00:32:41.657000,5767.166984269552,-4929.382177037856,-234.66997358794703,,165.0,9115.0,64.0,0.0,8,5,3696.478611111111,0.7050134260288431,24.0,213.5472222222252,interpolation,0 days 00:00:56.605000,56.605,1961.657,0.0
2023-11-25 14:17:41.761,0 days 00:32:41.757000,5772.824389281755,-4917.005266526576,-234.94688787123124,,166.66666666666666,9207.333333333334,68.66666666666667,0.0,8,5,3700.059374508861,0.7056963695911995,24.0,215.25833333333625,interpolation,0 days 00:00:56.705000,56.705,1961.757,0.0
2023-11-25 14:17:41.861,0 days 00:32:41.857000,5779.0,-4871.0,-234.0,,168.33333333333334,9299.666666666666,73.33333333333333,0.0,8,5,3702.609420626012,0.7061827288911507,24.0,216.9694444444473,interpolation,0 days 00:00:56.805000,56.805,1961.857,0.0
2023-11-25 14:17:41.961,0 days 00:32:41.957000,5788.365127595254,-4781.554782478575,-231.5241846037079,,170.0,9392.0,78.0,0.0,8,5,3707.811944444444,0.707174983825402,24.0,218.6805555555584,car,0 days 00:00:56.905000,56.905,1961.957,0.0
2023-11-25 14:17:42.061,0 days 00:32:42.057000,5796.0,-4690.0,-229.0,,171.0,9574.0,88.0,0.0,8,5,3715.411944444444,0.7086244990536826,24.0,222.2805555555583,interpolation,0 days 00:00:57.005000,57.005,1962.057,0.0
2023-11-25 14:17:42.161,0 days 00:32:42.157000,5796.984845146723,-4637.666038601972,-227.9080045065213,,173.66666666666666,9683.0,91.0,0.0,8,5,3720.196262075197,0.7095369913250916,24.0,223.9694444444472,interpolation,0 days 00:00:57.105000,57.105,1962.157,0.0
2023-11-25 14:17:42.261,0 days 00:32:42.257000,5791.874725633795,-4617.812810939788,-228.02368837358657,,176.33333333333334,9792.0,94.0,0.0,8,5,3722.255377910039,0.7099297176092227,24.0,225.65833333333603,interpolation,0 days 00:00:57.205000,57.205,1962.257,0.0
2023-11-25 14:17:42.361,0 days 00:32:42.357000,5784.0,-4590.0,-228.0,,179.0,9901.0,97.0,0.0,8,5,3727.3452777777775,0.7109004922630004,24.0,227.3472222222249,car,0 days 00:00:57.305000,57.305,1962.357,0.0
2023-11-25 14:17:42.461,0 days 00:32:42.457000,5773.9157251599,-4547.487587456047,-227.61243193504447,,183.0,10088.0,100.0,0.0,8,5,3735.478611111111,0.712451727858178,24.0,230.6361111111132,interpolation,0 days 00:00:57.405000,57.405,1962.457,0.0
2023-11-25 14:17:42.561,0 days 00:32:42.557000,5761.386509932434,-4492.346237622742,-226.8892444454772,,185.66666666666663,10225.333333333334,100.0,0.0,8,5,3740.975347229824,0.7135000966357985,24.0,232.16944444444667,interpolation,0 days 00:00:57.505000,57.505,1962.557,0.0
2023-11-25 14:17:42.661,0 days 00:32:42.657000,5745.0,-4437.0,-226.0,,188.33333333333331,10362.666666666666,100.0,0.0,8,5,3743.665812677442,0.7140132375091518,24.0,233.7027777777801,interpolation,0 days 00:00:57.605000,57.605,1962.657,0.0
2023-11-25 14:17:42.761,0 days 00:32:42.757000,5724.520801771124,-4383.519560106349,-224.972959154757,,191.0,10500.0,100.0,0.0,8,5,3748.211944444444,0.7148803016178412,24.0,235.2361111111136,car,0 days 00:00:57.705000,57.705,1962.757,0.0
2023-11-25 14:17:42.861,0 days 00:32:42.857000,5700.806213680479,-4332.554245324115,-223.86306784563251,,192.0,10631.0,100.0,0.0,8,5,3755.390728051068,0.7162494800597271,24.0,237.9972222222248,interpolation,0 days 00:00:57.805000,57.805,1962.857,0.0
2023-11-25 14:17:42.961,0 days 00:32:42.957000,5679.0,-4288.0,-223.0,,193.0,10762.0,100.0,0.0,8,5,3763.223055555555,0.7177433061111265,24.0,240.75833333333597,interpolation,0 days 00:00:57.905000,57.905,1962.957,0.0
2023-11-25 14:17:43.061,0 days 00:32:43.057000,5659.959450385675,-4250.506144867253,-222.4387009911004,,196.0,10900.0,100.0,0.0,8,5,3769.729819016152,0.7189843130483572,24.0,242.333333333336,interpolation,0 days 00:00:58.005000,58.005,1963.057,0.0
2023-11-25 14:17:43.161,0 days 00:32:43.157000,5643.684564837502,-4220.072679925877,-222.17917081893364,,199.0,11038.0,100.0,0.0,8,5,3774.911018432855,0.7199725008714192,24.0,243.90833333333603,interpolation,0 days 00:00:58.105000,58.105,1963.157,0.0
2023-11-25 14:17:43.261,0 days 00:32:43.257000,5619.567396870577,-4183.352875021561,-222.08005523730003,,202.0,11176.0,100.0,0.0,8,5,3779.3732364109096,0.7208235604649846,24.0,245.48333333333608,interpolation,0 days 00:00:58.205000,58.205,1963.257,0.0
2023-11-25 14:17:43.361,0 days 00:32:43.357000,5577.0,-4127.0,-222.0,,205.0,11314.0,100.0,0.0,8,5,3783.723055555555,0.7216531827137255,24.0,247.0583333333361,interpolation,0 days 00:00:58.305000,58.305,1963.357,0.0
2023-11-25 14:17:43.461,0 days 00:32:43.457000,5518.0,-4055.0,-222.0,,207.5,11415.25,100.0,0.0,8,5,3787.960475866793,0.722461367617642,24.0,248.4333333333361,interpolation,0 days 00:00:58.405000,58.405,1963.457,0.0
2023-11-25 14:17:43.561,0 days 00:32:43.557000,5454.673089534714,-3991.268423406577,-222.44602272134264,,210.0,11516.5,100.0,0.0,8,5,3792.085497344623,0.723248115176734,24.0,249.8083333333361,interpolation,0 days 00:00:58.505000,58.505,1963.557,0.0
2023-11-25 14:17:43.661,0 days 00:32:43.657000,5399.0,-3942.0,-223.0,,212.5,11617.75,100.0,0.0,8,5,3797.404297927919,0.7242625470769544,24.0,251.1833333333361,interpolation,0 days 00:00:58.605000,58.605,1963.657,0.0
2023-11-25 14:17:43.761,0 days 00:32:43.757000,5360.943857677871,-3909.403555237602,-223.26286940356235,,215.0,11719.0,100.0,0.0,8,5,3805.223055555555,0.7257537850042562,24.0,252.5583333333361,car,0 days 00:00:58.705000,58.705,1963.757,0.0
2023-11-25 14:17:43.861,0 days 00:32:43.857000,5340.504662568326,-3893.4790891193834,-223.23463093202952,,215.0,12010.0,100.0,0.0,8,5,3814.778611111111,0.7275762749111588,24.0,255.13611111111368,interpolation,0 days 00:00:58.805000,58.805,1963.857,0.0
2023-11-25 14:17:43.961,0 days 00:32:43.957000,5319.563136174619,-3883.815078441473,-223.089076994482,,216.0,11870.0,98.0,0.0,8,5,3821.492033340233,0.7288566969841839,24.0,256.7194444444474,interpolation,0 days 00:00:58.905000,58.905,1963.957,0.0
2023-11-25 14:17:44.061,0 days 00:32:44.057000,5280.0,-3870.0,-223.0,,217.0,11730.0,96.0,0.0,8,5,3826.834166666666,0.7298755790378905,24.0,258.3027777777811,interpolation,0 days 00:00:59.005000,59.005,1964.057,0.0
2023-11-25 14:17:44.161,0 days 00:32:44.157000,5221.815254044475,-3852.033853794968,-222.96739994858365,,218.5,11030.0,98.0,0.0,8,5,3833.039006815865,0.7310590014438523,24.0,259.858333333337,interpolation,0 days 00:00:59.105000,59.105,1964.157,0.0
2023-11-25 14:17:44.261,0 days 00:32:44.257000,5149.388809614675,-3831.2890491670464,-222.9833178491832,,220.0,10330.0,100.0,0.0,8,5,3839.056388888888,0.7322066707792775,24.0,261.41388888889287,interpolation,0 days 00:00:59.205000,59.205,1964.257,0.0
2023-11-25 14:17:44.361,0 days 00:32:44.357000,5089.0,-3816.0,-223.0,,222.0,10404.0,100.0,0.0,8,5,3843.8361479868,0.7331182936213742,24.0,262.5472222222261,interpolation,0 days 00:00:59.305000,59.305,1964.357,0.0
2023-11-25 14:17:44.461,0 days 00:32:44.457000,5045.028691657022,-3807.539101581102,-223.009487491484,,224.0,10478.0,100.0,0.0,8,5,3847.871647826749,0.7338879671044966,24.0,263.6805555555593,interpolation,0 days 00:00:59.405000,59.405,1964.457,0.0
2023-11-25 14:17:44.561,0 days 00:32:44.557000,4975.0,-3800.0,-223.0,,226.0,10552.0,100.0,0.0,8,6,3854.123055555555,0.7350802711441144,24.0,264.8138888888925,car,0 days 00:00:59.505000,59.505,1964.557,0.0
2023-11-25 14:17:44.661,0 days 00:32:44.657000,4836.439040443191,-3787.4763413463434,-222.95975720191277,,227.5,10601.0,100.0,0.0,8,6,3863.083729838351,0.7367893019110323,24.0,266.7583333333371,interpolation,0 days 00:00:59.605000,59.605,1964.657,0.0
2023-11-25 14:17:44.761,0 days 00:32:44.757000,4695.0,-3774.0,-223.0,,229.0,10650.0,100.0,0.0,8,6,3871.9341666666655,0.7384773075636083,24.0,268.70277777778165,interpolation,0 days 00:00:59.705000,59.705,1964.757,0.0
2023-11-25 14:17:44.861,0 days 00:32:44.857000,4616.33706568384,-3763.602850340844,-223.23196929703943,,232.5,10799.0,100.0,0.0,8,6,3877.854862032029,0.7396065362602011,24.0,269.6805555555593,interpolation,0 days 00:00:59.805000,59.805,1964.857,0.0
2023-11-25 14:17:44.961,0 days 00:32:44.957000,4591.301433674665,-3755.835324338506,-223.6255443749574,,236.0,10948.0,100.0,0.0,8,6,3882.4230555555546,0.7404778081125805,24.0,270.65833333333694,interpolation,0 days 00:00:59.905000,59.905,1964.957,0.0
2023-11-25 14:17:45.061,0 days 00:32:45.057000,4565.0,-3748.0,-224.0,,237.5,10973.5,100.0,0.0,8,6,3887.215986858352,0.7413919432325158,24.0,271.5751388888923,interpolation,0 days 00:01:00.005000,60.005,1965.057,0.0
2023-11-25 14:17:45.161,0 days 00:32:45.157000,4528.283867155573,-3739.647304691357,-224.3252151456558,,239.0,10999.0,100.0,0.0,8,6,3893.1116666666658,0.7425164008197812,24.0,272.49194444444765,interpolation,0 days 00:01:00.105000,60.105,1965.157,0.0
2023-11-25 14:17:45.261,0 days 00:32:45.257000,4480.641088509786,-3730.733927024335,-224.6203094328743,,241.0,11048.5,100.0,0.0,8,6,3900.988105706738,0.7440186400741509,24.0,273.6919444444479,interpolation,0 days 00:01:00.205000,60.205,1965.257,0.0
2023-11-25 14:17:45.361,0 days 00:32:45.357000,4419.0,-3721.0,-225.0,,243.0,11098.0,100.0,0.0,8,6,3909.3116666666656,0.7456061569642741,24.0,274.8919444444482,interpolation,0 days 00:01:00.305000,60.305,1965.357,0.0
2023-11-25 14:17:45.461,0 days 00:32:45.457000,4342.848660236927,-3710.402212673617,-225.48340627219844,,244.66666666666663,11194.0,100.0,0.0,8,6,3916.5487122345457,0.7469864474588008,24.0,275.69564814815186,interpolation,0 days 00:01:00.405000,60.405,1965.457,0.0
2023-11-25 14:17:45.561,0 days 00:32:45.557000,4257.0,-3700.0,-226.0,,246.33333333333331,11290.0,100.0,0.0,8,6,3922.7922752440913,0.748177255308941,24.0,276.4993518518556,interpolation,0 days 00:01:00.505000,60.505,1965.557,0.0
2023-11-25 14:17:45.661,0 days 00:32:45.657000,4166.266950068657,-3690.852796933964,-226.47925293393516,,248.0,11386.0,100.0,0.0,8,6,3928.6005555555535,0.7492850435670448,24.0,277.30305555555924,interpolation,0 days 00:01:00.605000,60.605,1965.657,0.0
2023-11-25 14:17:45.761,0 days 00:32:45.757000,4077.0,-3683.0,-227.0,,250.0,11455.333333333334,100.0,0.0,8,6,3934.0665869553095,0.7503275561660192,24.0,277.89935185185533,interpolation,0 days 00:01:00.705000,60.705,1965.757,0.0
2023-11-25 14:17:45.861,0 days 00:32:45.857000,3995.54963935113,-3676.481005722602,-227.64107612419087,,252.0,11524.666666666666,100.0,0.0,8,6,3939.677505338488,0.7513977024345792,24.0,278.4956481481515,interpolation,0 days 00:01:00.805000,60.805,1965.857,0.0
2023-11-25 14:17:45.961,0 days 00:32:45.957000,3921.238238622503,-3671.135322967636,-228.3709019090824,,254.0,11594.0,100.0,0.0,8,6,3948.35611111111,0.7530529354908503,24.0,279.0919444444476,interpolation,0 days 00:01:00.905000,60.905,1965.957,0.0
2023-11-25 14:17:46.061,0 days 00:32:46.057000,3850.0,-3666.0,-229.0,,257.0,11727.0,100.0,0.0,8,6,3959.778333333332,0.755231446681892,24.0,278.95861111111435,interpolation,0 days 00:01:01.005000,61.005,1966.057,0.0
2023-11-25 14:17:46.161,0 days 00:32:46.157000,3781.157287045117,-3660.9145440421257,-229.4967906761437,,257.6666666666667,11771.666666666666,100.0,0.0,8,6,3969.0769858448216,0.7570049385789833,24.0,277.5660185185216,interpolation,0 days 00:01:01.105000,61.105,1966.157,0.0
2023-11-25 14:17:46.261,0 days 00:32:46.257000,3716.192500580185,-3656.0019296075793,-229.85089059272624,,258.3333333333333,11816.333333333334,100.0,0.0,8,6,3975.877604867343,0.7583019913204149,24.0,276.1734259259288,interpolation,0 days 00:01:01.205000,61.205,1966.257,0.0
2023-11-25 14:17:46.361,0 days 00:32:46.357000,3664.0,-3652.0,-230.0,,259.0,11861.0,100.0,0.0,8,6,3982.800555555554,0.759622375852941,24.0,274.780833333336,interpolation,0 days 00:01:01.305000,61.305,1966.357,0.0
2023-11-25 14:17:46.461,0 days 00:32:46.457000,3626.062170947192,-3649.0317284737034,-229.9337356595028,,261.0,11596.0,100.0,0.0,8,6,3990.2825631991927,0.7610493869078838,24.0,272.72527777778055,interpolation,0 days 00:01:01.405000,61.405,1966.457,0.0
2023-11-25 14:17:46.561,0 days 00:32:46.557000,3577.0,-3645.0,-230.0,,263.0,11331.0,100.0,0.0,8,6,3997.4116666666655,0.7624090900710535,24.0,270.6697222222251,interpolation,0 days 00:01:01.505000,61.505,1966.557,0.0
2023-11-25 14:17:46.661,0 days 00:32:46.657000,3491.4344737366696,-3637.807699550208,-230.5466954502571,,263.5,11051.0,100.0,0.0,8,6,4003.2759048263815,0.7635275509282604,24.0,269.0030555555581,interpolation,0 days 00:01:01.605000,61.605,1966.657,0.0
2023-11-25 14:17:46.761,0 days 00:32:46.757000,3377.499636030503,-3628.239115255905,-231.4536691226139,,264.0,10771.0,100.0,0.0,8,6,4009.144999999999,0.7646469381427851,24.0,267.3363888888912,interpolation,0 days 00:01:01.705000,61.705,1966.757,0.0
2023-11-25 14:17:46.861,0 days 00:32:46.857000,3284.0,-3621.0,-232.0,,265.0,10771.333333333334,100.0,0.0,8,7,4016.288674509178,0.766009420377908,24.0,264.4326851851876,interpolation,0 days 00:01:01.805000,61.805,1966.857,0.0
2023-11-25 14:17:46.961,0 days 00:32:46.957000,3219.069692811501,-3616.8746499452272,-232.06553396438352,,266.0,10771.666666666666,100.0,0.0,8,7,4024.537881353057,0.7675827560280976,24.0,261.528981481484,interpolation,0 days 00:01:01.905000,61.905,1966.957,0.0
2023-11-25 14:17:47.061,0 days 00:32:47.057000,3182.708714465003,-3615.863065091584,-231.65027101576425,,267.0,10772.0,100.0,0.0,8,7,4032.8783333333326,0.7691734944696966,24.0,258.6252777777804,interpolation,0 days 00:01:02.005000,62.005,1967.057,0.0
2023-11-25 14:17:47.161,0 days 00:32:47.157000,3141.993378886005,-3610.669947692149,-231.1598725592629,,268.0,10802.333333333334,100.0,0.0,8,7,4041.140981718095,0.7707493937670178,24.0,254.35861111111367,interpolation,0 days 00:01:02.105000,62.105,1967.157,0.0
2023-11-25 14:17:47.261,0 days 00:32:47.257000,3064.0,-3594.0,-231.0,,269.0,10832.666666666666,100.0,0.0,8,7,4049.264211367281,0.7722987023300855,24.0,250.09194444444697,interpolation,0 days 00:01:02.205000,62.205,1967.257,0.0
2023-11-25 14:17:47.361,0 days 00:32:47.357000,2948.7285778069886,-3565.853222015134,-231.1706533379755,,270.0,10863.0,100.0,0.0,8,7,4056.8783333333326,0.7737509109800564,24.0,245.82527777778023,interpolation,0 days 00:01:02.305000,62.305,1967.357,0.0
2023-11-25 14:17:47.461,0 days 00:32:47.457000,2835.0,-3535.0,-232.0,,270.75,10890.5,100.0,0.0,8,7,4063.921733107124,0.7750942682472904,24.0,241.9111805555582,interpolation,0 days 00:01:02.405000,62.405,1967.457,0.0
2023-11-25 14:17:47.561,0 days 00:32:47.557000,2761.6351542720627,-3510.210720217043,-233.8162074128842,,271.5,10918.0,100.0,0.0,8,7,4070.394410688656,0.7763287741317879,24.0,237.99708333333612,interpolation,0 days 00:01:02.505000,62.505,1967.557,0.0
2023-11-25 14:17:47.661,0 days 00:32:47.657000,2722.634391360739,-3490.282713300316,-236.2404737846299,,272.25,10945.5,100.0,0.0,8,7,4076.9150912591926,0.7775724354193863,24.0,234.0829861111141,interpolation,0 days 00:01:02.605000,62.605,1967.657,0.0
2023-11-25 14:17:47.761,0 days 00:32:47.757000,2682.0,-3468.0,-237.0,,273.0,10973.0,100.0,0.0,8,7,4084.102499999999,0.7789432588959226,24.0,230.16888888889207,interpolation,0 days 00:01:02.705000,62.705,1967.757,0.0
2023-11-25 14:17:47.861,0 days 00:32:47.857000,2633.7323923635013,-3442.159923265418,-235.7159881459069,,274.0,10996.333333333334,100.0,0.0,8,7,4091.956636911075,0.7804412445613971,24.0,225.191111111114,interpolation,0 days 00:01:02.805000,62.805,1967.857,0.0
2023-11-25 14:17:47.961,0 days 00:32:47.957000,2575.354073767429,-3410.7838587954693,-232.94206408493105,,275.0,11019.666666666666,100.0,0.0,8,7,4100.363139948255,0.7820445806362627,24.0,220.21333333333587,interpolation,0 days 00:01:02.905000,62.905,1967.957,0.0
2023-11-25 14:17:48.061,0 days 00:32:48.057000,2492.0,-3362.0,-232.0,,276.0,11043.0,100.0,0.0,8,7,4108.635833333333,0.7836223957731796,24.0,215.23555555555777,interpolation,0 days 00:01:03.005000,63.005,1968.057,0.0
2023-11-25 14:17:48.161,0 days 00:32:48.157000,2391.0,-3300.0,-233.0,,276.0,11086.5,100.0,0.0,8,7,4116.660353851068,0.7851528779692465,24.0,210.51333333333517,interpolation,0 days 00:01:03.105000,63.105,1968.157,0.0
2023-11-25 14:17:48.261,0 days 00:32:48.257000,2331.1984690038757,-3261.8058344475257,-233.28148592568232,,276.0,11130.0,100.0,0.0,8,7,4123.969166666667,0.7865468563214651,24.0,205.7911111111125,interpolation,0 days 00:01:03.205000,63.205,1968.257,0.0
2023-11-25 14:17:48.361,0 days 00:32:48.357000,2291.0,-3234.0,-233.0,,277.0,11130.0,100.0,0.0,8,7,4130.09473694533,0.7877151599268369,24.0,201.96888888889043,interpolation,0 days 00:01:03.305000,63.305,1968.357,0.0
2023-11-25 14:17:48.461,0 days 00:32:48.457000,2239.001736556705,-3196.994632447363,-232.754516409478,,278.0,11130.0,100.0,0.0,8,7,4136.324722222222,0.7889033781545762,24.0,198.14666666666835,interpolation,0 days 00:01:03.405000,63.405,1968.457,0.0
2023-11-25 14:17:48.561,0 days 00:32:48.557000,2175.2036786739923,-3150.7897317896163,-232.5450351541165,,278.5,11180.0,100.0,0.0,8,7,4143.946780032506,0.7903571003738976,24.0,193.2855555555575,interpolation,0 days 00:01:03.505000,63.505,1968.557,0.0
2023-11-25 14:17:48.661,0 days 00:32:48.657000,2107.8037814542827,-3099.439965237061,-232.31303632169676,,279.0,11230.0,100.0,0.0,8,7,4151.824722222222,0.791859626317517,24.0,188.42444444444664,interpolation,0 days 00:01:03.605000,63.605,1968.657,0.0
2023-11-25 14:17:48.761,0 days 00:32:48.757000,2045.0,-3047.0,-232.0,,279.0,11239.8,100.0,0.0,8,7,4158.822360637415,0.7931942557181519,24.0,183.94444444444653,interpolation,0 days 00:01:03.705000,63.705,1968.757,0.0
2023-11-25 14:17:48.861,0 days 00:32:48.857000,1986.792334311144,-2993.4698360784328,-231.6059261890264,,279.0,11249.6,100.0,0.0,8,7,4164.939695278084,0.7943609885758017,24.0,179.46444444444643,interpolation,0 days 00:01:03.805000,63.805,1968.857,0.0
2023-11-25 14:17:48.961,0 days 00:32:48.957000,1933.2735229345312,-2939.0562603018825,-231.17807404976975,,279.0,11259.4,100.0,0.0,8,7,4170.617318166329,0.7954438571069788,24.0,174.9844444444463,interpolation,0 days 00:01:03.905000,63.905,1968.957,0.0
2023-11-25 14:17:49.061,0 days 00:32:49.057000,1885.0,-2885.0,-231.0,,279.0,11269.2,100.0,0.0,8,7,4178.498794969779,0.7969470571922344,24.0,170.5044444444462,interpolation,0 days 00:01:04.005000,64.005,1969.057,0.0
2023-11-25 14:17:49.161,0 days 00:32:49.157000,1842.064505004016,-2831.507844119817,-231.1189636846473,,279.0,11279.0,100.0,0.0,8,7,4189.024722222222,0.798954621908575,24.0,166.0244444444461,car,0 days 00:01:04.105000,64.105,1969.157,0.0
2023-11-25 14:17:49.261,0 days 00:32:49.257000,1803.777302389212,-2776.666914396004,-231.50740898107676,,278.0,11152.0,100.0,0.0,8,7,4201.380277777777,0.8013111437416861,24.0,158.82444444444627,interpolation,0 days 00:01:04.205000,64.205,1969.257,0.0
2023-11-25 14:17:49.361,0 days 00:32:49.357000,1766.0,-2709.0,-232.0,,278.0,11008.666666666666,99.66666666666669,0.0,8,7,4210.676553792431,0.8030841823797835,24.0,154.75407407407602,interpolation,0 days 00:01:04.305000,64.305,1969.357,0.0
2023-11-25 14:17:49.461,0 days 00:32:49.457000,1728.0428693418694,-2626.5942422542485,-232.56918090095547,,278.0,10865.333333333334,99.33333333333331,0.0,8,7,4216.693813407163,0.8042318283592668,24.0,150.68370370370576,interpolation,0 days 00:01:04.405000,64.405,1969.457,0.0
2023-11-25 14:17:49.561,0 days 00:32:49.557000,1694.0,-2539.0,-233.0,,278.0,10722.0,99.0,0.0,8,7,4223.0025,0.8054350569496307,24.0,146.6133333333355,interpolation,0 days 00:01:04.505000,64.505,1969.557,0.0
2023-11-25 14:17:49.661,0 days 00:32:49.657000,1667.9654815595711,-2455.767632078506,-233.0775056131904,,271.0,10507.5,50.0,1.0,8,7,4230.1976844205055,0.8068073634480268,24.0,142.80777777777985,interpolation,0 days 00:01:04.605000,64.605,1969.657,0.0
2023-11-25 14:17:49.761,0 days 00:32:49.757000,1648.0,-2380.0,-233.0,,264.0,10293.0,1.0,1.0,8,7,4237.669166666667,0.8082323670392951,24.0,139.0022222222242,interpolation,0 days 00:01:04.705000,64.705,1969.757,0.0
2023-11-25 14:17:49.861,0 days 00:32:49.857000,1632.1642413007037,-2314.79996527472,-232.96578541990243,,251.0,9700.666666666666,0.6666666666666667,1.0,8,7,4244.806746736471,0.8095936869082757,24.0,136.57259259259445,interpolation,0 days 00:01:04.805000,64.805,1969.857,0.0
2023-11-25 14:17:49.961,0 days 00:32:49.957000,1620.4582054616824,-2260.167527902665,-232.9748618728977,,238.0,9108.333333333334,0.3333333333333333,1.0,8,7,4251.564754376879,0.8108826125645399,24.0,134.1429629629647,interpolation,0 days 00:01:04.905000,64.905,1969.957,0.0
2023-11-25 14:17:50.061,0 days 00:32:50.057000,1611.273066891819,-2211.951326579277,-232.99650738944408,,225.0,8516.0,0.0,1.0,8,7,4257.669166666667,0.8120468807979284,24.0,131.71333333333496,interpolation,0 days 00:01:05.005000,65.005,1970.057,0.0
2023-11-25 14:17:50.161,0 days 00:32:50.157000,1603.0,-2166.0,-233.0,,213.6,8530.6,0.0,1.0,8,7,4263.074312885132,0.8130777810288162,24.0,131.2066666666682,interpolation,0 days 00:01:05.105000,65.105,1970.157,0.0
2023-11-25 14:17:50.261,0 days 00:32:50.257000,1595.6390047862233,-2122.3135481648324,-232.9853397045655,,202.2,8545.2,0.0,1.0,8,7,4267.780193032274,0.8139753132572038,24.0,130.70000000000147,interpolation,0 days 00:01:05.205000,65.205,1970.257,0.0
2023-11-25 14:17:50.361,0 days 00:32:50.357000,1589.0,-2076.0,-233.0,,190.8,8559.8,0.0,1.0,8,7,4271.881483905132,0.8147575347803377,24.0,130.1933333333347,interpolation,0 days 00:01:05.305000,65.305,1970.357,0.0
2023-11-25 14:17:50.461,0 days 00:32:50.457000,1582.892904390843,-2022.167384431728,-233.09145438316312,,179.4,8574.4,0.0,1.0,8,7,4275.946249194419,0.8155327899364175,24.0,129.68666666666795,interpolation,0 days 00:01:05.405000,65.405,1970.457,0.0
2023-11-25 14:17:50.561,0 days 00:32:50.557000,1578.0,-1970.0,-233.0,,168.0,8589.0,0.0,1.0,8,7,4280.069166666667,0.8163191362075978,24.0,129.1800000000012,interpolation,0 days 00:01:05.505000,65.505,1970.557,0.0
2023-11-25 14:17:50.661,0 days 00:32:50.657000,1575.0035688687208,-1928.6821452447996,-232.46593399645576,,159.5,8869.0,0.0,1.0,8,7,4284.250236321879,0.8171165735938783,24.0,129.1800000000012,interpolation,0 days 00:01:05.605000,65.605,1970.657,0.0
2023-11-25 14:17:50.761,0 days 00:32:50.757000,1574.0,-1882.0,-232.0,,151.0,9149.0,0.0,1.0,8,7,4288.458055555556,0.8179191128119133,24.0,129.1800000000012,interpolation,0 days 00:01:05.705000,65.705,1970.757,0.0
2023-11-25 14:17:50.861,0 days 00:32:50.857000,1575.0,-1818.0,-232.0,,144.33333333333334,8592.333333333334,0.0,1.0,8,5,4292.661221763199,0.8187207645783574,24.0,129.65407407407534,interpolation,0 days 00:01:05.805000,65.805,1970.857,0.0
2023-11-25 14:17:50.961,0 days 00:32:50.957000,1577.4894771198738,-1762.2435497733352,-231.7882876373971,,137.66666666666666,8035.666666666666,0.0,1.0,8,5,4296.754058072146,0.8195013735989728,24.0,130.1281481481495,interpolation,0 days 00:01:05.905000,65.905,1970.957,0.0
2023-11-25 14:17:51.061,0 days 00:32:51.057000,1581.1961027407642,-1718.5195338239198,-231.31959995276335,,131.0,7479.0,0.0,1.0,8,5,4300.1025,0.8201400074891619,24.0,130.60222222222365,interpolation,0 days 00:01:06.005000,66.005,1971.057,0.0
2023-11-25 14:17:51.161,0 days 00:32:51.157000,1585.0,-1684.0,-231.0,,128.0,7380.0,0.0,1.0,8,4,4302.600869591961,0.8206165107482962,24.0,131.0688888888902,interpolation,0 days 00:01:06.105000,66.105,1971.157,0.0
2023-11-25 14:17:51.261,0 days 00:32:51.257000,1588.7145237094296,-1658.2136253561316,-230.89716460825056,,125.0,7281.0,0.0,1.0,8,4,4304.60343934229,0.8209984522415585,24.0,131.53555555555673,interpolation,0 days 00:01:06.205000,66.205,1971.257,0.0
2023-11-25 14:17:51.361,0 days 00:32:51.357000,1592.4646233893495,-1639.844819537484,-230.9731175173864,,122.0,7182.0,0.0,1.0,8,4,4308.235833333333,0.8216912430843395,24.0,132.00222222222328,car,0 days 00:01:06.305000,66.305,1971.357,0.0
2023-11-25 14:17:51.461,0 days 00:32:51.457000,1597.0,-1621.0,-231.0,,116.0,6905.0,0.0,1.0,8,4,4313.391388888888,0.8226745399643426,24.0,133.1133333333355,interpolation,0 days 00:01:06.405000,66.405,1971.457,0.0
2023-11-25 14:17:51.561,0 days 00:32:51.557000,1602.445604341167,-1600.3635629171347,-230.93983540708396,,114.0,6855.333333333333,0.0,0.0,8,4,4317.304530912311,0.8234208766687343,24.0,133.91990740740948,interpolation,0 days 00:01:06.505000,66.505,1971.557,0.0
2023-11-25 14:17:51.661,0 days 00:32:51.657000,1609.1272712789132,-1577.8559706712608,-230.8416944622809,,112.0,6805.666666666667,0.0,0.0,8,4,4319.7317451124045,0.8238838087668046,24.0,134.72648148148346,interpolation,0 days 00:01:06.605000,66.605,1971.657,0.0
2023-11-25 14:17:51.761,0 days 00:32:51.757000,1619.0,-1553.0,-231.0,,110.0,6756.0,0.0,0.0,8,4,4321.977499999999,0.824312131912667,24.0,135.53305555555744,interpolation,0 days 00:01:06.705000,66.705,1971.757,0.0
2023-11-25 14:17:51.861,0 days 00:32:51.857000,1632.389622033959,-1525.716114100187,-231.4638222414023,,108.5,6697.0,0.0,0.0,8,4,4324.259205880423,0.8247473118363685,24.0,136.35527777777952,interpolation,0 days 00:01:06.805000,66.805,1971.857,0.0
2023-11-25 14:17:51.961,0 days 00:32:51.957000,1649.0,-1499.0,-232.0,,107.0,6638.0,0.0,0.0,8,4,4326.7330555555545,0.8252191385174975,24.0,137.1775000000016,interpolation,0 days 00:01:06.905000,66.905,1971.957,0.0
2023-11-25 14:17:52.061,0 days 00:32:52.057000,1668.5349965173332,-1475.847344727617,-232.37537208930524,,106.0,6612.333333333333,9.333333333333334,0.0,8,4,4329.555241827274,0.8257574019356423,24.0,138.51083333333494,interpolation,0 days 00:01:07.005000,67.005,1972.057,0.0
2023-11-25 14:17:52.161,0 days 00:32:52.157000,1691.285850013431,-1456.1212142319675,-232.6295273452945,,105.0,6586.666666666667,18.666666666666668,0.0,8,4,4332.696084334613,0.8263564412835397,24.0,139.84416666666826,interpolation,0 days 00:01:07.105000,67.105,1972.157,0.0
2023-11-25 14:17:52.261,0 days 00:32:52.257000,1719.0,-1439.0,-233.0,,104.0,6561.0,28.0,0.0,8,4,4335.977499999999,0.8269822915437102,24.0,141.1775000000016,interpolation,0 days 00:01:07.205000,67.205,1972.257,0.0
2023-11-25 14:17:52.361,0 days 00:32:52.357000,1751.9686878868097,-1424.3467665784317,-233.52637929479008,,105.0,6730.75,31.5,0.0,8,4,4339.369808158541,0.827629291850924,24.0,142.8275000000017,interpolation,0 days 00:01:07.305000,67.305,1972.357,0.0
2023-11-25 14:17:52.461,0 days 00:32:52.457000,1785.0,-1413.0,-234.0,,106.0,6900.5,35.0,0.0,8,4,4342.873008810235,0.8282974422051812,24.0,144.47750000000178,interpolation,0 days 00:01:07.405000,67.405,1972.457,0.0
2023-11-25 14:17:52.561,0 days 00:32:52.557000,1812.9020226657112,-1405.7981862974427,-234.2121968859653,,107.0,7070.25,38.5,0.0,8,4,4346.228455056811,0.8289374119988773,24.0,146.12750000000187,interpolation,0 days 00:01:07.505000,67.505,1972.557,0.0
2023-11-25 14:17:52.661,0 days 00:32:52.657000,1837.0838496208896,-1402.3158331828677,-234.1793789864551,,108.0,7240.0,42.0,0.0,8,4,4349.177499999999,0.8294998706244081,24.0,147.77750000000196,interpolation,0 days 00:01:07.605000,67.605,1972.657,0.0
2023-11-25 14:17:52.761,0 days 00:32:52.757000,1866.0,-1400.0,-234.0,,110.0,7377.0,50.0,0.0,8,4,4351.720143639797,0.8299848180817737,24.0,148.88861111111282,interpolation,0 days 00:01:07.705000,67.705,1972.757,0.0
2023-11-25 14:17:52.861,0 days 00:32:52.857000,1901.059553110942,-1398.4251988179665,-233.69046879234145,,112.0,7514.0,58.0,0.0,8,4,4354.155277777777,0.8304492607154458,24.0,149.99972222222368,interpolation,0 days 00:01:07.805000,67.805,1972.857,0.0
2023-11-25 14:17:52.961,0 days 00:32:52.957000,1940.8615284548207,-1397.6471302848192,-233.2862352743196,,115.33333333333331,7700.333333333333,63.0,0.0,8,4,4356.781794215511,0.8309502048698965,24.0,151.11453703703833,interpolation,0 days 00:01:07.905000,67.905,1972.957,0.0
2023-11-25 14:17:53.061,0 days 00:32:53.057000,1977.0,-1398.0,-233.0,,118.66666666666669,7886.666666666667,68.0,0.0,8,4,4359.714714754097,0.8315095881572672,24.0,152.229351851853,interpolation,0 days 00:01:08.005000,68.005,1973.057,0.0
2023-11-25 14:17:53.161,0 days 00:32:53.157000,2008.0739729014724,-1399.5395091819396,-232.867213243232,,122.0,8073.0,73.0,0.0,8,4,4363.644166666666,0.8322590355764863,24.0,153.34416666666766,interpolation,0 days 00:01:08.105000,68.105,1973.157,0.0
2023-11-25 14:17:53.261,0 days 00:32:53.257000,2034.083447159236,-1402.2656578306369,-232.88787500401529,,126.0,8406.5,76.0,0.0,8,4,4368.685170576498,0.8332204845150554,24.0,154.31638888888983,interpolation,0 days 00:01:08.205000,68.205,1973.257,0.0
2023-11-25 14:17:53.361,0 days 00:32:53.357000,2064.301197837382,-1405.858977564016,-232.96459926279093,,130.0,8740.0,79.0,0.0,8,4,4373.755277777777,0.8341874841989064,24.0,155.288611111112,interpolation,0 days 00:01:08.305000,68.305,1973.357,0.0
2023-11-25 14:17:53.461,0 days 00:32:53.457000,2108.0,-1410.0,-233.0,,134.5,8973.5,80.5,0.0,8,4,4377.772039564685,0.8349535838539719,24.0,155.64972222222286,interpolation,0 days 00:01:08.405000,68.405,1973.457,0.0
2023-11-25 14:17:53.561,0 days 00:32:53.557000,2165.1798536470906,-1414.68872513859,-232.9940772156424,,139.0,9207.0,82.0,0.0,8,4,4381.4775,0.835660310344601,24.0,156.01083333333372,interpolation,0 days 00:01:08.505000,68.505,1973.557,0.0
2023-11-25 14:17:53.661,0 days 00:32:53.657000,2221.0,-1419.0,-233.0,,143.5,9449.0,81.5,0.0,8,4,4385.613703146504,0.836449190535143,24.0,156.01083333333372,interpolation,0 days 00:01:08.605000,68.605,1973.657,0.0
2023-11-25 14:17:53.761,0 days 00:32:53.757000,2260.619680280076,-1422.008671604446,-233.0709374433546,,148.0,9691.0,81.0,0.0,8,4,4389.699722222223,0.8372284993342615,24.0,156.01083333333372,interpolation,0 days 00:01:08.705000,68.705,1973.757,0.0
2023-11-25 14:17:53.861,0 days 00:32:53.857000,2284.038894487319,-1423.7147399519276,-233.20688954570625,,150.0,9721.0,66.5,0.0,8,4,4393.254630445185,0.8379065116506199,24.0,155.96638888888947,interpolation,0 days 00:01:08.805000,68.805,1973.857,0.0
2023-11-25 14:17:53.961,0 days 00:32:53.957000,2308.188661450902,-1419.063438323445,-233.23939687520476,,152.0,9751.0,52.0,0.0,8,4,4396.455277777778,0.8385169573149553,24.0,155.92194444444522,interpolation,0 days 00:01:08.905000,68.905,1973.957,0.0
2023-11-25 14:17:54.061,0 days 00:32:54.057000,2350.0,-1403.0,-233.0,,151.0,9629.75,39.0,0.0,8,4,4399.478514182394,0.8390935661580056,24.0,156.09694444444517,interpolation,0 days 00:01:09.005000,69.005,1974.057,0.0
2023-11-25 14:17:54.161,0 days 00:32:54.157000,2409.472910134613,-1375.5244249815914,-232.488698920092,,150.0,9508.5,26.0,0.0,8,4,4402.324339659031,0.8396363381797706,24.0,156.27194444444513,interpolation,0 days 00:01:09.105000,69.105,1974.157,0.0
2023-11-25 14:17:54.261,0 days 00:32:54.257000,2468.0,-1346.0,-232.0,,149.0,9387.25,13.0,0.0,8,4,4405.935634195041,0.840325104814475,24.0,156.44694444444508,interpolation,0 days 00:01:09.205000,69.205,1974.257,0.0
2023-11-25 14:17:54.361,0 days 00:32:54.357000,2506.9738777414195,-1323.7900117870067,-231.8284096042432,,148.0,9266.0,0.0,0.0,8,4,4411.255277777778,0.841339697496344,24.0,156.62194444444503,interpolation,0 days 00:01:09.305000,69.305,1974.357,0.0
2023-11-25 14:17:54.461,0 days 00:32:54.457000,2526.394543358872,-1308.894460342612,-231.97392773282144,,145.0,8986.0,0.0,0.0,8,4,4417.659444444445,0.8425611365894731,24.0,157.2844444444445,interpolation,0 days 00:01:09.405000,69.405,1974.457,0.0
2023-11-25 14:17:54.561,0 days 00:32:54.557000,2538.117937296888,-1296.5516787269112,-232.13248199498895,,144.0,8859.5,0.0,1.0,8,4,4421.405197582131,0.8432755479334805,24.0,157.66222222222223,interpolation,0 days 00:01:09.505000,69.505,1974.557,0.0
2023-11-25 14:17:54.661,0 days 00:32:54.657000,2554.0,-1282.0,-232.0,,143.0,8733.0,0.0,1.0,8,4,4424.015000000001,0.8437733042949943,24.0,158.03999999999996,interpolation,0 days 00:01:09.605000,69.605,1974.657,0.0
2023-11-25 14:17:54.761,0 days 00:32:54.757000,2574.0407314682075,-1265.2394241618786,-231.5764817478544,,141.0,8851.5,10.5,0.0,8,4,4427.63513408207,0.8444637568582017,24.0,158.873333333333,interpolation,0 days 00:01:09.705000,69.705,1974.757,0.0
2023-11-25 14:17:54.861,0 days 00:32:54.857000,2601.0,-1241.0,-231.0,,139.0,8970.0,21.0,0.0,8,4,4431.737222222224,0.845246130440689,24.0,159.70666666666602,interpolation,0 days 00:01:09.805000,69.805,1974.857,0.0
2023-11-25 14:17:54.961,0 days 00:32:54.957000,2637.637673893869,-1204.0117763018177,-230.4086275178846,,138.66666666666666,9015.333333333334,30.0,0.0,8,4,4435.792886814351,0.8460196498600424,24.0,160.89185185185124,interpolation,0 days 00:01:09.905000,69.905,1974.957,0.0
2023-11-25 14:17:55.061,0 days 00:32:55.057000,2673.0,-1164.0,-230.0,,138.33333333333334,9060.666666666666,39.0,0.0,8,4,4439.828677230669,0.8467893787635428,24.0,162.07703703703646,interpolation,0 days 00:01:10.005000,70.005,1975.057,0.0
2023-11-25 14:17:55.161,0 days 00:32:55.157000,2696.133225168579,-1130.6899180272164,-229.97175314483783,,138.0,9106.0,48.0,0.0,8,4,4444.00388888889,0.8475856988793172,24.0,163.26222222222168,interpolation,0 days 00:01:10.105000,70.105,1975.157,0.0
2023-11-25 14:17:55.261,0 days 00:32:55.257000,2712.0,-1100.0,-230.0,,139.5,9263.5,53.0,0.0,8,4,4448.34507088937,0.8484136738027953,24.0,164.8511111111104,interpolation,0 days 00:01:10.205000,70.205,1975.257,0.0
2023-11-25 14:17:55.361,0 days 00:32:55.357000,2725.5629750946587,-1067.848715534884,-229.76085361308827,,141.0,9421.0,58.0,0.0,8,4,4452.852223232107,0.8492733035339766,24.0,166.43999999999917,interpolation,0 days 00:01:10.305000,70.305,1975.357,0.0
2023-11-25 14:17:55.461,0 days 00:32:55.457000,2736.8468698620745,-1034.773616767712,-229.31204961305707,,142.5,9578.5,63.0,0.0,8,4,4457.335208403236,0.8501283239647275,24.0,168.02888888888788,interpolation,0 days 00:01:10.405000,70.405,1975.457,0.0
2023-11-25 14:17:55.561,0 days 00:32:55.557000,2746.0,-1004.0,-229.0,,144.0,9736.0,68.0,0.0,8,4,4461.603888888891,0.8509424709869146,24.0,169.6177777777766,interpolation,0 days 00:01:10.505000,70.505,1975.557,0.0
2023-11-25 14:17:55.661,0 days 00:32:55.657000,2753.047084664829,-976.0654118630862,-228.88243981166147,,146.0,9797.0,66.66666666666667,0.0,8,4,4465.658264689072,0.8517157446005377,24.0,171.0955555555544,interpolation,0 days 00:01:10.605000,70.605,1975.657,0.0
2023-11-25 14:17:55.761,0 days 00:32:55.757000,2758.341109587789,-947.3350512658392,-228.71150459307293,,148.0,9858.0,65.33333333333333,0.0,8,4,4469.5146083396285,0.852451248396191,24.0,172.57333333333222,interpolation,0 days 00:01:10.705000,70.705,1975.757,0.0
2023-11-25 14:17:55.861,0 days 00:32:55.857000,2764.0,-896.0,-227.0,,150.0,9919.0,64.0,0.0,8,4,4473.270555555558,0.853167604012784,24.0,174.05111111111,interpolation,0 days 00:01:10.805000,70.805,1975.857,0.0
2023-11-25 14:17:55.961,0 days 00:32:55.957000,2770.0,-827.0,-224.0,,152.5,9922.75,65.0,0.0,8,4,4476.942379039339,0.8538679150726919,24.0,175.42611111111,interpolation,0 days 00:01:10.905000,70.905,1975.957,0.0
2023-11-25 14:17:56.061,0 days 00:32:56.057000,2774.08062653046,-791.7827961545374,-222.71116571533756,,155.0,9926.5,66.0,0.0,8,4,4480.530078790973,0.8545521815759144,24.0,176.80111111111,interpolation,0 days 00:01:11.005000,71.005,1976.057,0.0
2023-11-25 14:17:56.161,0 days 00:32:56.157000,2776.0480729876244,-784.8763510070172,-223.43712917038144,,157.5,9930.25,67.0,0.0,8,4,4484.4880169249,0.8553070620492985,24.0,178.17611111111,interpolation,0 days 00:01:11.105000,71.105,1976.157,0.0
2023-11-25 14:17:56.261,0 days 00:32:56.257000,2777.0,-722.0,-225.0,,160.0,9934.0,68.0,0.0,8,4,4489.270555555558,0.8562192150196907,24.0,179.55111111111,interpolation,0 days 00:01:11.205000,71.205,1976.257,0.0
2023-11-25 14:17:56.361,0 days 00:32:56.357000,2777.0,-606.0,-227.0,,161.5,9947.0,41.5,0.0,8,4,4494.877694682949,0.8572886404870907,24.0,181.55111111111,interpolation,0 days 00:01:11.305000,71.305,1976.357,0.0
2023-11-25 14:17:56.461,0 days 00:32:56.457000,2775.3319576670547,-538.2355072392739,-228.216350090784,,163.0,9960.0,15.0,0.0,8,4,4500.137222222224,0.8582917674952147,24.0,183.55111111111,interpolation,0 days 00:01:11.405000,71.405,1976.457,0.0
2023-11-25 14:17:56.561,0 days 00:32:56.557000,2771.9172211967466,-525.9228471659791,-228.5913957885752,,160.66666666666666,9864.666666666666,10.0,0.0,8,4,4503.87692608854,0.8590050250877785,24.0,185.17333333333227,interpolation,0 days 00:01:11.505000,71.505,1976.557,0.0
2023-11-25 14:17:56.661,0 days 00:32:56.657000,2767.0,-511.0,-229.0,,158.33333333333334,9769.333333333334,5.0,0.0,8,4,4506.512403191565,0.8595076782712812,24.0,186.79555555555453,interpolation,0 days 00:01:11.605000,71.605,1976.657,0.0
2023-11-25 14:17:56.761,0 days 00:32:56.757000,2760.6209958536947,-483.7899128983095,-229.58797395604697,,156.0,9674.0,0.0,0.0,8,4,4510.537222222224,0.860275314649704,24.0,188.4177777777768,car,0 days 00:01:11.705000,71.705,1976.757,0.0
2023-11-25 14:17:56.861,0 days 00:32:56.857000,2752.616026118266,-446.01392297107446,-230.3217585308339,,154.0,9506.0,0.0,0.0,8,4,4516.366975834495,0.8613871984178765,24.0,191.68444444444367,interpolation,0 days 00:01:11.805000,71.805,1976.857,0.0
2023-11-25 14:17:56.961,0 days 00:32:56.957000,2742.0,-408.0,-231.0,,152.0,9338.0,0.0,0.0,8,4,4522.359444444446,0.8625301161159182,24.0,194.95111111111052,interpolation,0 days 00:01:11.905000,71.905,1976.957,0.0
2023-11-25 14:17:57.061,0 days 00:32:57.057000,2728.608736540556,-371.4694634688513,-231.5891395813068,,150.5,9338.0,0.0,0.0,8,4,4526.872408468142,0.8633908542839486,24.0,197.4788888888884,interpolation,0 days 00:01:12.005000,72.005,1977.057,0.0
2023-11-25 14:17:57.161,0 days 00:32:57.157000,2709.0,-333.0,-232.0,,149.0,9338.0,0.0,0.0,8,4,4530.637222222224,0.8641089009771304,24.0,200.0066666666662,interpolation,0 days 00:01:12.105000,72.105,1977.157,0.0
2023-11-25 14:17:57.261,0 days 00:32:57.257000,2679.731554638402,-289.1692962158179,-232.1434039813253,,147.66666666666666,9363.333333333334,17.666666666666664,0.0,8,4,4534.385240023334,0.864823744250627,24.0,202.6251851851848,interpolation,0 days 00:01:12.205000,72.205,1977.257,0.0
2023-11-25 14:17:57.361,0 days 00:32:57.357000,2644.112773887274,-243.37465521997507,-232.0607022028196,,146.33333333333334,9388.666666666666,35.33333333333333,0.0,8,4,4538.125807643278,0.8655371665831958,24.0,205.24370370370343,interpolation,0 days 00:01:12.305000,72.305,1977.357,0.0
2023-11-25 14:17:57.461,0 days 00:32:57.457000,2622.0,-216.0,-232.0,,145.0,9414.0,53.0,0.0,8,4,4541.915000000002,0.8662598629021374,24.0,207.86222222222204,interpolation,0 days 00:01:12.405000,72.405,1977.457,0.0
2023-11-25 14:17:57.561,0 days 00:32:57.557000,2611.0,-205.0,-232.0,,146.0,9501.666666666666,57.0,0.0,8,4,4545.7621629610185,0.8669936157044625,24.0,210.4548148148148,interpolation,0 days 00:01:12.505000,72.505,1977.557,0.0
2023-11-25 14:17:57.661,0 days 00:32:57.657000,2576.8967569240785,-177.71847733188193,-232.0448112784405,,147.0,9589.333333333334,61.0,0.0,8,4,4549.644597606089,0.8677340957229932,24.0,213.0474074074076,interpolation,0 days 00:01:12.605000,72.605,1977.657,0.0
2023-11-25 14:17:57.761,0 days 00:32:57.757000,2519.5128370577136,-133.0479495224923,-232.10279408134704,,148.0,9677.0,65.0,0.0,8,4,4553.426111111113,0.8684553274876619,24.0,215.64000000000036,interpolation,0 days 00:01:12.705000,72.705,1977.757,0.0
2023-11-25 14:17:57.861,0 days 00:32:57.857000,2472.0,-97.0,-232.0,,148.75,9819.0,68.5,0.0,8,4,4557.084004788291,0.8691529817756225,24.0,218.21500000000012,interpolation,0 days 00:01:12.805000,72.805,1977.857,0.0
2023-11-25 14:17:57.961,0 days 00:32:57.957000,2439.8835673070053,-73.90991486568892,-231.70743748451005,,149.5,9961.0,72.0,0.0,8,4,4560.618278637623,0.8698270585868753,24.0,220.79,interpolation,0 days 00:01:12.905000,72.905,1977.957,0.0
2023-11-25 14:17:58.061,0 days 00:32:58.057000,2423.1635389787284,-63.77769411955904,-231.22510653487703,,150.25,10103.0,75.5,0.0,8,4,4564.331468723701,0.8705352593204634,24.0,223.36499999999975,interpolation,0 days 00:01:13.005000,73.005,1978.057,0.0
2023-11-25 14:17:58.161,0 days 00:32:58.157000,2405.611741161087,-57.75662631364965,-230.8802223178056,,151.0,10245.0,79.0,0.0,8,4,4568.526111111113,0.87133528537543,24.0,225.9399999999996,car,0 days 00:01:13.105000,73.105,1978.157,0.0
2023-11-25 14:17:58.261,0 days 00:32:58.257000,2371.0,-47.0,-231.0,,156.66666666666666,10509.666666666666,86.0,0.0,8,4,4573.202205799862,0.8722271367517753,24.0,228.55555555555532,interpolation,0 days 00:01:13.205000,73.205,1978.257,0.0
2023-11-25 14:17:58.361,0 days 00:32:58.357000,2319.328315495466,-31.50781517861008,-231.5844395814603,,162.33333333333334,10774.333333333334,93.0,0.0,8,4,4578.305015091203,0.8732003735642502,24.0,231.17111111111112,interpolation,0 days 00:01:13.305000,73.305,1978.357,0.0
2023-11-25 14:17:58.461,0 days 00:32:58.457000,2266.0,-17.0,-232.0,,168.0,11039.0,100.0,0.0,8,4,4583.506111111113,0.8741923561806463,24.0,233.7866666666669,interpolation,0 days 00:01:13.405000,73.405,1978.457,0.0
2023-11-25 14:17:58.561,0 days 00:32:58.557000,2226.4183658661173,-9.196482614689872,-231.6131401934328,,172.0,11281.333333333334,100.0,0.0,8,4,4588.750755600332,0.8751926446088096,24.0,236.1274074074075,interpolation,0 days 00:01:13.505000,73.505,1978.557,0.0
2023-11-25 14:17:58.661,0 days 00:32:58.657000,2179.0,-7.0,-231.0,,176.0,11523.666666666666,100.0,0.0,8,4,4594.053995401822,0.8762041086682154,24.0,238.4681481481481,interpolation,0 days 00:01:13.605000,73.605,1978.657,0.0
2023-11-25 14:17:58.761,0 days 00:32:58.757000,2102.161489307832,-9.313289133250686,-230.7367192579432,,180.0,11766.0,100.0,0.0,8,4,4599.506111111113,0.8772439671875529,24.0,240.8088888888888,interpolation,0 days 00:01:13.705000,73.705,1978.757,0.0
2023-11-25 14:17:58.861,0 days 00:32:58.857000,2003.433522444793,-15.417549489436318,-230.79443829898187,,183.0,11798.666666666666,100.0,0.0,8,4,4605.122149417088,0.8783150899569103,24.0,242.88296296296295,interpolation,0 days 00:01:13.805000,73.805,1978.857,0.0
2023-11-25 14:17:58.961,0 days 00:32:58.957000,1928.0,-21.0,-231.0,,186.0,11831.333333333334,100.0,0.0,8,4,4610.842123556948,0.8794060359596868,24.0,244.9570370370372,interpolation,0 days 00:01:13.905000,73.905,1978.957,0.0
2023-11-25 14:17:59.061,0 days 00:32:59.057000,1883.3915335147767,-25.34184750041581,-231.32454498823876,,189.0,11864.0,100.0,0.0,8,4,4616.306111111113,0.8804481587448049,24.0,247.0311111111114,interpolation,0 days 00:01:14.005000,74.005,1979.057,0.0
2023-11-25 14:17:59.161,0 days 00:32:59.157000,1864.5359438107716,-28.74267613801038,-231.7313417417,,191.5,11615.0,100.0,0.0,8,4,4621.454124702519,0.8814300171785074,24.0,248.55611111111148,interpolation,0 days 00:01:14.105000,74.105,1979.157,0.0
2023-11-25 14:17:59.261,0 days 00:32:59.257000,1841.0,-33.0,-232.0,,194.0,11366.0,100.0,0.0,8,4,4626.286164331166,0.8823516112607941,24.0,250.0811111111116,interpolation,0 days 00:01:14.205000,74.205,1979.257,0.0
2023-11-25 14:17:59.361,0 days 00:32:59.357000,1807.7114709647312,-38.41340630146869,-232.09378786500795,,196.5,11117.0,100.0,0.0,8,4,4631.103177349785,0.8832703393825463,24.0,251.6061111111117,interpolation,0 days 00:01:14.305000,74.305,1979.357,0.0
2023-11-25 14:17:59.461,0 days 00:32:59.457000,1762.2396087168506,-45.348622266000746,-232.03973293840568,,199.0,10868.0,100.0,0.0,8,4,4636.2061111111125,0.8842435999346449,24.0,253.13111111111172,interpolation,0 days 00:01:14.405000,74.405,1979.457,0.0
2023-11-25 14:17:59.561,0 days 00:32:59.557000,1690.0,-56.0,-232.0,,203.0,11031.666666666666,100.0,0.0,8,5,4641.594965615146,0.8852713929170906,24.0,254.45333333333383,interpolation,0 days 00:01:14.505000,74.505,1979.557,0.0
2023-11-25 14:17:59.661,0 days 00:32:59.657000,1588.561921716797,-70.73326298202315,-232.00161637471135,,207.0,11195.333333333334,100.0,0.0,8,5,4647.201605670531,0.8863407231986389,24.0,255.7755555555559,interpolation,0 days 00:01:14.605000,74.605,1979.657,0.0
2023-11-25 14:17:59.761,0 days 00:32:59.757000,1482.0,-86.0,-232.0,,211.0,11359.0,100.0,0.0,8,5,4652.617222222224,0.8873736203910346,24.0,257.097777777778,interpolation,0 days 00:01:14.705000,74.705,1979.757,0.0
2023-11-25 14:17:59.861,0 days 00:32:59.857000,1394.3888609823669,-98.25179984186032,-231.9505688133259,,214.0,11422.0,100.0,0.0,8,5,4657.773680776572,0.8883570894961037,24.0,258.431111111111,interpolation,0 days 00:01:14.805000,74.805,1979.857,0.0
2023-11-25 14:17:59.961,0 days 00:32:59.957000,1325.728504663897,-107.4886625076042,-231.85332281468916,,217.0,11485.0,100.0,0.0,8,5,4664.67277777778,0.8896729245177663,24.0,259.76444444444405,interpolation,0 days 00:01:14.905000,74.905,1979.957,0.0
2023-11-25 14:18:00.061,0 days 00:33:00.057000,1271.2038960134787,-114.48119391954596,-231.8294154087078,,217.0,11854.0,100.0,0.0,8,5,4674.317222222224,0.8915123678191517,24.0,262.0311111111114,interpolation,0 days 00:01:15.005000,75.005,1980.057,0.0
2023-11-25 14:18:00.161,0 days 00:33:00.157000,1226.0,-120.0,-232.0,,220.0,11705.0,100.0,0.0,8,5,4680.712520114805,0.8927321154092418,24.0,262.9644444444445,interpolation,0 days 00:01:15.105000,75.105,1980.157,0.0
2023-11-25 14:18:00.261,0 days 00:33:00.257000,1190.1168166234609,-124.04508074896636,-232.36507658856576,,223.0,11556.0,100.0,0.0,8,5,4683.817980209153,0.8933244064220808,24.0,263.89777777777755,interpolation,0 days 00:01:15.205000,75.205,1980.257,0.0
2023-11-25 14:18:00.361,0 days 00:33:00.357000,1158.4085203615389,-127.53709232921284,-232.84923368097523,,226.0,11407.0,100.0,0.0,8,5,4689.38388888889,0.8943859681839886,24.0,264.83111111111066,interpolation,0 days 00:01:15.305000,75.305,1980.357,0.0
2023-11-25 14:18:00.461,0 days 00:33:00.457000,1100.0,-136.0,-233.0,,229.5,11038.5,100.0,0.0,8,5,4698.368622311052,0.8960995876468129,24.0,265.5311111111105,interpolation,0 days 00:01:15.405000,75.405,1980.457,0.0
2023-11-25 14:18:00.561,0 days 00:33:00.557000,1009.745377322999,-150.35446935166314,-232.74196327999263,,233.0,10670.0,100.0,0.0,8,5,4707.506111111113,0.8978423414841724,24.0,266.2311111111103,interpolation,0 days 00:01:15.505000,75.505,1980.557,0.0
2023-11-25 14:18:00.661,0 days 00:33:00.657000,896.5671466722558,-169.07404038527903,-232.18629270897807,,235.0,10851.0,100.0,0.0,8,6,4713.530285924553,0.8989913063696865,24.0,266.18666666666604,interpolation,0 days 00:01:15.605000,75.605,1980.657,0.0
2023-11-25 14:18:00.761,0 days 00:33:00.757000,814.0,-183.0,-232.0,,237.0,11032.0,100.0,0.0,8,6,4718.0394444444455,0.8998513187303859,24.0,266.1422222222218,interpolation,0 days 00:01:15.705000,75.705,1980.757,0.0
2023-11-25 14:18:00.861,0 days 00:33:00.857000,770.9663402820775,-190.6059038277733,-232.2942532027168,,238.75,11083.0,100.0,0.0,8,6,4722.631884363867,0.9007272149933024,24.0,264.7461111111106,interpolation,0 days 00:01:15.805000,75.805,1980.857,0.0
2023-11-25 14:18:00.961,0 days 00:33:00.957000,758.2995897283771,-193.35201975948124,-232.9218975590589,,240.5,11134.0,100.0,0.0,8,6,4727.307605682818,0.901618995158436,24.0,263.34999999999945,interpolation,0 days 00:01:15.905000,75.905,1980.957,0.0
2023-11-25 14:18:01.061,0 days 00:33:01.057000,721.0,-200.0,-233.0,,242.25,11185.0,100.0,0.0,8,6,4733.432301938138,0.9027871320651044,24.0,261.9538888888883,interpolation,0 days 00:01:16.005000,76.005,1981.057,0.0
2023-11-25 14:18:01.161,0 days 00:33:01.157000,649.9008994405981,-212.01012739343173,-232.3814042605983,,244.0,11236.0,100.0,0.0,8,6,4742.371666666669,0.9044920985526256,24.0,260.5577777777771,car,0 days 00:01:16.105000,76.105,1981.157,0.0
2023-11-25 14:18:01.261,0 days 00:33:01.257000,551.4129581731039,-228.25830658742916,-231.17120867283631,,246.0,11365.0,100.0,0.0,8,6,4753.305000000002,0.9065773660740116,24.0,257.2688888888879,interpolation,0 days 00:01:16.205000,76.205,1981.257,0.0
2023-11-25 14:18:01.361,0 days 00:33:01.357000,464.0,-242.0,-230.0,,248.0,11463.0,100.0,0.0,8,6,4761.308127939509,0.9081037681558792,24.0,254.71333333333268,interpolation,0 days 00:01:16.305000,76.305,1981.357,0.0
2023-11-25 14:18:01.461,0 days 00:33:01.457000,394.0726293992934,-252.1111237894746,-228.97287549787055,,250.0,11561.0,100.0,0.0,8,6,4767.193888888891,0.9092263339619514,24.0,252.15777777777748,interpolation,0 days 00:01:16.405000,76.405,1981.457,0.0
2023-11-25 14:18:01.561,0 days 00:33:01.557000,341.63084637098393,-258.5916779558529,-228.08983516644795,,251.5,11598.5,100.0,0.0,8,6,4772.595812716336,0.9102566196000952,24.0,249.45777777777744,interpolation,0 days 00:01:16.505000,76.505,1981.557,0.0
2023-11-25 14:18:01.661,0 days 00:33:01.657000,295.37364015718254,-261.77639314430473,-227.16187725180137,,253.0,11636.0,100.0,0.0,8,6,4777.513899421843,0.9111946250703108,24.0,246.7577777777774,interpolation,0 days 00:01:16.605000,76.605,1981.657,0.0
2023-11-25 14:18:01.761,0 days 00:33:01.757000,244.0,-262.0,-226.0,,254.5,11673.5,100.0,0.0,8,6,4783.671980860874,0.912369129389109,24.0,244.05777777777732,interpolation,0 days 00:01:16.705000,76.705,1981.757,0.0
2023-11-25 14:18:01.861,0 days 00:33:01.857000,187.50992589943647,-259.26249852293864,-224.60420341104395,,256.0,11711.0,100.0,0.0,8,6,4792.793888888891,0.914108911573002,24.0,241.3577777777773,interpolation,0 days 00:01:16.805000,76.805,1981.857,0.0
2023-11-25 14:18:01.961,0 days 00:33:01.957000,126.77225090451306,-253.57453639116017,-223.073281345308,,254.0,11770.0,100.0,0.0,8,6,4804.08277777778,0.9162619926723192,24.0,236.3800000000001,interpolation,0 days 00:01:16.905000,76.905,1981.957,0.0
2023-11-25 14:18:02.061,0 days 00:33:02.057000,67.0,-245.0,-222.0,,255.33333333333331,11299.666666666666,100.0,0.0,8,6,4812.757548679659,0.9179164943202298,24.0,233.2170370370371,interpolation,0 days 00:01:17.005000,77.005,1982.057,0.0
2023-11-25 14:18:02.161,0 days 00:33:02.157000,9.062015131814512,-233.5495371365305,-221.4831542471492,,256.6666666666667,10829.333333333334,100.0,0.0,8,6,4818.496376039194,0.919011036116298,24.0,230.05407407407407,interpolation,0 days 00:01:17.105000,77.105,1982.157,0.0
2023-11-25 14:18:02.261,0 days 00:33:02.257000,-70.0,-206.0,-221.0,,258.0,10359.0,100.0,0.0,8,6,4824.149444444446,0.9200892214768148,24.0,226.89111111111103,interpolation,0 days 00:01:17.205000,77.205,1982.257,0.0
2023-11-25 14:18:02.361,0 days 00:33:02.357000,-193.1443416954001,-149.1282407896569,-220.02779317179693,,258.5,10399.25,100.0,0.0,8,6,4830.191787092255,0.9212416514350368,24.0,223.66611111111115,interpolation,0 days 00:01:17.305000,77.305,1982.357,0.0
2023-11-25 14:18:02.461,0 days 00:33:02.457000,-315.0,-87.0,-219.0,,259.0,10439.5,100.0,0.0,8,6,4836.623403982621,0.9224683259909648,24.0,220.44111111111124,interpolation,0 days 00:01:17.405000,77.405,1982.457,0.0
2023-11-25 14:18:02.561,0 days 00:33:02.557000,-390.195964959414,-43.681018125528254,-218.3500867220693,,259.5,10479.75,100.0,0.0,8,6,4843.318041103899,0.9237451652613734,24.0,217.21611111111133,interpolation,0 days 00:01:17.505000,77.505,1982.557,0.0
2023-11-25 14:18:02.661,0 days 00:33:02.657000,-418.7322365736423,-19.17129516624165,-218.07805333800496,,260.0,10520.0,100.0,0.0,8,6,4850.149444444446,0.925048089363038,24.0,213.99111111111145,interpolation,0 days 00:01:17.605000,77.605,1982.657,0.0
2023-11-25 14:18:02.761,0 days 00:33:02.757000,-430.9023899010493,2.924075376165785,-218.26699328493808,,260.2,10539.2,100.0,0.0,8,7,4857.117614004262,0.926377098295958,24.0,210.5244444444448,interpolation,0 days 00:01:17.705000,77.705,1982.757,0.0
2023-11-25 14:18:02.861,0 days 00:33:02.857000,-457.0,39.0,-219.0,,260.4,10558.4,100.0,0.0,8,7,4864.222549783345,0.9277321920601342,24.0,207.0577777777782,interpolation,0 days 00:01:17.805000,77.805,1982.857,0.0
2023-11-25 14:18:02.961,0 days 00:33:02.957000,-497.0250668704943,89.05647870526101,-220.27707348319075,,260.6,10577.6,100.0,0.0,8,7,4871.407911612797,0.9291026251380946,24.0,203.5911111111116,interpolation,0 days 00:01:17.905000,77.905,1982.957,0.0
2023-11-25 14:18:03.061,0 days 00:33:03.057000,-543.0,150.0,-221.0,,260.8,10596.8,100.0,0.0,8,7,4878.33565674844,0.930423924094905,24.0,200.124444444445,interpolation,0 days 00:01:18.005000,78.005,1983.057,0.0
2023-11-25 14:18:03.161,0 days 00:33:03.157000,-586.9472088759851,218.73705239226825,-220.07056581591763,,261.0,10616.0,100.0,0.0,8,7,4884.949444444446,0.93168534330306,24.0,196.6577777777784,car,0 days 00:01:18.105000,78.105,1983.157,0.0
2023-11-25 14:18:03.261,0 days 00:33:03.257000,-631.0,293.0,-219.0,,261.5,10644.0,100.0,0.0,8,7,4891.249274700816,0.9328868827625586,24.0,193.13000000000056,interpolation,0 days 00:01:18.205000,78.205,1983.257,0.0
2023-11-25 14:18:03.361,0 days 00:33:03.357000,-677.2916798735946,370.52120694112966,-219.29953162130343,,262.0,10672.0,100.0,0.0,8,7,4899.505000000002,0.9344614616496209,24.0,189.60222222222276,car,0 days 00:01:18.305000,78.305,1983.357,0.0
2023-11-25 14:18:03.461,0 days 00:33:03.457000,-722.0,445.0,-220.0,,261.0,10569.0,100.0,0.0,8,7,4911.105000000001,0.936673879629628,24.0,184.1800000000012,interpolation,0 days 00:01:18.405000,78.405,1983.457,0.0
2023-11-25 14:18:03.561,0 days 00:33:03.557000,-761.3027118824473,510.1357059609538,-220.13224445626167,,262.2,10584.6,100.0,0.0,8,7,4920.760464832839,0.9385154248021708,24.0,181.44222222222345,interpolation,0 days 00:01:18.505000,78.505,1983.557,0.0
2023-11-25 14:18:03.661,0 days 00:33:03.657000,-798.0,571.0,-220.0,,263.4,10600.2,100.0,0.0,8,7,4927.589930700296,0.9398179793779472,24.0,178.70444444444564,interpolation,0 days 00:01:18.605000,78.605,1983.657,0.0
2023-11-25 14:18:03.761,0 days 00:33:03.757000,-834.8920488317215,632.6645572931476,-219.90700164112656,,264.6,10615.8,100.0,0.0,8,7,4932.098035488287,0.9406777907649048,24.0,175.9666666666679,interpolation,0 days 00:01:18.705000,78.705,1983.757,0.0
2023-11-25 14:18:03.861,0 days 00:33:03.857000,-873.0,698.0,-220.0,,265.8,10631.4,100.0,0.0,8,7,4937.312622014822,0.9416723463674576,24.0,173.2288888888901,interpolation,0 days 00:01:18.805000,78.805,1983.857,0.0
2023-11-25 14:18:03.961,0 days 00:33:03.957000,-913.3449951272236,769.8769502801606,-220.4257456969788,,267.0,10647.0,100.0,0.0,8,7,4943.738333333335,0.9428978945791312,24.0,170.49111111111233,car,0 days 00:01:18.905000,78.905,1983.957,0.0
2023-11-25 14:18:04.061,0 days 00:33:04.057000,-951.0,841.0,-221.0,,266.3333333333333,10739.666666666666,69.33333333333334,0.0,8,7,4951.375169443825,0.944354435399926,24.0,167.64666666666804,interpolation,0 days 00:01:19.005000,79.005,1984.057,0.0
2023-11-25 14:18:04.161,0 days 00:33:04.157000,-981.0379804049364,904.0737410258891,-221.53852417700045,,265.6666666666667,10832.333333333334,38.66666666666667,0.0,8,7,4959.89109512944,0.9459786411846896,24.0,164.80222222222378,interpolation,0 days 00:01:19.105000,79.105,1984.157,0.0
2023-11-25 14:18:04.261,0 days 00:33:04.257000,-1005.0,959.0,-222.0,,265.0,10925.0,8.0,0.0,8,7,4967.293888888889,0.9473905441170768,24.0,161.95777777777948,interpolation,0 days 00:01:19.205000,79.205,1984.257,0.0
2023-11-25 14:18:04.361,0 days 00:33:04.357000,-1024.4271224431582,1005.6806035645056,-222.3431092410185,,251.33333333333331,10271.666666666666,5.333333333333334,1.0,8,7,4973.251512105263,0.9485268159034572,24.0,160.86888888889067,interpolation,0 days 00:01:19.305000,79.305,1984.357,0.0
2023-11-25 14:18:04.461,0 days 00:33:04.457000,-1040.3552761732835,1048.1928051403056,-222.49293742466963,,237.66666666666663,9618.333333333334,2.666666666666667,1.0,8,7,4978.195617829968,0.9494697838690084,24.0,159.78000000000188,interpolation,0 days 00:01:19.405000,79.405,1984.457,0.0
2023-11-25 14:18:04.561,0 days 00:33:04.557000,-1059.0,1111.0,-222.0,,224.0,8965.0,0.0,1.0,8,7,4984.716111111112,0.9507134094357084,24.0,158.69111111111306,car,0 days 00:01:19.505000,79.505,1984.557,0.0
2023-11-25 14:18:04.661,0 days 00:33:04.657000,-1080.0,1192.0,-221.0,,218.5,8634.5,0.0,1.0,8,7,4993.24464058,0.9523400190857078,24.0,158.03000000000202,interpolation,0 days 00:01:19.605000,79.605,1984.657,0.0
2023-11-25 14:18:04.761,0 days 00:33:04.757000,-1094.9720485695148,1254.1165960890576,-220.7566314020838,,213.0,8304.0,0.0,1.0,8,7,5001.282777777778,0.953873098332443,24.0,157.36888888889098,interpolation,0 days 00:01:19.705000,79.705,1984.757,0.0
2023-11-25 14:18:04.861,0 days 00:33:04.857000,-1103.3366511553158,1296.596962816743,-221.35032699465572,,203.0,8269.0,0.0,1.0,8,7,5006.332094245592,0.9548361326893514,24.0,157.43597222222434,interpolation,0 days 00:01:19.805000,79.805,1984.857,0.0
2023-11-25 14:18:04.961,0 days 00:33:04.957000,-1110.0,1352.0,-222.0,,193.0,8234.0,0.0,1.0,8,7,5009.914166666667,0.955519325916082,24.0,157.5030555555577,interpolation,0 days 00:01:19.905000,79.905,1984.957,0.0
2023-11-25 14:18:05.061,0 days 00:33:05.057000,-1115.7797896240563,1425.7521631581064,-222.5754699550236,,184.5,8472.0,0.0,1.0,8,7,5013.550571724231,0.956212881772284,24.0,158.1475000000023,interpolation,0 days 00:01:20.005000,80.005,1985.057,0.0
2023-11-25 14:18:05.161,0 days 00:33:05.157000,-1120.0,1494.0,-223.0,,176.0,8710.0,0.0,1.0,8,7,5017.736388888889,0.9570112246305696,24.0,158.79194444444693,interpolation,0 days 00:01:20.105000,80.105,1985.157,0.0
2023-11-25 14:18:05.261,0 days 00:33:05.257000,-1121.9846111003462,1532.890058234619,-223.19685327520284,,166.5,8334.0,0.0,1.0,8,6,5022.966697631248,0.9580087788635512,24.0,160.5586111111138,interpolation,0 days 00:01:20.205000,80.205,1985.257,0.0
2023-11-25 14:18:05.361,0 days 00:33:05.357000,-1121.8172853646097,1547.8004485177232,-223.17630424375196,,157.0,7958.0,0.0,1.0,8,6,5028.203055555557,0.9590074868309212,24.0,162.32527777778068,interpolation,0 days 00:01:20.305000,80.305,1985.357,0.0
2023-11-25 14:18:05.461,0 days 00:33:05.457000,-1120.0,1571.0,-223.0,,152.5,8320.0,0.0,1.0,8,5,5032.407020266065,0.9598092908923732,24.0,164.21416666666892,interpolation,0 days 00:01:20.405000,80.405,1985.457,0.0
2023-11-25 14:18:05.561,0 days 00:33:05.557000,-1116.6164183027397,1607.8668784093454,-222.67821511227817,,148.0,8682.0,0.0,1.0,8,5,5036.425277777779,0.9605756758205816,24.0,166.10305555555715,interpolation,0 days 00:01:20.505000,80.505,1985.557,0.0
2023-11-25 14:18:05.661,0 days 00:33:05.657000,-1111.8720558731789,1655.6674504139623,-222.25559379909097,,144.5,8506.5,0.0,1.0,8,4,5041.104514105706,0.9614681263882202,24.0,168.86972222222448,interpolation,0 days 00:01:20.605000,80.605,1985.657,0.0
2023-11-25 14:18:05.761,0 days 00:33:05.757000,-1107.0,1698.0,-222.0,,141.0,8331.0,0.0,1.0,8,4,5045.825277777779,0.9623684972871392,24.0,171.63638888889182,interpolation,0 days 00:01:20.705000,80.705,1985.757,0.0
2023-11-25 14:18:05.861,0 days 00:33:05.857000,-1102.2057641790843,1732.130921827924,-221.9560774763553,,138.25,8251.5,0.0,1.0,8,4,5049.968117321932,0.9631586432091884,24.0,174.4975000000029,interpolation,0 days 00:01:20.805000,80.805,1985.857,0.0
2023-11-25 14:18:05.961,0 days 00:33:05.957000,-1090.0,1769.0,-222.0,,135.5,8172.0,0.0,1.0,8,4,5053.533032738167,0.963838564154368,24.0,177.358611111114,interpolation,0 days 00:01:20.905000,80.905,1985.957,0.0
2023-11-25 14:18:06.061,0 days 00:33:06.057000,-1062.893359052316,1819.547018618493,-222.0079413427771,,132.75,8092.5,0.0,1.0,8,4,5056.85518178532,0.9644721833167976,24.0,180.21972222222507,interpolation,0 days 00:01:21.005000,81.005,1986.057,0.0
2023-11-25 14:18:06.161,0 days 00:33:06.157000,-1034.0,1867.0,-222.0,,130.0,8013.0,0.0,1.0,8,4,5060.269722222223,0.9651234238905964,24.0,183.08083333333616,interpolation,0 days 00:01:21.105000,81.105,1986.157,0.0
2023-11-25 14:18:06.261,0 days 00:33:06.257000,-1016.4340815070212,1894.5869664611175,-221.99627446698224,,129.25,8142.25,11.25,0.0,8,4,5063.776654048882,0.9657922858757656,24.0,186.30305555555856,interpolation,0 days 00:01:21.205000,81.205,1986.257,0.0
2023-11-25 14:18:06.361,0 days 00:33:06.357000,-1010.1956035733796,1902.3079180018472,-221.99676474372396,,128.5,8271.5,22.5,0.0,8,4,5067.375977265294,0.966478769272304,24.0,189.52527777778096,interpolation,0 days 00:01:21.305000,81.305,1986.357,0.0
2023-11-25 14:18:06.461,0 days 00:33:06.457000,-1001.6093238530478,1904.1249105416523,-221.9988726486036,,127.75,8400.75,33.75,0.0,8,4,5070.949950737948,0.9671604178215254,24.0,192.74750000000336,interpolation,0 days 00:01:21.405000,81.405,1986.457,0.0
2023-11-25 14:18:06.561,0 days 00:33:06.557000,-977.0,1914.0,-222.0,,127.0,8530.0,45.0,0.0,8,4,5074.380833333334,0.9678147752647432,24.0,195.96972222222576,interpolation,0 days 00:01:21.505000,81.505,1986.557,0.0
2023-11-25 14:18:06.661,0 days 00:33:06.657000,-936.3676320142356,1931.9331863768884,-222.0001467979131,,128.6,8592.2,48.8,0.0,8,4,5077.66862505145,0.9684418416019572,24.0,198.7808333333369,interpolation,0 days 00:01:21.605000,81.605,1986.657,0.0
2023-11-25 14:18:06.761,0 days 00:33:06.757000,-891.0,1950.0,-222.0,,130.2,8654.4,52.6,0.0,8,4,5080.813325892298,0.969041616833167,24.0,201.591944444448,interpolation,0 days 00:01:21.705000,81.705,1986.757,0.0
2023-11-25 14:18:06.861,0 days 00:33:06.857000,-852.1848840615385,1960.2759711970157,-222.0002465639179,,131.8,8716.6,56.4,0.0,8,4,5083.874614107605,0.9696254831339886,24.0,204.40305555555915,interpolation,0 days 00:01:21.805000,81.805,1986.857,0.0
2023-11-25 14:18:06.961,0 days 00:33:06.957000,-816.0,1966.0,-222.0,,133.4,8778.8,60.2,0.0,8,4,5087.210557374408,0.9702617332084504,24.0,207.21416666667028,interpolation,0 days 00:01:21.905000,81.905,1986.957,0.0
2023-11-25 14:18:07.061,0 days 00:33:07.057000,-778.523063616533,1970.4109864410195,-221.99837381857952,,135.0,8841.0,64.0,0.0,8,4,5090.880833333334,0.9709617491156156,24.0,210.0252777777814,interpolation,0 days 00:01:22.005000,82.005,1987.057,0.0
2023-11-25 14:18:07.161,0 days 00:33:07.157000,-738.0,1974.0,-222.0,,138.0,9099.666666666666,69.66666666666667,0.0,8,4,5094.885441984381,0.9717255308554836,24.0,213.25490740741105,interpolation,0 days 00:01:22.105000,82.105,1987.157,0.0
2023-11-25 14:18:07.261,0 days 00:33:07.257000,-692.6767342392639,1977.2581101568703,-222.0095105246051,,141.0,9358.333333333334,75.33333333333333,0.0,8,4,5099.200291686483,0.9725484835332388,24.0,216.48453703704067,interpolation,0 days 00:01:22.205000,82.205,1987.257,0.0
2023-11-25 14:18:07.361,0 days 00:33:07.357000,-644.5944153354917,1980.209581243888,-222.02110712292304,,144.0,9617.0,81.0,0.0,8,4,5103.680833333334,0.9734030379211408,24.0,219.71416666667028,interpolation,0 days 00:01:22.305000,82.305,1987.357,0.0
2023-11-25 14:18:07.461,0 days 00:33:07.457000,-606.0,1983.0,-222.0,,149.0,9936.0,87.33333333333333,0.0,8,4,5108.302975530563,0.9742845991714256,24.0,222.70675925926267,interpolation,0 days 00:01:22.405000,82.405,1987.457,0.0
2023-11-25 14:18:07.561,0 days 00:33:07.557000,-578.9346581354289,1985.6536310059323,-221.9403908269896,,154.0,10255.0,93.66666666666669,0.0,8,4,5113.049174459224,0.9751898212271546,24.0,225.69935185185508,interpolation,0 days 00:01:22.505000,82.505,1987.557,0.0
2023-11-25 14:18:07.661,0 days 00:33:07.657000,-553.0,1989.0,-222.0,,159.0,10574.0,100.0,0.0,8,4,5117.814166666667,0.9760986276439084,24.0,228.69194444444747,interpolation,0 days 00:01:22.605000,82.605,1987.657,0.0
2023-11-25 14:18:07.761,0 days 00:33:07.757000,-517.7976358519348,1993.8686327205176,-222.33654791513936,,163.0,10868.0,100.0,0.0,8,4,5122.580408154298,0.9770076723304854,24.0,231.13027777778095,interpolation,0 days 00:01:22.705000,82.705,1987.757,0.0
2023-11-25 14:18:07.861,0 days 00:33:07.857000,-473.3275656912336,2000.259529167487,-222.9500345724077,,167.0,11162.0,100.0,0.0,8,4,5127.347898922115,0.9779169552868852,24.0,233.56861111111448,interpolation,0 days 00:01:22.805000,82.805,1987.857,0.0
2023-11-25 14:18:07.961,0 days 00:33:07.957000,-426.6937126849155,2006.770661030712,-223.5885039434721,,171.0,11456.0,100.0,0.0,8,4,5132.197481895541,0.9788418953356736,24.0,236.006944444448,interpolation,0 days 00:01:22.905000,82.905,1987.957,0.0
2023-11-25 14:18:08.061,0 days 00:33:08.057000,-385.0,2012.0,-224.0,,175.0,11750.0,100.0,0.0,8,4,5137.21,0.9797979112994162,24.0,238.44527777778148,interpolation,0 days 00:01:23.005000,83.005,1988.057,0.0
2023-11-25 14:18:08.161,0 days 00:33:08.157000,-348.2464276364872,2015.9475460753504,-224.1845227419912,,179.0,11503.5,100.0,0.0,8,4,5142.385453235489,0.9807850031781132,24.0,240.55638888889257,interpolation,0 days 00:01:23.105000,83.105,1988.157,0.0
2023-11-25 14:18:08.261,0 days 00:33:08.257000,-294.0,2020.0,-225.0,,183.0,11257.0,100.0,0.0,8,4,5147.723841602012,0.9818031709717644,24.0,242.66750000000368,interpolation,0 days 00:01:23.205000,83.205,1988.257,0.0
2023-11-25 14:18:08.361,0 days 00:33:08.357000,-210.0,2025.0,-227.0,,187.0,11010.5,100.0,0.0,8,4,5153.110864723083,0.9828306146624344,24.0,244.77861111111477,interpolation,0 days 00:01:23.305000,83.305,1988.357,0.0
2023-11-25 14:18:08.461,0 days 00:33:08.457000,-157.280411152978,2027.683154258577,-228.35835576454716,,191.0,10764.0,100.0,0.0,8,4,5158.432222222223,0.9838455342321882,24.0,246.88972222222583,interpolation,0 days 00:01:23.405000,83.405,1988.457,0.0
2023-11-25 14:18:08.561,0 days 00:33:08.557000,-135.32480650943438,2028.2313120665967,-229.07769836635248,,194.5,10819.25,100.0,0.0,8,4,5163.687914099431,0.9848479296810256,24.0,248.46472222222587,interpolation,0 days 00:01:23.505000,83.505,1988.557,0.0
2023-11-25 14:18:08.661,0 days 00:33:08.657000,-80.0,2031.0,-231.0,,198.0,10874.5,100.0,0.0,8,4,5168.877940354705,0.9858378010089462,24.0,250.03972222222592,interpolation,0 days 00:01:23.605000,83.605,1988.657,0.0
2023-11-25 14:18:08.761,0 days 00:33:08.757000,9.0,2036.0,-234.0,,201.5,10929.75,100.0,0.0,8,4,5173.970107543741,0.986809008099138,24.0,251.614722222226,interpolation,0 days 00:01:23.705000,83.705,1988.757,0.0
2023-11-25 14:18:08.861,0 days 00:33:08.857000,69.37730984215203,2038.9404328683445,-235.4841394689186,,205.0,10985.0,100.0,0.0,8,4,5178.932222222223,0.9877554108347874,24.0,253.189722222226,interpolation,0 days 00:01:23.805000,83.805,1988.857,0.0
2023-11-25 14:18:08.961,0 days 00:33:08.957000,116.0,2041.0,-236.0,,207.33333333333331,11131.666666666666,100.0,0.0,8,5,5183.764284390156,0.988677009215895,24.0,254.48601851852223,interpolation,0 days 00:01:23.905000,83.905,1988.957,0.0
2023-11-25 14:18:09.061,0 days 00:33:09.057000,174.11917471610815,2044.072552984532,-236.52742521590125,,209.66666666666663,11278.333333333334,100.0,0.0,8,5,5188.73105716423,0.9896243003700308,24.0,255.78231481481848,interpolation,0 days 00:01:24.005000,84.005,1989.057,0.0
2023-11-25 14:18:09.161,0 days 00:33:09.157000,231.0,2047.0,-237.0,,212.0,11425.0,100.0,0.0,8,5,5195.421111111112,0.9909002655113496,24.0,257.0786111111147,car,0 days 00:01:24.105000,84.105,1989.157,0.0
2023-11-25 14:18:09.261,0 days 00:33:09.257000,273.9076418611992,2048.624249224464,-237.3513092356738,,216.0,11623.0,100.0,0.0,8,5,5204.099206636332,0.9925554012503336,24.0,258.08972222222565,interpolation,0 days 00:01:24.205000,84.205,1989.257,0.0
2023-11-25 14:18:09.361,0 days 00:33:09.357000,308.1972625411873,2049.7271697335373,-237.61578268743008,,220.0,11821.0,100.0,0.0,8,5,5212.532222222223,0.9941637939492912,24.0,259.1008333333366,interpolation,0 days 00:01:24.305000,84.305,1989.357,0.0
2023-11-25 14:18:09.461,0 days 00:33:09.457000,366.0,2055.0,-238.0,,222.33333333333331,11898.0,100.0,0.0,8,5,5218.4870363511145,0.9952995299705292,24.0,259.2119444444476,interpolation,0 days 00:01:24.405000,84.405,1989.457,0.0
2023-11-25 14:18:09.561,0 days 00:33:09.557000,452.671071316261,2065.224617105847,-238.5383912904535,,224.66666666666663,11975.0,100.0,0.0,8,5,5222.4862578300135,0.9960622842382832,24.0,259.3230555555586,interpolation,0 days 00:01:24.505000,84.505,1989.557,0.0
2023-11-25 14:18:09.661,0 days 00:33:09.657000,538.0,2076.0,-239.0,,227.0,12052.0,100.0,0.0,8,5,5227.665555555556,0.9970501093599904,24.0,259.4341666666696,interpolation,0 days 00:01:24.605000,84.605,1989.657,0.0
2023-11-25 14:18:09.761,0 days 00:33:09.757000,591.7763095612463,2082.9251276313844,-239.15386956984884,,229.5,11556.5,100.0,0.0,8,5,5234.547543686293,0.9983626812805626,24.0,259.4341666666696,interpolation,0 days 00:01:24.705000,84.705,1989.757,0.0
2023-11-25 14:18:09.844,0 days 00:33:09.840000,612.3960443427256,2085.741336822537,-239.0474713157188,,231.5750016,11145.23468288,100.0,0.0,8,5,5241.5527273215885,0.999698749748492,24.0,259.4341666666696,interpolation,0 days 00:01:24.788000,84.788,1989.84,0.0
