Date,SessionTime,X,Y,Z,Status,Speed,RPM,Throttle,Brake,DRS,nGear,Distance,RelativeDistance,DriverAhead,DistanceToDriverAhead,Source,Time,TimeSeconds,SessionTimeSeconds,DRSActive
2023-11-25 14:58:13.379,0 days 01:13:13.375000,632.9707912596771,2088.319572610837,-239.00032042244575,,239.2250048,11355.81525632,100.0,0.0,8,6,1.6383887700302913,0.0003132961717283,,,interpolation,0 days 00:00:00,0.0,4393.375,0.0
2023-11-25 14:58:13.390,0 days 01:13:13.386000,639.5189875442862,2089.1404633567945,-239.0003239459205,,239.5000064,11370.50034176,100.0,0.0,8,6,2.529753992807601,0.0004837449180919,,,interpolation,0 days 00:00:00.011000,0.011,4393.386,0.0
2023-11-25 14:58:13.490,0 days 01:13:13.486000,704.0,2097.0,-239.0,,242.0,11504.0,100.0,0.0,8,6,10.274166666666666,0.0019646479170546,,,interpolation,0 days 00:00:00.111000,0.111,4393.486,0.0
2023-11-25 14:58:13.590,0 days 01:13:13.586000,777.4436976543993,2105.578690411477,-238.9990281589212,,244.00000512,11406.99975168,100.0,0.0,8,6,17.374150657900056,0.0033223218980261,,,interpolation,0 days 00:00:00.211000,0.211,4393.586,0.0
2023-11-25 14:58:13.690,0 days 01:13:13.686000,859.8493284459453,2114.876446745662,-238.99740843263575,,246.0,11310.0,100.0,0.0,8,6,23.94083333333333,0.0045780168715275,,,interpolation,0 days 00:00:00.311000,0.311,4393.686,0.0
2023-11-25 14:58:13.790,0 days 01:13:13.786000,939.5806802945012,2123.736023227013,-238.9970844900325,,247.75000448,11113.99949824,100.0,0.0,8,6,30.08548200644693,0.0057530096089756,,,interpolation,0 days 00:00:00.411000,0.411,4393.786,0.0
2023-11-25 14:58:13.890,0 days 01:13:13.886000,1005.0,2131.0,-239.0,,249.5,10918.0,100.0,0.0,8,6,35.808033756199514,0.0068472880784757,,,interpolation,0 days 00:00:00.511000,0.511,4393.886,0.0
2023-11-25 14:58:13.990,0 days 01:13:13.986000,1056.1079574579908,2136.668451447937,-239.00615499239336,,251.25000448,10721.99949824,100.0,0.0,8,6,41.92201767852158,0.0080164170373106,,,interpolation,0 days 00:00:00.611000,0.611,4393.986,0.0
2023-11-25 14:58:14.090,0 days 01:13:14.086000,1092.9040293243283,2140.7413195260287,-239.0155494041854,,253.0,10526.0,100.0,0.0,8,7,49.24083333333333,0.0094159364726126,,,car,0 days 00:00:00.711000,0.711,4394.086,0.0
2023-11-25 14:58:14.190,0 days 01:13:14.186000,1145.248391168604,2146.6935624011194,-239.0171691138848,,255.00000341333043,10618.666824817645,100.0,0.0,8,7,57.76455566549895,0.0110458607154977,,,interpolation,0 days 00:00:00.811000,0.811,4394.186,0.0
2023-11-25 14:58:14.290,0 days 01:13:14.286000,1243.0,2158.0,-239.0,,256.9999965866696,10711.333175182355,100.0,0.0,8,7,67.12801935115736,0.0128363620790904,,,interpolation,0 days 00:00:00.911000,0.911,4394.286,0.0
2023-11-25 14:58:14.390,0 days 01:13:14.386000,1372.0,2173.0,-239.0,,259.0,10804.0,100.0,0.0,8,7,75.14083333333332,0.0143685893448698,,,interpolation,0 days 00:00:01.011000,1.011,4394.386,0.0
2023-11-25 14:58:14.490,0 days 01:13:14.486000,1447.2886544079922,2181.729005226088,-239.23291595252465,,260.3333310577758,10822.999967573303,100.0,0.0,8,7,81.43783751985387,0.015572715826375,,,interpolation,0 days 00:00:01.111000,1.111,4394.486,0.0
2023-11-25 14:58:14.590,0 days 01:13:14.586000,1469.9009152232663,2184.260585796599,-239.678555520158,,261.6666689422242,10842.000032426697,100.0,0.0,8,7,86.44016633650384,0.0165292717407286,,,interpolation,0 days 00:00:01.211000,1.211,4394.586,0.0
2023-11-25 14:58:14.690,0 days 01:13:14.686000,1531.0,2191.0,-240.0,,263.0,10861.0,100.0,0.0,8,7,92.67416666666664,0.0177213504913399,,,car,0 days 00:00:01.311000,1.311,4394.686,0.0
2023-11-25 14:58:14.790,0 days 01:13:14.786000,1645.780572233156,2203.6815456820163,-240.14109984788757,,264.6666695111087,10958.66683335097,100.0,0.0,8,7,100.56097229096603,0.0192294821719623,,,interpolation,0 days 00:00:01.411000,1.411,4394.786,0.0
2023-11-25 14:58:14.890,0 days 01:13:14.886000,1766.0,2217.0,-240.0,,266.3333304888913,11056.33316664903,100.0,0.0,8,7,109.8901558177202,0.0210134284109427,,,interpolation,0 days 00:00:01.511000,1.511,4394.886,0.0
2023-11-25 14:58:14.990,0 days 01:13:14.986000,1843.4180577771356,2225.650406351231,-239.47484539251025,,268.0,11154.0,100.0,0.0,8,7,119.3997222222222,0.0228318678459688,,,interpolation,0 days 00:00:01.611000,1.611,4394.986,0.0
2023-11-25 14:58:15.090,0 days 01:13:15.086000,1900.0,2232.0,-239.0,,269.49999616,11202.99987456,100.0,0.0,8,7,128.87922749576245,0.0246445589278443,,,interpolation,0 days 00:00:01.711000,1.711,4395.086,0.0
2023-11-25 14:58:15.190,0 days 01:13:15.186000,1957.7124532639173,2238.4161698105827,-239.00981755706076,,271.0,11252.0,100.0,0.0,8,7,137.46638888888887,0.0262866141223696,,,interpolation,0 days 00:00:01.811000,1.811,4395.186,0.0
2023-11-25 14:58:15.290,0 days 01:13:15.286000,2016.5548265948792,2244.8988500815685,-239.5042979631608,,271.99999744,11287.99990784,100.0,0.0,8,7,144.29873864947635,0.0275931105187417,,,interpolation,0 days 00:00:01.911000,1.911,4395.286,0.0
2023-11-25 14:58:15.390,0 days 01:13:15.386000,2079.370105348427,2251.932141151773,-239.9966306676805,,273.0,11324.0,100.0,0.0,8,7,149.3763467409599,0.0285640614955171,,,interpolation,0 days 00:00:02.011000,2.011,4395.386,0.0
2023-11-25 14:58:15.490,0 days 01:13:15.486000,2149.0,2260.0,-240.0,,273.99999744,11359.99990784,100.0,0.0,8,7,154.61005572863115,0.02956486241638,,,interpolation,0 days 00:00:02.111000,2.111,4395.486,0.0
2023-11-25 14:58:15.590,0 days 01:13:15.586000,2225.445223561492,2269.102509241324,-239.5144059946242,,275.0,11396.0,100.0,0.0,8,7,161.91083333333333,0.0309609325775243,,,interpolation,0 days 00:00:02.211000,2.211,4395.586,0.0
2023-11-25 14:58:15.690,0 days 01:13:15.686000,2301.0,2278.0,-239.0,,275.99999744,11443.99987712,100.0,0.0,8,7,171.2786047952951,0.0327522576832283,,,interpolation,0 days 00:00:02.311000,2.311,4395.686,0.0
2023-11-25 14:58:15.790,0 days 01:13:15.786000,2367.960109762623,2285.4529877202704,-238.9169231245804,,277.0,11492.0,100.0,0.0,8,7,180.3775,0.034492167701373,,,interpolation,0 days 00:00:02.411000,2.411,4395.786,0.0
2023-11-25 14:58:15.890,0 days 01:13:15.886000,2454.0,2295.0,-239.0,,277.49999872,11492.0,100.0,0.0,8,7,186.8714597343036,0.0357339564399993,,,interpolation,0 days 00:00:02.511000,2.511,4395.886,0.0
2023-11-25 14:58:15.990,0 days 01:13:15.986000,2586.7956845834765,2310.179738517133,-238.98405525789323,,278.0,11492.0,100.0,0.0,8,7,192.73305555555552,0.0368548232114331,,,interpolation,0 days 00:00:02.611000,2.611,4395.986,0.0
2023-11-25 14:58:16.090,0 days 01:13:16.086000,2715.0,2325.0,-239.0,,278.99999744,11557.49983232,99.50000128,0.0,8,7,199.9347325001765,0.0382319431344001,,,interpolation,0 days 00:00:02.711000,2.711,4396.086,0.0
2023-11-25 14:58:16.190,0 days 01:13:16.186000,2787.2684553753897,2333.4688883768035,-239.17874532806363,,280.0,11623.0,99.0,0.0,8,7,208.2886111111111,0.039829389501077,,,interpolation,0 days 00:00:02.811000,2.811,4396.186,0.0
2023-11-25 14:58:16.290,0 days 01:13:16.286000,2803.6003106825547,2335.5863169263466,-239.52028941173648,,280.99999744,11675.99986432,99.49999872,0.0,8,7,217.60665264243568,0.0416112051440857,,,interpolation,0 days 00:00:02.911000,2.911,4396.286,0.0
2023-11-25 14:58:16.390,0 days 01:13:16.386000,2826.382270488485,2338.16061645272,-239.85169006954104,,282.0,11729.0,100.0,0.0,8,7,227.08861111111108,0.0434243653311324,,,interpolation,0 days 00:00:03.011000,3.011,4396.386,0.0
2023-11-25 14:58:16.490,0 days 01:13:16.486000,2918.0,2348.0,-240.0,,282.6666655288879,11747.666634808862,100.0,0.0,8,7,235.93404802211916,0.0451158085173746,,,interpolation,0 days 00:00:03.111000,3.111,4396.486,0.0
2023-11-25 14:58:16.590,0 days 01:13:16.586000,3058.0,2363.0,-240.0,,283.3333344711121,11766.333365191138,100.0,0.0,8,7,244.2116667226801,0.0466986723024241,,,interpolation,0 days 00:00:03.211000,3.211,4396.586,0.0
2023-11-25 14:58:16.690,0 days 01:13:16.686000,3123.655259844212,2370.5331606641207,-240.06036395798515,,284.0,11785.0,100.0,0.0,8,7,252.33305555555555,0.0482516614811831,,,interpolation,0 days 00:00:03.311000,3.311,4396.686,0.0
2023-11-25 14:58:16.790,0 days 01:13:16.786000,3168.0,2376.0,-240.0,,284.50000128,11761.99994112,100.0,0.0,8,7,260.36691045369867,0.0497879122354914,,,interpolation,0 days 00:00:03.411000,3.411,4396.786,0.0
2023-11-25 14:58:16.890,0 days 01:13:16.886000,3264.5217519177777,2386.905471218805,-239.60303697390103,,285.0,11739.0,100.0,0.0,8,7,268.16638888888883,0.0512793450259992,,,interpolation,0 days 00:00:03.511000,3.511,4396.886,0.0
2023-11-25 14:58:16.990,0 days 01:13:16.986000,3373.0,2399.0,-239.0,,285.2000004095998,11763.000049151977,99.7999995904002,0.0,8,7,275.5848104662296,0.0526979113168344,,,interpolation,0 days 00:00:03.611000,3.611,4396.986,0.0
2023-11-25 14:58:17.090,0 days 01:13:17.086000,3453.212129449748,2408.0337765031154,-238.321424438602,,285.39999979520013,11786.999975424013,99.6000002047999,0.0,8,7,282.62209922127846,0.0540435965819153,,,interpolation,0 days 00:00:03.711000,3.711,4397.086,0.0
2023-11-25 14:58:17.190,0 days 01:13:17.186000,3510.621225081095,2414.460308659668,-237.59645415901136,,285.60000020479987,11811.000024575987,99.3999997952001,0.0,8,7,289.34530684005506,0.0553292225866997,,,interpolation,0 days 00:00:03.811000,3.811,4397.186,0.0
2023-11-25 14:58:17.290,0 days 01:13:17.286000,3578.0,2421.0,-237.0,,285.7999995904002,11834.999950848023,99.2000004095998,0.0,8,7,296.15623879173705,0.0566316234242767,,,interpolation,0 days 00:00:03.911000,3.911,4397.286,0.0
2023-11-25 14:58:17.390,0 days 01:13:17.386000,3660.8114076069146,2428.10633291616,-236.5612066717967,,286.0,11859.0,99.0,0.0,8,7,303.1219444444444,0.0579636204168705,,,interpolation,0 days 00:00:04.011000,4.011,4397.386,0.0
2023-11-25 14:58:17.490,0 days 01:13:17.486000,3754.8623415413904,2435.6660372188385,-236.2626773298992,,273.500032,11492.00093952,49.50012672,1.0,8,7,310.24235246953384,0.0593251999248668,,,interpolation,0 days 00:00:04.111000,4.111,4397.486,0.0
2023-11-25 14:58:17.590,0 days 01:13:17.586000,3835.0,2443.0,-236.0,,261.0,11125.0,0.0,1.0,8,7,317.6219444444444,0.0607363411368601,,,interpolation,0 days 00:00:04.211000,4.211,4397.586,0.0
2023-11-25 14:58:17.690,0 days 01:13:17.686000,3897.0313040014153,2449.9949487394115,-235.75577603417364,,240.50005248,11114.00002816,0.0,1.0,8,7,325.36505346661966,0.0622169948487858,,,interpolation,0 days 00:00:04.311000,4.311,4397.686,0.0
2023-11-25 14:58:17.790,0 days 01:13:17.786000,3940.956888747816,2456.650955065532,-235.53000293156035,,220.0,11103.0,0.0,1.0,8,7,332.28861111111104,0.0635409322099529,,,interpolation,0 days 00:00:04.411000,4.411,4397.786,0.0
2023-11-25 14:58:17.890,0 days 01:13:17.886000,3977.1537974402568,2464.4814428988934,-235.28922964316675,,211.50002176,11103.0,0.0,1.0,8,7,337.2093987663043,0.0644818956506579,,,interpolation,0 days 00:00:04.511000,4.511,4397.886,0.0
2023-11-25 14:58:17.990,0 days 01:13:17.986000,4016.0,2475.0,-235.0,,203.0,11103.0,0.0,1.0,8,7,341.3108333333333,0.0652661806579464,,,interpolation,0 days 00:00:04.611000,4.611,4397.986,0.0
2023-11-25 14:58:18.090,0 days 01:13:18.086000,4057.495098642949,2488.2065186591008,-234.66231696376403,,197.50001408,11241.99964416,0.0,1.0,8,7,345.77623932573925,0.0661200650523125,,,interpolation,0 days 00:00:04.711000,4.711,4398.086,0.0
2023-11-25 14:58:18.190,0 days 01:13:18.186000,4100.70253334205,2503.802945009429,-234.2937789420154,,192.0,11381.0,0.0,1.0,8,7,351.9775,0.0673058832565594,,,interpolation,0 days 00:00:04.811000,4.811,4398.186,0.0
2023-11-25 14:58:18.290,0 days 01:13:18.286000,4140.0,2520.0,-234.0,,188.0,11062.0,0.0,1.0,8,5,360.3330555555555,0.0689036502921395,,,interpolation,0 days 00:00:04.911000,4.911,4398.286,0.0
2023-11-25 14:58:18.390,0 days 01:13:18.386000,4174.450916085937,2536.499660387216,-233.7985789948536,,182.9999872,10892.49956608,0.0,1.0,8,5,365.1229397603369,0.0698195820977222,,,interpolation,0 days 00:00:05.011000,5.011,4398.386,0.0
2023-11-25 14:58:18.490,0 days 01:13:18.486000,4206.075765987942,2555.701022776239,-233.61476118101749,,178.0,10723.0,0.0,1.0,8,5,368.2441666666666,0.0704164297194442,,,interpolation,0 days 00:00:05.111000,5.111,4398.486,0.0
2023-11-25 14:58:18.590,0 days 01:13:18.586000,4247.0,2592.0,-233.0,,174.66666097778264,10502.999624533652,0.6666678044434735,1.0,8,4,372.5471651670389,0.0712392582091039,,,interpolation,0 days 00:00:05.211000,5.211,4398.586,0.0
2023-11-25 14:58:18.690,0 days 01:13:18.686000,4296.0,2646.0,-232.0,,171.33333902221736,10283.000375466348,1.3333321955565265,1.0,8,4,377.8629033607267,0.07225574492853,,,interpolation,0 days 00:00:05.311000,5.311,4398.686,0.0
2023-11-25 14:58:18.790,0 days 01:13:18.786000,4333.611884312289,2706.928568293294,-231.33748747530723,,168.0,10063.0,2.0,1.0,8,4,383.1774999999999,0.0732720133575023,,,interpolation,0 days 00:00:05.411000,5.411,4398.786,0.0
2023-11-25 14:58:18.890,0 days 01:13:18.886000,4357.598082797551,2770.1914189618324,-231.0900014205589,,166.00000341333626,10078.99997269331,18.99997098664191,0.0,8,4,388.321912825393,0.0742557388770297,,,interpolation,0 days 00:00:05.511000,5.511,4398.886,0.0
2023-11-25 14:58:18.990,0 days 01:13:18.986000,4374.0,2819.0,-231.0,,163.99999658666374,10095.00002730669,36.000029013358095,0.0,8,4,393.2431059162125,0.0751967798459942,,,interpolation,0 days 00:00:05.611000,5.611,4398.986,0.0
2023-11-25 14:58:19.090,0 days 01:13:19.086000,4383.8243191934125,2850.5556355172744,-231.0245612846041,,162.0,10111.0,53.0,0.0,8,4,397.6225,0.0760342168609678,,,interpolation,0 days 00:00:05.711000,5.711,4399.086,0.0
2023-11-25 14:58:19.190,0 days 01:13:19.186000,4387.0711409790765,2864.858648644192,-231.1636855258794,,162.0,10139.000047786623,59.333344142213,0.0,8,4,401.40705132225,0.0767579067828344,,,interpolation,0 days 00:00:05.811000,5.811,4399.186,0.0
2023-11-25 14:58:19.290,0 days 01:13:19.286000,4387.782371795186,2881.2322094490264,-231.2209670042145,,162.0,10166.999952213377,65.666655857787,0.0,8,4,404.7334932974074,0.0773939960647904,,,interpolation,0 days 00:00:05.911000,5.911,4399.286,0.0
2023-11-25 14:58:19.390,0 days 01:13:19.386000,4390.0,2919.0,-231.0,,162.0,10195.0,72.0,0.0,8,4,408.4224999999999,0.0780994157420634,,,interpolation,0 days 00:00:06.011000,6.011,4399.386,0.0
2023-11-25 14:58:19.490,0 days 01:13:19.486000,4393.724002885067,2978.161633555929,-230.50078677593237,,164.99999487999565,10393.6663276086,76.66665870221543,0.0,8,4,412.6108058228468,0.0789003124549365,,,interpolation,0 days 00:00:06.111000,6.111,4399.486,0.0
2023-11-25 14:58:19.590,0 days 01:13:19.586000,4397.0,3042.0,-230.0,,168.00000512000435,10592.3336723914,81.33334129778457,0.0,8,4,417.213686909749,0.0797804851281297,,,interpolation,0 days 00:00:06.211000,6.211,4399.586,0.0
2023-11-25 14:58:19.690,0 days 01:13:19.686000,4397.87353921444,3093.796729695854,-229.77432258018615,,171.0,10791.0,86.0,0.0,8,4,421.7224999999999,0.080642669919709,,,car,0 days 00:00:06.311000,6.311,4399.686,0.0
2023-11-25 14:58:19.790,0 days 01:13:19.786000,4396.520932184438,3135.744983239804,-229.80727560752203,,174.7500096,11062.00069376,89.50000896,0.0,8,4,426.0525245194032,0.0814706663819857,,,interpolation,0 days 00:00:06.411000,6.411,4399.786,0.0
2023-11-25 14:58:19.890,0 days 01:13:19.886000,4394.0,3181.0,-230.0,,178.5,11333.0,93.0,0.0,8,4,430.2037161286214,0.0822644660362978,,,interpolation,0 days 00:00:06.511000,6.511,4399.886,0.0
2023-11-25 14:58:19.990,0 days 01:13:19.986000,4390.487019557715,3231.7548735855544,-230.33602113309507,,182.2500096,11604.00069376,96.50000896,0.0,8,4,435.2809927935349,0.0832353536369823,,,interpolation,0 days 00:00:06.611000,6.611,4399.986,0.0
2023-11-25 14:58:20.090,0 days 01:13:20.086000,4385.98202683041,3288.00908426789,-230.8153355659596,,186.0,11875.0,100.0,0.0,8,4,442.3891666666666,0.0845945937045216,,,car,0 days 00:00:06.711000,6.711,4400.086,0.0
2023-11-25 14:58:20.190,0 days 01:13:20.186000,4380.735996367896,3345.0090305762865,-231.13698349584328,,189.0,10991.0,99.0,0.0,8,4,450.7891666666666,0.0862008595009293,,,interpolation,0 days 00:00:06.811000,6.811,4400.186,0.0
2023-11-25 14:58:20.290,0 days 01:13:20.286000,4375.0,3398.0,-231.0,,193.49998848,10860.00033536,99.0,0.0,8,4,456.04608140632655,0.0872060978748516,,,interpolation,0 days 00:00:06.911000,6.911,4400.286,0.0
2023-11-25 14:58:20.390,0 days 01:13:20.386000,4368.773978989972,3446.9825351679474,-230.40438367571508,,198.0,10729.0,99.0,0.0,8,4,459.5891666666666,0.087883614144785,,,interpolation,0 days 00:00:07.011000,7.011,4400.386,0.0
2023-11-25 14:58:20.490,0 days 01:13:20.486000,4361.741111973762,3494.075980192294,-229.4793330686121,,200.3333293511077,10880.333075057555,99.33333276444397,0.0,8,4,463.5867319858563,0.0886480370544422,,,interpolation,0 days 00:00:07.111000,7.111,4400.486,0.0
2023-11-25 14:58:20.590,0 days 01:13:20.586000,4352.0,3552.0,-229.0,,202.66667064889228,11031.666924942445,99.66666723555603,0.0,8,4,468.3264014949775,0.0895543666995348,,,interpolation,0 days 00:00:07.211000,7.211,4400.586,0.0
2023-11-25 14:58:20.690,0 days 01:13:20.686000,4340.0,3619.0,-229.0,,205.0,11183.0,100.0,0.0,8,5,475.53361111111104,0.0909325445916701,,,car,0 days 00:00:07.311000,7.311,4400.686,0.0
2023-11-25 14:58:20.790,0 days 01:13:20.786000,4330.33788212565,3671.833385076196,-228.905837226212,,207.0,11306.0,100.0,0.0,8,5,484.73361111111103,0.0926917880829738,,,interpolation,0 days 00:00:07.411000,7.411,4400.786,0.0
2023-11-25 14:58:20.890,0 days 01:13:20.886000,4322.854788452842,3711.36156782506,-228.60545561185117,,207.0,11351.49988352,100.0,0.0,8,5,491.3519059959284,0.0939573524525002,,,interpolation,0 days 00:00:07.511000,7.511,4400.886,0.0
2023-11-25 14:58:20.990,0 days 01:13:20.986000,4312.0,3766.0,-228.0,,207.0,11397.0,100.0,0.0,8,5,496.23361111111103,0.0948908424471034,,,interpolation,0 days 00:00:07.611000,7.611,4400.986,0.0
2023-11-25 14:58:21.090,0 days 01:13:21.086000,4296.848528755009,3840.483922856515,-227.07300138426385,,212.49998592,11397.0,100.0,0.0,8,5,500.98613076318543,0.0957996293237561,,,interpolation,0 days 00:00:07.711000,7.711,4401.086,0.0
2023-11-25 14:58:21.190,0 days 01:13:21.186000,4280.0,3919.0,-226.0,,218.0,11397.0,100.0,0.0,8,5,505.9224999999999,0.0967435723075102,,,interpolation,0 days 00:00:07.811000,7.811,4401.186,0.0
2023-11-25 14:58:21.290,0 days 01:13:21.286000,4264.054366697006,3985.733328316268,-224.95655656255852,,220.66666211555167,11159.000406187011,99.66666723555603,0.0,8,5,511.3556546551687,0.0977825116514615,,,interpolation,0 days 00:00:07.911000,7.911,4401.286,0.0
2023-11-25 14:58:21.390,0 days 01:13:21.386000,4250.0,4041.0,-224.0,,223.33333788444835,10920.999593812989,99.33333276444397,0.0,8,5,517.2620781337836,0.0989119504625089,,,interpolation,0 days 00:00:08.011000,8.011,4401.386,0.0
2023-11-25 14:58:21.490,0 days 01:13:21.486000,4238.825578262964,4085.114857965672,-223.18767972038444,,226.0,10683.0,99.0,0.0,8,6,523.5002777777777,0.1001048322148078,,,car,0 days 00:00:08.111000,8.111,4401.486,0.0
2023-11-25 14:58:21.590,0 days 01:13:21.586000,4229.406944794315,4122.090586850714,-222.40894999506224,,228.2000045055977,10781.400201523096,99.0,0.0,8,6,530.0467452359223,0.1013566615916309,,,interpolation,0 days 00:00:08.211000,8.211,4401.586,0.0
2023-11-25 14:58:21.690,0 days 01:13:21.686000,4215.0,4176.0,-221.0,,230.3999977472012,10879.799899238453,99.0,0.0,8,6,536.9014134725625,0.1026674257742782,,,interpolation,0 days 00:00:08.311000,8.311,4401.686,0.0
2023-11-25 14:58:21.790,0 days 01:13:21.786000,4194.480554087321,4250.855882347408,-218.85017789704395,,232.60000225279884,10978.200100761547,99.0,0.0,8,6,543.9984675023245,0.1040245394818097,,,interpolation,0 days 00:00:08.411000,8.411,4401.786,0.0
2023-11-25 14:58:21.890,0 days 01:13:21.886000,4170.0,4339.0,-216.0,,234.7999954944023,11076.599798476904,99.0,0.0,8,6,550.9425269607314,0.1053523972432693,,,interpolation,0 days 00:00:08.511000,8.511,4401.886,0.0
2023-11-25 14:58:21.990,0 days 01:13:21.986000,4143.709269881713,4432.775788184951,-212.4899314226609,,237.0,11175.0,99.0,0.0,8,6,557.6677777777777,0.1066384139527555,,,interpolation,0 days 00:00:08.611000,8.611,4401.986,0.0
2023-11-25 14:58:22.090,0 days 01:13:22.086000,4119.0,4519.0,-209.0,,238.99999488,11281.99972608,99.49999872,0.0,8,6,564.1741510870716,0.1078825764414911,,,interpolation,0 days 00:00:08.711000,8.711,4402.086,0.0
2023-11-25 14:58:22.190,0 days 01:13:22.186000,4099.263304382507,4584.491231742431,-206.21016188700477,,241.0,11389.0,100.0,0.0,8,6,571.0566666666665,0.1091986656520562,,,interpolation,0 days 00:00:08.811000,8.811,4402.186,0.0
2023-11-25 14:58:22.290,0 days 01:13:22.286000,4084.499385132477,4629.248812783744,-204.1204456515441,,242.33333105777584,11065.66721848936,99.66666723555603,0.0,8,6,578.9102071923924,0.1107004363100533,,,interpolation,0 days 00:00:08.911000,8.911,4402.286,0.0
2023-11-25 14:58:22.390,0 days 01:13:22.386000,4070.9856913962176,4666.632231913138,-202.4704963503143,,243.66666894222416,10742.33278151064,99.33333276444397,0.0,8,6,587.5155352194188,0.112345965366801,,,interpolation,0 days 00:00:09.011000,9.011,4402.386,0.0
2023-11-25 14:58:22.490,0 days 01:13:22.486000,4055.0,4710.0,-201.0,,245.0,10419.0,99.0,0.0,8,6,595.5566666666665,0.1138836075582454,,,interpolation,0 days 00:00:09.111000,9.111,4402.486,0.0
2023-11-25 14:58:22.590,0 days 01:13:22.586000,4036.5421472499256,4759.352561131414,-199.7089415426801,,246.50000384,10411.99998208,99.50000128,0.0,8,6,602.814366010238,0.1152714402030299,,,interpolation,0 days 00:00:09.211000,9.211,4402.586,0.0
2023-11-25 14:58:22.690,0 days 01:13:22.686000,4014.255630261197,4815.799278687057,-198.301206599738,,248.0,10405.0,100.0,0.0,8,6,609.3344444444443,0.1165182234147872,,,interpolation,0 days 00:00:09.311000,9.311,4402.686,0.0
2023-11-25 14:58:22.790,0 days 01:13:22.786000,3980.0,4886.0,-195.0,,248.3333339022217,10407.666671217774,100.0,0.0,8,6,615.162854248023,0.1176327442856128,,,interpolation,0 days 00:00:09.411000,9.411,4402.786,0.0
2023-11-25 14:58:22.890,0 days 01:13:22.886000,3934.0,4967.0,-190.0,,248.66666609777823,10410.333328782226,100.0,0.0,8,6,620.4317462722806,0.1186402729812713,,,interpolation,0 days 00:00:09.511000,9.511,4402.886,0.0
2023-11-25 14:58:22.990,0 days 01:13:22.986000,3885.74174806972,5034.416650265988,-186.24581283496912,,249.0,10413.0,100.0,0.0,8,6,625.9344444444444,0.1196925105838786,,,interpolation,0 days 00:00:09.611000,9.611,4402.986,0.0
2023-11-25 14:58:23.090,0 days 01:13:23.086000,3837.229628606552,5085.484630474049,-184.0118851613439,,249.99999744,10488.49980672,100.0,0.0,8,7,631.8031029510995,0.1208147278969783,,,interpolation,0 days 00:00:09.711000,9.711,4403.086,0.0
2023-11-25 14:58:23.190,0 days 01:13:23.186000,3791.0,5128.0,-182.0,,251.0,10564.0,100.0,0.0,8,7,639.8788888888887,0.1223589967935237,,,interpolation,0 days 00:00:09.811000,9.811,4403.186,0.0
2023-11-25 14:58:23.290,0 days 01:13:23.286000,3747.476141224772,5163.261568473695,-179.9938141149608,,252.0,10564.0,100.0,0.0,8,7,651.0788888888887,0.1245006845220673,,,interpolation,0 days 00:00:09.911000,9.911,4403.286,0.0
2023-11-25 14:58:23.390,0 days 01:13:23.386000,3704.597057629609,5192.378138019224,-177.88236186892073,,252.75000192,10587.25005952,100.0,0.0,8,7,659.8595442867182,0.1261797400501122,,,interpolation,0 days 00:00:10.011000,10.011,4403.386,0.0
2023-11-25 14:58:23.490,0 days 01:13:23.486000,3650.0,5222.0,-175.0,,253.5,10610.5,100.0,0.0,8,7,665.2968274942195,0.1272194688645873,,,interpolation,0 days 00:00:10.111000,10.111,4403.486,0.0
2023-11-25 14:58:23.590,0 days 01:13:23.586000,3581.623860294841,5253.235898789373,-171.23575389882785,,254.25000192,10633.75005952,100.0,0.0,8,7,670.0001740390506,0.1281188527554938,,,interpolation,0 days 00:00:10.211000,10.211,4403.586,0.0
2023-11-25 14:58:23.690,0 days 01:13:23.686000,3502.854249587025,5284.913391022013,-166.8050298563832,,255.0,10657.0,100.0,0.0,8,7,676.5788888888887,0.1293768485468765,,,interpolation,0 days 00:00:10.311000,10.311,4403.686,0.0
2023-11-25 14:58:23.790,0 days 01:13:23.786000,3434.0,5310.0,-163.0,,256.50000384,10703.00011776,100.0,0.0,8,7,685.0330394099359,0.1309934691206433,,,interpolation,0 days 00:00:10.411000,10.411,4403.786,0.0
2023-11-25 14:58:23.890,0 days 01:13:23.886000,3378.446727502492,5327.323345326573,-160.0360710382817,,258.0,10749.0,100.0,0.0,8,7,693.7788888888888,0.1326658689871399,,,interpolation,0 days 00:00:10.511000,10.511,4403.886,0.0
2023-11-25 14:58:23.990,0 days 01:13:23.986000,3307.0,5349.0,-157.0,,258.6666678044435,10800.66675484437,100.0,0.0,8,7,701.2328767404204,0.1340912363362773,,,interpolation,0 days 00:00:10.611000,10.611,4403.986,0.0
2023-11-25 14:58:24.090,0 days 01:13:24.086000,3190.466685878184,5387.146137658426,-152.97860535394278,,259.3333321955565,10852.33324515563,100.0,0.0,8,7,707.5878152564605,0.1353064411430141,,,interpolation,0 days 00:00:10.711000,10.711,4404.086,0.0
2023-11-25 14:58:24.190,0 days 01:13:24.186000,3072.0,5427.0,-149.0,,260.0,10904.0,100.0,0.0,8,7,714.001111111111,0.136532805163677,,,interpolation,0 days 00:00:10.811000,10.811,4404.186,0.0
2023-11-25 14:58:24.290,0 days 01:13:24.286000,2994.755563627697,5453.799030003124,-146.09237875804848,,261.99999658666377,10931.999952213291,100.0,0.0,8,7,720.6655872529604,0.1378072004110137,,,interpolation,0 days 00:00:10.911000,10.911,4404.286,0.0
2023-11-25 14:58:24.390,0 days 01:13:24.386000,2958.7325857765063,5467.543502090475,-144.25571185397723,,264.00000341333623,10960.000047786709,100.0,0.0,8,7,727.5748436250794,0.1391284030525788,,,interpolation,0 days 00:00:11.011000,11.011,4404.386,0.0
2023-11-25 14:58:24.490,0 days 01:13:24.486000,2934.0935467171366,5477.01614121256,-143.04119798292146,,266.0,10988.0,100.0,0.0,8,7,734.6899999999999,0.1404889783289035,,,interpolation,0 days 00:00:11.111000,11.111,4404.486,0.0
2023-11-25 14:58:24.590,0 days 01:13:24.586000,2891.0,5491.0,-142.0,,266.50000128,11034.50011904,100.0,0.0,8,7,742.00466093577,0.1418877032900281,,,interpolation,0 days 00:00:11.211000,11.211,4404.586,0.0
2023-11-25 14:58:24.690,0 days 01:13:24.686000,2829.452386901885,5509.494935258449,-141.13212856705286,,267.0,11081.0,100.0,0.0,8,7,749.5233333333332,0.1433254397550996,,,interpolation,0 days 00:00:11.311000,11.311,4404.686,0.0
2023-11-25 14:58:24.790,0 days 01:13:24.786000,2752.0,5541.0,-140.0,,267.33333390222174,11157.333463608778,100.0,0.0,8,7,757.2506759869725,0.144803078588631,,,interpolation,0 days 00:00:11.411000,11.411,4404.786,0.0
2023-11-25 14:58:24.890,0 days 01:13:24.886000,2661.193555231087,5594.013735236921,-138.16605109476308,,267.66666609777826,11233.666536391222,100.0,0.0,8,7,765.1882030482763,0.1463209093298968,,,interpolation,0 days 00:00:11.511000,11.511,4404.886,0.0
2023-11-25 14:58:24.990,0 days 01:13:24.986000,2562.5302970331145,5663.36241710067,-135.80885741340012,,268.0,11310.0,100.0,0.0,8,7,773.3455555555554,0.1478807755586686,,,interpolation,0 days 00:00:11.611000,11.611,4404.986,0.0
2023-11-25 14:58:25.090,0 days 01:13:25.086000,2489.0,5718.0,-134.0,,268.0,11279.000052906713,100.0,0.0,8,7,781.7242432571097,0.1494829659722149,,,interpolation,0 days 00:00:11.711000,11.711,4405.086,0.0
2023-11-25 14:58:25.190,0 days 01:13:25.186000,2446.100085477904,5752.752776694562,-132.9180546735613,,268.0,11247.999947093287,100.0,0.0,8,7,790.1045709178522,0.1510854699822316,,,interpolation,0 days 00:00:11.811000,11.811,4405.186,0.0
2023-11-25 14:58:25.290,0 days 01:13:25.286000,2426.698530761648,5775.2200065352845,-132.45915212417927,,268.0,11217.0,100.0,0.0,8,7,797.1677777777776,0.1524361113622376,,,interpolation,0 days 00:00:11.911000,11.911,4405.286,0.0
2023-11-25 14:58:25.390,0 days 01:13:25.386000,2388.0,5831.0,-132.0,,268.25000064,11229.25003136,100.0,0.0,8,7,802.6941551312411,0.1534928769480603,,,interpolation,0 days 00:00:12.011000,12.011,4405.386,0.0
2023-11-25 14:58:25.490,0 days 01:13:25.486000,2322.8724274657243,5927.691801121491,-131.43672261373266,,268.5,11241.5,100.0,0.0,8,7,806.6836463882839,0.1542557559184479,,,interpolation,0 days 00:00:12.111000,12.111,4405.486,0.0
2023-11-25 14:58:25.590,0 days 01:13:25.586000,2260.0,6027.0,-131.0,,268.75000064,11253.75003136,100.0,0.0,8,7,811.9116923752815,0.1552554739483242,,,interpolation,0 days 00:00:12.211000,12.211,4405.586,0.0
2023-11-25 14:58:25.690,0 days 01:13:25.686000,2228.068215163502,6090.627179696591,-130.9205224334235,,269.0,11266.0,100.0,0.0,8,7,821.1536111111109,0.157022733229103,,,car,0 days 00:00:12.311000,12.311,4405.686,0.0
2023-11-25 14:58:25.790,0 days 01:13:25.786000,2211.0,6139.0,-131.0,,269.0,11215.0,99.0,0.0,8,7,833.1091666666664,0.1593088998917151,,,interpolation,0 days 00:00:12.411000,12.411,4405.786,0.0
2023-11-25 14:58:25.890,0 days 01:13:25.886000,2192.718783313781,6192.543973818412,-131.04014278573266,,269.0,11231.99995648,99.49999872,0.0,8,7,839.9763197944147,0.1606220514616909,,,interpolation,0 days 00:00:12.511000,12.511,4405.886,0.0
2023-11-25 14:58:25.990,0 days 01:13:25.986000,2175.0,6254.0,-131.0,,269.0,11249.0,100.0,0.0,8,7,845.0647222222219,0.1615950665543271,,,interpolation,0 days 00:00:12.611000,12.611,4405.986,0.0
2023-11-25 14:58:26.090,0 days 01:13:26.086000,2159.619453593897,6326.107799792959,-130.83862085218044,,269.333332764444,11255.999988053323,100.0,0.0,8,7,852.9842338195226,0.1631094523403984,,,interpolation,0 days 00:00:12.711000,12.711,4406.086,0.0
2023-11-25 14:58:26.190,0 days 01:13:26.186000,2147.146686868791,6407.725871795754,-130.65020973211392,,269.666667235556,11263.000011946677,100.0,0.0,8,7,863.1513766428757,0.1650536349313917,,,interpolation,0 days 00:00:12.811000,12.811,4406.186,0.0
2023-11-25 14:58:26.290,0 days 01:13:26.286000,2141.0,6492.0,-131.0,,270.0,11270.0,100.0,0.0,8,7,872.0647222222219,0.1667580637570662,,,interpolation,0 days 00:00:12.911000,12.911,4406.286,0.0
2023-11-25 14:58:26.390,0 days 01:13:26.386000,2141.74903031578,6577.788807587642,-131.98220128006324,,270.50000128,11270.25000064,99.74999936,0.0,8,7,879.1408027909761,0.1681111668749489,,,interpolation,0 days 00:00:13.011000,13.011,4406.386,0.0
2023-11-25 14:58:26.490,0 days 01:13:26.486000,2147.0,6661.0,-133.0,,271.0,11270.5,99.5,0.0,8,7,884.3795458902582,0.1691129304292994,,,interpolation,0 days 00:00:13.111000,13.111,4406.486,0.0
2023-11-25 14:58:26.590,0 days 01:13:26.586000,2154.359192676601,6737.543013238292,-133.45660306750014,,271.50000128,11270.75000064,99.24999936,0.0,8,7,889.5053525475216,0.1700930980379376,,,interpolation,0 days 00:00:13.211000,13.211,4406.586,0.0
2023-11-25 14:58:26.690,0 days 01:13:26.686000,2164.0,6814.0,-134.0,,272.0,11271.0,99.0,0.0,8,7,896.2424999999997,0.1713813896472557,,,car,0 days 00:00:13.311000,13.311,4406.686,0.0
2023-11-25 14:58:26.790,0 days 01:13:26.786000,2176.095987704662,6896.954679702695,-135.27819055494896,,272.25000064,11293.00005632,99.25000064,0.0,8,7,904.591057236259,0.1729778184493932,,,interpolation,0 days 00:00:13.411000,13.411,4406.786,0.0
2023-11-25 14:58:26.890,0 days 01:13:26.886000,2189.0,6980.0,-137.0,,272.5,11315.0,99.5,0.0,8,7,914.5509387672925,0.1748823680969613,,,interpolation,0 days 00:00:13.511000,13.511,4406.886,0.0
2023-11-25 14:58:26.990,0 days 01:13:26.986000,2201.065137095419,7056.730608385435,-138.87428432281266,,272.75000064,11337.00005632,99.75000064,0.0,8,7,924.456647506679,0.1767765587085392,,,interpolation,0 days 00:00:13.611000,13.611,4406.986,0.0
2023-11-25 14:58:27.090,0 days 01:13:27.086000,2213.0,7131.0,-141.0,,273.0,11359.0,100.0,0.0,8,7,932.6424999999996,0.1783418747650224,,,interpolation,0 days 00:00:13.711000,13.711,4407.086,0.0
2023-11-25 14:58:27.190,0 days 01:13:27.186000,2225.5134354828315,7206.663216224688,-143.47614446818162,,273.50000128,11371.500032,99.74999936,0.0,8,7,939.1085800705982,0.1795783322952887,,,interpolation,0 days 00:00:13.811000,13.811,4407.186,0.0
2023-11-25 14:58:27.290,0 days 01:13:27.286000,2238.0,7281.0,-146.0,,274.0,11384.0,99.5,0.0,8,7,943.8548215059844,0.180485918638045,,,interpolation,0 days 00:00:13.911000,13.911,4407.286,0.0
2023-11-25 14:58:27.390,0 days 01:13:27.386000,2249.8545060076003,7351.291630266446,-148.26890006809774,,274.50000128,11396.500032,99.24999936,0.0,8,7,949.1060445883816,0.1814900686412071,,,interpolation,0 days 00:00:14.011000,14.011,4407.386,0.0
2023-11-25 14:58:27.490,0 days 01:13:27.486000,2264.0,7432.0,-151.0,,275.0,11409.0,99.0,0.0,8,7,957.0869444444442,0.1830161932201772,,,car,0 days 00:00:14.111000,14.111,4407.486,0.0
2023-11-25 14:58:27.590,0 days 01:13:27.586000,2283.3597947116496,7537.588548417039,-154.91050632325172,,276.00000256,11213.9995008,99.0,0.0,8,7,967.7976027987788,0.1850643080025077,,,interpolation,0 days 00:00:14.211000,14.211,4407.586,0.0
2023-11-25 14:58:27.690,0 days 01:13:27.686000,2303.0,7644.0,-159.0,,277.0,11019.0,99.0,0.0,8,7,978.6313888888884,0.187135967531334,,,interpolation,0 days 00:00:14.311000,14.311,4407.686,0.0
2023-11-25 14:58:27.790,0 days 01:13:27.786000,2317.987125082411,7727.179250110878,-162.26814391237684,,278.00000256,10670.99910912,99.50000128,0.0,8,7,986.9818925673466,0.1887327685362726,,,interpolation,0 days 00:00:14.411000,14.411,4407.786,0.0
2023-11-25 14:58:27.890,0 days 01:13:27.886000,2328.765260120017,7789.365520092141,-164.78820330519898,,279.0,10323.0,100.0,0.0,8,7,994.1313888888884,0.1900999103699435,,,interpolation,0 days 00:00:14.511000,14.511,4407.886,0.0
2023-11-25 14:58:27.990,0 days 01:13:27.986000,2338.0,7844.0,-167.0,,279.6666678044435,10325.666671217774,99.66666609777826,0.0,8,8,1001.3623116282432,0.1914826227357402,,,interpolation,0 days 00:00:14.611000,14.611,4407.986,0.0
2023-11-25 14:58:28.090,0 days 01:13:28.086000,2346.135493787768,7893.322203474626,-168.97681005856447,,280.3333321955565,10328.333328782226,99.33333390222174,0.0,8,8,1008.6655485070464,0.1928791631644884,,,interpolation,0 days 00:00:14.711000,14.711,4408.086,0.0
2023-11-25 14:58:28.190,0 days 01:13:28.186000,2353.60416985825,7939.773669391786,-170.80470840446426,,281.0,10331.0,99.0,0.0,8,8,1015.986944444444,0.1942791760068933,,,interpolation,0 days 00:00:14.811000,14.811,4408.186,0.0
2023-11-25 14:58:28.290,0 days 01:13:28.286000,2363.0,7998.0,-173.0,,281.6666655288879,10385.66657336881,99.33333276444397,0.0,8,8,1023.3173862356288,0.195680918616624,,,interpolation,0 days 00:00:14.911000,14.911,4408.286,0.0
2023-11-25 14:58:28.390,0 days 01:13:28.386000,2374.7554254938213,8070.442825353609,-175.64876200600202,,282.3333344711121,10440.33342663119,99.66666723555603,0.0,8,8,1030.6473807714503,0.1970825757012365,,,interpolation,0 days 00:00:15.011000,15.011,4408.386,0.0
2023-11-25 14:58:28.490,0 days 01:13:28.486000,2388.0,8169.0,-179.0,,283.0,10495.0,100.0,0.0,8,8,1037.919444444444,0.1984731551235256,,,interpolation,0 days 00:00:15.111000,15.111,4408.486,0.0
2023-11-25 14:58:28.590,0 days 01:13:28.586000,2401.0,8294.0,-183.0,,283.6666678044435,10502.333345848878,99.66666609777826,0.0,8,8,1045.1240835476665,0.1998508414767361,,,interpolation,0 days 00:00:15.211000,15.211,4408.586,0.0
2023-11-25 14:58:28.690,0 days 01:13:28.686000,2408.5741375137777,8376.015360631129,-185.83205055114115,,284.3333321955565,10509.666654151122,99.33333390222174,0.0,8,8,1052.3451316560745,0.2012316655946826,,,interpolation,0 days 00:00:15.311000,15.311,4408.686,0.0
2023-11-25 14:58:28.790,0 days 01:13:28.786000,2410.764024759566,8413.655749085945,-187.406286288688,,285.0,10517.0,99.0,0.0,8,8,1060.0861111111103,0.2027119120862682,,,interpolation,0 days 00:00:15.411000,15.411,4408.786,0.0
2023-11-25 14:58:28.890,0 days 01:13:28.886000,2413.0,8468.0,-189.0,,285.6666655288879,10537.99996415997,99.0,0.0,8,8,1068.430849995621,0.2043076107350947,,,interpolation,0 days 00:00:15.511000,15.511,4408.886,0.0
2023-11-25 14:58:28.990,0 days 01:13:28.986000,2416.1871539692297,8549.228626740349,-190.8260946392878,,286.3333344711121,10559.00003584003,99.0,0.0,8,8,1077.2311495755998,0.2059904226652687,,,interpolation,0 days 00:00:15.611000,15.611,4408.986,0.0
2023-11-25 14:58:29.090,0 days 01:13:29.086000,2419.0,8643.0,-193.0,,287.0,10580.0,99.0,0.0,8,8,1085.5972222222215,0.2075902008012843,,,interpolation,0 days 00:00:15.711000,15.711,4409.086,0.0
2023-11-25 14:58:29.190,0 days 01:13:29.186000,2420.113112865021,8734.974282472012,-195.63718683559685,,287.6666678044435,10595.000025599978,99.0,0.0,8,8,1093.380869419939,0.2090786063090222,,,interpolation,0 days 00:00:15.811000,15.811,4409.186,0.0
2023-11-25 14:58:29.290,0 days 01:13:29.286000,2419.722024398248,8825.425011244188,-198.59303405446823,,288.3333321955565,10609.999974400022,99.0,0.0,8,8,1100.6791527906416,0.2104741995174567,,,interpolation,0 days 00:00:15.911000,15.911,4409.286,0.0
2023-11-25 14:58:29.390,0 days 01:13:29.386000,2419.0,8916.0,-201.0,,289.0,10625.0,99.0,0.0,8,8,1108.0749999999996,0.2118884490898198,,,interpolation,0 days 00:00:16.011000,16.011,4409.386,0.0
2023-11-25 14:58:29.490,0 days 01:13:29.486000,2418.142590295992,9006.972800155989,-202.713465938038,,289.49999872,10654.9999232,99.0,0.0,8,8,1115.6654766409647,0.2133399161144404,,,interpolation,0 days 00:00:16.111000,16.111,4409.486,0.0
2023-11-25 14:58:29.590,0 days 01:13:29.586000,2417.0,9093.0,-204.0,,290.0,10685.0,99.0,0.0,8,8,1124.186111111111,0.2149692498898081,,,interpolation,0 days 00:00:16.211000,16.211,4409.586,0.0
2023-11-25 14:58:29.690,0 days 01:13:29.686000,2415.422454305799,9168.736375339868,-205.1261395972872,,290.49999872,10712.99992832,99.0,0.0,8,8,1134.372266830244,0.2169170681670137,,,interpolation,0 days 00:00:16.311000,16.311,4409.686,0.0
2023-11-25 14:58:29.790,0 days 01:13:29.786000,2413.409937059278,9234.182701718028,-206.0918962616004,,291.0,10741.0,99.0,0.0,8,8,1143.5861111111103,0.2186789589910354,,,interpolation,0 days 00:00:16.411000,16.411,4409.786,0.0
2023-11-25 14:58:29.890,0 days 01:13:29.886000,2411.192461523117,9294.53734187714,-207.01169967511308,,291.49999872,10738.00000768,99.49999872,0.0,8,8,1149.189612610476,0.2197504724194343,,,interpolation,0 days 00:00:16.511000,16.511,4409.886,0.0
2023-11-25 14:58:29.990,0 days 01:13:29.986000,2409.0,9355.0,-208.0,,292.0,10735.0,100.0,0.0,8,8,1156.5638888888884,0.2211605971526813,,,interpolation,0 days 00:00:16.611000,16.611,4409.986,0.0
2023-11-25 14:58:30.090,0 days 01:13:30.086000,2406.8325749406767,9415.570056950572,-209.05678711609173,,292.0,10798.0,99.0,0.0,8,8,1169.5416666666663,0.2236422353143271,,,interpolation,0 days 00:00:16.711000,16.711,4410.086,0.0
2023-11-25 14:58:30.190,0 days 01:13:30.186000,2404.0,9485.0,-210.0,,292.33333390222174,10803.333342435548,99.33333390222174,0.0,8,8,1178.8334518790066,0.2254190301683925,,,interpolation,0 days 00:00:16.811000,16.811,4410.186,0.0
2023-11-25 14:58:30.290,0 days 01:13:30.286000,2399.81214003282,9572.040985219475,-210.647557148337,,292.66666609777826,10808.666657564452,99.66666609777826,0.0,8,8,1183.7087717504965,0.2263512991631688,,,interpolation,0 days 00:00:16.911000,16.911,4410.286,0.0
2023-11-25 14:58:30.390,0 days 01:13:30.386000,2395.0,9663.0,-211.0,,293.0,10814.0,100.0,0.0,8,8,1189.0749999999998,0.2273774406980371,,,interpolation,0 days 00:00:17.011000,17.011,4410.386,0.0
2023-11-25 14:58:30.490,0 days 01:13:30.486000,2390.294677022376,9744.182209012884,-211.05785975387948,,293.49999872,10816.4999936,100.0,0.0,8,8,1195.7499619974462,0.2286538410728966,,,interpolation,0 days 00:00:17.111000,17.111,4410.486,0.0
2023-11-25 14:58:30.590,0 days 01:13:30.586000,2385.0,9826.0,-211.0,,294.0,10819.0,100.0,0.0,8,8,1205.408333333333,0.2305007353021632,,,interpolation,0 days 00:00:17.211000,17.211,4410.586,0.0
2023-11-25 14:58:30.690,0 days 01:13:30.686000,2378.419900232915,9918.864091583113,-211.00528432837936,,294.0,10849.0,99.0,0.0,8,8,1218.4749999999997,0.2329993709854641,,,interpolation,0 days 00:00:17.311000,17.311,4410.686,0.0
2023-11-25 14:58:30.790,0 days 01:13:30.786000,2372.0,10006.0,-211.0,,294.0,10850.000001706663,99.0,0.0,8,8,1227.4522977502893,0.2347160288807567,,,interpolation,0 days 00:00:17.411000,17.411,4410.786,0.0
2023-11-25 14:58:30.890,0 days 01:13:30.886000,2367.1860547001124,10070.631398288551,-210.9104342758443,,294.0,10850.999998293337,99.0,0.0,8,8,1232.0555411751177,0.2355962708409758,,,interpolation,0 days 00:00:17.511000,17.511,4410.886,0.0
2023-11-25 14:58:30.990,0 days 01:13:30.986000,2361.0,10153.0,-211.0,,294.0,10852.0,99.0,0.0,8,8,1238.0749999999996,0.2367473245104155,,,interpolation,0 days 00:00:17.611000,17.611,4410.986,0.0
2023-11-25 14:58:31.090,0 days 01:13:31.086000,2350.463884206424,10293.346013405357,-211.5321100165548,,294.24999936,10844.5000192,99.0,0.0,8,8,1246.4756414489143,0.2383537129660437,,,interpolation,0 days 00:00:17.711000,17.711,4411.086,0.0
2023-11-25 14:58:31.190,0 days 01:13:31.186000,2340.0,10431.0,-212.0,,294.5,10837.0,99.0,0.0,8,8,1257.2575515446506,0.2404154526573204,,,interpolation,0 days 00:00:17.811000,17.811,4411.186,0.0
2023-11-25 14:58:31.290,0 days 01:13:31.286000,2334.030855101276,10505.289674560165,-211.8968953848336,,294.74999936,10829.5000192,99.0,0.0,8,8,1268.2814688547298,0.242523469480845,,,interpolation,0 days 00:00:17.911000,17.911,4411.286,0.0
2023-11-25 14:58:31.390,0 days 01:13:31.386000,2331.603424663552,10528.79607726386,-211.3363841024621,,295.0,10822.0,99.0,0.0,8,8,1277.4083333333328,0.2442687278428008,,,interpolation,0 days 00:00:18.011000,18.011,4411.386,0.0
2023-11-25 14:58:31.490,0 days 01:13:31.486000,2327.0,10577.0,-211.0,,294.666667235556,10810.000020480018,99.0,0.0,8,8,1284.6380515216078,0.2456512098717881,,,interpolation,0 days 00:00:18.111000,18.111,4411.486,0.0
2023-11-25 14:58:31.590,0 days 01:13:31.586000,2319.267570248918,10662.482215828026,-211.0013286200669,,294.333332764444,10797.999979519982,99.0,0.0,8,8,1290.370935385982,0.2467474640701359,,,interpolation,0 days 00:00:18.211000,18.211,4411.586,0.0
2023-11-25 14:58:31.690,0 days 01:13:31.686000,2311.0,10756.0,-211.0,,294.0,10786.0,99.0,0.0,8,8,1297.008333333333,0.2480166813677522,,,interpolation,0 days 00:00:18.311000,18.311,4411.686,0.0
2023-11-25 14:58:31.790,0 days 01:13:31.786000,2304.7909900029517,10828.312460727766,-210.65564417713009,,293.49999872,10715.9998208,99.0,0.0,8,8,1304.9505512647086,0.2495354091071313,,,interpolation,0 days 00:00:18.411000,18.411,4411.786,0.0
2023-11-25 14:58:31.890,0 days 01:13:31.886000,2297.0,10902.0,-210.0,,293.0,10646.0,99.0,0.0,8,8,1313.2861111111108,0.2511293525208439,,,interpolation,0 days 00:00:18.511000,18.511,4411.886,0.0
2023-11-25 14:58:31.990,0 days 01:13:31.986000,2283.9863463732627,10999.644514845852,-209.06479607714505,,281.99997184,10286.99908096,49.49987328,0.0,8,8,1321.1037014879785,0.2526242487152117,,,interpolation,0 days 00:00:18.611000,18.611,4411.986,0.0
2023-11-25 14:58:32.090,0 days 01:13:32.086000,2266.940014116361,11114.26697337842,-207.9216275758316,,271.0,9928.0,0.0,0.0,8,8,1328.3416666666662,0.2540083077511779,,,interpolation,0 days 00:00:18.711000,18.711,4412.086,0.0
2023-11-25 14:58:32.190,0 days 01:13:32.186000,2253.0,11204.0,-207.0,,254.49995776,9711.7494464,0.0,1.0,8,8,1334.9385050874002,0.2552697691701842,,,interpolation,0 days 00:00:18.811000,18.811,4412.186,0.0
2023-11-25 14:58:32.290,0 days 01:13:32.286000,2243.356298503709,11261.864643837123,-206.3715083778952,,238.0,9495.5,0.0,1.0,8,8,1340.894149198728,0.2564086200548988,,,interpolation,0 days 00:00:18.911000,18.911,4412.286,0.0
2023-11-25 14:58:32.390,0 days 01:13:32.386000,2238.008810875732,11287.861497425263,-206.03614627374657,,221.49995776,9279.2494464,0.0,1.0,8,8,1346.282261828021,0.2574389463672352,,,interpolation,0 days 00:00:19.011000,19.011,4412.386,0.0
2023-11-25 14:58:32.490,0 days 01:13:32.486000,2232.156958769885,11305.677429500718,-205.68271359272453,,205.0,9063.0,0.0,1.0,8,8,1351.1763888888884,0.2583748117126096,,,interpolation,0 days 00:00:19.111000,19.111,4412.486,0.0
2023-11-25 14:58:32.590,0 days 01:13:32.586000,2221.0,11339.0,-205.0,,194.74997376,9144.250208,0.0,1.0,8,8,1355.5765804973184,0.2592162256743074,,,interpolation,0 days 00:00:19.211000,19.211,4412.586,0.0
2023-11-25 14:58:32.690,0 days 01:13:32.686000,2204.5380488130427,11387.828867700868,-203.98801248654237,,184.5,9225.5,0.0,1.0,8,8,1359.4827915954656,0.2599631796362719,,,interpolation,0 days 00:00:19.311000,19.311,4412.686,0.0
2023-11-25 14:58:32.790,0 days 01:13:32.786000,2187.0,11438.0,-203.0,,174.24997376,9306.750208,0.0,1.0,8,8,1363.3358223323237,0.2606999643368818,,,interpolation,0 days 00:00:19.411000,19.411,4412.786,0.0
2023-11-25 14:58:32.890,0 days 01:13:32.886000,2172.6150965117517,11475.3483505344,-202.38923196801545,,164.0,9388.0,0.0,1.0,8,7,1367.5763888888882,0.261510854457977,,,car,0 days 00:00:19.511000,19.511,4412.886,0.0
2023-11-25 14:58:32.990,0 days 01:13:32.986000,2159.9049144416795,11502.699031867927,-202.1224338096189,,158.24998528,9416.7500736,0.0,1.0,8,7,1372.204534688672,0.2623958583030938,,,interpolation,0 days 00:00:19.611000,19.611,4412.986,0.0
2023-11-25 14:58:33.090,0 days 01:13:33.086000,2140.0,11537.0,-202.0,,152.5,9445.5,0.0,1.0,8,7,1377.220212339584,0.263354966809816,,,interpolation,0 days 00:00:19.711000,19.711,4413.086,0.0
2023-11-25 14:58:33.190,0 days 01:13:33.186000,2111.421872755053,11581.076336289245,-201.9886609587416,,146.74998528,9474.2500736,0.0,1.0,8,7,1382.1140023291468,0.2642907676997014,,,interpolation,0 days 00:00:19.811000,19.811,4413.186,0.0
2023-11-25 14:58:33.290,0 days 01:13:33.286000,2080.0,11625.0,-202.0,,141.0,9503.0,0.0,1.0,8,7,1386.3763888888882,0.2651058302880324,,,interpolation,0 days 00:00:19.911000,19.911,4413.286,0.0
2023-11-25 14:58:33.390,0 days 01:13:33.386000,2051.563234628044,11658.84385151642,-201.9456004379306,,136.3333253688957,9211.666169458202,0.0,1.0,8,4,1390.0074156657577,0.2658001629210712,,,interpolation,0 days 00:00:20.011000,20.011,4413.386,0.0
2023-11-25 14:58:33.490,0 days 01:13:33.486000,2026.1118678309156,11682.607544278351,-201.8254628295835,,131.6666746311043,8920.333830541798,0.0,1.0,8,4,1393.1046956586588,0.266392431363273,,,interpolation,0 days 00:00:20.111000,20.111,4413.486,0.0
2023-11-25 14:58:33.590,0 days 01:13:33.586000,2002.6044391183425,11700.567582661071,-201.7925938064452,,127.0,8629.0,0.0,1.0,8,4,1396.254166666666,0.2669946798819563,,,interpolation,0 days 00:00:20.211000,20.211,4413.586,0.0
2023-11-25 14:58:33.690,0 days 01:13:33.686000,1980.0,11717.0,-202.0,,123.00001024,8405.00057344,0.0,1.0,8,3,1399.553446619801,0.2676255751845152,,,interpolation,0 days 00:00:20.311000,20.311,4413.686,0.0
2023-11-25 14:58:33.790,0 days 01:13:33.786000,1958.2983190057969,11731.90496456353,-202.44768353409196,,119.0,8181.0,0.0,1.0,8,3,1402.865277777777,0.268258870555055,,,interpolation,0 days 00:00:20.411000,20.411,4413.786,0.0
2023-11-25 14:58:33.890,0 days 01:13:33.886000,1931.0,11746.0,-203.0,,116.00000768,8030.50038528,0.0,1.0,8,3,1406.0523347025328,0.2688683063323692,,,interpolation,0 days 00:00:20.511000,20.511,4413.886,0.0
2023-11-25 14:58:33.990,0 days 01:13:33.986000,1891.605145086688,11760.00292691772,-203.5213152290032,,113.0,7880.0,0.0,1.0,8,3,1409.1430555555548,0.269459320521947,,,interpolation,0 days 00:00:20.611000,20.611,4413.986,0.0
2023-11-25 14:58:34.090,0 days 01:13:34.086000,1853.0,11771.0,-204.0,,110.5000064,7750.50033152,0.0,1.0,8,3,1412.165814213883,0.2700373388366693,,,interpolation,0 days 00:00:20.711000,20.711,4414.086,0.0
2023-11-25 14:58:34.190,0 days 01:13:34.186000,1828.070011754351,11776.077729930004,-204.4244353318876,,108.0,7621.0,0.0,1.0,8,3,1415.1430555555548,0.2706066532336668,,,interpolation,0 days 00:00:20.811000,20.811,4414.186,0.0
2023-11-25 14:58:34.290,0 days 01:13:34.286000,1814.344768455738,11775.84994988476,-204.78233380338057,,107.00000256,7481.0003584,0.0,0.0,8,3,1418.097163018605,0.2711715439213822,,,interpolation,0 days 00:00:20.911000,20.911,4414.286,0.0
2023-11-25 14:58:34.390,0 days 01:13:34.386000,1797.0,11774.0,-205.0,,106.0,7341.0,0.0,0.0,8,3,1421.0319444444438,0.2717327390433177,,,interpolation,0 days 00:00:21.011000,21.011,4414.386,0.0
2023-11-25 14:58:34.490,0 days 01:13:34.486000,1773.565216820684,11771.141784392026,-205.0651486177712,,104.50000384,7543.4994816,5.999984639999999,0.0,8,3,1423.951147372258,0.272290955211856,,,interpolation,0 days 00:00:21.111000,21.111,4414.486,0.0
2023-11-25 14:58:34.590,0 days 01:13:34.586000,1747.0,11766.0,-205.0,,103.0,7746.0,12.0,0.0,8,3,1426.754166666666,0.2728269544998653,,,interpolation,0 days 00:00:21.211000,21.211,4414.586,0.0
2023-11-25 14:58:34.690,0 days 01:13:34.686000,1720.2644426200195,11757.29942568306,-204.8267744899888,,103.0,7800.333240604365,21.99998293331877,0.0,8,3,1429.3403385967297,0.2733214877754475,,,interpolation,0 days 00:00:21.311000,21.311,4414.686,0.0
2023-11-25 14:58:34.790,0 days 01:13:34.786000,1693.3582709079528,11745.039972347087,-204.545470313904,,103.0,7854.666759395634,32.00001706668123,0.0,8,3,1431.8100327997715,0.2737937479332967,,,interpolation,0 days 00:00:21.411000,21.411,4414.786,0.0
2023-11-25 14:58:34.890,0 days 01:13:34.886000,1668.5230904619236,11732.010590437563,-204.4914309808686,,103.0,7909.0,42.0,0.0,8,3,1434.7652777777769,0.2743588561390319,,,interpolation,0 days 00:00:21.511000,21.511,4414.886,0.0
2023-11-25 14:58:34.990,0 days 01:13:34.986000,1648.0,11721.0,-205.0,,105.00000512,8130.50056704,48.00001536,0.0,8,3,1438.3064469473832,0.2750360060100357,,,interpolation,0 days 00:00:21.611000,21.611,4414.986,0.0
2023-11-25 14:58:35.090,0 days 01:13:35.086000,1627.0,11708.0,-206.0,,107.0,8352.0,54.0,0.0,8,3,1441.8986111111103,0.2757229072518543,,,interpolation,0 days 00:00:21.711000,21.711,4415.086,0.0
2023-11-25 14:58:35.190,0 days 01:13:35.186000,1583.0,11674.0,-207.0,,108.00000256,8559.00052992,57.50000896,0.0,8,3,1445.0069141168028,0.2763172835379156,,,interpolation,0 days 00:00:21.811000,21.811,4415.186,0.0
2023-11-25 14:58:35.290,0 days 01:13:35.286000,1548.4866899306876,11645.229559976917,-207.542393321109,,109.0,8766.0,61.0,0.0,8,3,1447.923888888888,0.2768750736337948,,,interpolation,0 days 00:00:21.911000,21.911,4415.286,0.0
2023-11-25 14:58:35.390,0 days 01:13:35.386000,1529.6723442306984,11626.728015925404,-207.5627809219732,,113.33334072888258,9096.333897101742,65.00000682666084,0.0,8,3,1450.9421300506383,0.2774522281032506,,,interpolation,0 days 00:00:22.011000,22.011,4415.386,0.0
2023-11-25 14:58:35.490,0 days 01:13:35.486000,1517.0219313754003,11610.612572711208,-207.5517767818507,,117.66665927111742,9426.66610289826,68.99999317333916,0.0,8,3,1454.076098486551,0.2780515121872539,,,interpolation,0 days 00:00:22.111000,22.111,4415.486,0.0
2023-11-25 14:58:35.590,0 days 01:13:35.586000,1501.0,11589.0,-208.0,,122.0,9757.0,73.0,0.0,8,3,1457.412777777777,0.2786895590704776,,,interpolation,0 days 00:00:22.211000,22.211,4415.586,0.0
2023-11-25 14:58:35.690,0 days 01:13:35.686000,1481.6067141686551,11561.89051910397,-208.90744598662724,,126.49998848,10062.99921664,73.99999744,0.0,8,3,1460.9666255480165,0.2793691333703557,,,interpolation,0 days 00:00:22.311000,22.311,4415.686,0.0
2023-11-25 14:58:35.790,0 days 01:13:35.786000,1461.0,11531.0,-210.0,,131.0,10369.0,75.0,0.0,8,3,1464.6905555555547,0.2800812311559896,,,interpolation,0 days 00:00:22.411000,22.411,4415.786,0.0
2023-11-25 14:58:35.890,0 days 01:13:35.886000,1441.3381932125926,11498.044906584832,-211.003526818396,,134.49999104,10477.49972224,75.99999744,0.0,8,3,1468.5374070342375,0.2808168342457597,,,interpolation,0 days 00:00:22.511000,22.511,4415.886,0.0
2023-11-25 14:58:35.990,0 days 01:13:35.986000,1423.0,11464.0,-212.0,,138.0,10586.0,77.0,0.0,8,3,1472.3572222222217,0.2815472673987427,,,interpolation,0 days 00:00:22.611000,22.611,4415.986,0.0
2023-11-25 14:58:36.090,0 days 01:13:36.086000,1406.364515675801,11429.840727466952,-213.07137262299665,,142.33332593777146,10875.332839537356,84.3333208177671,0.0,8,3,1475.9999648509963,0.2822438403618043,,,interpolation,0 days 00:00:22.711000,22.711,4416.086,0.0
2023-11-25 14:58:36.190,0 days 01:13:36.186000,1391.520313213334,11396.10247772388,-214.1688956178572,,146.66667406222854,11164.667160462644,91.6666791822329,0.0,8,3,1479.6153796686915,0.2829351876429339,,,interpolation,0 days 00:00:22.811000,22.811,4416.186,0.0
2023-11-25 14:58:36.290,0 days 01:13:36.286000,1379.0,11366.0,-215.0,,151.0,11454.0,99.0,0.0,8,3,1484.1016666666658,0.2837930649474238,,,interpolation,0 days 00:00:22.911000,22.911,4416.286,0.0
2023-11-25 14:58:36.390,0 days 01:13:36.386000,1368.8921911485816,11340.068724575149,-215.51593423954475,,156.0000128,11057.99898624,99.0,0.0,8,3,1489.608579230957,0.2848461084350225,,,interpolation,0 days 00:00:23.011000,23.011,4416.386,0.0
2023-11-25 14:58:36.490,0 days 01:13:36.486000,1359.0,11313.0,-216.0,,161.0,10662.0,99.0,0.0,8,3,1494.8349999999991,0.2858455156872781,,,interpolation,0 days 00:00:23.111000,23.111,4416.486,0.0
2023-11-25 14:58:36.590,0 days 01:13:36.586000,1347.1263350951403,11279.484632105105,-216.7355091848791,,165.6666746311043,10832.333624035307,99.0,0.0,8,3,1498.4799215215264,0.2865425053028281,,,interpolation,0 days 00:00:23.211000,23.211,4416.586,0.0
2023-11-25 14:58:36.690,0 days 01:13:36.686000,1333.4452271773614,11239.84356337198,-217.7268047507248,,170.3333253688957,11002.666375964693,99.0,0.0,8,3,1501.1518012828749,0.2870534278114909,,,interpolation,0 days 00:00:23.311000,23.311,4416.686,0.0
2023-11-25 14:58:36.790,0 days 01:13:36.786000,1319.0,11196.0,-219.0,,175.0,11173.0,99.0,0.0,8,3,1506.5016666666656,0.2880764404045111,,,interpolation,0 days 00:00:23.411000,23.411,4416.786,0.0
2023-11-25 14:58:36.890,0 days 01:13:36.886000,1303.964710639145,11148.27499023114,-220.55943238335635,,179.0,11566.0,99.0,0.0,8,4,1514.4572222222212,0.2895977185926432,,,interpolation,0 days 00:00:23.511000,23.511,4416.886,0.0
2023-11-25 14:58:36.990,0 days 01:13:36.986000,1286.0,11091.0,-222.0,,181.5000064,11353.99945728,99.0,0.0,8,4,1520.9341016842227,0.2908362412054133,,,interpolation,0 days 00:00:23.611000,23.611,4416.986,0.0
2023-11-25 14:58:37.090,0 days 01:13:37.086000,1264.0,11022.0,-223.0,,184.0,11142.0,99.0,0.0,8,4,1525.2515032501617,0.2916618238797853,,,interpolation,0 days 00:00:23.711000,23.711,4417.086,0.0
2023-11-25 14:58:37.190,0 days 01:13:37.186000,1245.3634670498486,10962.229039836153,-224.0600255201492,,186.5000064,10929.99945728,99.0,0.0,8,4,1528.8967884941258,0.2923588830471102,,,interpolation,0 days 00:00:23.811000,23.811,4417.186,0.0
2023-11-25 14:58:37.290,0 days 01:13:37.286000,1229.0,10909.0,-225.0,,189.0,10718.0,99.0,0.0,8,4,1533.357222222221,0.2932118166345606,,,interpolation,0 days 00:00:23.911000,23.911,4417.286,0.0
2023-11-25 14:58:37.390,0 days 01:13:37.386000,1212.5856862086584,10856.132174304168,-225.55643758824007,,194.50001408,10882.50042112,99.0,0.0,8,4,1538.6328501094038,0.2942206333761982,,,interpolation,0 days 00:00:24.011000,24.011,4417.386,0.0
2023-11-25 14:58:37.490,0 days 01:13:37.486000,1196.0,10803.0,-226.0,,200.0,11047.0,99.0,0.0,8,4,1544.468333333332,0.2953365068414491,,,interpolation,0 days 00:00:24.111000,24.111,4417.486,0.0
2023-11-25 14:58:37.590,0 days 01:13:37.586000,1179.1220777781955,10748.97682889881,-226.6013591904126,,203.33333902221736,11158.33352334206,99.0,0.0,8,5,1550.60844684945,0.2965106323565682,,,interpolation,0 days 00:00:24.211000,24.211,4417.586,0.0
2023-11-25 14:58:37.690,0 days 01:13:37.686000,1161.897662970689,10693.923371420446,-227.3296806334533,,206.66666097778264,11269.66647665794,99.0,0.0,8,5,1556.978968052961,0.297728816917817,,,interpolation,0 days 00:00:24.311000,24.311,4417.686,0.0
2023-11-25 14:58:37.790,0 days 01:13:37.786000,1144.0,10637.0,-228.0,,210.0,11381.0,99.0,0.0,8,5,1563.1349999999989,0.2989059863890218,,,interpolation,0 days 00:00:24.411000,24.411,4417.786,0.0
2023-11-25 14:58:37.890,0 days 01:13:37.886000,1125.3748427356925,10578.067454755295,-228.5814820578777,,212.66666211555167,11127.000433493704,99.0,0.0,8,5,1569.002319922763,0.3000279477352739,,,interpolation,0 days 00:00:24.511000,24.511,4417.886,0.0
2023-11-25 14:58:37.990,0 days 01:13:37.986000,1108.0,10523.0,-229.0,,215.33333788444835,10872.999566506296,99.0,0.0,8,5,1574.6053890405594,0.301099378482753,,,interpolation,0 days 00:00:24.611000,24.611,4417.986,0.0
2023-11-25 14:58:38.090,0 days 01:13:38.086000,1093.8536492551525,10477.67306740776,-229.18141677927747,,218.0,10619.0,99.0,0.0,8,5,1580.0905555555544,0.3021482636447337,,,interpolation,0 days 00:00:24.711000,24.711,4418.086,0.0
2023-11-25 14:58:38.190,0 days 01:13:38.186000,1079.0,10430.0,-229.0,,220.00000341333043,10661.33340558216,99.0,0.0,8,5,1585.4822767737933,0.3031792799990935,,,interpolation,0 days 00:00:24.811000,24.811,4418.186,0.0
2023-11-25 14:58:38.290,0 days 01:13:38.286000,1059.5035586934391,10367.895093118288,-228.33001726645105,,221.9999965866696,10703.66659441784,99.0,0.0,8,5,1590.9502191963434,0.3042248715336256,,,interpolation,0 days 00:00:24.911000,24.911,4418.286,0.0
2023-11-25 14:58:38.390,0 days 01:13:38.386000,1035.8550236891165,10292.870094819396,-227.2243126100948,,224.0,10746.0,99.0,0.0,8,5,1597.5127777777766,0.3054797778891349,,,interpolation,0 days 00:00:25.011000,25.011,4418.386,0.0
2023-11-25 14:58:38.490,0 days 01:13:38.486000,1011.0,10214.0,-226.0,,227.99998976,10905.49959168,99.0,0.0,8,6,1605.3396070298174,0.3069764407607869,,,interpolation,0 days 00:00:25.111000,25.111,4418.486,0.0
2023-11-25 14:58:38.590,0 days 01:13:38.586000,985.4291311077384,10132.796385040998,-224.7099177912793,,232.0,11065.0,99.0,0.0,8,6,1612.979444444443,0.3084373466571237,,,interpolation,0 days 00:00:25.211000,25.211,4418.586,0.0
2023-11-25 14:58:38.690,0 days 01:13:38.686000,959.142678857358,10049.260081465276,-223.35407919434076,,234.3333293511077,11148.999856639875,99.0,0.0,8,6,1618.9808691349892,0.3095849518011881,,,interpolation,0 days 00:00:25.311000,25.311,4418.686,0.0
2023-11-25 14:58:38.790,0 days 01:13:38.786000,934.5347630183098,9971.09334291695,-222.07119460023225,,236.66667064889228,11233.000143360125,99.0,0.0,8,6,1623.6673388346094,0.3104811084659978,,,interpolation,0 days 00:00:25.411000,25.411,4418.786,0.0
2023-11-25 14:58:38.890,0 days 01:13:38.886000,914.0,9906.0,-221.0,,239.0,11317.0,99.0,0.0,8,6,1628.9791666666652,0.311496847437788,,,car,0 days 00:00:25.511000,25.511,4418.886,0.0
2023-11-25 14:58:38.990,0 days 01:13:38.986000,897.5381795259168,9853.979386156889,-220.1404844245832,,241.00000512,11363.50011904,99.0,0.0,8,6,1635.2398033028298,0.3126940196392651,,,interpolation,0 days 00:00:25.611000,25.611,4418.986,0.0
2023-11-25 14:58:39.090,0 days 01:13:39.086000,885.1494701646706,9815.032034077332,-219.49265667539885,,243.0,11410.0,99.0,0.0,8,6,1642.4791666666652,0.3140783460391575,,,car,0 days 00:00:25.711000,25.711,4419.086,0.0
2023-11-25 14:58:39.190,0 days 01:13:39.186000,872.6859514810884,9776.818435839115,-218.84849674851503,,245.00000512,11280.99966976,99.0,0.0,8,6,1650.7273129217515,0.3156555740407425,,,interpolation,0 days 00:00:25.811000,25.811,4419.186,0.0
2023-11-25 14:58:39.290,0 days 01:13:39.286000,856.0,9727.0,-218.0,,247.0,11152.0,99.0,0.0,8,6,1658.9458333333318,0.3172271369257663,,,interpolation,0 days 00:00:25.911000,25.911,4419.286,0.0
2023-11-25 14:58:39.390,0 days 01:13:39.386000,835.091444856831,9665.57621641791,-216.94715774122668,,248.75000448,11006.24962688,99.0,0.0,8,6,1666.096487785294,0.3185945002195898,,,interpolation,0 days 00:00:26.011000,26.011,4419.386,0.0
2023-11-25 14:58:39.490,0 days 01:13:39.486000,811.0,9595.0,-216.0,,250.5,10860.5,99.0,0.0,8,6,1672.1792030551237,0.3197576499204486,,,interpolation,0 days 00:00:26.111000,26.111,4419.486,0.0
2023-11-25 14:58:39.590,0 days 01:13:39.586000,784.7649185778921,9517.722913973324,-215.46853632413132,,252.25000448,10714.74962688,99.0,0.0,8,6,1677.9952659760554,0.3208698097942163,,,interpolation,0 days 00:00:26.211000,26.211,4419.586,0.0
2023-11-25 14:58:39.690,0 days 01:13:39.686000,761.0,9448.0,-215.0,,254.0,10569.0,99.0,0.0,8,7,1684.3458333333317,0.3220841787387135,,,car,0 days 00:00:26.311000,26.311,4419.686,0.0
2023-11-25 14:58:39.790,0 days 01:13:39.786000,744.3185316759273,9400.084794462504,-214.24161407398515,,255.00000256,10664.0002432,99.0,0.0,8,7,1691.2309701569284,0.3234007691891099,,,interpolation,0 days 00:00:26.411000,26.411,4419.786,0.0
2023-11-25 14:58:39.890,0 days 01:13:39.886000,728.0,9354.0,-214.0,,256.0,10759.0,99.0,0.0,14,7,1698.568055555554,0.3248037822035307,,,car,0 days 00:00:26.511000,26.511,4419.886,1.0
2023-11-25 14:58:39.990,0 days 01:13:39.986000,705.3235534464457,9289.767356691376,-215.0817689919774,,258.6666712177739,10822.33344142213,99.0,0.0,14,7,1706.2746142734843,0.3262774466888425,,,interpolation,0 days 00:00:26.611000,26.611,4419.986,1.0
2023-11-25 14:58:40.090,0 days 01:13:40.086000,680.0,9218.0,-216.0,,261.3333287822261,10885.66655857787,99.0,0.0,14,7,1714.2659818178513,0.3278055729213472,,,interpolation,0 days 00:00:26.711000,26.711,4420.086,1.0
2023-11-25 14:58:40.190,0 days 01:13:40.186000,655.7396561253913,9149.3096727492,-215.26779245412408,,264.0,10949.0,99.0,0.0,14,7,1722.0347222222206,0.3292911279204793,,,interpolation,0 days 00:00:26.811000,26.811,4420.186,1.0
2023-11-25 14:58:40.290,0 days 01:13:40.286000,631.0,9079.0,-214.0,,265.49999616,11039.99976704,99.0,0.0,14,7,1729.4961703569868,0.3307179218407823,,,interpolation,0 days 00:00:26.911000,26.911,4420.286,1.0
2023-11-25 14:58:40.390,0 days 01:13:40.386000,604.2380080411865,9002.373183453348,-213.31145580328456,,267.0,11131.0,99.0,0.0,14,7,1736.8680555555538,0.3321275893466754,,,interpolation,0 days 00:00:27.011000,27.011,4420.386,1.0
2023-11-25 14:58:40.490,0 days 01:13:40.486000,579.0,8930.0,-213.0,,268.99999488,11192.49984256,99.0,0.0,12,7,1744.3679552579868,0.3335617360572119,,,interpolation,0 days 00:00:27.111000,27.111,4420.486,1.0
2023-11-25 14:58:40.590,0 days 01:13:40.586000,558.8317631475678,8872.449700770923,-212.86346248617505,,271.0,11254.0,99.0,0.0,12,7,1751.9236111111095,0.3350065445770094,,,interpolation,0 days 00:00:27.211000,27.211,4420.586,1.0
2023-11-25 14:58:40.690,0 days 01:13:40.686000,539.0,8816.0,-213.0,,271.99999744,11333.9997952,99.0,0.0,12,7,1759.4626105928587,0.3364481680301843,,,interpolation,0 days 00:00:27.311000,27.311,4420.686,1.0
2023-11-25 14:58:40.790,0 days 01:13:40.786000,514.7710034733411,8746.92744456091,-213.50776927967172,,273.0,11414.0,99.0,0.0,12,7,1767.090277777776,0.3379067467094122,,,interpolation,0 days 00:00:27.411000,27.411,4420.786,1.0
2023-11-25 14:58:40.890,0 days 01:13:40.886000,489.0,8673.0,-214.0,,274.49999616,11468.9998592,99.0,0.0,12,7,1774.9117814337376,0.339402391209299,,,interpolation,0 days 00:00:27.511000,27.511,4420.886,1.0
2023-11-25 14:58:40.990,0 days 01:13:40.986000,464.5417040123852,8601.984167543596,-214.08993207578789,,276.0,11524.0,99.0,0.0,12,7,1782.4236111111093,0.3408388191949184,,,interpolation,0 days 00:00:27.611000,27.611,4420.986,1.0
2023-11-25 14:58:41.090,0 days 01:13:41.086000,439.0,8528.0,-214.0,,276.0,11174.000896,99.0,0.0,12,7,1789.1220993469235,0.3421197183069217,,,interpolation,0 days 00:00:27.711000,27.711,4421.086,1.0
2023-11-25 14:58:41.190,0 days 01:13:41.186000,409.9782604522725,8445.16606537732,-213.9526382656004,,276.0,10824.0,99.0,0.0,12,7,1797.7569444444423,0.3437708916804245,,,interpolation,0 days 00:00:27.811000,27.811,4421.186,1.0
2023-11-25 14:58:41.290,0 days 01:13:41.286000,378.5328605103805,8356.266470591094,-213.94944432146377,,276.0,10427.0,99.0,0.0,12,7,1810.0236111111087,0.3461165496688295,,,interpolation,0 days 00:00:27.911000,27.911,4421.286,1.0
2023-11-25 14:58:41.390,0 days 01:13:41.386000,351.0,8278.0,-214.0,,279.3333390222174,10484.333431182138,99.0,0.0,12,8,1819.5977114940567,0.347947329427937,,,interpolation,0 days 00:00:28.011000,28.011,4421.386,1.0
2023-11-25 14:58:41.490,0 days 01:13:41.486000,328.43603881622664,8213.150713748872,-214.1059017474121,,282.6666609777826,10541.666568817862,99.0,0.0,12,8,1825.9542125085889,0.3491628330189457,,,interpolation,0 days 00:00:28.111000,28.111,4421.486,1.0
2023-11-25 14:58:41.590,0 days 01:13:41.586000,304.0,8143.0,-214.0,,286.0,10599.0,99.0,0.0,12,8,1832.2680555555537,0.3503701794630203,,,interpolation,0 days 00:00:28.211000,28.211,4421.586,1.0
2023-11-25 14:58:41.690,0 days 01:13:41.686000,270.8513878723452,8048.830629315908,-213.41514519406329,,287.3333310577758,10645.666587022157,99.0,0.0,12,8,1839.068317517689,0.3516705399625904,,,interpolation,0 days 00:00:28.311000,28.311,4421.686,1.0
2023-11-25 14:58:41.790,0 days 01:13:41.786000,240.0,7961.0,-213.0,,288.6666689422242,10692.333412977843,99.0,0.0,12,8,1846.4323328501123,0.3530787025760064,,,interpolation,0 days 00:00:28.411000,28.411,4421.786,1.0
2023-11-25 14:58:41.890,0 days 01:13:41.886000,222.4562893095906,7909.867374035375,-213.40323732820133,,290.0,10739.0,99.0,0.0,12,8,1854.823611111109,0.3546833005830039,,,interpolation,0 days 00:00:28.511000,28.511,4421.886,1.0
2023-11-25 14:58:41.990,0 days 01:13:41.986000,198.0,7839.0,-214.0,,291.6666695111087,10772.333390222171,99.0,0.0,12,8,1864.3195030478475,0.3564991251573333,,,interpolation,0 days 00:00:28.611000,28.611,4421.986,1.0
2023-11-25 14:58:42.090,0 days 01:13:42.086000,146.41130635025502,7691.966375752225,-214.1654205967415,,293.3333304888913,10805.666609777829,99.0,0.0,12,8,1874.6551045506997,0.3584755207739204,,,interpolation,0 days 00:00:28.711000,28.711,4422.086,1.0
2023-11-25 14:58:42.190,0 days 01:13:42.186000,95.0,7546.0,-214.0,,295.0,10839.0,99.0,0.0,12,8,1884.2416666666647,0.3603086834920172,,,interpolation,0 days 00:00:28.811000,28.811,4422.186,1.0
2023-11-25 14:58:42.290,0 days 01:13:42.286000,71.07692730847924,7478.337371770145,-213.60423909134283,,295.6666655288879,10865.99995391996,99.0,0.0,12,8,1892.8142843576563,0.3619479576090076,,,interpolation,0 days 00:00:28.911000,28.911,4422.286,1.0
2023-11-25 14:58:42.390,0 days 01:13:42.386000,69.78684221755245,7475.097573405249,-213.07572441863107,,296.3333344711121,10893.00004608004,99.0,0.0,12,8,1900.4201339791796,0.3634023642875401,,,interpolation,0 days 00:00:29.011000,29.011,4422.386,1.0
2023-11-25 14:58:42.490,0 days 01:13:42.486000,62.0,7453.0,-213.0,,297.0,10920.0,99.0,0.0,12,8,1907.3416666666649,0.3647259144321385,,,interpolation,0 days 00:00:29.111000,29.111,4422.486,1.0
2023-11-25 14:58:42.590,0 days 01:13:42.586000,42.861319832929766,7398.164200483846,-213.4746556604888,,297.6666678044435,10961.000069973274,99.0,0.0,12,8,1913.6260418684649,0.3659276259724293,,,interpolation,0 days 00:00:29.211000,29.211,4422.586,1.0
2023-11-25 14:58:42.690,0 days 01:13:42.686000,13.0,7312.0,-214.0,,298.3333321955565,11001.999930026726,99.0,0.0,12,8,1919.6056168982336,0.3670710529780689,,,interpolation,0 days 00:00:29.311000,29.311,4422.686,1.0
2023-11-25 14:58:42.790,0 days 01:13:42.786000,-26.95526297530793,7195.915779851152,-214.07635185842963,,299.0,11043.0,99.0,0.0,12,8,1927.274999999998,0.3685376086632964,,,interpolation,0 days 00:00:29.411000,29.411,4422.786,1.0
2023-11-25 14:58:42.890,0 days 01:13:42.886000,-63.0,7091.0,-214.0,,300.49999616,11082.9998976,99.0,0.0,12,8,1936.9665343049685,0.3703908443857709,,,interpolation,0 days 00:00:29.511000,29.511,4422.886,1.0
2023-11-25 14:58:42.990,0 days 01:13:42.986000,-81.1305202208003,7038.338857370072,-214.06723318893327,,302.0,11123.0,99.0,0.0,12,8,1947.4083333333317,0.3723875473181784,,,interpolation,0 days 00:00:29.611000,29.611,4422.986,1.0
2023-11-25 14:58:43.090,0 days 01:13:43.086000,-96.0,6996.0,-214.0,,302.99999744,11161.24990208,99.0,0.0,12,8,1957.3283044399875,0.3742844652098421,,,interpolation,0 days 00:00:29.711000,29.711,4423.086,1.0
2023-11-25 14:58:43.190,0 days 01:13:43.186000,-122.26195362008023,6922.05010312789,-213.52024900796405,,304.0,11199.5,99.0,0.0,12,8,1966.7265492056915,0.376081617485249,,,interpolation,0 days 00:00:29.811000,29.811,4423.186,1.0
2023-11-25 14:58:43.290,0 days 01:13:43.286000,-158.0,6821.0,-213.0,,304.99999744,11237.74990208,99.0,0.0,12,8,1975.8156381632132,0.3778196523320317,,,interpolation,0 days 00:00:29.911000,29.911,4423.286,1.0
2023-11-25 14:58:43.390,0 days 01:13:43.386000,-201.29839293892888,6697.358731861975,-212.8112625232889,,306.0,11276.0,99.0,0.0,12,8,1984.8083333333316,0.3795392545545652,,,interpolation,0 days 00:00:30.011000,30.011,4423.386,1.0
2023-11-25 14:58:43.490,0 days 01:13:43.486000,-249.5372170380332,6558.7602903136885,-212.9064466772085,,306.49999872,11267.00002304,99.0,0.0,12,8,1993.7045426310824,0.3812404065441678,,,interpolation,0 days 00:00:30.111000,30.111,4423.486,1.0
2023-11-25 14:58:43.590,0 days 01:13:43.586000,-287.0,6451.0,-213.0,,307.0,11258.0,99.0,0.0,12,8,2001.8638888888868,0.3828006540221391,,,interpolation,0 days 00:00:30.211000,30.211,4423.586,1.0
2023-11-25 14:58:43.690,0 days 01:13:43.686000,-311.0668861824887,6381.711689899989,-213.04432970039085,,307.49999872,11291.49991424,99.0,0.0,12,8,2008.6458202902704,0.3840975093130469,,,interpolation,0 days 00:00:30.311000,30.311,4423.686,1.0
2023-11-25 14:58:43.790,0 days 01:13:43.786000,-321.7381220310448,6350.894650499544,-213.03943623231828,,308.0,11325.0,99.0,0.0,12,8,2014.0504062823843,0.3851309856967227,,,interpolation,0 days 00:00:30.411000,30.411,4423.786,1.0
2023-11-25 14:58:43.890,0 days 01:13:43.886000,-330.5402175040662,6325.6305136893625,-213.0148246480864,,308.49999872,11358.49991424,99.0,0.0,12,8,2020.2283650870877,0.386312348068105,,,interpolation,0 days 00:00:30.511000,30.511,4423.886,1.0
2023-11-25 14:58:43.990,0 days 01:13:43.986000,-349.0,6273.0,-213.0,,309.0,11392.0,99.0,0.0,12,8,2029.3305555555532,0.3880528882135675,,,interpolation,0 days 00:00:30.611000,30.611,4423.986,1.0
2023-11-25 14:58:44.090,0 days 01:13:44.086000,-377.1172804911573,6193.003648366535,-212.9949624398629,,309.99999744,11426.49991168,99.49999872,0.0,12,8,2041.3568844815893,0.3903525883100246,,,interpolation,0 days 00:00:30.711000,30.711,4424.086,1.0
2023-11-25 14:58:44.190,0 days 01:13:44.186000,-413.7451376889216,6088.872653558302,-212.99812875194408,,311.0,11461.0,100.0,0.0,12,8,2053.5194444444423,0.3926783387939638,,,interpolation,0 days 00:00:30.811000,30.811,4424.186,1.0
2023-11-25 14:58:44.290,0 days 01:13:44.286000,-452.0,5980.0,-213.0,,311.49999872,11466.99998464,99.50000128,0.0,12,8,2063.0300803291952,0.3944969827372693,,,interpolation,0 days 00:00:30.911000,30.911,4424.286,1.0
2023-11-25 14:58:44.390,0 days 01:13:44.386000,-490.73504994488,5869.616586766872,-212.99899303904607,,312.0,11473.0,99.0,0.0,12,8,2070.852777777776,0.3959928555167099,,,interpolation,0 days 00:00:31.011000,31.011,4424.386,1.0
2023-11-25 14:58:44.490,0 days 01:13:44.486000,-528.9893502839442,5760.465778077532,-212.9964029281905,,312.333332764444,11490.333303751086,99.0,0.0,12,8,2077.951344938733,0.3973502585683943,,,interpolation,0 days 00:00:31.111000,31.111,4424.486,1.0
2023-11-25 14:58:44.590,0 days 01:13:44.586000,-561.0,5669.0,-213.0,,312.666667235556,11507.666696248914,99.0,0.0,12,8,2084.5195450741667,0.3986062437138118,,,interpolation,0 days 00:00:31.211000,31.211,4424.586,1.0
2023-11-25 14:58:44.690,0 days 01:13:44.686000,-585.8061307111126,5597.962423036803,-213.01107926643783,,313.0,11525.0,99.0,0.0,12,8,2091.7194444444426,0.3999830237252466,,,interpolation,0 days 00:00:31.311000,31.311,4424.686,1.0
2023-11-25 14:58:44.790,0 days 01:13:44.786000,-603.4079964327108,5547.352319761292,-213.02964084095592,,313.50000128,11551.2500672,99.0,0.0,12,8,2099.7448073493,0.4015176506226074,,,interpolation,0 days 00:00:31.411000,31.411,4424.786,1.0
2023-11-25 14:58:44.890,0 days 01:13:44.886000,-621.3057538579556,5495.816372765127,-213.03338199499595,,314.0,11577.5,99.0,0.0,12,8,2108.595551609232,0.4032101086913552,,,interpolation,0 days 00:00:31.511000,31.511,4424.886,1.0
2023-11-25 14:58:44.990,0 days 01:13:44.986000,-647.0,5422.0,-213.0,,314.50000128,11603.7500672,99.0,0.0,12,8,2117.758287086772,0.4049622263817246,,,interpolation,0 days 00:00:31.611000,31.611,4424.986,1.0
2023-11-25 14:58:45.090,0 days 01:13:45.086000,-680.4904717504373,5325.903957343629,-212.9294951977988,,315.0,11630.0,99.0,0.0,12,8,2126.7194444444426,0.4066757978769454,,,interpolation,0 days 00:00:31.711000,31.711,4425.086,1.0
2023-11-25 14:58:45.190,0 days 01:13:45.186000,-720.1263120995211,5212.3193909893325,-212.85774309933785,,315.50000128,11625.49998848,99.0,0.0,12,8,2135.4791154447344,0.408350840724035,,,interpolation,0 days 00:00:31.811000,31.811,4425.186,1.0
2023-11-25 14:58:45.290,0 days 01:13:45.286000,-756.0,5110.0,-213.0,,316.0,11621.0,99.0,0.0,12,8,2144.362777777776,0.4100495934564637,,,interpolation,0 days 00:00:31.911000,31.911,4425.286,1.0
2023-11-25 14:58:45.390,0 days 01:13:45.386000,-786.4607028463242,5023.736866841701,-213.39214358941643,,316.33333390222174,11636.3333595022,99.0,0.0,12,8,2153.6960898014404,0.4118343291553701,,,interpolation,0 days 00:00:32.011000,32.011,4425.386,1.0
2023-11-25 14:58:45.490,0 days 01:13:45.486000,-812.2700508410136,4951.155190497655,-213.93127218091385,,316.66666609777826,11651.6666404978,99.0,0.0,12,8,2163.3488545173227,0.4136801512748811,,,interpolation,0 days 00:00:32.111000,32.111,4425.486,1.0
2023-11-25 14:58:45.590,0 days 01:13:45.586000,-838.0,4878.0,-214.0,,317.0,11667.0,99.0,0.0,12,8,2172.540555555554,0.415437807821133,,,interpolation,0 days 00:00:32.211000,32.211,4425.586,1.0
2023-11-25 14:58:45.690,0 days 01:13:45.686000,-864.4122289685979,4801.896360106969,-213.4954286717709,,317.333332764444,11676.99998293332,99.0,0.0,12,8,2181.1409973678224,0.4170824025255428,,,interpolation,0 days 00:00:32.311000,32.311,4425.686,1.0
2023-11-25 14:58:45.790,0 days 01:13:45.786000,-890.0,4728.0,-213.0,,317.666667235556,11687.00001706668,99.0,0.0,12,8,2189.228668933969,0.4186289442171237,,,interpolation,0 days 00:00:32.411000,32.411,4425.786,1.0
2023-11-25 14:58:45.890,0 days 01:13:45.886000,-913.2560428674068,4661.468184860485,-213.09616602844943,,318.0,11697.0,99.0,0.0,12,8,2197.2738888888875,0.4201673682216669,,,interpolation,0 days 00:00:32.511000,32.511,4425.886,1.0
2023-11-25 14:58:45.990,0 days 01:13:45.986000,-934.983551831365,4599.800577281168,-213.66578492450452,,318.33333390222174,11693.33332707556,99.0,0.0,12,8,2205.355140526934,0.4217126822809952,,,interpolation,0 days 00:00:32.611000,32.611,4425.986,1.0
2023-11-25 14:58:46.090,0 days 01:13:46.086000,-960.0,4528.0,-214.0,,318.66666609777826,11689.66667292444,99.0,0.0,12,8,2213.52338811256,0.4232746318897311,,,interpolation,0 days 00:00:32.711000,32.711,4426.086,1.0
2023-11-25 14:58:46.190,0 days 01:13:46.186000,-989.1085996604764,4443.566061657407,-213.98067185994847,,319.0,11686.0,99.0,0.0,12,8,2222.0849999999987,0.424911801453649,,,interpolation,0 days 00:00:32.811000,32.811,4426.186,1.0
2023-11-25 14:58:46.290,0 days 01:13:46.286000,-1024.0,4343.0,-214.0,,319.49999872,11686.0,99.0,0.0,12,8,2231.090935534828,0.4266339355267738,,,interpolation,0 days 00:00:32.911000,32.911,4426.286,1.0
2023-11-25 14:58:46.390,0 days 01:13:46.386000,-1066.3655055659012,4222.801158374061,-214.4501839158111,,320.0,11686.0,99.0,0.0,12,8,2239.862777777776,0.4283113057846706,,,interpolation,0 days 00:00:33.011000,33.011,4426.386,1.0
2023-11-25 14:58:46.490,0 days 01:13:46.486000,-1107.0,4108.0,-215.0,,320.333332764444,11720.333274737728,99.0,0.0,12,8,2247.7219277451377,0.4298141490919815,,,interpolation,0 days 00:00:33.111000,33.111,4426.486,1.0
2023-11-25 14:58:46.590,0 days 01:13:46.586000,-1136.6992168639183,4023.6245816987766,-215.3182348851849,,320.666667235556,11754.666725262272,99.0,0.0,12,8,2255.127038299763,0.431230170020852,,,interpolation,0 days 00:00:33.211000,33.211,4426.586,1.0
2023-11-25 14:58:46.690,0 days 01:13:46.686000,-1160.0,3957.0,-216.0,,321.0,11789.0,99.0,0.0,12,8,2264.8294444444427,0.4330854846795491,,,car,0 days 00:00:33.311000,33.311,4426.686,1.0
2023-11-25 14:58:46.790,0 days 01:13:46.786000,-1181.4397359705115,3895.449805193496,-217.64041701310103,,321.0,11797.00002048,99.0,0.0,12,8,2277.2878179170057,0.4354678012495314,,,interpolation,0 days 00:00:33.411000,33.411,4426.786,1.0
2023-11-25 14:58:46.890,0 days 01:13:46.886000,-1202.3809061223892,3835.355331285353,-220.0397834948492,,321.0,11805.0,99.0,0.0,12,8,2289.796111111109,0.4378596635744276,,,interpolation,0 days 00:00:33.511000,33.511,4426.886,1.0
2023-11-25 14:58:46.990,0 days 01:13:46.986000,-1231.0,3755.0,-222.0,,321.33333390222174,11821.666695111087,99.0,0.0,12,8,2299.648532079027,0.4397436643854487,,,interpolation,0 days 00:00:33.611000,33.611,4426.986,1.0
2023-11-25 14:58:47.090,0 days 01:13:47.086000,-1268.6594254338445,3650.765337907632,-223.32136082417645,,321.66666609777826,11838.333304888913,99.0,0.0,12,8,2307.228869221867,0.4411931925137562,,,interpolation,0 days 00:00:33.711000,33.711,4427.086,1.0
2023-11-25 14:58:47.190,0 days 01:13:47.186000,-1313.3484488101872,3528.0218553013115,-224.10970810583007,,322.0,11855.0,99.0,0.0,12,8,2314.840555555554,0.4426487153007544,,,interpolation,0 days 00:00:33.811000,33.811,4427.186,1.0
2023-11-25 14:58:47.290,0 days 01:13:47.286000,-1353.0,3419.0,-225.0,,322.333332764444,11862.333320817766,99.0,0.0,12,8,2322.86740242626,0.4441836259652089,,,interpolation,0 days 00:00:33.911000,33.911,4427.286,1.0
2023-11-25 14:58:47.390,0 days 01:13:47.386000,-1385.6033657889684,3329.0702332757787,-226.0980742309808,,322.666667235556,11869.666679182234,99.0,0.0,12,8,2331.2868296366723,0.4457936066739505,,,interpolation,0 days 00:00:34.011000,34.011,4427.386,1.0
2023-11-25 14:58:47.490,0 days 01:13:47.486000,-1411.1582123194808,3258.2334760071,-227.40391955452117,,323.0,11877.0,99.0,0.0,12,8,2339.9627777777764,0.4474526398585293,,,interpolation,0 days 00:00:34.111000,34.111,4427.486,1.0
2023-11-25 14:58:47.590,0 days 01:13:47.586000,-1433.6340858102328,3196.0296133749284,-228.75781150080124,,323.0,11883.50001664,99.0,0.0,12,8,2348.8726732990726,0.4491564089567941,,,interpolation,0 days 00:00:34.211000,34.211,4427.586,1.0
2023-11-25 14:58:47.690,0 days 01:13:47.686000,-1457.0,3132.0,-230.0,,323.0,11890.0,99.0,0.0,12,8,2357.9072222222203,0.4508840145426542,,,interpolation,0 days 00:00:34.311000,34.311,4427.686,1.0
2023-11-25 14:58:47.790,0 days 01:13:47.786000,-1481.2561941563604,3066.143980217379,-231.1304977721593,,323.50000128,11904.50003712,99.0,0.0,12,8,2366.9573143199905,0.4526145923272955,,,interpolation,0 days 00:00:34.411000,34.411,4427.786,1.0
2023-11-25 14:58:47.890,0 days 01:13:47.886000,-1507.0,2996.0,-232.0,,324.0,11919.0,99.0,0.0,12,8,2375.9072222222208,0.4543260126778137,,,interpolation,0 days 00:00:34.511000,34.511,4427.886,1.0
2023-11-25 14:58:47.990,0 days 01:13:47.986000,-1534.829261251638,2919.10511268069,-232.45922234623657,,324.25000064,11911.4999808,99.0,0.0,12,8,2384.641402878749,0.4559961812073644,,,interpolation,0 days 00:00:34.611000,34.611,4427.986,1.0
2023-11-25 14:58:48.090,0 days 01:13:48.086000,-1562.0,2844.0,-233.0,,324.5,11904.0,99.0,0.0,12,8,2393.159766851792,0.4576250808134657,,,interpolation,0 days 00:00:34.711000,34.711,4428.086,1.0
2023-11-25 14:58:48.190,0 days 01:13:48.186000,-1585.768801533857,2779.223787218369,-234.1141783904277,,324.75000064,11896.4999808,99.0,0.0,12,8,2402.0796825100524,0.4593307659835496,,,interpolation,0 days 00:00:34.811000,34.811,4428.186,1.0
2023-11-25 14:58:48.290,0 days 01:13:48.286000,-1624.0,2675.0,-235.0,,325.0,11889.0,99.0,0.0,12,8,2412.018333333332,0.4612312558502013,,,interpolation,0 days 00:00:34.911000,34.911,4428.286,1.0
2023-11-25 14:58:48.390,0 days 01:13:48.386000,-1686.0,2505.0,-235.0,,324.66666609777826,11896.333345848878,99.0,0.0,12,8,2422.975821093676,0.4633265698744868,,,interpolation,0 days 00:00:35.011000,35.011,4428.386,1.0
2023-11-25 14:58:48.490,0 days 01:13:48.486000,-1720.4172182962566,2409.921726719129,-234.97980425667072,,324.33333390222174,11903.666654151122,99.0,0.0,12,8,2434.549951874277,0.4655397996835379,,,interpolation,0 days 00:00:35.111000,35.111,4428.486,1.0
2023-11-25 14:58:48.590,0 days 01:13:48.586000,-1742.0,2351.0,-235.0,,324.0,11911.0,99.0,0.0,12,8,2444.328333333332,0.4674096425028125,,,interpolation,0 days 00:00:35.211000,35.211,4428.586,1.0
2023-11-25 14:58:48.690,0 days 01:13:48.686000,-1774.0546812076168,2266.0216500944816,-234.97690225115392,,324.0,11898.33335495113,99.0,0.0,12,8,2451.908783628048,0.4688591922682615,,,interpolation,0 days 00:00:35.311000,35.311,4428.686,1.0
2023-11-25 14:58:48.790,0 days 01:13:48.786000,-1814.850434855085,2159.2198793721595,-234.9326413416637,,324.0,11885.66664504887,99.0,0.0,12,8,2457.897191724145,0.4700043083515581,,,interpolation,0 days 00:00:35.411000,35.411,4428.786,1.0
2023-11-25 14:58:48.890,0 days 01:13:48.886000,-1854.0,2056.0,-235.0,,324.0,11873.0,99.0,0.0,12,8,2465.928333333331,0.4715400402650036,,,interpolation,0 days 00:00:35.511000,35.511,4428.886,1.0
2023-11-25 14:58:48.990,0 days 01:13:48.986000,-1889.772622229985,1960.5950275542564,-235.20110948397055,,323.49999872,11852.9999488,99.0,0.0,12,8,2476.6081020364,0.4735822482627756,,,interpolation,0 days 00:00:35.611000,35.611,4428.986,1.0
2023-11-25 14:58:49.090,0 days 01:13:49.086000,-1922.1679352343272,1873.005938979346,-235.53596773421964,,323.0,11833.0,99.0,0.0,12,8,2487.4616666666643,0.4756576898859536,,,interpolation,0 days 00:00:35.711000,35.711,4429.086,1.0
2023-11-25 14:58:49.190,0 days 01:13:49.186000,-1952.7294457414928,1788.6634290747836,-235.85284339735875,,321.49999616,11839.00001536,85.49996544,0.0,12,8,2496.014416558728,0.4772931648403408,,,interpolation,0 days 00:00:35.811000,35.811,4429.186,1.0
2023-11-25 14:58:49.290,0 days 01:13:49.286000,-1983.0,1703.0,-236.0,,320.0,11845.0,72.0,0.0,12,8,2502.266264132656,0.4784886563787163,,,interpolation,0 days 00:00:35.911000,35.911,4429.286,1.0
2023-11-25 14:58:49.390,0 days 01:13:49.386000,-2012.9799079811169,1616.0147745592355,-235.97743904903103,,318.49999616,11851.00001536,58.49996544,0.0,12,8,2509.040853549592,0.4797841077198032,,,interpolation,0 days 00:00:36.011000,36.011,4429.386,1.0
2023-11-25 14:58:49.490,0 days 01:13:49.486000,-2042.668862691371,1527.7086434789187,-235.78516077547533,,317.0,11857.0,45.0,0.0,12,8,2519.161666666664,0.4817194310462065,,,interpolation,0 days 00:00:36.111000,36.111,4429.486,1.0
2023-11-25 14:58:49.590,0 days 01:13:49.586000,-2071.427516476936,1440.286263019778,-235.4555627078477,,282.0,10737.0,0.0,1.0,12,8,2531.694999999998,0.4841160815995768,,,interpolation,0 days 00:00:36.211000,36.211,4429.586,1.0
2023-11-25 14:58:49.690,0 days 01:13:49.686000,-2095.417697582952,1366.9817785674777,-235.18304354707388,,268.2500352,10715.25005568,0.0,1.0,8,8,2541.037930291689,0.4859026565240728,,,interpolation,0 days 00:00:36.311000,36.311,4429.686,0.0
2023-11-25 14:58:49.790,0 days 01:13:49.786000,-2114.0,1310.0,-235.0,,254.5,10693.5,0.0,1.0,8,8,2546.2567460923237,0.4869006095381573,,,interpolation,0 days 00:00:36.411000,36.411,4429.786,0.0
2023-11-25 14:58:49.890,0 days 01:13:49.886000,-2127.174233445791,1269.3415108092645,-234.90643394098717,,240.7500352,10671.75005568,0.0,1.0,8,8,2549.869659790784,0.487591478549968,,,interpolation,0 days 00:00:36.511000,36.511,4429.886,0.0
2023-11-25 14:58:49.990,0 days 01:13:49.986000,-2134.9405328248204,1245.0058946512763,-234.90234441191637,,227.0,10650.0,0.0,1.0,8,8,2554.3949999999977,0.4884568236922501,,,interpolation,0 days 00:00:36.611000,36.611,4429.986,0.0
2023-11-25 14:58:50.090,0 days 01:13:50.086000,-2141.986515871436,1219.4175039676416,-234.94708267688776,,212.50003712,10596.00013824,0.0,1.0,8,8,2559.832720380601,0.489496636103892,,,interpolation,0 days 00:00:36.711000,36.711,4430.086,0.0
2023-11-25 14:58:50.190,0 days 01:13:50.186000,-2153.0,1175.0,-235.0,,198.0,10542.0,0.0,1.0,8,8,2565.3949999999973,0.4905602669970696,,,interpolation,0 days 00:00:36.811000,36.811,4430.186,0.0
2023-11-25 14:58:50.290,0 days 01:13:50.286000,-2167.0,1115.0,-235.0,,186.50002944,10606.9998336,0.0,1.0,8,7,2570.29390528561,0.491497046044703,,,interpolation,0 days 00:00:36.911000,36.911,4430.286,0.0
2023-11-25 14:58:50.390,0 days 01:13:50.386000,-2178.101374414545,1058.8940302757617,-234.58050451248133,,175.0,10672.0,0.0,1.0,8,7,2574.5294864023526,0.4923069828394333,,,interpolation,0 days 00:00:37.011000,37.011,4430.386,0.0
2023-11-25 14:58:50.490,0 days 01:13:50.486000,-2186.0,1007.0,-234.0,,163.50002944,10736.9998336,0.0,1.0,8,7,2578.42002492236,0.4930509398578017,,,interpolation,0 days 00:00:37.111000,37.111,4430.486,0.0
2023-11-25 14:58:50.590,0 days 01:13:50.586000,-2191.372820505392,956.388550007913,-233.57805852449533,,152.0,10802.0,0.0,1.0,8,7,2582.2838888888864,0.4937897961115402,,,interpolation,0 days 00:00:37.211000,37.211,4430.586,0.0
2023-11-25 14:58:50.690,0 days 01:13:50.686000,-2194.3819008757337,908.0585872402904,-233.2913651270009,,143.50002176,10876.999808,0.0,1.0,8,4,2586.121038736066,0.4945235440347801,,,interpolation,0 days 00:00:37.311000,37.311,4430.686,0.0
2023-11-25 14:58:50.790,0 days 01:13:50.786000,-2196.0,868.0,-233.0,,135.0,10952.0,0.0,1.0,8,4,2589.7838888888864,0.4952239620011899,,,interpolation,0 days 00:00:37.411000,37.411,4430.786,0.0
2023-11-25 14:58:50.890,0 days 01:13:50.886000,-2196.389221271454,837.211587166794,-232.680646847428,,128.25001728,10952.49999872,0.0,1.0,8,4,2593.1247769723327,0.4958628136985787,,,interpolation,0 days 00:00:37.511000,37.511,4430.886,0.0
2023-11-25 14:58:50.990,0 days 01:13:50.986000,-2195.5495686757326,815.693033466518,-232.33330239910023,,121.5,10953.0,0.0,1.0,8,4,2596.143737197186,0.4964401056688046,,,interpolation,0 days 00:00:37.611000,37.611,4430.986,0.0
2023-11-25 14:58:51.090,0 days 01:13:51.086000,-2193.185140702134,795.3280910329905,-231.81930931122125,,114.75001728,10953.49999872,0.0,1.0,8,4,2598.9827579078888,0.4969829892239111,,,interpolation,0 days 00:00:37.711000,37.711,4431.086,0.0
2023-11-25 14:58:51.190,0 days 01:13:51.186000,-2189.0,768.0,-231.0,,108.0,10954.0,0.0,1.0,8,4,2601.7838888888864,0.4975186274246295,,,interpolation,0 days 00:00:37.811000,37.811,4431.186,0.0
2023-11-25 14:58:51.290,0 days 01:13:51.286000,-2183.0,735.0,-230.0,,103.0000128,10555.00102144,0.0,1.0,8,2,2604.5471014566715,0.4980470147860388,,,interpolation,0 days 00:00:37.911000,37.911,4431.286,0.0
2023-11-25 14:58:51.390,0 days 01:13:51.386000,-2175.219943009118,704.073577970677,-229.567008320768,,98.0,10156.0,0.0,1.0,8,2,2607.2283333333307,0.4985597256260049,,,interpolation,0 days 00:00:38.011000,38.011,4431.386,0.0
2023-11-25 14:58:51.490,0 days 01:13:51.486000,-2166.0726908308498,676.81034001795,-229.73943409518512,,94.00001024,9815.00087296,0.0,1.0,8,1,2609.7834664898355,0.499048323601548,,,interpolation,0 days 00:00:38.111000,38.111,4431.486,0.0
2023-11-25 14:58:51.590,0 days 01:13:51.586000,-2158.0,655.0,-230.0,,90.0,9474.0,0.0,1.0,8,1,2612.2283333333307,0.4995158362191048,,,interpolation,0 days 00:00:38.211000,38.211,4431.586,0.0
2023-11-25 14:58:51.690,0 days 01:13:51.686000,-2151.4089247416905,638.9411108807878,-230.2624909212249,,86.75000832,9140.50085376,0.0,1.0,8,1,2614.578715070955,0.4999652811945391,,,interpolation,0 days 00:00:38.311000,38.311,4431.686,0.0
2023-11-25 14:58:51.790,0 days 01:13:51.786000,-2146.299397563136,628.6335082168678,-230.52690954677368,,83.5,8807.0,0.0,1.0,8,1,2616.8346357706787,0.5003966631301789,,,interpolation,0 days 00:00:38.411000,38.411,4431.786,0.0
2023-11-25 14:58:51.890,0 days 01:13:51.886000,-2138.7902138429986,619.5092128845217,-230.7778721189356,,80.25000832,8473.50085376,0.0,1.0,8,1,2618.93163038435,0.5007976548829398,,,interpolation,0 days 00:00:38.511000,38.511,4431.886,0.0
2023-11-25 14:58:51.990,0 days 01:13:51.986000,-2125.0,607.0,-231.0,,77.0,8140.0,0.0,1.0,8,1,2620.8052777777752,0.5011559377070572,,,interpolation,0 days 00:00:38.611000,38.611,4431.986,0.0
2023-11-25 14:58:52.090,0 days 01:13:52.086000,-2104.9288972455697,591.105997657315,-231.19329091538333,,74.66667064889229,8140.0,0.0,1.0,8,1,2622.455558764854,0.5014715079337246,,,interpolation,0 days 00:00:38.711000,38.711,4432.086,0.0
2023-11-25 14:58:52.190,0 days 01:13:52.186000,-2080.0,577.0,-231.0,,72.33332935110771,8140.0,0.0,1.0,8,1,2623.925366852704,0.501752567750248,,,interpolation,0 days 00:00:38.811000,38.811,4432.186,0.0
2023-11-25 14:58:52.290,0 days 01:13:52.286000,-2051.6368634834294,569.8551083715333,-230.0623823887613,,70.0,8140.0,0.0,1.0,8,1,2625.4719444444418,0.5020483075939504,,,car,0 days 00:00:38.911000,38.911,4432.286,0.0
2023-11-25 14:58:52.390,0 days 01:13:52.386000,-2025.0,567.0,-229.0,,68.24999552,7964.24955008,0.25000064,1.0,8,1,2627.1381839852597,0.5023669294490738,,,interpolation,0 days 00:00:39.011000,39.011,4432.386,0.0
2023-11-25 14:58:52.490,0 days 01:13:52.486000,-2005.250485053788,565.7634545136157,-228.4324352320358,,66.5,7788.5,0.5,1.0,8,1,2628.924068412908,0.5027084300529391,,,interpolation,0 days 00:00:39.111000,39.111,4432.486,0.0
2023-11-25 14:58:52.590,0 days 01:13:52.586000,-1992.3881164092768,566.1454592501046,-228.35968227299472,,64.74999552,7612.74955008,0.75000064,1.0,8,1,2630.733899816323,0.5030545098482451,,,interpolation,0 days 00:00:39.211000,39.211,4432.586,0.0
2023-11-25 14:58:52.690,0 days 01:13:52.686000,-1984.9680522693184,568.0258997607664,-228.65733028560655,,63.0,7437.0,1.0,0.0,8,1,2632.4719444444418,0.5033868624242901,,,car,0 days 00:00:39.311000,39.311,4432.686,0.0
2023-11-25 14:58:52.790,0 days 01:13:52.786000,-1974.320301624485,570.684125929781,-228.5789064543418,,64.00000256,7613.2504512,9.7500224,0.0,8,1,2634.138220094887,0.503705491184373,,,interpolation,0 days 00:00:39.411000,39.411,4432.786,0.0
2023-11-25 14:58:52.890,0 days 01:13:52.886000,-1959.0,574.0,-228.0,,65.0,7789.5,18.5,0.0,8,1,2635.7327097050384,0.5040103928657438,,,interpolation,0 days 00:00:39.511000,39.511,4432.886,0.0
2023-11-25 14:58:52.990,0 days 01:13:52.986000,-1939.0069905155965,577.9735559260571,-226.92060499456807,,66.00000256,7965.7504512,27.2500224,0.0,8,1,2637.557937324894,0.5043594167581762,,,interpolation,0 days 00:00:39.611000,39.611,4432.986,0.0
2023-11-25 14:58:53.090,0 days 01:13:53.086000,-1918.0,582.0,-226.0,,67.0,8142.0,36.0,0.0,8,1,2639.916388888886,0.5048104048629054,,,car,0 days 00:00:39.711000,39.711,4433.086,0.0
2023-11-25 14:58:53.190,0 days 01:13:53.186000,-1899.63733544197,585.4746204338702,-225.89744309826256,,70.00000768,8405.50067456,41.0000128,0.0,8,1,2642.8080885476184,0.5053633617980609,,,interpolation,0 days 00:00:39.811000,39.811,4433.186,0.0
2023-11-25 14:58:53.290,0 days 01:13:53.286000,-1882.0,589.0,-226.0,,73.0,8669.0,46.0,0.0,8,1,2645.594166666664,0.5058961215586255,,,interpolation,0 days 00:00:39.911000,39.911,4433.286,0.0
2023-11-25 14:58:53.390,0 days 01:13:53.386000,-1863.1686281925383,593.1787931507347,-225.6947364158498,,76.6666729244391,8343.666111431585,49.00000511999564,0.0,8,1,2647.6358117520267,0.5062865292573187,,,interpolation,0 days 00:00:40.011000,40.011,4433.386,0.0
2023-11-25 14:58:53.490,0 days 01:13:53.486000,-1839.0,598.0,-225.0,,80.3333270755609,8018.333888568415,51.999994880004365,0.0,8,1,2649.1228252993283,0.5065708791382503,,,interpolation,0 days 00:00:40.111000,40.111,4433.486,0.0
2023-11-25 14:58:53.590,0 days 01:13:53.586000,-1805.3504550826412,603.4527128217276,-223.93412816663204,,84.0,7693.0,55.0,0.0,8,1,2651.194166666664,0.5069669654228972,,,interpolation,0 days 00:00:40.211000,40.211,4433.586,0.0
2023-11-25 14:58:53.690,0 days 01:13:53.686000,-1772.0,608.0,-223.0,,87.99999317332751,7580.333525617942,49.66667576889665,0.0,8,1,2654.039637045568,0.5075110822972215,,,interpolation,0 days 00:00:40.311000,40.311,4433.686,0.0
2023-11-25 14:58:53.790,0 days 01:13:53.786000,-1748.727955231815,610.1050323188459,-222.7004741043717,,92.00000682667248,7467.666474382058,44.33332423110335,0.0,8,1,2657.5193925611347,0.5081764885191877,,,interpolation,0 days 00:00:40.411000,40.411,4433.786,0.0
2023-11-25 14:58:53.890,0 days 01:13:53.886000,-1734.0434941007638,610.1024232429555,-222.9238607806257,,96.0,7355.0,39.0,0.0,8,1,2660.794166666664,0.5088026977616489,,,interpolation,0 days 00:00:40.511000,40.511,4433.886,0.0
2023-11-25 14:58:53.990,0 days 01:13:53.986000,-1719.0,610.0,-223.0,,96.75000192,7272.99979008,29.24997504,0.0,8,2,2663.724119883335,0.509362969623198,,,interpolation,0 days 00:00:40.611000,40.611,4433.986,0.0
2023-11-25 14:58:54.090,0 days 01:13:54.086000,-1702.10656199206,610.1323986589571,-222.8171982165727,,97.5,7191.0,19.5,0.0,8,2,2666.3092222085024,0.5098572983666659,,,interpolation,0 days 00:00:40.711000,40.711,4434.086,0.0
2023-11-25 14:58:54.190,0 days 01:13:54.186000,-1681.4997135653955,609.0438704166509,-222.3004785411677,,98.25000192,7108.99979008,9.74997504,0.0,8,2,2668.611809434749,0.5102976039743762,,,interpolation,0 days 00:00:40.811000,40.811,4434.186,0.0
2023-11-25 14:58:54.290,0 days 01:13:54.286000,-1646.0,598.0,-221.0,,99.0,7027.0,0.0,0.0,8,2,2670.694166666664,0.5106957967359866,,,interpolation,0 days 00:00:40.911000,40.911,4434.286,0.0
2023-11-25 14:58:54.390,0 days 01:13:54.386000,-1598.0,577.0,-219.0,,96.99999488,6884.99963648,0.0,0.0,8,3,2672.556315227646,0.5110518807290026,,,interpolation,0 days 00:00:41.011000,41.011,4434.386,0.0
2023-11-25 14:58:54.490,0 days 01:13:54.486000,-1563.037401632411,554.7744659933171,-217.25584531566847,,95.0,6743.0,0.0,0.0,8,3,2674.916388888886,0.5115031790146043,,,car,0 days 00:00:41.111000,41.111,4434.486,0.0
2023-11-25 14:58:54.590,0 days 01:13:54.586000,-1543.7022685954537,533.3325204633179,-215.92533169089413,,93.49999616,6871.50032896,12.000030719999998,0.0,8,3,2678.4925646571533,0.5121870229215696,,,interpolation,0 days 00:00:41.211000,41.211,4434.586,0.0
2023-11-25 14:58:54.690,0 days 01:13:54.686000,-1530.0,516.0,-215.0,,92.0,7000.0,24.0,0.0,8,3,2682.0719444444417,0.5128714795078404,,,interpolation,0 days 00:00:41.311000,41.311,4434.686,0.0
2023-11-25 14:58:54.790,0 days 01:13:54.786000,-1520.2646415061831,503.33100135185816,-214.47842863049829,,92.50000128,7100.000256,24.50000128,0.0,8,3,2684.4417034356143,0.5133246298427512,,,interpolation,0 days 00:00:41.411000,41.411,4434.786,0.0
2023-11-25 14:58:54.890,0 days 01:13:54.886000,-1513.5301999740552,493.6607904238716,-214.2887810057123,,93.0,7200.0,25.0,0.0,8,3,2686.205277777775,0.513661864264803,,,interpolation,0 days 00:00:41.511000,41.511,4434.886,0.0
2023-11-25 14:58:54.990,0 days 01:13:54.986000,-1504.0,477.0,-214.0,,93.50000128,7218.00004608,28.00000768,0.0,8,3,2687.9661459433587,0.5139985812060365,,,interpolation,0 days 00:00:41.611000,41.611,4434.986,0.0
2023-11-25 14:58:55.090,0 days 01:13:55.086000,-1490.7080463432528,451.6839368610663,-213.5402466529177,,94.0,7236.0,31.0,0.0,8,3,2690.3830555555523,0.514460747782593,,,car,0 days 00:00:41.711000,41.711,4435.086,0.0
2023-11-25 14:58:55.190,0 days 01:13:55.186000,-1477.0,423.0,-213.0,,96.5000064,7549.00080128,39.50002176,0.0,8,3,2694.114797018006,0.5151743392911855,,,interpolation,0 days 00:00:41.811000,41.811,4435.186,0.0
2023-11-25 14:58:55.290,0 days 01:13:55.286000,-1466.2217984463523,396.23614136953904,-212.46974931677775,,99.0,7862.0,48.0,0.0,8,3,2698.083055555552,0.5159331580959667,,,interpolation,0 days 00:00:41.911000,41.911,4435.286,0.0
2023-11-25 14:58:55.390,0 days 01:13:55.386000,-1457.0,370.0,-212.0,,101.6666712177739,8113.667096177412,55.33334584887821,0.0,8,3,2701.209595241007,0.5165310216385687,,,interpolation,0 days 00:00:42.011000,42.011,4435.386,0.0
2023-11-25 14:58:55.490,0 days 01:13:55.486000,-1447.9613677786783,342.899757641706,-211.6412676864157,,104.3333287822261,8365.33290382259,62.66665415112179,0.0,8,3,2703.654172984595,0.5169984789738288,,,interpolation,0 days 00:00:42.111000,42.111,4435.486,0.0
2023-11-25 14:58:55.590,0 days 01:13:55.586000,-1439.1687635425028,315.1455355799684,-211.3650101094209,,107.0,8617.0,70.0,0.0,8,3,2706.375555555552,0.5175188675146227,,,interpolation,0 days 00:00:42.211000,42.211,4435.586,0.0
2023-11-25 14:58:55.690,0 days 01:13:55.686000,-1431.0,288.0,-211.0,,111.49998848,8941.999168,73.99998976,0.0,8,3,2709.5335040129025,0.5181227371091299,,,interpolation,0 days 00:00:42.311000,42.311,4435.686,0.0
2023-11-25 14:58:55.790,0 days 01:13:55.786000,-1423.5179478187613,261.67327172327686,-210.51769502726444,,116.0,9267.0,78.0,0.0,8,3,2712.8199999999965,0.5187511878346182,,,interpolation,0 days 00:00:42.411000,42.411,4435.786,0.0
2023-11-25 14:58:55.890,0 days 01:13:55.886000,-1415.0,230.0,-210.0,,120.66665870221544,9598.332767857297,79.33333105777584,0.0,8,3,2715.926959169084,0.5193453071493968,,,interpolation,0 days 00:00:42.511000,42.511,4435.886,0.0
2023-11-25 14:58:55.990,0 days 01:13:55.986000,-1403.7233857048834,186.81424016016703,-209.52880948699237,,125.33334129778456,9929.667232142703,80.66666894222416,0.0,8,3,2719.002056408844,0.5199333337585459,,,interpolation,0 days 00:00:42.611000,42.611,4435.986,0.0
2023-11-25 14:58:56.090,0 days 01:13:56.086000,-1392.0,141.0,-209.0,,130.0,10261.0,82.0,0.0,8,3,2722.931111111108,0.5206846559228867,,,interpolation,0 days 00:00:42.711000,42.711,4436.086,0.0
2023-11-25 14:58:56.190,0 days 01:13:56.186000,-1382.141502431973,101.44037595582648,-208.3094378107779,,138.00001365332167,10780.000885759244,87.66667633776953,0.0,8,3,2727.86180658284,0.521627513957261,,,interpolation,0 days 00:00:42.811000,42.811,4436.186,0.0
2023-11-25 14:58:56.290,0 days 01:13:56.286000,-1373.8125081634823,67.01513071811179,-207.519010922444,,145.99998634667833,11298.999114240756,93.33332366223048,0.0,8,3,2733.527769929751,0.5227109714724805,,,interpolation,0 days 00:00:42.911000,42.911,4436.286,0.0
2023-11-25 14:58:56.390,0 days 01:13:56.386000,-1365.0,31.0,-207.0,,154.0,11818.0,99.0,0.0,8,3,2738.331111111108,0.5236294765496342,,,interpolation,0 days 00:00:43.011000,43.011,4436.386,0.0
2023-11-25 14:58:56.490,0 days 01:13:56.486000,-1355.368582393302,-7.725289803562362,-206.81429128988336,,155.6666638222198,11540.33380721818,99.0,0.0,8,3,2742.0054585367297,0.5243320930489075,,,interpolation,0 days 00:00:43.111000,43.111,4436.486,0.0
2023-11-25 14:58:56.590,0 days 01:13:56.586000,-1345.1793996136698,-48.2381164939974,-206.91268552232253,,157.3333361777802,11262.66619278182,99.0,0.0,8,3,2744.8801689889315,0.5248818012719965,,,interpolation,0 days 00:00:43.211000,43.211,4436.586,0.0
2023-11-25 14:58:56.690,0 days 01:13:56.686000,-1336.0,-85.0,-207.0,,159.0,10985.0,99.0,0.0,8,3,2748.931111111108,0.5256564310070059,,,interpolation,0 days 00:00:43.311000,43.311,4436.686,0.0
2023-11-25 14:58:56.790,0 days 01:13:56.786000,-1328.0915324512416,-117.08829801769636,-207.02703824890892,,165.66667804443475,11105.666872604268,99.0,0.0,8,3,2754.487645541916,0.5267189632930498,,,interpolation,0 days 00:00:43.411000,43.411,4436.786,0.0
2023-11-25 14:58:56.890,0 days 01:13:56.886000,-1320.0,-150.0,-207.0,,172.33332195556525,11226.333127395732,99.0,0.0,8,3,2761.1845754488654,0.527999564418106,,,interpolation,0 days 00:00:43.511000,43.511,4436.886,0.0
2023-11-25 14:58:56.990,0 days 01:13:56.986000,-1310.2712418388487,-189.2327609999541,-206.9250849842224,,179.0,11347.0,99.0,0.0,8,3,2766.831111111108,0.5290793069303033,,,interpolation,0 days 00:00:43.611000,43.611,4436.986,0.0
2023-11-25 14:58:57.090,0 days 01:13:57.086000,-1298.471779342529,-235.71275947255805,-206.84322416750132,,181.99999232,11283.50016256,99.0,0.0,8,4,2771.0620547745434,0.529888356941387,,,interpolation,0 days 00:00:43.711000,43.711,4437.086,0.0
2023-11-25 14:58:57.190,0 days 01:13:57.186000,-1282.0,-295.0,-207.0,,185.0,11220.0,99.0,0.0,8,4,2773.877449764146,0.530426722736051,,,interpolation,0 days 00:00:43.811000,43.811,4437.186,0.0
2023-11-25 14:58:57.290,0 days 01:13:57.286000,-1260.4224942343633,-368.0204556799348,-207.43634107513543,,187.99999232,11156.50016256,99.0,0.0,8,4,2777.414098140123,0.5311030081313193,,,interpolation,0 days 00:00:43.911000,43.911,4437.286,0.0
2023-11-25 14:58:57.390,0 days 01:13:57.386000,-1239.0,-438.0,-208.0,,191.0,11093.0,99.0,0.0,8,4,2783.8088888888856,0.5323258335664289,,,interpolation,0 days 00:00:44.011000,44.011,4437.386,0.0
2023-11-25 14:58:57.490,0 days 01:13:57.486000,-1222.9936955711928,-488.1630421280836,-208.5387191416926,,194.0,10851.0,99.0,0.0,8,4,2792.431111111108,0.5339745931669744,,,interpolation,0 days 00:00:44.111000,44.111,4437.486,0.0
2023-11-25 14:58:57.590,0 days 01:13:57.586000,-1212.403417042999,-518.510095734942,-209.05250401671037,,196.75000704,10917.50017024,99.0,0.0,8,5,2799.4969483083614,0.5353257375256569,,,interpolation,0 days 00:00:44.211000,44.211,4437.586,0.0
2023-11-25 14:58:57.690,0 days 01:13:57.686000,-1201.8614978333062,-545.1019145943047,-209.5400343233727,,199.5,10984.0,99.0,0.0,8,5,2804.3756827098223,0.5362586594540885,,,interpolation,0 days 00:00:44.311000,44.311,4437.686,0.0
2023-11-25 14:58:57.790,0 days 01:13:57.786000,-1186.0,-584.0,-210.0,,202.25000704,11050.50017024,99.0,0.0,8,5,2808.40715755192,0.5370295666145575,,,interpolation,0 days 00:00:44.411000,44.411,4437.786,0.0
2023-11-25 14:58:57.890,0 days 01:13:57.886000,-1164.8190859644023,-635.203953636653,-210.4323963365557,,205.0,11117.0,99.0,0.0,8,5,2812.931111111108,0.5378946465986837,,,interpolation,0 days 00:00:44.511000,44.511,4437.886,0.0
2023-11-25 14:58:57.990,0 days 01:13:57.986000,-1142.0,-690.0,-211.0,,209.33334072888255,11317.00034133304,99.0,0.0,8,5,2817.947589712788,0.5388539082649086,,,interpolation,0 days 00:00:44.611000,44.611,4437.986,0.0
2023-11-25 14:58:58.090,0 days 01:13:58.086000,-1121.2244369401635,-739.6732781460437,-211.86557741729348,,213.66665927111745,11516.99965866696,99.0,0.0,8,5,2823.504168587336,0.5399164490495787,,,interpolation,0 days 00:00:44.711000,44.711,4438.086,0.0
2023-11-25 14:58:58.190,0 days 01:13:58.186000,-1096.0,-795.0,-213.0,,218.0,11717.0,99.0,0.0,8,5,2829.886666666664,0.5411369238543956,,,interpolation,0 days 00:00:44.811000,44.811,4438.186,0.0
2023-11-25 14:58:58.290,0 days 01:13:58.286000,-1059.834763434603,-866.7553022870788,-214.37411867969,,218.0,11157.0014336,99.0,0.0,8,5,2837.142645193145,0.5425244274408905,,,interpolation,0 days 00:00:44.911000,44.911,4438.286,0.0
2023-11-25 14:58:58.390,0 days 01:13:58.386000,-1015.3193453989832,-950.3228938779678,-215.89445022049247,,218.0,10597.0,99.0,0.0,8,5,2844.419999999997,0.5439160186450058,,,interpolation,0 days 00:00:45.011000,45.011,4438.386,0.0
2023-11-25 14:58:58.490,0 days 01:13:58.486000,-978.0,-1018.0,-217.0,,222.33332593777143,10723.666450488705,99.0,0.0,8,5,2850.8664780991203,0.5451487278447574,,,interpolation,0 days 00:00:45.111000,45.111,4438.486,0.0
2023-11-25 14:58:58.590,0 days 01:13:58.586000,-950.4673335746022,-1065.1702877629573,-217.59728203218936,,226.6666740622285,10850.333549511295,99.0,0.0,8,5,2856.613689581412,0.5462477218005581,,,interpolation,0 days 00:00:45.211000,45.211,4438.586,0.0
2023-11-25 14:58:58.690,0 days 01:13:58.686000,-931.0813390621688,-1095.1677811391314,-217.7677312652012,,231.0,10977.0,99.0,0.0,8,5,2862.45083333333,0.5473639127954893,,,interpolation,0 days 00:00:45.311000,45.311,4438.686,0.0
2023-11-25 14:58:58.790,0 days 01:13:58.786000,-910.0,-1128.0,-218.0,,233.00000512,11116.25035648,99.25000064,0.0,8,6,2868.50951320618,0.5485224663968158,,,interpolation,0 days 00:00:45.411000,45.411,4438.786,0.0
2023-11-25 14:58:58.890,0 days 01:13:58.886000,-885.5832432660522,-1167.001115139304,-218.37552692245328,,235.0,11255.5,99.5,0.0,8,6,2874.789667159235,0.5497233707409785,,,interpolation,0 days 00:00:45.511000,45.511,4438.886,0.0
2023-11-25 14:58:58.990,0 days 01:13:58.986000,-853.0,-1217.0,-219.0,,237.00000512,11394.75035648,99.75000064,0.0,8,6,2881.539327079341,0.5510140550108658,,,interpolation,0 days 00:00:45.611000,45.611,4438.986,0.0
2023-11-25 14:58:59.090,0 days 01:13:59.086000,-807.4197850213989,-1282.8246166652352,-219.9790969600839,,239.0,11534.0,100.0,0.0,8,6,2889.006388888886,0.5524419223899529,,,interpolation,0 days 00:00:45.711000,45.711,4439.086,0.0
2023-11-25 14:58:59.190,0 days 01:13:59.186000,-760.0,-1349.0,-221.0,,241.5000064,11393.9996416,100.0,0.0,14,6,2897.1909290507715,0.554006987499639,,,interpolation,0 days 00:00:45.811000,45.811,4439.186,1.0
2023-11-25 14:58:59.290,0 days 01:13:59.286000,-721.8989989253184,-1400.0498331895649,-221.74987083705005,,244.0,11254.0,100.0,0.0,14,6,2905.2730555555527,0.5555524688528377,,,interpolation,0 days 00:00:45.911000,45.911,4439.286,1.0
2023-11-25 14:58:59.390,0 days 01:13:59.386000,-690.4883211586568,-1439.5553245940998,-222.29132490674465,,247.50000896,10899.49909248,99.49999872,0.0,12,6,2912.4330429644333,0.5569216168144562,,,interpolation,0 days 00:00:46.011000,46.011,4439.386,1.0
2023-11-25 14:58:59.490,0 days 01:13:59.486000,-650.0,-1489.0,-223.0,,251.0,10545.0,99.0,0.0,12,6,2919.217499999997,0.5582189550624829,,,interpolation,0 days 00:00:46.111000,46.111,4439.486,1.0
2023-11-25 14:58:59.590,0 days 01:13:59.586000,-597.8055503643386,-1551.9650513306767,-223.93851113048268,,252.00000256,10637.5002368,99.0,0.0,12,7,2926.173178175939,0.5595490345797253,,,interpolation,0 days 00:00:46.211000,46.211,4439.586,1.0
2023-11-25 14:58:59.690,0 days 01:13:59.686000,-531.0,-1628.0,-225.0,,253.0,10730.0,99.0,0.0,12,7,2933.2730555555527,0.5609066881741969,,,interpolation,0 days 00:00:46.311000,46.311,4439.686,1.0
2023-11-25 14:58:59.790,0 days 01:13:59.786000,-446.6771580950365,-1716.6557907820238,-226.07762879035948,,255.5000064,10819.00022784,99.25000064,0.0,12,7,2940.490254131026,0.5622867761763,,,interpolation,0 days 00:00:46.411000,46.411,4439.786,1.0
2023-11-25 14:58:59.890,0 days 01:13:59.886000,-370.0,-1795.0,-227.0,,258.0,10908.0,99.5,0.0,12,7,2947.824699998433,0.5636892844539689,,,interpolation,0 days 00:00:46.511000,46.511,4439.886,1.0
2023-11-25 14:58:59.990,0 days 01:13:59.986000,-326.129852426137,-1840.1019140564576,-227.5957366073532,,260.5000064,10997.00022784,99.75000064,0.0,12,7,2955.1889166044007,0.5650974855553383,,,interpolation,0 days 00:00:46.611000,46.611,4439.986,1.0
2023-11-25 14:59:00.090,0 days 01:14:00.086000,-315.0671646026087,-1851.96107110898,-227.86483251209157,,263.0,11086.0,100.0,0.0,12,7,2962.495277777775,0.5664946234183136,,,interpolation,0 days 00:00:46.711000,46.711,4440.086,1.0
2023-11-25 14:59:00.190,0 days 01:14:00.186000,-298.9707280777431,-1865.839848767025,-227.951513440783,,265.00000341333043,11146.666770204356,99.66666609777826,0.0,12,7,2969.7438583358853,0.567880712349623,,,interpolation,0 days 00:00:46.811000,46.811,4440.186,1.0
2023-11-25 14:59:00.290,0 days 01:14:00.286000,-240.0,-1917.0,-228.0,,266.9999965866696,11207.333229795644,99.33333390222174,0.0,12,7,2976.862359150548,0.5692419271568006,,,interpolation,0 days 00:00:46.911000,46.911,4440.286,1.0
2023-11-25 14:59:00.390,0 days 01:14:00.386000,-138.1543765078504,-2005.442048688957,-228.01029268624623,,269.0,11268.0,99.0,0.0,12,7,2983.4174999999973,0.5704954150778847,,,interpolation,0 days 00:00:47.011000,47.011,4440.386,1.0
2023-11-25 14:59:00.490,0 days 01:14:00.486000,-35.0,-2095.0,-228.0,,270.99999488,11284.99995648,99.49999872,0.0,12,7,2989.3369888568536,0.5716273522782402,,,interpolation,0 days 00:00:47.111000,47.111,4440.486,1.0
2023-11-25 14:59:00.590,0 days 01:14:00.586000,27.89908632406257,-2149.5096818185507,-227.9867304417392,,273.0,11302.0,100.0,0.0,12,7,2995.550833333331,0.5728155767838071,,,interpolation,0 days 00:00:47.211000,47.211,4440.586,1.0
2023-11-25 14:59:00.690,0 days 01:14:00.686000,50.54223837934222,-2168.970535966896,-227.97048414734377,,273.0,11368.49982976,99.50000128,0.0,12,7,3002.988916796297,0.5742379028620677,,,interpolation,0 days 00:00:47.311000,47.311,4440.686,1.0
2023-11-25 14:59:00.790,0 days 01:14:00.786000,65.1644491648982,-2181.196274451746,-227.96899577927653,,273.0,11435.0,99.0,0.0,12,7,3010.717499999997,0.5757157789162098,,,interpolation,0 days 00:00:47.411000,47.411,4440.786,1.0
2023-11-25 14:59:00.890,0 days 01:14:00.886000,104.0,-2214.0,-228.0,,274.99999658666377,11278.000267946896,99.0,0.0,12,7,3017.802688392029,0.5770706236513555,,,interpolation,0 days 00:00:47.511000,47.511,4440.886,1.0
2023-11-25 14:59:00.990,0 days 01:14:00.986000,167.04928856157315,-2267.382048522554,-228.0634971269971,,277.00000341333623,11120.999732053104,99.0,0.0,12,7,3024.5083860555296,0.5783529013653951,,,interpolation,0 days 00:00:47.611000,47.611,4440.986,1.0
2023-11-25 14:59:01.090,0 days 01:14:01.086000,234.0,-2324.0,-228.0,,279.0,10964.0,99.0,0.0,12,7,3032.4174999999977,0.5798652988902632,,,car,0 days 00:00:47.711000,47.711,4441.086,1.0
2023-11-25 14:59:01.190,0 days 01:14:01.186000,284.541150665366,-2366.512560812674,-227.65002145873456,,281.00000512,10694.99931136,99.0,0.0,12,7,3041.793942745592,0.5816582821371945,,,interpolation,0 days 00:00:47.811000,47.811,4441.186,1.0
2023-11-25 14:59:01.290,0 days 01:14:01.286000,323.29512850735284,-2398.894769010732,-227.1146061341528,,283.0,10426.0,99.0,0.0,12,7,3051.2841666666645,0.58347302286156,,,interpolation,0 days 00:00:47.911000,47.911,4441.286,1.0
2023-11-25 14:59:01.390,0 days 01:14:01.386000,378.0,-2445.0,-227.0,,284.50000384,10481.25014144,99.0,0.0,12,8,3059.534817332218,0.5850507297618205,,,interpolation,0 days 00:00:48.011000,48.011,4441.386,1.0
2023-11-25 14:59:01.490,0 days 01:14:01.486000,453.278110456597,-2508.8032550417847,-227.40724527702108,,286.0,10536.5,99.0,0.0,12,8,3066.545810255804,0.5863913866822981,,,interpolation,0 days 00:00:48.111000,48.111,4441.486,1.0
2023-11-25 14:59:01.590,0 days 01:14:01.586000,536.0,-2579.0,-228.0,,287.50000384,10591.75014144,99.0,0.0,12,8,3073.151018376817,0.587654448573124,,,interpolation,0 days 00:00:48.211000,48.211,4441.586,1.0
2023-11-25 14:59:01.690,0 days 01:14:01.686000,613.0345908335181,-2644.284328578948,-228.4419119637321,,289.0,10647.0,99.0,0.0,12,8,3080.1841666666646,0.588999342089677,,,car,0 days 00:00:48.311000,48.311,4441.686,1.0
2023-11-25 14:59:01.790,0 days 01:14:01.786000,684.3826717932949,-2704.65690929179,-228.7329856934054,,290.00000256,10693.200118272,99.0,0.0,12,8,3087.645327144969,0.5904260810037019,,,interpolation,0 days 00:00:48.411000,48.411,4441.786,1.0
2023-11-25 14:59:01.890,0 days 01:14:01.886000,750.0435122768517,-2760.117123924883,-228.8732182084324,,291.0,10739.4,99.0,0.0,12,8,3095.534423409642,0.5919346507054294,,,interpolation,0 days 00:00:48.511000,48.511,4441.886,1.0
2023-11-25 14:59:01.990,0 days 01:14:01.986000,810.0177846529162,-2810.665540392278,-228.86261094479775,,292.00000256,10785.600118272,99.0,0.0,12,8,3103.851536245237,0.5935250666426533,,,interpolation,0 days 00:00:48.611000,48.611,4441.986,1.0
2023-11-25 14:59:02.090,0 days 01:14:02.086000,864.3048747865116,-2856.301641079516,-228.70116401111963,,293.0,10831.8,99.0,0.0,12,8,3112.596580484736,0.5951973125295555,,,interpolation,0 days 00:00:48.711000,48.711,4442.086,1.0
2023-11-25 14:59:02.190,0 days 01:14:02.186000,916.2878277936744,-2899.9538227196263,-228.4836227923012,,294.00000256,10878.000118272,99.0,0.0,12,8,3121.76964567762,0.5969514054899777,,,interpolation,0 days 00:00:48.811000,48.811,4442.186,1.0
2023-11-25 14:59:02.290,0 days 01:14:02.286000,969.3486005850724,-2944.54956773352,-228.30473655408127,,295.0,10924.2,99.0,0.0,12,8,3131.067615299393,0.5987293829399174,,,interpolation,0 days 00:00:48.911000,48.911,4442.286,1.0
2023-11-25 14:59:02.390,0 days 01:14:02.386000,1023.487736504432,-2990.089332782813,-228.1645034646606,,296.00000256,10970.400118272,99.0,0.0,12,8,3140.1875619689567,0.6004733184637724,,,interpolation,0 days 00:00:49.011000,49.011,4442.386,1.0
2023-11-25 14:59:02.490,0 days 01:14:02.486000,1078.704681168421,-3036.5726515415054,-228.0629249600224,,297.0,11016.6,99.0,0.0,12,8,3149.129392298294,0.6021831942036888,,,interpolation,0 days 00:00:49.111000,49.111,4442.486,1.0
2023-11-25 14:59:02.590,0 days 01:14:02.586000,1135.0,-3084.0,-228.0,,298.00000256,11062.800118272,99.0,0.0,12,8,3157.893197851984,0.6038590276688389,,,interpolation,0 days 00:00:49.211000,49.211,4442.586,1.0
2023-11-25 14:59:02.690,0 days 01:14:02.686000,1192.37311653658,-3132.370892503491,-227.97572922894344,,299.0,11109.0,99.0,0.0,12,8,3166.478888888887,0.6055008016987319,,,interpolation,0 days 00:00:49.311000,49.311,4442.686,1.0
2023-11-25 14:59:02.790,0 days 01:14:02.786000,1252.674196830164,-3183.2475805194545,-227.98531799216255,,300.00000256,11129.75005312,99.0,0.0,12,8,3174.886553326704,0.6071085331051771,,,interpolation,0 days 00:00:49.411000,49.411,4442.786,1.0
2023-11-25 14:59:02.890,0 days 01:14:02.886000,1327.0,-3246.0,-228.0,,301.0,11150.5,99.0,0.0,12,8,3183.116105071171,0.6086822054250467,,,interpolation,0 days 00:00:49.511000,49.511,4442.886,1.0
2023-11-25 14:59:02.990,0 days 01:14:02.986000,1417.2008656939397,-3322.1905496797244,-228.01498099664283,,302.00000256,11171.25005312,99.0,0.0,12,8,3191.4437584844973,0.6102746369538757,,,interpolation,0 days 00:00:49.611000,49.611,4442.986,1.0
2023-11-25 14:59:03.090,0 days 01:14:03.086000,1507.0,-3398.0,-228.0,,303.0,11192.0,99.0,0.0,12,8,3200.145555555553,0.6119386130256042,,,interpolation,0 days 00:00:49.711000,49.711,4443.086,1.0
2023-11-25 14:59:03.190,0 days 01:14:03.186000,1580.1224522058676,-3459.6106778819176,-227.92479602797903,,304.00000256,11215.50006016,99.25000064,0.0,12,8,3209.2215853909697,0.6136741506793905,,,interpolation,0 days 00:00:49.811000,49.811,4443.186,1.0
2023-11-25 14:59:03.290,0 days 01:14:03.286000,1637.9746148223628,-3508.2181321402177,-227.83451175568595,,305.0,11239.0,99.5,0.0,12,8,3218.671755052439,0.6154812321433748,,,interpolation,0 days 00:00:49.911000,49.911,4443.286,1.0
2023-11-25 14:59:03.390,0 days 01:14:03.386000,1689.0,-3551.0,-228.0,,306.00000256,11262.50006016,99.75000064,0.0,12,8,3228.2394285494665,0.6173107829397404,,,interpolation,0 days 00:00:50.011000,50.011,4443.386,1.0
2023-11-25 14:59:03.490,0 days 01:14:03.486000,1734.6052265229878,-3589.152023082531,-228.46640097134537,,307.0,11286.0,100.0,0.0,12,8,3237.6677777777754,0.6191136918542666,,,interpolation,0 days 00:00:50.111000,50.111,4443.486,1.0
2023-11-25 14:59:03.590,0 days 01:14:03.586000,1780.0,-3627.0,-229.0,,308.0000017066652,11310.000040959963,99.66666609777826,0.0,12,8,3246.956899283909,0.6208899773487877,,,interpolation,0 days 00:00:50.211000,50.211,4443.586,1.0
2023-11-25 14:59:03.690,0 days 01:14:03.686000,1830.393094199604,-3668.86895112451,-229.3670721762484,,308.9999982933348,11333.999959040037,99.33333390222174,0.0,12,8,3256.1184829637864,0.622641874789968,,,interpolation,0 days 00:00:50.311000,50.311,4443.686,1.0
2023-11-25 14:59:03.790,0 days 01:14:03.786000,1889.210023459152,-3717.240367432981,-229.5007713365141,,310.0,11358.0,99.0,0.0,12,8,3265.223333333331,0.6243829235673501,,,interpolation,0 days 00:00:50.411000,50.411,4443.786,1.0
2023-11-25 14:59:03.890,0 days 01:14:03.886000,1977.0,-3787.0,-229.0,,310.49999872,11419.99984128,99.0,0.0,12,8,3274.283142175394,0.6261153594084213,,,interpolation,0 days 00:00:50.511000,50.511,4443.886,1.0
2023-11-25 14:59:03.990,0 days 01:14:03.986000,2086.0,-3872.0,-228.0,,311.0,11482.0,99.0,0.0,12,8,3282.501111111109,0.6276868168390618,,,interpolation,0 days 00:00:50.611000,50.611,4443.986,1.0
2023-11-25 14:59:04.090,0 days 01:14:04.086000,2149.0759535449947,-3920.4621864473856,-227.7133525308294,,311.49999872,11481.50000128,99.0,0.0,12,8,3289.08026483716,0.6289448965532837,,,interpolation,0 days 00:00:50.711000,50.711,4444.086,1.0
2023-11-25 14:59:04.190,0 days 01:14:04.186000,2196.0,-3955.0,-228.0,,312.0,11481.0,99.0,0.0,12,8,3296.3677777777752,0.6303384302172587,,,interpolation,0 days 00:00:50.811000,50.811,4444.186,1.0
2023-11-25 14:59:04.290,0 days 01:14:04.286000,2267.732073433327,-4006.8556567984783,-228.5177879314362,,312.99999744,11499.99995136,99.0,0.0,12,8,3306.7106823624954,0.632316222344633,,,interpolation,0 days 00:00:50.911000,50.911,4444.286,1.0
2023-11-25 14:59:04.390,0 days 01:14:04.386000,2351.0,-4066.0,-229.0,,314.0,11519.0,99.0,0.0,12,8,3317.3011111111086,0.6343413465670366,,,interpolation,0 days 00:00:51.011000,51.011,4444.386,1.0
2023-11-25 14:59:04.490,0 days 01:14:04.486000,2432.5300186553395,-4122.40273612193,-229.1799096405599,,314.333332764444,11538.666633102192,99.0,0.0,12,8,3325.330982186112,0.635876835526244,,,interpolation,0 days 00:00:51.111000,51.111,4444.486,1.0
2023-11-25 14:59:04.590,0 days 01:14:04.586000,2511.503178698777,-4175.621709670781,-229.0983158163696,,314.666667235556,11558.333366897808,99.0,0.0,12,8,3331.3105889770577,0.6370202686053228,,,interpolation,0 days 00:00:51.211000,51.211,4444.586,1.0
2023-11-25 14:59:04.690,0 days 01:14:04.686000,2583.0,-4223.0,-229.0,,315.0,11578.0,99.0,0.0,12,8,3338.3011111111086,0.6383570110580559,,,interpolation,0 days 00:00:51.311000,51.311,4444.686,1.0
2023-11-25 14:59:04.790,0 days 01:14:04.786000,2646.201429118326,-4264.095359205612,-228.92575830567085,,315.50000128,11609.50008064,99.0,0.0,12,8,3346.8128313348693,0.6399846402323439,,,interpolation,0 days 00:00:51.411000,51.411,4444.786,1.0
2023-11-25 14:59:04.890,0 days 01:14:04.886000,2702.471617167272,-4299.858873501491,-228.89231370722163,,316.0,11641.0,99.0,0.0,12,8,3355.856666666664,0.6417140215849397,,,interpolation,0 days 00:00:51.511000,51.511,4444.886,1.0
2023-11-25 14:59:04.990,0 days 01:14:04.986000,2760.0,-4336.0,-229.0,,316.6000012287994,11656.800032358384,99.0,0.0,12,8,3364.4437138936973,0.643356054948383,,,interpolation,0 days 00:00:51.611000,51.611,4444.986,1.0
2023-11-25 14:59:05.090,0 days 01:14:05.086000,2820.1507868218755,-4373.469875646233,-229.265538294908,,317.19999938560034,11672.599983820808,99.0,0.0,12,8,3372.5738850848347,0.6449107235082951,,,interpolation,0 days 00:00:51.711000,51.711,4445.086,1.0
2023-11-25 14:59:05.190,0 days 01:14:05.186000,2911.0,-4427.0,-229.0,,317.80000061439966,11688.400016179192,99.0,0.0,12,8,3380.417469429506,0.6464105903242576,,,interpolation,0 days 00:00:51.811000,51.811,4445.186,1.0
2023-11-25 14:59:05.290,0 days 01:14:05.286000,3050.0,-4505.0,-228.0,,318.3999987712006,11704.199967641616,99.0,0.0,12,8,3388.995613512702,0.6480509212096737,,,interpolation,0 days 00:00:51.911000,51.911,4445.286,1.0
2023-11-25 14:59:05.390,0 days 01:14:05.386000,3173.4189723604954,-4569.54470604725,-229.1788137748219,,319.0,11720.0,99.0,0.0,12,8,3398.4786111111084,0.6498642801013089,,,interpolation,0 days 00:00:52.011000,52.011,4445.386,1.0
2023-11-25 14:59:05.490,0 days 01:14:05.486000,3270.0,-4617.0,-231.0,,319.0,11733.333310577758,99.0,0.0,12,8,3408.866365119079,0.6518506484304161,,,interpolation,0 days 00:00:52.111000,52.111,4445.486,1.0
2023-11-25 14:59:05.590,0 days 01:14:05.586000,3339.1105342980445,-4650.053851377356,-231.4416045943764,,319.0,11746.666689422242,99.0,0.0,12,8,3419.9392321040978,0.6539680255144884,,,interpolation,0 days 00:00:52.211000,52.211,4445.586,1.0
2023-11-25 14:59:05.690,0 days 01:14:05.686000,3386.647779947154,-4671.59963506626,-230.70517213560487,,319.0,11760.0,99.0,0.0,12,8,3430.3786111111085,0.6559642656852859,,,interpolation,0 days 00:00:52.311000,52.311,4445.686,1.0
2023-11-25 14:59:05.790,0 days 01:14:05.786000,3448.0,-4699.0,-230.0,,319.4000008191996,11776.200033177583,99.2000004095998,0.0,12,8,3439.964859236239,0.6577973683613899,,,interpolation,0 days 00:00:52.411000,52.411,4445.786,1.0
2023-11-25 14:59:05.890,0 days 01:14:05.886000,3529.064478594045,-4735.148378957071,-229.5276445081793,,319.7999995904002,11792.39998341121,99.3999997952001,0.0,12,8,3448.6978783165587,0.6594673147718773,,,interpolation,0 days 00:00:52.511000,52.511,4445.886,1.0
2023-11-25 14:59:05.990,0 days 01:14:05.986000,3629.842045831673,-4780.045142097823,-229.2881008232103,,320.2000004095998,11808.60001658879,99.6000002047999,0.0,12,8,3456.7137856708005,0.6610001335588167,,,interpolation,0 days 00:00:52.611000,52.611,4445.986,1.0
2023-11-25 14:59:06.090,0 days 01:14:06.086000,3735.698098633499,-4826.919116589676,-229.4045067266385,,320.5999991808004,11824.799966822417,99.7999995904002,0.0,12,8,3464.8286596060134,0.6625518769450421,,,interpolation,0 days 00:00:52.711000,52.711,4446.086,1.0
2023-11-25 14:59:06.190,0 days 01:14:06.186000,3832.0,-4869.0,-230.0,,321.0,11841.0,100.0,0.0,12,8,3473.1786111111087,0.6641485723622205,,,interpolation,0 days 00:00:52.811000,52.811,4446.186,1.0
2023-11-25 14:59:06.290,0 days 01:14:06.286000,3918.7467638022335,-4906.287361421653,-231.07457454545948,,320.75000064,11818.75005696,99.75000064,0.0,12,8,3481.7635546828005,0.6657902034602323,,,interpolation,0 days 00:00:52.911000,52.911,4446.286,1.0
2023-11-25 14:59:06.390,0 days 01:14:06.386000,3996.0,-4939.0,-232.0,,320.5,11796.5,99.5,0.0,12,8,3490.583578231136,0.667476787049423,,,interpolation,0 days 00:00:53.011000,53.011,4446.386,1.0
2023-11-25 14:59:06.490,0 days 01:14:06.486000,4063.819639192855,-4967.355998080281,-232.14802552061315,,320.25000064,11774.25005696,99.25000064,0.0,12,8,3499.589961597237,0.6691990067577925,,,interpolation,0 days 00:00:53.111000,53.111,4446.486,1.0
2023-11-25 14:59:06.590,0 days 01:14:06.586000,4126.744227710636,-4993.133580600488,-231.61733243537984,,320.0,11752.0,99.0,0.0,12,8,3508.7341666666644,0.6709475810242638,,,interpolation,0 days 00:00:53.211000,53.211,4446.586,1.0
2023-11-25 14:59:06.690,0 days 01:14:06.686000,4212.0,-5027.0,-231.0,,320.24999936,11774.74994176,93.00001536,0.0,12,8,3518.016099802997,0.6727224919434823,,,interpolation,0 days 00:00:53.311000,53.311,4446.686,1.0
2023-11-25 14:59:06.790,0 days 01:14:06.786000,4324.125680937017,-5070.7335376435785,-230.3947017052744,,320.5,11797.5,87.0,0.0,12,8,3527.4358560534747,0.6745237576905823,,,interpolation,0 days 00:00:53.411000,53.411,4446.786,1.0
2023-11-25 14:59:06.890,0 days 01:14:06.886000,4428.0,-5111.0,-230.0,,320.74999936,11820.24994176,81.00001536,0.0,12,8,3536.4213886238767,0.6762419902656234,,,interpolation,0 days 00:00:53.511000,53.511,4446.886,1.0
2023-11-25 14:59:06.990,0 days 01:14:06.986000,4488.503898506588,-5134.466053697771,-230.0144470929801,,321.0,11843.0,75.0,0.0,12,8,3544.400833333331,0.6777678365883759,,,interpolation,0 days 00:00:53.611000,53.611,4446.986,1.0
2023-11-25 14:59:07.090,0 days 01:14:07.086000,4541.0,-5155.0,-230.0,,311.0000170666812,11461.66731747611,50.00004266670308,0.0,12,8,3551.3741084725298,0.6791012810342136,,,interpolation,0 days 00:00:53.711000,53.711,4447.086,1.0
2023-11-25 14:59:07.190,0 days 01:14:07.186000,4620.852085143809,-5186.470590729933,-229.518615736838,,300.9999829333188,11080.33268252389,24.999957333296926,0.0,12,8,3557.5077899377,0.6802741765989233,,,interpolation,0 days 00:00:53.811000,53.811,4447.186,1.0
2023-11-25 14:59:07.290,0 days 01:14:07.286000,4708.0,-5221.0,-229.0,,291.0,10699.0,0.0,1.0,8,8,3563.800833333331,0.6814775456896033,,,car,0 days 00:00:53.911000,53.911,4447.286,0.0
2023-11-25 14:59:07.390,0 days 01:14:07.386000,4782.385300710376,-5250.711077762558,-228.8738482459984,,279.24996992,10595.74973568,0.0,1.0,8,8,3570.419807590057,0.6827432399700655,,,interpolation,0 days 00:00:54.011000,54.011,4447.386,0.0
2023-11-25 14:59:07.490,0 days 01:14:07.486000,4847.0,-5276.0,-229.0,,267.5,10492.5,0.0,1.0,8,8,3577.364644929755,0.6840712464796335,,,interpolation,0 days 00:00:54.111000,54.111,4447.486,0.0
2023-11-25 14:59:07.590,0 days 01:14:07.586000,4904.837533953739,-5297.263505894618,-229.2382947871756,,255.74996992,10389.24973568,0.0,1.0,8,8,3584.3053889512407,0.685398470256221,,,interpolation,0 days 00:00:54.211000,54.211,4447.586,0.0
2023-11-25 14:59:07.690,0 days 01:14:07.686000,4956.766209724768,-5314.644288737677,-229.5830291252989,,244.0,10286.0,0.0,1.0,8,7,3590.911944444442,0.6866617897944113,,,car,0 days 00:00:54.311000,54.311,4447.686,0.0
2023-11-25 14:59:07.790,0 days 01:14:07.786000,5008.0,-5329.0,-230.0,,236.4999808,10412.00032256,0.0,1.0,8,7,3597.1843790606645,0.6878612180306305,,,interpolation,0 days 00:00:54.411000,54.411,4447.786,0.0
2023-11-25 14:59:07.890,0 days 01:14:07.886000,5059.407279554775,-5340.473403708491,-230.48350209941404,,229.0,10538.0,0.0,1.0,8,7,3603.634166666664,0.6890945600812987,,,car,0 days 00:00:54.511000,54.511,4447.886,0.0
2023-11-25 14:59:07.990,0 days 01:14:07.986000,5119.0,-5346.0,-231.0,,221.4999808,10769.00059136,0.0,1.0,8,7,3610.7729114047625,0.6904596459744049,,,interpolation,0 days 00:00:54.611000,54.611,4447.986,0.0
2023-11-25 14:59:08.090,0 days 01:14:08.086000,5194.788976306638,-5342.51511493128,-231.5159480382181,,214.0,11000.0,0.0,1.0,8,7,3617.900833333331,0.6918226623069436,,,interpolation,0 days 00:00:54.711000,54.711,4448.086,0.0
2023-11-25 14:59:08.190,0 days 01:14:08.186000,5266.0,-5334.0,-232.0,,210.99999232,10921.99980032,0.0,1.0,8,6,3624.318298601392,0.6930498236116724,,,interpolation,0 days 00:00:54.811000,54.811,4448.186,0.0
2023-11-25 14:59:08.290,0 days 01:14:08.286000,5311.857357325629,-5324.43602958364,-232.4207994312769,,208.0,10844.0,0.0,1.0,8,6,3630.025241494271,0.6941411173224917,,,interpolation,0 days 00:00:54.911000,54.911,4448.286,0.0
2023-11-25 14:59:08.390,0 days 01:14:08.386000,5353.0,-5309.0,-233.0,,204.99999232,10765.99980032,0.0,1.0,8,6,3635.2811201466766,0.6951461575736142,,,interpolation,0 days 00:00:55.011000,55.011,4448.386,0.0
2023-11-25 14:59:08.490,0 days 01:14:08.486000,5410.065988859189,-5282.868963566796,-233.9592451341203,,202.0,10688.0,0.0,1.0,8,6,3640.345277777776,0.6961145365248584,,,interpolation,0 days 00:00:55.111000,55.111,4448.486,0.0
2023-11-25 14:59:08.590,0 days 01:14:08.586000,5478.72598861407,-5248.20695142032,-235.18544556733133,,195.99998464,10734.50011904,0.0,1.0,8,5,3645.217766244674,0.6970462640924501,,,interpolation,0 days 00:00:55.211000,55.211,4448.586,0.0
2023-11-25 14:59:08.690,0 days 01:14:08.686000,5533.0,-5218.0,-236.0,,190.0,10781.0,0.0,1.0,8,5,3649.8985356532185,0.6979413307355234,,,interpolation,0 days 00:00:55.311000,55.311,4448.686,0.0
2023-11-25 14:59:08.790,0 days 01:14:08.786000,5568.558659137798,-5194.412098704686,-236.28981768418183,,183.99998464,10827.50011904,0.0,1.0,8,5,3654.7347847096426,0.6988661285262667,,,interpolation,0 days 00:00:55.411000,55.411,4448.786,0.0
2023-11-25 14:59:08.890,0 days 01:14:08.886000,5588.231693611776,-5176.2108311167885,-236.1332027288728,,178.0,10874.0,0.0,1.0,8,5,3660.0736111111087,0.6998870302216993,,,interpolation,0 days 00:00:55.511000,55.511,4448.886,0.0
2023-11-25 14:59:08.990,0 days 01:14:08.986000,5609.0,-5156.0,-236.0,,175.4999936,10675.49949184,7.5000192,1.0,8,4,3665.915069527337,0.7010040462758808,,,interpolation,0 days 00:00:55.611000,55.611,4448.986,0.0
2023-11-25 14:59:09.090,0 days 01:14:09.086000,5633.693457339609,-5132.547154355624,-235.96851793827733,,173.0,10477.0,15.0,1.0,8,4,3671.606944444442,0.7020924586564495,,,interpolation,0 days 00:00:55.711000,55.711,4449.086,0.0
2023-11-25 14:59:09.190,0 days 01:14:09.186000,5668.0,-5092.0,-236.0,,170.99999658666957,10513.66672924439,29.33335779553468,0.0,8,4,3676.4971384498617,0.7030275719146286,,,interpolation,0 days 00:00:55.811000,55.811,4449.186,0.0
2023-11-25 14:59:09.290,0 days 01:14:09.286000,5713.0,-5028.0,-236.0,,169.00000341333043,10550.33327075561,43.66664220446532,0.0,8,4,3680.665985138059,0.7038247476105475,,,interpolation,0 days 00:00:55.911000,55.911,4449.286,0.0
2023-11-25 14:59:09.390,0 days 01:14:09.386000,5741.051933119224,-4985.505493986679,-235.63437723815997,,167.0,10587.0,58.0,0.0,8,4,3684.595833333331,0.7045762215083022,,,interpolation,0 days 00:00:56.011000,56.011,4449.386,0.0
2023-11-25 14:59:09.490,0 days 01:14:09.486000,5750.605207613989,-4965.619680748701,-234.8875346901663,,168.39999713279852,10751.199663718227,62.1999913983956,0.0,8,4,3688.367026464058,0.7052973570484848,,,interpolation,0 days 00:00:56.111000,56.111,4449.486,0.0
2023-11-25 14:59:09.590,0 days 01:14:09.586000,5760.0,-4930.0,-234.0,,169.80000143360073,10915.400168140886,66.40000430080221,0.0,8,4,3691.979603147355,0.7059881616155421,,,interpolation,0 days 00:00:56.211000,56.211,4449.586,0.0
2023-11-25 14:59:09.690,0 days 01:14:09.686000,5772.292867772921,-4872.256478240506,-233.0118711291779,,171.19999856639927,11079.599831859114,70.59999569919779,0.0,8,4,3695.6707393555375,0.7066939885013859,,,interpolation,0 days 00:00:56.311000,56.311,4449.686,0.0
2023-11-25 14:59:09.790,0 days 01:14:09.786000,5786.420257154992,-4797.122228084837,-231.9527146457249,,172.60000286720145,11243.800336281773,74.8000086016044,0.0,8,4,3700.863762821336,0.7076870094505588,,,interpolation,0 days 00:00:56.411000,56.411,4449.786,0.0
2023-11-25 14:59:09.890,0 days 01:14:09.886000,5796.0,-4733.0,-231.0,,174.0,11408.0,79.0,0.0,8,4,3707.795833333331,0.7090125746602854,,,interpolation,0 days 00:00:56.511000,56.511,4449.886,0.0
2023-11-25 14:59:09.990,0 days 01:14:09.986000,5799.968514747716,-4684.622841282496,-230.18329412267084,,179.0,11554.0,85.0,0.0,8,4,3715.751388888887,0.7105338528484176,,,interpolation,0 days 00:00:56.611000,56.611,4449.986,0.0
2023-11-25 14:59:10.090,0 days 01:14:10.086000,5798.325760760651,-4651.991247313159,-229.5026053767841,,179.99999744,11064.0012544,85.49999872,0.0,8,4,3720.43658674026,0.711429766307711,,,interpolation,0 days 00:00:56.711000,56.711,4450.086,0.0
2023-11-25 14:59:10.190,0 days 01:14:10.186000,5792.270109753234,-4621.613833847258,-228.82061010250536,,181.0,10574.0,86.0,0.0,8,4,3723.795833333331,0.7120721285582049,,,interpolation,0 days 00:00:56.811000,56.811,4450.186,0.0
2023-11-25 14:59:10.290,0 days 01:14:10.286000,5783.0,-4580.0,-228.0,,182.9999965866637,10614.33326449772,90.66665870221544,0.0,8,4,3728.489085725995,0.7129695822239484,,,interpolation,0 days 00:00:56.911000,56.911,4450.286,0.0
2023-11-25 14:59:10.390,0 days 01:14:10.386000,5770.515336574781,-4527.14931964466,-227.0407666661995,,185.00000341333623,10654.66673550228,95.33334129778456,0.0,8,4,3734.354209224332,0.714091123565268,,,interpolation,0 days 00:00:57.011000,57.011,4450.386,0.0
2023-11-25 14:59:10.490,0 days 01:14:10.486000,5754.0,-4467.0,-226.0,,187.0,10695.0,100.0,0.0,8,4,3740.418055555553,0.7152506651077102,,,interpolation,0 days 00:00:57.111000,57.111,4450.486,0.0
2023-11-25 14:59:10.590,0 days 01:14:10.586000,5733.0,-4405.0,-225.0,,190.6666729244391,10814.00020309316,100.0,0.0,8,5,3746.518504060638,0.7164172057953845,,,interpolation,0 days 00:00:57.211000,57.211,4450.586,0.0
2023-11-25 14:59:10.690,0 days 01:14:10.686000,5709.690090030352,-4350.215330176844,-224.4321570446012,,194.3333270755609,10932.99979690684,100.0,0.0,8,5,3752.565378722501,0.7175735019792554,,,interpolation,0 days 00:00:57.311000,57.311,4450.686,0.0
2023-11-25 14:59:10.790,0 days 01:14:10.786000,5687.0,-4304.0,-224.0,,198.0,11052.0,100.0,0.0,8,5,3758.018055555553,0.7186161743954216,,,interpolation,0 days 00:00:57.411000,57.411,4450.786,0.0
2023-11-25 14:59:10.890,0 days 01:14:10.886000,5667.497504695819,-4266.198144343835,-223.34183739270048,,200.66666211555167,11140.33318257765,100.0,0.0,8,5,3762.7863651758753,0.7195279806632556,,,interpolation,0 days 00:00:57.511000,57.511,4450.886,0.0
2023-11-25 14:59:10.990,0 days 01:14:10.986000,5649.731853818928,-4234.605583709887,-222.53016471969767,,203.33333788444835,11228.66681742235,100.0,0.0,8,5,3767.0349576956073,0.7203404055260317,,,interpolation,0 days 00:00:57.611000,57.611,4450.986,0.0
2023-11-25 14:59:11.090,0 days 01:14:11.086000,5625.0,-4196.0,-222.0,,206.0,11317.0,100.0,0.0,8,5,3771.751388888887,0.7212422914911358,,,interpolation,0 days 00:00:57.711000,57.711,4451.086,0.0
2023-11-25 14:59:11.190,0 days 01:14:11.186000,5591.851139391361,-4148.177205485531,-221.8238400413066,,208.00000512,11361.00011264,100.0,0.0,8,5,3777.1003083366168,0.7222651232002583,,,interpolation,0 days 00:00:57.811000,57.811,4451.186,0.0
2023-11-25 14:59:11.290,0 days 01:14:11.286000,5549.0,-4093.0,-222.0,,210.0,11405.0,100.0,0.0,8,5,3783.081661266004,0.7234088901796295,,,interpolation,0 days 00:00:57.911000,57.911,4451.286,0.0
2023-11-25 14:59:11.390,0 days 01:14:11.386000,5495.160531592714,-4032.330128656866,-222.52679503246904,,212.00000512,11449.00011264,100.0,0.0,8,5,3789.342352886835,0.7246060728953909,,,interpolation,0 days 00:00:58.011000,58.011,4451.386,0.0
2023-11-25 14:59:11.490,0 days 01:14:11.486000,5445.0,-3981.0,-223.0,,214.0,11493.0,100.0,0.0,8,5,3795.529166666664,0.7257891285338772,,,interpolation,0 days 00:00:58.111000,58.111,4451.486,0.0
2023-11-25 14:59:11.590,0 days 01:14:11.586000,5409.0,-3950.0,-223.0,,216.0000040959979,11340.39968747536,100.0,0.0,8,5,3801.642165958629,0.7269580692096091,,,interpolation,0 days 00:00:58.211000,58.211,4451.586,0.0
2023-11-25 14:59:11.690,0 days 01:14:11.686000,5362.053477926144,-3916.285388585116,-222.4343957977272,,217.99999795200105,11187.80015626232,100.0,0.0,8,5,3807.681288165778,0.728112882952665,,,interpolation,0 days 00:00:58.311000,58.311,4451.686,0.0
2023-11-25 14:59:11.790,0 days 01:14:11.786000,5310.0,-3884.0,-222.0,,220.00000204799892,11035.19984373768,100.0,0.0,8,5,3813.650691751977,0.7292543649533156,,,interpolation,0 days 00:00:58.411000,58.411,4451.786,0.0
2023-11-25 14:59:11.890,0 days 01:14:11.886000,5262.864752295548,-3861.129220023004,-222.40903545749617,,221.9999959040021,10882.60031252464,100.0,0.0,8,5,3819.574895119536,0.7303872036723961,,,interpolation,0 days 00:00:58.511000,58.511,4451.886,0.0
2023-11-25 14:59:11.990,0 days 01:14:11.986000,5208.0,-3843.0,-223.0,,224.0,10730.0,100.0,0.0,8,5,3825.4580555555535,0.7315121940751522,,,interpolation,0 days 00:00:58.611000,58.611,4451.986,0.0
2023-11-25 14:59:12.090,0 days 01:14:12.086000,5132.759052780547,-3824.9397111170274,-223.1113812173089,,226.3333293511077,10827.66649998208,100.0,0.0,8,6,3831.3001128166175,0.7326293246417122,,,interpolation,0 days 00:00:58.711000,58.711,4452.086,0.0
2023-11-25 14:59:12.190,0 days 01:14:12.186000,5054.0,-3810.0,-223.0,,228.66667064889228,10925.33350001792,100.0,0.0,8,6,3837.163758746684,0.7337505834392967,,,interpolation,0 days 00:00:58.811000,58.811,4452.186,0.0
2023-11-25 14:59:12.290,0 days 01:14:12.286000,4988.582507980829,-3801.2328511948817,-222.92267723864364,,231.0,11023.0,100.0,0.0,8,6,3843.42472222222,0.7349478181396909,,,car,0 days 00:00:58.911000,58.911,4452.286,0.0
2023-11-25 14:59:12.390,0 days 01:14:12.386000,4931.642459216485,-3797.169720705438,-222.8938338897436,,232.0000017066652,11062.666734364386,99.66666609777826,0.0,8,6,3850.14569937679,0.7362330176303842,,,interpolation,0 days 00:00:59.011000,59.011,4452.386,0.0
2023-11-25 14:59:12.490,0 days 01:14:12.486000,4854.0,-3789.0,-223.0,,232.9999982933348,11102.333265635614,99.33333390222174,0.0,8,6,3857.244084221694,0.7375903858192066,,,interpolation,0 days 00:00:59.111000,59.111,4452.486,0.0
2023-11-25 14:59:12.590,0 days 01:14:12.586000,4750.790887640733,-3775.255151199992,-223.25559840484576,,234.0,11142.0,99.0,0.0,8,6,3864.224722222221,0.7389252382069863,,,interpolation,0 days 00:00:59.211000,59.211,4452.586,0.0
2023-11-25 14:59:12.690,0 days 01:14:12.686000,4630.052284646874,-3757.264162233857,-223.63672793968132,,235.49999616,11221.9997952,99.49999872,0.0,8,6,3871.0050047307504,0.7402217781931091,,,interpolation,0 days 00:00:59.311000,59.311,4452.686,0.0
2023-11-25 14:59:12.790,0 days 01:14:12.786000,4540.0,-3743.0,-224.0,,237.0,11302.0,100.0,0.0,8,6,3877.391388888887,0.7414429961021491,,,interpolation,0 days 00:00:59.411000,59.411,4452.786,0.0
2023-11-25 14:59:12.890,0 days 01:14:12.886000,4488.671061482732,-3733.791657744619,-224.32151231862676,,238.33333105777584,11423.666459022044,99.66666723555603,0.0,8,6,3883.190197011564,0.7425518564768382,,,interpolation,0 days 00:00:59.511000,59.511,4452.886,0.0
2023-11-25 14:59:12.990,0 days 01:14:12.986000,4466.822460935395,-3728.5787902904367,-224.61912778277767,,239.66666894222416,11545.333540977956,99.33333276444397,0.0,8,6,3888.747115661137,0.7436144622340084,,,interpolation,0 days 00:00:59.611000,59.611,4452.986,0.0
2023-11-25 14:59:13.090,0 days 01:14:13.086000,4419.0,-3721.0,-225.0,,241.0,11667.0,99.0,0.0,8,6,3896.135833333331,0.7450273484811701,,,car,0 days 00:00:59.711000,59.711,4453.086,0.0
2023-11-25 14:59:13.190,0 days 01:14:13.186000,4335.96070642354,-3709.994958382717,-225.48199246535637,,243.5000064,11016.49833472,99.50000128,0.0,8,6,3905.702052871207,0.7468566212483865,,,interpolation,0 days 00:00:59.811000,59.811,4453.186,0.0
2023-11-25 14:59:13.290,0 days 01:14:13.286000,4255.0,-3700.0,-226.0,,246.0,10366.0,100.0,0.0,8,6,3915.2691666666647,0.7486860650174322,,,interpolation,0 days 00:00:59.911000,59.911,4453.286,0.0
2023-11-25 14:59:13.390,0 days 01:14:13.386000,4213.411621163895,-3695.451244373348,-226.4889276650842,,248.25000576,10430.25016448,99.74999936,0.0,8,7,3922.6607630368944,0.7500995017353312,,,interpolation,0 days 00:01:00.011000,60.011,4453.386,0.0
2023-11-25 14:59:13.490,0 days 01:14:13.486000,4172.0,-3692.0,-227.0,,250.5,10494.5,99.5,0.0,8,7,3927.876766292144,0.7510969169285285,,,interpolation,0 days 00:01:00.111000,60.111,4453.486,0.0
2023-11-25 14:59:13.590,0 days 01:14:13.586000,4091.568716672522,-3685.297493457157,-227.58445178413845,,252.75000576,10558.75016448,99.24999936,0.0,8,7,3932.455665414649,0.7519725037196812,,,interpolation,0 days 00:01:00.211000,60.211,4453.586,0.0
2023-11-25 14:59:13.690,0 days 01:14:13.686000,4003.0,-3678.0,-228.0,,255.0,10623.0,99.0,0.0,8,7,3937.935833333331,0.7530204330394847,,,car,0 days 00:01:00.311000,60.311,4453.686,0.0
2023-11-25 14:59:13.790,0 days 01:14:13.786000,3937.174348241237,-3672.763651523735,-228.00437187007844,,256.50000384,10680.75014784,99.0,0.0,8,7,3944.317326165252,0.7542407156187627,,,interpolation,0 days 00:01:00.411000,60.411,4453.786,0.0
2023-11-25 14:59:13.890,0 days 01:14:13.886000,3875.0,-3668.0,-228.0,,258.0,10738.5,99.0,0.0,8,7,3951.6000785640936,0.7556333389618539,,,interpolation,0 days 00:01:00.511000,60.511,4453.886,0.0
2023-11-25 14:59:13.990,0 days 01:14:13.986000,3797.3838831598496,-3662.120495000416,-228.38931699539737,,259.50000384,10796.25014784,99.0,0.0,8,7,3959.300745467556,0.7571058768019207,,,interpolation,0 days 00:01:00.611000,60.611,4453.986,0.0
2023-11-25 14:59:14.090,0 days 01:14:14.086000,3716.0,-3656.0,-229.0,,261.0,10854.0,99.0,0.0,8,7,3966.935833333331,0.7585658744794638,,,car,0 days 00:01:00.711000,60.711,4454.086,0.0
2023-11-25 14:59:14.190,0 days 01:14:14.186000,3642.520724639796,-3650.513255593779,-229.6597363975397,,262.2500032,10900.2501184,99.25000064,0.0,8,7,3974.5054203449176,0.7600133469448975,,,interpolation,0 days 00:01:00.811000,60.811,4454.186,0.0
2023-11-25 14:59:14.290,0 days 01:14:14.286000,3572.9159944536523,-3645.2779719735777,-230.3544799323612,,263.5,10946.5,99.5,0.0,8,7,3982.009428989943,0.7614482793761419,,,interpolation,0 days 00:01:00.911000,60.911,4454.286,0.0
2023-11-25 14:59:14.390,0 days 01:14:14.386000,3483.0,-3638.0,-231.0,,264.7500032,10992.7501184,99.75000064,0.0,8,7,3989.3655665266615,0.7628549355807731,,,interpolation,0 days 00:01:01.011000,61.011,4454.386,0.0
2023-11-25 14:59:14.490,0 days 01:14:14.486000,3368.7428469648294,-3628.2970682069954,-231.58225049037597,,266.0,11039.0,100.0,0.0,8,7,3996.491388888887,0.7642175504297872,,,car,0 days 00:01:01.111000,61.111,4454.486,0.0
2023-11-25 14:59:14.590,0 days 01:14:14.586000,3261.0,-3619.0,-232.0,,267.00000256,11077.7500992,99.74999936,0.0,8,7,4003.3869690452257,0.7655361378763962,,,interpolation,0 days 00:01:01.211000,61.211,4454.586,0.0
2023-11-25 14:59:14.690,0 days 01:14:14.686000,3190.62919703694,-3612.939813344408,-232.1520068853812,,268.0,11116.5,99.5,0.0,8,7,4010.052236385119,0.7668106844182989,,,interpolation,0 days 00:01:01.311000,61.311,4454.686,0.0
2023-11-25 14:59:14.790,0 days 01:14:14.786000,3150.5183467931283,-3608.835334390383,-232.07618422658027,,269.00000256,11155.2500992,99.24999936,0.0,8,7,4017.437118376901,0.768222837198526,,,interpolation,0 days 00:01:01.411000,61.411,4454.786,0.0
2023-11-25 14:59:14.890,0 days 01:14:14.886000,3098.0,-3599.0,-232.0,,270.0,11194.0,99.0,0.0,8,7,4026.4913888888873,0.7699542139883863,,,car,0 days 00:01:01.511000,61.511,4454.886,0.0
2023-11-25 14:59:14.990,0 days 01:14:14.986000,3025.962248184453,-3582.1525976657977,-231.96136494901896,,270.50000128,11251.5001472,99.50000128,0.0,8,7,4037.2151406370326,0.7720048325172212,,,interpolation,0 days 00:01:01.611000,61.611,4454.986,0.0
2023-11-25 14:59:15.090,0 days 01:14:15.086000,2934.40582901118,-3558.29329990473,-231.9602794692589,,271.0,11309.0,100.0,0.0,8,7,4047.569166666664,0.7739847513108538,,,interpolation,0 days 00:01:01.711000,61.711,4455.086,0.0
2023-11-25 14:59:15.190,0 days 01:14:15.186000,2842.396074212312,-3532.037235711282,-231.9790542548696,,271.6666678044435,11332.0000392533,100.0,0.0,8,7,4055.514475859507,0.7755040701678,,,interpolation,0 days 00:01:01.811000,61.811,4455.186,0.0
2023-11-25 14:59:15.290,0 days 01:14:15.286000,2769.0,-3508.0,-232.0,,272.3333321955565,11354.9999607467,100.0,0.0,8,7,4061.564732643108,0.7766610130881548,,,interpolation,0 days 00:01:01.911000,61.911,4455.286,0.0
2023-11-25 14:59:15.390,0 days 01:14:15.386000,2714.216854796518,-3486.181346628958,-232.02311691913508,,273.0,11378.0,100.0,0.0,8,7,4068.802499999998,0.7780450342962177,,,interpolation,0 days 00:01:02.011000,62.011,4455.386,0.0
2023-11-25 14:59:15.490,0 days 01:14:15.486000,2674.659371155096,-3465.670365632632,-232.0399755188558,,274.49999616,11415.499904,99.50000128,0.0,8,7,4077.7414496029382,0.7797543591775291,,,interpolation,0 days 00:01:02.111000,62.111,4455.486,0.0
2023-11-25 14:59:15.590,0 days 01:14:15.586000,2630.0,-3441.0,-232.0,,276.0,11453.0,99.0,0.0,8,7,4087.125833333332,0.7815488609163976,,,interpolation,0 days 00:01:02.211000,62.211,4455.586,0.0
2023-11-25 14:59:15.690,0 days 01:14:15.686000,2576.8513702172786,-3411.2593689669934,-231.89476151521345,,276.24999936,11454.49999616,99.24999936,0.0,8,7,4095.699715441685,0.783188376817955,,,interpolation,0 days 00:01:02.311000,62.311,4455.686,0.0
2023-11-25 14:59:15.790,0 days 01:14:15.786000,2516.2034628572155,-3376.829642422836,-231.78109335696615,,276.5,11456.0,99.5,0.0,8,7,4103.463183724769,0.7846729236708849,,,interpolation,0 days 00:01:02.411000,62.411,4455.786,0.0
2023-11-25 14:59:15.890,0 days 01:14:15.886000,2454.0,-3340.0,-232.0,,276.74999936,11457.49999616,99.74999936,0.0,8,7,4110.752381861019,0.7860667795815394,,,interpolation,0 days 00:01:02.511000,62.511,4455.886,0.0
2023-11-25 14:59:15.990,0 days 01:14:15.986000,2391.230869974163,-3301.1515389960264,-232.60831805603564,,277.0,11459.0,100.0,0.0,8,7,4117.903611111109,0.7874342527894788,,,interpolation,0 days 00:01:02.611000,62.611,4455.986,0.0
2023-11-25 14:59:16.090,0 days 01:14:16.086000,2324.0,-3257.0,-233.0,,276.75000064,11464.99998464,99.75000064,0.0,8,7,4124.916798246639,0.7887753292918129,,,interpolation,0 days 00:01:02.711000,62.711,4456.086,0.0
2023-11-25 14:59:16.190,0 days 01:14:16.186000,2248.409986097676,-3204.2602736808512,-232.5690085468068,,276.5,11471.0,99.5,0.0,8,7,4131.792015082827,0.7900900228212004,,,interpolation,0 days 00:01:02.811000,62.811,4456.186,0.0
2023-11-25 14:59:16.290,0 days 01:14:16.286000,2174.0,-3150.0,-232.0,,276.25000064,11476.99998464,99.25000064,0.0,8,7,4138.622994605155,0.7913962571977099,,,interpolation,0 days 00:01:02.911000,62.911,4456.286,0.0
2023-11-25 14:59:16.390,0 days 01:14:16.386000,2110.30767743998,-3101.285723238944,-231.97762042313,,276.0,11483.0,99.0,0.0,8,7,4145.503611111109,0.79271198326339,,,interpolation,0 days 00:01:03.011000,63.011,4456.386,0.0
2023-11-25 14:59:16.490,0 days 01:14:16.486000,2054.0,-3055.0,-232.0,,275.75000064,11464.75004672,99.24999936,0.0,8,7,4152.433794143355,0.79403718754524,,,interpolation,0 days 00:01:03.111000,63.111,4456.486,0.0
2023-11-25 14:59:16.590,0 days 01:14:16.586000,2001.7427204625776,-3008.024414085501,-231.5652689144065,,275.5,11446.5,99.5,0.0,8,7,4159.413614667147,0.7953718836133867,,,interpolation,0 days 00:01:03.211000,63.211,4456.586,0.0
2023-11-25 14:59:16.690,0 days 01:14:16.686000,1954.0,-2962.0,-231.0,,275.25000064,11428.25004672,99.74999936,0.0,8,7,4166.31339821292,0.7966912748410288,,,interpolation,0 days 00:01:03.311000,63.311,4456.686,0.0
2023-11-25 14:59:16.790,0 days 01:14:16.786000,1911.2349757846807,-2918.5668399281103,-230.63075585043413,,275.0,11410.0,100.0,0.0,8,7,4173.003611111109,0.797970591525439,,,interpolation,0 days 00:01:03.411000,63.411,4456.786,0.0
2023-11-25 14:59:16.890,0 days 01:14:16.886000,1871.265995859672,-2873.450385822683,-230.51527858423685,,274.75000064,11398.7500288,100.0,0.0,8,7,4179.484184854109,0.7992098205664483,,,interpolation,0 days 00:01:03.511000,63.511,4456.886,0.0
2023-11-25 14:59:16.990,0 days 01:14:16.986000,1821.0,-2801.0,-231.0,,274.5,11387.5,100.0,0.0,8,7,4185.755185803166,0.8004089746537947,,,interpolation,0 days 00:01:03.611000,63.611,4456.986,0.0
2023-11-25 14:59:17.090,0 days 01:14:17.086000,1761.0,-2698.0,-232.0,,274.25000064,11376.2500288,100.0,0.0,8,7,4193.261471548426,0.8018443425169701,,,interpolation,0 days 00:01:03.711000,63.711,4457.086,0.0
2023-11-25 14:59:17.190,0 days 01:14:17.186000,1707.7330436307986,-2570.8007960078894,-232.6593606903729,,274.0,11365.0,100.0,0.0,8,7,4203.448055555554,0.8037922426923135,,,interpolation,0 days 00:01:03.811000,63.811,4457.186,0.0
2023-11-25 14:59:17.290,0 days 01:14:17.286000,1667.0,-2454.0,-233.0,,273.0,11318.0,99.0,0.0,8,7,4215.581388888887,0.8061124043982358,,,interpolation,0 days 00:01:03.911000,63.911,4457.286,0.0
2023-11-25 14:59:17.390,0 days 01:14:17.386000,1641.8561887140672,-2381.1341569421384,-233.18649956942417,,266.666655857787,11085.332936249228,65.99994368004806,0.0,8,7,4225.26089048965,0.8079633392015191,,,interpolation,0 days 00:01:04.011000,64.011,4457.386,0.0
2023-11-25 14:59:17.490,0 days 01:14:17.486000,1632.301867244968,-2352.204012978628,-233.21885748889468,,260.333344142213,10852.667063750772,33.00005631995195,0.0,8,7,4232.097606809289,0.8092706705805641,,,interpolation,0 days 00:01:04.111000,64.111,4457.486,0.0
2023-11-25 14:59:17.590,0 days 01:14:17.586000,1635.1299129899862,-2355.768179370544,-233.12143081946735,,254.0,10620.0,0.0,0.0,8,7,4238.1591666666645,0.8104297748986332,,,interpolation,0 days 00:01:04.211000,64.211,4457.586,0.0
2023-11-25 14:59:17.690,0 days 01:14:17.686000,1631.0983125916327,-2323.1806504412148,-233.0403596899893,,249.0000085333406,10526.000160426804,0.0,1.0,8,7,4243.790098186167,0.8115065335535965,,,interpolation,0 days 00:01:04.311000,64.311,4457.686,0.0
2023-11-25 14:59:17.790,0 days 01:14:17.786000,1617.0,-2243.0,-233.0,,243.9999914666594,10431.999839573196,0.0,1.0,8,7,4249.02738195378,0.8125080180514533,,,interpolation,0 days 00:01:04.411000,64.411,4457.786,0.0
2023-11-25 14:59:17.890,0 days 01:14:17.886000,1596.0,-2130.0,-233.0,,239.0,10338.0,0.0,1.0,8,7,4254.092499999998,0.8134765806553114,,,interpolation,0 days 00:01:04.511000,64.511,4457.886,0.0
2023-11-25 14:59:17.990,0 days 01:14:17.986000,1587.087542105019,-2072.8179551286094,-233.03824669526864,,220.33330147558277,10483.333581368675,0.0,1.0,8,7,4259.022427116863,0.8144192917632403,,,interpolation,0 days 00:01:04.611000,64.611,4457.986,0.0
2023-11-25 14:59:18.090,0 days 01:14:18.086000,1585.0,-2045.0,-233.0,,201.66669852441728,10628.666418631325,0.0,1.0,8,7,4263.806008503788,0.8153340183306391,,,interpolation,0 days 00:01:04.711000,64.711,4458.086,0.0
2023-11-25 14:59:18.190,0 days 01:14:18.186000,1581.3097543113377,-2005.3184479229635,-232.7708719911656,,183.0,10774.0,0.0,1.0,8,7,4268.376666666665,0.8162080292680323,,,interpolation,0 days 00:01:04.811000,64.811,4458.186,0.0
2023-11-25 14:59:18.290,0 days 01:14:18.286000,1576.5589267544535,-1954.8442263587349,-232.37975650993977,,175.25001984,10685.00022784,0.0,1.0,8,7,4272.723250483816,0.817039192234307,,,interpolation,0 days 00:01:04.911000,64.911,4458.286,0.0
2023-11-25 14:59:18.390,0 days 01:14:18.386000,1574.0,-1900.0,-232.0,,167.5,10596.0,0.0,1.0,8,7,4276.845804464368,0.8178275157405934,,,interpolation,0 days 00:01:05.011000,65.011,4458.386,0.0
2023-11-25 14:59:18.490,0 days 01:14:18.486000,1574.175084178724,-1841.8568515733832,-231.66049784495277,,159.75001984,10507.00022784,0.0,1.0,8,7,4280.955990150515,0.8186134741554199,,,interpolation,0 days 00:01:05.111000,65.111,4458.486,0.0
2023-11-25 14:59:18.590,0 days 01:14:18.586000,1577.0841810834918,-1780.4141856915198,-231.36124656828696,,152.0,10418.0,0.0,1.0,8,7,4285.265555555554,0.8194375583825028,,,interpolation,0 days 00:01:05.211000,65.211,4458.586,0.0
2023-11-25 14:59:18.690,0 days 01:14:18.686000,1581.2011733665215,-1724.5147047239327,-231.13137328747817,,141.50002688,9865.00141568,0.0,1.0,8,7,4289.7744565496505,0.8202997599832416,,,interpolation,0 days 00:01:05.311000,65.311,4458.686,0.0
2023-11-25 14:59:18.790,0 days 01:14:18.786000,1585.0,-1683.0,-231.0,,131.0,9312.0,0.0,1.0,8,7,4293.998888888887,0.8211075648851172,,,interpolation,0 days 00:01:05.411000,65.411,4458.786,0.0
2023-11-25 14:59:18.890,0 days 01:14:18.886000,1588.4806220840417,-1655.8704966292094,-230.96712805111144,,126.66667406222854,8944.667293582757,0.0,1.0,8,4,4297.454958900019,0.8217684419147446,,,interpolation,0 days 00:01:05.511000,65.511,4458.886,0.0
2023-11-25 14:59:18.990,0 days 01:14:18.986000,1591.811151169328,-1640.8185242718098,-231.01088067850117,,122.33332593777146,8577.332706417243,0.0,1.0,8,4,4300.266544605426,0.8223060792900141,,,interpolation,0 days 00:01:05.611000,65.611,4458.986,0.0
2023-11-25 14:59:19.090,0 days 01:14:19.086000,1596.0,-1624.0,-231.0,,118.0,8210.0,0.0,1.0,8,4,4303.176666666665,0.8228625589960071,,,interpolation,0 days 00:01:05.711000,65.711,4459.086,0.0
2023-11-25 14:59:19.190,0 days 01:14:19.186000,1601.215287379,-1603.1073590587253,-230.91260947848792,,114.99999232,8210.0,0.0,1.0,8,3,4306.3091975156,0.8234615681815829,,,interpolation,0 days 00:01:05.811000,65.811,4459.186,0.0
2023-11-25 14:59:19.290,0 days 01:14:19.286000,1608.0430579581798,-1578.2408021132794,-230.80334297890928,,112.0,8210.0,0.0,1.0,8,3,4309.398888888887,0.8240523855118645,,,interpolation,0 days 00:01:05.911000,65.911,4459.286,0.0
2023-11-25 14:59:19.390,0 days 01:14:19.386000,1620.0,-1550.0,-231.0,,110.66666439111306,8044.333050595796,0.0,1.0,8,3,4312.180556238731,0.8245843018357977,,,interpolation,0 days 00:01:06.011000,66.011,4459.386,0.0
2023-11-25 14:59:19.490,0 days 01:14:19.486000,1637.6720891219468,-1518.4852286291598,-231.55721149806536,,109.33333560888694,7878.6669494042035,0.0,1.0,8,3,4314.762962576413,0.8250781150468266,,,interpolation,0 days 00:01:06.111000,66.111,4459.486,0.0
2023-11-25 14:59:19.590,0 days 01:14:19.586000,1654.0,-1493.0,-232.0,,108.0,7713.0,0.0,1.0,8,3,4317.798888888887,0.8256586513082722,,,interpolation,0 days 00:01:06.211000,66.211,4459.586,0.0
2023-11-25 14:59:19.690,0 days 01:14:19.686000,1665.0,-1480.0,-232.0,,107.00000256,7655.5001472,11.49997056,0.0,8,3,4321.397095583831,0.8263467080157121,,,interpolation,0 days 00:01:06.311000,66.311,4459.686,0.0
2023-11-25 14:59:19.790,0 days 01:14:19.786000,1689.128004349624,-1462.3944909191987,-232.4369522489246,,106.0,7598.0,23.0,0.0,8,3,4324.865555555553,0.8270099542798534,,,interpolation,0 days 00:01:06.411000,66.411,4459.786,0.0
2023-11-25 14:59:19.890,0 days 01:14:19.886000,1726.5713353871624,-1439.1327864886978,-233.33952226908335,,104.66666894222416,7699.333160390964,27.666658702215425,0.0,8,3,4327.512169335707,0.8275160453740632,,,interpolation,0 days 00:01:06.511000,66.511,4459.886,0.0
2023-11-25 14:59:19.990,0 days 01:14:19.986000,1760.0,-1421.0,-234.0,,103.33333105777584,7800.666839609036,32.33334129778457,0.0,8,3,4329.484257766305,0.827893152301868,,,interpolation,0 days 00:01:06.611000,66.611,4459.986,0.0
2023-11-25 14:59:20.090,0 days 01:14:20.086000,1786.525284438153,-1409.7938603752525,-234.30042646779384,,102.0,7902.0,37.0,0.0,8,3,4331.6655555555535,0.8283102646864692,,,car,0 days 00:01:06.711000,66.711,4460.086,0.0
2023-11-25 14:59:20.190,0 days 01:14:20.186000,1806.147460321229,-1405.5142528632905,-234.2408047488397,,104.00000512,8128.50057984,41.25001088,0.0,8,3,4334.203378780624,0.8287955526202501,,,interpolation,0 days 00:01:06.811000,66.811,4460.186,0.0
2023-11-25 14:59:20.290,0 days 01:14:20.286000,1824.9457921236856,-1404.2275432397032,-234.06078065546504,,106.0,8355.0,45.5,0.0,8,3,4337.097701454273,0.829349011133875,,,interpolation,0 days 00:01:06.911000,66.911,4460.286,0.0
2023-11-25 14:59:20.390,0 days 01:14:20.386000,1849.0,-1402.0,-234.0,,108.00000512,8581.50057984,49.75001088,0.0,8,3,4340.331522378564,0.8299673892222555,,,interpolation,0 days 00:01:07.011000,67.011,4460.386,0.0
2023-11-25 14:59:20.490,0 days 01:14:20.486000,1878.3098376357152,-1398.8316459541657,-234.0584634048371,,110.0,8808.0,54.0,0.0,8,3,4343.887777777776,0.8306474239140466,,,car,0 days 00:01:07.111000,67.111,4460.486,0.0
2023-11-25 14:59:20.590,0 days 01:14:20.586000,1919.0,-1397.0,-234.0,,113.00000768,8985.00045312,55.50000384,0.0,8,3,4347.766504068055,0.8313891221728208,,,interpolation,0 days 00:01:07.211000,67.211,4460.586,0.0
2023-11-25 14:59:20.690,0 days 01:14:20.686000,1977.1944652622024,-1398.7826322352932,-233.588438915514,,116.0,9162.0,57.0,0.0,8,3,4351.62111111111,0.8321262082980411,,,interpolation,0 days 00:01:07.311000,67.311,4460.686,0.0
2023-11-25 14:59:20.790,0 days 01:14:20.786000,2033.0,-1402.0,-233.0,,118.00000512,9317.75039872,61.25001088,0.0,8,3,4355.105087957974,0.8327924217319215,,,interpolation,0 days 00:01:07.411000,67.411,4460.786,0.0
2023-11-25 14:59:20.890,0 days 01:14:20.886000,2066.5222034313583,-1404.4725094341395,-232.41091334207223,,120.0,9473.5,65.5,0.0,8,3,4358.218398932819,0.833387755652454,,,interpolation,0 days 00:01:07.511000,67.511,4460.886,0.0
2023-11-25 14:59:20.990,0 days 01:14:20.986000,2077.76141882439,-1406.2001858562603,-231.82117290946923,,122.00000512,9629.25039872,69.75001088,0.0,8,3,4361.477528076809,0.834010973232224,,,interpolation,0 days 00:01:07.611000,67.611,4460.986,0.0
2023-11-25 14:59:21.090,0 days 01:14:21.086000,2073.366285926927,-1407.4664448677386,-231.30886229680465,,124.0,9785.0,74.0,0.0,8,3,4365.398888888888,0.8347608241545829,,,interpolation,0 days 00:01:07.711000,67.711,4461.086,0.0
2023-11-25 14:59:21.190,0 days 01:14:21.186000,2093.2296291731336,-1409.971913703384,-231.34244558971645,,130.50001664,10234.50115072,77.00000768,0.0,8,3,4369.982521523888,0.8356373160980233,,,interpolation,0 days 00:01:07.811000,67.811,4461.186,0.0
2023-11-25 14:59:21.290,0 days 01:14:21.286000,2144.0,-1414.0,-232.0,,137.0,10684.0,80.0,0.0,8,3,4374.532222222221,0.8365073195046453,,,interpolation,0 days 00:01:07.911000,67.911,4461.286,0.0
2023-11-25 14:59:21.390,0 days 01:14:21.386000,2216.0,-1419.0,-233.0,,140.7500096,10384.74923392,72.4999808,0.0,8,3,4378.351880749621,0.8372377227006595,,,interpolation,0 days 00:01:08.011000,68.011,4461.386,0.0
2023-11-25 14:59:21.490,0 days 01:14:21.486000,2251.1618776174355,-1421.6674206697576,-232.65325619795112,,144.5,10085.5,65.0,0.0,8,3,4381.441457992883,0.8378285182067562,,,interpolation,0 days 00:01:08.111000,68.111,4461.486,0.0
2023-11-25 14:59:21.590,0 days 01:14:21.586000,2282.0,-1416.0,-232.0,,148.2500096,9786.24923392,57.4999808,0.0,8,3,4384.454212422815,0.8384046234917292,,,interpolation,0 days 00:01:08.211000,68.211,4461.586,0.0
2023-11-25 14:59:21.690,0 days 01:14:21.686000,2350.7059767519017,-1396.54625170664,-232.36200531328916,,152.0,9487.0,50.0,0.0,8,4,4388.043333333333,0.8390909427962219,,,car,0 days 00:01:08.311000,68.311,4461.686,0.0
2023-11-25 14:59:21.790,0 days 01:14:21.786000,2423.0,-1374.0,-233.0,,152.0,9243.49937664,24.999936,0.0,8,4,4392.208857477129,0.839887483148161,,,interpolation,0 days 00:01:08.411000,68.411,4461.786,0.0
2023-11-25 14:59:21.890,0 days 01:14:21.886000,2464.600818031645,-1359.055499170148,-233.17470168232737,,152.0,9000.0,0.0,1.0,8,4,4396.487777777777,0.8407057073534571,,,car,0 days 00:01:08.511000,68.511,4461.886,0.0
2023-11-25 14:59:21.990,0 days 01:14:21.986000,2475.5088568400784,-1351.7125961850738,-232.88611214921605,,150.49999616,9066.50017024,0.0,1.0,8,4,4400.417173629968,0.8414570947532093,,,interpolation,0 days 00:01:08.611000,68.611,4461.986,0.0
2023-11-25 14:59:22.090,0 days 01:14:22.086000,2477.412378908414,-1344.5134514274637,-232.40446782149544,,149.0,9133.0,0.0,0.0,8,4,4404.765555555556,0.8422886015575891,,,car,0 days 00:01:08.711000,68.711,4462.086,0.0
2023-11-25 14:59:22.190,0 days 01:14:22.186000,2492.0,-1330.0,-232.0,,146.4999936,8858.49929728,0.50000128,0.0,8,4,4410.301518840864,0.8433472001856082,,,interpolation,0 days 00:01:08.811000,68.811,4462.186,0.0
2023-11-25 14:59:22.290,0 days 01:14:22.286000,2519.2715707379784,-1308.1723905200452,-231.6727128264696,,144.0,8584.0,1.0,0.0,8,4,4415.925555555556,0.8444226404013879,,,interpolation,0 days 00:01:08.911000,68.911,4462.286,0.0
2023-11-25 14:59:22.390,0 days 01:14:22.386000,2557.5754713524143,-1279.2999207266737,-231.39486132341125,,142.24999552,8624.0001024,11.0000256,0.0,8,4,4420.538272047676,0.8453046938216042,,,interpolation,0 days 00:01:09.011000,69.011,4462.386,0.0
2023-11-25 14:59:22.490,0 days 01:14:22.486000,2597.0,-1245.0,-231.0,,140.5,8664.0,21.0,0.0,8,4,4424.139621083124,0.845993351414053,,,interpolation,0 days 00:01:09.111000,69.111,4462.486,0.0
2023-11-25 14:59:22.590,0 days 01:14:22.586000,2635.893661357372,-1205.5417983623506,-230.4603831867834,,138.74999552,8704.0001024,31.0000256,0.0,8,4,4427.439512394789,0.8466243636218849,,,interpolation,0 days 00:01:09.211000,69.211,4462.586,0.0
2023-11-25 14:59:22.690,0 days 01:14:22.686000,2669.0,-1168.0,-230.0,,137.0,8744.0,41.0,0.0,8,4,4431.147777777778,0.8473334659848253,,,interpolation,0 days 00:01:09.311000,69.311,4462.686,0.0
2023-11-25 14:59:22.790,0 days 01:14:22.786000,2691.063297783097,-1139.448500619411,-229.84282931589496,,137.66666780444348,8857.666860657613,45.333340728882575,0.0,8,4,4435.264455204831,0.848120665764101,,,interpolation,0 days 00:01:09.411000,69.411,4462.786,0.0
2023-11-25 14:59:22.890,0 days 01:14:22.886000,2703.5210738714304,-1118.0745965640592,-229.94019176739116,,138.33333219555652,8971.333139342387,49.66665927111743,0.0,8,4,4439.653988698566,0.8489600416585265,,,interpolation,0 days 00:01:09.511000,69.511,4462.886,0.0
2023-11-25 14:59:22.990,0 days 01:14:22.986000,2715.0,-1093.0,-230.0,,139.0,9085.0,54.0,0.0,8,4,4443.503333333333,0.8496961214948852,,,interpolation,0 days 00:01:09.611000,69.611,4462.986,0.0
2023-11-25 14:59:23.090,0 days 01:14:23.086000,2726.937703717262,-1062.411971667314,-229.97357242478603,,139.49999872,9198.49970944,61.99997952,0.0,8,4,4446.67693586924,0.8503029844954588,,,interpolation,0 days 00:01:09.711000,69.711,4463.086,0.0
2023-11-25 14:59:23.190,0 days 01:14:23.186000,2738.9798955457127,-1026.8996412887434,-229.78735158090356,,140.0,9312.0,70.0,0.0,8,4,4449.725555555556,0.8508859480107428,,,interpolation,0 days 00:01:09.811000,69.811,4463.186,0.0
2023-11-25 14:59:23.290,0 days 01:14:23.286000,2749.0,-990.0,-229.0,,141.99999658666374,9516.66631736859,71.33333105777584,0.0,8,4,4453.1998879259845,0.8515503172074061,,,interpolation,0 days 00:01:09.911000,69.911,4463.286,0.0
2023-11-25 14:59:23.390,0 days 01:14:23.386000,2756.6437079663533,-952.3021128927433,-227.537952429348,,144.00000341333626,9721.33368263141,72.66666894222416,0.0,8,4,4457.061674251572,0.8522887761702426,,,interpolation,0 days 00:01:10.011000,70.011,4463.386,0.0
2023-11-25 14:59:23.490,0 days 01:14:23.486000,2762.1551891106906,-912.2494471652532,-225.6134676855045,,146.0,9926.0,74.0,0.0,8,4,4461.081111111112,0.853057381402183,,,interpolation,0 days 00:01:10.111000,70.111,4463.486,0.0
2023-11-25 14:59:23.590,0 days 01:14:23.586000,2767.0,-860.5,-224.5,,150.6666746311043,10087.666942577542,76.6666712177739,0.0,8,4,4465.219945357531,0.8538488180554002,,,interpolation,0 days 00:01:10.211000,70.211,4463.586,0.0
2023-11-25 14:59:23.690,0 days 01:14:23.686000,2771.4223389608333,-795.4973824828709,-224.4098046199427,,155.3333253688957,10249.333057422458,79.3333287822261,0.0,8,4,4469.441449646964,0.8546560630493886,,,interpolation,0 days 00:01:10.311000,70.311,4463.686,0.0
2023-11-25 14:59:23.790,0 days 01:14:23.786000,2775.3111731872464,-720.9374607922971,-225.19852203061387,,160.0,10411.0,82.0,0.0,8,4,4473.525555555556,0.8554370344338981,,,interpolation,0 days 00:01:10.411000,70.411,4463.786,0.0
2023-11-25 14:59:23.890,0 days 01:14:23.886000,2778.0,-659.0,-226.0,,163.49999104,10496.49978112,82.49999872,0.0,8,4,4477.435536299861,0.8561847092355872,,,interpolation,0 days 00:01:10.511000,70.511,4463.886,0.0
2023-11-25 14:59:23.990,0 days 01:14:23.986000,2779.377768841938,-613.380897671696,-226.6698881441408,,167.0,10582.0,83.0,0.0,8,4,4482.803333333333,0.8572111507566499,,,interpolation,0 days 00:01:10.611000,70.611,4463.986,0.0
2023-11-25 14:59:24.090,0 days 01:14:24.086000,2779.4444656047463,-584.0806209457971,-227.2081796033993,,171.0,10817.0,73.0,0.0,8,4,4490.403333333334,0.8586644388581618,,,interpolation,0 days 00:01:10.711000,70.711,4464.086,0.0
2023-11-25 14:59:24.190,0 days 01:14:24.186000,2778.0089646055244,-567.6552005959907,-227.653540157531,,171.50000128,10836.00004864,68.49998848,0.0,8,4,4495.090811591984,0.8595607883817658,,,interpolation,0 days 00:01:10.811000,70.811,4464.186,0.0
2023-11-25 14:59:24.290,0 days 01:14:24.286000,2773.924532134133,-543.4429659889345,-228.23792487248068,,172.0,10855.0,64.0,0.0,8,4,4498.047777777778,0.860126225720501,,,interpolation,0 days 00:01:10.911000,70.911,4464.286,0.0
2023-11-25 14:59:24.390,0 days 01:14:24.386000,2767.0,-508.0,-229.0,,169.33332878222612,10575.999523840406,42.66663025780885,0.0,8,4,4501.313779609985,0.8607507575102725,,,interpolation,0 days 00:01:11.011000,71.011,4464.386,0.0
2023-11-25 14:59:24.490,0 days 01:14:24.486000,2757.235439110152,-461.3266655642299,-229.93975773645963,,166.66667121777388,10297.000476159594,21.333369742191152,0.0,8,4,4505.1143939760905,0.8614775190414166,,,interpolation,0 days 00:01:11.111000,71.111,4464.486,0.0
2023-11-25 14:59:24.590,0 days 01:14:24.586000,2743.0,-410.0,-231.0,,164.0,10018.0,0.0,0.0,8,4,4510.803333333333,0.862565370078009,,,interpolation,0 days 00:01:11.211000,71.211,4464.586,0.0
2023-11-25 14:59:24.690,0 days 01:14:24.686000,2723.0,-361.0,-232.0,,161.0,9701.0,0.0,1.0,8,4,4517.958888888888,0.8639336705712451,,,interpolation,0 days 00:01:11.311000,71.311,4464.686,0.0
2023-11-25 14:59:24.790,0 days 01:14:24.786000,2699.2567777709,-316.7379195106393,-232.19871228024388,,157.99999488000438,9559.666425457985,0.6666678044434735,1.0,8,4,4522.697535558966,0.8648398046268886,,,interpolation,0 days 00:01:11.411000,71.411,4464.786,0.0
2023-11-25 14:59:24.890,0 days 01:14:24.886000,2677.0,-281.0,-232.0,,155.00000511999562,9418.333574542015,1.3333321955565265,1.0,8,4,4524.94443262404,0.8652694610439934,,,interpolation,0 days 00:01:11.511000,71.511,4464.886,0.0
2023-11-25 14:59:24.990,0 days 01:14:24.986000,2661.121941299605,-257.16970788188894,-231.9312345473027,,152.0,9277.0,2.0,1.0,8,4,4528.134444444444,0.8658794618627137,,,interpolation,0 days 00:01:11.611000,71.611,4464.986,0.0
2023-11-25 14:59:25.090,0 days 01:14:25.086000,2648.1225246433323,-241.4436891658736,-231.97202266958456,,149.5000064,9339.99983872,20.49995264,0.0,8,4,4532.840007028127,0.8667792695092644,,,interpolation,0 days 00:01:11.711000,71.711,4465.086,0.0
2023-11-25 14:59:25.190,0 days 01:14:25.186000,2617.0,-211.0,-232.0,,147.0,9403.0,39.0,0.0,8,4,4537.934444444444,0.8677534386251894,,,interpolation,0 days 00:01:11.811000,71.811,4465.186,0.0
2023-11-25 14:59:25.290,0 days 01:14:25.286000,2568.0,-166.0,-232.0,,147.49999872,9580.99954432,49.49997312,0.0,8,4,4542.290980410783,0.868586504662517,,,interpolation,0 days 00:01:11.911000,71.911,4465.286,0.0
2023-11-25 14:59:25.390,0 days 01:14:25.386000,2523.59553597832,-130.23130666640895,-232.0033891652153,,148.0,9759.0,60.0,0.0,8,4,4546.156666666667,0.8693257093782869,,,interpolation,0 days 00:01:12.011000,72.011,4465.386,0.0
2023-11-25 14:59:25.490,0 days 01:14:25.486000,2487.331409635389,-106.62753415994013,-232.01139317913396,,148.99999744,9894.49965312,62.74999296,0.0,8,4,4549.778470756048,0.8700182784294848,,,interpolation,0 days 00:01:12.111000,72.111,4465.486,0.0
2023-11-25 14:59:25.590,0 days 01:14:25.586000,2458.0,-89.0,-232.0,,150.0,10030.0,65.5,0.0,8,4,4553.156429766299,0.8706642189080364,,,interpolation,0 days 00:01:12.211000,72.211,4465.586,0.0
2023-11-25 14:59:25.690,0 days 01:14:25.686000,2435.400400871057,-76.31748669715572,-231.96520775801045,,150.99999744,10165.49965312,68.24999296,0.0,8,4,4556.834487770736,0.8713675449520518,,,interpolation,0 days 00:01:12.311000,72.311,4465.686,0.0
2023-11-25 14:59:25.790,0 days 01:14:25.786000,2413.0,-65.0,-232.0,,152.0,10301.0,71.0,0.0,8,4,4561.356666666667,0.8722322855813104,,,interpolation,0 days 00:01:12.411000,72.411,4465.786,0.0
2023-11-25 14:59:25.890,0 days 01:14:25.886000,2384.2666459384022,-51.46779141723178,-232.1973602728035,,157.49998592,10526.49942272,82.99996928,0.0,8,4,4566.7229201471,0.8732584319408905,,,interpolation,0 days 00:01:12.511000,72.511,4465.886,0.0
2023-11-25 14:59:25.990,0 days 01:14:25.986000,2347.111079680467,-36.19195291403816,-232.43731341301063,,163.0,10752.0,95.0,0.0,8,4,4572.223333333333,0.8743102326036474,,,interpolation,0 days 00:01:12.611000,72.611,4465.986,0.0
2023-11-25 14:59:26.090,0 days 01:14:26.086000,2289.0,-22.0,-232.0,,166.99998976,10891.9996416,97.4999936,0.0,8,4,4577.147880072015,0.8752519148642611,,,interpolation,0 days 00:01:12.711000,72.711,4466.086,0.0
2023-11-25 14:59:26.190,0 days 01:14:26.186000,2215.0,-10.0,-231.0,,171.0,11032.0,100.0,0.0,8,4,4581.723333333332,0.8761268427305369,,,interpolation,0 days 00:01:12.811000,72.811,4466.186,0.0
2023-11-25 14:59:26.290,0 days 01:14:26.286000,2168.0483886697825,-4.01393587321766,-230.8446814157718,,174.49999104,11221.49951488,100.0,0.0,8,4,4586.176368807463,0.8769783616081899,,,interpolation,0 days 00:01:12.911000,72.911,4466.286,0.0
2023-11-25 14:59:26.390,0 days 01:14:26.386000,2146.1054999424323,-4.123794550904821,-231.57174081404477,,178.0,11411.0,100.0,0.0,8,4,4590.507032093605,0.8778064802167957,,,interpolation,0 days 00:01:13.011000,73.011,4466.386,0.0
2023-11-25 14:59:26.490,0 days 01:14:26.486000,2094.0,-7.0,-232.0,,181.49999104,11600.49951488,100.0,0.0,8,4,4595.0708223196125,0.87867917785275,,,interpolation,0 days 00:01:13.111000,73.111,4466.486,0.0
2023-11-25 14:59:26.590,0 days 01:14:26.586000,2010.0,-12.0,-232.0,,185.0,11790.0,100.0,0.0,8,4,4600.223333333332,0.8796644519250063,,,interpolation,0 days 00:01:13.211000,73.211,4466.586,0.0
2023-11-25 14:59:26.690,0 days 01:14:26.686000,1938.889875572964,-18.597861121643064,-231.97613803815,,187.66666211555167,11503.66715534264,99.66666723555603,0.0,8,4,4605.964512373188,0.8807622923443839,,,interpolation,0 days 00:01:13.311000,73.311,4466.686,0.0
2023-11-25 14:59:26.790,0 days 01:14:26.786000,1885.8295838197373,-26.447741041199624,-231.9892553120624,,190.33333788444835,11217.33284465736,99.33333276444397,0.0,8,4,4612.090628260709,0.8819337412033073,,,interpolation,0 days 00:01:13.411000,73.411,4466.786,0.0
2023-11-25 14:59:26.890,0 days 01:14:26.886000,1837.0,-34.0,-232.0,,193.0,10931.0,99.0,0.0,8,4,4617.3788888888885,0.8829449736044422,,,interpolation,0 days 00:01:13.511000,73.511,4466.886,0.0
2023-11-25 14:59:26.990,0 days 01:14:26.986000,1790.09732643004,-40.996453233540194,-232.0018135414523,,197.50001152,11005.50019072,99.50000128,0.0,8,5,4621.625558441372,0.8837570307533471,,,interpolation,0 days 00:01:13.611000,73.611,4466.986,0.0
2023-11-25 14:59:27.090,0 days 01:14:27.086000,1736.0,-49.0,-232.0,,202.0,11080.0,100.0,0.0,8,5,4626.356666666666,0.8846617232916081,,,car,0 days 00:01:13.711000,73.711,4467.086,0.0
2023-11-25 14:59:27.190,0 days 01:14:27.186000,1665.585423359775,-59.57369315759851,-231.99986343922367,,205.50000896,11305.50057728,99.49999872,0.0,8,5,4633.098335245749,0.8859508794403339,,,interpolation,0 days 00:01:13.811000,73.811,4467.186,0.0
2023-11-25 14:59:27.290,0 days 01:14:27.286000,1597.0,-70.0,-232.0,,209.0,11531.0,99.0,0.0,8,5,4640.289999999999,0.8873260848110462,,,interpolation,0 days 00:01:13.911000,73.911,4467.286,0.0
2023-11-25 14:59:27.390,0 days 01:14:27.386000,1548.388710051716,-77.56160286081155,-231.9990058232056,,211.5000064,11163.4990592,99.50000128,0.0,8,5,4646.371239428115,0.8884889522983258,,,interpolation,0 days 00:01:14.011000,74.011,4467.386,0.0
2023-11-25 14:59:27.490,0 days 01:14:27.486000,1512.2976876836528,-83.13725026089682,-231.997589217998,,214.0,10796.0,100.0,0.0,8,5,4652.178888888888,0.889599503332417,,,interpolation,0 days 00:01:14.111000,74.111,4467.486,0.0
2023-11-25 14:59:27.590,0 days 01:14:27.586000,1444.0,-92.0,-232.0,,217.0000051199956,10757.6666012445,100.0,0.0,8,5,4658.549905483345,0.8908177826233721,,,interpolation,0 days 00:01:14.211000,74.211,4467.586,0.0
2023-11-25 14:59:27.690,0 days 01:14:27.686000,1346.0,-104.0,-232.0,,219.9999948800044,10719.3333987555,100.0,0.0,8,5,4665.375246466101,0.8921229387863984,,,interpolation,0 days 00:01:14.311000,74.311,4467.686,0.0
2023-11-25 14:59:27.790,0 days 01:14:27.786000,1278.0452974676984,-112.96579682565796,-231.95591020132363,,223.0,10681.0,100.0,0.0,8,5,4672.001111111111,0.8933899506615063,,,interpolation,0 days 00:01:14.411000,74.411,4467.786,0.0
2023-11-25 14:59:27.890,0 days 01:14:27.886000,1234.0,-119.0,-232.0,,225.3333293511077,10801.666460728711,99.66666723555603,0.0,8,6,4678.318454063354,0.8945979663648831,,,interpolation,0 days 00:01:14.511000,74.511,4467.886,0.0
2023-11-25 14:59:27.990,0 days 01:14:27.986000,1197.7690510718055,-123.23395992127256,-232.27148523556596,,227.66667064889228,10922.333539271289,99.33333276444397,0.0,8,6,4684.312039082803,0.8957440723904311,,,interpolation,0 days 00:01:14.611000,74.611,4467.986,0.0
2023-11-25 14:59:28.090,0 days 01:14:28.086000,1161.9360922229605,-127.07861861718328,-232.71518141740805,,230.0,11043.0,99.0,0.0,8,6,4689.889999999999,0.8968107018945968,,,interpolation,0 days 00:01:14.711000,74.711,4468.086,0.0
2023-11-25 14:59:28.190,0 days 01:14:28.186000,1082.0,-139.0,-233.0,,232.33333731555217,11104.000104106575,99.33333390222174,0.0,8,6,4695.037093003623,0.8977949399234836,,,interpolation,0 days 00:01:14.811000,74.811,4468.186,0.0
2023-11-25 14:59:28.290,0 days 01:14:28.286000,950.5448634822916,-160.40896737843616,-233.07075635619543,,234.66666268444783,11164.999895893425,99.66666609777826,0.0,8,6,4700.229347458369,0.8987878138207342,,,interpolation,0 days 00:01:14.911000,74.911,4468.286,0.0
2023-11-25 14:59:28.390,0 days 01:14:28.386000,821.0,-182.0,-233.0,,237.0,11226.0,100.0,0.0,8,6,4708.323333333333,0.9003355629478248,,,interpolation,0 days 00:01:15.011000,75.011,4468.386,0.0
2023-11-25 14:59:28.490,0 days 01:14:28.486000,746.79739952229,-194.46713679238744,-232.8602804454144,,239.0,11427.0,99.0,0.0,8,6,4718.945555555555,0.9023667667856102,,,interpolation,0 days 00:01:15.111000,75.111,4468.486,0.0
2023-11-25 14:59:28.590,0 days 01:14:28.586000,727.9363022129372,-197.81050541934516,-232.6515962617071,,241.00000341333043,11386.66659783117,99.33333390222174,0.0,8,6,4726.999113833293,0.903906785261909,,,interpolation,0 days 00:01:15.211000,75.211,4468.586,0.0
2023-11-25 14:59:28.690,0 days 01:14:28.686000,722.357224037203,-198.9985918966161,-232.36711522714583,,242.9999965866696,11346.33340216883,99.66666609777826,0.0,8,6,4732.206600339572,0.9049025718643244,,,interpolation,0 days 00:01:15.311000,75.311,4468.686,0.0
2023-11-25 14:59:28.790,0 days 01:14:28.786000,688.0,-205.0,-232.0,,245.0,11306.0,100.0,0.0,8,6,4738.001111111111,0.906010610490424,,,interpolation,0 days 00:01:15.411000,75.411,4468.786,0.0
2023-11-25 14:59:28.890,0 days 01:14:28.886000,624.8649819184018,-215.81466827523516,-231.55025433952008,,246.99999488,10843.00118528,100.0,0.0,8,6,4744.954755715064,0.9073403011437222,,,interpolation,0 days 00:01:15.511000,75.511,4468.886,0.0
2023-11-25 14:59:28.990,0 days 01:14:28.986000,537.8114936542346,-230.45559433303265,-230.97311073984076,,249.0,10380.0,100.0,0.0,8,6,4751.765277777778,0.9086426236014624,,,interpolation,0 days 00:01:15.611000,75.611,4468.986,0.0
2023-11-25 14:59:29.090,0 days 01:14:29.086000,456.0,-243.0,-230.0,,250.49999616,10428.99987456,100.0,0.0,8,6,4757.130279980553,0.9096685306890776,,,interpolation,0 days 00:01:15.711000,75.711,4469.086,0.0
2023-11-25 14:59:29.190,0 days 01:14:29.186000,384.2896335698942,-252.46090059940573,-228.58614925486236,,252.0,10478.0,100.0,0.0,8,6,4762.965277777777,0.910784311330006,,,interpolation,0 days 00:01:15.811000,75.811,4469.186,0.0
2023-11-25 14:59:29.290,0 days 01:14:29.286000,318.0,-259.0,-227.0,,252.99999744,10577.49974528,100.0,0.0,8,7,4771.185671935824,0.9123562325167988,,,interpolation,0 days 00:01:15.911000,75.911,4469.286,0.0
2023-11-25 14:59:29.390,0 days 01:14:29.386000,252.44929180641336,-262.7791659104411,-225.50996301098516,,254.0,10677.0,100.0,0.0,8,7,4779.898611111111,0.9140223392053042,,,interpolation,0 days 00:01:16.011000,76.011,4469.386,0.0
2023-11-25 14:59:29.490,0 days 01:14:29.486000,182.0,-261.0,-224.0,,254.6666655288879,10694.333303751086,100.0,0.0,8,7,4787.211070562766,0.9154206431939722,,,interpolation,0 days 00:01:16.111000,76.111,4469.486,0.0
2023-11-25 14:59:29.590,0 days 01:14:29.586000,101.01322295144848,-250.86412441775695,-222.3540419592269,,255.3333344711121,10711.666696248914,100.0,0.0,8,7,4793.364794356677,0.916597371295246,,,interpolation,0 days 00:01:16.211000,76.211,4469.586,0.0
2023-11-25 14:59:29.690,0 days 01:14:29.686000,19.0,-234.0,-221.0,,256.0,10729.0,100.0,0.0,8,7,4799.809722222222,0.9178297840560484,,,interpolation,0 days 00:01:16.311000,76.311,4469.686,0.0
2023-11-25 14:59:29.790,0 days 01:14:29.786000,-54.530298634940586,-212.03581110289213,-220.36575451366645,,256.0,10752.50006016,100.0,0.0,8,7,4806.787589341754,0.919164106590094,,,interpolation,0 days 00:01:16.411000,76.411,4469.786,0.0
2023-11-25 14:59:29.890,0 days 01:14:29.886000,-119.0,-188.0,-220.0,,256.0,10776.0,100.0,0.0,8,7,4814.031944444445,0.9205493875208658,,,interpolation,0 days 00:01:16.511000,76.511,4469.886,0.0
2023-11-25 14:59:29.990,0 days 01:14:29.986000,-173.83284426158872,-164.92053792488366,-219.4514207187745,,257.50000384,10813.00009472,100.0,0.0,8,7,4821.27648189502,0.9219347033205864,,,interpolation,0 days 00:01:16.611000,76.611,4469.986,0.0
2023-11-25 14:59:30.090,0 days 01:14:30.086000,-224.0,-141.0,-219.0,,259.0,10850.0,100.0,0.0,8,7,4828.420833333334,0.9233008613387864,,,interpolation,0 days 00:01:16.711000,76.711,4470.086,0.0
2023-11-25 14:59:30.190,0 days 01:14:30.186000,-274.47371099555323,-114.44048006767478,-218.92571093369293,,259.0,10902.333422648811,100.0,0.0,8,7,4835.36477774146,0.924628697100088,,,interpolation,0 days 00:01:16.811000,76.811,4470.186,0.0
2023-11-25 14:59:30.290,0 days 01:14:30.286000,-333.0,-74.0,-219.0,,259.0,10954.666577351189,100.0,0.0,8,7,4842.098685920483,0.9259163692886728,,,interpolation,0 days 00:01:16.911000,76.911,4470.286,0.0
2023-11-25 14:59:30.390,0 days 01:14:30.386000,-407.3260059253344,-8.435895588602243,-218.9943136790677,,259.0,11007.0,100.0,0.0,8,7,4848.565277777778,0.9271529246838752,,,interpolation,0 days 00:01:17.011000,77.011,4470.386,0.0
2023-11-25 14:59:30.490,0 days 01:14:30.486000,-479.0,64.0,-219.0,,259.24999936,10976.00007936,100.0,0.0,8,7,4854.754929002502,0.9283365229045856,,,interpolation,0 days 00:01:17.111000,77.111,4470.486,0.0
2023-11-25 14:59:30.590,0 days 01:14:30.586000,-529.571748492008,125.05726671910958,-219.10840699190288,,259.5,10945.0,100.0,0.0,8,7,4860.667702976851,0.9294671760708816,,,interpolation,0 days 00:01:17.211000,77.211,4470.586,0.0
2023-11-25 14:59:30.690,0 days 01:14:30.686000,-562.6065695460916,177.67586520514504,-219.30471344360743,,259.74999936,10914.00007936,100.0,0.0,8,7,4867.751449596113,0.9308217451071842,,,interpolation,0 days 00:01:17.311000,77.311,4470.686,0.0
2023-11-25 14:59:30.790,0 days 01:14:30.786000,-599.5,239.5,-219.5,,260.0,10883.0,100.0,0.0,8,7,4877.454166666667,0.9326771192217856,,,interpolation,0 days 00:01:17.411000,77.411,4470.786,0.0
2023-11-25 14:59:30.890,0 days 01:14:30.886000,-643.8174980640848,313.46962388738405,-219.6794445602672,,261.0,10925.0,99.0,0.0,8,7,4889.054166666667,0.9348952957977772,,,interpolation,0 days 00:01:17.511000,77.511,4470.886,0.0
2023-11-25 14:59:30.990,0 days 01:14:30.986000,-695.5595175506879,399.5854943181848,-219.8430489619261,,261.0,10910.49996288,99.0,0.0,8,7,4898.222002437285,0.9366483887769946,,,interpolation,0 days 00:01:17.611000,77.611,4470.986,0.0
2023-11-25 14:59:31.090,0 days 01:14:31.086000,-746.6465357019428,484.5332137498856,-219.96012824262164,,261.0,10896.0,99.0,0.0,8,7,4904.235991933849,0.9377983965898856,,,interpolation,0 days 00:01:17.711000,77.711,4471.086,0.0
2023-11-25 14:59:31.190,0 days 01:14:31.186000,-789.0,555.0,-220.0,,261.0,10881.49996288,99.0,0.0,8,7,4909.184102204815,0.9387445847190652,,,interpolation,0 days 00:01:17.811000,77.811,4471.186,0.0
2023-11-25 14:59:31.290,0 days 01:14:31.286000,-822.6194767464956,610.985131490484,-219.9626638257754,,261.0,10867.0,99.0,0.0,8,7,4915.154166666667,0.9398861930937584,,,interpolation,0 days 00:01:17.911000,77.911,4471.286,0.0
2023-11-25 14:59:31.390,0 days 01:14:31.386000,-847.5053102057524,652.4891815105518,-219.8481193376245,,261.50000128,10892.50006528,99.50000128,0.0,8,7,4922.146246453023,0.941223233404065,,,interpolation,0 days 00:01:18.011000,78.011,4471.386,0.0
2023-11-25 14:59:31.490,0 days 01:14:31.486000,-870.6383477621216,692.2484001353323,-219.80951518066183,,262.0,10918.0,100.0,0.0,8,7,4929.7825,0.9426834539856374,,,interpolation,0 days 00:01:18.111000,78.111,4471.486,0.0
2023-11-25 14:59:31.590,0 days 01:14:31.586000,-899.0,743.0,-220.0,,262.6666678044435,10934.333361208865,100.0,0.0,8,7,4937.685235537865,0.9441946318180812,,,interpolation,0 days 00:01:18.211000,78.211,4471.586,0.0
2023-11-25 14:59:31.690,0 days 01:14:31.686000,-932.589976496812,804.7434614095025,-220.41957184507947,,263.3333321955565,10950.666638791135,100.0,0.0,8,7,4945.7387255100375,0.9457346372328448,,,interpolation,0 days 00:01:18.311000,78.311,4471.686,0.0
2023-11-25 14:59:31.790,0 days 01:14:31.786000,-967.0,872.0,-221.0,,264.0,10967.0,100.0,0.0,8,7,4953.249166666667,0.947170799702586,,,interpolation,0 days 00:01:18.411000,78.411,4471.786,0.0
2023-11-25 14:59:31.890,0 days 01:14:31.886000,-997.8210969371144,939.2895104479048,-221.67304350886693,,259.40000942080485,10702.000542720278,80.00004096002097,0.0,8,7,4960.10083546826,0.9484809903269088,,,interpolation,0 days 00:01:18.511000,78.511,4471.886,0.0
2023-11-25 14:59:31.990,0 days 01:14:31.986000,-1027.0,1015.0,-222.0,,254.7999952895976,10436.99972863986,59.99997951998952,0.0,8,7,4966.293802076081,0.9496652225221992,,,interpolation,0 days 00:01:18.611000,78.611,4471.986,0.0
2023-11-25 14:59:32.090,0 days 01:14:32.086000,-1056.4828274804495,1107.5180115831602,-221.5421568617189,,250.2000047104024,10172.00027136014,40.00002048001048,0.0,8,7,4971.899382537706,0.9507371334941656,,,interpolation,0 days 00:01:18.711000,78.711,4472.086,0.0
2023-11-25 14:59:32.190,0 days 01:14:32.186000,-1081.0,1194.0,-221.0,,245.5999905791952,9906.999457279722,19.999959039979032,0.0,8,7,4977.345914689406,0.9517786309113456,,,interpolation,0 days 00:01:18.811000,78.811,4472.186,0.0
2023-11-25 14:59:32.290,0 days 01:14:32.286000,-1095.2813852201502,1251.60058709337,-221.0740255608062,,241.0,9642.0,0.0,1.0,8,7,4982.704722222223,0.9528033534410474,,,car,0 days 00:01:18.911000,78.911,4472.286,0.0
2023-11-25 14:59:32.390,0 days 01:14:32.386000,-1100.645228263129,1284.4138314488175,-221.64527580603945,,214.49993216,9671.50007552,0.0,1.0,8,7,4987.975860010488,0.9538113115764572,,,interpolation,0 days 00:01:19.011000,79.011,4472.386,0.0
2023-11-25 14:59:32.490,0 days 01:14:32.486000,-1105.0,1317.0,-222.0,,188.0,9701.0,0.0,1.0,8,6,4993.149166666667,0.9548005622355226,,,car,0 days 00:01:19.111000,79.111,4472.486,0.0
2023-11-25 14:59:32.590,0 days 01:14:32.586000,-1109.66384390424,1353.452895184308,-222.01924327894832,,180.99998805334351,9883.000310613068,0.0,1.0,8,6,4998.214587754336,0.955769182787609,,,interpolation,0 days 00:01:19.211000,79.211,4472.586,0.0
2023-11-25 14:59:32.690,0 days 01:14:32.686000,-1114.0,1393.0,-222.0,,174.00001194665649,10064.999689386932,0.0,1.0,8,6,5003.168953950727,0.9567165671881018,,,interpolation,0 days 00:01:19.311000,79.311,4472.686,0.0
2023-11-25 14:59:32.790,0 days 01:14:32.786000,-1117.371800471408,1434.8695756854008,-222.23926452027547,,167.0,10247.0,0.0,1.0,8,6,5007.993611111111,0.9576391483519257,,,interpolation,0 days 00:01:19.411000,79.411,4472.786,0.0
2023-11-25 14:59:32.890,0 days 01:14:32.886000,-1119.7545158919377,1478.2194985810834,-222.6822220188457,,161.66667576889665,10310.99989077324,0.0,1.0,8,5,5012.685392378137,0.9585363207059076,,,interpolation,0 days 00:01:19.511000,79.511,4472.886,0.0
2023-11-25 14:59:32.990,0 days 01:14:32.986000,-1121.0,1518.0,-223.0,,156.33332423110335,10375.00010922676,0.0,1.0,8,5,5017.216057675197,0.9594026841227694,,,interpolation,0 days 00:01:19.611000,79.611,4472.986,0.0
2023-11-25 14:59:33.090,0 days 01:14:33.086000,-1121.0835451424923,1553.36897767479,-223.1377828388337,,151.0,10439.0,0.0,1.0,8,5,5021.4158333333335,0.9602057741218468,,,interpolation,0 days 00:01:19.711000,79.711,4473.086,0.0
2023-11-25 14:59:33.190,0 days 01:14:33.186000,-1119.0,1593.0,-223.0,,148.4999936,10331.74972544,0.25000064,1.0,8,4,5025.256474237792,0.960940189612456,,,interpolation,0 days 00:01:19.811000,79.811,4473.186,0.0
2023-11-25 14:59:33.290,0 days 01:14:33.286000,-1113.7442337330713,1645.5658673701173,-222.4910809481471,,146.0,10224.5,0.5,1.0,8,4,5028.737941060506,0.9616059230742008,,,interpolation,0 days 00:01:19.911000,79.911,4473.286,0.0
2023-11-25 14:59:33.390,0 days 01:14:33.386000,-1109.0,1687.0,-222.0,,143.4999936,10117.24972544,0.75000064,1.0,8,4,5032.083372067636,0.9622456434790808,,,interpolation,0 days 00:01:20.011000,80.011,4473.386,0.0
2023-11-25 14:59:33.490,0 days 01:14:33.486000,-1108.4511548590278,1693.2348555446306,-221.91574171227705,,141.0,10010.0,1.0,0.0,8,3,5035.515833333334,0.9629020059943886,,,car,0 days 00:01:20.111000,80.111,4473.486,0.0
2023-11-25 14:59:33.590,0 days 01:14:33.586000,-1107.0,1696.0,-222.0,,138.99999488,9872.99964928,0.49999872,0.0,8,3,5039.035360006099,0.963575017341294,,,interpolation,0 days 00:01:20.211000,80.211,4473.586,0.0
2023-11-25 14:59:33.690,0 days 01:14:33.686000,-1099.5488575928134,1727.0249072015408,-222.01446877819689,,137.0,9736.0,0.0,0.0,8,3,5043.126944444445,0.9643574187861071,,,car,0 days 00:01:20.311000,80.311,4473.686,0.0
2023-11-25 14:59:33.790,0 days 01:14:33.786000,-1090.0,1766.0,-222.0,,135.49999616,9609.99967744,10.50002688,0.0,8,3,5048.275656944684,0.965341966498568,,,interpolation,0 days 00:01:20.411000,80.411,4473.786,0.0
2023-11-25 14:59:33.890,0 days 01:14:33.886000,-1082.255873663992,1792.6149844465244,-221.9974456185415,,134.0,9484.0,21.0,0.0,8,3,5053.549166666667,0.9663503782001686,,,interpolation,0 days 00:01:20.511000,80.511,4473.886,0.0
2023-11-25 14:59:33.990,0 days 01:14:33.986000,-1069.0,1817.0,-222.0,,132.99999744,9668.50047232,29.7500224,0.0,8,3,5058.015249493783,0.967204392020302,,,interpolation,0 days 00:01:20.611000,80.611,4473.986,0.0
2023-11-25 14:59:34.090,0 days 01:14:34.086000,-1042.9161154632063,1849.2846638791889,-222.0008575105541,,132.0,9853.0,38.5,0.0,8,3,5061.673859693461,0.9679039992138893,,,interpolation,0 days 00:01:20.711000,80.711,4474.086,0.0
2023-11-25 14:59:34.190,0 days 01:14:34.186000,-1006.641314188032,1886.963343249032,-222.0002979437961,,130.99999744,10037.50047232,47.2500224,0.0,8,3,5064.88125297974,0.9685173237533384,,,interpolation,0 days 00:01:20.811000,80.811,4474.186,0.0
2023-11-25 14:59:34.290,0 days 01:14:34.286000,-976.0,1915.0,-222.0,,130.0,10222.0,56.0,0.0,8,3,5067.993611111111,0.9691124754691236,,,interpolation,0 days 00:01:20.911000,80.911,4474.286,0.0
2023-11-25 14:59:34.390,0 days 01:14:34.386000,-953.6292203653804,1930.8889577972643,-222.0002434609263,,132.5000064,10385.00041728,62.00001536,0.0,8,3,5071.010965958205,0.9696894604556132,,,interpolation,0 days 00:01:21.011000,81.011,4474.386,0.0
2023-11-25 14:59:34.490,0 days 01:14:34.486000,-937.4514621444356,1936.494116020477,-222.00076670392315,,135.0,10548.0,68.0,0.0,8,3,5073.993611111111,0.9702598081808432,,,interpolation,0 days 00:01:21.111000,81.111,4474.486,0.0
2023-11-25 14:59:34.590,0 days 01:14:34.586000,-915.0,1943.0,-222.0,,137.75000704,10834.50073344,71.7500096,0.0,8,3,5077.001901599921,0.970835059861538,,,interpolation,0 days 00:01:21.211000,81.211,4474.586,0.0
2023-11-25 14:59:34.690,0 days 01:14:34.686000,-884.1973216185231,1952.270605197917,-221.9976817368492,,140.5,11121.0,75.5,0.0,8,3,5080.03580661982,0.9714152096071348,,,interpolation,0 days 00:01:21.311000,81.311,4474.686,0.0
2023-11-25 14:59:34.790,0 days 01:14:34.786000,-844.0,1962.0,-222.0,,143.25000704,11407.50073344,79.2500096,0.0,8,3,5083.698632573367,0.9721156229461084,,,interpolation,0 days 00:01:21.411000,81.411,4474.786,0.0
2023-11-25 14:59:34.890,0 days 01:14:34.886000,-793.3653351841997,1969.8820582320795,-222.0131428749821,,146.0,11694.0,83.0,0.0,8,3,5088.593611111111,0.973051651112695,,,car,0 days 00:01:21.511000,81.511,4474.886,0.0
2023-11-25 14:59:34.990,0 days 01:14:34.986000,-734.5391522456898,1975.9052666022064,-222.02912126197677,,149.50000896,11278.49893632,82.49999872,0.0,8,3,5094.720792357747,0.9742233036918452,,,interpolation,0 days 00:01:21.611000,81.611,4474.986,0.0
2023-11-25 14:59:35.090,0 days 01:14:35.086000,-681.0,1980.0,-222.0,,153.0,10863.0,82.0,0.0,8,3,5100.493611111111,0.9753271943242724,,,interpolation,0 days 00:01:21.711000,81.711,4475.086,0.0
2023-11-25 14:59:35.190,0 days 01:14:35.186000,-634.9936737795888,1982.1547063512444,-221.9177895564487,,153.0,10997.00034304,90.50002176,0.0,8,3,5104.325624024997,0.9760599599522448,,,interpolation,0 days 00:01:21.811000,81.811,4475.186,0.0
2023-11-25 14:59:35.290,0 days 01:14:35.286000,-583.0,1986.0,-222.0,,153.0,11131.0,99.0,0.0,8,3,5107.293611111111,0.9766275047308884,,,interpolation,0 days 00:01:21.911000,81.911,4475.286,0.0
2023-11-25 14:59:35.390,0 days 01:14:35.386000,-511.4978015565017,1995.1665567304096,-222.4641413993375,,158.75001472,11175.50011392,99.25000064,0.0,8,4,5110.474422013158,0.9772357461305072,,,interpolation,0 days 00:01:22.011000,82.011,4475.386,0.0
2023-11-25 14:59:35.490,0 days 01:14:35.486000,-443.0,2005.0,-223.0,,164.5,11220.0,99.5,0.0,8,4,5113.868024159716,0.9778846779227252,,,interpolation,0 days 00:01:22.111000,82.111,4475.486,0.0
2023-11-25 14:59:35.590,0 days 01:14:35.586000,-400.01808328192215,2010.846147826222,-223.297372287522,,170.25001472,11264.50011392,99.75000064,0.0,8,4,5118.374442309979,0.978746404748806,,,interpolation,0 days 00:01:22.211000,82.211,4475.586,0.0
2023-11-25 14:59:35.690,0 days 01:14:35.686000,-377.3744106724822,2013.3075588319543,-223.4477379933102,,176.0,11309.0,100.0,0.0,8,4,5124.893611111112,0.9799930140185998,,,car,0 days 00:01:22.311000,82.311,4475.686,0.0
2023-11-25 14:59:35.790,0 days 01:14:35.786000,-344.0,2016.0,-224.0,,183.0,11669.0,100.0,0.0,8,4,5132.976111111111,0.9815385667923456,,,interpolation,0 days 00:01:22.411000,82.411,4475.786,0.0
2023-11-25 14:59:35.890,0 days 01:14:35.886000,-294.71711215407976,2019.5260622471112,-225.0456354289342,,185.4999936,11134.0013696,99.50000128,0.0,8,4,5139.924965308208,0.9828673414138958,,,interpolation,0 days 00:01:22.511000,82.511,4475.886,0.0
2023-11-25 14:59:35.990,0 days 01:14:35.986000,-241.0,2023.0,-226.0,,188.0,10599.0,99.0,0.0,8,4,5145.509444444444,0.9839352173457158,,,interpolation,0 days 00:01:22.611000,82.611,4475.986,0.0
2023-11-25 14:59:36.090,0 days 01:14:36.086000,-194.32397112269751,2025.5359960053931,-226.2784289530937,,190.66666211555167,10753.666402701998,99.33333276444397,0.0,8,4,5149.948177128948,0.9847840012136344,,,interpolation,0 days 00:01:22.711000,82.711,4476.086,0.0
2023-11-25 14:59:36.190,0 days 01:14:36.186000,-145.0,2028.0,-227.0,,193.33333788444835,10908.333597298002,99.66666723555603,0.0,8,4,5153.5953896024,0.9854814289098648,,,interpolation,0 days 00:01:22.811000,82.811,4476.186,0.0
2023-11-25 14:59:36.290,0 days 01:14:36.286000,-83.34004414978101,2031.257910520516,-229.28378061249688,,196.0,11063.0,100.0,0.0,8,4,5158.576111111112,0.9864338530290168,,,interpolation,0 days 00:01:22.911000,82.911,4476.286,0.0
2023-11-25 14:59:36.390,0 days 01:14:36.386000,-12.897825126597324,2035.070258211736,-232.7366802363489,,201.0000128,11221.50040576,100.0,0.0,8,5,5165.244573445732,0.9877090105245804,,,interpolation,0 days 00:01:23.011000,83.011,4476.386,0.0
2023-11-25 14:59:36.490,0 days 01:14:36.486000,45.0,2038.0,-235.0,,206.0,11380.0,100.0,0.0,8,5,5172.309444444444,0.9890599701247308,,,interpolation,0 days 00:01:23.111000,83.111,4476.486,0.0
2023-11-25 14:59:36.590,0 days 01:14:36.586000,86.7996711513192,2039.807663169659,-235.680649139696,,209.0000051199956,11369.666649031124,99.66666609777826,0.0,8,5,5178.479532574754,0.9902398274490806,,,interpolation,0 days 00:01:23.211000,83.211,4476.586,0.0
2023-11-25 14:59:36.690,0 days 01:14:36.686000,150.0,2043.0,-236.0,,211.9999948800044,11359.333350968876,99.33333390222174,0.0,8,5,5183.854378637651,0.991267616900484,,,interpolation,0 days 00:01:23.311000,83.311,4476.686,0.0
2023-11-25 14:59:36.790,0 days 01:14:36.786000,257.0,2049.0,-237.0,,215.0,11349.0,99.0,0.0,8,5,5189.031666666667,0.992257628886098,,,interpolation,0 days 00:01:23.411000,83.411,4476.786,0.0
2023-11-25 14:59:36.890,0 days 01:14:36.886000,317.1941081153976,2051.3047733984527,-237.60403709382183,,217.74999296,11197.00038912,99.24999936,0.0,8,5,5194.110947629042,0.9932288997527896,,,interpolation,0 days 00:01:23.511000,83.511,4476.886,0.0
2023-11-25 14:59:36.990,0 days 01:14:36.986000,330.9417400606584,2050.5441754556123,-237.73424573586792,,220.5,11045.0,99.5,0.0,8,5,5199.092273536749,0.9941814394463978,,,interpolation,0 days 00:01:23.611000,83.611,4476.986,0.0
2023-11-25 14:59:37.090,0 days 01:14:37.086000,391.0,2057.0,-238.0,,223.24999296,10893.00038912,99.74999936,0.0,8,5,5204.693267081418,0.9952524732983862,,,interpolation,0 days 00:01:23.711000,83.711,4477.086,0.0
2023-11-25 14:59:37.190,0 days 01:14:37.186000,512.8291756764164,2072.3859587690904,-238.5028660420839,,226.0,10741.0,100.0,0.0,8,5,5211.631666666667,0.9965792487669096,,,interpolation,0 days 00:01:23.811000,83.811,4477.186,0.0
2023-11-25 14:59:37.290,0 days 01:14:37.286000,641.0,2089.0,-239.0,,227.99999488,10860.49969408,100.0,0.0,8,6,5219.907401243468,0.9981617522658216,,,interpolation,0 days 00:01:23.911000,83.911,4477.286,0.0
2023-11-25 14:59:37.390,0 days 01:14:37.386000,720.0857658799202,2099.140399609729,-239.2485682516243,,230.0,10980.0,100.0,0.0,8,6,5229.520555555556,1.0,,,interpolation,0 days 00:01:24.011000,84.011,4477.386,0.0
2023-11-25 14:59:37.463,0 days 01:14:37.459000,746.7833135137432,2102.449515768694,-239.2728902162932,,230.0,10980.0,100.0,0.0,8,6,5237.384515100898,1.001503763005002,,,interpolation,0 days 00:01:24.084000,84.084,4477.459,0.0
