Date,SessionTime,X,Y,Z,Status,Speed,RPM,Throttle,Brake,DRS,nGear,Distance,RelativeDistance,DriverAhead,DistanceToDriverAhead,Source,Time,TimeSeconds,SessionTimeSeconds,DRSActive
2023-11-25 14:17:06.351,0 days 00:32:06.347000,696.5997882571043,2095.4373537089728,-239.0003841114512,,233.05250432,10966.22249088,99.0,0.0,8,5,0.2304642916607269,4.367229241043573e-05,,254.63444444444448,interpolation,0 days 00:00:00,0.0,1926.347,0.0
2023-11-25 14:17:06.382,0 days 00:32:06.378000,726.0,2099.0,-239.0,,233.75000576,10964.74998784,99.0,0.0,8,5,2.328407678795392,0.0004412262752997,,254.63444444444448,interpolation,0 days 00:00:00.031000,0.031,1926.378,0.0
2023-11-25 14:17:06.482,0 days 00:32:06.478000,803.1294007640752,2108.1403315031944,-238.99775130636849,,236.0,10960.0,99.0,0.0,8,6,9.26027777777778,0.0017547948794962,,254.63444444444448,car,0 days 00:00:00.131000,0.131,1926.478,0.0
2023-11-25 14:17:06.582,0 days 00:32:06.578000,853.3455033770875,2113.707600877161,-238.99400346318117,,238.66667121777388,11059.333502862077,99.0,0.0,8,6,16.44307198891456,0.0031159128507546,,254.63444444444448,interpolation,0 days 00:00:00.231000,0.231,1926.578,0.0
2023-11-25 14:17:06.682,0 days 00:32:06.678000,890.3885957414697,2117.6710403725365,-238.99325388840325,,241.3333287822261,11158.666497137923,99.0,0.0,8,6,23.808703719682452,0.0045116779838938,,254.63444444444448,interpolation,0 days 00:00:00.331000,0.331,1926.678,0.0
2023-11-25 14:17:06.782,0 days 00:32:06.778000,928.0,2122.0,-239.0,,244.0,11258.0,99.0,0.0,8,6,30.949166666666667,0.0058647743074911,,254.63444444444448,interpolation,0 days 00:00:00.431000,0.431,1926.778,0.0
2023-11-25 14:17:06.882,0 days 00:32:06.878000,966.1793310128847,2126.694435431118,-239.01424172889136,,245.99999488,11335.4998016,99.0,0.0,8,6,37.79637467081496,0.0071622996985067,23.0,248.77334833777775,interpolation,0 days 00:00:00.531000,0.531,1926.878,0.0
2023-11-25 14:17:06.982,0 days 00:32:06.978000,1010.0,2132.0,-239.0,,248.0,11413.0,99.0,0.0,8,6,44.72694444444444,0.0084756218949468,23.0,242.9122222222222,interpolation,0 days 00:00:00.631000,0.631,1926.978,0.0
2023-11-25 14:17:07.082,0 days 00:32:07.078000,1064.53457850127,2138.162244640768,-238.92129573824857,,249.9999965866637,11498.666520462097,99.0,0.0,8,6,52.11735161542255,0.0098760818997369,23.0,236.3344556705281,interpolation,0 days 00:00:00.731000,0.731,1927.078,0.0
2023-11-25 14:17:07.182,0 days 00:32:07.178000,1131.145137446306,2145.397134865706,-238.8258508341113,,252.00000341333623,11584.333479537903,99.0,0.0,8,6,59.85954861537162,0.0113432050225621,23.0,229.756655440583,interpolation,0 days 00:00:00.831000,0.831,1927.178,0.0
2023-11-25 14:17:07.282,0 days 00:32:07.278000,1218.0,2155.0,-239.0,,254.0,11670.0,99.0,0.0,8,6,67.30472222222221,0.0127540431027775,23.0,223.17888888888885,interpolation,0 days 00:00:00.931000,0.931,1927.278,0.0
2023-11-25 14:17:07.382,0 days 00:32:07.378000,1326.4615680523189,2167.18684078796,-239.49146771561317,,255.00000256,11743.50018816,99.0,0.0,8,6,74.34482542840708,0.0140881215563402,23.0,216.8495671303111,interpolation,0 days 00:00:01.031000,1.031,1927.378,0.0
2023-11-25 14:17:07.482,0 days 00:32:07.478000,1431.0,2179.0,-240.0,,256.0,11817.0,99.0,0.0,8,6,81.45583333333332,0.0154356362377644,23.0,210.5202777777778,interpolation,0 days 00:00:01.131000,1.131,1927.478,0.0
2023-11-25 14:17:07.582,0 days 00:32:07.578000,1506.0876353591757,2187.48206616647,-240.22535311220463,,258.00000512,11503.99919872,99.0,0.0,8,6,89.11386594379707,0.0168868104610803,23.0,203.0952587697778,interpolation,0 days 00:00:01.231000,1.231,1927.578,0.0
2023-11-25 14:17:07.682,0 days 00:32:07.678000,1551.7237052344276,2192.632952431233,-240.1675247446169,,260.0,11191.0,99.0,0.0,8,6,97.31884484174516,0.0184416293663021,23.0,195.6702777777778,interpolation,0 days 00:00:01.331000,1.331,1927.678,0.0
2023-11-25 14:17:07.782,0 days 00:32:07.778000,1598.2482360924716,2197.9673983203816,-240.02593400472028,,262.00000512,10877.99919872,99.0,0.0,8,6,105.65902595348824,0.0200220686857444,23.0,188.2452587697778,interpolation,0 days 00:00:01.431000,1.431,1927.778,0.0
2023-11-25 14:17:07.882,0 days 00:32:07.878000,1676.0,2207.0,-240.0,,264.0,10565.0,99.0,0.0,8,6,113.7225,0.0215500728458059,23.0,180.8202777777778,interpolation,0 days 00:00:01.531000,1.531,1927.878,0.0
2023-11-25 14:17:07.982,0 days 00:32:07.978000,1779.0,2219.0,-240.0,,265.50000384,10694.00033024,99.0,0.0,8,6,121.50934955146305,0.0230256574932887,23.0,173.90359340444448,interpolation,0 days 00:00:01.631000,1.631,1927.978,0.0
2023-11-25 14:17:08.082,0 days 00:32:08.078000,1871.3687287164928,2229.582213075039,-239.4876038091415,,267.0,10823.0,99.0,0.0,8,6,128.55583333333334,0.0243609450468168,23.0,166.98694444444448,interpolation,0 days 00:00:01.731000,1.731,1928.078,0.0
2023-11-25 14:17:08.182,0 days 00:32:08.178000,1946.0,2238.0,-239.0,,267.50000128,10815.4999808,99.0,0.0,8,7,134.3983619643809,0.0254680867083418,23.0,161.36470782933333,interpolation,0 days 00:00:01.831000,1.831,1928.178,0.0
2023-11-25 14:17:08.282,0 days 00:32:08.278000,2001.7657107577145,2244.237376953876,-239.1641098500303,,268.0,10808.0,99.0,0.0,8,7,140.46694444444444,0.0266180648966172,23.0,155.74249999999998,interpolation,0 days 00:00:01.931000,1.931,1928.278,0.0
2023-11-25 14:17:08.382,0 days 00:32:08.378000,2046.3662861560435,2249.1642969662994,-239.81910425123024,,270.00000341333043,10854.33341240882,99.0,0.0,8,7,148.1917117431745,0.0280818851433101,23.0,147.92026442786323,interpolation,0 days 00:00:02.031000,2.031,1928.378,0.0
2023-11-25 14:17:08.482,0 days 00:32:08.478000,2126.0,2258.0,-240.0,,271.9999965866696,10900.66658759118,99.0,0.0,8,7,157.1517921259157,0.0297797935163441,23.0,140.0980689054701,interpolation,0 days 00:00:02.131000,2.131,1928.478,0.0
2023-11-25 14:17:08.582,0 days 00:32:08.578000,2248.367521864681,2271.6144656915053,-239.5459681602249,,274.0,10947.0,99.0,0.0,8,7,164.8225,0.0312333696641197,23.0,132.27583333333334,interpolation,0 days 00:00:02.231000,2.231,1928.578,0.0
2023-11-25 14:17:08.682,0 days 00:32:08.678000,2368.0,2285.0,-239.0,,274.0,11005.99984896,99.0,0.0,8,7,170.78296418433908,0.0323628597594599,23.0,126.34251518933335,interpolation,0 days 00:00:02.331000,2.331,1928.678,0.0
2023-11-25 14:17:08.782,0 days 00:32:08.778000,2439.431060734909,2293.1491853645634,-238.90507654742848,,274.0,11065.0,99.0,0.0,8,7,177.00027777777777,0.0335410220478709,23.0,120.40916666666668,interpolation,0 days 00:00:02.431000,2.431,1928.778,0.0
2023-11-25 14:17:08.882,0 days 00:32:08.878000,2462.6599726172176,2296.061938337752,-239.26119877452408,,275.99999658666377,11126.999894186576,99.0,0.0,8,7,185.44140917868447,0.0351405911444926,23.0,111.17584909156903,interpolation,0 days 00:00:02.531000,2.531,1928.878,0.0
2023-11-25 14:17:08.982,0 days 00:32:08.978000,2492.30917339096,2299.6937541420684,-239.7367228943584,,278.00000341333623,11189.000105813424,99.0,0.0,8,7,195.66255315778048,0.0370774672887647,23.0,101.94248424176436,interpolation,0 days 00:00:02.631000,2.631,1928.978,0.0
2023-11-25 14:17:09.082,0 days 00:32:09.078000,2583.0,2310.0,-240.0,,280.0,11251.0,99.0,0.0,8,7,205.00027777777777,0.0388469381127004,23.0,92.7091666666667,interpolation,0 days 00:00:02.731000,2.731,1929.078,0.0
2023-11-25 14:17:09.182,0 days 00:32:09.178000,2734.733381120325,2326.9807814477235,-240.05103278741407,,281.00000256,11292.50010624,99.0,0.0,8,7,213.0107869905292,0.0403649055955361,23.0,84.90359112888892,interpolation,0 days 00:00:02.831000,2.831,1929.178,0.0
2023-11-25 14:17:09.282,0 days 00:32:09.278000,2878.0,2343.0,-240.0,,282.0,11334.0,99.0,0.0,8,7,220.66694444444445,0.0418157244823073,23.0,77.09805555555559,interpolation,0 days 00:00:02.931000,2.931,1929.278,0.0
2023-11-25 14:17:09.382,0 days 00:32:09.378000,2943.2935606855003,2350.421895091415,-239.9570803811565,,283.0000017066652,11360.000044373295,99.0,0.0,8,7,228.94177421460955,0.0433837799184233,23.0,115.31228744101102,interpolation,0 days 00:00:03.031000,3.031,1929.378,0.0
2023-11-25 14:17:09.482,0 days 00:32:09.478000,2945.2844753268387,2350.8604380528545,-239.9338763343703,,283.9999982933348,11385.999955626705,99.0,0.0,8,7,237.6855248339784,0.0450406944497866,23.0,153.52632367010006,interpolation,0 days 00:00:03.131000,3.131,1929.478,0.0
2023-11-25 14:17:09.582,0 days 00:32:09.578000,2972.0,2354.0,-240.0,,285.0,11412.0,99.0,0.0,8,7,246.0002777777778,0.0466163152076292,23.0,191.7405555555555,interpolation,0 days 00:00:03.231000,3.231,1929.578,0.0
2023-11-25 14:17:09.682,0 days 00:32:09.678000,3038.110941893075,2361.454596114717,-240.16705266493187,,285.333332764444,11403.000015360014,99.0,0.0,8,7,253.73628117014945,0.0480822646603849,44.0,187.82574742203036,interpolation,0 days 00:00:03.331000,3.331,1929.678,0.0
2023-11-25 14:17:09.782,0 days 00:32:09.778000,3140.004616885288,2372.8566336299696,-240.3457079432645,,285.666667235556,11393.999984639986,99.0,0.0,8,7,260.97945020970667,0.0494548234806443,44.0,183.91091924463623,interpolation,0 days 00:00:03.431000,3.431,1929.778,0.0
2023-11-25 14:17:09.882,0 days 00:32:09.878000,3256.0,2386.0,-240.0,,286.0,11385.0,99.0,0.0,8,7,268.2447222222222,0.0508315707480215,44.0,179.99611111111108,interpolation,0 days 00:00:03.531000,3.531,1929.878,0.0
2023-11-25 14:17:09.982,0 days 00:32:09.978000,3382.484917934251,2400.517160710908,-239.0405971985585,,286.0,11403.000030719972,99.0,0.0,8,7,275.6180075860079,0.0522287862216744,44.0,176.3664752869188,interpolation,0 days 00:00:03.631000,3.631,1929.978,0.0
2023-11-25 14:17:10.082,0 days 00:32:10.078000,3493.0,2413.0,-238.0,,286.0,11420.999969280028,99.0,0.0,8,7,283.0770863053331,0.0536422592790207,44.0,172.73685804641443,interpolation,0 days 00:00:03.731000,3.731,1930.078,0.0
2023-11-25 14:17:10.182,0 days 00:32:10.178000,3561.0883023882707,2420.040678584466,-237.410688385393,,286.0,11439.0,99.0,0.0,8,7,290.4891666666667,0.0550468262884138,44.0,169.10722222222216,interpolation,0 days 00:00:03.831000,3.831,1930.178,0.0
2023-11-25 14:17:10.282,0 days 00:32:10.278000,3593.5287772348474,2422.4396351565906,-237.20756454501577,,281.66667406222854,10937.000856747398,66.00005632004806,0.0,8,7,297.8320282770184,0.0564382765519918,44.0,165.91833877570832,interpolation,0 days 00:00:03.931000,3.931,1930.278,0.0
2023-11-25 14:17:10.382,0 days 00:32:10.378000,3631.0,2425.0,-237.0,,277.33332593777146,10434.999143252602,32.99994367995194,0.0,8,7,305.0404407332905,0.0578042491039079,44.0,162.7294390020694,interpolation,0 days 00:00:04.031000,4.031,1930.378,0.0
2023-11-25 14:17:10.482,0 days 00:32:10.478000,3680.281236337606,2428.5222576852752,-236.72289303154395,,273.0,9933.0,0.0,0.0,8,7,311.7225,0.0590704793042428,44.0,159.54055555555556,interpolation,0 days 00:00:04.131000,4.131,1930.478,0.0
2023-11-25 14:17:10.582,0 days 00:32:10.578000,3739.3424616853895,2432.9561646185757,-236.38068007000675,,259.99997337601366,10006.000149503923,0.0,1.0,8,7,317.8129689074159,0.0602246049048929,44.0,158.28721965539688,interpolation,0 days 00:00:04.231000,4.231,1930.578,0.0
2023-11-25 14:17:10.682,0 days 00:32:10.678000,3796.0,2438.0,-236.0,,247.0000133119932,10078.999925248036,0.0,1.0,8,7,323.3117850892962,0.0612666140876422,44.0,157.03389017230157,interpolation,0 days 00:00:04.331000,4.331,1930.678,0.0
2023-11-25 14:17:10.782,0 days 00:32:10.778000,3848.223902252688,2443.603535816704,-235.5852881912914,,233.9999866880068,10152.000074751964,0.0,1.0,8,7,328.3468967679583,0.0622207526570716,44.0,155.7805542721429,interpolation,0 days 00:00:04.431000,4.431,1930.778,0.0
2023-11-25 14:17:10.882,0 days 00:32:10.878000,3898.416985751083,2450.490087558504,-235.17501779428335,,221.0000266239864,10224.999850496077,0.0,1.0,8,7,333.6855973217275,0.0632324204082702,44.0,154.52722478904758,interpolation,0 days 00:00:04.531000,4.531,1930.878,0.0
2023-11-25 14:17:10.982,0 days 00:32:10.978000,3961.0,2463.0,-235.0,,208.0,10298.0,0.0,1.0,8,7,339.4558333333333,0.0643258628351215,44.0,153.2738888888889,interpolation,0 days 00:00:04.631000,4.631,1930.978,0.0
2023-11-25 14:17:11.082,0 days 00:32:11.078000,4032.0,2480.0,-235.0,,199.0000153600131,10445.33308188423,0.0,1.0,8,6,345.65754571571,0.0655010687408038,44.0,152.84055629511175,interpolation,0 days 00:00:04.731000,4.731,1931.078,0.0
2023-11-25 14:17:11.182,0 days 00:32:11.178000,4073.163448977808,2490.351059125513,-234.5827797142407,,189.9999846399869,10592.66691811577,0.0,1.0,8,6,352.0908311814314,0.0667201570515968,44.0,152.40722148266605,interpolation,0 days 00:00:04.831000,4.831,1931.178,0.0
2023-11-25 14:17:11.282,0 days 00:32:11.278000,4106.0,2505.0,-234.0,,181.0,10740.0,0.0,1.0,8,6,357.5558333333333,0.0677557585770291,44.0,151.9738888888889,interpolation,0 days 00:00:04.931000,4.931,1931.278,0.0
2023-11-25 14:17:11.382,0 days 00:32:11.378000,4158.395720123518,2536.750419157179,-233.60201697894183,,177.99999488000438,10609.6664442313,0.0,1.0,8,5,361.8526413400574,0.0685699908138278,44.0,151.95166662874075,interpolation,0 days 00:00:05.031000,5.031,1931.378,0.0
2023-11-25 14:17:11.482,0 days 00:32:11.478000,4224.58746827971,2581.54032840237,-233.3487848821002,,175.00000511999562,10479.3335557687,0.0,1.0,8,5,365.2124235176524,0.0692066594649146,44.0,151.92944448237031,interpolation,0 days 00:00:05.131000,5.131,1931.478,0.0
2023-11-25 14:17:11.582,0 days 00:32:11.578000,4270.0,2615.0,-233.0,,172.0,10349.0,0.0,1.0,8,5,369.0225,0.0699286575369116,44.0,151.90722222222217,interpolation,0 days 00:00:05.231000,5.231,1931.578,0.0
2023-11-25 14:17:11.682,0 days 00:32:11.678000,4288.870245723401,2633.067428252689,-232.5156160598877,,169.00000768,10259.50022912,0.0,1.0,8,4,373.5140440872668,0.0707797916772158,44.0,152.1016661688888,interpolation,0 days 00:00:05.331000,5.331,1931.678,0.0
2023-11-25 14:17:11.782,0 days 00:32:11.778000,4298.0,2649.0,-232.0,,166.0,10170.0,0.0,1.0,8,4,378.2447222222222,0.0716762410027086,44.0,152.29611111111103,interpolation,0 days 00:00:05.431000,5.431,1931.778,0.0
2023-11-25 14:17:11.882,0 days 00:32:11.878000,4314.190770659294,2676.05475392118,-231.5575289985709,,163.5000064,10152.5000448,12.499968,1.0,8,4,382.772106412095,0.0725341667350194,44.0,152.87944295111103,interpolation,0 days 00:00:05.531000,5.531,1931.878,0.0
2023-11-25 14:17:11.982,0 days 00:32:11.978000,4336.025422663393,2713.395155958887,-231.2001972332326,,161.0,10135.0,25.0,1.0,8,4,387.0962430174151,0.0733535776593296,44.0,153.4627777777777,interpolation,0 days 00:00:05.631000,5.631,1931.978,0.0
2023-11-25 14:17:12.082,0 days 00:32:12.078000,4355.0,2756.0,-231.0,,158.5000064,10117.5000448,37.499968,1.0,8,4,391.3279303718048,0.0741554697277221,44.0,154.0461096177777,interpolation,0 days 00:00:05.731000,5.731,1932.078,0.0
2023-11-25 14:17:12.182,0 days 00:32:12.178000,4369.697396137366,2803.03291122042,-230.9689339573944,,156.0,10100.0,50.0,1.0,8,4,395.5780555555555,0.0749608557095078,44.0,154.62944444444437,interpolation,0 days 00:00:05.831000,5.831,1932.178,0.0
2023-11-25 14:17:12.282,0 days 00:32:12.278000,4380.310759253477,2853.784299810937,-231.0609777585733,,156.0,10063.50009344,54.49998848,0.0,8,4,399.8465750474968,0.0757697273575553,44.0,155.27152613404436,interpolation,0 days 00:00:05.931000,5.931,1932.278,0.0
2023-11-25 14:17:12.382,0 days 00:32:12.378000,4388.0,2904.0,-231.0,,156.0,10027.0,59.0,0.0,8,4,404.2880555555556,0.0766113745996744,44.0,155.91361111111104,interpolation,0 days 00:00:06.031000,6.031,1932.378,0.0
2023-11-25 14:17:12.482,0 days 00:32:12.478000,4392.958338318253,2952.9703893867245,-230.7399796411273,,158.24999424,10158.49966336,63.49998848,0.0,8,4,409.05697459726,0.0775150704623619,44.0,156.37194327111104,interpolation,0 days 00:00:06.131000,6.131,1932.478,0.0
2023-11-25 14:17:12.582,0 days 00:32:12.578000,4395.443333719542,3000.009714586737,-230.32282454595244,,160.5,10290.0,68.0,0.0,8,4,414.1533810064673,0.0784808241994874,44.0,156.83027777777772,interpolation,0 days 00:00:06.231000,6.231,1932.578,0.0
2023-11-25 14:17:12.682,0 days 00:32:12.678000,4397.0,3041.0,-230.0,,162.74999424,10421.49966336,72.49998848,0.0,8,4,419.3587655435528,0.0794672289651637,44.0,157.28860993777772,interpolation,0 days 00:00:06.331000,6.331,1932.678,0.0
2023-11-25 14:17:12.782,0 days 00:32:12.778000,4397.885861837725,3075.255410525666,-229.8134132241509,,165.0,10553.0,77.0,0.0,8,4,424.4547222222222,0.0804328974797004,44.0,157.7469444444444,interpolation,0 days 00:00:06.431000,6.431,1932.778,0.0
2023-11-25 14:17:12.882,0 days 00:32:12.878000,4397.807006926408,3107.2688051156647,-229.7798484367991,,167.99999232,10892.49913088,85.49997824,0.0,8,4,429.4411988600127,0.0813778198546771,44.0,157.96916609777776,interpolation,0 days 00:00:06.531000,6.531,1932.878,0.0
2023-11-25 14:17:12.982,0 days 00:32:12.978000,4395.0,3164.0,-230.0,,171.0,11232.0,94.0,0.0,8,4,433.9547222222222,0.0822331190016961,44.0,158.19138888888887,interpolation,0 days 00:00:06.631000,6.631,1932.978,0.0
2023-11-25 14:17:13.082,0 days 00:32:13.078000,4389.170966567071,3249.9416239791585,-230.49064796715777,,173.33332935110772,11304.999875413228,95.99999658666376,0.0,8,4,437.63172179414335,0.0829298993980899,44.0,158.14694452029633,interpolation,0 days 00:00:06.731000,6.731,1933.078,0.0
2023-11-25 14:17:13.182,0 days 00:32:13.178000,4383.0,3331.0,-231.0,,175.66667064889228,11378.000124586772,98.00000341333624,0.0,8,4,440.843921704697,0.0835386016519774,44.0,158.10249992414808,interpolation,0 days 00:00:06.831000,6.831,1933.178,0.0
2023-11-25 14:17:13.282,0 days 00:32:13.278000,4379.1673165511,3373.079740929927,-231.27625352025973,,178.0,11451.0,100.0,0.0,8,4,445.82138888888886,0.0844818167625047,44.0,158.05805555555554,car,0 days 00:00:06.931000,6.931,1933.278,0.0
2023-11-25 14:17:13.382,0 days 00:32:13.378000,4377.1710183731,3383.036371302532,-231.30502536216824,,184.50001664,11544.50023936,99.49999872,0.0,8,4,452.9358607924552,0.0858299878612872,44.0,157.20249780977778,interpolation,0 days 00:00:07.031000,7.031,1933.378,0.0
2023-11-25 14:17:13.482,0 days 00:32:13.478000,4374.0,3402.0,-231.0,,191.0,11638.0,99.0,0.0,8,4,460.6769444444444,0.0872969000080115,44.0,156.3469444444445,interpolation,0 days 00:00:07.131000,7.131,1933.478,0.0
2023-11-25 14:17:13.582,0 days 00:32:13.578000,4369.152370359978,3436.825914846554,-230.34678831567703,,195.00001024,11477.49958912,99.0,0.0,8,4,467.53439899478144,0.088596367088814,44.0,155.0136076977778,interpolation,0 days 00:00:07.231000,7.231,1933.578,0.0
2023-11-25 14:17:13.682,0 days 00:32:13.678000,4362.136253629737,3488.395525185921,-229.45697225939003,,199.0,11317.0,99.0,0.0,8,4,473.5081542233111,0.089728375797186,44.0,153.68027777777783,interpolation,0 days 00:00:07.331000,7.331,1933.678,0.0
2023-11-25 14:17:13.782,0 days 00:32:13.778000,4350.0,3562.0,-229.0,,203.00001024,11156.49958912,99.0,0.0,8,4,478.8163340024031,0.0907342599530748,44.0,152.34694103111116,interpolation,0 days 00:00:07.431000,7.431,1933.778,0.0
2023-11-25 14:17:13.882,0 days 00:32:13.878000,4334.0,3650.0,-229.0,,207.0,10996.0,99.0,0.0,8,4,483.6769444444444,0.0916553310612642,44.0,151.01361111111115,interpolation,0 days 00:00:07.531000,7.531,1933.878,0.0
2023-11-25 14:17:13.982,0 days 00:32:13.978000,4324.625329600407,3701.2738808177455,-228.9322589125873,,207.0,11135.00035584,99.50000128,0.0,8,5,488.0900353222184,0.0924915985535476,44.0,149.90944161777784,interpolation,0 days 00:00:07.631000,7.631,1933.978,0.0
2023-11-25 14:17:14.082,0 days 00:32:14.078000,4321.29131127543,3719.18060511679,-228.67252633343185,,207.0,11274.0,100.0,0.0,8,5,492.81944444444434,0.0933878074049322,44.0,148.80527777777786,interpolation,0 days 00:00:07.731000,7.731,1934.078,0.0
2023-11-25 14:17:14.182,0 days 00:32:14.178000,4310.0,3775.0,-228.0,,210.6666729244391,11399.00021333315,100.0,0.0,8,5,498.6291032390649,0.0944887203309877,44.0,146.67194080355873,interpolation,0 days 00:00:07.831000,7.831,1934.178,0.0
2023-11-25 14:17:14.282,0 days 00:32:14.278000,4291.0,3868.0,-227.0,,214.3333270755609,11523.99978666685,100.0,0.0,8,5,505.3754154504035,0.0957671262717198,44.0,144.53861475199696,interpolation,0 days 00:00:07.931000,7.931,1934.278,0.0
2023-11-25 14:17:14.382,0 days 00:32:14.378000,4279.779971941151,3922.512912979607,-226.40519927066347,,218.0,11649.0,100.0,0.0,8,5,512.1972222222221,0.0970598382053539,44.0,142.40527777777783,interpolation,0 days 00:00:08.031000,8.031,1934.378,0.0
2023-11-25 14:17:14.482,0 days 00:32:14.478000,4275.985445817559,3938.899888058308,-226.1379901239696,,219.74999552,11299.000896,100.0,0.0,8,5,518.9509169344753,0.0983396431078788,44.0,139.90528417777782,interpolation,0 days 00:00:08.131000,8.131,1934.478,0.0
2023-11-25 14:17:14.582,0 days 00:32:14.578000,4262.0,3995.0,-225.0,,221.5,10949.0,100.0,0.0,8,5,525.6365687451744,0.0996065540845304,44.0,137.4052777777778,interpolation,0 days 00:00:08.231000,8.231,1934.578,0.0
2023-11-25 14:17:14.682,0 days 00:32:14.678000,4238.0,4091.0,-223.0,,223.24999552,10599.000896,100.0,0.0,8,5,531.8525152943942,0.1007844573221599,44.0,134.9052841777778,interpolation,0 days 00:00:08.331000,8.331,1934.678,0.0
2023-11-25 14:17:14.782,0 days 00:32:14.778000,4222.658925658235,4150.185927685228,-221.38889660562785,,225.0,10249.0,100.0,0.0,8,5,537.1972222222221,0.1017972632632373,44.0,132.40527777777777,interpolation,0 days 00:00:08.431000,8.431,1934.778,0.0
2023-11-25 14:17:14.882,0 days 00:32:14.878000,4212.0,4189.0,-220.0,,227.4999936,10439.49951232,99.50000128,0.0,8,5,541.6706347989996,0.1026449615366563,44.0,130.29417207111106,interpolation,0 days 00:00:08.531000,8.531,1934.878,0.0
2023-11-25 14:17:14.982,0 days 00:32:14.978000,4198.933918768438,4236.671152206033,-218.45810359836827,,230.0,10630.0,99.0,0.0,8,5,547.4194444444444,0.1037343437313496,44.0,128.18305555555548,interpolation,0 days 00:00:08.631000,8.631,1934.978,0.0
2023-11-25 14:17:15.082,0 days 00:32:15.078000,4183.618533291039,4292.467366625529,-216.7726296345621,,232.99999232,10777.4996224,99.0,0.0,8,6,556.5902379027102,0.1054721816005441,44.0,123.74973357155548,interpolation,0 days 00:00:08.731000,8.731,1935.078,0.0
2023-11-25 14:17:15.182,0 days 00:32:15.178000,4167.0,4352.0,-215.0,,236.0,10925.0,99.0,0.0,8,6,565.7749999999999,0.1072126664849601,44.0,119.3163888888888,interpolation,0 days 00:00:08.831000,8.831,1935.178,0.0
2023-11-25 14:17:15.282,0 days 00:32:15.278000,4149.2362065998295,4414.53691319039,-213.14963929121365,,237.99999488,10925.0,99.0,0.0,8,6,571.5655276016805,0.1083099541073028,44.0,116.58306255288883,interpolation,0 days 00:00:08.931000,8.931,1935.278,0.0
2023-11-25 14:17:15.382,0 days 00:32:15.378000,4131.0,4478.0,-211.0,,240.0,10925.0,99.0,0.0,8,6,576.4416666666665,0.1092339678429903,44.0,113.84972222222224,interpolation,0 days 00:00:09.031000,9.031,1935.378,0.0
2023-11-25 14:17:15.482,0 days 00:32:15.478000,4112.964595749966,4540.309863992196,-208.3295755781525,,240.49999872,11059.49965568,99.0,0.0,8,6,582.8831539271541,0.1104546103693052,44.0,110.32195347555556,interpolation,0 days 00:00:09.131000,9.131,1935.478,0.0
2023-11-25 14:17:15.582,0 days 00:32:15.578000,4093.852486793789,4603.637023430223,-205.2020811172573,,241.0,11194.0,99.0,0.0,8,6,589.8305555555553,0.1117711221517679,44.0,106.79416666666668,interpolation,0 days 00:00:09.231000,9.231,1935.578,0.0
2023-11-25 14:17:15.682,0 days 00:32:15.678000,4066.0,4681.0,-202.0,,242.2499968,11236.4998912,99.0,0.0,8,6,596.2243006220772,0.1129827176754423,44.0,103.24417575466668,interpolation,0 days 00:00:09.331000,9.331,1935.678,0.0
2023-11-25 14:17:15.782,0 days 00:32:15.778000,4028.129527785567,4774.569466108875,-198.78704187379245,,243.5,11279.0,99.0,0.0,8,6,602.0644545988298,0.1140894093470969,44.0,99.69416666666666,interpolation,0 days 00:00:09.431000,9.431,1935.778,0.0
2023-11-25 14:17:15.882,0 days 00:32:15.878000,3994.0,4857.0,-196.0,,244.7499968,11321.4998912,99.0,0.0,8,6,607.9376275659455,0.1152023580184447,44.0,96.14417575466663,interpolation,0 days 00:00:09.531000,9.531,1935.878,0.0
2023-11-25 14:17:15.982,0 days 00:32:15.978000,3977.36960921318,4900.947982155698,-194.07560620000768,,246.0,11364.0,99.0,0.0,8,6,614.4305555555554,0.1164327484087252,44.0,92.59416666666664,interpolation,0 days 00:00:09.631000,9.631,1935.978,0.0
2023-11-25 14:17:16.082,0 days 00:32:16.078000,3970.83782530689,4917.480109537313,-192.70112552946645,,247.33333105777584,11407.333259377714,99.0,0.0,8,6,621.5431720802474,0.1177805679187728,44.0,88.12010022835213,interpolation,0 days 00:00:09.731000,9.731,1936.078,0.0
2023-11-25 14:17:16.182,0 days 00:32:16.178000,3930.0,4973.0,-190.0,,248.66666894222416,11450.666740622286,99.0,0.0,8,6,629.167234536427,0.1192253048996838,44.0,83.64601088275882,interpolation,0 days 00:00:09.831000,9.831,1936.178,0.0
2023-11-25 14:17:16.282,0 days 00:32:16.278000,3855.0,5068.0,-186.0,,250.0,11494.0,99.0,0.0,8,6,636.6527777777777,0.1206437929046216,44.0,79.1719444444443,interpolation,0 days 00:00:09.931000,9.931,1936.278,0.0
2023-11-25 14:17:16.382,0 days 00:32:16.378000,3791.1023372204136,5139.035148882234,-182.74408627707692,,250.50000128,11541.75012224,99.0,0.0,8,6,643.8915630194848,0.1220155210083296,44.0,74.78304431999989,interpolation,0 days 00:00:10.031000,10.031,1936.378,0.0
2023-11-25 14:17:16.482,0 days 00:32:16.478000,3745.851814913845,5175.530487239574,-180.5727895507302,,251.0,11589.5,99.0,0.0,8,6,650.8835161365769,0.1233404751643479,44.0,70.39416666666659,interpolation,0 days 00:00:10.131000,10.131,1936.478,0.0
2023-11-25 14:17:16.582,0 days 00:32:16.578000,3702.425115070367,5197.510782937032,-178.3650839690181,,251.50000128,11637.25012224,99.0,0.0,8,6,657.7601359142689,0.1246435739982829,44.0,66.00526654222219,interpolation,0 days 00:00:10.231000,10.231,1936.578,0.0
2023-11-25 14:17:16.682,0 days 00:32:16.678000,3644.0,5225.0,-175.0,,252.0,11685.0,99.0,0.0,8,6,664.6527777777776,0.125949708969451,44.0,61.61638888888888,interpolation,0 days 00:00:10.331000,10.331,1936.678,0.0
2023-11-25 14:17:16.782,0 days 00:32:16.778000,3570.575871428134,5257.998419918734,-170.47750318513573,,253.00000256,11731.00011776,99.0,0.0,8,6,671.5615123079391,0.1272588934527091,44.0,57.17193306666664,interpolation,0 days 00:00:10.431000,10.431,1936.778,0.0
2023-11-25 14:17:16.882,0 days 00:32:16.878000,3497.0,5289.0,-166.0,,254.0,11777.0,99.0,0.0,8,6,678.7638888888888,0.1286237222243453,44.0,52.72749999999997,interpolation,0 days 00:00:10.531000,10.531,1936.878,0.0
2023-11-25 14:17:16.982,0 days 00:32:16.978000,3438.118151081116,5310.499352910362,-162.76980476019227,,255.33333560888696,11790.33335608887,99.0,0.0,8,6,686.5376014025543,0.1300968174425461,44.0,47.77934340701948,interpolation,0 days 00:00:10.631000,10.631,1936.978,0.0
2023-11-25 14:17:17.082,0 days 00:32:17.078000,3389.993412596006,5324.497262658034,-160.5590168718137,,256.66666439111304,11803.66664391113,99.0,0.0,8,6,694.6490542126132,0.1316339134344746,44.0,42.8312121485359,interpolation,0 days 00:00:10.731000,10.731,1937.078,0.0
2023-11-25 14:17:17.182,0 days 00:32:17.178000,3329.0,5343.0,-158.0,,258.0,11817.0,99.0,0.0,8,6,701.6972222222222,0.1329695201441104,44.0,37.883055555555416,interpolation,0 days 00:00:10.831000,10.831,1937.178,0.0
2023-11-25 14:17:17.282,0 days 00:32:17.278000,3251.2010228399795,5368.00837962974,-154.86484667800352,,258.0,11257.0014336,99.0,0.0,8,6,707.4485172246164,0.1340593733064952,44.0,34.17195394488875,interpolation,0 days 00:00:10.931000,10.931,1937.278,0.0
2023-11-25 14:17:17.382,0 days 00:32:17.378000,3159.019595044717,5398.573483231095,-151.27951762019654,,258.0,10697.0,99.0,0.0,8,6,713.1638888888889,0.1351424191039929,44.0,30.4608333333332,interpolation,0 days 00:00:11.031000,11.031,1937.378,0.0
2023-11-25 14:17:17.482,0 days 00:32:17.478000,3067.0,5429.0,-148.0,,259.99999488,10643.00013824,99.0,0.0,8,6,720.1041694654407,0.1364575814684768,44.0,25.7108454933332,interpolation,0 days 00:00:11.131000,11.131,1937.478,0.0
2023-11-25 14:17:17.582,0 days 00:32:17.578000,2977.565206015101,5458.3390671021625,-145.1522530534921,,262.0,10589.0,99.0,0.0,8,6,727.7194444444444,0.137900653248805,44.0,20.9608333333332,interpolation,0 days 00:00:11.231000,11.231,1937.578,0.0
2023-11-25 14:17:17.682,0 days 00:32:17.678000,2890.716128899965,5486.590384106306,-142.7363059415269,,263.3333310577758,10654.66655459546,99.0,0.0,8,7,735.4596502672043,0.1393673990495217,44.0,15.80528657659992,interpolation,0 days 00:00:11.331000,11.331,1937.678,0.0
2023-11-25 14:17:17.782,0 days 00:32:17.778000,2809.008562374881,5515.796661377302,-140.70219433880078,,264.6666689422242,10720.33344540454,99.0,0.0,8,7,743.3302970312325,0.140858863017588,44.0,10.649713423399668,interpolation,0 days 00:00:11.431000,11.431,1937.778,0.0
2023-11-25 14:17:17.882,0 days 00:32:17.878000,2735.0,5548.0,-139.0,,266.0,10786.0,99.0,0.0,8,7,751.3638888888889,0.1423812045924388,44.0,5.494166666666388,interpolation,0 days 00:00:11.531000,11.531,1937.878,0.0
2023-11-25 14:17:17.982,0 days 00:32:17.978000,2668.689683925703,5583.200729737427,-137.62970549460988,,266.50000128,10801.25003904,99.0,0.0,8,7,759.5659389419708,0.1439354684903381,44.0,174.56647449066656,interpolation,0 days 00:00:11.631000,11.631,1937.978,0.0
2023-11-25 14:17:18.082,0 days 00:32:18.078000,2610.0782931678887,5621.398490135036,-136.59132485441032,,267.0,10816.5,99.0,0.0,8,7,767.9363632016999,0.1455216387956644,44.0,343.63791666666674,interpolation,0 days 00:00:11.731000,11.731,1938.078,0.0
2023-11-25 14:17:18.182,0 days 00:32:18.178000,2559.927479346185,5658.397187225119,-135.75727666700692,,267.50000128,10831.75003904,99.0,0.0,8,7,776.209481121023,0.1470893698411775,44.0,512.7102244906669,interpolation,0 days 00:00:11.831000,11.831,1938.178,0.0
2023-11-25 14:17:18.282,0 days 00:32:18.278000,2519.0,5690.0,-135.0,,268.0,10847.0,99.0,0.0,8,7,784.1194444444444,0.1485882841793901,44.0,681.7816666666671,interpolation,0 days 00:00:11.931000,11.931,1938.278,0.0
2023-11-25 14:17:18.382,0 days 00:32:18.378000,2487.295436030871,5716.20725207331,-134.31948709885663,,268.50000128,10858.00002816,99.0,0.0,8,7,791.6663341701973,0.1500183971592247,27.0,677.9205456711114,interpolation,0 days 00:00:12.031000,12.031,1938.378,0.0
2023-11-25 14:17:18.482,0 days 00:32:18.478000,2461.752377663549,5740.970372313105,-133.69477092884674,,269.0,10869.0,99.0,0.0,8,7,799.063888888889,0.1514202116028804,27.0,674.0594444444447,interpolation,0 days 00:00:12.131000,12.131,1938.478,0.0
2023-11-25 14:17:18.582,0 days 00:32:18.578000,2424.0,5788.0,-133.0,,269.50000128,10877.50002176,99.0,0.0,8,7,806.526000222238,0.1528342593314934,27.0,670.3649905422225,interpolation,0 days 00:00:12.231000,12.231,1938.578,0.0
2023-11-25 14:17:18.682,0 days 00:32:18.678000,2370.9769551944296,5861.247350781474,-132.21420742358825,,270.0,10886.0,99.0,0.0,8,7,814.063888888889,0.1542626666376105,27.0,666.6705555555558,interpolation,0 days 00:00:12.331000,12.331,1938.678,0.0
2023-11-25 14:17:18.782,0 days 00:32:18.778000,2308.336301704945,5952.33573382644,-131.40743650161255,,270.25000064,10904.750048,99.0,0.0,8,7,821.6889292074886,0.1557075889205187,27.0,663.4124222147558,interpolation,0 days 00:00:12.431000,12.431,1938.778,0.0
2023-11-25 14:17:18.882,0 days 00:32:18.878000,2270.0,6011.0,-131.0,,270.5,10923.5,99.0,0.0,8,7,829.4010430978235,0.1571690113842517,27.0,660.1543055555558,interpolation,0 days 00:00:12.531000,12.531,1938.878,0.0
2023-11-25 14:17:18.982,0 days 00:32:18.978000,2256.0,6038.0,-131.0,,270.75000064,10942.250048,99.0,0.0,8,7,836.9912157444905,0.1586073263478509,27.0,656.8961722147557,interpolation,0 days 00:00:12.631000,12.631,1938.978,0.0
2023-11-25 14:17:19.082,0 days 00:32:19.078000,2232.6091792896937,6088.155134711308,-131.0357691024192,,271.0,10961.0,99.0,0.0,8,7,844.2502777777779,0.1599828968427799,27.0,653.6380555555556,interpolation,0 days 00:00:12.731000,12.731,1939.078,0.0
2023-11-25 14:17:19.182,0 days 00:32:19.178000,2197.3403970769805,6169.786872197644,-131.04216474216204,,271.0,10961.0,99.0,0.0,8,7,851.1783035306711,0.1612957369549167,27.0,650.8899027172387,interpolation,0 days 00:00:12.831000,12.831,1939.178,0.0
2023-11-25 14:17:19.282,0 days 00:32:19.278000,2169.0,6278.0,-131.0,,271.0,10961.0,99.0,0.0,8,7,857.9182160437549,0.1625729301720137,27.0,648.1417639494283,interpolation,0 days 00:00:12.931000,12.931,1939.278,0.0
2023-11-25 14:17:19.382,0 days 00:32:19.378000,2150.7220555131858,6411.979889837117,-130.90607660792227,,271.0,10961.0,99.0,0.0,8,7,865.3280555555557,0.1639770725471377,27.0,645.3936111111113,interpolation,0 days 00:00:13.031000,13.031,1939.378,0.0
2023-11-25 14:17:19.482,0 days 00:32:19.478000,2141.0,6533.0,-131.0,,271.9999982933319,10993.666610915508,99.0,0.0,8,7,873.5507401728984,0.1655352466331086,27.0,642.4306532049428,interpolation,0 days 00:00:13.131000,13.131,1939.478,0.0
2023-11-25 14:17:19.582,0 days 00:32:19.578000,2138.3269831241,6602.33639997856,-131.52137561031395,,273.0000017066681,11026.333389084492,99.0,0.0,8,7,882.2806638216556,0.1671895409949898,27.0,639.467680128391,interpolation,0 days 00:00:13.231000,13.231,1939.578,0.0
2023-11-25 14:17:19.682,0 days 00:32:19.678000,2142.022126659901,6629.548745600758,-132.37614572150295,,274.0,11059.0,99.0,0.0,8,7,889.6836111111113,0.1685923773146401,27.0,636.5047222222224,interpolation,0 days 00:00:13.331000,13.331,1939.678,0.0
2023-11-25 14:17:19.782,0 days 00:32:19.778000,2148.0,6672.0,-133.0,,273.49999872,11058.49999872,99.0,0.0,8,7,895.4539675730216,0.1696858425664631,27.0,634.4602725440002,interpolation,0 days 00:00:13.431000,13.431,1939.778,0.0
2023-11-25 14:17:19.882,0 days 00:32:19.878000,2155.5796363339227,6739.250094307435,-133.29887967906518,,273.0,11058.0,99.0,0.0,8,7,901.8169444444446,0.1708916076093996,27.0,632.4158333333336,interpolation,0 days 00:00:13.531000,13.531,1939.878,0.0
2023-11-25 14:17:19.982,0 days 00:32:19.978000,2166.0,6826.0,-134.0,,273.50000128,11068.50002688,99.0,0.0,8,7,910.9978772078124,0.1726313668465164,27.0,629.4158256533336,interpolation,0 days 00:00:13.631000,13.631,1939.978,0.0
2023-11-25 14:17:20.082,0 days 00:32:20.078000,2180.499871016613,6926.949111595249,-135.83056596410222,,274.0,11079.0,99.0,0.0,8,7,920.0836111111112,0.1743530861850264,27.0,626.4158333333336,interpolation,0 days 00:00:13.731000,13.731,1940.078,0.0
2023-11-25 14:17:20.182,0 days 00:32:20.178000,2198.108458980717,7037.38211122543,-138.58169925187548,,274.33333390222174,11094.666693404422,99.0,0.0,8,7,926.1611784529348,0.1755047669776716,27.0,624.6158302613362,interpolation,0 days 00:00:13.831000,13.831,1940.178,0.0
2023-11-25 14:17:20.282,0 days 00:32:20.278000,2213.0,7129.0,-141.0,,274.66666609777826,11110.333306595578,99.0,0.0,8,7,930.244430773535,0.1762785310521224,27.0,622.815836405331,interpolation,0 days 00:00:13.931000,13.931,1940.278,0.0
2023-11-25 14:17:20.382,0 days 00:32:20.378000,2224.203707682122,7197.087364499276,-142.87659590739426,,275.0,11126.0,99.0,0.0,8,7,938.4169444444448,0.1778271978941409,27.0,621.0158333333336,interpolation,0 days 00:00:14.031000,14.031,1940.378,0.0
2023-11-25 14:17:20.482,0 days 00:32:20.478000,2231.719467301409,7241.643507510431,-144.21146775776535,,277.0,11135.0,99.0,0.0,8,7,950.7280555555558,0.1801601165448675,27.0,617.3269444444447,interpolation,0 days 00:00:14.131000,14.131,1940.478,0.0
2023-11-25 14:17:20.582,0 days 00:32:20.578000,2238.875539349989,7283.12816940635,-145.6906146892547,,277.6000012287994,11153.80003850238,99.0,0.0,8,7,961.3908768016588,0.1821806892072283,27.0,615.3311070236468,interpolation,0 days 00:00:14.231000,14.231,1940.578,0.0
2023-11-25 14:17:20.682,0 days 00:32:20.678000,2249.0,7342.0,-148.0,,278.19999938560034,11172.59998074881,99.0,0.0,8,7,969.4408049975788,0.1837061264692089,27.0,613.3352798215103,interpolation,0 days 00:00:14.331000,14.331,1940.678,0.0
2023-11-25 14:17:20.782,0 days 00:32:20.778000,2262.092952926184,7418.259602140468,-151.13964733816732,,278.80000061439966,11191.40001925119,99.0,0.0,8,7,975.280725158482,0.1848127738334609,27.0,611.3394424007124,interpolation,0 days 00:00:14.431000,14.431,1940.778,0.0
2023-11-25 14:17:20.882,0 days 00:32:20.878000,2277.244926058061,7506.135041294179,-154.78622983880769,,279.3999987712006,11210.19996149762,99.0,0.0,8,7,981.3273723624872,0.1859585953526783,27.0,609.3436151985759,interpolation,0 days 00:00:14.531000,14.531,1940.878,0.0
2023-11-25 14:17:20.982,0 days 00:32:20.978000,2289.0,7571.0,-157.0,,280.0,11229.0,99.0,0.0,8,7,987.9836111111111,0.1872199326422378,27.0,607.347777777778,interpolation,0 days 00:00:14.631000,14.631,1940.978,0.0
2023-11-25 14:17:21.082,0 days 00:32:21.078000,2298.0,7617.0,-158.0,,280.74999808,11245.2499584,99.0,0.0,8,7,995.2493732446436,0.1885967727860784,27.0,605.431116017778,interpolation,0 days 00:00:14.731000,14.731,1941.078,0.0
2023-11-25 14:17:21.182,0 days 00:32:21.178000,2313.552799356192,7703.640057674305,-161.04042522125212,,281.5,11261.5,99.0,0.0,8,7,1003.1247331646784,0.1900891298830794,27.0,603.5144444444445,interpolation,0 days 00:00:14.831000,14.831,1941.178,0.0
2023-11-25 14:17:21.282,0 days 00:32:21.278000,2335.323934026207,7829.437691226084,-166.12254176422667,,282.24999808,11277.7499584,99.0,0.0,8,7,1011.290602920154,0.1916365377230395,27.0,601.5977826844445,interpolation,0 days 00:00:14.931000,14.931,1941.278,0.0
2023-11-25 14:17:21.382,0 days 00:32:21.378000,2352.0,7926.0,-170.0,,283.0,11294.0,99.0,0.0,8,7,1019.4280555555556,0.1931785606039312,27.0,599.6811111111111,interpolation,0 days 00:00:15.031000,15.031,1941.378,0.0
2023-11-25 14:17:21.482,0 days 00:32:21.478000,2361.6952381143487,7981.927061000837,-172.1316978955996,,283.74999808,11327.49991424,99.0,0.0,8,7,1027.537007743582,0.1947151827354806,27.0,597.7366716444445,interpolation,0 days 00:00:15.131000,15.131,1941.478,0.0
2023-11-25 14:17:21.582,0 days 00:32:21.578000,2365.949369180663,8007.677629298122,-172.9445630606665,,284.5,11361.0,99.0,0.0,8,7,1035.617542520116,0.1962464198527386,27.0,595.7922222222223,interpolation,0 days 00:00:15.231000,15.231,1941.578,0.0
2023-11-25 14:17:21.682,0 days 00:32:21.678000,2374.0,8066.0,-175.0,,285.24999808,11394.49991424,99.0,0.0,8,7,1043.5477375832577,0.1977491680449798,27.0,593.8477827555558,interpolation,0 days 00:00:15.331000,15.331,1941.678,0.0
2023-11-25 14:17:21.782,0 days 00:32:21.778000,2387.386834542915,8167.352952703868,-178.7249355423197,,286.0,11428.0,99.0,0.0,8,7,1051.2058333333334,0.199200354233063,27.0,591.9033333333336,interpolation,0 days 00:00:15.431000,15.431,1941.778,0.0
2023-11-25 14:17:21.882,0 days 00:32:21.878000,2401.0,8286.0,-183.0,,286.0,11456.66661774218,99.0,0.0,8,7,1058.5917513516438,0.2005999635568797,27.0,590.3218545509162,interpolation,0 days 00:00:15.531000,15.531,1941.878,0.0
2023-11-25 14:17:21.982,0 days 00:32:21.978000,2409.7299000417515,8396.20690727862,-186.70590560540785,,286.0,11485.33338225782,99.0,0.0,8,7,1065.805909014526,0.2019670248082261,27.0,588.7403676713066,interpolation,0 days 00:00:15.631000,15.631,1941.978,0.0
2023-11-25 14:17:22.082,0 days 00:32:22.078000,2414.072033548088,8495.939453423343,-189.7970415508058,,286.0,11514.0,99.0,0.0,8,7,1073.4502777777775,0.2034156097734553,27.0,587.1588888888891,interpolation,0 days 00:00:15.731000,15.731,1942.078,0.0
2023-11-25 14:17:22.182,0 days 00:32:22.178000,2417.0,8573.0,-192.0,,287.00000256,11531.5000448,99.0,0.0,8,7,1081.625277664272,0.2049647477458742,27.0,585.4922179555557,interpolation,0 days 00:00:15.831000,15.831,1942.178,0.0
2023-11-25 14:17:22.282,0 days 00:32:22.278000,2419.0093576890563,8625.354665310075,-193.26918553539264,,288.0,11549.0,99.0,0.0,8,7,1089.4502777777775,0.2064475618105007,27.0,583.8255555555556,interpolation,0 days 00:00:15.931000,15.931,1942.278,0.0
2023-11-25 14:17:22.382,0 days 00:32:22.378000,2420.100127191131,8653.003985466714,-193.60461115347687,,288.33333390222174,11556.333345848878,99.0,0.0,8,7,1096.0448110620362,0.2076972060995364,27.0,582.347775255706,interpolation,0 days 00:00:16.031000,16.031,1942.378,0.0
2023-11-25 14:17:22.482,0 days 00:32:22.478000,2420.390829257635,8692.901045370074,-194.3877247948257,,288.66666609777826,11563.666654151122,99.0,0.0,8,7,1102.1183302642753,0.2088481197818654,27.0,580.8700025220721,interpolation,0 days 00:00:16.131000,16.131,1942.478,0.0
2023-11-25 14:17:22.582,0 days 00:32:22.578000,2420.0,8782.0,-197.0,,289.0,11571.0,99.0,0.0,8,7,1111.9280555555554,0.2107070333180999,27.0,579.3922222222225,interpolation,0 days 00:00:16.231000,16.231,1942.578,0.0
2023-11-25 14:17:22.682,0 days 00:32:22.678000,2419.0,8910.0,-201.0,,289.0,11584.0,99.0,0.0,8,7,1124.7724999999998,0.213141017036728,27.0,576.9033333333336,interpolation,0 days 00:00:16.331000,16.331,1942.678,0.0
2023-11-25 14:17:22.782,0 days 00:32:22.778000,2417.824962200434,9015.102206821026,-203.73928303841157,,289.0,11594.0000256,99.0,0.0,8,7,1132.186282328595,0.2145459065638152,27.0,575.7477748195558,interpolation,0 days 00:00:16.431000,16.431,1942.778,0.0
2023-11-25 14:17:22.882,0 days 00:32:22.878000,2416.528714678256,9091.704359875555,-204.98625465291528,,289.0,11604.0,99.0,0.0,8,7,1137.6169444444442,0.2155750007553561,27.0,574.5922222222225,interpolation,0 days 00:00:16.531000,16.531,1942.878,0.0
2023-11-25 14:17:22.982,0 days 00:32:22.978000,2415.0,9168.0,-206.0,,289.6666678044435,11623.33336632886,99.0,0.0,8,7,1145.9230665374284,0.2171489859928418,27.0,572.958886101336,interpolation,0 days 00:00:16.631000,16.631,1942.978,0.0
2023-11-25 14:17:23.082,0 days 00:32:23.078000,2413.2202932845703,9248.687098570856,-206.99035230617736,,290.3333321955565,11642.66663367114,99.0,0.0,8,7,1156.6107218637412,0.2191742646389576,27.0,571.3255583431092,interpolation,0 days 00:00:16.731000,16.731,1943.078,0.0
2023-11-25 14:17:23.182,0 days 00:32:23.178000,2410.0,9348.0,-208.0,,291.0,11662.0,99.0,0.0,8,7,1166.7169444444442,0.2210893635227324,27.0,569.6922222222227,interpolation,0 days 00:00:16.831000,16.831,1943.178,0.0
2023-11-25 14:17:23.282,0 days 00:32:23.278000,2404.149576814312,9480.17120549952,-209.07161103002016,,291.24999936,11679.4999552,99.0,0.0,8,7,1175.7477891027495,0.2228006815138567,27.0,568.4422254222227,interpolation,0 days 00:00:16.931000,16.931,1943.278,0.0
2023-11-25 14:17:23.382,0 days 00:32:23.378000,2398.0,9606.0,-210.0,,291.5,11697.0,99.0,0.0,8,7,1183.7033483147434,0.2243082361362717,27.0,567.1922222222228,interpolation,0 days 00:00:17.031000,17.031,1943.378,0.0
2023-11-25 14:17:23.482,0 days 00:32:23.478000,2393.882368709518,9686.283026512534,-210.5799610337015,,291.74999936,11714.4999552,99.0,0.0,8,7,1191.276775173807,0.2257433778233188,27.0,565.9422254222228,interpolation,0 days 00:00:17.131000,17.131,1943.478,0.0
2023-11-25 14:17:23.582,0 days 00:32:23.578000,2391.491878968403,9727.441830285015,-210.84543199738488,,292.0,11732.0,99.0,0.0,8,7,1199.1613888888885,0.2272374884867411,27.0,564.6922222222229,interpolation,0 days 00:00:17.231000,17.231,1943.578,0.0
2023-11-25 14:17:23.682,0 days 00:32:23.678000,2389.0,9768.0,-211.0,,292.24999936,11738.74998272,99.0,0.0,8,7,1207.3571087217492,0.2287905528268846,27.0,563.6088916622228,interpolation,0 days 00:00:17.331000,17.331,1943.678,0.0
2023-11-25 14:17:23.782,0 days 00:32:23.778000,2386.10194447758,9814.378674122072,-211.07759855177264,,292.5,11745.5,99.0,0.0,8,7,1215.8640185967756,0.2304025867471689,27.0,562.5255555555561,interpolation,0 days 00:00:17.431000,17.431,1943.778,0.0
2023-11-25 14:17:23.882,0 days 00:32:23.878000,2382.797742077155,9866.57737773482,-211.07822685809563,,292.74999936,11752.24998272,99.0,0.0,8,7,1224.158460835635,0.2319743586873104,27.0,561.4422249955561,interpolation,0 days 00:00:17.531000,17.531,1943.878,0.0
2023-11-25 14:17:23.982,0 days 00:32:23.978000,2377.844644318141,9938.487745760289,-211.0397417353705,,293.0,11759.0,99.0,0.0,8,7,1231.7169444444442,0.2334066686732293,27.0,560.3588888888894,interpolation,0 days 00:00:17.631000,17.631,1943.978,0.0
2023-11-25 14:17:24.082,0 days 00:32:24.078000,2370.0,10044.0,-211.0,,293.0,11767.99997696,99.0,0.0,8,7,1238.539392024529,0.2346995020381089,27.0,559.5144466062227,interpolation,0 days 00:00:17.731000,17.731,1944.078,0.0
2023-11-25 14:17:24.182,0 days 00:32:24.178000,2360.0,10174.0,-211.0,,293.0,11777.0,99.0,0.0,8,7,1244.7391666666665,0.2358743407478246,27.0,558.6700000000005,interpolation,0 days 00:00:17.831000,17.831,1944.178,0.0
2023-11-25 14:17:24.282,0 days 00:32:24.278000,2352.262336260774,10273.795555847615,-211.28573216607876,,293.49999872,11753.00006144,99.0,0.0,8,7,1250.429498114059,0.2369526414992862,27.0,557.8700020480006,interpolation,0 days 00:00:17.931000,17.931,1944.278,0.0
2023-11-25 14:17:24.382,0 days 00:32:24.378000,2347.1029043290287,10339.446935115691,-211.805154014216,,294.0,11729.0,99.0,0.0,8,7,1257.8058333333329,0.2383504349114117,27.0,557.0700000000006,interpolation,0 days 00:00:18.031000,18.031,1944.378,0.0
2023-11-25 14:17:24.482,0 days 00:32:24.478000,2342.0,10402.0,-212.0,,293.50000128,11715.50003456,99.0,0.0,8,7,1269.0634854884474,0.2404837262479147,27.0,555.7477811626675,interpolation,0 days 00:00:18.131000,18.131,1944.478,0.0
2023-11-25 14:17:24.582,0 days 00:32:24.578000,2336.533274593769,10466.62985761152,-211.7772279537615,,293.0,11702.0,99.0,0.0,8,7,1280.5947222222217,0.2426688610419534,27.0,554.4255555555565,interpolation,0 days 00:00:18.231000,18.231,1944.578,0.0
2023-11-25 14:17:24.682,0 days 00:32:24.678000,2330.646287943729,10534.544876925946,-211.23919167449444,,292.666667235556,11662.333401031168,99.0,0.0,8,7,1288.7915778193164,0.2442221406060146,27.0,553.803334395261,interpolation,0 days 00:00:18.331000,18.331,1944.678,0.0
2023-11-25 14:17:24.782,0 days 00:32:24.778000,2324.0,10613.0,-211.0,,292.333332764444,11622.666598968832,99.0,0.0,8,7,1294.196255613234,0.2452463108464422,27.0,553.1811100491849,interpolation,0 days 00:00:18.431000,18.431,1944.778,0.0
2023-11-25 14:17:24.882,0 days 00:32:24.878000,2316.5379826746657,10703.20345423903,-211.16200689740896,,292.0,11583.0,99.0,0.0,8,7,1300.0613888888886,0.2463577360203587,27.0,552.5588888888894,interpolation,0 days 00:00:18.531000,18.531,1944.878,0.0
2023-11-25 14:17:24.982,0 days 00:32:24.978000,2307.0,10806.0,-211.0,,286.49998592,11287.9992448,74.24993664,0.0,8,7,1306.929157102909,0.2476591575095121,27.0,552.5033331911117,interpolation,0 days 00:00:18.631000,18.631,1944.978,0.0
2023-11-25 14:17:25.082,0 days 00:32:25.078000,2295.0,10916.0,-210.0,,281.0,10993.0,49.5,0.0,8,7,1314.799489929528,0.2491505619873804,27.0,552.4477777777782,interpolation,0 days 00:00:18.731000,18.731,1945.078,0.0
2023-11-25 14:17:25.182,0 days 00:32:25.178000,2285.781964014355,10995.809733619471,-209.42940582620955,,275.49998592,10697.9992448,24.74993664,0.0,8,7,1322.800810635828,0.250666788275788,27.0,552.3922220800005,interpolation,0 days 00:00:18.831000,18.831,1945.178,0.0
2023-11-25 14:17:25.282,0 days 00:32:25.278000,2277.0,11060.0,-209.0,,270.0,10403.0,0.0,0.0,8,7,1330.0613888888886,0.2520426460898188,27.0,552.336666666667,interpolation,0 days 00:00:18.931000,18.931,1945.278,0.0
2023-11-25 14:17:25.382,0 days 00:32:25.378000,2265.4340216820647,11129.375494163354,-208.2123217437947,,253.99995904,10251.24961152,0.0,1.0,8,7,1336.58129903722,0.2532781495182931,27.0,554.1467407448893,interpolation,0 days 00:00:19.031000,19.031,1945.378,0.0
2023-11-25 14:17:25.482,0 days 00:32:25.478000,2251.0841474958647,11203.935505706291,-207.06637912339815,,238.0,10099.5,0.0,1.0,8,7,1342.3604743171147,0.254373285909688,27.0,555.956805555556,interpolation,0 days 00:00:19.131000,19.131,1945.478,0.0
2023-11-25 14:17:25.582,0 days 00:32:25.578000,2235.942129161727,11274.77811383606,-205.8872418213024,,221.99995904,9947.74961152,0.0,1.0,8,7,1347.7266640316934,0.255390162774456,27.0,557.7668796337782,interpolation,0 days 00:00:19.231000,19.231,1945.578,0.0
2023-11-25 14:17:25.682,0 days 00:32:25.678000,2222.0,11333.0,-205.0,,206.0,9796.0,0.0,1.0,8,7,1353.0074999999997,0.2563908653601691,27.0,559.576944444445,interpolation,0 days 00:00:19.331000,19.331,1945.678,0.0
2023-11-25 14:17:25.782,0 days 00:32:25.778000,2209.2576172429167,11378.601760391752,-204.40464457411147,,191.6666422044653,9834.66673265772,0.0,1.0,8,7,1358.203036297933,0.257375403914048,27.0,562.8954686265637,interpolation,0 days 00:00:19.431000,19.431,1945.778,0.0
2023-11-25 14:17:25.882,0 days 00:32:25.878000,2197.715111372141,11411.58292805048,-204.1011816400608,,177.33335779553468,9873.33326734228,0.0,1.0,8,7,1363.2196966155984,0.2583260460058799,27.0,566.213975817882,interpolation,0 days 00:00:19.531000,19.531,1945.878,0.0
2023-11-25 14:17:25.982,0 days 00:32:25.978000,2187.314993495303,11436.772792963922,-203.7471253259794,,163.0,9912.0,0.0,1.0,8,7,1367.4963888888883,0.2591364663714935,27.0,569.5325000000007,interpolation,0 days 00:00:19.631000,19.631,1945.978,0.0
2023-11-25 14:17:26.082,0 days 00:32:26.078000,2178.0,11459.0,-203.0,,158.66667406222854,9769.00024405354,0.0,1.0,8,5,1370.939546216847,0.2597889343636417,27.0,572.3324952213299,interpolation,0 days 00:00:19.731000,19.731,1946.078,0.0
2023-11-25 14:17:26.182,0 days 00:32:26.178000,2168.0,11481.0,-202.0,,154.33332593777146,9625.99975594646,0.0,1.0,8,5,1373.7904337043826,0.260329168996468,27.0,575.1325047786712,interpolation,0 days 00:00:19.831000,19.831,1946.178,0.0
2023-11-25 14:17:26.282,0 days 00:32:26.278000,2146.694973517722,11519.183767046356,-201.5883403184061,,150.0,9483.0,0.0,1.0,8,4,1377.4963888888883,0.2610314363946469,27.0,577.9325000000003,car,0 days 00:00:19.931000,19.931,1946.278,0.0
2023-11-25 14:17:26.382,0 days 00:32:26.378000,2115.1080823842813,11571.808122550412,-201.799592231113,,144.9999872,9595.00028672,0.0,1.0,8,4,1382.2986795663212,0.2619414560822672,27.0,582.5325117760004,interpolation,0 days 00:00:20.031000,20.031,1946.378,0.0
2023-11-25 14:17:26.482,0 days 00:32:26.478000,2090.0,11612.0,-202.0,,140.0,9707.0,0.0,1.0,8,4,1386.8297222222218,0.2628000750829233,27.0,587.1325000000006,interpolation,0 days 00:00:20.131000,20.131,1946.478,0.0
2023-11-25 14:17:26.582,0 days 00:32:26.578000,2074.163884753057,11635.281018135463,-202.0839391800884,,134.9999872,9404.4992256,0.0,1.0,8,3,1389.7220289154393,0.2633481585310646,27.0,590.4436195875563,interpolation,0 days 00:00:20.231000,20.231,1946.578,0.0
2023-11-25 14:17:26.682,0 days 00:32:26.678000,2065.3434725487914,11644.749825571173,-202.06225229757936,,130.0,9102.0,0.0,1.0,8,3,1392.6074999999996,0.2638949466518564,27.0,593.7547222222231,car,0 days 00:00:20.331000,20.331,1946.678,0.0
2023-11-25 14:17:26.782,0 days 00:32:26.778000,2050.0,11659.0,-202.0,,124.49998592,8910.99951104,0.0,1.0,8,3,1397.118094994394,0.2647496908819526,27.0,600.0547383502228,interpolation,0 days 00:00:20.431000,20.431,1946.778,0.0
2023-11-25 14:17:26.882,0 days 00:32:26.878000,2025.8771979673752,11681.130282511924,-201.9080263105486,,119.0,8720.0,0.0,1.0,8,3,1401.863055555555,0.2656488466843972,27.0,606.3547222222226,interpolation,0 days 00:00:20.531000,20.531,1946.878,0.0
2023-11-25 14:17:26.982,0 days 00:32:26.978000,1995.0,11706.0,-202.0,,116.74999424,8520.99949056,0.0,1.0,8,3,1405.451718117284,0.2663288874821661,27.0,610.7047333582227,interpolation,0 days 00:00:20.631000,20.631,1946.978,0.0
2023-11-25 14:17:27.082,0 days 00:32:27.078000,1959.393902846742,11728.467998077456,-202.4895898391298,,114.5,8322.0,0.0,1.0,8,3,1407.8840459317696,0.2667898063116594,27.0,615.0547222222228,interpolation,0 days 00:00:20.731000,20.731,1947.078,0.0
2023-11-25 14:17:27.182,0 days 00:32:27.178000,1920.8369617971464,11748.067912438708,-203.30328657042463,,112.24999424,8122.99949056,0.0,1.0,8,3,1410.055892638146,0.2672013647520062,27.0,619.404733358223,interpolation,0 days 00:00:20.831000,20.831,1947.178,0.0
2023-11-25 14:17:27.282,0 days 00:32:27.278000,1890.0,11762.0,-204.0,,110.0,7924.0,0.0,1.0,8,3,1412.863055555555,0.2677333137098659,27.0,623.7547222222231,interpolation,0 days 00:00:20.931000,20.931,1947.278,0.0
2023-11-25 14:17:27.382,0 days 00:32:27.378000,1868.661121580907,11769.79780904784,-204.50622299129225,,107.99999488,7747.99954944,0.0,1.0,8,3,1416.305563429415,0.2683856586324094,27.0,629.6965429888006,interpolation,0 days 00:00:21.031000,21.031,1947.378,0.0
2023-11-25 14:17:27.482,0 days 00:32:27.478000,1854.6563210286183,11772.128991942363,-204.82781861598,,106.0,7572.0,0.0,1.0,8,3,1419.9002777777775,0.269066846225604,27.0,635.6383333333338,interpolation,0 days 00:00:21.131000,21.131,1947.478,0.0
2023-11-25 14:17:27.582,0 days 00:32:27.578000,1835.0,11773.0,-205.0,,104.99999744,7673.2502592,9.25002368,0.0,8,3,1423.1641321798445,0.2696853368507892,27.0,640.8050132266671,interpolation,0 days 00:00:21.231000,21.231,1947.578,0.0
2023-11-25 14:17:27.682,0 days 00:32:27.678000,1807.5281357544595,11773.078556511153,-205.02863363560823,,104.0,7774.5,18.5,0.0,8,3,1426.0970932138314,0.2702411241746375,27.0,645.9716666666671,interpolation,0 days 00:00:21.331000,21.331,1947.678,0.0
2023-11-25 14:17:27.782,0 days 00:32:27.778000,1779.0,11772.0,-205.0,,102.99999744,7875.7502592,27.75002368,0.0,8,3,1428.76499436979,0.2707466834461652,27.0,651.1383465600005,interpolation,0 days 00:00:21.431000,21.431,1947.778,0.0
2023-11-25 14:17:27.882,0 days 00:32:27.878000,1756.175437884464,11769.399679230715,-205.00037957036767,,102.0,7977.0,37.0,0.0,8,3,1431.2336111111108,0.2712144789185111,27.0,656.3050000000005,interpolation,0 days 00:00:21.531000,21.531,1947.878,0.0
2023-11-25 14:17:27.982,0 days 00:32:27.978000,1736.8723664869958,11764.540483961242,-205.0199747237457,,103.00000256,8060.50021376,40.50000896,0.0,8,3,1433.5029687164974,0.2716445153819133,27.0,660.4161216355562,interpolation,0 days 00:00:21.631000,21.631,1947.978,0.0
2023-11-25 14:17:28.082,0 days 00:32:28.078000,1708.0,11753.0,-205.0,,104.0,8144.0,44.0,0.0,8,3,1435.855833333333,0.2720903761736576,27.0,664.5272222222231,interpolation,0 days 00:00:21.731000,21.731,1948.078,0.0
2023-11-25 14:17:28.182,0 days 00:32:28.178000,1670.0,11735.0,-205.0,,105.75000448,8300.75040128,46.75000704,0.0,8,3,1438.5750184405683,0.2726056536002192,27.0,669.4994571733342,interpolation,0 days 00:00:21.831000,21.831,1948.178,0.0
2023-11-25 14:17:28.282,0 days 00:32:28.278000,1638.6154598303133,11716.294465836883,-205.43602576701312,,107.5,8457.5,49.5,0.0,8,3,1441.6604961938183,0.2731903423851707,27.0,674.4716666666675,interpolation,0 days 00:00:21.931000,21.931,1948.278,0.0
2023-11-25 14:17:28.382,0 days 00:32:28.378000,1612.0,11697.0,-206.0,,109.25000448,8614.25040128,52.25000704,0.0,8,3,1444.926991636827,0.2738093334796975,27.0,679.4439016177786,interpolation,0 days 00:00:22.031000,22.031,1948.378,0.0
2023-11-25 14:17:28.482,0 days 00:32:28.478000,1585.6840285112366,11676.274619656138,-206.3144927256684,,111.0,8771.0,55.0,0.0,8,3,1448.1891666666666,0.2744275058688801,27.0,684.4161111111118,interpolation,0 days 00:00:22.131000,22.131,1948.478,0.0
2023-11-25 14:17:28.582,0 days 00:32:28.578000,1559.7839424019264,11653.948033010873,-206.46894748050195,,113.00000512,8986.0005504,56.50000384,0.0,8,3,1451.4470546880948,0.2750448658828198,27.0,689.2216789688896,interpolation,0 days 00:00:22.231000,22.231,1948.578,0.0
2023-11-25 14:17:28.682,0 days 00:32:28.678000,1535.0,11629.0,-207.0,,115.0,9201.0,58.0,0.0,8,3,1454.7006223404242,0.2756614071997664,27.0,694.0272222222229,interpolation,0 days 00:00:22.331000,22.331,1948.678,0.0
2023-11-25 14:17:28.782,0 days 00:32:28.778000,1511.448614031427,11601.260185589066,-207.99709603822384,,117.00000512,9416.0005504,59.50000384,0.0,8,3,1458.004034635875,0.2762873939271659,27.0,698.8327900800007,interpolation,0 days 00:00:22.431000,22.431,1948.778,0.0
2023-11-25 14:17:28.882,0 days 00:32:28.878000,1492.0,11577.0,-209.0,,119.0,9631.0,61.0,0.0,8,3,1461.4113888888887,0.2769330773439384,27.0,703.638333333334,interpolation,0 days 00:00:22.531000,22.531,1948.878,0.0
2023-11-25 14:17:28.982,0 days 00:32:28.978000,1479.5239330896743,11562.49032097494,-209.54849677014624,,122.50000896,9527.49973504,67.50001664,0.0,8,3,1464.922719990862,0.2775984640618989,27.0,708.3050119466674,interpolation,0 days 00:00:22.631000,22.631,1948.978,0.0
2023-11-25 14:17:29.082,0 days 00:32:29.078000,1470.6328122330158,11551.206577232617,-209.83344022366435,,126.0,9424.0,74.0,0.0,8,3,1468.4113888888887,0.2782595563601458,27.0,712.9716666666675,interpolation,0 days 00:00:22.731000,22.731,1949.078,0.0
2023-11-25 14:17:29.182,0 days 00:32:29.178000,1445.0,11504.0,-211.0,,129.6666729244391,9396.99995392004,81.33334584887821,0.0,8,3,1471.7508282100616,0.278892370100922,27.0,717.06796995397,interpolation,0 days 00:00:22.831000,22.831,1949.178,0.0
2023-11-25 14:17:29.282,0 days 00:32:29.278000,1404.0,11424.0,-213.0,,133.3333270755609,9370.00004607996,88.66665415112179,0.0,8,3,1475.0615580736694,0.2795197434855515,27.0,721.1642522682533,interpolation,0 days 00:00:22.931000,22.931,1949.278,0.0
2023-11-25 14:17:29.382,0 days 00:32:29.378000,1376.2044559184155,11369.12813543227,-214.3993065944131,,137.0,9343.0,96.0,0.0,8,3,1479.0669444444443,0.2802787521959281,27.0,725.2605555555558,interpolation,0 days 00:00:23.031000,23.031,1949.378,0.0
2023-11-25 14:17:29.482,0 days 00:32:29.478000,1366.375622332971,11349.03861537206,-214.9588818091705,,144.4999808,9679.49913856,97.49999616,0.0,8,4,1483.8875006223957,0.2811922331411425,27.0,730.027210019556,interpolation,0 days 00:00:23.131000,23.131,1949.478,0.0
2023-11-25 14:17:29.582,0 days 00:32:29.578000,1371.0858326374812,11356.31268598795,-214.85476206757343,,152.0,10016.0,99.0,0.0,8,4,1489.2002777777775,0.2821989884860568,27.0,734.7938888888896,interpolation,0 days 00:00:23.231000,23.231,1949.578,0.0
2023-11-25 14:17:29.682,0 days 00:32:29.678000,1369.769818338055,11346.439363936355,-215.14312358249464,,156.9999872,10411.99898624,99.0,0.0,8,4,1494.6822233155297,0.2832378007323168,27.0,739.2272108728896,interpolation,0 days 00:00:23.331000,23.331,1949.678,0.0
2023-11-25 14:17:29.782,0 days 00:32:29.778000,1359.0,11312.0,-216.0,,162.0,10808.0,99.0,0.0,8,4,1500.0002777777777,0.2842455561110625,27.0,743.6605555555564,interpolation,0 days 00:00:23.431000,23.431,1949.778,0.0
2023-11-25 14:17:29.882,0 days 00:32:29.878000,1338.7764879059737,11252.994946837063,-217.42538254569763,,166.49998848,11083.49929472,99.0,0.0,8,4,1504.8212711146507,0.2851591198965822,27.0,747.1605465955566,interpolation,0 days 00:00:23.531000,23.531,1949.878,0.0
2023-11-25 14:17:29.982,0 days 00:32:29.978000,1316.0,11187.0,-219.0,,171.0,11359.0,99.0,0.0,8,4,1509.5002777777777,0.2860457776330583,27.0,750.6605555555568,interpolation,0 days 00:00:23.631000,23.631,1949.978,0.0
2023-11-25 14:17:30.082,0 days 00:32:30.078000,1297.5716945459012,11131.592235040736,-220.30455042333196,,175.33332593777146,11490.666441955364,99.0,0.0,8,4,1514.3922749387789,0.2869727964304031,27.0,753.6420319486388,interpolation,0 days 00:00:23.731000,23.731,1950.078,0.0
2023-11-25 14:17:30.182,0 days 00:32:30.178000,1283.4913828373917,11086.77108458242,-221.33904717432117,,179.66667406222854,11622.333558044636,99.0,0.0,8,4,1519.3857619444732,0.2879190472490828,27.0,756.6235236069188,interpolation,0 days 00:00:23.831000,23.831,1950.178,0.0
2023-11-25 14:17:30.282,0 days 00:32:30.278000,1271.1654539501976,11046.06462735292,-222.20401521814867,,184.0,11754.0,99.0,0.0,8,4,1523.8113888888888,0.2887576902884155,27.0,759.6050000000007,interpolation,0 days 00:00:23.931000,23.931,1950.278,0.0
2023-11-25 14:17:30.382,0 days 00:32:30.378000,1258.0,11003.0,-223.0,,186.33333731555217,11380.666029511654,99.0,0.0,8,4,1527.5576503432007,0.2894675956038971,27.0,762.0050040959973,interpolation,0 days 00:00:24.031000,24.031,1950.378,0.0
2023-11-25 14:17:30.482,0 days 00:32:30.478000,1243.9951558007024,10957.577643504314,-223.72699336901184,,188.66666268444783,11007.333970488346,99.0,0.0,8,4,1531.0170307240298,0.2901231378159327,27.0,764.4049959040042,interpolation,0 days 00:00:24.131000,24.131,1950.478,0.0
2023-11-25 14:17:30.582,0 days 00:32:30.578000,1229.1507779423323,10909.797092739738,-224.38500276961528,,191.0,10634.0,99.0,0.0,8,4,1536.5447222222222,0.2911706187845642,27.0,766.8050000000007,interpolation,0 days 00:00:24.231000,24.231,1950.578,0.0
2023-11-25 14:17:30.682,0 days 00:32:30.678000,1214.231085352796,10861.868234965292,-225.10050694541144,,196.99998464,10889.49934592,99.0,0.0,8,5,1544.5331910126029,0.2926844096734309,27.0,770.5383237760007,interpolation,0 days 00:00:24.331000,24.331,1950.678,0.0
2023-11-25 14:17:30.782,0 days 00:32:30.778000,1200.0,10816.0,-226.0,,203.0,11145.0,99.0,0.0,8,5,1552.3336111111112,0.2941625658988985,27.0,774.2716666666672,interpolation,0 days 00:00:24.431000,24.431,1950.778,0.0
2023-11-25 14:17:30.882,0 days 00:32:30.878000,1186.4576676098852,10772.192857533382,-227.08347272259567,,205.99999232,11160.99995904,99.0,0.0,8,5,1557.2969948555128,0.2951031122398033,27.0,776.2938837120004,interpolation,0 days 00:00:24.531000,24.531,1950.878,0.0
2023-11-25 14:17:30.982,0 days 00:32:30.978000,1173.0,10729.0,-228.0,,209.0,11177.0,99.0,0.0,8,5,1561.6225000000002,0.2959227824981832,27.0,778.3161111111112,interpolation,0 days 00:00:24.631000,24.631,1950.978,0.0
2023-11-25 14:17:31.082,0 days 00:32:31.078000,1159.0231854679066,10684.975510714456,-228.39863623901724,,211.99999487999565,11378.666322488596,99.0,0.0,8,5,1567.5091891805005,0.2970382924514502,27.0,780.8049957522928,interpolation,0 days 00:00:24.731000,24.731,1951.078,0.0
2023-11-25 14:17:31.182,0 days 00:32:31.178000,1143.8035387615191,10637.51550511643,-228.4302477661119,,215.0000051200044,11580.333677511404,99.0,0.0,8,5,1574.6275708221792,0.2983872044338849,27.0,783.2938931365964,interpolation,0 days 00:00:24.831000,24.831,1951.178,0.0
2023-11-25 14:17:31.282,0 days 00:32:31.278000,1123.0,10571.0,-229.0,,218.0,11782.0,99.0,0.0,8,5,1581.000277777778,0.2995948132986049,27.0,785.7827777777779,interpolation,0 days 00:00:24.931000,24.931,1951.278,0.0
2023-11-25 14:17:31.382,0 days 00:32:31.378000,1098.0,10490.0,-230.0,,219.33333560888696,11751.999948800045,99.0,0.0,8,5,1586.2978234492834,0.3005986823229838,27.0,787.5827808497754,interpolation,0 days 00:00:25.031000,25.031,1951.378,0.0
2023-11-25 14:17:31.482,0 days 00:32:31.478000,1081.470802516047,10437.56668421228,-229.87768465835563,,220.66666439111304,11722.000051199955,99.0,0.0,8,5,1590.757148232207,0.3014437110016983,27.0,789.3827747057808,interpolation,0 days 00:00:25.131000,25.131,1951.478,0.0
2023-11-25 14:17:31.582,0 days 00:32:31.578000,1064.0,10383.0,-229.0,,222.0,11692.0,99.0,0.0,8,5,1595.800277777778,0.3023993689328719,27.0,791.1827777777783,interpolation,0 days 00:00:25.231000,25.231,1951.578,0.0
2023-11-25 14:17:31.682,0 days 00:32:31.678000,1034.0643470893554,10288.425870903267,-227.9926633092149,,224.99999232,11122.50145792,99.0,0.0,8,5,1601.664155086722,0.3035105561048618,27.0,793.2383280711117,interpolation,0 days 00:00:25.331000,25.331,1951.678,0.0
2023-11-25 14:17:31.782,0 days 00:32:31.778000,1003.0,10190.0,-227.0,,228.0,10553.0,99.0,0.0,8,5,1608.4669444444444,0.3047996642955328,27.0,795.2938888888896,interpolation,0 days 00:00:25.431000,25.431,1951.778,0.0
2023-11-25 14:17:31.882,0 days 00:32:31.878000,982.1437395876444,10123.880066687543,-226.16635596634865,,232.49998848,10699.49962496,99.0,0.0,8,6,1616.3266804297052,0.3062890607037297,27.0,797.4026334904896,interpolation,0 days 00:00:25.531000,25.531,1951.878,0.0
2023-11-25 14:17:31.982,0 days 00:32:31.978000,971.4953522837096,10090.06539389629,-225.4917226717249,,237.0,10846.0,99.0,0.0,8,6,1624.3327777777777,0.3078061921514342,27.0,799.5113888888898,interpolation,0 days 00:00:25.631000,25.631,1951.978,0.0
2023-11-25 14:17:32.082,0 days 00:32:32.078000,961.8493643579264,10059.218264796911,-224.57123316123707,,238.49999616,10903.4998528,99.0,0.0,8,6,1631.5744887578223,0.3091784746737867,27.0,800.8447188088896,interpolation,0 days 00:00:25.731000,25.731,1952.078,0.0
2023-11-25 14:17:32.182,0 days 00:32:32.178000,944.0,10002.0,-223.0,,240.0,10961.0,99.0,0.0,8,6,1638.0518875251423,0.310405922322995,27.0,802.1780555555562,interpolation,0 days 00:00:25.831000,25.831,1952.178,0.0
2023-11-25 14:17:32.282,0 days 00:32:32.278000,920.0,9925.0,-221.0,,241.49999616,11018.4998528,99.0,0.0,8,6,1644.4196968587798,0.311612603103035,27.0,803.511385475556,interpolation,0 days 00:00:25.931000,25.931,1952.278,0.0
2023-11-25 14:17:32.382,0 days 00:32:32.378000,902.1645717670328,9867.750701149198,-219.90298838122635,,243.0,11076.0,99.0,0.0,8,6,1651.332777777778,0.3129226112139484,27.0,804.8447222222226,interpolation,0 days 00:00:26.031000,26.031,1952.378,0.0
2023-11-25 14:17:32.482,0 days 00:32:32.478000,889.7525245712794,9828.477995485968,-219.69940018678537,,245.3333293511077,11234.999728639768,99.0,0.0,8,6,1658.7910594923692,0.3143359332412868,27.0,805.7336095940731,interpolation,0 days 00:00:26.131000,26.131,1952.478,0.0
2023-11-25 14:17:32.582,0 days 00:32:32.578000,866.0,9757.0,-219.0,,247.66667064889228,11394.000271360232,99.0,0.0,8,6,1666.595908966692,0.3158149288201934,27.0,806.6225015170386,interpolation,0 days 00:00:26.231000,26.231,1952.578,0.0
2023-11-25 14:17:32.682,0 days 00:32:32.678000,828.1133099012402,9644.953937850243,-217.573258069846,,250.0,11553.0,99.0,0.0,8,6,1673.555,0.3171336557098448,27.0,807.5113888888891,interpolation,0 days 00:00:26.331000,26.331,1952.678,0.0
2023-11-25 14:17:32.782,0 days 00:32:32.778000,790.0,9533.0,-216.0,,251.00000256,11629.75019648,99.0,0.0,8,6,1679.469694444706,0.3182544725767277,27.0,807.7113894008891,interpolation,0 days 00:00:26.431000,26.431,1952.778,0.0
2023-11-25 14:17:32.882,0 days 00:32:32.878000,765.5683942610003,9461.80067117178,-214.8610821141237,,252.0,11706.5,99.0,0.0,8,6,1684.3399317344931,0.3191773679437069,27.0,807.9113888888891,interpolation,0 days 00:00:26.531000,26.531,1952.878,0.0
2023-11-25 14:17:32.982,0 days 00:32:32.978000,754.8182425040488,9431.355222282851,-214.1564927496717,,253.00000256,11783.25019648,99.0,0.0,8,6,1689.462176501036,0.3201480179720921,27.0,808.111389400889,interpolation,0 days 00:00:26.631000,26.631,1952.978,0.0
2023-11-25 14:17:33.082,0 days 00:32:33.078000,743.9090603750719,9400.982422092498,-213.8736595703867,,254.0,11860.0,99.0,0.0,14,6,1696.1327777777778,0.3214120769176755,27.0,808.311388888889,car,0 days 00:00:26.731000,26.731,1953.078,1.0
2023-11-25 14:17:33.182,0 days 00:32:33.178000,719.0,9330.0,-214.0,,257.3333390222174,11725.999771306862,99.0,0.0,14,6,1704.3518038718514,0.322969557724454,27.0,807.1780536213352,interpolation,0 days 00:00:26.831000,26.831,1953.178,1.0
2023-11-25 14:17:33.282,0 days 00:32:33.278000,680.091316446958,9218.408682863495,-214.5355127447889,,260.6666609777826,11592.000228693138,99.0,0.0,14,6,1713.7967061259596,0.3247593383887688,27.0,806.0447241564431,interpolation,0 days 00:00:26.931000,26.931,1953.278,1.0
2023-11-25 14:17:33.382,0 days 00:32:33.378000,642.0,9109.0,-215.0,,264.0,11458.0,99.0,0.0,14,6,1722.5327777777777,0.3264147977788004,27.0,804.9113888888892,interpolation,0 days 00:00:27.031000,27.031,1953.378,1.0
2023-11-25 14:17:33.482,0 days 00:32:33.478000,619.5438294229101,9044.56774376574,-214.9132537208875,,265.49999616,11078.0009728,99.0,0.0,12,6,1730.2374648754767,0.327874812887592,27.0,803.3836150222226,interpolation,0 days 00:00:27.131000,27.131,1953.478,1.0
2023-11-25 14:17:33.582,0 days 00:32:33.578000,612.7225747640098,9025.111254373009,-214.27527301916405,,267.0,10698.0,99.0,0.0,12,6,1737.366111111111,0.3292256699798112,27.0,801.8558333333337,interpolation,0 days 00:00:27.231000,27.231,1953.578,1.0
2023-11-25 14:17:33.682,0 days 00:32:33.678000,606.5401044031089,9007.599342593783,-213.49965836785768,,267.9999982933319,10776.999865173218,99.0,0.0,12,7,1744.373908283377,0.3305536265367895,27.0,799.7299110356577,interpolation,0 days 00:00:27.331000,27.331,1953.678,1.0
2023-11-25 14:17:33.782,0 days 00:32:33.778000,586.0,8949.0,-213.0,,269.0000017066681,10856.000134826782,99.0,0.0,12,7,1751.29859628902,0.3318658341558279,27.0,797.6039778532316,interpolation,0 days 00:00:27.431000,27.431,1953.778,1.0
2023-11-25 14:17:33.882,0 days 00:32:33.878000,551.1024718848139,8849.31382664739,-212.77630303207968,,270.0,10935.0,99.0,0.0,12,7,1758.366111111111,0.3332051070284333,27.0,795.4780555555556,interpolation,0 days 00:00:27.531000,27.531,1953.878,1.0
2023-11-25 14:17:33.982,0 days 00:32:33.978000,505.9322376114429,8720.242174210236,-212.8111444001864,,272.00000512,11006.75018368,99.0,0.0,12,7,1765.6141932579017,0.3345785968677855,27.0,792.291589064889,interpolation,0 days 00:00:27.631000,27.631,1953.978,1.0
2023-11-25 14:17:34.082,0 days 00:32:34.078000,475.0,8632.0,-213.0,,274.0,11078.5,99.0,0.0,12,7,1773.0427685092218,0.3359862896093845,27.0,789.1051388888891,interpolation,0 days 00:00:27.731000,27.731,1954.078,1.0
2023-11-25 14:17:34.182,0 days 00:32:34.178000,462.3905172090566,8596.288772877822,-213.32545099215943,,276.00000512,11150.25018368,99.0,0.0,12,7,1780.835971167088,0.3374630781514861,27.0,785.9186723982225,interpolation,0 days 00:00:27.831000,27.831,1954.178,1.0
2023-11-25 14:17:34.282,0 days 00:32:34.278000,462.1994851164481,8596.16892648262,-213.74459057171956,,278.0,11222.0,99.0,0.0,12,7,1789.1777777777777,0.339043825498106,27.0,782.7322222222226,interpolation,0 days 00:00:27.931000,27.931,1954.278,1.0
2023-11-25 14:17:34.382,0 days 00:32:34.378000,439.0,8530.0,-214.0,,279.75000448,11293.2501824,99.0,0.0,12,7,1798.068273761607,0.3407285478361382,27.0,777.9044320853337,interpolation,0 days 00:00:28.031000,28.031,1954.378,1.0
2023-11-25 14:17:34.482,0 days 00:32:34.478000,386.8878661788941,8380.842738954927,-214.04877318927956,,281.5,11364.5,99.0,0.0,12,7,1807.507368080132,0.3425172279140704,27.0,773.076666666667,interpolation,0 days 00:00:28.131000,28.131,1954.478,1.0
2023-11-25 14:17:34.582,0 days 00:32:34.578000,330.0,8218.0,-214.0,,283.25000448,11435.7501824,99.0,0.0,12,7,1816.4900451674764,0.3442194182948889,27.0,768.2488765297782,interpolation,0 days 00:00:28.231000,28.231,1954.578,1.0
2023-11-25 14:17:34.682,0 days 00:32:34.678000,292.47443396958715,8110.777834666088,-213.9627702925986,,285.0,11507.0,99.0,0.0,12,7,1824.011111111111,0.3456446377454236,27.0,763.4211111111115,interpolation,0 days 00:00:28.331000,28.331,1954.678,1.0
2023-11-25 14:17:34.782,0 days 00:32:34.778000,274.3107838250339,8059.175144995864,-213.9370836858429,,285.6666678044435,11532.00004266663,99.0,0.0,12,7,1830.070642926948,0.3467929008599592,27.0,759.4655488047468,interpolation,0 days 00:00:28.431000,28.431,1954.778,1.0
2023-11-25 14:17:34.882,0 days 00:32:34.878000,271.8695596315992,8052.709037813539,-213.925769085586,,286.3333321955565,11556.99995733337,99.0,0.0,12,7,1835.2618499970768,0.3477766190381468,27.0,755.5100067508093,interpolation,0 days 00:00:28.531000,28.531,1954.878,1.0
2023-11-25 14:17:34.982,0 days 00:32:34.978000,263.31249445856105,8028.478380636478,-213.9457983777305,,287.0,11582.0,99.0,0.0,12,7,1843.144444444444,0.3492703470563904,27.0,751.5544444444447,interpolation,0 days 00:00:28.631000,28.631,1954.978,1.0
2023-11-25 14:17:35.082,0 days 00:32:35.078000,245.0,7976.0,-214.0,,289.4999936,11660.99979776,99.0,0.0,12,7,1854.3116169830264,0.3513864927767899,27.0,744.2822408391112,interpolation,0 days 00:00:28.731000,28.731,1955.078,1.0
2023-11-25 14:17:35.182,0 days 00:32:35.178000,216.9318887355051,7895.273358524145,-214.08837450741905,,292.0,11740.0,99.0,0.0,12,7,1865.8555555555556,0.3535740345311965,27.0,737.01,interpolation,0 days 00:00:28.831000,28.831,1955.178,1.0
2023-11-25 14:17:35.282,0 days 00:32:35.278000,181.0,7792.0,-214.0,,292.6666655288879,11526.00036522698,99.0,0.0,12,7,1874.8682155430536,0.3552819065817149,27.0,731.6692683741312,interpolation,0 days 00:00:28.931000,28.931,1955.278,1.0
2023-11-25 14:17:35.382,0 days 00:32:35.378000,139.0955177682968,7671.8795840583325,-213.52395457774864,,293.3333344711121,11311.99963477302,99.0,0.0,12,7,1881.7299487156945,0.356582184448618,27.0,726.3285094036464,interpolation,0 days 00:00:29.031000,29.031,1955.378,1.0
2023-11-25 14:17:35.482,0 days 00:32:35.478000,100.0,7560.0,-213.0,,294.0,11098.0,99.0,0.0,12,7,1888.7222222222224,0.357907199317474,27.0,720.9877777777776,interpolation,0 days 00:00:29.131000,29.131,1955.478,1.0
2023-11-25 14:17:35.582,0 days 00:32:35.578000,72.49417521496042,7481.446761446568,-212.7678877860944,,295.33333560888696,10945.333072782443,99.0,0.0,12,7,1896.22536714402,0.3593290227880922,27.0,715.2840643397614,interpolation,0 days 00:00:29.231000,29.231,1955.578,1.0
2023-11-25 14:17:35.682,0 days 00:32:35.678000,56.57832507210277,7436.220672781142,-212.8276203128549,,296.66666439111304,10792.666927217557,99.0,0.0,12,7,1904.1432936600477,0.3608294461274325,27.0,709.5803801046831,interpolation,0 days 00:00:29.331000,29.331,1955.678,1.0
2023-11-25 14:17:35.782,0 days 00:32:35.778000,44.6232215132197,7402.133987885217,-212.97354268318844,,298.0,10640.0,99.0,0.0,12,7,1911.9,0.3622993187266938,27.0,703.8766666666668,interpolation,0 days 00:00:29.431000,29.431,1955.778,1.0
2023-11-25 14:17:35.882,0 days 00:32:35.878000,29.0,7357.0,-213.0,,298.9999982933319,10672.333278151063,99.0,0.0,12,8,1919.3993937463752,0.3637204313608144,27.0,697.9655656438606,interpolation,0 days 00:00:29.531000,29.531,1955.878,1.0
2023-11-25 14:17:35.982,0 days 00:32:35.978000,9.7085005502409,7300.818246952256,-212.90699253421496,,300.0000017066681,10704.666721848937,99.0,0.0,12,8,1926.828743129968,0.3651282707981585,27.0,692.0544343561396,interpolation,0 days 00:00:29.631000,29.631,1955.978,1.0
2023-11-25 14:17:36.082,0 days 00:32:36.078000,-14.0,7232.0,-213.0,,301.0,10737.0,99.0,0.0,12,8,1935.311111111111,0.3667356541031207,27.0,686.1433333333334,interpolation,0 days 00:00:29.731000,29.731,1956.078,1.0
2023-11-25 14:17:36.182,0 days 00:32:36.178000,-42.874665134783065,7148.955250400906,-213.584502111528,,302.0000017066652,10771.000058026617,99.0,0.0,12,8,1945.0337759862812,0.3685780699514822,27.0,678.3099866311227,interpolation,0 days 00:00:29.831000,29.831,1956.178,1.0
2023-11-25 14:17:36.282,0 days 00:32:36.278000,-75.0,7057.0,-214.0,,302.9999982933348,10804.999941973383,99.0,0.0,12,8,1955.720117984688,0.3706030997258968,27.0,670.4766800355444,interpolation,0 days 00:00:29.931000,29.931,1956.278,1.0
2023-11-25 14:17:36.382,0 days 00:32:36.378000,-108.46113438158172,6961.4484586422,-213.58600503660375,,304.0,10839.0,99.0,0.0,12,8,1965.7111111111108,0.3724963629735069,27.0,662.6433333333337,interpolation,0 days 00:00:30.031000,30.031,1956.378,1.0
2023-11-25 14:17:36.482,0 days 00:32:36.478000,-142.0,6866.0,-213.0,,304.49999872,10874.99990784,99.0,0.0,12,8,1974.730132847085,0.374205440556291,27.0,656.0044614400003,interpolation,0 days 00:00:30.131000,30.131,1956.478,1.0
2023-11-25 14:17:36.582,0 days 00:32:36.578000,-174.35921465569362,6774.352041905993,-212.899457428856,,305.0,10911.0,99.0,0.0,12,8,1982.655555555555,0.3757072844016279,27.0,649.3655555555558,interpolation,0 days 00:00:30.231000,30.231,1956.578,1.0
2023-11-25 14:17:36.682,0 days 00:32:36.678000,-204.0,6690.0,-213.0,,306.49999616,10930.49995008,99.0,0.0,12,8,1989.3655780883248,0.3769788135570562,27.0,643.965569379556,interpolation,0 days 00:00:30.331000,30.331,1956.678,1.0
2023-11-25 14:17:36.782,0 days 00:32:36.778000,-229.38421256417791,6616.437487682042,-213.0172503902603,,308.0,10950.0,99.0,0.0,12,8,1996.344444444444,0.3783012878111001,27.0,638.5655555555561,interpolation,0 days 00:00:30.431000,30.431,1956.778,1.0
2023-11-25 14:17:36.882,0 days 00:32:36.878000,-254.0,6545.0,-213.0,,308.333332764444,10981.333279857732,99.0,0.0,12,8,2005.0762584487168,0.379955940389685,27.0,631.3655678435666,interpolation,0 days 00:00:30.531000,30.531,1956.878,1.0
2023-11-25 14:17:36.982,0 days 00:32:36.978000,-281.33602195928466,6467.021547201643,-212.99704022958196,,308.666667235556,11012.666720142268,99.0,0.0,12,8,2015.1180199161176,0.3818588240857231,27.0,624.1655432675457,interpolation,0 days 00:00:30.631000,30.631,1956.978,1.0
2023-11-25 14:17:37.082,0 days 00:32:37.078000,-311.0,6383.0,-213.0,,309.0,11044.0,99.0,0.0,12,8,2023.811111111111,0.3835061388080281,27.0,616.9655555555562,interpolation,0 days 00:00:30.731000,30.731,1957.078,1.0
2023-11-25 14:17:37.182,0 days 00:32:37.178000,-342.6002393601533,6293.431570227979,-213.00050823224785,,309.50000128,11051.5000192,99.0,0.0,12,8,2030.7125314521488,0.3848139372743728,27.0,611.6322085688894,interpolation,0 days 00:00:30.831000,30.831,1957.178,1.0
2023-11-25 14:17:37.282,0 days 00:32:37.278000,-374.0,6204.0,-213.0,,310.0,11059.0,99.0,0.0,12,8,2037.5888888888885,0.3861169863954838,27.0,606.2988888888892,interpolation,0 days 00:00:30.931000,30.931,1957.278,1.0
2023-11-25 14:17:37.382,0 days 00:32:37.378000,-403.063186999756,6120.387198470573,-212.9999103769308,,311.50000384,11078.00004864,99.0,0.0,12,8,2046.2069324554548,0.3877500798171711,27.0,599.6877608533335,interpolation,0 days 00:00:31.031000,31.031,1957.378,1.0
2023-11-25 14:17:37.482,0 days 00:32:37.478000,-431.0,6040.0,-213.0,,313.0,11097.0,99.0,0.0,12,8,2054.9777777777776,0.3894121287135228,27.0,593.0766666666668,interpolation,0 days 00:00:31.131000,31.131,1957.478,1.0
2023-11-25 14:17:37.582,0 days 00:32:37.578000,-459.021222321305,5960.243559588616,-213.00002950616735,,313.33333390222174,11112.3333595022,99.0,0.0,12,8,2062.312718543983,0.3908020780008792,27.0,587.0877675567498,interpolation,0 days 00:00:31.231000,31.231,1957.578,1.0
2023-11-25 14:17:37.682,0 days 00:32:37.678000,-486.7580893295943,5881.938178033212,-213.0000090987748,,313.66666609777826,11127.6666404978,99.0,0.0,12,8,2068.9589277115942,0.3920615147149022,27.0,581.0988991099176,interpolation,0 days 00:00:31.331000,31.331,1957.678,1.0
2023-11-25 14:17:37.782,0 days 00:32:37.778000,-512.0,5810.0,-213.0,,314.0,11143.0,99.0,0.0,12,8,2079.4,0.3940400666145129,27.0,575.1100000000006,interpolation,0 days 00:00:31.431000,31.431,1957.778,1.0
2023-11-25 14:17:37.882,0 days 00:32:37.878000,-534.3782181585241,5745.249246226971,-213.0000124135803,,315.0,11238.0,99.0,0.0,12,8,2093.4,0.3966930246469276,27.0,564.8877777777784,interpolation,0 days 00:00:31.531000,31.531,1957.878,1.0
2023-11-25 14:17:37.982,0 days 00:32:37.978000,-558.0,5677.0,-213.0,,315.33333390222174,11256.333364622196,98.66666609777826,0.0,12,8,2105.060561378093,0.3989026660733904,27.0,558.2210997333436,interpolation,0 days 00:00:31.631000,31.631,1957.978,1.0
2023-11-25 14:17:38.082,0 days 00:32:38.078000,-586.972130679213,5594.567706525084,-212.9999164197435,,315.66666609777826,11274.666635377804,98.33333390222174,0.0,12,8,2113.740155074777,0.400547423060227,27.0,551.5544558222132,interpolation,0 days 00:00:31.731000,31.731,1958.078,1.0
2023-11-25 14:17:38.182,0 days 00:32:38.178000,-616.0,5512.0,-213.0,,316.0,11293.0,98.0,0.0,12,8,2121.4888888888886,0.4020157848897406,27.0,544.8877777777784,interpolation,0 days 00:00:31.831000,31.831,1958.178,1.0
2023-11-25 14:17:38.282,0 days 00:32:38.278000,-639.788403846276,5443.346204222311,-213.00048906795865,,316.49999872,11296.7499904,98.24999936,0.0,12,8,2128.6483503779546,0.4033724813801107,27.0,539.9167488369784,interpolation,0 days 00:00:31.931000,31.931,1958.278,1.0
2023-11-25 14:17:38.382,0 days 00:32:38.378000,-668.0,5362.0,-213.0,,317.0,11300.5,98.5,0.0,12,8,2135.218612855048,0.4046175264239449,27.0,534.945694444445,interpolation,0 days 00:00:32.031000,32.031,1958.378,1.0
2023-11-25 14:17:38.482,0 days 00:32:38.478000,-710.2969137630907,5241.356604141147,-212.9971491725045,,317.49999872,11304.2499904,98.74999936,0.0,12,8,2142.012727054664,0.4059049906981601,27.0,529.974665503645,interpolation,0 days 00:00:32.131000,32.131,1958.478,1.0
2023-11-25 14:17:38.582,0 days 00:32:38.578000,-754.0,5117.0,-213.0,,318.0,11308.0,99.0,0.0,12,8,2149.8438888888886,0.407388972390392,27.0,525.0036111111117,interpolation,0 days 00:00:32.231000,32.231,1958.578,1.0
2023-11-25 14:17:38.682,0 days 00:32:38.678000,-786.4292329354018,5024.516679730188,-213.01661589701428,,318.49999872,11320.499968,99.0,0.0,12,8,2158.712018166832,0.4090694563047071,27.0,518.8091825244449,interpolation,0 days 00:00:32.331000,32.331,1958.678,1.0
2023-11-25 14:17:38.782,0 days 00:32:38.778000,-808.9775187635531,4959.998150695446,-213.03686995356745,,319.0,11333.0,99.0,0.0,12,8,2167.5661111111112,0.4107472803758695,27.0,512.6147222222226,interpolation,0 days 00:00:32.431000,32.431,1958.778,1.0
2023-11-25 14:17:38.882,0 days 00:32:38.878000,-830.0,4900.0,-213.0,,319.49999872,11347.49996288,98.50000128,0.0,12,8,2175.354982468812,0.4122232481495735,27.0,506.3369605155559,interpolation,0 days 00:00:32.531000,32.531,1958.878,1.0
2023-11-25 14:17:38.982,0 days 00:32:38.978000,-850.8894660336812,4840.614067656237,-212.89587857863728,,320.0,11362.0,98.0,0.0,12,8,2185.343888888889,0.4141161159725866,27.0,500.0591666666669,interpolation,0 days 00:00:32.631000,32.631,1958.978,1.0
2023-11-25 14:17:39.082,0 days 00:32:39.078000,-877.0,4766.0,-213.0,,320.0,11362.0,98.0,0.0,12,8,2199.566111111111,0.4168111844499602,27.0,490.05916666666735,interpolation,0 days 00:00:32.731000,32.731,1959.078,1.0
2023-11-25 14:17:39.182,0 days 00:32:39.178000,-913.6861663145498,4660.316071206574,-213.58785857461535,,320.6666678044435,11384.666705351076,98.0,0.0,12,8,2210.6309685148176,0.4189079417590093,27.0,484.2517493479597,interpolation,0 days 00:00:32.831000,32.831,1959.178,1.0
2023-11-25 14:17:39.282,0 days 00:32:39.278000,-953.0,4547.0,-214.0,,321.3333321955565,11407.333294648924,98.0,0.0,12,8,2217.8640634406324,0.4202785915649134,27.0,478.4443617631526,interpolation,0 days 00:00:32.931000,32.931,1959.278,1.0
2023-11-25 14:17:39.382,0 days 00:32:39.378000,-986.994314318948,4449.487262544536,-213.57698021365715,,322.0,11430.0,98.0,0.0,12,8,2224.6105555555555,0.4215570315968355,27.0,472.6369444444449,interpolation,0 days 00:00:33.031000,33.031,1959.378,1.0
2023-11-25 14:17:39.482,0 days 00:32:39.478000,-1018.0,4361.0,-213.0,,322.0,11451.9999624533,98.33333276444397,0.0,12,8,2231.4278852849043,0.4228488951443424,27.0,467.65917516208174,interpolation,0 days 00:00:33.131000,33.131,1959.478,1.0
2023-11-25 14:17:39.582,0 days 00:32:39.578000,-1048.348613371729,4274.758448886313,-212.95024990345104,,322.0,11474.0000375467,98.66666723555603,0.0,12,8,2238.405237017977,0.4241710823818594,27.0,462.6813803934747,interpolation,0 days 00:00:33.231000,33.231,1959.578,1.0
2023-11-25 14:17:39.682,0 days 00:32:39.678000,-1078.03984366513,4190.763492314696,-213.42773043344988,,322.0,11496.0,99.0,0.0,12,8,2246.077222222222,0.4256249005798714,27.0,457.7036111111115,car,0 days 00:00:33.331000,33.331,1959.678,1.0
2023-11-25 14:17:39.782,0 days 00:32:39.778000,-1105.9612967659543,4111.636378705764,-214.19134830672564,,322.0,11515.00004864,99.0,0.0,12,8,2254.533034038636,0.4272272515712244,27.0,451.7313736000005,interpolation,0 days 00:00:33.431000,33.431,1959.778,1.0
2023-11-25 14:17:39.882,0 days 00:32:39.878000,-1131.0,4040.0,-215.0,,322.0,11534.0,99.0,0.0,12,8,2263.966111111111,0.429014791399068,27.0,445.7591666666672,car,0 days 00:00:33.531000,33.531,1959.878,1.0
2023-11-25 14:17:39.982,0 days 00:32:39.978000,-1153.1562097642443,3975.853622639009,-215.8536937938874,,322.50000128,11530.49999104,99.0,0.0,12,8,2274.570075265788,0.4310242108190385,27.0,438.92581584000055,interpolation,0 days 00:00:33.631000,33.631,1959.978,1.0
2023-11-25 14:17:40.082,0 days 00:32:40.078000,-1173.8940596710097,3915.416566808831,-216.78617730935423,,323.0,11527.0,99.0,0.0,12,8,2285.499444444444,0.4330952935155916,27.0,432.0925000000007,interpolation,0 days 00:00:33.731000,33.731,1960.078,1.0
2023-11-25 14:17:40.182,0 days 00:32:40.178000,-1202.0,3836.0,-218.0,,323.6666678044435,11534.000011946657,99.0,0.0,12,8,2295.908957090184,0.4350678649575228,27.0,426.31471236149065,interpolation,0 days 00:00:33.831000,33.831,1960.178,1.0
2023-11-25 14:17:40.282,0 days 00:32:40.278000,-1238.938103438452,3733.823398764897,-219.52890579908063,,324.3333321955565,11540.999988053343,99.0,0.0,12,8,2305.7118559859155,0.4369254849122644,27.0,420.5369543051776,interpolation,0 days 00:00:33.931000,33.931,1960.278,1.0
2023-11-25 14:17:40.382,0 days 00:32:40.378000,-1276.0,3632.0,-221.0,,325.0,11548.0,99.0,0.0,12,8,2314.3883333333333,0.4385696513602569,27.0,414.7591666666676,interpolation,0 days 00:00:34.031000,34.031,1960.378,1.0
2023-11-25 14:17:40.482,0 days 00:32:40.478000,-1304.4765619384511,3553.6451295613388,-222.0403571761678,,325.49999872,11563.49996032,99.0,0.0,12,8,2321.851649661583,0.4399839274317914,27.0,410.581399584001,interpolation,0 days 00:00:34.131000,34.131,1960.478,1.0
2023-11-25 14:17:40.582,0 days 00:32:40.578000,-1325.9598302697318,3494.386940960458,-222.7801126279032,,326.0,11579.0,99.0,0.0,12,8,2328.877222222222,0.4413152523715813,27.0,406.4036111111122,interpolation,0 days 00:00:34.231000,34.231,1960.578,1.0
2023-11-25 14:17:40.682,0 days 00:32:40.678000,-1350.0,3428.0,-224.0,,326.333332764444,11594.333307164425,98.66666723555603,0.0,12,8,2336.2403199005585,0.4427105373093811,27.0,401.7369524088968,interpolation,0 days 00:00:34.331000,34.331,1960.678,1.0
2023-11-25 14:17:40.782,0 days 00:32:40.778000,-1378.189066716476,3350.112582743244,-225.83015643117184,,326.666667235556,11609.666692835575,98.33333276444397,0.0,12,8,2344.200055152733,0.4442188832788918,27.0,397.0702698133277,interpolation,0 days 00:00:34.431000,34.431,1960.778,1.0
2023-11-25 14:17:40.882,0 days 00:32:40.878000,-1412.0,3257.0,-228.0,,327.0,11625.0,98.0,0.0,12,8,2354.3105555555558,0.4461347927971347,27.0,392.4036111111122,car,0 days 00:00:34.531000,34.531,1960.878,1.0
2023-11-25 14:17:40.982,0 days 00:32:40.978000,-1452.9064043115352,3144.9358115397413,-230.2389897450658,,327.50000128,11637.00003072,98.50000128,0.0,12,8,2366.8309616986235,0.4485073722290167,27.0,385.777344147912,interpolation,0 days 00:00:34.631000,34.631,1960.978,1.0
2023-11-25 14:17:41.082,0 days 00:32:41.078000,-1493.0,3035.0,-232.0,,328.0,11649.0,99.0,0.0,12,8,2379.730555555556,0.4509518065959907,27.0,379.1511111111117,interpolation,0 days 00:00:34.731000,34.731,1961.078,1.0
2023-11-25 14:17:41.182,0 days 00:32:41.178000,-1524.3733368541452,2948.270274738745,-232.73594605841373,,328.33333390222174,11654.333342435548,99.0,0.0,12,8,2390.9788794007404,0.4530833302457254,27.0,374.3511029191187,interpolation,0 days 00:00:34.831000,34.831,1961.178,1.0
2023-11-25 14:17:41.282,0 days 00:32:41.278000,-1549.0,2880.0,-233.0,,328.66666609777826,11659.666657564452,99.0,0.0,12,8,2400.626209954165,0.4549114704659445,27.0,369.5511193031047,interpolation,0 days 00:00:34.931000,34.931,1961.278,1.0
2023-11-25 14:17:41.382,0 days 00:32:41.378000,-1568.854148003552,2825.4409528279075,-233.3453441444518,,329.0,11665.0,99.0,0.0,12,8,2408.9750000000004,0.4564935411525904,27.0,364.7511111111117,interpolation,0 days 00:00:35.031000,35.031,1961.378,1.0
2023-11-25 14:17:41.482,0 days 00:32:41.478000,-1599.0,2743.0,-234.0,,329.0,11669.666658702215,99.0,0.0,12,8,2416.075555949385,0.4578390752197713,27.0,361.3733390980796,interpolation,0 days 00:00:35.131000,35.131,1961.478,1.0
2023-11-25 14:17:41.582,0 days 00:32:41.578000,-1649.0,2606.0,-235.0,,329.0,11674.333341297785,99.0,0.0,12,8,2422.4141993397834,0.4590402291409975,27.0,357.9955497908105,interpolation,0 days 00:00:35.231000,35.231,1961.578,1.0
2023-11-25 14:17:41.682,0 days 00:32:41.678000,-1685.8401949700087,2503.945959463659,-235.1933478454673,,329.0,11679.0,99.0,0.0,12,8,2430.9083333333333,0.46064984207004,27.0,354.61777777777843,interpolation,0 days 00:00:35.331000,35.331,1961.678,1.0
2023-11-25 14:17:41.782,0 days 00:32:41.778000,-1717.0,2418.0,-235.0,,328.49999872,11681.5000064,99.0,0.0,12,8,2442.044293737756,0.4627600731845803,27.0,349.78443207111184,interpolation,0 days 00:00:35.431000,35.431,1961.778,1.0
2023-11-25 14:17:41.882,0 days 00:32:41.878000,-1755.4604209846525,2314.408773751392,-235.0319122420625,,328.0,11684.0,99.0,0.0,12,8,2452.775,0.4647935098540021,27.0,344.9511111111119,interpolation,0 days 00:00:35.531000,35.531,1961.878,1.0
2023-11-25 14:17:41.982,0 days 00:32:41.978000,-1799.0791900515392,2198.694748754824,-235.20336038704255,,328.50000128,11666.4999552,99.0,0.0,12,8,2460.0535954816355,0.466172781878838,27.0,341.7066583608896,interpolation,0 days 00:00:35.631000,35.631,1961.978,1.0
2023-11-25 14:17:42.082,0 days 00:32:42.078000,-1835.0,2104.0,-235.0,,329.0,11649.0,99.0,0.0,12,8,2467.397222222223,0.4675643771323021,27.0,338.46222222222286,interpolation,0 days 00:00:35.731000,35.731,1962.078,1.0
2023-11-25 14:17:42.182,0 days 00:32:42.178000,-1861.08055695184,2035.847086624295,-234.33610448712068,,328.49999872,11589.99984896,99.0,0.0,12,8,2478.323171992922,0.4696348118612976,27.0,333.9955441208895,interpolation,0 days 00:00:35.831000,35.831,1962.178,1.0
2023-11-25 14:17:42.282,0 days 00:32:42.278000,-1879.129439608688,1989.2180259315376,-233.36426660895933,,328.0,11531.0,99.0,0.0,12,8,2489.263888888889,0.471708044916264,27.0,329.52888888888947,interpolation,0 days 00:00:35.931000,35.931,1962.278,1.0
2023-11-25 14:17:42.382,0 days 00:32:42.378000,-1900.0,1934.0,-233.0,,326.99999744,11505.49993472,99.0,0.0,10,8,2496.652040919894,0.4731080775787895,27.0,326.66221488355626,interpolation,0 days 00:00:36.031000,36.031,1962.378,1.0
2023-11-25 14:17:42.482,0 days 00:32:42.478000,-1925.5008701776344,1865.1748936806043,-233.39589435260535,,326.0,11480.0,99.0,0.0,10,8,2503.752777777778,0.4744536459275885,27.0,323.79555555555635,interpolation,0 days 00:00:36.131000,36.131,1962.478,1.0
2023-11-25 14:17:42.582,0 days 00:32:42.578000,-1955.588531557253,1782.4417590776725,-234.3888230219545,,316.99997696,11045.49888768,49.49987328,0.0,10,8,2513.8313975206443,0.4763635141563379,27.0,320.2955465955566,interpolation,0 days 00:00:36.231000,36.231,1962.578,1.0
2023-11-25 14:17:42.682,0 days 00:32:42.678000,-1990.0,1684.0,-235.0,,308.0,10611.0,0.0,0.0,10,8,2524.286111111111,0.4783446510417967,27.0,316.7955555555568,interpolation,0 days 00:00:36.331000,36.331,1962.678,1.0
2023-11-25 14:17:42.782,0 days 00:32:42.778000,-2028.6918481662492,1569.5483652767734,-235.06630084642356,,291.99997269335665,10366.999583573688,0.0,0.0,8,8,2532.51533977309,0.4799040652046091,27.0,315.55110898726224,interpolation,0 days 00:00:36.431000,36.431,1962.778,0.0
2023-11-25 14:17:42.882,0 days 00:32:42.878000,-2064.0,1464.0,-235.0,,276.00002730664335,10123.000416426312,0.0,0.0,8,8,2538.76468448954,0.4810882972948115,27.0,314.3066687905178,interpolation,0 days 00:00:36.531000,36.531,1962.878,0.0
2023-11-25 14:17:42.982,0 days 00:32:42.978000,-2088.2611372050133,1392.265796462411,-235.213371899509,,260.0,9879.0,0.0,0.0,8,8,2544.508333333333,0.4821767015330624,27.0,313.0622222222232,interpolation,0 days 00:00:36.631000,36.631,1962.978,0.0
2023-11-25 14:17:43.082,0 days 00:32:43.078000,-2101.4750113478794,1354.3464892203692,-235.70641436002785,,248.00003072,10060.74953472,0.0,1.0,8,8,2549.991912739704,0.4832158233925277,27.0,313.2372217742233,interpolation,0 days 00:00:36.731000,36.731,1963.078,0.0
2023-11-25 14:17:43.182,0 days 00:32:43.178000,-2105.928418714416,1342.582616774642,-236.3645886636,,236.0,10242.5,0.0,1.0,8,8,2555.2154788606467,0.4842056735138424,27.0,313.41222222222336,interpolation,0 days 00:00:36.831000,36.831,1963.178,0.0
2023-11-25 14:17:43.282,0 days 00:32:43.278000,-2115.341162477742,1311.0202525025093,-236.5006313348053,,224.00003072,10424.24953472,0.0,1.0,8,8,2560.3854450819326,0.4851853666148477,27.0,313.58722177422345,interpolation,0 days 00:00:36.931000,36.931,1963.278,0.0
2023-11-25 14:17:43.382,0 days 00:32:43.378000,-2132.0,1252.0,-236.0,,212.0,10606.0,0.0,1.0,8,8,2565.708333333333,0.4861940379821475,27.0,313.7622222222235,interpolation,0 days 00:00:37.031000,37.031,1963.378,0.0
2023-11-25 14:17:43.482,0 days 00:32:43.478000,-2154.0,1171.0,-235.0,,193.33336519113828,10692.333185990983,0.0,1.0,8,7,2571.1840891086117,0.4872316772869737,27.0,315.9622184675537,interpolation,0 days 00:00:37.131000,37.131,1963.478,0.0
2023-11-25 14:17:43.582,0 days 00:32:43.578000,-2169.912726063357,1100.8849217138195,-234.32442941076687,,174.66663480886172,10778.666814009017,0.0,1.0,8,7,2576.669880784698,0.4882712183649184,27.0,318.16222597689364,interpolation,0 days 00:00:37.231000,37.231,1963.578,0.0
2023-11-25 14:17:43.682,0 days 00:32:43.678000,-2180.0,1046.0,-234.0,,156.0,10865.0,0.0,1.0,8,7,2581.308333333333,0.4891501912182668,27.0,320.36222222222386,interpolation,0 days 00:00:37.331000,37.331,1963.678,0.0
2023-11-25 14:17:43.782,0 days 00:32:43.778000,-2186.428670554882,1005.211653350412,-233.9161130810422,,156.0,10641.99942912,0.0,1.0,8,6,2584.9566065574454,0.4898415280578634,27.0,321.9400040391125,interpolation,0 days 00:00:37.431000,37.431,1963.778,0.0
2023-11-25 14:17:43.882,0 days 00:32:43.878000,-2189.608665500127,977.0841242478126,-234.0205508805161,,156.0,10419.0,0.0,1.0,8,6,2588.2416666666663,0.4904640371009864,27.0,323.517777777779,interpolation,0 days 00:00:37.531000,37.531,1963.878,0.0
2023-11-25 14:17:43.982,0 days 00:32:43.978000,-2192.0,953.0,-234.0,,141.49996288,10490.50018304,0.0,1.0,8,6,2591.7905508679587,0.4911365400186956,27.0,326.40667406222343,interpolation,0 days 00:00:37.631000,37.631,1963.978,0.0
2023-11-25 14:17:44.082,0 days 00:32:44.078000,-2194.012643168844,931.5233520389324,-233.8022420175575,,127.0,10562.0,0.0,1.0,8,6,2595.297222222222,0.4918010437284336,27.0,329.2955555555568,interpolation,0 days 00:00:37.731000,37.731,1964.078,0.0
2023-11-25 14:17:44.182,0 days 00:32:44.178000,-2195.646615616177,912.6539604431716,-233.42727490814164,,119.99998208,10242.99918336,0.0,1.0,8,4,2598.4557160392364,0.4923995688385894,27.0,332.76778666666763,interpolation,0 days 00:00:37.831000,37.831,1964.178,0.0
2023-11-25 14:17:44.282,0 days 00:32:44.278000,-2196.2072764154136,887.9577217457867,-232.83867290465352,,113.0,9924.0,0.0,1.0,8,4,2601.575,0.4929906637985243,27.0,336.2400000000007,interpolation,0 days 00:00:37.931000,37.931,1964.278,0.0
2023-11-25 14:17:44.382,0 days 00:32:44.378000,-2195.0,849.0,-232.0,,106.49998336,9325.99846912,0.0,1.0,8,3,2604.9641060699555,0.4936328892393096,27.0,340.9400120320007,interpolation,0 days 00:00:38.031000,38.031,1964.378,0.0
2023-11-25 14:17:44.482,0 days 00:32:44.478000,-2192.0,799.0,-231.0,,100.0,8728.0,0.0,1.0,8,3,2608.2416666666663,0.4942539771472932,27.0,345.6400000000008,interpolation,0 days 00:00:38.131000,38.131,1964.478,0.0
2023-11-25 14:17:44.582,0 days 00:32:44.578000,-2187.0584520311486,757.2702097569286,-230.3710785148736,,96.99999488000437,8381.999409493837,0.0,1.0,8,2,2611.026382474352,0.4947816724451498,27.0,349.6585253767849,interpolation,0 days 00:00:38.231000,38.231,1964.578,0.0
2023-11-25 14:17:44.682,0 days 00:32:44.678000,-2180.5643387982605,726.4433499637237,-230.14723376169104,,94.00000511999563,8036.000590506163,0.0,1.0,8,2,2613.340694468594,0.4952202276304812,27.0,353.6770301787718,interpolation,0 days 00:00:38.331000,38.331,1964.678,0.0
2023-11-25 14:17:44.782,0 days 00:32:44.778000,-2175.0,703.0,-230.0,,91.0,7690.0,0.0,1.0,8,2,2615.3194444444443,0.4955951948192362,27.0,357.695555555556,interpolation,0 days 00:00:38.431000,38.431,1964.778,0.0
2023-11-25 14:17:44.882,0 days 00:32:44.878000,-2170.7792234509566,686.3538874378876,-229.87463529657072,,91.0,7483.50052864,0.0,1.0,8,2,2616.9850816305548,0.4959108280729492,27.0,361.2066576782227,interpolation,0 days 00:00:38.531000,38.531,1964.878,0.0
2023-11-25 14:17:44.982,0 days 00:32:44.978000,-2167.194376999706,675.0100578383446,-229.80563746172365,,91.0,7277.0,0.0,1.0,8,2,2619.3638888888886,0.4963616049174894,27.0,364.7177777777784,interpolation,0 days 00:00:38.631000,38.631,1964.978,0.0
2023-11-25 14:17:45.082,0 days 00:32:45.078000,-2160.0,660.0,-230.0,,83.0,6912.0,0.0,1.0,8,2,2623.075833333333,0.4970650072624726,27.0,372.1863888888897,interpolation,0 days 00:00:38.731000,38.731,1965.078,0.0
2023-11-25 14:17:45.182,0 days 00:32:45.178000,-2148.48842985069,639.8287762370916,-230.49222399573384,,81.66666439111306,6807.666488604596,0.0,1.0,8,2,2625.683286175172,0.4975591117596796,27.0,376.097506674958,interpolation,0 days 00:00:38.831000,38.831,1965.178,0.0
2023-11-25 14:17:45.282,0 days 00:32:45.278000,-2136.0,620.0,-231.0,,80.33333560888694,6703.333511395404,0.0,1.0,8,2,2626.99957541727,0.4978085446252372,27.0,380.00860443615454,interpolation,0 days 00:00:38.931000,38.931,1965.278,0.0
2023-11-25 14:17:45.382,0 days 00:32:45.378000,-2125.874798136196,606.0168751392232,-231.2410288038681,,79.0,6599.0,0.0,1.0,8,2,2628.3425,0.4980630248080001,27.0,383.9197222222229,interpolation,0 days 00:00:39.031000,39.031,1965.378,0.0
2023-11-25 14:17:45.482,0 days 00:32:45.478000,-2116.9224571866284,597.0364477326456,-231.22388153149768,,77.66666894222416,6447.000259413555,0.0,0.0,8,2,2629.9316752079294,0.4983641687460566,27.0,388.6123068061172,interpolation,0 days 00:00:39.131000,39.131,1965.478,0.0
2023-11-25 14:17:45.582,0 days 00:32:45.578000,-2102.0,588.0,-231.0,,76.33333105777584,6294.999740586445,0.0,0.0,8,2,2631.803453763336,0.4987188651713043,27.0,393.3049154161061,interpolation,0 days 00:00:39.231000,39.231,1965.578,0.0
2023-11-25 14:17:45.682,0 days 00:32:45.678000,-2079.91710862743,578.0645273653267,-230.5779600942043,,75.0,6143.0,0.0,0.0,8,2,2634.175833333333,0.4991684239881729,27.0,397.9975000000004,car,0 days 00:00:39.331000,39.331,1965.678,0.0
2023-11-25 14:17:45.782,0 days 00:32:45.778000,-2055.0,570.0,-230.0,,73.49999616,6507.00093184,9.00002304,0.0,8,2,2637.0851746602298,0.499719735448332,27.0,405.34751881600033,interpolation,0 days 00:00:39.431000,39.431,1965.778,0.0
2023-11-25 14:17:45.882,0 days 00:32:45.878000,-2031.5753723286336,566.5765723953882,-229.3083681432716,,72.0,6871.0,18.0,0.0,8,2,2639.775833333333,0.5002296072011388,27.0,412.6975000000002,interpolation,0 days 00:00:39.531000,39.531,1965.878,0.0
2023-11-25 14:17:45.982,0 days 00:32:45.978000,-2009.7315347007348,567.2772172071103,-228.54927151922016,,72.0,6621.99936256,23.0000128,0.0,8,2,2641.492222285935,0.500554857762464,27.0,416.9419553102225,interpolation,0 days 00:00:39.631000,39.631,1965.978,0.0
2023-11-25 14:17:46.082,0 days 00:32:46.078000,-1990.0,569.0,-228.0,,72.0,6373.0,28.0,0.0,8,2,2642.9758333333334,0.5008359976085479,27.0,421.18638888888927,interpolation,0 days 00:00:39.731000,39.731,1966.078,0.0
2023-11-25 14:17:46.182,0 days 00:32:46.178000,-1972.4691151311745,571.2279461269877,-227.70676203858548,,73.66666951110868,6588.667034737464,31.00000511999563,0.0,8,2,2644.968191058835,0.5012135434250704,27.0,426.8456578066094,interpolation,0 days 00:00:39.831000,39.831,1966.178,0.0
2023-11-25 14:17:46.282,0 days 00:32:46.278000,-1956.1379912822156,574.0500001746314,-227.57085070975745,,75.33333048889132,6804.332965262536,33.999994880004365,0.0,8,2,2647.396071874655,0.5016736195616471,27.0,432.5048977489468,interpolation,0 days 00:00:39.931000,39.931,1966.278,0.0
2023-11-25 14:17:46.382,0 days 00:32:46.378000,-1935.0,578.0,-227.0,,77.0,7020.0,37.0,0.0,8,2,2649.820277777778,0.502132999313284,27.0,438.1641666666669,interpolation,0 days 00:00:40.031000,40.031,1966.378,0.0
2023-11-25 14:17:46.482,0 days 00:32:46.478000,-1909.0,583.0,-226.0,,78.99999488,7465.99885824,45.49997824,0.0,8,2,2652.1675807583047,0.50257780619162,27.0,443.4141532266669,interpolation,0 days 00:00:40.131000,40.131,1966.478,0.0
2023-11-25 14:17:46.582,0 days 00:32:46.578000,-1883.8120370071772,588.0488074956472,-225.1978108588101,,81.0,7912.0,54.0,0.0,8,2,2654.320277777778,0.5029857358237031,27.0,448.6641666666669,interpolation,0 days 00:00:40.231000,40.231,1966.578,0.0
2023-11-25 14:17:46.682,0 days 00:32:46.678000,-1860.382079536452,592.9794982314183,-224.69793496398472,,82.99999488,8010.49974784,59.49998592,0.0,8,2,2656.1606197177343,0.5033344751045601,27.0,452.7974894186668,interpolation,0 days 00:00:40.331000,40.331,1966.678,0.0
2023-11-25 14:17:46.782,0 days 00:32:46.778000,-1837.0109581375016,597.6704641714786,-224.349089027168,,85.0,8109.0,65.0,0.0,8,2,2658.098055555556,0.5037016133880055,27.0,456.9308333333333,interpolation,0 days 00:00:40.431000,40.431,1966.778,0.0
2023-11-25 14:17:46.882,0 days 00:32:46.878000,-1812.0,602.0,-224.0,,87.99999487999563,7989.333537564618,56.00001536001311,0.0,8,2,2660.541995584172,0.5041647326972667,27.0,462.2937871434984,interpolation,0 days 00:00:40.531000,40.531,1966.878,0.0
2023-11-25 14:17:46.982,0 days 00:32:46.978000,-1785.348949011082,605.9681500515429,-223.6506643078,,91.00000512000436,7869.666462435382,46.99998463998689,0.0,8,2,2663.437373123728,0.5047133980615839,27.0,467.65676841205726,interpolation,0 days 00:00:40.631000,40.631,1966.978,0.0
2023-11-25 14:17:47.082,0 days 00:32:47.078000,-1757.1550665815955,609.2615194031536,-223.3065010374337,,94.0,7750.0,38.0,0.0,8,2,2666.453611111111,0.5052849661184625,27.0,473.0197222222223,interpolation,0 days 00:00:40.731000,40.731,1967.078,0.0
2023-11-25 14:17:47.182,0 days 00:32:47.178000,-1728.0,610.0,-223.0,,96.6666712177739,7565.666352071379,25.33331171557401,0.0,8,2,2669.535648726809,0.5058690030076605,27.0,478.1752865765852,interpolation,0 days 00:00:40.831000,40.831,1967.178,0.0
2023-11-25 14:17:47.282,0 days 00:32:47.278000,-1697.9810363181984,607.8702299908589,-222.7365798437388,,99.3333287822261,7381.333647928621,12.666688284425998,0.0,8,2,2672.641589961186,0.5064575695609425,27.0,483.3308245345261,interpolation,0 days 00:00:40.931000,40.931,1967.278,0.0
2023-11-25 14:17:47.382,0 days 00:32:47.378000,-1667.8366718834404,603.0937530896289,-222.4785735764624,,102.0,7197.0,0.0,0.0,8,2,2675.5202777777777,0.5070030722727882,27.0,488.486388888889,interpolation,0 days 00:00:41.031000,41.031,1967.378,0.0
2023-11-25 14:17:47.482,0 days 00:32:47.478000,-1642.0,597.0,-222.0,,101.25000192,7252.99985664,4.24998912,0.0,8,3,2678.1298182492446,0.5074975723695516,27.0,493.0237383843557,interpolation,0 days 00:00:41.131000,41.131,1967.478,0.0
2023-11-25 14:17:47.582,0 days 00:32:47.578000,-1621.2095598419032,589.8104738445797,-221.2631899189872,,100.5,7309.0,8.5,0.0,8,3,2680.470238097349,0.5079410749149267,27.0,497.56111111111136,interpolation,0 days 00:00:41.231000,41.231,1967.578,0.0
2023-11-25 14:17:47.682,0 days 00:32:47.678000,-1604.8246962151134,581.5092218692109,-220.26649836863965,,99.75000192,7364.99985664,12.74998912,0.0,8,3,2682.803790148867,0.5083832760334364,27.0,502.0984606065781,interpolation,0 days 00:00:41.331000,41.331,1967.678,0.0
2023-11-25 14:17:47.782,0 days 00:32:47.778000,-1589.0,572.0,-219.0,,99.0,7421.0,17.0,0.0,8,3,2685.3927777777776,0.5088738814281464,27.0,506.6358333333337,interpolation,0 days 00:00:41.431000,41.431,1967.778,0.0
2023-11-25 14:17:47.882,0 days 00:32:47.878000,-1573.0947651534375,561.2668792364127,-217.46205527227812,,98.33333447111208,7510.999846399869,19.99999487999563,0.0,8,3,2688.2371744729157,0.5094128860752707,27.0,512.1469350388072,interpolation,0 days 00:00:41.531000,41.531,1967.878,0.0
2023-11-25 14:17:47.982,0 days 00:32:47.978000,-1556.326339613471,547.6287677795027,-215.81133862885756,,97.66666552888792,7601.000153600131,23.000005120004367,0.0,8,3,2691.26175876952,0.509986035732727,27.0,517.6580649611935,interpolation,0 days 00:00:41.631000,41.631,1967.978,0.0
2023-11-25 14:17:48.082,0 days 00:32:48.078000,-1534.0,521.0,-215.0,,97.0,7691.0,26.0,0.0,8,3,2694.015,0.5105077666925542,27.0,523.169166666667,interpolation,0 days 00:00:41.731000,41.731,1968.078,0.0
2023-11-25 14:17:48.182,0 days 00:32:48.178000,-1508.0,484.0,-215.0,,98.50000384,7716.000064,28.5000064,0.0,8,3,2696.4216757661707,0.5109638245357884,27.0,528.2802908622223,interpolation,0 days 00:00:41.831000,41.831,1968.178,0.0
2023-11-25 14:17:48.282,0 days 00:32:48.278000,-1494.3282983117442,462.4329985021026,-214.6910205716152,,100.0,7741.0,31.0,0.0,8,3,2699.5705555555555,0.5115605278165283,27.0,533.3913888888887,interpolation,0 days 00:00:41.931000,41.931,1968.278,0.0
2023-11-25 14:17:48.382,0 days 00:32:48.378000,-1486.0,444.0,-214.0,,102.0,7790.0,38.0,0.0,8,3,2704.103888888889,0.5124195808936911,27.0,541.5247222222224,interpolation,0 days 00:00:42.031000,42.031,1968.378,0.0
2023-11-25 14:17:48.482,0 days 00:32:48.478000,-1473.3634639086524,412.1017399149089,-213.04060807985135,,102.99999744,7929.9996416,39.49999616,0.0,8,3,2707.3421910752545,0.5130332294505986,27.0,546.5802648355556,interpolation,0 days 00:00:42.131000,42.131,1968.478,0.0
2023-11-25 14:17:48.582,0 days 00:32:48.578000,-1457.400182484028,369.41469659205706,-211.88875847263756,,104.0,8070.0,41.0,0.0,8,3,2709.8816666666667,0.5135144524626242,27.0,551.6358333333333,interpolation,0 days 00:00:42.231000,42.231,1968.578,0.0
2023-11-25 14:17:48.682,0 days 00:32:48.678000,-1444.0,332.0,-211.0,,106.99999385599683,8443.399235276409,46.79998812159392,0.0,8,3,2712.7650379063803,0.5140608426691122,27.0,556.1958239944486,interpolation,0 days 00:00:42.331000,42.331,1968.678,0.0
2023-11-25 14:17:48.782,0 days 00:32:48.778000,-1434.1444010831997,302.5340719956197,-210.4502470466948,,110.00000307200158,8816.800382361796,52.60000593920304,0.0,8,3,2715.9923343201995,0.514672405665114,27.0,560.7558380027757,interpolation,0 days 00:00:42.431000,42.431,1968.778,0.0
2023-11-25 14:17:48.882,0 days 00:32:48.878000,-1427.8334866547002,281.0172143092464,-210.23950524217756,,112.99999692799842,9190.199617638204,58.39999406079696,0.0,8,3,2719.483950682428,0.5153340564989912,27.0,565.315828663891,interpolation,0 days 00:00:42.531000,42.531,1968.878,0.0
2023-11-25 14:17:48.982,0 days 00:32:48.978000,-1422.8557943388598,261.74163042826456,-210.15900953657243,,116.00000614400317,9563.600764723593,64.20001187840609,0.0,8,3,2722.762485603598,0.5159553290385392,27.0,569.8758426722181,interpolation,0 days 00:00:42.631000,42.631,1968.978,0.0
2023-11-25 14:17:49.082,0 days 00:32:49.078000,-1417.0,239.0,-210.0,,119.0,9937.0,70.0,0.0,8,3,2725.748333333333,0.5165211382326942,27.0,574.4358333333334,interpolation,0 days 00:00:42.731000,42.731,1969.078,0.0
2023-11-25 14:17:49.182,0 days 00:32:49.178000,-1410.266043674634,212.7920901495609,-209.76247500419845,,121.00000512,10012.000192,74.00001024,0.0,8,3,2728.441524446795,0.5170314898753575,27.0,578.1913985031111,interpolation,0 days 00:00:42.831000,42.831,1969.178,0.0
2023-11-25 14:17:49.282,0 days 00:32:49.278000,-1402.5246869806615,182.56506930717325,-209.44067227683584,,123.0,10087.0,78.0,0.0,8,3,2731.215,0.5175570551786848,27.0,581.9469444444444,interpolation,0 days 00:00:42.931000,42.931,1969.278,0.0
2023-11-25 14:17:49.382,0 days 00:32:49.378000,-1393.0,145.0,-209.0,,127.66667463110431,10369.333815181812,83.66667633776953,0.0,8,3,2734.441757027642,0.5181685159626228,27.0,585.9913957914014,interpolation,0 days 00:00:43.031000,43.031,1969.378,0.0
2023-11-25 14:17:49.482,0 days 00:32:49.478000,-1381.5627729275582,99.54416695528226,-208.43469798158185,,132.3333253688957,10651.666184818188,89.33332366223047,0.0,8,3,2738.079040722982,0.5188577703194603,27.0,590.0358264308206,interpolation,0 days 00:00:43.131000,43.131,1969.478,0.0
2023-11-25 14:17:49.582,0 days 00:32:49.578000,-1371.0,57.0,-208.0,,137.0,10934.0,95.0,0.0,8,3,2741.870555555556,0.519576251014467,27.0,594.0802777777776,interpolation,0 days 00:00:43.231000,43.231,1969.578,0.0
2023-11-25 14:17:49.682,0 days 00:32:49.678000,-1364.0989007339576,28.170830080997124,-207.95115007367144,,140.99998976,11320.49901056,96.99999488,0.0,8,3,2745.773540935519,0.5203158550440508,27.0,598.219156071111,interpolation,0 days 00:00:43.331000,43.331,1969.678,0.0
2023-11-25 14:17:49.782,0 days 00:32:49.778000,-1359.0,6.0,-208.0,,145.0,11707.0,99.0,0.0,8,3,2749.926111111112,0.5211027546442295,27.0,602.3580555555554,interpolation,0 days 00:00:43.431000,43.431,1969.778,0.0
2023-11-25 14:17:49.882,0 days 00:32:49.878000,-1353.8439455487608,-16.568625201022527,-207.85840157639603,,150.33332423110335,11516.333658738056,99.0,0.0,8,3,2754.466297841684,0.5219631064196248,27.0,606.3284191498212,interpolation,0 days 00:00:43.531000,43.531,1969.878,0.0
2023-11-25 14:17:49.982,0 days 00:32:49.978000,-1348.6306845820957,-39.535276625430384,-207.5263533528862,,155.66667576889665,11325.666341261944,99.0,0.0,8,3,2759.3416597317314,0.5228869728829914,27.0,610.2988030724007,interpolation,0 days 00:00:43.631000,43.631,1969.978,0.0
2023-11-25 14:17:50.082,0 days 00:32:50.078000,-1339.602127404357,-76.48410157721469,-207.1811297329331,,161.0,11135.0,99.0,0.0,8,3,2764.2372222222225,0.5238146672995868,27.0,614.2691666666665,interpolation,0 days 00:00:43.731000,43.731,1970.078,0.0
2023-11-25 14:17:50.182,0 days 00:32:50.178000,-1323.0,-141.0,-207.0,,165.60000942079515,11300.600339148628,99.0,0.0,8,3,2769.1005475567067,0.5247362528717557,27.0,617.3091728925832,interpolation,0 days 00:00:43.831000,43.831,1970.178,0.0
2023-11-25 14:17:50.282,0 days 00:32:50.278000,-1301.0,-225.0,-207.0,,170.1999952896024,11466.199830425689,99.0,0.0,8,3,2773.931585934861,0.5256517201624864,27.0,620.349163553708,interpolation,0 days 00:00:43.931000,43.931,1970.278,0.0
2023-11-25 14:17:50.382,0 days 00:32:50.378000,-1286.655179265068,-279.9906804071074,-207.2833345519739,,174.8000047103976,11631.800169574311,99.0,0.0,8,3,2778.751962035576,0.5265651669836044,27.0,623.3891697796248,interpolation,0 days 00:00:44.031000,44.031,1970.378,0.0
2023-11-25 14:17:50.482,0 days 00:32:50.478000,-1280.4236626015072,-303.92294315740736,-207.78357903119493,,179.39999057920485,11797.399660851372,99.0,0.0,8,3,2783.691076647276,0.5275011143966135,27.0,626.4291604407496,interpolation,0 days 00:00:44.131000,44.131,1970.478,0.0
2023-11-25 14:17:50.582,0 days 00:32:50.578000,-1272.0,-333.0,-208.0,,184.0,11963.0,99.0,0.0,8,3,2788.770555555556,0.5284636604230565,27.0,629.4691666666663,interpolation,0 days 00:00:44.231000,44.231,1970.578,0.0
2023-11-25 14:17:50.682,0 days 00:32:50.678000,-1259.6667280087197,-373.2553294784743,-207.8491395277063,,187.49999104,11403.0014336,99.0,0.0,8,4,2793.990346746684,0.5294527952064871,27.0,632.413603573333,interpolation,0 days 00:00:44.331000,44.331,1970.678,0.0
2023-11-25 14:17:50.782,0 days 00:32:50.778000,-1240.0,-433.0,-208.0,,191.0,10843.0,99.0,0.0,8,4,2799.381666666667,0.530474434169847,27.0,635.3580555555554,interpolation,0 days 00:00:44.431000,44.431,1970.778,0.0
2023-11-25 14:17:50.882,0 days 00:32:50.878000,-1211.0,-516.0,-209.0,,194.9999931733275,10848.999989759992,99.0,0.0,8,4,2804.9756231037413,0.5315344721457551,27.0,638.2024951454773,interpolation,0 days 00:00:44.531000,44.531,1970.878,0.0
2023-11-25 14:17:50.982,0 days 00:32:50.978000,-1181.2087217855558,-594.9916109113989,-210.1196407272448,,199.0000068266725,10855.000010240008,99.0,0.0,8,4,2810.8450019580696,0.5326467018441035,27.0,641.0469492989673,interpolation,0 days 00:00:44.631000,44.631,1970.978,0.0
2023-11-25 14:17:51.082,0 days 00:32:51.078000,-1152.7697177874568,-664.5059972836705,-211.198097181263,,203.0,10861.0,99.0,0.0,8,4,2817.426111111112,0.5338938023005149,27.0,643.8913888888892,interpolation,0 days 00:00:44.731000,44.731,1971.078,0.0
2023-11-25 14:17:51.182,0 days 00:32:51.178000,-1130.0,-719.0,-212.0,,208.50001408,11151.50074368,99.0,0.0,8,5,2824.7917465714936,0.5352895681404048,27.0,646.7580628942225,interpolation,0 days 00:00:44.831000,44.831,1971.178,0.0
2023-11-25 14:17:51.282,0 days 00:32:51.278000,-1113.619345979433,-757.549090436822,-212.48611123917453,,214.0,11442.0,99.0,0.0,8,5,2831.692777777778,0.5365972928668803,27.0,649.6247222222223,interpolation,0 days 00:00:44.931000,44.931,1971.278,0.0
2023-11-25 14:17:51.382,0 days 00:32:51.378000,-1101.4025918715947,-784.7299737750011,-212.71077267328357,,215.00000256,11442.0,99.0,0.0,8,5,2836.880220259161,0.5375802976667856,27.0,651.4913936675556,interpolation,0 days 00:00:45.031000,45.031,1971.378,0.0
2023-11-25 14:17:51.482,0 days 00:32:51.478000,-1080.0,-828.0,-213.0,,216.0,11442.0,99.0,0.0,8,5,2841.292777777778,0.5384164640891076,27.0,653.3580555555554,interpolation,0 days 00:00:45.131000,45.131,1971.478,0.0
2023-11-25 14:17:51.582,0 days 00:32:51.578000,-1047.1863550857793,-891.9359226350617,-213.40813297772496,,218.66667121777388,11566.66687943093,99.0,0.0,8,5,2845.869252399765,0.5392836923111464,27.0,655.2053735231183,interpolation,0 days 00:00:45.231000,45.231,1971.578,0.0
2023-11-25 14:17:51.682,0 days 00:32:51.678000,-1013.0,-957.0,-214.0,,221.3333287822261,11691.33312056907,99.0,0.0,8,5,2850.9721904886105,0.5402506837819832,27.0,657.0526820324372,interpolation,0 days 00:00:45.331000,45.331,1971.678,0.0
2023-11-25 14:17:51.782,0 days 00:32:51.778000,-987.478591533891,-1003.6558113742736,-214.84043970037283,,224.0,11816.0,99.0,0.0,8,5,2858.7772222222225,0.5417297138984788,27.0,658.9000000000001,interpolation,0 days 00:00:45.431000,45.431,1971.778,0.0
2023-11-25 14:17:51.882,0 days 00:32:51.878000,-968.4633806684228,-1035.8204642440246,-215.8997745121264,,227.0,10751.0,99.0,0.0,8,5,2868.866111111111,0.5436415280996157,27.0,661.2555555555559,interpolation,0 days 00:00:45.531000,45.531,1971.878,0.0
2023-11-25 14:17:51.982,0 days 00:32:51.978000,-943.0,-1077.0,-217.0,,229.75000704,10813.50016,99.0,0.0,8,5,2876.5544217353504,0.5450984399157784,27.0,661.4111115093338,interpolation,0 days 00:00:45.631000,45.631,1971.978,0.0
2023-11-25 14:17:52.082,0 days 00:32:52.078000,-908.9296999153904,-1131.1115822052604,-218.1114359370771,,232.5,10876.0,99.0,0.0,8,5,2881.061325574201,0.545952484682964,27.0,661.5666666666671,interpolation,0 days 00:00:45.731000,45.731,1972.078,0.0
2023-11-25 14:17:52.182,0 days 00:32:52.178000,-866.922388123594,-1196.585547383962,-219.1932087802448,,235.25000704,10938.50016,99.0,0.0,8,5,2884.7595381495016,0.5466532848799084,27.0,661.7222226204449,interpolation,0 days 00:00:45.831000,45.831,1972.178,0.0
2023-11-25 14:17:52.282,0 days 00:32:52.278000,-821.0,-1264.0,-220.0,,238.0,11001.0,99.0,0.0,12,6,2890.0216666666665,0.5476504424597091,27.0,661.8777777777782,car,0 days 00:00:45.931000,45.931,1972.278,1.0
2023-11-25 14:17:52.382,0 days 00:32:52.378000,-771.8323218879532,-1331.7854127992334,-220.49093293366235,,240.5000064,11130.50033152,99.0,0.0,12,6,2896.8477650100303,0.5489439676332862,27.0,660.4722186240004,interpolation,0 days 00:00:46.031000,46.031,1972.378,1.0
2023-11-25 14:17:52.482,0 days 00:32:52.478000,-725.0,-1394.0,-221.0,,243.0,11260.0,99.0,0.0,12,6,2905.237763280523,0.5505338471549754,27.0,659.0666666666671,interpolation,0 days 00:00:46.131000,46.131,1972.478,1.0
2023-11-25 14:17:52.582,0 days 00:32:52.578000,-686.0826975088582,-1444.703307020375,-221.8612038577884,,245.5000064,11389.50033152,99.0,0.0,12,6,2913.597529820088,0.5521179978542792,27.0,657.6611075128893,interpolation,0 days 00:00:46.231000,46.231,1972.578,1.0
2023-11-25 14:17:52.682,0 days 00:32:52.678000,-652.8592693376684,-1486.4975830870246,-223.00342418309552,,248.0,11519.0,99.0,0.0,12,6,2920.332777777778,0.5533943071521118,27.0,656.2555555555559,interpolation,0 days 00:00:46.331000,46.331,1972.678,1.0
2023-11-25 14:17:52.782,0 days 00:32:52.778000,-612.0,-1535.0,-224.0,,250.5000064,11621.00026112,99.0,0.0,12,6,2925.443576122725,0.5543627881179176,27.0,654.9888856462226,interpolation,0 days 00:00:46.431000,46.431,1972.778,1.0
2023-11-25 14:17:52.882,0 days 00:32:52.878000,-561.2837643046837,-1592.812829523025,-224.77980959836464,,253.0,11723.0,99.0,0.0,12,6,2931.577222222222,0.5555250956670353,27.0,653.7222222222226,car,0 days 00:00:46.531000,46.531,1972.878,1.0
2023-11-25 14:17:52.982,0 days 00:32:52.978000,-502.9012294181637,-1657.5621124432776,-225.3774002737302,,256.50000896,11730.5000192,99.0,0.0,12,6,2941.381128586727,0.5573829065340893,27.0,650.6499921351117,interpolation,0 days 00:00:46.631000,46.631,1972.978,1.0
2023-11-25 14:17:53.082,0 days 00:32:53.078000,-450.0,-1715.0,-226.0,,260.0,11738.0,99.0,0.0,12,6,2951.7994444444444,0.559357146158301,27.0,647.5777777777785,interpolation,0 days 00:00:46.731000,46.731,1973.078,1.0
2023-11-25 14:17:53.182,0 days 00:32:53.178000,-404.770720842244,-1762.7525291409554,-226.68215446288164,,260.33333390222174,11357.332683662777,99.0,0.0,12,6,2959.77652609909,0.5608687792190811,27.0,645.2962924025719,interpolation,0 days 00:00:46.831000,46.831,1973.178,1.0
2023-11-25 14:17:53.282,0 days 00:32:53.278000,-367.2138550915286,-1800.8192108814972,-227.4238566771313,,260.66666609777826,10976.667316337223,99.0,0.0,12,6,2965.722583066203,0.5619955391899452,27.0,643.0148187085406,interpolation,0 days 00:00:46.931000,46.931,1973.278,1.0
2023-11-25 14:17:53.382,0 days 00:32:53.378000,-324.2998224350138,-1841.4765201413077,-227.95363311281392,,261.0,10596.0,99.0,0.0,12,6,2972.0994444444445,0.5632039353053024,27.0,640.733333333334,interpolation,0 days 00:00:47.031000,47.031,1973.378,1.0
2023-11-25 14:17:53.482,0 days 00:32:53.478000,-263.0,-1897.0,-228.0,,264.99998976,10635.49989888,99.0,0.0,12,7,2979.3173361355703,0.5645717041438074,27.0,637.7611187200007,interpolation,0 days 00:00:47.131000,47.131,1973.478,1.0
2023-11-25 14:17:53.582,0 days 00:32:53.578000,-183.3137600748345,-1967.3902190193487,-227.56295781349004,,269.0,10675.0,99.0,0.0,12,7,2987.043888888889,0.5660358627287928,27.0,634.7888888888897,interpolation,0 days 00:00:47.231000,47.231,1973.578,1.0
2023-11-25 14:17:53.682,0 days 00:32:53.678000,-106.0,-2035.0,-227.0,,270.99999488,10815.99963904,99.0,0.0,12,7,2994.94658042262,0.5675333990846576,27.0,631.5111195022228,interpolation,0 days 00:00:47.331000,47.331,1973.678,1.0
2023-11-25 14:17:53.782,0 days 00:32:53.778000,-51.81600943644936,-2082.183578862183,-226.6686097662497,,273.0,10957.0,99.0,0.0,12,7,3002.210555555556,0.5689099005972421,27.0,628.2333333333336,interpolation,0 days 00:00:47.431000,47.431,1973.778,1.0
2023-11-25 14:17:53.882,0 days 00:32:53.878000,-20.762343226825585,-2108.940472447286,-226.56879050566647,,273.49999872,10996.49989888,99.0,0.0,12,7,3008.020803799821,0.5700109252222383,27.0,625.5666734933335,interpolation,0 days 00:00:47.531000,47.531,1973.878,1.0
2023-11-25 14:17:53.982,0 days 00:32:53.978000,14.172732676236429,-2138.4773333287644,-226.68457599225135,,274.0,11036.0,99.0,0.0,12,7,3014.388333333334,0.5712175529809933,27.0,622.9000000000001,interpolation,0 days 00:00:47.631000,47.631,1973.978,1.0
2023-11-25 14:17:54.082,0 days 00:32:54.078000,80.0,-2194.0,-227.0,,276.3333293511077,11113.999866879887,99.0,0.0,12,7,3023.324027633545,0.5729108402644898,27.0,618.5333407857843,interpolation,0 days 00:00:47.731000,47.731,1974.078,1.0
2023-11-25 14:17:54.182,0 days 00:32:54.178000,176.72013281718318,-2275.5090410143657,-227.51506575886089,,278.6666706488923,11192.000133120113,99.0,0.0,12,7,3034.1155584603544,0.5749558030065636,27.0,614.166659214216,interpolation,0 days 00:00:47.831000,47.831,1974.178,1.0
2023-11-25 14:17:54.282,0 days 00:32:54.278000,270.0,-2354.0,-228.0,,281.0,11270.0,99.0,0.0,12,7,3042.4883333333337,0.5765424187460543,27.0,609.8000000000002,interpolation,0 days 00:00:47.931000,47.931,1974.278,1.0
2023-11-25 14:17:54.382,0 days 00:32:54.378000,325.5084160198994,-2400.4700589843937,-228.22503969457807,,281.0,11270.0,99.0,0.0,12,7,3047.7300182480926,0.5775357023244827,27.0,606.8629091477334,interpolation,0 days 00:00:48.031000,48.031,1974.378,1.0
2023-11-25 14:17:54.482,0 days 00:32:54.478000,343.2448124721564,-2414.91874211536,-228.19018253819436,,281.0,11270.0,99.0,0.0,12,7,3054.899166666667,0.5788942344589563,27.0,603.9258333333332,interpolation,0 days 00:00:48.131000,48.131,1974.478,1.0
2023-11-25 14:17:54.582,0 days 00:32:54.578000,363.6090036483525,-2431.908223148663,-228.0602341127129,,285.0,11477.0,99.0,0.0,12,7,3067.5658333333336,0.5812945298216171,27.0,597.7925,interpolation,0 days 00:00:48.231000,48.231,1974.578,1.0
2023-11-25 14:17:54.682,0 days 00:32:54.678000,427.0,-2486.0,-228.0,,285.0,11531.9998592,99.0,0.0,12,7,3076.7982099300025,0.583044037510932,27.0,593.9313987733334,interpolation,0 days 00:00:48.331000,48.331,1974.678,1.0
2023-11-25 14:17:54.782,0 days 00:32:54.778000,524.0,-2569.0,-228.0,,285.0,11587.0,99.0,0.0,12,7,3083.399166666667,0.5842948990249434,27.0,590.0702777777778,interpolation,0 days 00:00:48.431000,48.431,1974.778,1.0
2023-11-25 14:17:54.882,0 days 00:32:54.878000,598.097788677965,-2631.740033370275,-228.0033570985238,,286.49999616,11634.74987776,99.0,0.0,12,7,3089.660037424719,0.585481315265478,27.0,586.9147303004445,interpolation,0 days 00:00:48.531000,48.531,1974.878,1.0
2023-11-25 14:17:54.982,0 days 00:32:54.978000,645.1720182346801,-2670.708603876577,-228.00151353378172,,288.0,11682.5,99.0,0.0,12,7,3095.580886315652,0.586603298381472,27.0,583.7591666666667,interpolation,0 days 00:00:48.631000,48.631,1974.978,1.0
2023-11-25 14:17:55.082,0 days 00:32:55.078000,697.0,-2714.0,-228.0,,289.49999616,11730.24987776,99.0,0.0,12,7,3101.877508939429,0.5877964894933886,27.0,580.6036191893334,interpolation,0 days 00:00:48.731000,48.731,1975.078,1.0
2023-11-25 14:17:55.182,0 days 00:32:55.178000,758.8786087838025,-2766.2971529222705,-227.99973826877056,,291.0,11778.0,99.0,0.0,12,7,3109.265833333334,0.5891965548181668,27.0,577.4480555555556,interpolation,0 days 00:00:48.831000,48.831,1975.178,1.0
2023-11-25 14:17:55.282,0 days 00:32:55.278000,821.0,-2819.0,-228.0,,292.74999552,11507.00069376,99.0,0.0,12,7,3117.7457838411183,0.5908034800191744,27.0,573.0480668195556,interpolation,0 days 00:00:48.931000,48.931,1975.278,1.0
2023-11-25 14:17:55.382,0 days 00:32:55.378000,873.5575988223179,-2863.509553789644,-228.00005685359525,,294.5,11236.0,99.0,0.0,12,7,3127.3174472977,0.5926172815513677,27.0,568.6480555555556,interpolation,0 days 00:00:49.031000,49.031,1975.378,1.0
2023-11-25 14:17:55.482,0 days 00:32:55.478000,920.3308140386404,-2903.0533602502323,-227.999958170346,,296.24999552,10965.00069376,99.0,0.0,12,7,3136.9688127072086,0.5944461863647197,27.0,564.2480668195557,interpolation,0 days 00:00:49.131000,49.131,1975.478,1.0
2023-11-25 14:17:55.582,0 days 00:32:55.578000,984.0,-2957.0,-228.0,,298.0,10694.0,99.0,0.0,12,7,3145.688055555556,0.596098456746941,27.0,559.8480555555557,interpolation,0 days 00:00:49.231000,49.231,1975.578,1.0
2023-11-25 14:17:55.682,0 days 00:32:55.678000,1068.3444517119196,-3028.5769223624648,-228.00023168350103,,298.6666655288879,10695.999996586665,99.0,0.0,12,8,3153.4750865579217,0.5975740757788259,27.0,556.1925062388202,interpolation,0 days 00:00:49.331000,49.331,1975.678,1.0
2023-11-25 14:17:55.782,0 days 00:32:55.778000,1149.0,-3097.0,-228.0,,299.3333344711121,10698.000003413335,99.0,0.0,12,8,3160.637621647159,0.5989313547072147,27.0,552.5369382056244,interpolation,0 days 00:00:49.431000,49.431,1975.778,1.0
2023-11-25 14:17:55.882,0 days 00:32:55.878000,1201.6007860902243,-3141.483671975304,-227.9986517286478,,300.0,10700.0,99.0,0.0,12,8,3169.0213888888893,0.6005200534676322,27.0,548.881388888889,interpolation,0 days 00:00:49.531000,49.531,1975.878,1.0
2023-11-25 14:17:55.982,0 days 00:32:55.978000,1251.0,-3183.0,-228.0,,300.6666678044435,10760.333436302137,99.0,0.0,12,8,3178.9341103265606,0.6023984844648579,27.0,544.2813810382291,interpolation,0 days 00:00:49.631000,49.631,1975.978,1.0
2023-11-25 14:17:56.082,0 days 00:32:56.078000,1322.0497872663204,-3242.520165145353,-228.00785794461197,,301.3333321955565,10820.666563697863,99.0,0.0,12,8,3189.9173720779418,0.6044797796423893,27.0,539.6813967395491,interpolation,0 days 00:00:49.731000,49.731,1976.078,1.0
2023-11-25 14:17:56.182,0 days 00:32:56.178000,1406.0,-3313.0,-228.0,,302.0,10881.0,99.0,0.0,12,8,3199.221388888889,0.6062428629375554,27.0,535.0813888888893,interpolation,0 days 00:00:49.831000,49.831,1976.178,1.0
2023-11-25 14:17:56.282,0 days 00:32:56.278000,1494.098903112198,-3387.3940059528577,-227.95420060368028,,302.9999982933319,10896.333307164425,99.0,0.0,12,8,3206.387753110293,0.6076008674750113,27.0,532.1036161931899,interpolation,0 days 00:00:49.931000,49.931,1976.278,1.0
2023-11-25 14:17:56.382,0 days 00:32:56.378000,1574.0,-3455.0,-228.0,,304.0000017066681,10911.666692835575,99.0,0.0,12,8,3211.999545414902,0.6086642852943509,27.0,529.1258282512553,interpolation,0 days 00:00:50.031000,50.031,1976.378,1.0
2023-11-25 14:17:56.482,0 days 00:32:56.478000,1633.3550737405733,-3505.1143450575764,-228.26693843330645,,305.0,10927.0,99.0,0.0,12,8,3219.5547222222226,0.6100959686513006,27.0,526.1480555555559,interpolation,0 days 00:00:50.131000,50.131,1976.478,1.0
2023-11-25 14:17:56.582,0 days 00:32:56.578000,1675.2282444045657,-3540.3076503251,-228.703436550111,,307.00000512,10932.50001408,99.0,0.0,12,8,3229.636368186441,0.6120064103399245,27.0,521.6147106168894,interpolation,0 days 00:00:50.231000,50.231,1976.578,1.0
2023-11-25 14:17:56.682,0 days 00:32:56.678000,1718.0,-3576.0,-229.0,,309.0,10938.0,99.0,0.0,12,8,3240.154722222222,0.6139996068989965,27.0,517.0813888888897,interpolation,0 days 00:00:50.331000,50.331,1976.678,1.0
2023-11-25 14:17:56.782,0 days 00:32:56.778000,1764.7342907839918,-3614.761855600251,-229.10504973284503,,310.0000017066652,10976.00006485328,99.0,0.0,12,8,3249.0202341881977,0.6156795948405398,27.0,513.5813829155613,interpolation,0 days 00:00:50.431000,50.431,1976.778,1.0
2023-11-25 14:17:56.882,0 days 00:32:56.878000,1814.9762455922028,-3656.204675947896,-229.04740626119693,,310.9999982933348,11013.99993514672,99.0,0.0,12,8,3256.52490635984,0.6171017077204252,27.0,510.0813948622176,interpolation,0 days 00:00:50.531000,50.531,1976.878,1.0
2023-11-25 14:17:56.982,0 days 00:32:56.978000,1866.0,-3698.0,-229.0,,312.0,11052.0,99.0,0.0,12,8,3264.421388888889,0.6185980674885153,27.0,506.5813888888893,interpolation,0 days 00:00:50.631000,50.631,1976.978,1.0
2023-11-25 14:17:57.082,0 days 00:32:57.078000,1917.3506389190504,-3739.7592555159727,-228.9916530229505,,312.0,11085.99991296,99.0,0.0,12,8,3273.00169397365,0.6202240095810287,27.0,503.05362014222254,interpolation,0 days 00:00:50.731000,50.731,1977.078,1.0
2023-11-25 14:17:57.182,0 days 00:32:57.178000,1981.0,-3790.0,-229.0,,312.0,11120.0,99.0,0.0,12,8,3281.7547222222224,0.6218826821953145,27.0,499.5258333333336,interpolation,0 days 00:00:50.831000,50.831,1977.178,1.0
2023-11-25 14:17:57.282,0 days 00:32:57.278000,2068.9187432935823,-3857.238848876325,-229.0026756011013,,312.6666655288879,11151.666612622175,99.0,0.0,12,8,3290.169196749384,0.6234771998942704,27.0,496.2332463601039,interpolation,0 days 00:00:50.931000,50.931,1977.278,1.0
2023-11-25 14:17:57.382,0 days 00:32:57.378000,2171.378155049908,-3934.3973242570623,-229.00067843954392,,313.3333344711121,11183.333387377825,99.0,0.0,12,8,3298.266790979136,0.6250116697267744,27.0,492.9406425287856,interpolation,0 days 00:00:51.031000,51.031,1977.378,1.0
2023-11-25 14:17:57.482,0 days 00:32:57.478000,2230.0,-3979.0,-229.0,,314.0,11215.0,99.0,0.0,12,8,3306.176944444445,0.6265106200963046,27.0,489.6480555555559,interpolation,0 days 00:00:51.131000,51.131,1977.478,1.0
2023-11-25 14:17:57.582,0 days 00:32:57.578000,2258.0,-4000.0,-229.0,,314.33333390222174,11259.333408995491,99.0,0.0,12,8,3313.9213254050537,0.627978157073128,27.0,486.56286510499245,interpolation,0 days 00:00:51.231000,51.231,1977.578,1.0
2023-11-25 14:17:57.682,0 days 00:32:57.678000,2393.0451072082965,-4093.587289858384,-228.9908453549706,,314.66666609777826,11303.666591004509,99.0,0.0,12,8,3321.695890435395,0.6294514138406834,27.0,483.4776904505638,interpolation,0 days 00:00:51.331000,51.331,1977.678,1.0
2023-11-25 14:17:57.782,0 days 00:32:57.778000,2561.0,-4209.0,-229.0,,315.0,11348.0,99.0,0.0,12,8,3330.676944444445,0.6311532966530304,27.0,480.3925000000004,interpolation,0 days 00:00:51.431000,51.431,1977.778,1.0
2023-11-25 14:17:57.882,0 days 00:32:57.878000,2664.781518425876,-4279.442287113775,-229.05656673159027,,315.9999982933319,11353.666656995549,99.0,0.0,12,8,3341.0604313431368,0.6331209362939132,27.0,476.5258399324505,interpolation,0 days 00:00:51.531000,51.531,1977.878,1.0
2023-11-25 14:17:57.982,0 days 00:32:57.978000,2704.390725210758,-4304.9148725301375,-229.16054612898645,,317.0000017066681,11359.333343004451,99.0,0.0,12,8,3352.451126131205,0.6352794388105409,27.0,472.6591600675504,interpolation,0 days 00:00:51.631000,51.631,1977.978,1.0
2023-11-25 14:17:58.082,0 days 00:32:58.078000,2720.804321070109,-4313.42986296132,-229.18425246188883,,318.0,11365.0,99.0,0.0,12,8,3362.4769444444446,0.6371793013266581,27.0,468.7925000000005,interpolation,0 days 00:00:51.731000,51.731,1978.078,1.0
2023-11-25 14:17:58.182,0 days 00:32:58.178000,2755.0,-4333.0,-229.0,,318.50000128,11371.50001664,99.0,0.0,12,8,3370.742657620056,0.6387456291954349,27.0,466.2735352181338,interpolation,0 days 00:00:51.831000,51.831,1978.178,1.0
2023-11-25 14:17:58.282,0 days 00:32:58.278000,2806.9774118375763,-4363.625083248488,-228.6077906300604,,319.0,11378.0,99.0,0.0,12,8,3377.248181017352,0.6399784063777147,27.0,463.7545833333338,interpolation,0 days 00:00:51.931000,51.931,1978.278,1.0
2023-11-25 14:17:58.382,0 days 00:32:58.378000,2873.9283678089205,-4403.523124988619,-228.09656591380664,,319.50000128,11384.50001664,99.0,0.0,12,8,3383.5014559841925,0.6411633832385846,27.0,461.2356185514672,interpolation,0 days 00:00:52.031000,52.031,1978.378,1.0
2023-11-25 14:17:58.482,0 days 00:32:58.478000,2939.0,-4442.0,-228.0,,320.0,11391.0,99.0,0.0,12,8,3391.010277777778,0.6425862824593891,27.0,458.7166666666672,car,0 days 00:00:52.131000,52.131,1978.478,1.0
2023-11-25 14:17:58.582,0 days 00:32:58.578000,2999.384253722216,-4477.273800967088,-228.4070374777719,,320.6666678044435,11416.00004266663,99.0,0.0,12,8,3399.7747232886386,0.6442471186106533,27.0,455.54629088553617,interpolation,0 days 00:00:52.231000,52.231,1978.578,1.0
2023-11-25 14:17:58.682,0 days 00:32:58.678000,3079.0,-4520.0,-229.0,,321.3333321955565,11440.99995733337,99.0,0.0,12,8,3409.634946212586,0.6461156012969024,27.0,452.3759313366877,interpolation,0 days 00:00:52.331000,52.331,1978.678,1.0
2023-11-25 14:17:58.782,0 days 00:32:58.778000,3201.7675434587627,-4580.834867929255,-229.4612194595606,,322.0,11466.0,99.0,0.0,12,8,3419.6325,0.6480101077701037,27.0,449.2055555555567,interpolation,0 days 00:00:52.431000,52.431,1978.778,1.0
2023-11-25 14:17:58.882,0 days 00:32:58.878000,3355.4906047120653,-4654.241202935945,-229.79197796969893,,322.333332764444,11472.333322524437,99.0,0.0,12,8,3429.607525719696,0.6499003452420045,27.0,446.1537089122029,interpolation,0 days 00:00:52.531000,52.531,1978.878,1.0
2023-11-25 14:17:58.982,0 days 00:32:58.978000,3467.0,-4707.0,-230.0,,322.666667235556,11478.666677475563,99.0,0.0,12,8,3439.432726161594,0.6517621912728915,27.0,443.1018466433544,interpolation,0 days 00:00:52.631000,52.631,1978.978,1.0
2023-11-25 14:17:59.082,0 days 00:32:59.078000,3524.099565219273,-4733.5741400012685,-230.08657025644425,,323.0,11485.0,99.0,0.0,12,8,3448.3436111111114,0.6534507772588019,27.0,440.05000000000064,interpolation,0 days 00:00:52.731000,52.731,1979.078,1.0
2023-11-25 14:17:59.182,0 days 00:32:59.178000,3540.559875517421,-4740.389576571656,-230.06331654217664,,323.25000064,11496.2500288,99.0,0.0,12,8,3456.2128724613394,0.6549419786951061,27.0,437.5749936640006,interpolation,0 days 00:00:52.831000,52.831,1979.178,1.0
2023-11-25 14:17:59.282,0 days 00:32:59.278000,3599.0,-4766.0,-230.0,,323.5,11507.5,99.0,0.0,12,8,3463.040429631248,0.6562357803119403,27.0,435.1000000000006,interpolation,0 days 00:00:52.931000,52.931,1979.278,1.0
2023-11-25 14:17:59.382,0 days 00:32:59.378000,3713.190527541741,-4816.831354049641,-229.9082468982162,,323.75000064,11518.7500288,99.0,0.0,12,8,3470.619619013094,0.6576720139797805,27.0,432.62499366400056,interpolation,0 days 00:00:53.031000,53.031,1979.378,1.0
2023-11-25 14:17:59.482,0 days 00:32:59.478000,3857.0,-4880.0,-230.0,,324.0,11530.0,99.0,0.0,12,8,3480.7436111111115,0.6595904801338188,27.0,430.15000000000055,car,0 days 00:00:53.131000,53.131,1979.478,1.0
2023-11-25 14:17:59.582,0 days 00:32:59.578000,4004.299601152298,-4942.623466490531,-230.4872020685329,,324.50000128,11544.50003712,99.0,0.0,12,8,3493.4125095952286,0.6619911984191964,27.0,426.4555460977784,interpolation,0 days 00:00:53.231000,53.231,1979.578,1.0
2023-11-25 14:17:59.682,0 days 00:32:59.678000,4140.0,-4999.0,-231.0,,325.0,11559.0,99.0,0.0,12,8,3506.0213888888893,0.664380543247901,27.0,422.7611111111119,interpolation,0 days 00:00:53.331000,53.331,1979.678,1.0
2023-11-25 14:17:59.782,0 days 00:32:59.778000,4249.014763463871,-5043.429065566894,-231.16855093057984,,323.99999744,11506.4998656,99.0,0.0,10,8,3515.965582259933,0.6662649380821578,27.0,420.1777711644455,interpolation,0 days 00:00:53.431000,53.431,1979.778,1.0
2023-11-25 14:17:59.882,0 days 00:32:59.878000,4331.342775235589,-5075.910208238745,-230.9928531343153,,323.0,11454.0,99.0,0.0,10,8,3523.965833333333,0.6677809616783371,27.0,417.5944444444458,interpolation,0 days 00:00:53.531000,53.531,1979.878,1.0
2023-11-25 14:17:59.982,0 days 00:32:59.978000,4389.776491957399,-5097.77706401811,-230.5368945256388,,322.49999872,11406.4998784,99.0,0.0,10,8,3530.7430694851487,0.6690652276130893,27.0,415.6388838826676,interpolation,0 days 00:00:53.631000,53.631,1979.978,1.0
2023-11-25 14:18:00.082,0 days 00:33:00.078000,4441.064853947065,-5117.0291610929335,-230.1846147787908,,322.0,11359.0,99.0,0.0,10,8,3538.276944444445,0.6704928743336945,27.0,413.68333333333385,interpolation,0 days 00:00:53.731000,53.731,1980.078,1.0
2023-11-25 14:18:00.182,0 days 00:33:00.178000,4488.0,-5135.0,-230.0,,317.49998848,11169.49951488,49.49987328,0.0,8,8,3548.5472584861072,0.6724390680574267,27.0,411.1833269333336,interpolation,0 days 00:00:53.831000,53.831,1980.178,0.0
2023-11-25 14:18:00.282,0 days 00:33:00.278000,4530.5814495015375,-5151.689396718386,-229.98305207971677,,313.0,10980.0,0.0,0.0,8,8,3559.143611111112,0.6744470451153413,27.0,408.6833333333334,interpolation,0 days 00:00:53.931000,53.931,1980.278,0.0
2023-11-25 14:18:00.382,0 days 00:33:00.378000,4573.066981383482,-5168.628174984956,-230.0835310846836,,299.99997781335225,10513.33253688957,0.0,1.0,8,8,3567.6558154950626,0.6760600823291953,27.0,407.8277763176311,interpolation,0 days 00:00:54.031000,54.031,1980.378,0.0
2023-11-25 14:18:00.482,0 days 00:33:00.478000,4641.0,-5195.0,-230.0,,287.0000221866477,10046.66746311043,0.0,1.0,8,8,3574.30902053049,0.6773208447391983,27.0,406.97222368236953,interpolation,0 days 00:00:54.131000,54.131,1980.478,0.0
2023-11-25 14:18:00.582,0 days 00:33:00.578000,4738.638543883626,-5232.3357946486985,-229.68221821059507,,274.0,9580.0,0.0,1.0,8,8,3580.4547222222222,0.6784854367869059,27.0,406.1166666666672,interpolation,0 days 00:00:54.231000,54.231,1980.578,0.0
2023-11-25 14:18:00.682,0 days 00:33:00.678000,4856.978284458973,-5277.313128127516,-229.20308773654835,,274.0,9720.49964032,0.0,1.0,8,8,3586.318093695717,0.6795965281045944,27.0,405.4500017066677,interpolation,0 days 00:00:54.331000,54.331,1980.678,0.0
2023-11-25 14:18:00.782,0 days 00:33:00.778000,4942.0,-5310.0,-229.0,,274.0,9861.0,0.0,1.0,8,8,3592.6325,0.6807930891706571,27.0,404.78333333333467,interpolation,0 days 00:00:54.431000,54.431,1980.778,0.0
2023-11-25 14:18:00.882,0 days 00:33:00.878000,4984.699491127314,-5327.074027067463,-229.14585584656567,,258.66669283557786,10345.99917226596,0.0,1.0,8,8,3600.1311814836527,0.6822140668331267,27.0,405.3816656455114,interpolation,0 days 00:00:54.531000,54.531,1980.878,0.0
2023-11-25 14:18:00.982,0 days 00:33:00.978000,4993.951354776068,-5330.603836473574,-229.58683443538808,,243.3333071644221,10831.00082773404,0.0,1.0,8,8,3608.446174113285,0.6837897330107161,27.0,405.98000102115753,interpolation,0 days 00:00:54.631000,54.631,1980.978,0.0
2023-11-25 14:18:01.082,0 days 00:33:01.078000,5023.0,-5333.0,-230.0,,228.0,11316.0,0.0,1.0,8,8,3615.369166666667,0.6851016193466335,27.0,406.5783333333343,interpolation,0 days 00:00:54.731000,54.731,1981.078,0.0
2023-11-25 14:18:01.182,0 days 00:33:01.178000,5080.719883949244,-5336.330994488702,-230.3315344368028,,224.49999104,11316.0,0.0,1.0,8,8,3620.5321892153447,0.6860799966424943,27.0,407.1783348693342,interpolation,0 days 00:00:54.831000,54.831,1981.178,0.0
2023-11-25 14:18:01.282,0 days 00:33:01.278000,5161.424623331687,-5339.952632704838,-230.60924501645408,,221.0,11316.0,0.0,1.0,8,8,3625.191388888889,0.6869629010138196,27.0,407.7783333333341,interpolation,0 days 00:00:54.931000,54.931,1981.278,0.0
2023-11-25 14:18:01.382,0 days 00:33:01.378000,5231.0,-5340.0,-231.0,,212.99997952,11199.49970176,0.0,1.0,8,7,3630.603013396436,0.6879883876356561,27.0,409.0283365333341,interpolation,0 days 00:00:55.031000,55.031,1981.378,0.0
2023-11-25 14:18:01.482,0 days 00:33:01.478000,5283.759509262136,-5335.828942763605,-231.53160605168148,,205.0,11083.0,0.0,1.0,8,7,3636.580277777778,0.6891210613179666,27.0,410.2783333333341,interpolation,0 days 00:00:55.131000,55.131,1981.478,0.0
2023-11-25 14:18:01.582,0 days 00:33:01.578000,5319.703691376852,-5327.439418283911,-232.2040686151582,,197.6666541511218,11133.666753137704,0.0,1.0,8,5,3642.936513694939,0.6903255489702776,27.0,412.578337258664,interpolation,0 days 00:00:55.231000,55.231,1981.578,0.0
2023-11-25 14:18:01.682,0 days 00:33:01.678000,5353.295812763128,-5313.080247382227,-233.0244930310569,,190.3333458488782,11184.333246862296,0.0,1.0,8,5,3649.4599357207017,0.6915617178889975,27.0,414.8783294080039,interpolation,0 days 00:00:55.331000,55.331,1981.678,0.0
2023-11-25 14:18:01.782,0 days 00:33:01.778000,5399.0,-5291.0,-234.0,,183.0,11235.0,0.0,1.0,8,5,3654.880277777778,0.6925888564603373,27.0,417.17833333333374,interpolation,0 days 00:00:55.431000,55.431,1981.778,0.0
2023-11-25 14:18:01.882,0 days 00:33:01.878000,5456.815785077792,-5261.198902238392,-235.13057953282183,,178.50001152,10971.50067456,0.0,1.0,8,5,3658.985764022482,0.6933668337967556,27.0,418.9116622293337,interpolation,0 days 00:00:55.531000,55.531,1981.878,0.0
2023-11-25 14:18:01.982,0 days 00:33:01.978000,5513.0,-5230.0,-236.0,,174.0,10708.0,0.0,1.0,8,5,3662.613611111112,0.6940542999449092,27.0,420.6450000000005,interpolation,0 days 00:00:55.631000,55.631,1981.978,0.0
2023-11-25 14:18:02.082,0 days 00:33:02.078000,5553.8083094103495,-5203.7269638272655,-236.19200929201327,,172.00000341333626,10524.000314026936,0.0,1.0,8,4,3666.600956510604,0.6948098899453088,27.0,422.90055170607127,interpolation,0 days 00:00:55.731000,55.731,1982.078,0.0
2023-11-25 14:18:02.182,0 days 00:33:02.178000,5589.0,-5174.0,-236.0,,169.99999658666374,10339.999685973064,0.0,1.0,8,4,3670.950736355252,0.6956341601866013,27.0,425.1561149605965,interpolation,0 days 00:00:55.831000,55.831,1982.178,0.0
2023-11-25 14:18:02.282,0 days 00:33:02.278000,5628.333580219864,-5132.439888238047,-235.7173647150849,,168.0,10156.0,0.0,1.0,8,4,3675.680277777778,0.6965303941084963,27.0,427.4116666666673,interpolation,0 days 00:00:55.931000,55.931,1982.278,0.0
2023-11-25 14:18:02.382,0 days 00:33:02.378000,5669.761975237361,-5082.510727623552,-235.35741048880695,,163.99999317333916,10115.66659783117,13.000022186647737,1.0,8,4,3680.792524512577,0.697499149539837,27.0,430.7450056888848,interpolation,0 days 00:00:56.031000,56.031,1982.378,0.0
2023-11-25 14:18:02.482,0 days 00:33:02.478000,5701.0,-5045.0,-235.0,,160.00000682666084,10075.33340216883,25.999977813352267,1.0,8,4,3686.189118730221,0.6985217879667928,27.0,434.0783276444503,interpolation,0 days 00:00:56.131000,56.131,1982.478,0.0
2023-11-25 14:18:02.582,0 days 00:33:02.578000,5720.000496776442,-5023.371845915392,-234.6584395345009,,156.0,10035.0,39.0,1.0,8,4,3691.280277777778,0.6994865473446156,27.0,437.41166666666777,interpolation,0 days 00:00:56.231000,56.231,1982.578,0.0
2023-11-25 14:18:02.682,0 days 00:33:02.678000,5726.7632710020935,-5017.62648684146,-234.33273258987984,,156.99999795199895,10096.199874662336,44.59998853119413,0.0,8,4,3695.9676440417584,0.7003747892003938,27.0,439.91832819967846,interpolation,0 days 00:00:56.331000,56.331,1982.678,0.0
2023-11-25 14:18:02.782,0 days 00:33:02.778000,5732.894472446694,-5003.067769146739,-234.09065807031945,,158.0000010240005,10157.400062668832,50.200005734402936,0.0,8,4,3700.251265520915,0.7011865226297476,27.0,442.42500256682905,interpolation,0 days 00:00:56.431000,56.431,1982.778,0.0
2023-11-25 14:18:02.882,0 days 00:33:02.878000,5750.0,-4955.0,-234.0,,158.9999989759995,10218.599937331168,55.79999426559706,0.0,8,4,3704.2137965237935,0.7019374103763747,27.0,444.9316640998398,interpolation,0 days 00:00:56.531000,56.531,1982.878,0.0
2023-11-25 14:18:02.982,0 days 00:33:02.978000,5775.0,-4882.0,-234.0,,160.00000204800105,10279.800125337664,61.40001146880587,0.0,8,4,3708.35147089729,0.7027214872667094,27.0,447.4383384669904,interpolation,0 days 00:00:56.631000,56.631,1982.978,0.0
2023-11-25 14:18:03.082,0 days 00:33:03.078000,5789.414201205741,-4835.531954392286,-233.72611647760365,,161.0,10341.0,67.0,0.0,8,4,3712.7469444444446,0.7035544163276515,27.0,449.9450000000011,interpolation,0 days 00:00:56.731000,56.731,1983.078,0.0
2023-11-25 14:18:03.182,0 days 00:33:03.178000,5791.913228134269,-4817.18127980537,-233.09820856407808,,162.00000256,10591.50064128,73.00001535999999,0.0,8,4,3717.400262175018,0.704436206088416,27.0,452.3616728533345,interpolation,0 days 00:00:56.831000,56.831,1983.178,0.0
2023-11-25 14:18:03.282,0 days 00:33:03.278000,5793.0,-4785.0,-232.0,,163.0,10842.0,79.0,0.0,8,4,3721.8025,0.7052704169597291,27.0,454.77833333333456,interpolation,0 days 00:00:56.931000,56.931,1983.278,0.0
2023-11-25 14:18:03.382,0 days 00:33:03.378000,5794.425033669803,-4731.996365087669,-230.41209892611167,,164.50000384,10894.00013312,82.00000768,0.0,8,4,3725.444826559257,0.7059606269241618,27.0,456.5783379413343,interpolation,0 days 00:00:57.031000,57.031,1983.378,0.0
2023-11-25 14:18:03.482,0 days 00:33:03.478000,5794.0,-4673.0,-229.0,,166.0,10946.0,85.0,0.0,8,4,3729.1802777777775,0.7066684837323668,27.0,458.378333333334,interpolation,0 days 00:00:57.131000,57.131,1983.478,0.0
2023-11-25 14:18:03.582,0 days 00:33:03.578000,5789.536580086826,-4622.839382788723,-228.42916715926515,,170.00001024,11161.50055168,86.00000256,0.0,8,4,3733.861965129015,0.7075556494512041,27.0,460.0283375573339,interpolation,0 days 00:00:57.231000,57.231,1983.578,0.0
2023-11-25 14:18:03.682,0 days 00:33:03.678000,5782.0,-4577.0,-228.0,,174.0,11377.0,87.0,0.0,8,4,3739.489840672613,0.7086221149961196,27.0,461.67833333333374,interpolation,0 days 00:00:57.331000,57.331,1983.678,0.0
2023-11-25 14:18:03.782,0 days 00:33:03.778000,5772.355362929166,-4530.9663551399935,-227.0128878782908,,178.00001024,11592.50055168,88.00000256,0.0,8,4,3745.524074352797,0.7097655841897845,27.0,463.3283375573336,interpolation,0 days 00:00:57.431000,57.431,1983.778,0.0
2023-11-25 14:18:03.882,0 days 00:33:03.878000,5759.0,-4482.0,-226.0,,182.0,11808.0,89.0,0.0,8,4,3751.424722222222,0.710883739272759,27.0,464.9783333333335,interpolation,0 days 00:00:57.531000,57.531,1983.878,0.0
2023-11-25 14:18:03.982,0 days 00:33:03.978000,5740.331006818062,-4427.361513571234,-225.49348509099653,,184.33333731555217,11908.333504568744,89.66666780444348,0.0,8,4,3757.191844703681,0.711976591694981,27.0,465.8968534194556,interpolation,0 days 00:00:57.631000,57.631,1983.978,0.0
2023-11-25 14:18:04.082,0 days 00:33:04.078000,5720.0,-4375.0,-225.0,,186.66666268444783,12008.666495431256,90.33333219555652,0.0,8,4,3762.814197062517,0.7130420106129409,27.0,466.8153688027669,interpolation,0 days 00:00:57.731000,57.731,1984.078,0.0
2023-11-25 14:18:04.182,0 days 00:33:04.178000,5701.658196802444,-4332.863467752734,-224.02619133572315,,189.0,12109.0,91.0,0.0,8,4,3768.224722222222,0.7140672889116567,27.0,467.73388888888894,interpolation,0 days 00:00:57.831000,57.831,1984.178,0.0
2023-11-25 14:18:04.282,0 days 00:33:04.278000,5679.0,-4289.0,-223.0,,192.3333276444396,11710.334013725023,93.99999487999564,0.0,8,4,3773.4121790996896,0.715050296439577,27.0,467.6301853621729,interpolation,0 days 00:00:57.931000,57.931,1984.278,0.0
2023-11-25 14:18:04.382,0 days 00:33:04.378000,5645.719392527096,-4231.456799272182,-222.34934641467075,,195.6666723555604,11311.665986274977,97.00000512000436,0.0,8,4,3778.441566087833,0.716003350197314,27.0,467.5264813044934,interpolation,0 days 00:00:58.031000,58.031,1984.378,0.0
2023-11-25 14:18:04.482,0 days 00:33:04.478000,5612.0,-4177.0,-222.0,,199.0,10913.0,100.0,0.0,8,4,3783.7025,0.7170002814030486,27.0,467.42277777777736,interpolation,0 days 00:00:58.131000,58.131,1984.478,0.0
2023-11-25 14:18:04.582,0 days 00:33:04.578000,5588.024761955113,-4142.394589734494,-221.8777199362585,,201.33333731555217,10955.666739484384,100.0,0.0,8,4,3789.259979981512,0.7180534071999727,27.0,466.9301843444942,interpolation,0 days 00:00:58.231000,58.231,1984.578,0.0
2023-11-25 14:18:04.682,0 days 00:33:04.678000,5566.0,-4114.0,-222.0,,203.66666268444783,10998.333260515616,100.0,0.0,8,4,3794.942867497419,0.7191302973487324,27.0,466.43759343328287,interpolation,0 days 00:00:58.331000,58.331,1984.678,0.0
2023-11-25 14:18:04.782,0 days 00:33:04.778000,5538.131564702127,-4078.175017200752,-222.384333967785,,206.0,11041.0,100.0,0.0,8,4,3799.724722222222,0.7200364444845899,27.0,465.9449999999997,interpolation,0 days 00:00:58.431000,58.431,1984.778,0.0
2023-11-25 14:18:04.882,0 days 00:33:04.878000,5502.768176598904,-4035.116170176024,-222.9263676799927,,207.49999616,11245.49947648,100.0,0.0,8,5,3803.434413563356,0.72073941987325,27.0,464.8716694143998,interpolation,0 days 00:00:58.531000,58.531,1984.878,0.0
2023-11-25 14:18:04.982,0 days 00:33:04.978000,5450.0,-3986.0,-223.0,,209.0,11450.0,100.0,0.0,8,5,3809.0716666666663,0.7218076624376201,27.0,463.7983333333332,interpolation,0 days 00:00:58.631000,58.631,1984.978,0.0
2023-11-25 14:18:05.082,0 days 00:33:05.078000,5378.176010415527,-3931.023171613365,-222.50087994976295,,213.0,11633.0,99.0,0.0,8,5,3818.538333333333,0.7236015673928718,27.0,461.1316666666671,interpolation,0 days 00:00:58.731000,58.731,1985.078,0.0
2023-11-25 14:18:05.182,0 days 00:33:05.178000,5310.0,-3884.0,-222.0,,214.33333560888696,11712.666802630994,99.33333390222174,0.0,8,5,3825.247788504111,0.7248729890349034,27.0,459.3094413345216,interpolation,0 days 00:00:58.831000,58.831,1985.178,0.0
2023-11-25 14:18:05.282,0 days 00:33:05.278000,5268.177194507584,-3858.7458446237206,-222.06836286141825,,215.66666439111304,11792.333197369006,99.66666609777826,0.0,8,5,3828.75811974484,0.7255381862821555,27.0,457.4872253321459,interpolation,0 days 00:00:58.931000,58.931,1985.278,0.0
2023-11-25 14:18:05.382,0 days 00:33:05.378000,5246.75267258871,-3851.977775309191,-222.6045449206886,,217.0,11872.0,100.0,0.0,8,5,3833.005,0.7263429573597004,27.0,455.6650000000004,interpolation,0 days 00:00:59.031000,59.031,1985.378,0.0
2023-11-25 14:18:05.482,0 days 00:33:05.478000,5210.0,-3844.0,-223.0,,219.99999232,11691.50046208,100.0,0.0,8,5,3838.6443196840846,0.7274115915349325,27.0,453.053895573334,interpolation,0 days 00:00:59.131000,59.131,1985.478,0.0
2023-11-25 14:18:05.582,0 days 00:33:05.578000,5151.964307310031,-3831.529765431308,-223.15330783545264,,223.0,11511.0,100.0,0.0,8,5,3845.393888888888,0.7286906146661627,27.0,450.4427777777787,interpolation,0 days 00:00:59.231000,59.231,1985.578,0.0
2023-11-25 14:18:05.682,0 days 00:33:05.678000,5076.641180168116,-3815.7769546057,-223.0940804155218,,225.99999232,11089.00108032,99.50000128,0.0,8,5,3852.9713908440153,0.7301265285716978,27.0,446.87612024177855,interpolation,0 days 00:00:59.331000,59.331,1985.678,0.0
2023-11-25 14:18:05.782,0 days 00:33:05.778000,5008.0,-3804.0,-223.0,,229.0,10667.0,99.0,0.0,8,5,3860.660555555555,0.7315836022348435,27.0,443.309444444445,interpolation,0 days 00:00:59.431000,59.431,1985.778,0.0
2023-11-25 14:18:05.882,0 days 00:33:05.878000,4950.0364610549095,-3797.408777517626,-222.90068111061183,,230.99999488,10726.49984768,99.0,0.0,8,6,3867.744956698948,0.7329260750147155,27.0,439.75389799111184,interpolation,0 days 00:00:59.531000,59.531,1985.878,0.0
2023-11-25 14:18:05.982,0 days 00:33:05.978000,4878.0,-3791.0,-223.0,,233.0,10786.0,99.0,0.0,8,6,3874.224666818641,0.7341539606582699,27.0,436.1983333333342,interpolation,0 days 00:00:59.631000,59.631,1985.978,0.0
2023-11-25 14:18:06.082,0 days 00:33:06.078000,4767.14138470255,-3779.770513408652,-223.50183292080857,,234.99999488,10845.49984768,99.0,0.0,8,6,3880.505620933457,0.7353441826347077,27.0,432.642786880001,interpolation,0 days 00:00:59.731000,59.731,1986.078,0.0
2023-11-25 14:18:06.182,0 days 00:33:06.178000,4657.0,-3767.0,-224.0,,237.0,10905.0,99.0,0.0,8,6,3886.993888888888,0.7365736899624807,27.0,429.0872222222233,interpolation,0 days 00:00:59.831000,59.831,1986.178,0.0
2023-11-25 14:18:06.282,0 days 00:33:06.278000,4587.117493769201,-3755.9683877903935,-224.08831112454328,,238.49999616,10997.99976192,99.0,0.0,8,6,3893.689404245242,0.7378424700514661,27.0,425.2538987022232,interpolation,0 days 00:00:59.931000,59.931,1986.278,0.0
2023-11-25 14:18:06.382,0 days 00:33:06.378000,4551.145632270615,-3746.4398262916,-223.8739488731896,,240.0,11091.0,99.0,0.0,8,6,3900.592235564771,0.7391505358940051,27.0,421.4205555555564,interpolation,0 days 00:01:00.031000,60.031,1986.378,0.0
2023-11-25 14:18:06.482,0 days 00:33:06.478000,4511.0,-3737.0,-224.0,,241.49999616,11183.99976192,99.0,0.0,8,6,3907.445858986356,0.7404492769873939,27.0,417.5872320355562,interpolation,0 days 00:01:00.131000,60.131,1986.478,0.0
2023-11-25 14:18:06.582,0 days 00:33:06.578000,4460.332667723929,-3727.413074727269,-224.57364747018693,,243.0,11277.0,99.0,0.0,8,6,3913.993888888888,0.7416901090249948,27.0,413.7538888888894,interpolation,0 days 00:01:00.231000,60.231,1986.578,0.0
2023-11-25 14:18:06.682,0 days 00:33:06.678000,4400.095944101435,-3717.8126897235866,-225.4766946302692,,244.7999963135981,11343.59986360313,99.0,0.0,8,6,3920.236258220707,0.7428730193007198,27.0,410.0872297315598,interpolation,0 days 00:01:00.331000,60.331,1986.678,0.0
2023-11-25 14:18:06.782,0 days 00:33:06.778000,4336.0,-3709.0,-226.0,,246.6000018432009,11410.200068198435,99.0,0.0,8,6,3926.173030903841,0.7439980199276012,27.0,406.4205518008872,interpolation,0 days 00:01:00.431000,60.431,1986.778,0.0
2023-11-25 14:18:06.882,0 days 00:33:06.878000,4268.99728158729,-3701.108636878538,-226.0253674414,,248.39999815679903,11476.799931801565,99.0,0.0,8,6,3931.9099203577184,0.7450851432817256,27.0,402.7538926435576,interpolation,0 days 00:01:00.531000,60.531,1986.878,0.0
2023-11-25 14:18:06.982,0 days 00:33:06.978000,4199.0,-3694.0,-226.0,,250.20000368640189,11543.40013639687,99.0,0.0,8,6,3938.081636014862,0.7462546648978967,27.0,399.087214712885,interpolation,0 days 00:01:00.631000,60.631,1986.978,0.0
2023-11-25 14:18:07.082,0 days 00:33:07.078000,4125.921769254752,-3687.535642605205,-226.371100721321,,252.0,11610.0,99.0,0.0,8,6,3944.793888888888,0.7475266166963073,27.0,395.4205555555554,car,0 days 00:01:00.731000,60.731,1987.078,0.0
2023-11-25 14:18:07.182,0 days 00:33:07.178000,4045.0,-3681.0,-227.0,,253.33333560888696,11665.66676167103,99.0,0.0,8,6,3952.046747713443,0.7489010117017769,27.0,391.0057332061297,interpolation,0 days 00:01:00.831000,60.831,1987.178,0.0
2023-11-25 14:18:07.282,0 days 00:33:07.278000,3951.473679844084,-3673.677640610244,-227.74801799068047,,254.66666439111304,11721.33323832897,99.0,0.0,8,6,3959.770728052512,0.7503646828219729,27.0,386.59093346053663,interpolation,0 days 00:01:00.931000,60.931,1987.278,0.0
2023-11-25 14:18:07.382,0 days 00:33:07.378000,3850.607931415747,-3665.9381998040894,-228.5483369849285,,256.0,11777.0,99.0,0.0,8,6,3967.549444444444,0.7518387262601052,27.0,382.1761111111109,interpolation,0 days 00:01:01.031000,61.031,1987.378,0.0
2023-11-25 14:18:07.482,0 days 00:33:07.478000,3774.0,-3660.0,-229.0,,257.3333310577758,11623.00026282689,99.0,0.0,8,6,3975.313407068456,0.7533099739034437,27.0,377.8501925681048,interpolation,0 days 00:01:01.131000,61.131,1987.478,0.0
2023-11-25 14:18:07.582,0 days 00:33:07.578000,3726.915181470218,-3656.232690739954,-229.03618629278137,,258.6666689422242,11468.99973717311,99.0,0.0,8,6,3983.0475092558127,0.7547755630835483,27.0,373.52425187633895,interpolation,0 days 00:01:01.231000,61.231,1987.578,0.0
2023-11-25 14:18:07.682,0 days 00:33:07.678000,3687.0,-3653.0,-229.0,,260.0,11315.0,99.0,0.0,8,6,3990.660555555555,0.7562182125358374,27.0,369.1983333333328,interpolation,0 days 00:01:01.331000,61.331,1987.678,0.0
2023-11-25 14:18:07.782,0 days 00:33:07.778000,3631.9000888827,-3648.6655840761714,-229.2345452583881,,261.00000256,11151.49958144,99.0,0.0,8,6,3998.137437753562,0.7576350592990247,27.0,365.2637399274661,interpolation,0 days 00:01:01.431000,61.431,1987.778,0.0
2023-11-25 14:18:07.882,0 days 00:33:07.878000,3561.6160123399595,-3643.229487352774,-229.7398196662083,,262.0,10988.0,99.0,0.0,8,6,4005.478079286756,0.7590260888646363,27.0,361.329166666666,interpolation,0 days 00:01:01.531000,61.531,1987.878,0.0
2023-11-25 14:18:07.982,0 days 00:33:07.978000,3488.27359298722,-3637.678621352989,-230.37518680092523,,263.00000256,10824.49958144,99.0,0.0,8,6,4012.724996407149,0.7603993579349784,27.0,357.39457326079923,interpolation,0 days 00:01:01.631000,61.631,1987.978,0.0
2023-11-25 14:18:08.082,0 days 00:33:08.078000,3424.0,-3633.0,-231.0,,264.0,10661.0,99.0,0.0,8,6,4019.920555555555,0.7617628948235842,27.0,353.4599999999991,interpolation,0 days 00:01:01.731000,61.731,1988.078,0.0
2023-11-25 14:18:08.182,0 days 00:33:08.178000,3368.794575214815,-3629.193575384576,-231.61426566153477,,265.2500032,10724.50016256,99.0,0.0,8,7,4027.064830414689,0.7631167134931068,27.0,349.765546097777,interpolation,0 days 00:01:01.831000,61.831,1988.178,0.0
2023-11-25 14:18:08.282,0 days 00:33:08.278000,3291.0,-3622.0,-232.0,,266.5,10788.0,99.0,0.0,8,7,4034.157747827363,0.7644608000804789,27.0,346.07111111111044,interpolation,0 days 00:01:01.931000,61.931,1988.278,0.0
2023-11-25 14:18:08.382,0 days 00:33:08.378000,3173.0,-3609.0,-232.0,,267.7500032,10851.50016256,99.0,0.0,8,7,4041.604329584136,0.7658719050008833,27.0,342.37665720888833,interpolation,0 days 00:01:02.031000,62.031,1988.378,0.0
2023-11-25 14:18:08.482,0 days 00:33:08.478000,3099.0495017477606,-3601.234732090805,-231.97888573096088,,269.0,10915.0,99.0,0.0,8,7,4049.809444444444,0.7674267496705648,27.0,338.6822222222217,interpolation,0 days 00:01:02.131000,62.131,1988.478,0.0
2023-11-25 14:18:08.582,0 days 00:33:08.578000,3068.920932362233,-3597.663314503793,-231.9912468937677,,270.0000017066652,10940.666710471074,99.0,0.0,8,7,4058.77317642888,0.7691253500111734,27.0,334.3155481031172,interpolation,0 days 00:01:02.231000,62.231,1988.578,0.0
2023-11-25 14:18:08.682,0 days 00:33:08.678000,2997.0,-3581.0,-232.0,,270.9999982933348,10966.333289528926,99.0,0.0,8,7,4068.27689396133,0.7709262759944248,27.0,329.9488963413269,interpolation,0 days 00:01:02.331000,62.331,1988.678,0.0
2023-11-25 14:18:08.782,0 days 00:33:08.778000,2882.0,-3551.0,-232.0,,272.0,10992.0,99.0,0.0,8,7,4077.009444444444,0.772581068133542,27.0,325.5822222222223,interpolation,0 days 00:01:02.431000,62.431,1988.778,0.0
2023-11-25 14:18:08.882,0 days 00:33:08.878000,2801.8209670266906,-3523.481710357671,-231.9974596833009,,272.6666655288879,11013.666629688858,99.0,0.0,8,7,4084.7521986694,0.7740482968488356,27.0,322.16000584059776,interpolation,0 days 00:01:02.531000,62.531,1988.878,0.0
2023-11-25 14:18:08.982,0 days 00:33:08.978000,2742.0,-3496.0,-232.0,,273.3333344711121,11035.333370311142,99.0,0.0,8,7,4091.622133220624,0.7753501288523948,27.0,318.7377719371804,interpolation,0 days 00:01:02.631000,62.631,1988.978,0.0
2023-11-25 14:18:09.082,0 days 00:33:09.078000,2675.0923778064343,-3463.47393044804,-232.0142064264368,,274.0,11057.0,99.0,0.0,8,7,4098.320555555555,0.7766194598051066,27.0,315.3155555555559,interpolation,0 days 00:01:02.731000,62.731,1989.078,0.0
2023-11-25 14:18:09.182,0 days 00:33:09.178000,2603.0,-3426.0,-232.0,,275.0000017066652,11082.333376568851,99.0,0.0,8,7,4104.964431564633,0.7778784543925816,27.0,311.7896236120549,interpolation,0 days 00:01:02.831000,62.831,1989.178,0.0
2023-11-25 14:18:09.282,0 days 00:33:09.278000,2527.6261894947093,-3383.675423753992,-231.91730175807845,,275.9999982933348,11107.666623431149,99.0,0.0,8,7,4111.75109098049,0.7791645060076218,27.0,308.26370972127927,interpolation,0 days 00:01:02.931000,62.931,1989.278,0.0
2023-11-25 14:18:09.382,0 days 00:33:09.378000,2454.0,-3340.0,-232.0,,277.0,11133.0,99.0,0.0,8,7,4119.865,0.7807020674438783,27.0,304.7377777777783,interpolation,0 days 00:01:03.031000,63.031,1989.378,0.0
2023-11-25 14:18:09.482,0 days 00:33:09.478000,2387.1520109852454,-3298.474407667909,-232.48198302509277,,277.99999744,11154.99994368,99.0,0.0,8,7,4129.503473302697,0.7825285292416356,27.0,300.0711230577785,interpolation,0 days 00:01:03.131000,63.131,1989.478,0.0
2023-11-25 14:18:09.582,0 days 00:33:09.578000,2324.993835235518,-3257.6680067920115,-233.18060905455368,,279.0,11177.0,99.0,0.0,8,7,4138.464999999999,0.7842267116869434,27.0,295.4044444444453,interpolation,0 days 00:01:03.231000,63.231,1989.578,0.0
2023-11-25 14:18:09.682,0 days 00:33:09.678000,2255.0,-3209.0,-233.0,,279.333332764444,11217.33326449772,99.0,0.0,8,7,4144.547878739354,0.7853793989734987,27.0,292.27111645867217,interpolation,0 days 00:01:03.331000,63.331,1989.678,0.0
2023-11-25 14:18:09.782,0 days 00:33:09.778000,2179.0,-3154.0,-232.0,,279.666667235556,11257.66673550228,99.0,0.0,8,7,4148.7581587068535,0.7861772344062482,27.0,289.1377724302188,interpolation,0 days 00:01:03.431000,63.431,1989.778,0.0
2023-11-25 14:18:09.882,0 days 00:33:09.878000,2120.501897776146,-3110.430373296773,-231.63556309295603,,280.0,11298.0,99.0,0.0,8,7,4157.131666666666,0.7877639890634964,27.0,286.00444444444565,interpolation,0 days 00:01:03.531000,63.531,1989.878,0.0
2023-11-25 14:18:09.982,0 days 00:33:09.978000,2079.67145932048,-3078.088513787045,-231.97797261284347,,280.0,11300.0,99.0,0.0,8,7,4169.576111111111,0.7901221739811983,27.0,279.73777777777923,interpolation,0 days 00:01:03.631000,63.631,1989.978,0.0
2023-11-25 14:18:10.082,0 days 00:33:10.078000,2034.0,-3038.0,-232.0,,280.0,11295.50001152,99.0,0.0,8,7,4179.50123594602,0.7920029553850193,27.0,276.2627866737791,interpolation,0 days 00:01:03.731000,63.731,1990.078,0.0
2023-11-25 14:18:10.182,0 days 00:33:10.178000,1979.7355030021383,-2987.0019356667185,-231.5304398434752,,280.0,11291.0,99.0,0.0,8,7,4185.808778655041,0.7931982158203548,27.0,272.78777777777896,interpolation,0 days 00:01:03.831000,63.831,1990.178,0.0
2023-11-25 14:18:10.282,0 days 00:33:10.278000,1924.0,-2930.0,-231.0,,280.0,11286.50001152,99.0,0.0,8,7,4190.999951752089,0.7941819275607455,27.0,269.3127866737788,interpolation,0 days 00:01:03.931000,63.931,1990.278,0.0
2023-11-25 14:18:10.382,0 days 00:33:10.378000,1873.9143962667893,-2871.8987662925792,-230.8393780863116,,280.0,11282.0,99.0,0.0,8,7,4197.576111111112,0.795428090046028,27.0,265.8377777777787,interpolation,0 days 00:01:04.031000,64.031,1990.378,0.0
2023-11-25 14:18:10.482,0 days 00:33:10.478000,1829.0,-2812.0,-231.0,,279.3333344711121,11243.000066560056,99.0,0.0,8,7,4205.537189392408,0.7969366905155314,27.0,261.8377846044512,interpolation,0 days 00:01:04.131000,64.131,1990.478,0.0
2023-11-25 14:18:10.582,0 days 00:33:10.578000,1788.7771465972403,-2749.6042582577134,-231.4332916386615,,278.6666655288879,11203.999933439944,99.0,0.0,8,7,4214.513595665015,0.7986376925957548,27.0,257.83777095110617,interpolation,0 days 00:01:04.231000,64.231,1990.578,0.0
2023-11-25 14:18:10.682,0 days 00:33:10.678000,1752.0,-2680.0,-232.0,,278.0,11165.0,99.0,0.0,8,7,4222.287222222222,0.8001107715254647,27.0,253.83777777777868,interpolation,0 days 00:01:04.331000,64.331,1990.678,0.0
2023-11-25 14:18:10.782,0 days 00:33:10.778000,1717.4219356698502,-2598.474332480963,-232.56088232171925,,277.49999872,11152.499968,99.0,0.0,8,7,4228.488476213567,0.8012858905674207,27.0,251.0155483306677,interpolation,0 days 00:01:04.431000,64.431,1990.778,0.0
2023-11-25 14:18:10.882,0 days 00:33:10.878000,1688.0,-2521.0,-233.0,,277.0,11140.0,99.0,0.0,8,7,4234.598333333333,0.8024436901761913,27.0,248.1933333333345,interpolation,0 days 00:01:04.531000,64.531,1990.878,0.0
2023-11-25 14:18:10.982,0 days 00:33:10.978000,1666.690584023851,-2463.548118696931,-233.20142467101752,,272.33332536889566,10947.333004515836,83.6666404978001,0.0,8,7,4242.097895341605,0.8038648346954371,27.0,244.90443883141305,interpolation,0 days 00:01:04.631000,64.631,1990.978,0.0
2023-11-25 14:18:11.082,0 days 00:33:11.078000,1653.4939059492635,-2426.1192768775127,-233.1651542721883,,267.66667463110434,10754.666995484164,68.3333595021999,0.0,8,7,4250.621545321594,0.80548004081543,27.0,241.6155611685883,interpolation,0 days 00:01:04.731000,64.731,1991.078,0.0
2023-11-25 14:18:11.182,0 days 00:33:11.178000,1639.8001840200411,-2366.13043821919,-233.0463067372644,,263.0,10562.0,53.0,0.0,8,7,4257.976111111112,0.8068737089858745,27.0,238.3266666666668,interpolation,0 days 00:01:04.831000,64.831,1991.178,0.0
2023-11-25 14:18:11.282,0 days 00:33:11.278000,1617.0,-2241.0,-233.0,,263.0,10211.00089856,26.50006784,1.0,8,7,4263.795977278126,0.8079765561784,27.0,235.8155619840003,interpolation,0 days 00:01:04.931000,64.931,1991.278,0.0
2023-11-25 14:18:11.382,0 days 00:33:11.378000,1588.0,-2070.0,-233.0,,263.0,9860.0,0.0,1.0,8,7,4269.665000000001,0.8090887183907159,27.0,233.30444444444493,interpolation,0 days 00:01:05.031000,65.031,1991.378,0.0
2023-11-25 14:18:11.482,0 days 00:33:11.478000,1570.241609659784,-1968.771117179476,-232.8889065631407,,247.00004096,9712.00037888,0.0,1.0,8,7,4277.166915759849,0.8105103089388295,27.0,230.4593128391116,interpolation,0 days 00:01:05.131000,65.131,1991.478,0.0
2023-11-25 14:18:11.582,0 days 00:33:11.578000,1566.6315267183118,-1956.5856340710416,-232.64048496560952,,231.0,9564.0,0.0,1.0,8,7,4285.129166666668,0.8120191316173541,27.0,227.6141666666672,interpolation,0 days 00:01:05.231000,65.231,1991.578,0.0
2023-11-25 14:18:11.682,0 days 00:33:11.678000,1570.4556970577323,-1966.3575118472295,-232.32182216527312,,231.0,9564.0,0.0,1.0,8,7,4292.379036476406,0.8133929602134762,27.0,225.1697284800004,interpolation,0 days 00:01:05.331000,65.331,1991.678,0.0
2023-11-25 14:18:11.782,0 days 00:33:11.778000,1575.0,-1931.0,-232.0,,231.0,9564.0,0.0,1.0,8,7,4298.916599427917,0.8146318087952351,27.0,222.72527777777805,interpolation,0 days 00:01:05.431000,65.431,1991.778,0.0
2023-11-25 14:18:11.882,0 days 00:33:11.878000,1580.2643890115723,-1850.5134605893463,-231.6750217652406,,231.0,9564.0,0.0,1.0,8,7,4304.9770798121335,0.8157802516606351,27.0,220.2808395911113,interpolation,0 days 00:01:05.531000,65.531,1991.878,0.0
2023-11-25 14:18:11.982,0 days 00:33:11.978000,1585.9207462392148,-1734.991348026144,-231.345151847603,,231.0,9564.0,0.0,1.0,8,7,4310.795833333335,0.8168828880101144,27.0,217.8363888888889,interpolation,0 days 00:01:05.631000,65.631,1991.978,0.0
2023-11-25 14:18:12.082,0 days 00:33:12.078000,1590.0,-1645.0,-231.0,,211.50004992,10123.9985664,0.0,1.0,8,6,4316.372800407638,0.8179397065527063,27.0,216.39194814222236,interpolation,0 days 00:01:05.731000,65.731,1992.078,0.0
2023-11-25 14:18:12.182,0 days 00:33:12.178000,1592.174020304879,-1590.6327735922996,-230.6378304024612,,192.0,10684.0,0.0,1.0,8,6,4321.4625000000015,0.8189041893681448,27.0,214.94750000000025,interpolation,0 days 00:01:05.831000,65.831,1992.178,0.0
2023-11-25 14:18:12.282,0 days 00:33:12.278000,1592.442784891939,-1571.8902255220162,-230.25864676359376,,192.0,10823.9996416,0.0,1.0,8,6,4325.819341848706,0.8197297978380361,27.0,213.7919474026669,interpolation,0 days 00:01:05.931000,65.931,1992.278,0.0
2023-11-25 14:18:12.382,0 days 00:33:12.378000,1600.2402018330797,-1561.702421330781,-230.2501397429319,,192.0,10964.0,0.0,1.0,8,6,4329.995833333334,0.8205212304545689,27.0,212.6363888888891,interpolation,0 days 00:01:06.031000,66.031,1992.378,0.0
2023-11-25 14:18:12.482,0 days 00:33:12.478000,1625.0,-1533.0,-231.0,,172.33336689780643,10777.333651911384,0.0,1.0,8,6,4334.544394452126,0.8213831691514282,27.0,212.76972199466653,interpolation,0 days 00:01:06.131000,66.131,1992.478,0.0
2023-11-25 14:18:12.582,0 days 00:33:12.578000,1666.7224329335957,-1485.782667616252,-232.5082352133818,,152.66663310219357,10590.666348088616,0.0,1.0,8,6,4339.302628273144,0.8222848401968267,27.0,212.90305578311128,interpolation,0 days 00:01:06.231000,66.231,1992.578,0.0
2023-11-25 14:18:12.682,0 days 00:33:12.678000,1712.0,-1439.0,-234.0,,133.0,10404.0,0.0,1.0,8,6,4343.295833333335,0.8230415405853629,27.0,213.03638888888872,interpolation,0 days 00:01:06.331000,66.331,1992.678,0.0
2023-11-25 14:18:12.782,0 days 00:33:12.778000,1747.4260914451768,-1411.600610412092,-234.700479696762,,133.0,10263.9996416,0.0,1.0,8,4,4346.3616070139,0.8236224955076074,27.0,213.1030557262225,interpolation,0 days 00:01:06.431000,66.431,1992.778,0.0
2023-11-25 14:18:12.882,0 days 00:33:12.878000,1773.0003445068778,-1403.5847794215588,-234.60966713077377,,133.0,10124.0,0.0,1.0,8,4,4349.206944444445,0.8241616784212713,27.0,213.16972222222284,interpolation,0 days 00:01:06.531000,66.531,1992.878,0.0
2023-11-25 14:18:12.982,0 days 00:33:12.978000,1795.824567395122,-1404.526513920305,-234.21402099939675,,125.4999808,9833.49925632,0.0,1.0,8,3,4352.538901284357,0.8247930742542785,27.0,213.66972350222284,interpolation,0 days 00:01:06.631000,66.631,1992.978,0.0
2023-11-25 14:18:13.082,0 days 00:33:13.078000,1823.0,-1404.0,-234.0,,118.0,9543.0,0.0,1.0,8,3,4355.762500000001,0.8254039365475607,27.0,214.16972222222284,interpolation,0 days 00:01:06.731000,66.731,1993.078,0.0
2023-11-25 14:18:13.182,0 days 00:33:13.178000,1854.526920598655,-1402.005232269128,-233.96760194100293,,112.9999872,9251.49925376,0.0,1.0,8,2,4358.282830186621,0.8258815315627699,27.0,214.791946037334,interpolation,0 days 00:01:06.831000,66.831,1993.178,0.0
2023-11-25 14:18:13.282,0 days 00:33:13.278000,1889.3344998125667,-1398.918788450797,-234.0670855862265,,108.0,8960.0,0.0,1.0,8,2,4360.562500000001,0.8263135221586744,27.0,215.41416666666737,car,0 days 00:01:06.931000,66.931,1993.278,0.0
2023-11-25 14:18:13.382,0 days 00:33:13.378000,1921.0,-1397.0,-234.0,,103.99998976,8879.49979392,1.5000038399999998,1.0,8,2,4363.064166747928,0.8267875805081986,27.0,216.63639201777843,interpolation,0 days 00:01:07.031000,67.031,1993.378,0.0
2023-11-25 14:18:13.482,0 days 00:33:13.478000,1948.4525903633848,-1396.6254438618196,-233.71660430134372,,100.0,8799.0,3.0,0.0,8,2,4366.118055555557,0.8273662832826485,27.0,217.8586111111117,car,0 days 00:01:07.131000,67.131,1993.478,0.0
2023-11-25 14:18:13.582,0 days 00:33:13.578000,1972.057038174276,-1397.627447829569,-233.27235385822655,,100.0,8998.50051072,19.50004224,0.0,8,2,4370.054448436939,0.8281122179336059,27.0,220.1530614293342,interpolation,0 days 00:01:07.231000,67.231,1993.578,0.0
2023-11-25 14:18:13.682,0 days 00:33:13.678000,1994.0,-1399.0,-233.0,,100.0,9198.0,36.0,0.0,8,2,4373.895833333334,0.8288401488562122,27.0,222.44750000000116,interpolation,0 days 00:01:07.331000,67.331,1993.678,0.0
2023-11-25 14:18:13.782,0 days 00:33:13.778000,2014.6461866934048,-1400.5754460568655,-232.95499820770075,,101.00000170666522,9301.000175786518,38.33333731555216,0.0,8,2,4376.664777830421,0.8293648555379878,27.0,223.91416916977664,interpolation,0 days 00:01:07.431000,67.431,1993.778,0.0
2023-11-25 14:18:13.882,0 days 00:33:13.878000,2039.0,-1403.0,-233.0,,101.99999829333478,9403.999824213482,40.66666268444784,0.0,8,2,4378.558721344355,0.8297237521564328,27.0,225.38083083022525,interpolation,0 days 00:01:07.531000,67.531,1993.878,0.0
2023-11-25 14:18:13.982,0 days 00:33:13.978000,2072.066302465461,-1406.9199167892632,-232.997656895569,,103.0,9507.0,43.0,0.0,8,2,4380.762500000001,0.8301413616054442,27.0,226.8475000000008,interpolation,0 days 00:01:07.631000,67.631,1993.978,0.0
2023-11-25 14:18:14.082,0 days 00:33:14.078000,2109.0,-1411.0,-233.0,,103.99999744,9596.9997696,46.49999104,0.0,8,2,4383.473559000797,0.830655099159195,27.0,228.79193946666777,interpolation,0 days 00:01:07.731000,67.731,1994.078,0.0
2023-11-25 14:18:14.182,0 days 00:33:14.178000,2144.956715313838,-1413.905135127534,-233.05906041888613,,105.0,9687.0,50.0,0.0,8,2,4386.595833333334,0.8312467607856169,27.0,230.7363888888904,interpolation,0 days 00:01:07.831000,67.831,1994.178,0.0
2023-11-25 14:18:14.282,0 days 00:33:14.278000,2179.054035912426,-1415.9474581140378,-233.13624530299077,,108.7499904,9859.24955904,56.74998272,0.0,8,2,4390.033198250885,0.8318981311333569,27.0,232.65700897209052,interpolation,0 days 00:01:07.931000,67.931,1994.278,0.0
2023-11-25 14:18:14.382,0 days 00:33:14.378000,2206.0,-1419.0,-233.0,,112.5,10031.5,63.5,0.0,8,2,4393.785688952155,0.8326092168724637,27.0,234.5776388888908,interpolation,0 days 00:01:08.031000,68.031,1994.378,0.0
2023-11-25 14:18:14.482,0 days 00:33:14.478000,2224.912287351869,-1423.3748952181534,-232.61173366060265,,116.2499904,10203.74955904,70.24998272,0.0,8,2,4397.601566446682,0.8333323142188791,27.0,236.49825897209092,interpolation,0 days 00:01:08.131000,68.131,1994.478,0.0
2023-11-25 14:18:14.582,0 days 00:33:14.578000,2235.791091630353,-1429.0721885675398,-231.9714423089412,,120.0,10376.0,77.0,0.0,8,2,4401.229166666667,0.8340197335861647,27.0,238.4188888888912,interpolation,0 days 00:01:08.231000,68.231,1994.578,0.0
2023-11-25 14:18:14.682,0 days 00:33:14.678000,2261.524197773757,-1426.9834017131047,-231.59543108281088,,124.9999872,10219.50040064,81.49998848,0.0,8,2,4404.668452465579,0.8346714679351641,27.0,240.1133289955577,interpolation,0 days 00:01:08.331000,68.331,1994.678,0.0
2023-11-25 14:18:14.782,0 days 00:33:14.778000,2325.0,-1408.0,-232.0,,130.0,10063.0,86.0,0.0,8,2,4408.451388888889,0.8353883230473309,27.0,241.80777777777985,interpolation,0 days 00:01:08.431000,68.431,1994.778,0.0
2023-11-25 14:18:14.882,0 days 00:33:14.878000,2416.0,-1376.0,-233.0,,134.9999872,10360.99923712,84.00000512,0.0,8,2,4413.109867026506,0.836271090689761,27.0,243.67443966578,interpolation,0 days 00:01:08.531000,68.531,1994.878,0.0
2023-11-25 14:18:14.982,0 days 00:33:14.978000,2473.217516548715,-1354.250205671116,-233.48456233697328,,140.0,10659.0,82.0,0.0,8,2,4417.784722222223,0.8371569617356075,27.0,245.54111111111345,interpolation,0 days 00:01:08.631000,68.631,1994.978,0.0
2023-11-25 14:18:15.082,0 days 00:33:15.078000,2486.434115421745,-1346.6286619129114,-233.26853713128085,,140.99999744,10742.7497856,73.50002176,0.0,8,3,4421.6166942465015,0.8378831089471644,27.0,246.8966631964468,interpolation,0 days 00:01:08.731000,68.731,1995.078,0.0
2023-11-25 14:18:15.182,0 days 00:33:15.178000,2486.433769223815,-1339.9427167982567,-232.66824207994543,,142.0,10826.5,65.0,0.0,8,3,4424.605822338832,0.838449539760198,27.0,248.25222222222465,interpolation,0 days 00:01:08.831000,68.831,1995.178,0.0
2023-11-25 14:18:15.282,0 days 00:33:15.278000,2504.0,-1321.0,-232.0,,142.99999744,10910.2497856,56.50002176,0.0,8,3,4427.384383988857,0.8389760688636261,27.0,249.60777430755803,interpolation,0 days 00:01:08.931000,68.931,1995.278,0.0
2023-11-25 14:18:15.382,0 days 00:33:15.378000,2539.132987628962,-1289.8003175442236,-231.26380404862803,,144.0,10994.0,48.0,0.0,8,3,4430.584722222222,0.8395825233652437,27.0,250.96333333333587,interpolation,0 days 00:01:09.031000,69.031,1995.378,0.0
2023-11-25 14:18:15.482,0 days 00:33:15.478000,2588.154764810661,-1248.9405746200953,-230.5054875723904,,144.99999744,10985.00002304,42.50001408,0.0,8,3,4434.206804267547,0.8402688970549732,27.0,252.74110656000255,interpolation,0 days 00:01:09.131000,69.131,1995.478,0.0
2023-11-25 14:18:15.582,0 days 00:33:15.578000,2629.0,-1214.0,-230.0,,146.0,10976.0,37.0,0.0,8,3,4438.695833333333,0.8411195546062459,27.0,254.51888888889152,interpolation,0 days 00:01:09.231000,69.231,1995.578,0.0
2023-11-25 14:18:15.682,0 days 00:33:15.678000,2657.990667403673,-1187.5755371797427,-229.7931723155698,,146.49999872,10884.50023424,34.500006400000004,0.0,8,3,4444.496929570312,0.8422188449532964,27.0,257.1244377742247,interpolation,0 days 00:01:09.331000,69.331,1995.678,0.0
2023-11-25 14:18:15.782,0 days 00:33:15.778000,2675.1270638868746,-1169.6669155721315,-229.88500240117895,,147.0,10793.0,32.0,0.0,8,3,4450.129166666667,0.8432861369993846,27.0,259.7300000000023,interpolation,0 days 00:01:09.431000,69.431,1995.778,0.0
2023-11-25 14:18:15.882,0 days 00:33:15.878000,2687.4498349866067,-1150.424956498446,-230.03433128619903,,146.3333344711121,10751.666737208949,29.00000512000437,0.0,8,3,4454.111501233263,0.8440407774619716,27.0,261.3966638222221,interpolation,0 days 00:01:09.531000,69.531,1995.878,0.0
2023-11-25 14:18:15.982,0 days 00:33:15.978000,2702.0,-1120.0,-230.0,,145.6666655288879,10710.333262791051,25.999994879995636,0.0,8,3,4456.740561863224,0.8445389765702542,27.0,263.0633361777825,interpolation,0 days 00:01:09.631000,69.631,1995.978,0.0
2023-11-25 14:18:16.082,0 days 00:33:16.078000,2718.777409933745,-1078.3923576275506,-229.7820088941333,,145.0,10669.0,23.0,0.0,8,3,4459.795833333333,0.8451179413550994,27.0,264.7300000000023,interpolation,0 days 00:01:09.731000,69.731,1996.078,0.0
2023-11-25 14:18:16.182,0 days 00:33:16.178000,2736.780642489582,-1028.3095909545843,-229.4031287096482,,143.66666439111304,10623.999923200066,24.00000170666521,0.0,8,3,4463.57393474357,0.8458338802467829,27.0,267.2188931365914,interpolation,0 days 00:01:09.831000,69.831,1996.178,0.0
2023-11-25 14:18:16.282,0 days 00:33:16.278000,2750.0,-986.0,-229.0,,142.33333560888696,10579.000076799934,24.99999829333479,0.0,8,3,4467.967118058903,0.8466663753156602,27.0,269.7077735300803,interpolation,0 days 00:01:09.931000,69.931,1996.278,0.0
2023-11-25 14:18:16.382,0 days 00:33:16.378000,2757.4340237321894,-954.1711391493128,-228.59539161042412,,141.0,10534.0,26.0,0.0,8,3,4472.329166666666,0.8474929704507851,27.0,272.19666666666944,interpolation,0 days 00:01:10.031000,70.031,1996.378,0.0
2023-11-25 14:18:16.482,0 days 00:33:16.478000,2759.977536078175,-930.2726443044912,-228.1024478256527,,140.3333344711121,10513.333368604475,32.999988053323136,0.0,8,3,4476.552326552224,0.8482932465893966,27.0,274.8633287822211,interpolation,0 days 00:01:10.131000,70.131,1996.478,0.0
2023-11-25 14:18:16.582,0 days 00:33:16.578000,2763.0,-899.0,-227.0,,139.6666655288879,10492.666631395525,40.000011946676864,0.0,8,3,4480.648047055704,0.8490693733471277,27.0,277.53000455111777,interpolation,0 days 00:01:10.231000,70.231,1996.578,0.0
2023-11-25 14:18:16.682,0 days 00:33:16.678000,2767.396283063946,-857.802836442165,-225.2011995640559,,139.0,10472.0,47.0,0.0,8,3,4484.684722222221,0.8498343111905033,27.0,280.19666666666944,interpolation,0 days 00:01:10.331000,70.331,1996.678,0.0
2023-11-25 14:18:16.782,0 days 00:33:16.778000,2772.0,-805.0,-224.0,,140.00000256,10722.00064,49.00000512,0.0,8,3,4488.673799482297,0.8505902293732919,27.0,282.641117368892,interpolation,0 days 00:01:10.431000,70.431,1996.778,0.0
2023-11-25 14:18:16.882,0 days 00:33:16.878000,2775.644673378177,-738.9112996022476,-224.69038551000244,,141.0,10972.0,51.0,0.0,8,3,4492.518055555554,0.8513187043753068,27.0,285.08555555555904,interpolation,0 days 00:01:10.531000,70.531,1996.878,0.0
2023-11-25 14:18:16.982,0 days 00:33:16.978000,2778.0,-678.0,-226.0,,142.2500032,10977.50001408,55.00001024,0.0,8,3,4496.120347374949,0.852001327876547,27.0,286.91056022755885,interpolation,0 days 00:01:10.631000,70.631,1996.978,0.0
2023-11-25 14:18:17.082,0 days 00:33:17.078000,2778.735615226974,-640.7306664241332,-226.6564668959623,,143.5,10983.0,59.0,0.0,8,3,4499.4806380531045,0.8526380928869657,27.0,288.7355555555587,interpolation,0 days 00:01:10.731000,70.731,1997.078,0.0
2023-11-25 14:18:17.182,0 days 00:33:17.178000,2778.0351119398,-623.5343493208468,-226.76979611124747,,144.7500032,10988.50001408,63.00001024,0.0,8,3,4503.009656170487,0.8533068312413261,27.0,290.5605602275585,interpolation,0 days 00:01:10.831000,70.831,1997.178,0.0
2023-11-25 14:18:17.282,0 days 00:33:17.278000,2777.0,-605.0,-227.0,,146.0,10994.0,67.0,0.0,8,3,4507.118055555555,0.8540853606091108,27.0,292.3855555555583,interpolation,0 days 00:01:10.931000,70.931,1997.278,0.0
2023-11-25 14:18:17.382,0 days 00:33:17.378000,2775.8138541559865,-581.5588607544015,-227.45708411064209,,150.6666746311043,11411.667379483835,74.66667975109995,0.0,8,3,4511.8058782784265,0.8549736889624807,27.0,293.9855582862227,interpolation,0 days 00:01:11.031000,71.031,1997.378,0.0
2023-11-25 14:18:17.482,0 days 00:33:17.478000,2773.81130404056,-552.4382166398951,-228.1352786953595,,155.3333253688957,11829.332620516165,82.33332024890005,0.0,8,3,4516.897585768775,0.8559385522685682,27.0,295.5855528248941,interpolation,0 days 00:01:11.131000,71.131,1997.478,0.0
2023-11-25 14:18:17.582,0 days 00:33:17.578000,2767.0,-513.0,-229.0,,160.0,12247.0,90.0,0.0,8,3,4521.340277777777,0.8567804290864846,27.0,297.1855555555585,interpolation,0 days 00:01:11.231000,71.231,1997.578,0.0
2023-11-25 14:18:17.682,0 days 00:33:17.678000,2754.71462926858,-462.4716597002133,-230.04547410255532,,161.99999488,12325.99979776,81.00002304,0.0,8,3,4524.958418245242,0.8574660558590248,27.0,298.1855529955585,interpolation,0 days 00:01:11.331000,71.331,1997.678,0.0
2023-11-25 14:18:17.782,0 days 00:33:17.778000,2737.652682785816,-403.72562162342246,-231.1963000536977,,164.0,12405.0,72.0,0.0,8,3,4528.629166666666,0.8581616516811384,27.0,299.1855555555585,interpolation,0 days 00:01:11.431000,71.431,1997.778,0.0
2023-11-25 14:18:17.882,0 days 00:33:17.878000,2720.0,-354.0,-232.0,,166.99999232,11705.001792,49.00005888,0.0,8,3,4533.229607899311,0.8590334215040526,27.0,300.26888611555864,interpolation,0 days 00:01:11.531000,71.531,1997.878,0.0
2023-11-25 14:18:17.982,0 days 00:33:17.978000,2702.454016889232,-316.16722893269355,-232.38117051636075,,170.0,11005.0,26.0,0.0,8,3,4538.07361111111,0.8599513455918943,27.0,301.35222222222546,interpolation,0 days 00:01:11.631000,71.631,1997.978,0.0
2023-11-25 14:18:18.082,0 days 00:33:18.078000,2685.014913123918,-290.2276958280872,-232.339807699604,,169.00000170666812,10768.667070009233,18.6666791822329,0.0,8,3,4542.474948758895,0.8607853858823273,27.0,302.49703508322153,interpolation,0 days 00:01:11.731000,71.731,1998.078,0.0
2023-11-25 14:18:18.182,0 days 00:33:18.178000,2668.8182695966543,-271.42418808948395,-232.12854103304417,,167.99999829333188,10532.332929990767,11.333320817767095,0.0,8,3,4546.562463108859,0.8615599575985665,27.0,303.64185380567443,interpolation,0 days 00:01:11.831000,71.831,1998.178,0.0
2023-11-25 14:18:18.282,0 days 00:33:18.278000,2655.0,-255.0,-232.0,,167.0,10296.0,4.0,1.0,8,4,4551.108888888887,0.8624214916551309,27.0,304.7866666666705,car,0 days 00:01:11.931000,71.931,1998.278,0.0
2023-11-25 14:18:18.382,0 days 00:33:18.378000,2643.559962834512,-240.95496337551864,-231.954183284208,,166.24999808,10134.7495872,2.99999744,1.0,8,4,4556.2430698508815,0.8633944035567733,27.0,306.48667101867056,interpolation,0 days 00:01:12.031000,72.031,1998.378,0.0
2023-11-25 14:18:18.482,0 days 00:33:18.478000,2632.9633030088658,-227.95560263811768,-231.97878870661592,,165.5,9973.5,2.0,1.0,8,4,4561.964953420964,0.864478683340901,27.0,308.1866666666706,interpolation,0 days 00:01:12.131000,72.131,1998.478,0.0
2023-11-25 14:18:18.582,0 days 00:33:18.578000,2614.0,-208.0,-232.0,,164.74999808,9812.2495872,0.99999744,1.0,8,4,4567.725499381007,0.8655702895320292,27.0,309.88667101867065,interpolation,0 days 00:01:12.231000,72.231,1998.578,0.0
2023-11-25 14:18:18.682,0 days 00:33:18.678000,2585.1352757546365,-179.75474040728443,-232.00551429894296,,164.0,9651.0,0.0,1.0,8,4,4572.975555555554,0.866565159439093,27.0,311.5866666666707,interpolation,0 days 00:01:12.331000,72.331,1998.678,0.0
2023-11-25 14:18:18.782,0 days 00:33:18.778000,2546.0,-147.0,-232.0,,160.2499904,9693.5001088,7.5000192,0.0,8,4,4577.715175705315,0.867463303249586,27.0,313.5866717866707,interpolation,0 days 00:01:12.431000,72.431,1998.778,0.0
2023-11-25 14:18:18.882,0 days 00:33:18.878000,2496.2257387830537,-113.51657955798314,-231.98812549972612,,156.5,9736.0,15.0,0.0,8,4,4581.944311296706,0.8682647117665396,27.0,315.5866666666707,interpolation,0 days 00:01:12.531000,72.531,1998.878,0.0
2023-11-25 14:18:18.982,0 days 00:33:18.978000,2438.94985388758,-80.59714278248273,-231.97596897167344,,152.7499904,9778.5001088,22.5000192,0.0,8,4,4585.827979097518,0.8690006551727822,27.0,317.5866717866707,interpolation,0 days 00:01:12.631000,72.631,1998.978,0.0
2023-11-25 14:18:19.082,0 days 00:33:19.078000,2393.0,-56.0,-232.0,,149.0,9821.0,30.0,0.0,8,4,4589.53111111111,0.8697023875885358,27.0,319.5866666666707,interpolation,0 days 00:01:12.731000,72.731,1999.078,0.0
2023-11-25 14:18:19.182,0 days 00:33:19.178000,2361.513578066129,-41.0179059074752,-232.0662971259315,,150.2500032,9862.2501056,38.25002112,0.0,8,4,4593.053745257649,0.8703699161995585,27.0,321.1644484835596,interpolation,0 days 00:01:12.831000,72.831,1999.178,0.0
2023-11-25 14:18:19.282,0 days 00:33:19.278000,2341.387395803146,-34.32888193762559,-232.1386722792218,,151.5,9903.5,46.5,0.0,8,4,4596.395845465456,0.8710032341703753,27.0,322.74222222222625,interpolation,0 days 00:01:12.931000,72.931,1999.278,0.0
2023-11-25 14:18:19.382,0 days 00:33:19.378000,2314.0,-28.0,-232.0,,152.7500032,9944.7501056,54.75002112,0.0,8,4,4599.727818240089,0.8716346330229647,27.0,324.32000403911513,interpolation,0 days 00:01:13.031000,73.031,1999.378,0.0
2023-11-25 14:18:19.482,0 days 00:33:19.478000,2276.248156399949,-20.709192918650054,-231.61409431690132,,154.0,9986.0,63.0,0.0,8,4,4603.219999999998,0.8722963909980079,27.0,325.8977777777818,car,0 days 00:01:13.131000,73.131,1999.478,0.0
2023-11-25 14:18:19.582,0 days 00:33:19.578000,2229.8369946457287,-12.985093660466957,-231.0808878085399,,156.5000064,10189.00051968,72.50002432,0.0,8,4,4606.872426505227,0.872988514871926,27.0,327.6755601066708,interpolation,0 days 00:01:13.231000,73.231,1999.578,0.0
2023-11-25 14:18:19.682,0 days 00:33:19.678000,2185.0,-8.0,-231.0,,159.0,10392.0,82.0,0.0,8,4,4612.053333333332,0.8739702811851268,27.0,329.45333333333747,car,0 days 00:01:13.331000,73.331,1999.678,0.0
2023-11-25 14:18:19.782,0 days 00:33:19.778000,2143.442229553338,-6.282568514700806,-231.47136659328365,,166.0,10952.0,99.0,0.0,8,4,4619.431111111109,0.8753683479577643,27.0,331.9866666666703,interpolation,0 days 00:01:13.431000,73.431,1999.778,0.0
2023-11-25 14:18:19.882,0 days 00:33:19.878000,2101.0,-7.0,-232.0,,169.49999104,11176.999424,99.49999872,0.0,8,4,4624.806107701876,0.8763868936991697,27.0,332.9588864000036,interpolation,0 days 00:01:13.531000,73.531,1999.878,0.0
2023-11-25 14:18:19.982,0 days 00:33:19.978000,2053.508767874157,-9.31948501137408,-232.09092287175173,,173.0,11402.0,100.0,0.0,8,4,4629.0422222222205,0.8771896247022395,27.0,333.93111111111466,interpolation,0 days 00:01:13.631000,73.631,1999.978,0.0
2023-11-25 14:18:20.082,0 days 00:33:20.078000,2004.0,-13.0,-232.0,,175.66666211555167,11567.666383928648,99.66666723555603,0.0,8,4,4633.703190775053,0.8780728642708873,27.0,333.853333466078,interpolation,0 days 00:01:13.731000,73.731,2000.078,0.0
2023-11-25 14:18:20.182,0 days 00:33:20.178000,1955.5041699217024,-17.800582857087473,-231.98309617620583,,178.33333788444833,11733.333616071352,99.33333276444397,0.0,8,4,4638.657973406786,0.8790117807267247,27.0,333.7755554228187,interpolation,0 days 00:01:13.831000,73.831,2000.178,0.0
2023-11-25 14:18:20.282,0 days 00:33:20.278000,1905.0,-24.0,-232.0,,181.0,11899.0,99.0,0.0,8,4,4643.119999999998,0.8798573213903899,27.0,333.697777777782,interpolation,0 days 00:01:13.931000,73.931,2000.278,0.0
2023-11-25 14:18:20.382,0 days 00:33:20.378000,1849.4651988355165,-31.87713048614323,-232.01050007101327,,184.50000896,11478.9989248,99.0,0.0,8,4,4646.958228563929,0.880584654197456,27.0,333.2977767537824,interpolation,0 days 00:01:14.031000,74.031,2000.378,0.0
2023-11-25 14:18:20.482,0 days 00:33:20.478000,1789.3109113428206,-41.24696298922641,-232.01323088281512,,188.0,11059.0,99.0,0.0,8,4,4651.475555555553,0.8814406741208468,27.0,332.8977777777827,car,0 days 00:01:14.131000,74.131,2000.478,0.0
2023-11-25 14:18:20.582,0 days 00:33:20.578000,1727.0,-51.0,-232.0,,191.50000896,10833.999424,99.50000128,0.0,8,4,4657.974962992759,0.8826722923470233,27.0,331.53110761244926,interpolation,0 days 00:01:14.231000,74.231,2000.578,0.0
2023-11-25 14:18:20.682,0 days 00:33:20.678000,1662.943679108815,-60.9512109829396,-231.96944215914183,,195.0,10609.0,100.0,0.0,8,4,4664.475555555553,0.8839041351509461,27.0,330.16444444444915,interpolation,0 days 00:01:14.331000,74.331,2000.678,0.0
2023-11-25 14:18:20.782,0 days 00:33:20.778000,1596.0,-71.0,-232.0,,198.50000896,10826.00055552,99.49999872,0.0,8,5,4668.996571043911,0.8847608540334111,27.0,328.9644413724493,interpolation,0 days 00:01:14.431000,74.431,2000.778,0.0
2023-11-25 14:18:20.882,0 days 00:33:20.878000,1525.0283554442365,-81.04556631314051,-232.170116162334,,202.0,11043.0,99.0,0.0,8,5,4673.453333333331,0.8856053971272884,27.0,327.7644444444495,car,0 days 00:01:14.531000,74.531,2000.878,0.0
2023-11-25 14:18:20.982,0 days 00:33:20.978000,1450.0280186900163,-91.08801278922284,-232.47979238813824,,205.0000051199956,11205.333610381986,99.33333390222174,0.0,8,5,4679.761258231797,0.886800729986378,27.0,324.7977727146759,interpolation,0 days 00:01:14.631000,74.631,2000.978,0.0
2023-11-25 14:18:21.082,0 days 00:33:21.078000,1380.7640169108254,-100.08640679068692,-232.79957113987345,,207.9999948800044,11367.666389618014,99.66666609777826,0.0,8,5,4687.545044564369,0.8882757341630637,27.0,321.8311161742226,interpolation,0 days 00:01:14.731000,74.731,2001.078,0.0
2023-11-25 14:18:21.182,0 days 00:33:21.178000,1327.0,-107.0,-233.0,,211.0,11530.0,100.0,0.0,8,5,4694.553333333332,0.889603783876142,27.0,318.86444444444896,interpolation,0 days 00:01:14.831000,74.831,2001.178,0.0
2023-11-25 14:18:21.282,0 days 00:33:21.278000,1288.7365184996631,-111.82872162214888,-233.08107691613168,,213.66666211555167,11642.999807146502,99.66666723555603,0.0,8,5,4700.410816192039,0.8907137593189804,27.0,316.1002824952976,interpolation,0 days 00:01:14.931000,74.931,2001.278,0.0
2023-11-25 14:18:21.382,0 days 00:33:21.378000,1265.9731805907618,-114.57262110336951,-233.04280271849817,,216.33333788444835,11756.000192853498,99.33333276444397,0.0,8,5,4705.434481663621,0.8916657288664804,27.0,313.3361063936008,interpolation,0 days 00:01:15.031000,75.031,2001.378,0.0
2023-11-25 14:18:21.482,0 days 00:33:21.478000,1240.2234239064596,-117.78018827290845,-232.98312716161547,,219.0,11869.0,99.0,0.0,8,5,4711.525833333331,0.8928200217479391,27.0,310.5719444444494,interpolation,0 days 00:01:15.131000,75.131,2001.478,0.0
2023-11-25 14:18:21.582,0 days 00:33:21.578000,1193.0,-124.0,-233.0,,223.00001024,11238.9983872,99.50000128,0.0,8,5,4719.0018621191175,0.8942367067920686,27.0,306.5719342044494,interpolation,0 days 00:01:15.231000,75.231,2001.578,0.0
2023-11-25 14:18:21.682,0 days 00:33:21.678000,1124.3033924380052,-133.23199259393516,-233.0934210608744,,227.0,10609.0,100.0,0.0,8,5,4726.6591666666645,0.8956877430496445,27.0,302.5719444444494,interpolation,0 days 00:01:15.331000,75.331,2001.678,0.0
2023-11-25 14:18:21.782,0 days 00:33:21.778000,1054.0,-143.0,-233.0,,229.00000512,10684.50019328,100.0,0.0,8,5,4733.29450058698,0.8969451189369056,27.0,298.98860193778256,interpolation,0 days 00:01:15.431000,75.431,2001.778,0.0
2023-11-25 14:18:21.882,0 days 00:33:21.878000,1001.9576448250772,-150.8276616035434,-232.45634647313847,,231.0,10760.0,100.0,0.0,8,5,4739.492499999999,0.8981196212460248,27.0,295.40527777778243,interpolation,0 days 00:01:15.531000,75.531,2001.878,0.0
2023-11-25 14:18:21.982,0 days 00:33:21.978000,953.0,-159.0,-232.0,,233.66667121777388,10844.3334772621,99.66666609777826,0.0,8,5,4745.83793243899,0.8993220616716084,27.0,291.6978640430715,interpolation,0 days 00:01:15.631000,75.631,2001.978,0.0
2023-11-25 14:18:22.082,0 days 00:33:22.078000,891.9517728517819,-169.80187394478472,-232.16851034028824,,236.3333287822261,10928.6665227379,99.33333390222174,0.0,8,5,4752.231891483733,0.9005336977435142,27.0,287.9904692902702,interpolation,0 days 00:01:15.731000,75.731,2002.078,0.0
2023-11-25 14:18:22.182,0 days 00:33:22.178000,819.9698522440078,-182.8673445754549,-232.8085338934208,,239.0,11013.0,99.0,0.0,8,5,4758.081388888888,0.9016421599668424,27.0,284.28305555555926,interpolation,0 days 00:01:15.831000,75.831,2002.178,0.0
2023-11-25 14:18:22.282,0 days 00:33:22.278000,744.0,-196.0,-233.0,,240.49999616,11098.99977984,99.0,0.0,8,6,4763.287523312596,0.9026287068337856,27.0,280.9497307555592,interpolation,0 days 00:01:15.931000,75.931,2002.278,0.0
2023-11-25 14:18:22.382,0 days 00:33:22.378000,665.1989521856992,-208.8339252232236,-232.5895652945105,,242.0,11185.0,99.0,0.0,8,6,4768.836944444443,0.903680305502856,27.0,277.6163888888923,interpolation,0 days 00:01:16.031000,76.031,2002.378,0.0
2023-11-25 14:18:22.482,0 days 00:33:22.478000,597.0,-221.0,-232.0,,243.6666638222198,11274.999846399867,99.0,0.0,8,6,4775.716191837117,0.9049839022619532,27.0,273.02380413433093,interpolation,0 days 00:01:16.131000,76.131,2002.478,0.0
2023-11-25 14:18:22.582,0 days 00:33:22.578000,552.8349293623393,-232.1293600851792,-231.65406409952004,,245.3333361777802,11365.000153600133,99.0,0.0,8,6,4783.628468054956,0.9064832548867248,27.0,268.43119586567536,interpolation,0 days 00:01:16.231000,76.231,2002.578,0.0
2023-11-25 14:18:22.682,0 days 00:33:22.678000,532.7041925218824,-242.22189151440557,-231.55176113544516,,247.0,11455.0,99.0,0.0,8,6,4790.7925,0.9078408174648018,27.0,263.838611111114,interpolation,0 days 00:01:16.331000,76.331,2002.678,0.0
2023-11-25 14:18:22.782,0 days 00:33:22.778000,483.4710458202937,-250.45352198641697,-230.6735724836426,,248.50000384,11514.00015104,99.0,0.0,8,6,4796.911493152803,0.9090003483244464,27.0,259.4497109866702,interpolation,0 days 00:01:16.431000,76.431,2002.778,0.0
2023-11-25 14:18:22.882,0 days 00:33:22.878000,352.0,-256.0,-228.0,,250.0,11573.0,99.0,0.0,8,6,4804.681388888887,0.9104727202747368,27.0,255.06083333333757,interpolation,0 days 00:01:16.531000,76.531,2002.878,0.0
2023-11-25 14:18:22.982,0 days 00:33:22.978000,161.0,-259.0,-224.0,,252.0,11683.0,99.0,0.0,8,6,4815.881388888888,0.9125950867006688,27.0,248.12750000000324,interpolation,0 days 00:01:16.631000,76.631,2002.978,0.0
2023-11-25 14:18:23.082,0 days 00:33:23.078000,46.73358612946178,-260.2851900618952,-221.48749158929292,,252.99999744,11726.99988736,99.0,0.0,8,6,4825.010133906037,0.9143249565163194,27.0,244.22750998400315,interpolation,0 days 00:01:16.731000,76.731,2003.078,0.0
2023-11-25 14:18:23.182,0 days 00:33:23.178000,31.909879503266296,-259.99420099483063,-220.93143273266188,,254.0,11771.0,99.0,0.0,8,6,4831.150835501718,0.915488601060814,27.0,240.32750000000303,interpolation,0 days 00:01:16.831000,76.831,2003.178,0.0
2023-11-25 14:18:23.282,0 days 00:33:23.278000,44.38142384561654,-252.45614599030324,-221.15966134970495,,254.99999744,11814.99988736,99.0,0.0,8,6,4836.056781022976,0.9164182630306152,27.0,236.42750998400297,interpolation,0 days 00:01:16.931000,76.931,2003.278,0.0
2023-11-25 14:18:23.382,0 days 00:33:23.378000,12.0,-232.0,-221.0,,256.0,11859.0,99.0,0.0,8,6,4841.481388888888,0.9174462099599416,27.0,232.52750000000287,interpolation,0 days 00:01:17.031000,77.031,2003.378,0.0
2023-11-25 14:18:23.482,0 days 00:33:23.478000,-65.23406044865197,-198.62597249431963,-220.45245031847503,,256.333332764444,11699.0002730669,99.0,0.0,8,6,4847.42460355161,0.918572431322644,27.0,228.9238024466254,interpolation,0 days 00:01:17.131000,77.131,2003.478,0.0
2023-11-25 14:18:23.582,0 days 00:33:23.578000,-177.51467991800698,-155.09777151201033,-219.60659856336105,,256.666667235556,11538.9997269331,99.0,0.0,8,6,4853.953520561191,0.919809641524325,27.0,225.32008644226923,interpolation,0 days 00:01:17.231000,77.231,2003.578,0.0
2023-11-25 14:18:23.682,0 days 00:33:23.678000,-266.0,-118.0,-219.0,,257.0,11379.0,99.0,0.0,8,6,4861.4702777777775,0.9212340444840004,27.0,221.71638888889171,interpolation,0 days 00:01:17.331000,77.331,2003.678,0.0
2023-11-25 14:18:23.782,0 days 00:33:23.778000,-320.8840583254922,-90.09632786580072,-218.7222402819609,,258.50000384,10910.99880192,99.0,0.0,8,6,4870.04198686453,0.9228583576606592,27.0,217.11637711289185,interpolation,0 days 00:01:17.431000,77.431,2003.778,0.0
2023-11-25 14:18:23.882,0 days 00:33:23.878000,-347.84992946007856,-68.51239965037799,-218.7562949877708,,260.0,10443.0,99.0,0.0,8,6,4878.803611111111,0.9245186591907996,27.0,212.51638888889192,interpolation,0 days 00:01:17.531000,77.531,2003.878,0.0
2023-11-25 14:18:23.982,0 days 00:33:23.978000,-381.0,-36.0,-219.0,,260.0,10466.25005952,99.25000064,0.0,8,6,4886.890291300501,0.926051060845372,27.0,209.1830470222251,interpolation,0 days 00:01:17.631000,77.631,2003.978,0.0
2023-11-25 14:18:24.082,0 days 00:33:24.078000,-426.0175670663168,10.315179351118708,-219.4363255573906,,260.0,10489.5,99.5,0.0,8,6,4894.301944625307,0.9274555469326232,27.0,205.84972222222493,interpolation,0 days 00:01:17.731000,77.731,2004.078,0.0
2023-11-25 14:18:24.182,0 days 00:33:24.178000,-481.05241331562377,69.83864368217463,-219.96673709177364,,260.0,10512.75005952,99.75000064,0.0,8,6,4901.186690393013,0.9287601856173068,27.0,202.5163803555581,interpolation,0 days 00:01:17.831000,77.831,2004.178,0.0
2023-11-25 14:18:24.282,0 days 00:33:24.278000,-535.0,139.0,-220.0,,260.0,10536.0,100.0,0.0,8,6,4907.6925,0.9299930170354648,27.0,199.183055555558,interpolation,0 days 00:01:17.931000,77.931,2004.278,0.0
2023-11-25 14:18:24.382,0 days 00:33:24.378000,-586.010201219662,217.20498752917385,-219.4375755865333,,261.0000017066652,10581.666744604378,99.66666609777826,0.0,8,7,4913.819440065929,0.9311540538113242,27.0,196.3386062565993,interpolation,0 days 00:01:18.031000,78.031,2004.378,0.0
2023-11-25 14:18:24.482,0 days 00:33:24.478000,-632.0,294.0,-219.0,,261.9999982933348,10627.333255395622,99.33333390222174,0.0,8,7,4919.599586644814,0.932249374260966,27.0,193.4941715211838,interpolation,0 days 00:01:18.131000,78.131,2004.478,0.0
2023-11-25 14:18:24.582,0 days 00:33:24.578000,-670.8873726462665,358.9330183425985,-219.40779914903908,,263.0,10673.0,99.0,0.0,8,7,4925.225833333333,0.933315531142727,27.0,190.64972222222517,interpolation,0 days 00:01:18.231000,78.231,2004.578,0.0
2023-11-25 14:18:24.682,0 days 00:33:24.678000,-708.0,421.0,-220.0,,263.0,10682.666650168874,99.0,0.0,8,7,4930.7302613125885,0.9343586037442568,27.0,187.08519126866963,interpolation,0 days 00:01:18.331000,78.331,2004.678,0.0
2023-11-25 14:18:24.782,0 days 00:33:24.778000,-748.6663411427386,489.1982028952348,-220.11563975922533,,263.0,10692.333349831126,99.0,0.0,8,7,4936.599671306785,0.9354708393435164,27.0,183.5206420646689,interpolation,0 days 00:01:18.431000,78.431,2004.778,0.0
2023-11-25 14:18:24.882,0 days 00:33:24.878000,-784.0,548.0,-220.0,,263.0,10702.0,99.0,0.0,8,7,4945.754444444445,0.93720564140998,27.0,179.9561111111134,car,0 days 00:01:18.531000,78.531,2004.878,0.0
2023-11-25 14:18:24.982,0 days 00:33:24.978000,-805.1153587371506,581.8790647657438,-219.89836229560868,,267.0,10748.0,99.0,0.0,8,7,4957.621111111112,0.9394543391707888,27.0,173.2005555555579,interpolation,0 days 00:01:18.631000,78.631,2004.978,0.0
2023-11-25 14:18:25.082,0 days 00:33:25.078000,-837.0,637.0,-220.0,,267.333332764444,10748.0,99.0,0.0,8,7,4965.837757770175,0.9410113690817656,27.0,169.57833951526715,interpolation,0 days 00:01:18.731000,78.731,2005.078,0.0
2023-11-25 14:18:25.182,0 days 00:33:25.178000,-904.642049154902,759.5283198713513,-220.49418646712897,,267.666667235556,10748.0,99.0,0.0,8,7,4970.160554565979,0.9418305261161888,27.0,165.9561049291828,interpolation,0 days 00:01:18.831000,78.831,2005.178,0.0
2023-11-25 14:18:25.282,0 days 00:33:25.278000,-973.0,886.0,-221.0,,268.0,10748.0,99.0,0.0,8,7,4975.487777777777,0.9428400189454892,27.0,162.33388888889203,car,0 days 00:01:18.931000,78.931,2005.278,0.0
2023-11-25 14:18:25.382,0 days 00:33:25.378000,-1007.033738972768,952.9535657650048,-221.13652914161037,,269.00000256,10742.9999872,99.0,0.0,8,7,4982.63587568043,0.9441945620702984,27.0,157.30609824000308,interpolation,0 days 00:01:19.031000,79.031,2005.378,0.0
2023-11-25 14:18:25.482,0 days 00:33:25.478000,-1011.9509339251216,969.9100028367196,-220.98135777831504,,270.0,10738.0,99.0,1.0,8,7,4990.487777777777,0.9456824739802194,27.0,152.27833333333638,car,0 days 00:01:19.131000,79.131,2005.478,0.0
2023-11-25 14:18:25.582,0 days 00:33:25.578000,-1019.0,994.0,-221.0,,259.66664903112616,10169.332362809717,65.99994368004806,1.0,8,7,4997.926567173665,0.9470921022715952,27.0,147.50795482154115,interpolation,0 days 00:01:19.231000,79.231,2005.578,0.0
2023-11-25 14:18:25.682,0 days 00:33:25.678000,-1033.3888813716624,1034.7449818470195,-221.27004090017937,,249.33335096887384,9600.667637190283,33.00005631995195,1.0,8,7,5004.970786561073,0.9484269607291606,27.0,142.73760073402138,interpolation,0 days 00:01:19.331000,79.331,2005.678,0.0
2023-11-25 14:18:25.782,0 days 00:33:25.778000,-1053.9859054860942,1091.9008568824104,-221.72878040579127,,239.0,9032.0,0.0,1.0,8,7,5011.732222222221,0.9497082325182962,27.0,137.96722222222616,interpolation,0 days 00:01:19.431000,79.431,2005.778,0.0
2023-11-25 14:18:25.882,0 days 00:33:25.878000,-1074.0,1164.0,-222.0,,226.3333549511296,9013.333365191138,0.0,1.0,8,7,5018.229423786181,0.9509394327381048,27.0,134.38204315576226,interpolation,0 days 00:01:19.531000,79.531,2005.878,0.0
2023-11-25 14:18:25.982,0 days 00:33:25.978000,-1092.2995499616834,1250.798640771742,-222.0209996218151,,213.66664504887044,8994.666634808862,0.0,1.0,8,7,5024.369971430639,0.952103048109304,27.0,130.79684573313455,interpolation,0 days 00:01:19.631000,79.631,2005.978,0.0
2023-11-25 14:18:26.082,0 days 00:33:26.078000,-1107.0,1335.0,-222.0,,201.0,8976.0,0.0,1.0,8,7,5029.598888888888,0.9530939122929968,27.0,127.21166666667068,interpolation,0 days 00:01:19.731000,79.731,2006.078,0.0
2023-11-25 14:18:26.182,0 days 00:33:26.178000,-1116.217132663674,1399.3090495267306,-222.14522186332115,,191.66665073779137,9374.334013154976,0.0,1.0,8,7,5033.823743351359,0.9538945095488536,27.0,124.80055144060034,interpolation,0 days 00:01:19.831000,79.831,2006.178,0.0
2023-11-25 14:18:26.282,0 days 00:33:26.278000,-1119.9508535695088,1443.7251308289522,-222.4566637247103,,182.33334926220863,9772.665986845024,0.0,1.0,8,7,5037.465964007512,0.9545846994449656,27.0,122.38944855940836,interpolation,0 days 00:01:19.931000,79.931,2006.278,0.0
2023-11-25 14:18:26.382,0 days 00:33:26.378000,-1120.7091656105697,1477.528870716628,-222.7897750037445,,173.0,10171.0,0.0,1.0,8,7,5043.054444444443,0.955643699735262,27.0,119.978333333338,interpolation,0 days 00:01:20.031000,80.031,2006.378,0.0
2023-11-25 14:18:26.482,0 days 00:33:26.478000,-1121.0,1510.0,-223.0,,162.0,9691.0,0.0,1.0,8,7,5050.254444444443,0.9570080781519326,27.0,116.33388888889384,interpolation,0 days 00:01:20.131000,80.131,2006.478,0.0
2023-11-25 14:18:26.582,0 days 00:33:26.578000,-1120.8233597159517,1541.1388511842824,-223.08734086618625,,158.49999104,9834.00036608,0.0,1.0,8,6,5054.529066358312,0.957818106190642,27.0,114.66721795556067,interpolation,0 days 00:01:20.231000,80.231,2006.578,0.0
2023-11-25 14:18:26.682,0 days 00:33:26.678000,-1120.179246567217,1570.945105408456,-223.05179670793507,,155.0,9977.0,0.0,1.0,8,6,5057.143333333332,0.9583135019456605,27.0,113.00055555556082,interpolation,0 days 00:01:20.331000,80.331,2006.678,0.0
2023-11-25 14:18:26.782,0 days 00:33:26.778000,-1118.6955037348682,1601.2789656484051,-222.99035419571615,,151.49999104,10003.50006784,0.0,1.0,8,4,5060.118494502679,0.9588772860686564,27.0,111.47555165156074,interpolation,0 days 00:01:20.431000,80.431,2006.778,0.0
2023-11-25 14:18:26.882,0 days 00:33:26.878000,-1116.0,1634.0,-223.0,,148.0,10030.0,0.0,1.0,8,4,5063.45451940078,0.959509452786496,27.0,109.95055555556064,interpolation,0 days 00:01:20.531000,80.531,2006.878,0.0
2023-11-25 14:18:26.982,0 days 00:33:26.978000,-1112.0927077605836,1669.10854352749,-223.0807342195597,,144.49999104,10056.50006784,0.0,1.0,8,4,5067.159969313159,0.9602116244371216,27.0,108.42555165156055,interpolation,0 days 00:01:20.631000,80.631,2006.978,0.0
2023-11-25 14:18:27.082,0 days 00:33:27.078000,-1106.4578010621042,1706.661184827616,-223.18194893104533,,141.0,10083.0,0.0,1.0,8,3,5071.243333333332,0.9609854096783068,27.0,106.90055555556046,car,0 days 00:01:20.731000,80.731,2007.078,0.0
2023-11-25 14:18:27.182,0 days 00:33:27.178000,-1096.0,1747.0,-223.0,,137.99999488000438,9911.333040355805,0.0,1.0,8,3,5075.704653275052,0.9618308164336324,27.0,105.16721926400749,interpolation,0 days 00:01:20.831000,80.831,2007.178,0.0
2023-11-25 14:18:27.282,0 days 00:33:27.278000,-1080.203545696795,1790.1815240835376,-222.4842821929422,,135.00000511999562,9739.666959644195,0.0,1.0,8,3,5080.397468888243,0.9627200909247504,27.0,103.4338918471136,interpolation,0 days 00:01:20.931000,80.931,2007.278,0.0
2023-11-25 14:18:27.382,0 days 00:33:27.378000,-1062.0,1829.0,-222.0,,132.0,9568.0,0.0,1.0,8,3,5084.443333333332,0.9634867701088692,27.0,101.70055555556064,interpolation,0 days 00:01:21.031000,81.031,2007.378,0.0
2023-11-25 14:18:27.482,0 days 00:33:27.478000,-1044.321272917005,1856.248830991184,-221.91236815129497,,131.25000192,9567.75000064,10.49997312,1.0,8,3,5087.695790614493,0.964103101013808,27.0,100.47555869156074,interpolation,0 days 00:01:21.131000,81.131,2007.478,0.0
2023-11-25 14:18:27.582,0 days 00:33:27.578000,-1025.0,1877.0,-222.0,,130.5,9567.5,21.0,1.0,8,3,5090.154874036978,0.964569089950812,27.0,99.25055555556082,interpolation,0 days 00:01:21.231000,81.231,2007.578,0.0
2023-11-25 14:18:27.682,0 days 00:33:27.678000,-1001.8691956811552,1896.324998449135,-222.04150889929429,,129.75000192,9567.25000064,31.49997312,1.0,8,3,5092.983170595642,0.9651050436703376,27.0,98.02555869156092,interpolation,0 days 00:01:21.331000,81.331,2007.678,0.0
2023-11-25 14:18:27.782,0 days 00:33:27.778000,-974.9286231004136,1914.224024227112,-222.0368952742287,,129.0,9567.0,42.0,1.0,8,3,5097.343333333331,0.9659312814387369,27.0,96.800555555561,interpolation,0 days 00:01:21.431000,81.431,2007.778,0.0
2023-11-25 14:18:27.882,0 days 00:33:27.878000,-945.0238823294462,1930.0109534115195,-222.01383401204865,,125.0,9567.0,42.0,0.0,8,3,5102.898888888887,0.966984042562711,27.0,94.800555555561,interpolation,0 days 00:01:21.531000,81.531,2007.878,0.0
2023-11-25 14:18:27.982,0 days 00:33:27.978000,-913.0,1943.0,-222.0,,127.00000341333042,9822.667103004072,46.00000682666085,0.0,8,3,5107.631304646857,0.9678808211625562,27.0,93.29416409577053,interpolation,0 days 00:01:21.631000,81.631,2007.978,0.0
2023-11-25 14:18:28.082,0 days 00:33:28.078000,-878.857304035791,1953.1910309850568,-221.99539337974272,,128.99999658666957,10078.332896995928,49.99999317333916,0.0,8,3,5111.302949715861,0.9685765868966986,27.0,91.78778034868456,interpolation,0 days 00:01:21.731000,81.731,2008.078,0.0
2023-11-25 14:18:28.182,0 days 00:33:28.178000,-843.4604736469264,1960.675342066887,-221.9984738573936,,131.0,10334.0,54.0,0.0,8,3,5114.5069444444425,0.9691837342931988,27.0,90.28138888889409,interpolation,0 days 00:01:21.831000,81.831,2008.178,0.0
2023-11-25 14:18:28.282,0 days 00:33:28.278000,-812.0,1966.0,-222.0,,131.24999936,10502.749568,58.74998784,0.0,8,3,5117.342102305421,0.9697209882089448,27.0,89.12583629156096,interpolation,0 days 00:01:21.931000,81.931,2008.278,0.0
2023-11-25 14:18:28.382,0 days 00:33:28.378000,-785.3405897711464,1969.256250652806,-221.9984315764785,,131.5,10671.5,63.5,0.0,8,3,5119.808452330884,0.9701883541454306,27.0,87.9702777777834,interpolation,0 days 00:01:22.031000,82.031,2008.378,0.0
2023-11-25 14:18:28.482,0 days 00:33:28.478000,-761.8796874812277,1970.8258978248152,-221.9953229221138,,131.74999936,10840.249568,68.24998784,0.0,8,3,5122.557366727796,0.9707092651832668,27.0,86.81472518045028,interpolation,0 days 00:01:22.131000,82.131,2008.478,0.0
2023-11-25 14:18:28.582,0 days 00:33:28.578000,-732.0,1973.0,-222.0,,132.0,11009.0,73.0,0.0,8,3,5126.240277777775,0.9714071657870318,27.0,85.65916666667272,interpolation,0 days 00:01:22.231000,82.231,2008.578,0.0
2023-11-25 14:18:28.682,0 days 00:33:28.678000,-694.0990048238804,1976.1603720590435,-222.01401708146813,,138.33332252443523,11040.666612622175,81.99998463998689,0.0,8,3,5130.85714776791,0.972282048810242,27.0,83.29250403912049,interpolation,0 days 00:01:22.331000,82.331,2008.678,0.0
2023-11-25 14:18:28.782,0 days 00:33:28.778000,-650.0,1980.0,-222.0,,144.66667747556477,11072.333387377825,91.00001536001312,0.0,8,3,5136.235514821784,0.9733012332443024,27.0,80.92582929422458,interpolation,0 days 00:01:22.431000,82.431,2008.778,0.0
2023-11-25 14:18:28.882,0 days 00:33:28.878000,-601.5271232552917,1984.2117981409488,-221.92057458907735,,151.0,11104.0,100.0,0.0,8,3,5141.340277777776,0.9742685705219934,27.0,78.55916666667235,interpolation,0 days 00:01:22.531000,82.531,2008.878,0.0
2023-11-25 14:18:28.982,0 days 00:33:28.978000,-547.0,1990.0,-222.0,,157.50001664,10945.49959424,100.0,0.0,8,3,5145.998979755513,0.9751513805814552,27.0,76.22582736000554,interpolation,0 days 00:01:22.631000,82.631,2008.978,0.0
2023-11-25 14:18:29.082,0 days 00:33:29.078000,-484.7393103642317,1998.5687366952804,-222.46253538406745,,164.0,10787.0,100.0,0.0,8,3,5150.451388888887,0.9759950987653112,27.0,73.89250000000538,interpolation,0 days 00:01:22.731000,82.731,2009.078,0.0
2023-11-25 14:18:29.182,0 days 00:33:29.178000,-429.0,2007.0,-223.0,,168.40000901119538,10905.000241663876,100.0,0.0,8,4,5154.937366609564,0.9768451780958328,27.0,71.06582754432837,interpolation,0 days 00:01:22.831000,82.831,2009.178,0.0
2023-11-25 14:18:29.282,0 days 00:33:29.278000,-394.03822287922,2012.3756076074133,-223.3042028665245,,172.7999954944023,11022.999879168065,100.0,0.0,8,4,5159.456866981252,0.9777016098682308,27.0,68.23916956117728,interpolation,0 days 00:01:22.931000,82.931,2009.278,0.0
2023-11-25 14:18:29.382,0 days 00:33:29.378000,-379.8536209924709,2014.6956145638635,-223.37514709868424,,177.2000045055977,11141.000120831935,100.0,0.0,8,4,5164.09132462155,0.9785798256984246,27.0,65.41249710550028,interpolation,0 days 00:01:23.031000,83.031,2009.378,0.0
2023-11-25 14:18:29.482,0 days 00:33:29.478000,-356.24238268942446,2016.417797598378,-223.75851522150396,,181.59999098880465,11258.999758336124,100.0,0.0,8,4,5169.329017933456,0.979572352880078,27.0,62.58583912234919,interpolation,0 days 00:01:23.131000,83.131,2009.478,0.0
2023-11-25 14:18:29.582,0 days 00:33:29.578000,-293.0,2020.0,-225.0,,186.0,11377.0,100.0,0.0,8,4,5175.251388888887,0.9806946244227316,27.0,59.75916666667217,interpolation,0 days 00:01:23.231000,83.231,2009.578,0.0
2023-11-25 14:18:29.682,0 days 00:33:29.678000,-199.0,2025.0,-227.0,,189.49999104,11237.0003584,100.0,0.0,8,4,5181.858376842916,0.9819466288343536,27.0,55.99250964267196,interpolation,0 days 00:01:23.331000,83.331,2009.678,0.0
2023-11-25 14:18:29.782,0 days 00:33:29.778000,-127.47915127325312,2028.7647156360997,-229.16099827418464,,193.0,11097.0,100.0,0.0,8,4,5188.118055555554,0.9831328191858556,27.0,52.225833333338414,interpolation,0 days 00:01:23.431000,83.431,2009.778,0.0
2023-11-25 14:18:29.882,0 days 00:33:29.878000,-83.70049788636261,2031.0450725879916,-231.3092533839327,,195.66666211555167,11051.66674403562,100.0,0.0,8,4,5192.998367032151,0.9840576235810358,27.0,49.5369490334905,interpolation,0 days 00:01:23.531000,83.531,2009.878,0.0
2023-11-25 14:18:29.982,0 days 00:33:29.978000,-46.0,2033.0,-233.0,,198.33333788444835,11006.33325596438,100.0,0.0,8,4,5196.821258245234,0.984782050006093,27.0,46.84805096651972,interpolation,0 days 00:01:23.631000,83.631,2009.978,0.0
2023-11-25 14:18:30.082,0 days 00:33:30.078000,-10.767475885800703,2034.822627171072,-234.1590902205307,,201.0,10961.0,100.0,0.0,8,4,5201.5180555555535,0.9856720790168808,27.0,44.15916666667181,interpolation,0 days 00:01:23.731000,83.731,2010.078,0.0
2023-11-25 14:18:30.182,0 days 00:33:30.178000,32.0,2037.0,-235.0,,201.3333339022217,11122.666942577542,99.66666609777826,0.0,8,5,5207.410704056454,0.9867887182434996,27.0,40.54434568257816,interpolation,0 days 00:01:23.831000,83.831,2010.178,0.0
2023-11-25 14:18:30.282,0 days 00:33:30.278000,92.30455448116771,2040.0191234255744,-235.73618481287065,,201.66666609777823,11284.333057422458,99.33333390222174,0.0,8,5,5214.131386464269,0.988062267413294,27.0,36.92954320632057,interpolation,0 days 00:01:23.931000,83.931,2010.278,0.0
2023-11-25 14:18:30.382,0 days 00:33:30.378000,167.31056852848877,2043.8152862240845,-236.3793860902137,,202.0,11446.0,99.0,0.0,8,5,5219.47361111111,0.9890746029695654,27.0,33.31472222222692,interpolation,0 days 00:01:24.031000,84.031,2010.378,0.0
2023-11-25 14:18:30.482,0 days 00:33:30.478000,240.0,2048.0,-237.0,,202.0,11579.49965824,99.49999872,0.0,8,5,5223.069566349637,0.9897560257077264,27.0,30.603618051560595,interpolation,0 days 00:01:24.131000,84.131,2010.478,0.0
2023-11-25 14:18:30.582,0 days 00:33:30.578000,307.5373566878872,2052.508565465283,-237.60976678985028,,202.0,11713.0,100.0,0.0,8,5,5228.451388888887,0.9907758649459074,27.0,27.892500000005384,interpolation,0 days 00:01:24.231000,84.231,2010.578,0.0
2023-11-25 14:18:30.682,0 days 00:33:30.678000,369.9219470113884,2057.3409364523404,-238.2086802157686,,219.0,11959.0,100.0,0.0,8,5,5238.18472222222,0.99262030243511,27.0,21.714722222227465,interpolation,0 days 00:01:24.331000,84.331,2010.678,0.0
2023-11-25 14:18:30.782,0 days 00:33:30.778000,429.345881269176,2062.752866093232,-238.70325609380188,,222.6666729244391,11465.66582471183,100.0,0.0,8,5,5246.47120884,0.9941905668089052,27.0,17.270270192604105,interpolation,0 days 00:01:24.431000,84.431,2010.778,0.0
2023-11-25 14:18:30.882,0 days 00:33:30.878000,488.0,2069.0,-239.0,,226.3333270755609,10972.33417528817,100.0,0.0,8,5,5252.658240796896,0.9953629908179666,27.0,12.825840918516883,interpolation,0 days 00:01:24.531000,84.531,2010.878,0.0
2023-11-25 14:18:30.982,0 days 00:33:30.978000,545.884903823574,2076.08240214346,-239.0989149730283,,230.0,10479.0,100.0,0.0,8,5,5258.629166666666,0.9964944633713348,27.0,8.381388888893525,interpolation,0 days 00:01:24.631000,84.631,2010.978,0.0
2023-11-25 14:18:31.082,0 days 00:33:31.078000,603.0,2084.0,-239.0,,232.3333293511077,10656.66636344863,99.66666723555603,0.0,8,5,5264.697803498474,0.997644451859103,27.0,8.381388888893525,interpolation,0 days 00:01:24.731000,84.731,2011.078,0.0
2023-11-25 14:18:31.115,0 days 00:33:31.111000,621.6793888842819,2086.796136267102,-238.92393866143385,,233.1033344881788,10715.296754599898,99.55666650168877,0.0,8,5,5266.721925664591,0.9980280169419024,27.0,8.381388888893525,interpolation,0 days 00:01:24.764000,84.764,2011.111,0.0
