Date,SessionTime,X,Y,Z,Status,Speed,RPM,Throttle,Brake,DRS,nGear,Distance,RelativeDistance,DriverAhead,DistanceToDriverAhead,Source,Time,TimeSeconds,SessionTimeSeconds,DRSActive
2023-11-25 14:58:27.802,0 days 01:13:27.798000,630.9629612739968,2088.1936236159013,-238.999907154036,,235.12,10951.32,99.0,0.0,8,6,-0.4615907994469546,-8.795807796468168e-05,,985.3277777777776,interpolation,0 days 00:00:00,0.0,4407.798,0.0
2023-11-25 14:58:27.870,0 days 01:13:27.866000,668.1890820262516,2092.891426039135,-238.99978443993407,,237.50000896,10952.00000256,99.0,0.0,8,6,3.630370755346693,0.0006917824928964,,985.3277777777776,interpolation,0 days 00:00:00.068000,0.068,4407.866,0.0
2023-11-25 14:58:27.970,0 days 01:13:27.966000,725.8555518575306,2099.8914021458218,-238.99978443993407,,241.0,10953.0,99.0,0.0,8,6,11.308888888888887,0.0021549565801021,,985.3277777777776,car,0 days 00:00:00.168000,0.168,4407.966,0.0
2023-11-25 14:58:28.070,0 days 01:13:28.066000,787.0,2107.0,-239.0,,244.50000896,11139.50047744,99.0,0.0,8,6,20.95563302884064,0.0039931844524596,,985.3277777777776,interpolation,0 days 00:00:00.268000,0.268,4408.066,0.0
2023-11-25 14:58:28.170,0 days 01:13:28.166000,851.6218003361134,2114.2171468098136,-239.00043111792456,,248.0,11326.0,99.0,0.0,8,6,30.59777777777778,0.0058305358914179,,985.3277777777776,interpolation,0 days 00:00:00.368000,0.368,4408.166,0.0
2023-11-25 14:58:28.270,0 days 01:13:28.266000,922.0,2122.0,-239.0,,249.6666695111087,11408.000139946547,99.0,0.0,8,6,38.26269525645948,0.0072911183163504,14.0,986.1027791004432,interpolation,0 days 00:00:00.468000,0.468,4408.266,0.0
2023-11-25 14:58:28.370,0 days 01:13:28.366000,1000.4122637258948,2130.8055633953004,-238.9976288525187,,251.3333304888913,11489.999860053453,99.0,0.0,8,6,44.233039112770975,0.0084287925746297,14.0,986.877776455112,interpolation,0 days 00:00:00.568000,0.568,4408.366,0.0
2023-11-25 14:58:28.470,0 days 01:13:28.466000,1074.0,2139.0,-239.0,,253.0,11572.0,99.0,0.0,8,6,50.20527777777777,0.0095668278967153,14.0,987.6527777777776,interpolation,0 days 00:00:00.668000,0.668,4408.466,0.0
2023-11-25 14:58:28.570,0 days 01:13:28.566000,1129.903060828629,2144.9492987383937,-239.0137957669632,,253.99999829333188,11630.333233777692,99.0,0.0,8,6,56.46208223235181,0.0107590884328537,14.0,988.4046283464678,interpolation,0 days 00:00:00.768000,0.768,4408.566,0.0
2023-11-25 14:58:28.670,0 days 01:13:28.666000,1186.0,2151.0,-239.0,,255.0000017066681,11688.666766222308,99.0,0.0,8,6,63.03539178096631,0.0120116603525188,14.0,989.1564827646428,interpolation,0 days 00:00:00.868000,0.868,4408.666,0.0
2023-11-25 14:58:28.770,0 days 01:13:28.766000,1260.16822442207,2159.498521294301,-238.919596545702,,256.0,11747.0,99.0,0.0,8,6,70.11638888888888,0.0133609742825897,14.0,989.908333333333,interpolation,0 days 00:00:00.968000,0.968,4408.766,0.0
2023-11-25 14:58:28.870,0 days 01:13:28.866000,1342.0,2169.0,-239.0,,258.00000341333043,11326.999283200612,99.0,0.0,8,6,77.73702130034715,0.0148131180007711,14.0,990.6490753382702,interpolation,0 days 00:00:01.068000,1.068,4408.866,0.0
2023-11-25 14:58:28.970,0 days 01:13:28.966000,1421.0859951992395,2178.0593891758367,-239.46862495882448,,259.9999965866696,10907.000716799388,99.0,0.0,8,6,85.76479369407966,0.016342843963543,14.0,991.389813550618,interpolation,0 days 00:00:01.168000,1.168,4408.966,0.0
2023-11-25 14:58:29.070,0 days 01:13:29.066000,1500.0,2187.0,-240.0,,262.0,10487.0,99.0,0.0,8,6,93.40527777777775,0.0177987705017822,14.0,992.1305555555552,interpolation,0 days 00:00:01.268000,1.268,4409.066,0.0
2023-11-25 14:58:29.170,0 days 01:13:29.166000,1581.3141864625054,2196.144959330679,-240.2686434613576,,262.9999982933319,10561.999871999891,99.0,0.0,8,6,100.52597802689944,0.0191556500332325,14.0,992.7527767158508,interpolation,0 days 00:00:01.368000,1.368,4409.166,0.0
2023-11-25 14:58:29.270,0 days 01:13:29.266000,1664.679968737537,2205.489015364025,-240.27258654293036,,264.0000017066681,10637.000128000109,99.0,0.0,8,6,107.21676916097532,0.0204306085655983,14.0,993.3750010619266,interpolation,0 days 00:00:01.468000,1.468,4409.266,0.0
2023-11-25 14:58:29.370,0 days 01:13:29.366000,1748.0,2215.0,-240.0,,265.0,10712.0,99.0,0.0,8,6,114.01638888888888,0.021726304846535,14.0,993.997222222222,interpolation,0 days 00:00:01.568000,1.568,4409.366,0.0
2023-11-25 14:58:29.470,0 days 01:13:29.466000,1830.925714940547,2224.672665182861,-239.4489094903951,,266.50000384,10706.9999872,99.0,0.0,8,7,121.01470864230237,0.0230598642572295,14.0,994.6083348977776,interpolation,0 days 00:00:01.668000,1.668,4409.466,0.0
2023-11-25 14:58:29.570,0 days 01:13:29.566000,1911.0,2234.0,-239.0,,268.0,10702.0,99.0,0.0,8,7,128.90527777777777,0.0245634455591866,14.0,995.2194444444442,interpolation,0 days 00:00:01.768000,1.768,4409.566,0.0
2023-11-25 14:58:29.670,0 days 01:13:29.666000,1985.7674107390576,2242.4751880987883,-239.03394627470925,,269.50000384,10805.00026368,99.0,0.0,8,7,138.38179811412004,0.0263692365662356,14.0,995.8861128177774,interpolation,0 days 00:00:01.868000,1.868,4409.666,0.0
2023-11-25 14:58:29.770,0 days 01:13:29.766000,2055.2271815413933,2250.0981426935223,-239.55074796691383,,271.0,10908.0,99.0,0.0,8,7,146.97194444444446,0.0280061252597624,14.0,996.5527777777774,interpolation,0 days 00:00:01.968000,1.968,4409.766,0.0
2023-11-25 14:58:29.870,0 days 01:13:29.866000,2120.0737071730023,2257.1720643414915,-240.04217695566132,,272.50000384,10908.0,99.0,0.0,8,7,152.20357656449426,0.0290030348741854,14.0,996.9527788017774,interpolation,0 days 00:00:02.068000,2.068,4409.866,0.0
2023-11-25 14:58:29.970,0 days 01:13:29.966000,2181.0,2264.0,-240.0,,274.0,10908.0,99.0,0.0,8,7,159.1497222222222,0.0303266522904088,14.0,997.3527777777776,interpolation,0 days 00:00:02.168000,2.168,4409.966,0.0
2023-11-25 14:58:30.070,0 days 01:13:30.066000,2238.0066839092933,2270.582019587295,-239.4242166680411,,276.0,11051.0,99.0,0.0,8,7,171.4163888888889,0.0326641174745636,14.0,998.0638888888886,interpolation,0 days 00:00:02.268000,2.268,4410.066,0.0
2023-11-25 14:58:30.170,0 days 01:13:30.166000,2302.0,2278.0,-239.0,,276.333332764444,11073.999960746632,99.0,0.0,8,7,180.2006562079368,0.0343379967430351,14.0,998.4194438376288,interpolation,0 days 00:00:02.368000,2.368,4410.166,0.0
2023-11-25 14:58:30.270,0 days 01:13:30.266000,2383.887428411543,2287.335961494772,-239.41251279610503,,276.666667235556,11097.000039253368,99.0,0.0,8,7,184.80905966748128,0.0352161475018305,14.0,998.7750006068152,interpolation,0 days 00:00:02.468000,2.468,4410.266,0.0
2023-11-25 14:58:30.370,0 days 01:13:30.366000,2470.0,2297.0,-240.0,,277.0,11120.0,99.0,0.0,8,7,189.8830555555556,0.0361830188659271,14.0,999.1305555555556,interpolation,0 days 00:00:02.568000,2.568,4410.366,0.0
2023-11-25 14:58:30.470,0 days 01:13:30.466000,2546.670465941351,2305.402406004062,-240.1007167953217,,278.00000256,11147.00006912,99.0,0.0,8,7,196.19628634429063,0.0373860316785522,14.0,999.5472232888887,interpolation,0 days 00:00:02.668000,2.668,4410.466,0.0
2023-11-25 14:58:30.570,0 days 01:13:30.566000,2624.0,2314.0,-240.0,,279.0,11174.0,99.0,0.0,8,7,205.3830555555556,0.0391366093839487,14.0,999.9638888888888,interpolation,0 days 00:00:02.768000,2.768,4410.566,0.0
2023-11-25 14:58:30.670,0 days 01:13:30.666000,2712.091352900459,2324.2497765608755,-239.9831864319644,,282.0,11280.0,99.0,0.0,8,7,217.9163888888889,0.0415248890286286,14.0,1000.497222222222,interpolation,0 days 00:00:02.868000,2.868,4410.666,0.0
2023-11-25 14:58:30.770,0 days 01:13:30.766000,2795.0,2334.0,-240.0,,282.0,11308.66661774218,99.0,0.0,8,7,226.8275982139334,0.0432229576329226,14.0,1000.7638884337772,interpolation,0 days 00:00:02.968000,2.968,4410.766,0.0
2023-11-25 14:58:30.870,0 days 01:13:30.866000,2856.783167695698,2341.099139430657,-240.000164612892,,282.0,11337.33338225782,99.0,0.0,8,7,231.6683233501085,0.0441453782692166,14.0,1001.0305560106668,interpolation,0 days 00:00:03.068000,3.068,4410.866,0.0
2023-11-25 14:58:30.970,0 days 01:13:30.966000,2936.0,2350.0,-240.0,,282.0,11366.0,99.0,0.0,8,7,236.71638888888887,0.0451073084956484,14.0,1001.297222222222,interpolation,0 days 00:00:03.168000,3.168,4410.966,0.0
2023-11-25 14:58:31.070,0 days 01:13:31.066000,3071.211084766183,2365.155550695271,-240.0158258906836,,282.6000012287994,11383.200035225582,99.0,0.0,8,7,242.68483163343848,0.0462446204890456,14.0,1001.5638894350216,interpolation,0 days 00:00:03.268000,3.268,4411.066,0.0
2023-11-25 14:58:31.170,0 days 01:13:31.166000,3204.0,2380.0,-240.0,,283.19999938560034,11400.39998238721,99.0,0.0,8,7,249.5735904670601,0.0475573026033632,14.0,1001.8305552824888,interpolation,0 days 00:00:03.368000,3.368,4411.166,0.0
2023-11-25 14:58:31.270,0 days 01:13:31.266000,3275.9530680259904,2387.967863597577,-239.90488004300488,,283.80000061439966,11417.60001761279,99.0,0.0,8,7,257.34090986537063,0.0490373981469307,14.0,1002.0972224952884,interpolation,0 days 00:00:03.468000,3.468,4411.266,0.0
2023-11-25 14:58:31.370,0 days 01:13:31.366000,3299.141740089581,2390.473094680435,-239.67749412578,,284.3999987712006,11434.799964774418,99.0,0.0,8,7,265.7357560399833,0.0506370715702588,14.0,1002.3638883427556,interpolation,0 days 00:00:03.568000,3.568,4411.366,0.0
2023-11-25 14:58:31.470,0 days 01:13:31.466000,3346.0,2396.0,-239.0,,285.0,11452.0,99.0,0.0,8,7,274.7163888888889,0.0523483691204757,14.0,1002.6305555555552,interpolation,0 days 00:00:03.668000,3.668,4411.466,0.0
2023-11-25 14:58:31.570,0 days 01:13:31.566000,3428.5995559728526,2405.9625577440547,-237.8194317352432,,282.00000768,11487.49990912,99.0,0.0,8,7,284.2827164506425,0.0541712732739393,14.0,1003.1305542755553,interpolation,0 days 00:00:03.768000,3.768,4411.566,0.0
2023-11-25 14:58:31.670,0 days 01:13:31.666000,3518.0,2416.0,-237.0,,279.0,11523.0,99.0,0.0,8,7,293.3163888888889,0.0558926777421017,14.0,1003.6305555555554,interpolation,0 days 00:00:03.868000,3.868,4411.666,0.0
2023-11-25 14:58:31.770,0 days 01:13:31.766000,3585.259162794049,2421.7513540553264,-237.4059359427536,,264.0000384,11285.500608,49.50012672,1.0,8,7,300.6988659032808,0.0572994399426966,14.0,1004.8527746488888,interpolation,0 days 00:00:03.968000,3.968,4411.766,0.0
2023-11-25 14:58:31.870,0 days 01:13:31.866000,3652.0,2427.0,-238.0,,249.0,11048.0,0.0,1.0,8,7,307.14972222222224,0.0585286778818415,14.0,1006.0749999999998,interpolation,0 days 00:00:04.068000,4.068,4411.866,0.0
2023-11-25 14:58:31.970,0 days 01:13:31.966000,3739.844095102604,2435.529205283927,-237.74494236825493,,234.50003712,10842.50052608,0.49999872,1.0,8,7,313.3883909207526,0.0597174825730065,14.0,1007.4916630399998,interpolation,0 days 00:00:04.168000,4.168,4411.966,0.0
2023-11-25 14:58:32.070,0 days 01:13:32.066000,3842.6985680335406,2446.6246707079035,-236.7865985969464,,220.0,10637.0,1.0,1.0,8,7,319.37194444444447,0.0608576739892421,14.0,1008.9083333333332,interpolation,0 days 00:00:04.268000,4.268,4412.066,0.0
2023-11-25 14:58:32.170,0 days 01:13:32.166000,3924.0,2456.0,-236.0,,212.5000192,10545.50023424,1.0,1.0,8,7,325.0573300833039,0.0619410482546764,14.0,1009.3260405973332,interpolation,0 days 00:00:04.368000,4.368,4412.166,0.0
2023-11-25 14:58:32.270,0 days 01:13:32.266000,3977.655443936482,2462.9409026253206,-235.5309766838573,,205.0,10454.0,1.0,1.0,8,7,330.4446060558288,0.0629676164630903,14.0,1009.7437499999996,interpolation,0 days 00:00:04.468000,4.468,4412.266,0.0
2023-11-25 14:58:32.370,0 days 01:13:32.366000,4003.6643504126464,2467.4473075092046,-235.37953345130467,,197.5000192,10362.50023424,1.0,1.0,8,7,335.58649635510426,0.0639474253942289,14.0,1010.1614572639996,interpolation,0 days 00:00:04.568000,4.568,4412.366,0.0
2023-11-25 14:58:32.470,0 days 01:13:32.466000,4023.091251922445,2473.9800983185,-235.2883222131001,,190.0,10271.0,1.0,1.0,8,7,340.53583333333336,0.0648905424761251,14.0,1010.5791666666664,interpolation,0 days 00:00:04.668000,4.668,4412.466,0.0
2023-11-25 14:58:32.570,0 days 01:13:32.566000,4057.0,2487.0,-235.0,,187.5000064,10467.49949696,1.0,1.0,8,6,345.29256630943496,0.0657969580512847,14.0,1010.1791676906664,interpolation,0 days 00:00:04.768000,4.768,4412.566,0.0
2023-11-25 14:58:32.670,0 days 01:13:32.666000,4105.390941871695,2506.507145877811,-234.5145638595785,,185.0,10664.0,1.0,1.0,8,6,349.8567439924796,0.0666666814014271,14.0,1009.7791666666662,interpolation,0 days 00:00:04.868000,4.868,4412.666,0.0
2023-11-25 14:58:32.770,0 days 01:13:32.766000,4155.0,2528.0,-234.0,,182.5000064,10860.49949696,1.0,1.0,8,6,354.26044330595005,0.06750582491991,14.0,1009.3791676906662,interpolation,0 days 00:00:04.968000,4.968,4412.766,0.0
2023-11-25 14:58:32.870,0 days 01:13:32.866000,4192.56410036716,2546.9774462545984,-233.6242843894317,,180.0,11057.0,1.0,1.0,8,6,358.53583333333336,0.0683205185615696,14.0,1008.9791666666662,interpolation,0 days 00:00:05.068000,5.068,4412.866,0.0
2023-11-25 14:58:32.970,0 days 01:13:32.966000,4220.4654492564805,2565.729752371757,-233.3552647578457,,177.80000450560232,10929.800260505734,5.599990579195176,0.0,8,4,362.68287029474783,0.0691107539839644,14.0,1008.2325015291736,interpolation,0 days 00:00:05.168000,5.168,4412.966,0.0
2023-11-25 14:58:33.070,0 days 01:13:33.066000,4253.0,2598.0,-233.0,,175.59999774719884,10802.599869747131,10.200004710402412,0.0,8,4,366.7015966559605,0.0698765392791258,14.0,1007.4858325687458,interpolation,0 days 00:00:05.268000,5.268,4413.066,0.0
2023-11-25 14:58:33.170,0 days 01:13:33.166000,4292.550010383485,2646.0783207515424,-232.5263376364508,,173.40000225280116,10675.400130252869,14.799995289597588,0.0,8,4,370.7152275784196,0.0706413536168944,14.0,1006.7391674312532,interpolation,0 days 00:00:05.368000,5.368,4413.166,0.0
2023-11-25 14:58:33.270,0 days 01:13:33.266000,4330.0,2699.0,-232.0,,171.19999549439768,10548.199739494266,19.400009420804825,0.0,8,4,375.4633483511655,0.0715461281003011,14.0,1005.9924984708254,interpolation,0 days 00:00:05.468000,5.468,4413.266,0.0
2023-11-25 14:58:33.370,0 days 01:13:33.366000,4356.233699962735,2745.7992888793306,-231.486719663447,,169.0,10421.0,24.0,0.0,8,4,381.06916666666666,0.0726143404759409,14.0,1005.2458333333328,car,0 days 00:00:05.568000,5.568,4413.366,0.0
2023-11-25 14:58:33.470,0 days 01:13:33.466000,4371.251378905406,2786.4766666154064,-230.98649137078803,,165.99999232,10377.99988992,42.50004736,0.0,8,4,387.53273992864246,0.0738460016823351,14.0,1003.8458297493328,interpolation,0 days 00:00:05.668000,5.668,4413.466,0.0
2023-11-25 14:58:33.570,0 days 01:13:33.566000,4376.492574764882,2821.2006918155303,-230.51675459777027,,163.0,10335.0,61.0,0.0,8,4,393.74694444444447,0.0750301446200718,14.0,1002.4458333333328,interpolation,0 days 00:00:05.768000,5.768,4413.566,0.0
2023-11-25 14:58:33.670,0 days 01:13:33.666000,4380.59556522875,2850.9855795616904,-230.18211154745472,,164.00000256,10489.00039424,66.0000128,0.0,8,4,398.6047863418461,0.0759558269275695,14.0,1001.1680522844438,interpolation,0 days 00:00:05.868000,5.868,4413.666,0.0
2023-11-25 14:58:33.770,0 days 01:13:33.766000,4385.0,2876.0,-230.0,,165.0,10643.0,71.0,0.0,8,4,402.9136111111112,0.0767768917006223,14.0,999.8902777777772,interpolation,0 days 00:00:05.968000,5.968,4413.766,0.0
2023-11-25 14:58:33.870,0 days 01:13:33.866000,4389.705924180158,2896.244209279097,-229.9704180905784,,166.00000256,10616.99993344,73.5000064,0.0,8,4,407.4808581091708,0.0776471999217147,14.0,998.3902739377772,interpolation,0 days 00:00:06.068000,6.068,4413.866,0.0
2023-11-25 14:58:33.970,0 days 01:13:33.966000,4394.0,2960.0,-230.0,,167.0,10591.0,76.0,0.0,8,4,412.1913888888889,0.0785448114730582,14.0,996.8902777777772,interpolation,0 days 00:00:06.168000,6.168,4413.966,0.0
2023-11-25 14:58:34.070,0 days 01:13:34.066000,4397.0,3094.0,-230.0,,169.5000064,10902.50079744,87.50002944,0.0,8,4,416.93016000757535,0.0794478043403632,14.0,995.1124954488884,interpolation,0 days 00:00:06.268000,6.268,4414.066,0.0
2023-11-25 14:58:34.170,0 days 01:13:34.166000,4397.692011010379,3168.9437909238823,-229.9981383995815,,172.0,11214.0,99.0,0.0,8,4,421.74694444444447,0.0803656629752078,14.0,993.3347222222216,interpolation,0 days 00:00:06.368000,6.368,4414.166,0.0
2023-11-25 14:58:34.270,0 days 01:13:34.266000,4396.168708936825,3176.169422024694,-229.99873631257796,,176.00001024,11361.5003776,99.0,0.0,8,4,426.691613027602,0.0813078904746899,14.0,991.279161404444,interpolation,0 days 00:00:06.468000,6.468,4414.266,0.0
2023-11-25 14:58:34.370,0 days 01:13:34.366000,4394.0,3193.0,-230.0,,180.0,11509.0,99.0,0.0,8,4,431.7469444444444,0.0822712052448992,14.0,989.2236111111106,interpolation,0 days 00:00:06.568000,6.568,4414.366,0.0
2023-11-25 14:58:34.470,0 days 01:13:34.466000,4391.447512662024,3232.323003947771,-230.0016305167591,,183.50000896,11541.00008192,99.0,0.0,8,4,436.8958197823708,0.0832523452046782,14.0,986.8902718044438,interpolation,0 days 00:00:06.668000,6.668,4414.466,0.0
2023-11-25 14:58:34.570,0 days 01:13:34.566000,4388.0,3283.0,-230.0,,187.0,11573.0,99.0,0.0,8,4,442.1358333333333,0.0842508519361897,14.0,984.5569444444438,interpolation,0 days 00:00:06.768000,6.768,4414.566,0.0
2023-11-25 14:58:34.670,0 days 01:13:34.666000,4383.1461536510005,3333.89347588876,-229.9914805868675,,188.6666695111087,11183.33266830279,99.0,0.0,8,4,447.4646857715095,0.0852662872931789,14.0,982.2495330990644,interpolation,0 days 00:00:06.868000,6.868,4414.666,0.0
2023-11-25 14:58:34.770,0 days 01:13:34.766000,4376.886023318282,3385.00291046619,-229.97607236460004,,190.3333304888913,10793.66733169721,99.0,0.0,8,4,452.7356977063696,0.0862707008977713,14.0,979.9421335676008,interpolation,0 days 00:00:06.968000,6.968,4414.766,0.0
2023-11-25 14:58:34.870,0 days 01:13:34.866000,4369.932849326419,3434.611143250516,-229.9726279600327,,192.0,10404.0,99.0,0.0,8,4,457.06916666666666,0.0870964617255955,14.0,977.6347222222216,interpolation,0 days 00:00:07.068000,7.068,4414.866,0.0
2023-11-25 14:58:34.970,0 days 01:13:34.966000,4363.0,3481.0,-230.0,,196.6666587022154,10663.999556266288,99.0,0.0,8,5,460.31842345457255,0.0877156213410391,14.0,975.4347259768914,interpolation,0 days 00:00:07.168000,7.168,4414.966,0.0
2023-11-25 14:58:35.070,0 days 01:13:35.066000,4356.0,3525.0,-230.0,,201.33334129778456,10924.000443733712,99.0,0.0,8,5,463.2877425927922,0.0882814376540472,14.0,973.2347184675516,interpolation,0 days 00:00:07.268000,7.268,4415.066,0.0
2023-11-25 14:58:35.170,0 days 01:13:35.166000,4348.408499402527,3571.590915767088,-229.62349835052936,,206.0,11184.0,99.0,0.0,8,5,470.8025,0.0897134064426383,14.0,971.0347222222216,car,0 days 00:00:07.368000,7.368,4415.166,0.0
2023-11-25 14:58:35.270,0 days 01:13:35.266000,4339.0,3626.0,-229.0,,210.0,11237.0,99.0,0.0,8,5,482.41083333333336,0.0919254234273718,14.0,965.451666666666,interpolation,0 days 00:00:07.468000,7.468,4415.266,0.0
2023-11-25 14:58:35.370,0 days 01:13:35.366000,4326.636582011278,3692.623426895341,-228.317208901606,,212.99999487999565,11366.999778133144,99.0,0.0,8,5,490.5756047734734,0.0934812551375274,14.0,962.9368561438056,interpolation,0 days 00:00:07.568000,7.568,4415.366,0.0
2023-11-25 14:58:35.470,0 days 01:13:35.466000,4311.868704000974,3768.515797672882,-227.6002587813074,,216.0000051200044,11497.000221866856,99.0,0.0,8,5,494.7782814170092,0.0942820929365376,14.0,960.422032745082,interpolation,0 days 00:00:07.668000,7.668,4415.466,0.0
2023-11-25 14:58:35.570,0 days 01:13:35.566000,4298.0,3836.0,-227.0,,219.0,11627.0,99.0,0.0,8,5,499.4441666666667,0.0951711970934128,14.0,957.9072222222214,interpolation,0 days 00:00:07.768000,7.768,4415.566,0.0
2023-11-25 14:58:35.670,0 days 01:13:35.666000,4285.580913158801,3892.1306439108585,-226.54156712877403,,220.50000384,11691.50016512,99.0,0.0,8,5,505.3108723347506,0.09628912265685,14.0,955.3794379733326,interpolation,0 days 00:00:07.868000,7.868,4415.666,0.0
2023-11-25 14:58:35.770,0 days 01:13:35.766000,4273.0,3946.0,-226.0,,222.0,11756.0,99.0,0.0,8,5,511.7775000000001,0.0975213658926988,14.0,952.851666666666,interpolation,0 days 00:00:07.968000,7.968,4415.766,0.0
2023-11-25 14:58:35.870,0 days 01:13:35.866000,4258.645561046188,4006.701465262039,-225.15032820604156,,225.50000896,11055.998208,99.0,0.0,8,5,518.2432775344897,0.098753447132538,14.0,950.3238824177772,interpolation,0 days 00:00:08.068000,8.068,4415.866,0.0
2023-11-25 14:58:35.970,0 days 01:13:35.966000,4244.0,4067.0,-224.0,,229.0,10356.0,99.0,0.0,8,5,524.4997222222223,0.099945639113584,14.0,947.7961111111103,interpolation,0 days 00:00:08.168000,8.168,4415.966,0.0
2023-11-25 14:58:36.070,0 days 01:13:36.066000,4230.545423604091,4119.661803556754,-222.556443154969,,231.00000341333043,10444.33348408876,99.0,0.0,8,5,530.3384816227467,0.1010582393976097,14.0,945.6183296165952,interpolation,0 days 00:00:08.268000,8.268,4416.066,0.0
2023-11-25 14:58:36.170,0 days 01:13:36.166000,4217.592028508704,4167.566976965716,-220.843042281248,,232.9999965866696,10532.66651591124,99.0,0.0,8,5,535.9833476738996,0.1021338924843315,14.0,943.4405592722924,interpolation,0 days 00:00:08.368000,8.368,4416.166,0.0
2023-11-25 14:58:36.270,0 days 01:13:36.266000,4201.0,4228.0,-219.0,,235.0,10621.0,99.0,0.0,8,5,542.7775,0.1034285469287422,14.0,941.262777777777,interpolation,0 days 00:00:08.468000,8.468,4416.266,0.0
2023-11-25 14:58:36.370,0 days 01:13:36.366000,4180.079566855648,4303.840894115936,-217.0507050122448,,235.99999744,10725.9997312,99.0,0.0,8,6,550.9447207556861,0.1049848453663283,14.0,938.729450929777,interpolation,0 days 00:00:08.568000,8.568,4416.366,0.0
2023-11-25 14:58:36.470,0 days 01:13:36.466000,4159.0,4380.0,-215.0,,237.0,10831.0,99.0,0.0,8,6,558.5775000000001,0.1064393037148546,14.0,936.1961111111104,interpolation,0 days 00:00:08.668000,8.668,4416.466,0.0
2023-11-25 14:58:36.570,0 days 01:13:36.566000,4141.931000437316,4441.386101858967,-212.8527686052803,,238.6666638222198,10944.333139910948,99.0,0.0,8,6,563.7681660000072,0.1074284070619409,14.0,934.7072247632606,interpolation,0 days 00:00:08.768000,8.768,4416.566,0.0
2023-11-25 14:58:36.670,0 days 01:13:36.666000,4127.891907515009,4490.906436801077,-210.579134894184,,240.3333361777802,11057.666860089052,99.0,0.0,8,6,567.393171641587,0.1081191672097309,14.0,933.2183307922932,interpolation,0 days 00:00:08.868000,8.868,4416.666,0.0
2023-11-25 14:58:36.770,0 days 01:13:36.766000,4111.0,4546.0,-208.0,,242.0,11171.0,99.0,0.0,8,6,574.7108333333334,0.1095135785766234,14.0,931.7294444444436,interpolation,0 days 00:00:08.968000,8.968,4416.766,0.0
2023-11-25 14:58:36.870,0 days 01:13:36.866000,4090.2746190530834,4609.57396412835,-205.0854835661246,,246.0,11295.0,99.0,0.0,8,6,585.6441666666668,0.1115969714581526,14.0,928.7516666666656,interpolation,0 days 00:00:09.068000,9.068,4416.866,0.0
2023-11-25 14:58:36.970,0 days 01:13:36.966000,4063.0,4687.0,-202.0,,246.99999744,11377.4997888,99.0,0.0,8,6,594.4723540516391,0.1132792198808348,14.0,927.2266705706656,interpolation,0 days 00:00:09.168000,9.168,4416.966,0.0
2023-11-25 14:58:37.070,0 days 01:13:37.066000,4029.0,4777.0,-199.0,,248.0,11460.0,99.0,0.0,8,6,600.2420268141568,0.1143786554139612,14.0,925.7016666666656,interpolation,0 days 00:00:09.268000,9.268,4417.066,0.0
2023-11-25 14:58:37.170,0 days 01:13:37.166000,4003.5155172814,4839.666049455933,-196.6380959562607,,248.99999744,11542.4997888,99.0,0.0,8,6,604.9627375029227,0.115278206790004,14.0,924.1766705706656,interpolation,0 days 00:00:09.368000,9.368,4417.166,0.0
2023-11-25 14:58:37.270,0 days 01:13:37.266000,3986.896077214924,4873.898243322308,-194.8836035666874,,250.0,11625.0,99.0,0.0,8,6,610.6441666666668,0.1163608271323811,14.0,922.6516666666656,interpolation,0 days 00:00:09.468000,9.468,4417.266,0.0
2023-11-25 14:58:37.370,0 days 01:13:37.366000,3966.0,4913.0,-193.0,,250.0,11578.00012032,99.0,0.0,8,6,617.2862561277037,0.1176265053550889,14.0,921.262781333332,interpolation,0 days 00:00:09.568000,9.568,4417.366,0.0
2023-11-25 14:58:37.470,0 days 01:13:37.466000,3938.6367446389354,4962.522395413855,-190.8645081209773,,250.0,11531.0,99.0,0.0,8,6,624.5330555555557,0.1190074136180636,14.0,919.8738888888876,interpolation,0 days 00:00:09.668000,9.668,4417.466,0.0
2023-11-25 14:58:37.570,0 days 01:13:37.566000,3893.0,5024.0,-188.0,,250.99999829333188,11621.9998446932,99.0,0.0,8,6,632.0284723975462,0.1204356969802006,14.0,918.5998169892353,interpolation,0 days 00:00:09.768000,9.768,4417.566,0.0
2023-11-25 14:58:37.670,0 days 01:13:37.666000,3817.2827074309657,5098.968520834762,-183.92929650742903,,252.0000017066681,11713.0001553068,99.0,0.0,8,6,639.6899867497699,0.1218956309250016,14.0,917.325738566318,interpolation,0 days 00:00:09.868000,9.868,4417.666,0.0
2023-11-25 14:58:37.770,0 days 01:13:37.766000,3743.0,5165.0,-180.0,,253.0,11804.0,99.0,0.0,8,6,647.0219444444447,0.1232927664556807,14.0,916.0516666666656,interpolation,0 days 00:00:09.968000,9.968,4417.766,0.0
2023-11-25 14:58:37.870,0 days 01:13:37.866000,3701.6654747759294,5199.667923416897,-177.5596309144786,,253.66666780444348,11377.332605156176,99.0,0.0,8,6,653.9418239038422,0.1246113787367859,14.0,915.092405770272,interpolation,0 days 00:00:10.068000,10.068,4417.866,0.0
2023-11-25 14:58:37.970,0 days 01:13:37.966000,3682.408278697016,5209.870547676216,-176.1475795809514,,254.3333321955565,10950.667394843824,99.0,0.0,8,6,660.4840068778024,0.1258580193560795,14.0,914.1331497852814,interpolation,0 days 00:00:10.168000,10.168,4417.966,0.0
2023-11-25 14:58:38.070,0 days 01:13:38.066000,3620.0,5237.0,-173.0,,255.0,10524.0,99.0,0.0,8,6,666.8552777777779,0.1270720919572353,14.0,913.1738888888876,interpolation,0 days 00:00:10.268000,10.268,4418.066,0.0
2023-11-25 14:58:38.170,0 days 01:13:38.166000,3513.0,5283.0,-168.0,,255.6666655288879,10485.000066560056,99.0,0.0,8,6,673.0900239713467,0.1282601491984996,14.0,912.3183347934817,interpolation,0 days 00:00:10.368000,10.368,4418.166,0.0
2023-11-25 14:58:38.270,0 days 01:13:38.266000,3417.9876573253987,5318.143080003458,-163.20980751769935,,256.3333344711121,10445.999933439944,99.0,0.0,8,6,679.3765434032332,0.1294580720491692,14.0,911.4627763176272,interpolation,0 days 00:00:10.468000,10.468,4418.266,0.0
2023-11-25 14:58:38.370,0 days 01:13:38.366000,3340.814178490342,5340.030497871485,-158.94095100918022,,257.0,10407.0,99.0,0.0,8,6,686.8441666666668,0.1308810592274296,14.0,910.6072222222213,interpolation,0 days 00:00:10.568000,10.568,4418.366,0.0
2023-11-25 14:58:38.470,0 days 01:13:38.466000,3260.0,5364.0,-155.0,,259.00000512,10506.00025344,99.0,0.0,8,7,695.681204331055,0.1325649941082642,14.0,909.6405530808876,interpolation,0 days 00:00:10.668000,10.668,4418.466,0.0
2023-11-25 14:58:38.570,0 days 01:13:38.566000,3171.966184397514,5392.607572840014,-151.35476399355812,,261.0,10605.0,99.0,0.0,8,7,704.2441666666667,0.1341967027766926,14.0,908.6738888888876,interpolation,0 days 00:00:10.768000,10.768,4418.566,0.0
2023-11-25 14:58:38.670,0 days 01:13:38.666000,3076.711830214305,5425.853509333825,-148.00520566254235,,261.33333390222174,10614.333349262208,99.0,0.0,8,7,710.8897421197316,0.1354630452699164,14.0,908.1606472722168,interpolation,0 days 00:00:10.868000,10.868,4418.666,0.0
2023-11-25 14:58:38.770,0 days 01:13:38.766000,2986.6020038039765,5457.922538840715,-145.15305986025868,,261.66666609777826,10623.666650737792,99.0,0.0,8,7,715.9906417024781,0.1364350432467539,14.0,907.6474082833362,interpolation,0 days 00:00:10.968000,10.968,4418.766,0.0
2023-11-25 14:58:38.870,0 days 01:13:38.866000,2914.0,5483.0,-143.0,,262.0,10633.0,99.0,0.0,8,7,721.7836111111111,0.1375389180542719,14.0,907.1341666666654,interpolation,0 days 00:00:11.068000,11.068,4418.866,0.0
2023-11-25 14:58:38.970,0 days 01:13:38.966000,2858.90656224499,5501.085636019134,-141.5460481290428,,263.99999488,10711.99979776,99.0,0.0,8,7,728.641370088523,0.1388456930149533,14.0,906.495279413332,interpolation,0 days 00:00:11.168000,11.168,4418.966,0.0
2023-11-25 14:58:39.070,0 days 01:13:39.066000,2821.3211263806998,5512.179632095505,-140.7911893588819,,266.0,10791.0,99.0,0.0,8,7,736.5613888888889,0.1403548860750381,14.0,905.8563888888876,interpolation,0 days 00:00:11.268000,11.268,4419.066,0.0
2023-11-25 14:58:39.170,0 days 01:13:39.166000,2797.4995106623264,5518.261416332096,-140.58658363969857,,266.99999744,10772.00004864,99.0,0.0,8,7,745.540986441967,0.1420659863452588,14.0,905.1563906808876,interpolation,0 days 00:00:11.368000,11.368,4419.166,0.0
2023-11-25 14:58:39.270,0 days 01:13:39.266000,2764.9738797211176,5531.20840259079,-140.03913457796745,,268.0,10753.0,99.0,0.0,8,7,754.4280555555556,0.14375945493022,14.0,904.4563888888875,interpolation,0 days 00:00:11.468000,11.468,4419.266,0.0
2023-11-25 14:58:39.370,0 days 01:13:39.366000,2720.0,5553.0,-139.0,,268.0,10775.74994176,99.0,0.0,8,7,762.0703060828064,0.1452157180717448,14.0,904.1063897848876,interpolation,0 days 00:00:11.568000,11.568,4419.366,0.0
2023-11-25 14:58:39.470,0 days 01:13:39.466000,2662.577410965316,5583.636431706254,-137.4691692650345,,268.0,10798.5,99.0,0.0,8,7,768.467816280558,0.1464347906820045,14.0,903.7563888888876,interpolation,0 days 00:00:11.668000,11.668,4419.466,0.0
2023-11-25 14:58:39.570,0 days 01:13:39.566000,2600.0,5623.0,-136.0,,268.0,10821.24994176,99.0,0.0,8,7,774.5454118118062,0.1475929022002926,14.0,903.4063897848874,interpolation,0 days 00:00:11.768000,11.768,4419.566,0.0
2023-11-25 14:58:39.670,0 days 01:13:39.666000,2539.560425686958,5670.973723971952,-135.145819111832,,268.0,10844.0,99.0,0.0,8,7,781.2280555555556,0.148866308212993,14.0,903.0563888888876,interpolation,0 days 00:00:11.868000,11.868,4419.666,0.0
2023-11-25 14:58:39.770,0 days 01:13:39.766000,2475.0,5733.0,-134.0,,268.99999744,10868.49993728,99.0,0.0,8,7,788.5156790817095,0.1502549956804613,14.0,902.667500995554,interpolation,0 days 00:00:11.968000,11.968,4419.766,0.0
2023-11-25 14:58:39.870,0 days 01:13:39.866000,2403.0,5812.0,-132.0,,270.0,10893.0,99.0,0.0,8,7,796.2280555555556,0.1517246216175301,14.0,902.2786111111096,interpolation,0 days 00:00:12.068000,12.068,4419.866,0.0
2023-11-25 14:58:39.970,0 days 01:13:39.966000,2341.208482897788,5892.838938982701,-131.2104484700266,,270.0,10908.666639928866,99.0,0.0,8,7,804.1848045423965,0.153240813769905,14.0,902.1008336367396,interpolation,0 days 00:00:12.168000,12.168,4419.966,0.0
2023-11-25 14:58:40.070,0 days 01:13:40.066000,2292.0,5969.0,-131.0,,270.0,10924.333360071134,99.0,0.0,8,7,812.3189487338348,0.1547908093283601,14.0,901.9230552521464,interpolation,0 days 00:00:12.268000,12.268,4420.066,0.0
2023-11-25 14:58:40.170,0 days 01:13:40.166000,2254.80899416632,6036.487109286269,-130.39321500382292,,270.0,10940.0,99.0,0.0,8,7,820.2280555555556,0.1562979230647894,14.0,901.7452777777764,interpolation,0 days 00:00:12.368000,12.368,4420.166,0.0
2023-11-25 14:58:40.270,0 days 01:13:40.266000,2225.0,6103.0,-130.0,,271.00000256,10946.50001664,99.0,0.0,8,7,827.845147211307,0.1577493920770042,14.0,901.6063885333318,interpolation,0 days 00:00:12.468000,12.468,4420.266,0.0
2023-11-25 14:58:40.370,0 days 01:13:40.366000,2197.93823818458,6176.237033139534,-130.43027174703582,,272.0,10953.0,99.0,0.0,8,7,835.3391666666668,0.159177409161212,14.0,901.4674999999984,interpolation,0 days 00:00:12.568000,12.568,4420.366,0.0
2023-11-25 14:58:40.470,0 days 01:13:40.466000,2176.0,6247.0,-131.0,,272.0,10961.00002048,99.0,0.0,8,7,842.8792116249904,0.1606141965995579,14.0,901.4397221511095,interpolation,0 days 00:00:12.668000,12.668,4420.466,0.0
2023-11-25 14:58:40.570,0 days 01:13:40.566000,2161.5620784863177,6306.089217316589,-131.0251442739752,,272.0,10969.0,99.0,0.0,8,7,850.4502777777778,0.1620568952576345,14.0,901.411944444443,interpolation,0 days 00:00:12.768000,12.768,4420.566,0.0
2023-11-25 14:58:40.670,0 days 01:13:40.666000,2152.0,6366.0,-131.0,,272.50000128,10995.00006656,99.50000128,0.0,8,7,858.0375155543072,0.1635026754869721,14.0,901.4119444444428,interpolation,0 days 00:00:12.868000,12.868,4420.666,0.0
2023-11-25 14:58:40.770,0 days 01:13:40.766000,2144.6895366576787,6439.226444400761,-131.41886260910633,,273.0,11021.0,100.0,0.0,8,7,865.6169444444445,0.1649469676999998,14.0,901.4119444444428,interpolation,0 days 00:00:12.968000,12.968,4420.766,0.0
2023-11-25 14:58:40.870,0 days 01:13:40.866000,2141.0,6518.0,-132.0,,273.50000128,11047.00006656,100.0,0.0,8,7,873.1647392447221,0.1663852319034884,14.0,901.4675001422204,interpolation,0 days 00:00:13.068000,13.068,4420.866,0.0
2023-11-25 14:58:40.970,0 days 01:13:40.966000,2142.300814207694,6594.550559799059,-132.46166983139335,,274.0,11073.0,100.0,0.0,8,7,880.8391666666668,0.1678476264883078,14.0,901.5230555555538,interpolation,0 days 00:00:13.168000,13.168,4420.966,0.0
2023-11-25 14:58:41.070,0 days 01:13:41.066000,2148.0,6674.0,-133.0,,274.0,11062.9999744,99.49999872,0.0,8,7,888.7986492973604,0.169364339548074,14.0,901.5786112533316,interpolation,0 days 00:00:13.268000,13.268,4421.066,0.0
2023-11-25 14:58:41.170,0 days 01:13:41.166000,2157.505506416272,6761.468599364909,-133.81110816253366,,274.0,11053.0,99.0,0.0,8,7,896.0613888888889,0.1707482852766158,14.0,901.6341666666648,interpolation,0 days 00:00:13.368000,13.368,4421.166,0.0
2023-11-25 14:58:41.270,0 days 01:13:41.266000,2170.157911088966,6854.127791500228,-134.86703884635017,,274.50000128,11063.0000256,99.0,0.0,8,7,901.6457430688732,0.1718124075705046,14.0,901.656388945776,interpolation,0 days 00:00:13.468000,13.468,4421.266,0.0
2023-11-25 14:58:41.370,0 days 01:13:41.366000,2182.0,6935.0,-136.0,,275.0,11073.0,99.0,0.0,8,7,908.2836111111112,0.1730772813840164,14.0,901.6786111111091,car,0 days 00:00:13.568000,13.568,4421.366,0.0
2023-11-25 14:58:41.470,0 days 01:13:41.466000,2192.3723747085164,7001.256590923541,-137.18203944662469,,276.00000256,11120.00012032,99.0,0.0,8,7,918.7070174450164,0.1750635055203589,14.0,902.0286120071092,interpolation,0 days 00:00:13.668000,13.668,4421.466,0.0
2023-11-25 14:58:41.570,0 days 01:13:41.566000,2204.0,7072.0,-139.0,,277.0,11167.0,99.0,0.0,8,7,929.8280555555556,0.1771826663406071,14.0,902.3786111111092,interpolation,0 days 00:00:13.768000,13.768,4421.566,0.0
2023-11-25 14:58:41.670,0 days 01:13:41.666000,2219.6080659399845,7166.334065838812,-142.0407551939213,,277.0,11155.33331342224,99.0,0.0,8,7,938.5590395427652,0.1788463922449698,14.0,902.7156487233556,interpolation,0 days 00:00:13.868000,13.868,4421.666,0.0
2023-11-25 14:58:41.770,0 days 01:13:41.766000,2234.0,7254.0,-145.0,,277.0,11143.66668657776,99.0,0.0,8,7,945.180084548457,0.1801080603577572,14.0,903.052684609974,interpolation,0 days 00:00:13.968000,13.968,4421.766,0.0
2023-11-25 14:58:41.870,0 days 01:13:41.866000,2241.9795368515074,7304.740877723174,-146.5734908298343,,277.0,11132.0,99.0,0.0,8,7,951.3725,0.1812880512971978,14.0,903.3897222222204,interpolation,0 days 00:00:14.068000,14.068,4421.866,0.0
2023-11-25 14:58:41.970,0 days 01:13:41.966000,2254.0,7375.0,-149.0,,277.74999808,11150.99995136,99.0,0.0,8,7,957.4164270340824,0.1824397471410352,14.0,903.7636795982204,interpolation,0 days 00:00:14.168000,14.168,4421.966,0.0
2023-11-25 14:58:42.070,0 days 01:13:42.066000,2280.514917751182,7521.221906863251,-154.5183407871187,,278.5,11170.0,99.0,0.0,8,7,963.3119275406746,0.1835631596826651,14.0,904.1376388888872,interpolation,0 days 00:00:14.268000,14.268,4422.066,0.0
2023-11-25 14:58:42.170,0 days 01:13:42.166000,2307.0,7666.0,-160.0,,279.24999808,11188.99995136,99.0,0.0,8,7,970.2182340920474,0.1848791855887739,14.0,904.5115962648872,interpolation,0 days 00:00:14.368000,14.368,4422.166,0.0
2023-11-25 14:58:42.270,0 days 01:13:42.266000,2318.93149936111,7731.930660935765,-162.31657708739093,,280.0,11208.0,99.0,0.0,8,7,979.2947222222224,0.1866087487680139,14.0,904.8855555555538,interpolation,0 days 00:00:14.468000,14.468,4422.266,0.0
2023-11-25 14:58:42.370,0 days 01:13:42.366000,2318.961124882579,7733.541167748316,-162.08422133987943,,280.99999744,11298.49976832,99.0,0.0,8,7,990.5412989881988,0.1887518315097037,14.0,905.468887395554,interpolation,0 days 00:00:14.568000,14.568,4422.366,0.0
2023-11-25 14:58:42.470,0 days 01:13:42.466000,2323.0,7758.0,-163.0,,282.0,11389.0,99.0,0.0,8,7,1001.2280555555556,0.1907882381462037,14.0,906.0522222222206,interpolation,0 days 00:00:14.668000,14.668,4422.466,0.0
2023-11-25 14:58:42.570,0 days 01:13:42.566000,2333.6999145817044,7819.834860439027,-165.68007670247982,,282.333332764444,11370.000032426697,99.0,0.0,8,7,1008.6248584925764,0.1921977302119107,14.0,906.4077771709608,interpolation,0 days 00:00:14.768000,14.768,4422.566,0.0
2023-11-25 14:58:42.670,0 days 01:13:42.666000,2347.0,7897.0,-169.0,,282.666667235556,11350.999967573303,99.0,0.0,8,7,1013.4591144602688,0.1931189181208053,14.0,906.7633339401468,interpolation,0 days 00:00:14.868000,14.868,4422.666,0.0
2023-11-25 14:58:42.770,0 days 01:13:42.766000,2358.839141867343,7967.448246258362,-171.8352570052806,,283.0,11332.0,99.0,0.0,8,7,1020.0947222222222,0.1943833612283548,14.0,907.1188888888872,interpolation,0 days 00:00:14.968000,14.968,4422.766,0.0
2023-11-25 14:58:42.870,0 days 01:13:42.866000,2369.5358133262434,8034.158610890039,-174.2912291186077,,283.50000128,11399.00017152,99.0,0.0,8,7,1029.2590806447915,0.1961296684632356,14.0,907.7188904248871,interpolation,0 days 00:00:15.068000,15.068,4422.866,0.0
2023-11-25 14:58:42.970,0 days 01:13:42.966000,2381.0,8115.0,-177.0,,284.0,11466.0,99.0,0.0,8,7,1039.0280555555555,0.1979911879256372,14.0,908.3188888888872,interpolation,0 days 00:00:15.168000,15.168,4422.966,0.0
2023-11-25 14:58:43.070,0 days 01:13:43.066000,2393.0,8209.0,-180.0,,284.8000016383992,11476.000020479987,99.0,0.0,8,7,1047.4777066594038,0.1996013046598899,14.0,908.7588897900066,interpolation,0 days 00:00:15.268000,15.268,4423.066,0.0
2023-11-25 14:58:43.170,0 days 01:13:43.166000,2402.234691465597,8292.448660507715,-182.88950329931924,,285.5999991808004,11485.999989760005,99.0,0.0,8,7,1054.607947432131,0.2009600021784408,14.0,909.1988884383272,interpolation,0 days 00:00:15.368000,15.368,4423.166,0.0
2023-11-25 14:58:43.270,0 days 01:13:43.266000,2409.0,8383.0,-186.0,,286.4000008191996,11496.000010239995,99.0,0.0,8,7,1060.6646735835234,0.2021141369481832,14.0,909.6388893394468,interpolation,0 days 00:00:15.468000,15.468,4423.266,0.0
2023-11-25 14:58:43.370,0 days 01:13:43.366000,2414.1418585579377,8502.257786883853,-189.7298685186122,,287.1999983616008,11505.999979520013,99.0,0.0,8,7,1067.1227466824075,0.2033447500752512,14.0,910.0788879877676,interpolation,0 days 00:00:15.568000,15.568,4423.366,0.0
2023-11-25 14:58:43.470,0 days 01:13:43.466000,2417.709725943484,8641.790423541936,-193.8516131563746,,288.0,11516.0,99.0,0.0,8,7,1074.2280555555556,0.2046986967149509,14.0,910.518888888887,interpolation,0 days 00:00:15.668000,15.668,4423.466,0.0
2023-11-25 14:58:43.570,0 days 01:13:43.566000,2420.0,8751.0,-197.0,,288.0,11548.4999168,99.0,0.0,8,7,1081.98052744479,0.206175963002904,14.0,911.0466653155536,interpolation,0 days 00:00:15.768000,15.768,4423.566,0.0
2023-11-25 14:58:43.670,0 days 01:13:43.666000,2421.062110331256,8821.454815746632,-198.94752739631696,,288.0,11581.0,99.0,0.0,8,7,1090.2280555555556,0.2077475643464571,14.0,911.5744444444424,interpolation,0 days 00:00:15.868000,15.868,4423.666,0.0
2023-11-25 14:58:43.770,0 days 01:13:43.766000,2420.896046061269,8853.154149326365,-199.6941754026959,,288.6666655288879,11605.999957333295,99.0,0.0,8,7,1098.8183692533105,0.2093844849325552,14.0,912.1374064466144,interpolation,0 days 00:00:15.968000,15.968,4423.766,0.0
2023-11-25 14:58:43.870,0 days 01:13:43.866000,2420.031957480642,8878.026634802873,-200.09374082772464,,289.3333344711121,11631.000042666705,99.0,0.0,8,7,1107.6380343396766,0.2110651093952145,14.0,912.7003713311592,interpolation,0 days 00:00:16.068000,16.068,4423.866,0.0
2023-11-25 14:58:43.970,0 days 01:13:43.966000,2419.0,8928.0,-201.0,,290.0,11656.0,99.0,0.0,8,7,1116.0058333333334,0.2126596288638838,14.0,913.2633333333312,interpolation,0 days 00:00:16.168000,16.168,4423.966,0.0
2023-11-25 14:58:44.070,0 days 01:13:44.066000,2417.800163052069,9003.074756646321,-202.41296219963965,,290.33333390222174,11659.000005119997,99.0,0.0,8,7,1123.808329757347,0.2141464275383912,14.0,913.7818527367874,interpolation,0 days 00:00:16.268000,16.268,4424.066,0.0
2023-11-25 14:58:44.170,0 days 01:13:44.166000,2416.332806980341,9100.41380380836,-204.2482833189518,,290.66666609777826,11661.999994880003,99.0,0.0,8,7,1131.1478782766317,0.215545009532786,14.0,914.300369485431,interpolation,0 days 00:00:16.368000,16.368,4424.166,0.0
2023-11-25 14:58:44.270,0 days 01:13:44.266000,2414.0,9203.0,-206.0,,291.0,11665.0,99.0,0.0,8,7,1138.6391666666666,0.216972506200952,14.0,914.8188888888872,interpolation,0 days 00:00:16.468000,16.468,4424.266,0.0
2023-11-25 14:58:44.370,0 days 01:13:44.366000,2410.702114056121,9307.995962571344,-207.58376466625543,,291.49999872,11673.49997824,99.0,0.0,8,7,1146.3845527791282,0.2184484222641896,14.0,915.3744430222204,interpolation,0 days 00:00:16.568000,16.568,4424.366,0.0
2023-11-25 14:58:44.470,0 days 01:13:44.466000,2406.6378892219527,9412.711713591349,-208.972096446718,,292.0,11682.0,99.0,0.0,8,7,1154.861388888889,0.2200637192162292,14.0,915.9299999999982,interpolation,0 days 00:00:16.668000,16.668,4424.466,0.0
2023-11-25 14:58:44.570,0 days 01:13:44.566000,2403.0,9501.0,-210.0,,292.49999872,11688.49998336,99.0,0.0,8,7,1164.5468611552756,0.2219093268967815,14.0,916.5966649599984,interpolation,0 days 00:00:16.768000,16.768,4424.566,0.0
2023-11-25 14:58:44.670,0 days 01:13:44.666000,2399.9871829818685,9570.170672779208,-210.63998876306903,,293.0,11695.0,99.0,0.0,8,7,1174.3947222222223,0.223785878449693,14.0,917.2633333333316,interpolation,0 days 00:00:16.868000,16.868,4424.666,0.0
2023-11-25 14:58:44.770,0 days 01:13:44.766000,2397.5994690187263,9620.2230236231,-210.8920561824569,,293.24999936,11708.49996544,99.0,0.0,8,7,1183.3585247123503,0.2254939689039035,14.0,917.8466651733318,interpolation,0 days 00:00:16.968000,16.968,4424.766,0.0
2023-11-25 14:58:44.870,0 days 01:13:44.866000,2394.662003906217,9671.664174975447,-210.94809679061507,,293.5,11722.0,99.0,0.0,8,7,1191.4383604152265,0.2270336157503026,14.0,918.4299999999984,interpolation,0 days 00:00:17.068000,17.068,4424.866,0.0
2023-11-25 14:58:44.970,0 days 01:13:44.966000,2390.0,9745.0,-211.0,,293.74999936,11735.49996544,99.0,0.0,8,7,1199.163001874931,0.2285055788322705,14.0,919.0133318399984,interpolation,0 days 00:00:17.168000,17.168,4424.966,0.0
2023-11-25 14:58:45.070,0 days 01:13:45.066000,2383.613409561033,9840.231249657523,-211.0477663421019,,294.0,11749.0,99.0,0.0,8,7,1207.061388888889,0.2300106498640183,14.0,919.596666666665,interpolation,0 days 00:00:17.268000,17.268,4425.066,0.0
2023-11-25 14:58:45.170,0 days 01:13:45.166000,2375.9837855650426,9950.87051564729,-211.0768523822038,,294.0,11760.99996928,99.0,0.0,8,7,1215.1334405778243,0.2315488134336583,14.0,920.2108317610652,interpolation,0 days 00:00:17.368000,17.368,4425.166,0.0
2023-11-25 14:58:45.270,0 days 01:13:45.266000,2370.0,10038.0,-211.0,,294.0,11773.0,99.0,0.0,8,7,1223.4763888888888,0.2331385974997167,14.0,920.8249999999988,interpolation,0 days 00:00:17.468000,17.468,4425.266,0.0
2023-11-25 14:58:45.370,0 days 01:13:45.366000,2366.1436017169203,10095.132377376784,-210.80266703686587,,294.333332764444,11779.66665528888,99.0,0.0,8,7,1232.18729767964,0.2347984979905369,14.0,921.4768507393558,interpolation,0 days 00:00:17.568000,17.568,4425.366,0.0
2023-11-25 14:58:45.470,0 days 01:13:45.466000,2364.414551226185,10122.268232814697,-210.48485147210684,,294.666667235556,11786.33334471112,99.0,0.0,8,7,1241.1535264670476,0.2365070507859498,14.0,922.1287048161972,interpolation,0 days 00:00:17.668000,17.668,4425.466,0.0
2023-11-25 14:58:45.570,0 days 01:13:45.566000,2361.228246882347,10164.519678725354,-210.424610171296,,295.0,11793.0,99.0,0.0,8,7,1249.698611111111,0.2381353527846852,14.0,922.7805555555544,interpolation,0 days 00:00:17.768000,17.768,4425.566,0.0
2023-11-25 14:58:45.670,0 days 01:13:45.666000,2353.0,10267.0,-211.0,,295.33333390222174,11800.000011946657,99.0,0.0,8,7,1257.7099094307564,0.2396619395430043,14.0,923.350926899356,interpolation,0 days 00:00:17.868000,17.868,4425.666,0.0
2023-11-25 14:58:45.770,0 days 01:13:45.766000,2341.0,10414.0,-212.0,,295.66666609777826,11806.999988053343,99.0,0.0,8,7,1265.2528784735182,0.241099284178,14.0,923.921295322864,interpolation,0 days 00:00:17.968000,17.968,4425.766,0.0
2023-11-25 14:58:45.870,0 days 01:13:45.866000,2332.8488200146544,10511.271496291374,-212.1585192098493,,296.0,11814.0,99.0,0.0,8,7,1272.7208333333333,0.2425223345433525,14.0,924.4916666666657,interpolation,0 days 00:00:18.068000,18.068,4425.866,0.0
2023-11-25 14:58:45.970,0 days 01:13:45.966000,2328.938493011281,10554.271727807953,-211.4514223269232,,295.0000017066681,11783.000052906713,99.0,0.0,8,7,1280.179236621559,0.2439435648163645,14.0,925.1657395903188,interpolation,0 days 00:00:18.168000,18.168,4425.966,0.0
2023-11-25 14:58:46.070,0 days 01:13:46.066000,2324.0,10610.0,-211.0,,293.9999982933319,11751.999947093287,99.0,0.0,8,7,1287.6772962581854,0.2453723517741903,14.0,925.8398159652344,interpolation,0 days 00:00:18.268000,18.268,4426.066,0.0
2023-11-25 14:58:46.170,0 days 01:13:46.166000,2317.155235886476,10689.622124445708,-210.99113823848245,,293.0,11721.0,99.0,0.0,8,7,1295.5097222222223,0.2468648536490604,14.0,926.5138888888878,interpolation,0 days 00:00:18.368000,18.368,4426.166,0.0
2023-11-25 14:58:46.270,0 days 01:13:46.266000,2308.0,10789.0,-211.0,,291.99999744,11557.99958272,95.99999232,0.0,8,7,1303.7257262636574,0.2484304479479514,14.0,927.3194465066654,interpolation,0 days 00:00:18.468000,18.468,4426.266,0.0
2023-11-25 14:58:46.370,0 days 01:13:46.366000,2296.1302555098123,10903.993692558415,-210.6017482421913,,291.0,11395.0,93.0,0.0,8,7,1311.6763888888888,0.2499454803183948,14.0,928.1249999999986,interpolation,0 days 00:00:18.568000,18.568,4426.366,0.0
2023-11-25 14:58:46.470,0 days 01:13:46.466000,2285.0,11005.0,-210.0,,275.3333065955784,11143.999571627031,61.99994709337848,1.0,8,7,1318.7129561509612,0.2512863279535354,14.0,930.1212997033044,interpolation,0 days 00:00:18.668000,18.668,4426.466,0.0
2023-11-25 14:58:46.570,0 days 01:13:46.566000,2278.063466574604,11062.413508364032,-209.3983825483632,,259.6666934044216,10893.000428372969,31.000052906621526,1.0,8,7,1324.903190593668,0.2524659032925231,14.0,932.1175891855818,interpolation,0 days 00:00:18.768000,18.768,4426.566,0.0
2023-11-25 14:58:46.670,0 days 01:13:46.666000,2274.2348677945342,11084.850003259357,-208.7751642790262,,244.0,10642.0,0.0,1.0,8,7,1330.6541666666667,0.2535617760924314,14.0,934.1138888888876,interpolation,0 days 00:00:18.868000,18.868,4426.666,0.0
2023-11-25 14:58:46.770,0 days 01:13:46.766000,2267.0,11124.0,-208.0,,233.3333515377933,10570.666788408991,0.0,1.0,8,7,1336.0336600781716,0.2545868613009463,14.0,936.9398099918956,interpolation,0 days 00:00:18.968000,18.968,4426.766,0.0
2023-11-25 14:58:46.870,0 days 01:13:46.866000,2255.2730726969444,11188.479097176069,-207.0511563259049,,222.6666484622067,10499.333211591009,0.0,1.0,8,7,1341.204476210135,0.2555721821717721,14.0,939.7657455636572,interpolation,0 days 00:00:19.068000,19.068,4426.866,0.0
2023-11-25 14:58:46.970,0 days 01:13:46.966000,2240.0,11263.0,-206.0,,212.0,10428.0,0.0,1.0,8,7,1347.1430555555555,0.2567038035682336,14.0,942.5916666666652,car,0 days 00:00:19.168000,19.168,4426.966,0.0
2023-11-25 14:58:47.070,0 days 01:13:47.066000,2222.1264195437275,11332.276837044215,-204.9178772855429,,191.9999488,10664.50060544,0.0,1.0,8,7,1354.0122092214322,0.258012749834967,14.0,948.425014933332,interpolation,0 days 00:00:19.268000,19.268,4427.066,0.0
2023-11-25 14:58:47.170,0 days 01:13:47.166000,2202.1438360240336,11395.63147672866,-203.8424929465908,,172.0,10901.0,0.0,1.0,8,7,1360.5208333333333,0.259252995671243,14.0,954.2583333333324,interpolation,0 days 00:00:19.368000,19.368,4427.166,0.0
2023-11-25 14:58:47.270,0 days 01:13:47.266000,2183.0,11449.0,-203.0,,165.666655857787,11122.667044977456,0.0,1.0,8,5,1365.3779610052372,0.2601785418800531,14.0,958.6657482627086,interpolation,0 days 00:00:19.468000,19.468,4427.266,0.0
2023-11-25 14:58:47.370,0 days 01:13:47.366000,2165.186429174919,11491.7044381789,-202.42810075602503,,159.333344142213,11344.332955022544,0.0,1.0,8,5,1368.8372321783795,0.2608377206243278,14.0,963.0731406261782,interpolation,0 days 00:00:19.568000,19.568,4427.366,0.0
2023-11-25 14:58:47.470,0 days 01:13:47.466000,2148.702941137358,11523.745228559928,-202.1267893584028,,153.0,11566.0,0.0,1.0,8,5,1372.4208333333331,0.2615205909721758,14.0,967.4805555555544,interpolation,0 days 00:00:19.668000,19.668,4427.466,0.0
2023-11-25 14:58:47.570,0 days 01:13:47.566000,2132.618068291121,11550.163242100954,-202.0120845615804,,149.00001024,11138.00109568,0.0,1.0,8,4,1376.382417452213,0.2622754875715221,14.0,972.4249873422208,interpolation,0 days 00:00:19.768000,19.768,4427.566,0.0
2023-11-25 14:58:47.670,0 days 01:13:47.666000,2116.0,11576.0,-202.0,,145.0,10710.0,0.0,1.0,8,4,1380.4763888888888,0.2630556111338716,14.0,977.3694444444428,interpolation,0 days 00:00:19.868000,19.868,4427.666,0.0
2023-11-25 14:58:47.770,0 days 01:13:47.766000,2098.8489064325804,11601.255237689347,-202.0905357974073,,143.00000512,10474.50060288,0.0,1.0,8,3,1384.4570695083507,0.2638141466521242,14.0,982.4527647644431,interpolation,0 days 00:00:19.968000,19.968,4427.766,0.0
2023-11-25 14:58:47.870,0 days 01:13:47.866000,2080.0,11626.0,-202.0,,141.0,10239.0,0.0,1.0,8,3,1388.309722222222,0.2645482859117965,14.0,987.53611111111,interpolation,0 days 00:00:20.068000,20.068,4427.866,0.0
2023-11-25 14:58:47.970,0 days 01:13:47.966000,2058.288861753378,11650.304819762949,-201.44470065397653,,137.00001024,9980.75066112,0.0,1.0,8,3,1392.0195297287903,0.265255205413415,14.0,993.0916524444434,interpolation,0 days 00:00:20.168000,20.168,4427.966,0.0
2023-11-25 14:58:48.070,0 days 01:13:48.066000,2034.0,11674.0,-201.0,,133.0,9722.5,0.0,1.0,8,3,1395.5865300165826,0.2659349123958539,14.0,998.6472222222212,interpolation,0 days 00:00:20.268000,20.268,4428.066,0.0
2023-11-25 14:58:48.170,0 days 01:13:48.166000,2007.4183940870853,11696.915352212947,-201.2412705187268,,129.00001024,9464.25066112,0.0,1.0,8,3,1398.9873308516378,0.2665829493700538,14.0,1004.2027635555544,interpolation,0 days 00:00:20.368000,20.368,4428.166,0.0
2023-11-25 14:58:48.270,0 days 01:13:48.266000,1979.0,11718.0,-202.0,,125.0,9206.0,0.0,1.0,8,3,1402.198611111111,0.267194872397479,14.0,1009.758333333332,interpolation,0 days 00:00:20.468000,20.468,4428.266,0.0
2023-11-25 14:58:48.370,0 days 01:13:48.366000,1949.2013369240503,11736.20261639933,-203.1076659936756,,124.00000256,9078.5003264,0.0,1.0,8,3,1405.2203379115767,0.2677706752120537,14.0,1014.8192231551988,interpolation,0 days 00:00:20.568000,20.568,4428.366,0.0
2023-11-25 14:58:48.470,0 days 01:13:48.466000,1920.0,11751.0,-204.0,,123.0,8951.0,0.0,1.0,8,3,1408.0525421955963,0.2683103637100137,14.0,1019.8801388888876,interpolation,0 days 00:00:20.668000,20.668,4428.466,0.0
2023-11-25 14:58:48.570,0 days 01:13:48.566000,1893.374188528585,11761.868611470984,-204.11271303922612,,122.00000256,8823.5003264,0.0,1.0,8,3,1410.9743627146183,0.2688671289603586,14.0,1024.9410287107542,interpolation,0 days 00:00:20.768000,20.768,4428.566,0.0
2023-11-25 14:58:48.670,0 days 01:13:48.666000,1865.0,11769.0,-204.0,,121.0,8696.0,0.0,1.0,8,3,1414.265,0.2694941738045103,14.0,1030.001944444443,interpolation,0 days 00:00:20.868000,20.868,4428.666,0.0
2023-11-25 14:58:48.770,0 days 01:13:48.766000,1830.554095104465,11772.585530454668,-204.21605577095423,,116.50001152,8496.50051072,0.99999744,1.0,8,3,1417.924420355701,0.270191491821546,14.0,1037.068593020443,interpolation,0 days 00:00:20.968000,20.968,4428.766,0.0
2023-11-25 14:58:48.870,0 days 01:13:48.866000,1791.3198528858263,11772.612003140312,-204.69038488306344,,112.0,8297.0,2.0,1.0,8,3,1421.7316666666666,0.2709169786992132,14.0,1044.135277777776,interpolation,0 days 00:00:21.068000,21.068,4428.866,0.0
2023-11-25 14:58:48.970,0 days 01:13:48.966000,1755.0,11769.0,-205.0,,110.50000384,8217.50020352,15.99996416,0.0,8,3,1425.465705359183,0.2716285155557385,14.0,1051.2685928497758,interpolation,0 days 00:00:21.168000,21.168,4428.966,0.0
2023-11-25 14:58:49.070,0 days 01:13:49.066000,1722.8778963015852,11761.736247636134,-205.0744066107852,,109.0,8138.0,30.0,0.0,8,3,1428.9983333333332,0.2723016727485223,14.0,1058.4019444444425,interpolation,0 days 00:00:21.268000,21.268,4429.066,0.0
2023-11-25 14:58:49.170,0 days 01:13:49.166000,1694.953870720081,11750.820820429348,-204.91360395349707,,109.74999808,8217.9997952,35.24998656,0.0,8,3,1432.2012730785318,0.2729120064556973,14.0,1063.5269313244426,interpolation,0 days 00:00:21.368000,21.368,4429.166,0.0
2023-11-25 14:58:49.270,0 days 01:13:49.266000,1667.8027600185417,11735.494913887856,-204.7959993194607,,110.5,8298.0,40.5,0.0,8,3,1435.0745573929648,0.2734595229270966,14.0,1068.6519444444425,interpolation,0 days 00:00:21.468000,21.468,4429.266,0.0
2023-11-25 14:58:49.370,0 days 01:13:49.366000,1638.0,11715.0,-205.0,,111.24999808,8377.9997952,45.74998656,0.0,8,3,1437.7097153415807,0.2739616634129366,14.0,1073.7769313244423,interpolation,0 days 00:00:21.568000,21.568,4429.366,0.0
2023-11-25 14:58:49.470,0 days 01:13:49.466000,1605.5452854834118,11689.335868897324,-205.52560808408705,,112.0,8458.0,51.0,0.0,8,3,1440.1983333333333,0.2744358800905766,14.0,1078.9019444444425,interpolation,0 days 00:00:21.668000,21.668,4429.466,0.0
2023-11-25 14:58:49.570,0 days 01:13:49.566000,1570.4389488042034,11658.502783379856,-206.37281818950905,,112.99999744,8600.4996352,53.4999936,0.0,8,3,1442.54038588484,0.2748821681040501,14.0,1082.6352682204424,interpolation,0 days 00:00:21.768000,21.768,4429.566,0.0
2023-11-25 14:58:49.670,0 days 01:13:49.666000,1538.1129790029115,11628.418165372466,-207.28362304017693,,114.0,8743.0,56.0,0.0,8,3,1445.265,0.2754013548405536,14.0,1086.3686111111094,interpolation,0 days 00:00:21.868000,21.868,4429.666,0.0
2023-11-25 14:58:49.770,0 days 01:13:49.766000,1514.0,11605.0,-208.0,,116.33332935110772,8955.666303715247,60.33332593777147,0.0,8,3,1448.9012508000465,0.2760942578008223,14.0,1089.9019384142157,interpolation,0 days 00:00:21.968000,21.968,4429.766,0.0
2023-11-25 14:58:49.870,0 days 01:13:49.866000,1498.099764877932,11588.24804745984,-208.5219564046972,,118.66667064889228,9168.333696284752,64.66667406222854,0.0,8,3,1453.2776490615486,0.276928198988452,14.0,1093.4352838080033,interpolation,0 days 00:00:22.068000,22.068,4429.866,0.0
2023-11-25 14:58:49.970,0 days 01:13:49.966000,1490.412436454698,11578.16247929153,-208.8494869094486,,121.0,9381.0,69.0,0.0,8,3,1457.3649999999998,0.2777070609868802,14.0,1096.968611111109,interpolation,0 days 00:00:22.168000,22.168,4429.966,0.0
2023-11-25 14:58:50.070,0 days 01:13:50.066000,1482.518828364114,11564.74558571744,-209.25227651947625,,124.50000896,9497.50029824,72.50000896,0.0,8,3,1460.9918190112462,0.2783981666799253,14.0,1098.9130605333314,interpolation,0 days 00:00:22.268000,22.268,4430.066,0.0
2023-11-25 14:58:50.170,0 days 01:13:50.166000,1466.0,11538.0,-210.0,,128.0,9614.0,76.0,0.0,8,3,1464.4761111111109,0.2790621132675496,14.0,1100.8574999999978,interpolation,0 days 00:00:22.368000,22.368,4430.166,0.0
2023-11-25 14:58:50.270,0 days 01:13:50.266000,1443.0,11501.0,-211.0,,131.00000768,9992.7509696,81.75001472,0.0,8,3,1468.1359541331958,0.2797595118254514,14.0,1101.1908341866645,interpolation,0 days 00:00:22.468000,22.468,4430.266,0.0
2023-11-25 14:58:50.370,0 days 01:13:50.366000,1426.3842608453415,11472.19311759784,-211.69628097756132,,134.0,10371.5,87.5,0.0,8,3,1471.9713106008048,0.2804903552122877,14.0,1101.5241666666643,interpolation,0 days 00:00:22.568000,22.568,4430.366,0.0
2023-11-25 14:58:50.470,0 days 01:13:50.466000,1416.5481748190905,11451.50007074625,-212.11844042715344,,137.00000768,10750.2509696,93.25001472,0.0,8,3,1475.9479761235675,0.2812481256368926,14.0,1101.8575008533312,interpolation,0 days 00:00:22.668000,22.668,4430.466,0.0
2023-11-25 14:58:50.570,0 days 01:13:50.566000,1403.0,11420.0,-213.0,,140.0,11129.0,99.0,0.0,8,3,1480.0316666666663,0.282026290131514,14.0,1102.1908333333313,interpolation,0 days 00:00:22.768000,22.768,4430.566,0.0
2023-11-25 14:58:50.670,0 days 01:13:50.666000,1383.990942292226,11374.539043997294,-214.46322409555287,,147.00001792,11205.50019584,99.0,0.0,8,3,1484.2224240471996,0.2828248566645768,14.0,1101.6630542044425,interpolation,0 days 00:00:22.868000,22.868,4430.666,0.0
2023-11-25 14:58:50.770,0 days 01:13:50.766000,1364.0,11325.0,-216.0,,154.0,11282.0,99.0,0.0,8,3,1488.587222222222,0.2836565874066944,14.0,1101.135277777776,interpolation,0 days 00:00:22.968000,22.968,4430.766,0.0
2023-11-25 14:58:50.870,0 days 01:13:50.866000,1347.505772067615,11281.26469247008,-217.10224571952145,,159.25001344,11240.24989312,99.0,0.0,8,3,1493.193122757683,0.2845342612227259,14.0,1099.2741619022204,interpolation,0 days 00:00:23.068000,23.068,4430.866,0.0
2023-11-25 14:58:50.970,0 days 01:13:50.966000,1334.5084273955324,11243.333569255936,-217.76994996714976,,164.5,11198.5,99.0,0.0,8,3,1498.0400784892825,0.2854578691253145,14.0,1097.4130555555537,interpolation,0 days 00:00:23.168000,23.168,4430.966,0.0
2023-11-25 14:58:51.070,0 days 01:13:51.066000,1324.2568075857016,11211.485483493863,-218.30268307120235,,169.75001344,11156.74989312,99.0,0.0,8,3,1503.0217420873523,0.286407146181265,14.0,1095.5519396799982,interpolation,0 days 00:00:23.268000,23.268,4431.066,0.0
2023-11-25 14:58:51.170,0 days 01:13:51.166000,1316.0,11186.0,-219.0,,175.0,11115.0,99.0,0.0,8,3,1508.0316666666663,0.2873618084866499,14.0,1093.6908333333315,interpolation,0 days 00:00:23.368000,23.368,4431.166,0.0
2023-11-25 14:58:51.270,0 days 01:13:51.266000,1309.7379200884525,11166.876857802166,-219.86190789408707,,178.50000896,11367.00064512,99.0,0.0,8,4,1513.0699035289829,0.288321865817236,14.0,1091.3574940266649,interpolation,0 days 00:00:23.468000,23.468,4431.266,0.0
2023-11-25 14:58:51.370,0 days 01:13:51.366000,1298.0,11130.0,-221.0,,182.0,11619.0,99.0,0.0,8,4,1518.1427777777774,0.2892885234482267,14.0,1089.0241666666648,interpolation,0 days 00:00:23.568000,23.568,4431.366,0.0
2023-11-25 14:58:51.470,0 days 01:13:51.466000,1273.3154875633627,11051.252796252402,-222.52589004428168,,184.5000064,11330.49926144,99.0,0.0,8,4,1523.2567180543033,0.2902630063843864,14.0,1086.3297153244423,interpolation,0 days 00:00:23.668000,23.668,4431.466,0.0
2023-11-25 14:58:51.570,0 days 01:13:51.566000,1246.0,10964.0,-224.0,,187.0,11042.0,99.0,0.0,8,4,1528.5316666666663,0.2912681701395173,14.0,1083.6352777777756,interpolation,0 days 00:00:23.768000,23.768,4431.566,0.0
2023-11-25 14:58:51.670,0 days 01:13:51.666000,1226.3686220515071,10901.604664843844,-224.9827825602128,,190.50000896,10998.99988992,99.0,0.0,8,4,1534.0876723052031,0.2923268904990048,14.0,1080.1822133823978,interpolation,0 days 00:00:23.868000,23.868,4431.666,0.0
2023-11-25 14:58:51.770,0 days 01:13:51.766000,1214.4215547426786,10864.067429710529,-225.47422766125223,,194.0,10956.0,99.0,0.0,8,4,1539.9246780765602,0.2934391566215801,14.0,1076.7291666666647,interpolation,0 days 00:00:23.968000,23.968,4431.766,0.0
2023-11-25 14:58:51.870,0 days 01:13:51.866000,1206.7636511825392,10839.99629284204,-225.72856149166407,,197.50000896,10912.99988992,99.0,0.0,8,4,1545.66249846777,0.2945325225507148,14.0,1073.2761022712868,interpolation,0 days 00:00:24.068000,24.068,4431.866,0.0
2023-11-25 14:58:51.970,0 days 01:13:51.966000,1200.0,10818.0,-226.0,,201.0,10870.0,99.0,0.0,8,4,1550.9208333333331,0.2955345204861672,14.0,1069.8230555555535,interpolation,0 days 00:00:24.168000,24.168,4431.966,0.0
2023-11-25 14:58:52.070,0 days 01:13:52.066000,1194.130531935096,10798.078325941797,-226.28854596579737,,204.33333902221736,10979.33351992873,99.0,0.0,8,5,1555.6997365187367,0.2964451606884221,14.0,1066.689716874669,interpolation,0 days 00:00:24.268000,24.268,4432.066,0.0
2023-11-25 14:58:52.170,0 days 01:13:52.166000,1185.591523139744,10769.1805208378,-226.7145339977856,,207.66666097778264,11088.66648007127,99.0,0.0,8,5,1560.1289754166169,0.2972891708826693,14.0,1063.556394236438,interpolation,0 days 00:00:24.368000,24.368,4432.166,0.0
2023-11-25 14:58:52.270,0 days 01:13:52.266000,1153.0,10665.0,-228.0,,211.0,11198.0,99.0,0.0,8,5,1564.9874999999995,0.2982149832788664,14.0,1060.4230555555534,interpolation,0 days 00:00:24.468000,24.468,4432.266,0.0
2023-11-25 14:58:52.370,0 days 01:13:52.366000,1099.0,10494.0,-230.0,,212.49999616,11372.24955392,99.0,0.0,8,5,1570.4050768461996,0.2992473254468399,14.0,1056.1452887288867,interpolation,0 days 00:00:24.568000,24.568,4432.366,0.0
2023-11-25 14:58:52.470,0 days 01:13:52.466000,1060.8362141976154,10373.258510426946,-231.12293065962555,,214.0,11546.5,99.0,0.0,8,5,1576.3817614313452,0.3003862079578008,14.0,1051.8674999999978,interpolation,0 days 00:00:24.668000,24.668,4432.466,0.0
2023-11-25 14:58:52.570,0 days 01:13:52.566000,1044.7165210880876,10322.289891263385,-231.10351210736135,,215.49999616,11720.74955392,99.0,0.0,8,5,1582.6890622163762,0.3015880907831541,14.0,1047.589733173331,interpolation,0 days 00:00:24.768000,24.768,4432.566,0.0
2023-11-25 14:58:52.670,0 days 01:13:52.666000,1046.8158954618764,10328.932832615705,-230.0940978851407,,217.0,11895.0,99.0,0.0,8,5,1589.098611111111,0.3028094574180112,14.0,1043.311944444442,interpolation,0 days 00:00:24.868000,24.868,4432.666,0.0
2023-11-25 14:58:52.770,0 days 01:13:52.766000,1044.1853507926162,10320.223161248205,-229.0088129735423,,220.99998976,11632.500672,99.0,0.0,8,5,1595.6103424819366,0.3040502953556096,14.0,1038.7008451377756,interpolation,0 days 00:00:24.968000,24.968,4432.766,0.0
2023-11-25 14:58:52.870,0 days 01:13:52.866000,1033.0,10284.0,-228.0,,225.0,11370.0,99.0,0.0,8,5,1602.224323009154,0.3053106173021624,14.0,1034.08972222222,interpolation,0 days 00:00:25.068000,25.068,4432.866,0.0
2023-11-25 14:58:52.970,0 days 01:13:52.966000,1013.2599576217272,10220.263719795325,-227.0676692947322,,228.99998976,11107.500672,99.0,0.0,8,5,1608.747636671793,0.306553662294424,14.0,1029.4786229155534,interpolation,0 days 00:00:25.168000,25.168,4432.966,0.0
2023-11-25 14:58:53.070,0 days 01:13:53.066000,991.0,10149.0,-226.0,,233.0,10845.0,99.0,0.0,8,5,1614.9874999999995,0.3077426946273234,14.0,1024.8674999999978,interpolation,0 days 00:00:25.268000,25.268,4433.066,0.0
2023-11-25 14:58:53.170,0 days 01:13:53.166000,972.2553335568368,10090.195902379272,-224.58519173806485,,235.66666211555167,10911.999885653237,99.0,0.0,8,6,1620.9438490977363,0.3088777021252009,14.0,1020.51195187793,interpolation,0 days 00:00:25.368000,25.368,4433.166,0.0
2023-11-25 14:58:53.270,0 days 01:13:53.266000,955.0,10036.0,-223.0,,238.33333788444835,10979.000114346763,99.0,0.0,8,6,1626.8085034842886,0.3099952368082716,14.0,1016.1563814553988,interpolation,0 days 00:00:25.468000,25.468,4433.266,0.0
2023-11-25 14:58:53.370,0 days 01:13:53.366000,937.2084096772916,9978.562023049191,-221.421210996872,,241.0,11046.0,99.0,0.0,8,6,1633.7319444444445,0.3113145277484005,14.0,1011.8008333333312,car,0 days 00:00:25.568000,25.568,4433.366,0.0
2023-11-25 14:58:53.470,0 days 01:13:53.466000,915.0,9908.0,-220.0,,243.00000512,11132.50022144,99.0,0.0,8,6,1641.9060014005267,0.3128721288528686,14.0,1006.4341529279978,interpolation,0 days 00:00:25.668000,25.668,4433.466,0.0
2023-11-25 14:58:53.570,0 days 01:13:53.566000,884.4946179793874,9814.43327004549,-218.8875730007032,,245.0,11219.0,99.0,0.0,8,6,1650.0652777777775,0.3144269134555631,14.0,1001.0674999999978,interpolation,0 days 00:00:25.768000,25.768,4433.566,0.0
2023-11-25 14:58:53.670,0 days 01:13:53.666000,855.0,9725.0,-218.0,,246.75000448,11307.25022592,99.0,0.0,8,6,1656.9445442547467,0.3157377867611967,14.0,997.1674900159978,interpolation,0 days 00:00:25.868000,25.868,4433.666,0.0
2023-11-25 14:58:53.770,0 days 01:13:53.766000,835.8244968462529,9666.840230597516,-217.2533714789156,,248.5,11395.5,99.0,0.0,8,6,1662.5437303879253,0.3168047353464609,14.0,993.2674999999978,interpolation,0 days 00:00:25.968000,25.968,4433.766,0.0
2023-11-25 14:58:53.870,0 days 01:13:53.866000,825.0311948688303,9634.248918186206,-216.62735397082108,,250.25000448,11483.75022592,99.0,0.0,8,6,1668.2037224720304,0.317883270762699,14.0,989.3674900159978,interpolation,0 days 00:00:26.068000,26.068,4433.866,0.0
2023-11-25 14:58:53.970,0 days 01:13:53.966000,811.0,9593.0,-216.0,,252.0,11572.0,99.0,0.0,8,6,1675.2652777777776,0.3192288799751854,14.0,985.4674999999976,car,0 days 00:00:26.168000,26.168,4433.966,0.0
2023-11-25 14:58:54.070,0 days 01:13:54.066000,791.7940512682371,9537.388605554455,-215.35097732119868,,254.66667121777388,11632.333436302137,99.0,0.0,8,6,1683.7284686156777,0.3208415767629938,14.0,980.1008241742278,interpolation,0 days 00:00:26.268000,26.268,4434.066,0.0
2023-11-25 14:58:54.170,0 days 01:13:54.166000,768.3181799924956,9469.96202250817,-214.6816326923825,,257.3333287822261,11692.666563697863,99.0,0.0,8,6,1693.1938421451416,0.3226452436988749,14.0,974.7341758257676,interpolation,0 days 00:00:26.368000,26.368,4434.166,0.0
2023-11-25 14:58:54.270,0 days 01:13:54.266000,746.0,9406.0,-214.0,,260.0,11753.0,99.0,0.0,8,6,1701.2652777777776,0.324183289876383,14.0,969.3674999999978,interpolation,0 days 00:00:26.468000,26.468,4434.266,0.0
2023-11-25 14:58:54.370,0 days 01:13:54.366000,725.7443744788709,9348.04991119876,-213.3074263359424,,261.49999616,11398.0009088,99.0,0.0,14,6,1707.5433266845605,0.3253795986326895,14.0,965.6341762239978,interpolation,0 days 00:00:26.568000,26.568,4434.366,1.0
2023-11-25 14:58:54.470,0 days 01:13:54.466000,698.0,9269.0,-213.0,,263.0,11043.0,99.0,0.0,14,6,1712.9541666666664,0.3264106570627334,14.0,961.9008333333312,interpolation,0 days 00:00:26.668000,26.668,4434.466,1.0
2023-11-25 14:58:54.570,0 days 01:13:54.566000,653.2160646542706,9141.739913179264,-213.47381953196535,,264.6666638222198,10941.666839609035,99.0,0.0,12,6,1718.4238558310103,0.3274529294532064,14.0,957.3378781578316,interpolation,0 days 00:00:26.768000,26.768,4434.566,1.0
2023-11-25 14:58:54.670,0 days 01:13:54.666000,610.0,9019.0,-214.0,,266.3333361777802,10840.333160390965,99.0,0.0,12,6,1724.4256443052448,0.3285965956163465,14.0,952.7748996199416,interpolation,0 days 00:00:26.868000,26.868,4434.666,1.0
2023-11-25 14:58:54.770,0 days 01:13:54.766000,586.9601387152436,8953.513169724925,-213.8496462322782,,268.0,10739.0,99.0,0.0,12,7,1733.7986111111109,0.3303826540604457,14.0,948.2119444444422,car,0 days 00:00:26.968000,26.968,4434.766,1.0
2023-11-25 14:58:54.870,0 days 01:13:54.866000,580.1619571473293,8934.023471548693,-213.18727560805763,,270.0,10896.0,99.0,0.0,12,7,1745.7986111111109,0.3326693047840754,14.0,940.3452777777754,interpolation,0 days 00:00:27.068000,27.068,4434.866,1.0
2023-11-25 14:58:54.970,0 days 01:13:54.966000,566.0,8893.0,-213.0,,271.99999488,10924.99992576,99.0,0.0,12,7,1753.120972349093,0.3340646116693679,14.0,936.3452880177754,interpolation,0 days 00:00:27.168000,27.168,4434.966,1.0
2023-11-25 14:58:55.070,0 days 01:13:55.066000,540.5398345304803,8819.187054778733,-213.45233640928345,,274.0,10954.0,99.0,0.0,12,7,1757.9763888888886,0.3349898318147218,14.0,932.3452777777752,interpolation,0 days 00:00:27.268000,27.268,4435.066,1.0
2023-11-25 14:58:55.170,0 days 01:13:55.166000,511.0,8734.0,-214.0,,275.3333310577758,11022.666549475456,99.0,0.0,12,7,1763.7928653285626,0.3360981859863681,14.0,927.7045449572388,interpolation,0 days 00:00:27.368000,27.368,4435.166,1.0
2023-11-25 14:58:55.270,0 days 01:13:55.266000,484.5984724698153,8658.852571619,-214.09871617623497,,276.6666689422242,11091.333450524544,99.0,0.0,12,7,1770.713740420823,0.3374169879895237,14.0,923.0637883760892,interpolation,0 days 00:00:27.468000,27.468,4435.266,1.0
2023-11-25 14:58:55.370,0 days 01:13:55.366000,460.0,8589.0,-214.0,,278.0,11160.0,99.0,0.0,12,7,1779.5986111111108,0.3391100376556323,14.0,918.4230555555528,car,0 days 00:00:27.568000,27.568,4435.366,1.0
2023-11-25 14:58:55.470,0 days 01:13:55.466000,435.8688084106491,8519.69603070731,-213.9553665333065,,280.00000512,11269.50028032,99.0,0.0,12,7,1790.5908475725355,0.3412046547772011,14.0,911.6417881955527,interpolation,0 days 00:00:27.668000,27.668,4435.466,1.0
2023-11-25 14:58:55.570,0 days 01:13:55.566000,412.09306036246346,8450.859671295751,-213.96166634398705,,282.0,11379.0,99.0,0.0,12,7,1801.4536111111108,0.3432746002860429,14.0,904.8605555555528,interpolation,0 days 00:00:27.768000,27.768,4435.566,1.0
2023-11-25 14:58:55.670,0 days 01:13:55.666000,388.0,8382.0,-214.0,,284.00000512,11435.50014464,99.0,0.0,12,7,1809.950286828012,0.3448936777590844,14.0,900.1383212444416,interpolation,0 days 00:00:27.868000,27.868,4435.666,1.0
2023-11-25 14:58:55.770,0 days 01:13:55.766000,363.47778959349694,8313.036019825275,-214.06721721959693,,286.0,11492.0,99.0,0.0,12,7,1817.3425,0.3463022952256636,14.0,895.4161111111082,interpolation,0 days 00:00:27.968000,27.968,4435.766,1.0
2023-11-25 14:58:55.870,0 days 01:13:55.866000,340.0,8247.0,-214.0,,287.33333560888696,11519.666713884404,99.0,0.0,12,7,1824.892038606052,0.3477408917187135,14.0,891.26795588346,interpolation,0 days 00:00:28.068000,28.068,4435.866,1.0
2023-11-25 14:58:55.970,0 days 01:13:55.966000,319.0406935965535,8186.925592152621,-213.63503033843097,,288.66666439111304,11547.333286115596,99.0,0.0,12,7,1832.536060927424,0.3491974924830975,14.0,887.119821894312,interpolation,0 days 00:00:28.168000,28.168,4435.966,1.0
2023-11-25 14:58:56.070,0 days 01:13:56.066000,299.19108221860546,8129.072119918605,-213.08210199560745,,290.0,11575.0,99.0,0.0,12,7,1839.8980555555556,0.350600351678412,14.0,882.9716666666639,interpolation,0 days 00:00:28.268000,28.268,4436.066,1.0
2023-11-25 14:58:56.170,0 days 01:13:56.166000,272.0,8051.0,-213.0,,290.99999744,11466.2502784,99.0,0.0,12,7,1846.9151826921468,0.3519374949154694,14.0,879.4716756266639,interpolation,0 days 00:00:28.368000,28.368,4436.166,1.0
2023-11-25 14:58:56.270,0 days 01:13:56.266000,236.05859496266453,7948.968371735311,-213.4985210088959,,292.0,11357.5,99.0,0.0,12,7,1853.5875141927645,0.3532089358866514,14.0,875.971666666664,interpolation,0 days 00:00:28.468000,28.468,4436.266,1.0
2023-11-25 14:58:56.370,0 days 01:13:56.366000,197.0,7838.0,-214.0,,292.99999744,11248.7502784,99.0,0.0,12,7,1860.765078742781,0.3545766511510009,14.0,872.471675626664,interpolation,0 days 00:00:28.568000,28.568,4436.366,1.0
2023-11-25 14:58:56.470,0 days 01:13:56.466000,160.45658000543642,7733.115468549597,-213.92678219100625,,294.0,11140.0,99.0,0.0,12,7,1869.2980555555555,0.3562026459513047,14.0,868.9716666666641,interpolation,0 days 00:00:28.668000,28.668,4436.466,1.0
2023-11-25 14:58:56.570,0 days 01:13:56.566000,126.99358987244447,7636.249156330045,-213.38372852833484,,295.49999616,10906.50059776,99.0,0.0,12,7,1879.186357253629,0.3580869036374188,14.0,864.371678442664,interpolation,0 days 00:00:28.768000,28.768,4436.566,1.0
2023-11-25 14:58:56.670,0 days 01:13:56.666000,100.0,7559.0,-213.0,,297.0,10673.0,99.0,0.0,12,7,1889.0980555555552,0.3599756196452937,14.0,859.771666666664,interpolation,0 days 00:00:28.868000,28.868,4436.666,1.0
2023-11-25 14:58:56.770,0 days 01:13:56.766000,80.04096749156355,7503.3020955198945,-212.8804607320438,,297.49999872,10661.7500288,99.0,0.0,12,7,1897.7010194279144,0.3616149507756344,14.0,856.7716743466641,interpolation,0 days 00:00:28.968000,28.968,4436.766,1.0
2023-11-25 14:58:56.870,0 days 01:13:56.866000,61.0,7450.0,-213.0,,298.0,10650.5,99.0,0.0,12,7,1904.995336965272,0.3630049138152332,14.0,853.7716666666641,interpolation,0 days 00:00:29.068000,29.068,4436.866,1.0
2023-11-25 14:58:56.970,0 days 01:13:56.966000,36.76100453831858,7379.939386711028,-213.3335070794095,,298.49999872,10639.2500288,99.0,0.0,12,7,1911.8159755257689,0.3643046153235645,14.0,850.7716743466642,interpolation,0 days 00:00:29.168000,29.168,4436.966,1.0
2023-11-25 14:58:57.070,0 days 01:13:57.066000,8.136128831404488,7295.837185272629,-213.8096038634544,,299.0,10628.0,99.0,0.0,12,7,1918.998055555555,0.3656731910316709,14.0,847.7716666666643,interpolation,0 days 00:00:29.268000,29.268,4437.066,1.0
2023-11-25 14:58:57.170,0 days 01:13:57.166000,-20.0,7214.0,-214.0,,300.3333310577758,10680.666576782143,99.0,0.0,12,8,1926.54150351032,0.3671106269253731,14.0,844.4531538117554,interpolation,0 days 00:00:29.368000,29.368,4437.166,1.0
2023-11-25 14:58:57.270,0 days 01:13:57.266000,-46.83527413771744,7137.144639920514,-213.83331591676895,,301.6666689422242,10733.333423217857,99.0,0.0,12,8,1934.8040362882768,0.3686850874716839,14.0,841.1346239660173,interpolation,0 days 00:00:29.468000,29.468,4437.266,1.0
2023-11-25 14:58:57.370,0 days 01:13:57.366000,-72.5246737932665,7064.562894609734,-213.37302990413815,,303.0,10786.0,99.0,0.0,12,8,1945.9313888888885,0.3708054515447064,14.0,837.8161111111085,interpolation,0 days 00:00:29.568000,29.568,4437.366,1.0
2023-11-25 14:58:57.470,0 days 01:13:57.466000,-98.0,6992.0,-213.0,,304.0,10916.0,99.0,0.0,12,8,1959.4425,0.3733800508779784,14.0,832.9272222222196,interpolation,0 days 00:00:29.668000,29.668,4437.466,1.0
2023-11-25 14:58:57.570,0 days 01:13:57.566000,-123.41624689526782,6918.747701712144,-212.77770660770727,,304.74999808,10918.99999232,99.0,0.0,12,8,1970.304384757433,0.3754498289313589,14.0,830.3772287502196,interpolation,0 days 00:00:29.768000,29.768,4437.566,1.0
2023-11-25 14:58:57.670,0 days 01:13:57.666000,-148.98789577327892,6844.452647127571,-212.73000058463413,,305.5,10922.0,99.0,0.0,12,8,1977.6783394775264,0.3768549671727518,14.0,827.8272222222196,interpolation,0 days 00:00:29.868000,29.868,4437.666,1.0
2023-11-25 14:58:57.770,0 days 01:13:57.766000,-176.0,6767.0,-213.0,,306.24999808,10924.99999232,99.0,0.0,12,8,1983.6093351628472,0.3779851434707253,14.0,825.2772287502196,interpolation,0 days 00:00:29.968000,29.968,4437.766,1.0
2023-11-25 14:58:57.870,0 days 01:13:57.866000,-204.66705721124796,6686.036364699184,-213.61156075226668,,307.0,10928.0,99.0,0.0,12,8,1990.1425,0.379230065645931,14.0,822.7272222222196,interpolation,0 days 00:00:30.068000,30.068,4437.866,1.0
2023-11-25 14:58:57.970,0 days 01:13:57.966000,-233.0,6606.0,-214.0,,307.6666655288879,10948.99996415997,99.0,0.0,12,8,1997.277767089548,0.3805897209503981,14.0,820.3679669894328,interpolation,0 days 00:00:30.168000,30.168,4437.966,1.0
2023-11-25 14:58:58.070,0 days 01:13:58.066000,-259.0103446392267,6531.327516037323,-213.60064514175255,,308.3333344711121,10970.00003584003,99.0,0.0,12,8,2005.106441824373,0.3820815080126855,14.0,818.0086996772285,interpolation,0 days 00:00:30.268000,30.268,4438.066,1.0
2023-11-25 14:58:58.170,0 days 01:13:58.166000,-289.0,6445.0,-213.0,,309.0,10991.0,99.0,0.0,12,8,2014.1758333333328,0.383809718900756,14.0,815.6494444444418,interpolation,0 days 00:00:30.368000,30.368,4438.166,1.0
2023-11-25 14:58:58.270,0 days 01:13:58.266000,-329.27144839362006,6329.996890436241,-212.78455815722407,,310.00000256,11032.00010496,99.0,0.0,12,8,2024.5772668147852,0.3857917560171851,14.0,812.5494365084419,interpolation,0 days 00:00:30.468000,30.468,4438.266,1.0
2023-11-25 14:58:58.370,0 days 01:13:58.366000,-376.97329637029503,6194.323093407599,-212.8977341252569,,311.0,11073.0,99.0,0.0,12,8,2034.9091666666664,0.3877605432065828,14.0,809.449444444442,interpolation,0 days 00:00:30.568000,30.568,4438.366,1.0
2023-11-25 14:58:58.470,0 days 01:13:58.466000,-415.0,6086.0,-213.0,,312.0000017066652,11084.66668657776,99.0,0.0,12,8,2043.770169596216,0.3894490447699945,14.0,807.289903721798,interpolation,0 days 00:00:30.668000,30.668,4438.466,1.0
2023-11-25 14:58:58.570,0 days 01:13:58.566000,-440.5001888190708,6013.0324478718085,-213.03476703996685,,312.9999982933348,11096.33331342224,99.0,0.0,12,8,2051.4201078657097,0.3909067728432994,14.0,805.1303740559745,interpolation,0 days 00:00:30.768000,30.768,4438.566,1.0
2023-11-25 14:58:58.670,0 days 01:13:58.666000,-455.4828407139616,5969.734972021607,-213.0129461180119,,314.0,11108.0,99.0,0.0,12,8,2059.418611111111,0.392430921446137,14.0,802.9708333333306,interpolation,0 days 00:00:30.868000,30.868,4438.666,1.0
2023-11-25 14:58:58.770,0 days 01:13:58.766000,-472.0,5922.0,-213.0,,314.24999936,11126.24995328,99.0,0.0,12,8,2068.0255204266705,0.394071004397357,14.0,800.8597276266639,interpolation,0 days 00:00:30.968000,30.968,4438.766,1.0
2023-11-25 14:58:58.870,0 days 01:13:58.866000,-492.06055257719777,5864.142325187813,-213.00683907020152,,314.5,11144.5,99.0,0.0,12,8,2077.240923947364,0.3958270384914514,14.0,798.7486111111084,interpolation,0 days 00:00:31.068000,31.068,4438.866,1.0
2023-11-25 14:58:58.970,0 days 01:13:58.966000,-518.0,5790.0,-213.0,,314.74999936,11162.74995328,99.0,0.0,12,8,2086.2951262499305,0.3975523550120391,14.0,796.6375054044418,interpolation,0 days 00:00:31.168000,31.168,4438.966,1.0
2023-11-25 14:58:59.070,0 days 01:13:59.066000,-552.1543148630092,5693.409725171082,-212.94601946077887,,315.0,11181.0,99.0,0.0,12,8,2094.418611111111,0.3991003193900569,14.0,794.5263888888862,interpolation,0 days 00:00:31.268000,31.268,4439.066,1.0
2023-11-25 14:58:59.170,0 days 01:13:59.166000,-588.0,5592.0,-213.0,,315.6666655288879,11201.333298631082,99.0,0.0,12,8,2101.6112953466354,0.4004709157743903,14.0,792.904169435259,interpolation,0 days 00:00:31.368000,31.368,4439.166,1.0
2023-11-25 14:58:59.270,0 days 01:13:59.266000,-619.0142750446637,5503.39729626592,-213.31704416513105,,316.3333344711121,11221.666701368918,99.0,0.0,12,8,2108.134090575555,0.4017138619769151,14.0,791.2819416758467,interpolation,0 days 00:00:31.468000,31.468,4439.266,1.0
2023-11-25 14:58:59.370,0 days 01:13:59.366000,-644.8026128571307,5428.867523862818,-213.8148915407664,,317.0,11242.0,99.0,0.0,12,8,2115.551944444445,0.4031273653866715,14.0,789.6597222222194,car,0 days 00:00:31.568000,31.568,4439.366,1.0
2023-11-25 14:58:59.470,0 days 01:13:59.466000,-663.0,5376.0,-214.0,,317.50000128,11257.50003968,99.0,0.0,12,8,2124.125770878097,0.4047611442549035,14.0,787.7986063466641,interpolation,0 days 00:00:31.668000,31.668,4439.466,1.0
2023-11-25 14:58:59.570,0 days 01:13:59.566000,-673.212040577999,5346.060268644142,-213.7901104784445,,318.0,11273.0,99.0,0.0,12,8,2133.2186111111114,0.4064938233964596,14.0,785.9374999999977,car,0 days 00:00:31.768000,31.768,4439.566,1.0
2023-11-25 14:58:59.670,0 days 01:13:59.666000,-682.9188487869254,5317.8297299722735,-213.2757395292976,,318.0,11302.00007424,99.0,0.0,12,8,2142.193687284755,0.4082040620987173,14.0,784.1319398222198,interpolation,0 days 00:00:31.868000,31.868,4439.666,1.0
2023-11-25 14:58:59.770,0 days 01:13:59.766000,-737.0,5164.0,-213.0,,318.0,11331.0,99.0,0.0,12,8,2150.885277777778,0.4098602814062477,14.0,782.3263888888864,car,0 days 00:00:31.968000,31.968,4439.766,1.0
2023-11-25 14:58:59.870,0 days 01:13:59.866000,-830.0,4900.0,-213.0,,318.50000128,11341.0000256,99.0,0.0,12,8,2159.1278418755865,0.4114309368361491,14.0,780.7430515022197,interpolation,0 days 00:00:32.068000,32.068,4439.866,1.0
2023-11-25 14:58:59.970,0 days 01:13:59.966000,-884.3022129892775,4745.723295310833,-212.95529564710012,,319.0,11351.0,99.0,0.0,12,8,2166.9212951745403,0.4129160123049513,14.0,779.1597222222197,interpolation,0 days 00:00:32.168000,32.168,4439.966,1.0
2023-11-25 14:59:00.070,0 days 01:14:00.066000,-886.9711373900525,4737.817095867476,-212.8124787140828,,319.50000128,11361.0000256,99.0,0.0,12,8,2175.5856741751186,0.4145670463475742,14.0,777.576384835553,interpolation,0 days 00:00:32.268000,32.268,4440.066,1.0
2023-11-25 14:59:00.170,0 days 01:14:00.166000,-878.6544034957294,4760.752605770583,-212.7634224240247,,320.0,11371.0,99.0,0.0,12,8,2186.4408333333336,0.4166355428095949,14.0,775.9930555555529,car,0 days 00:00:32.368000,32.368,4440.166,1.0
2023-11-25 14:59:00.270,0 days 01:14:00.266000,-900.0,4699.0,-213.0,,321.00000256,11400.00007424,99.0,0.0,12,8,2199.4868838062785,0.4191215228724673,14.0,773.9319391679974,interpolation,0 days 00:00:32.468000,32.468,4440.266,1.0
2023-11-25 14:59:00.370,0 days 01:14:00.366000,-951.0077083245158,4552.559910900794,-213.52220901946063,,322.0,11429.0,99.0,0.0,12,8,2211.4852777777783,0.4214078675605776,14.0,771.8708333333307,interpolation,0 days 00:00:32.568000,32.568,4440.366,1.0
2023-11-25 14:59:00.470,0 days 01:14:00.466000,-1006.0,4395.0,-214.0,,322.0,11422.49998336,99.0,0.0,12,8,2219.197723886697,0.4228775067669039,14.0,770.7819416568866,interpolation,0 days 00:00:32.668000,32.668,4440.466,1.0
2023-11-25 14:59:00.570,0 days 01:14:00.566000,-1039.2982611177845,4299.891041782921,-214.103313219217,,322.0,11416.0,99.0,0.0,12,8,2225.796388888889,0.4241349102754247,14.0,769.6930555555537,interpolation,0 days 00:00:32.768000,32.768,4440.566,1.0
2023-11-25 14:59:00.670,0 days 01:14:00.666000,-1050.902832652769,4267.232062331812,-213.8321497350395,,322.0,11421.50001408,99.0,0.0,12,8,2234.453586086004,0.4257845757950405,14.0,768.331940959998,interpolation,0 days 00:00:32.868000,32.868,4440.666,1.0
2023-11-25 14:59:00.770,0 days 01:14:00.766000,-1057.8058969813376,4247.957310274885,-213.6449113833428,,322.0,11427.0,99.0,0.0,12,8,2243.685277777778,0.4275437136689839,14.0,766.970833333331,interpolation,0 days 00:00:32.968000,32.968,4440.766,1.0
2023-11-25 14:59:00.870,0 days 01:14:00.866000,-1077.0,4193.0,-214.0,,322.33333390222174,11440.33335608887,99.0,0.0,12,8,2252.0076094461547,0.4291295691466322,14.0,765.830090645728,interpolation,0 days 00:00:33.068000,33.068,4440.866,1.0
2023-11-25 14:59:00.970,0 days 01:14:00.966000,-1108.4849451616444,4102.360694268575,-214.8974119489129,,322.66666609777826,11453.66664391113,99.0,0.0,12,8,2259.7408811324485,0.4306031767547562,14.0,764.6893537987125,interpolation,0 days 00:00:33.168000,33.168,4440.966,1.0
2023-11-25 14:59:01.070,0 days 01:14:01.066000,-1142.0,4006.0,-216.0,,323.0,11467.0,99.0,0.0,12,8,2268.8075,0.4323308593042863,14.0,763.5486111111095,interpolation,0 days 00:00:33.268000,33.268,4441.066,1.0
2023-11-25 14:59:01.170,0 days 01:14:01.166000,-1167.2837664490517,3933.880438992932,-216.97059644319177,,323.0,11488.99994368,99.0,0.0,12,8,2279.527758468642,0.4343736498696878,14.0,762.2152811911096,interpolation,0 days 00:00:33.368000,33.368,4441.166,1.0
2023-11-25 14:59:01.270,0 days 01:14:01.266000,-1186.6522929710234,3879.4053397659113,-217.86300761407992,,323.0,11511.0,99.0,0.0,12,8,2290.340833333333,0.4364341269916884,14.0,760.881944444443,interpolation,0 days 00:00:33.468000,33.468,4441.266,1.0
2023-11-25 14:59:01.370,0 days 01:14:01.366000,-1214.0,3803.0,-219.0,,323.24999936,11506.50001152,99.0,0.0,12,8,2299.68568088773,0.438214827193561,14.0,760.0069466844429,interpolation,0 days 00:00:33.568000,33.568,4441.366,1.0
2023-11-25 14:59:01.470,0 days 01:14:01.466000,-1251.6429571330364,3698.06770432718,-220.4353816404437,,323.5,11502.0,99.0,0.0,12,8,2307.5623968233067,0.4397157687097203,14.0,759.131944444443,interpolation,0 days 00:00:33.668000,33.668,4441.466,1.0
2023-11-25 14:59:01.570,0 days 01:14:01.566000,-1293.0,3583.0,-222.0,,323.74999936,11497.50001152,99.0,0.0,12,8,2314.928289541893,0.4411193707026481,14.0,758.2569466844429,interpolation,0 days 00:00:33.768000,33.768,4441.566,1.0
2023-11-25 14:59:01.670,0 days 01:14:01.666000,-1331.4907731907256,3476.1861814711,-223.52473326325747,,324.0,11493.0,99.0,0.0,12,8,2322.7408333333333,0.4426080839454886,14.0,757.381944444443,interpolation,0 days 00:00:33.868000,33.868,4441.666,1.0
2023-11-25 14:59:01.770,0 days 01:14:01.766000,-1367.1148825607052,3377.6273425111845,-225.00956581698773,,324.299999232,11504.49997056,99.0,0.0,12,8,2330.999948197385,0.4441818931938572,14.0,756.5738354020963,interpolation,0 days 00:00:33.968000,33.968,4441.766,1.0
2023-11-25 14:59:01.870,0 days 01:14:01.866000,-1399.8726929017523,3287.322473875158,-226.4545128659149,,324.6,11516.0,99.0,0.0,12,8,2339.705718707599,0.4458408145636019,14.0,755.7657222222208,interpolation,0 days 00:00:34.068000,34.068,4441.866,1.0
2023-11-25 14:59:01.970,0 days 01:14:01.966000,-1429.7638687747483,3205.2725002825077,-227.8595596138192,,324.899999232,11527.49997056,99.0,0.0,12,8,2348.858055717116,0.4475848310674113,14.0,754.9576131798741,interpolation,0 days 00:00:34.168000,34.168,4441.966,1.0
2023-11-25 14:59:02.070,0 days 01:14:02.066000,-1456.7887162661275,3131.47658153932,-229.2247204484156,,325.2,11539.0,99.0,0.0,12,8,2358.457052946104,0.4494139605640601,14.0,754.1494999999985,interpolation,0 days 00:00:34.268000,34.268,4442.066,1.0
2023-11-25 14:59:02.170,0 days 01:14:02.166000,-1482.5903406686523,3061.162878707673,-230.4918970351592,,325.499999232,11550.49997056,99.0,0.0,12,8,2368.5026121010847,0.4513281843233102,14.0,753.3413909576518,interpolation,0 days 00:00:34.368000,34.368,4442.166,1.0
2023-11-25 14:59:02.270,0 days 01:14:02.266000,-1508.812388218157,2989.5580771671143,-231.6030179946364,,325.8,11562.0,99.0,0.0,12,8,2378.662312761632,0.4532641582289186,14.0,752.5332777777763,interpolation,0 days 00:00:34.468000,34.468,4442.266,1.0
2023-11-25 14:59:02.370,0 days 01:14:02.366000,-1535.4545904015615,2916.6629101489348,-232.5580719489978,,326.099999232,11573.49997056,99.0,0.0,12,8,2388.603527605468,0.45515849873862,14.0,751.7251687354296,interpolation,0 days 00:00:34.568000,34.568,4442.366,1.0
2023-11-25 14:59:02.470,0 days 01:14:02.466000,-1562.5172200357156,2842.476631204713,-233.35706867802085,,326.4,11585.0,99.0,0.0,12,8,2398.326358430891,0.4570112252505102,14.0,750.917055555554,interpolation,0 days 00:00:34.668000,34.668,4442.466,1.0
2023-11-25 14:59:02.570,0 days 01:14:02.566000,-1590.0,2767.0,-234.0,,326.699999232,11596.49997056,99.0,0.0,12,8,2407.830705676369,0.4588223187927186,14.0,750.1089465132075,interpolation,0 days 00:00:34.768000,34.768,4442.566,1.0
2023-11-25 14:59:02.670,0 days 01:14:02.666000,-1617.9032117188026,2690.2322436521144,-234.48687249856889,,327.0,11608.0,99.0,0.0,12,8,2417.116666666667,0.4605917979108903,14.0,749.3008333333319,interpolation,0 days 00:00:34.868000,34.868,4442.666,1.0
2023-11-25 14:59:02.770,0 days 01:14:02.766000,-1647.229855585125,2609.5269536092046,-234.81852235394788,,327.24999936,11615.24998144,99.0,0.0,12,8,2426.184146313786,0.4623196444856057,14.0,748.6063906666652,interpolation,0 days 00:00:34.968000,34.968,4442.766,1.0
2023-11-25 14:59:02.870,0 days 01:14:02.866000,-1684.0,2509.0,-235.0,,327.5,11622.5,99.0,0.0,12,8,2435.0332374689583,0.4640058762100589,14.0,747.911944444443,interpolation,0 days 00:00:35.068000,35.068,4442.866,1.0
2023-11-25 14:59:02.970,0 days 01:14:02.966000,-1729.216554559271,2386.0052175662067,-235.032144744181,,327.74999936,11629.74998144,99.0,0.0,12,8,2444.035107685207,0.4657212206303927,14.0,747.2175017777763,interpolation,0 days 00:00:35.168000,35.168,4442.966,1.0
2023-11-25 14:59:03.070,0 days 01:14:03.066000,-1774.0,2265.0,-235.0,,328.0,11637.0,99.0,0.0,12,8,2453.561111111111,0.4675364408493211,14.0,746.523055555554,interpolation,0 days 00:00:35.268000,35.268,4443.066,1.0
2023-11-25 14:59:03.170,0 days 01:14:03.166000,-1809.4698954594144,2170.444239553127,-234.98860918096275,,327.50000128,11614.75005696,99.0,0.0,12,8,2463.611150200644,0.4694515182790366,14.0,745.9425014862205,interpolation,0 days 00:00:35.368000,35.368,4443.166,1.0
2023-11-25 14:59:03.270,0 days 01:14:03.266000,-1836.5744041506136,2099.59485117794,-234.99485116328623,,327.0,11592.5,99.0,0.0,12,8,2474.1853278664685,0.4714664725299822,14.0,745.3619444444425,interpolation,0 days 00:00:35.468000,35.468,4443.266,1.0
2023-11-25 14:59:03.370,0 days 01:14:03.366000,-1861.0,2036.0,-235.0,,326.50000128,11570.25005696,99.0,0.0,12,8,2484.408457264835,0.4734145330496934,14.0,744.781390375109,interpolation,0 days 00:00:35.568000,35.568,4443.366,1.0
2023-11-25 14:59:03.470,0 days 01:14:03.466000,-1883.694733126823,1976.9169180119957,-235.00093473668704,,326.0,11548.0,99.0,0.0,12,8,2493.405555555556,0.4751289681594472,14.0,744.200833333331,interpolation,0 days 00:00:35.668000,35.668,4443.466,1.0
2023-11-25 14:59:03.570,0 days 01:14:03.566000,-1906.0,1918.0,-235.0,,321.0000128,11279.250688,75.00006144,0.0,12,8,2501.176530608581,0.4766097603034728,14.0,744.2897219946644,interpolation,0 days 00:00:35.768000,35.768,4443.566,1.0
2023-11-25 14:59:03.670,0 days 01:14:03.666000,-1929.2576578884664,1854.9024324300087,-234.99954041659169,,316.0,11010.5,51.00000000000001,0.0,12,8,2507.7214619988986,0.4778569246451208,14.0,744.378611111109,interpolation,0 days 00:00:35.868000,35.868,4443.666,1.0
2023-11-25 14:59:03.770,0 days 01:14:03.766000,-1954.7308288824,1783.9397090163995,-234.99955079966037,,311.0000128,10741.750688,27.00006144000001,0.0,12,8,2513.908405351542,0.4790358728529856,14.0,744.4674997724424,interpolation,0 days 00:00:35.968000,35.968,4443.766,1.0
2023-11-25 14:59:03.870,0 days 01:14:03.866000,-1990.0,1683.0,-235.0,,306.0,10473.0,3.0,0.0,12,8,2520.605555555556,0.4803120431330077,14.0,744.5563888888869,interpolation,0 days 00:00:36.068000,36.068,4443.866,1.0
2023-11-25 14:59:03.970,0 days 01:14:03.966000,-2032.0,1561.0,-235.0,,296.50002432,10401.00018432,2.50000128,1.0,8,8,2527.8128440322967,0.4816854224172368,14.0,745.2230538488872,interpolation,0 days 00:00:36.168000,36.168,4443.966,0.0
2023-11-25 14:59:04.070,0 days 01:14:04.066000,-2054.762015357067,1493.543985311183,-234.9942538254418,,287.0,10329.0,2.0,1.0,8,8,2536.55,0.4833503244185712,14.0,745.8897222222208,interpolation,0 days 00:00:36.268000,36.268,4444.066,0.0
2023-11-25 14:59:04.170,0 days 01:14:04.166000,-2069.0,1450.0,-235.0,,234.0,9688.0,2.0,1.0,8,8,2546.95,0.4853320883790502,14.0,749.3563888888871,interpolation,0 days 00:00:36.368000,36.368,4444.166,0.0
2023-11-25 14:59:04.270,0 days 01:14:04.266000,-2089.7564570715017,1387.1341380904876,-235.03535986885183,,223.66664903112616,9692.00000682666,2.333333902221737,1.0,8,7,2553.693368700146,0.4866170657888743,14.0,751.8230597653281,interpolation,0 days 00:00:36.468000,36.468,4444.266,0.0
2023-11-25 14:59:04.370,0 days 01:14:04.366000,-2112.0,1318.0,-235.0,,213.33335096887384,9695.99999317334,2.666666097778263,1.0,8,7,2556.6637839368354,0.487183090968079,14.0,754.2897180124465,interpolation,0 days 00:00:36.568000,36.568,4444.366,0.0
2023-11-25 14:59:04.470,0 days 01:14:04.466000,-2130.699682533863,1255.6498344659828,-234.7935869614432,,203.0,9700.0,3.0,1.0,8,7,2560.4833333333327,0.4879109222506991,14.0,756.7563888888876,interpolation,0 days 00:00:36.668000,36.668,4444.466,0.0
2023-11-25 14:59:04.570,0 days 01:14:04.566000,-2145.9145297669147,1200.3839704102888,-234.430833449647,,184.50004736,9420.0007168,2.50000128,1.0,8,7,2565.922314071677,0.4889473430207944,14.0,761.7230428408876,interpolation,0 days 00:00:36.768000,36.768,4444.566,0.0
2023-11-25 14:59:04.670,0 days 01:14:04.666000,-2158.0,1154.0,-234.0,,166.0,9140.0,2.0,1.0,8,7,2571.5499999999997,0.490019722362491,14.0,766.689722222221,interpolation,0 days 00:00:36.868000,36.868,4444.666,0.0
2023-11-25 14:59:04.770,0 days 01:14:04.766000,-2167.0151860563046,1116.7980886635498,-233.5158016070269,,155.50002688,9157.4999552,1.00000256,1.0,8,7,2575.9355516437963,0.4908554077658079,14.0,771.4397100622208,interpolation,0 days 00:00:36.968000,36.968,4444.766,0.0
2023-11-25 14:59:04.870,0 days 01:14:04.866000,-2173.3118580179903,1086.8956662374806,-233.0463114860267,,145.0,9175.0,0.0,1.0,8,7,2579.605555555555,0.4915547425241868,14.0,776.1897222222206,interpolation,0 days 00:00:37.068000,37.068,4444.866,0.0
2023-11-25 14:59:04.970,0 days 01:14:04.966000,-2179.0,1053.0,-233.0,,139.2000118784061,8998.400361676986,0.1999995903997903,1.0,8,5,2583.086515798853,0.4922180542124588,14.0,781.6143222237224,interpolation,0 days 00:00:37.168000,37.168,4444.966,0.0
2023-11-25 14:59:05.070,0 days 01:14:05.066000,-2184.4313480154738,1013.2285536437556,-233.4449448482169,,133.39999406079696,8821.799819161508,0.4000002048001048,1.0,8,5,2586.3784680188182,0.4928453496229535,14.0,787.0389499992475,interpolation,0 days 00:00:37.268000,37.268,4445.066,0.0
2023-11-25 14:59:05.170,0 days 01:14:05.166000,-2189.0,978.0,-234.0,,127.60000593920304,8645.200180838492,0.5999997951998951,1.0,8,5,2589.480750695692,0.493436502700285,14.0,792.4635500007494,interpolation,0 days 00:00:37.368000,37.368,4445.166,0.0
2023-11-25 14:59:05.270,0 days 01:14:05.266000,-2192.100156289133,957.7322439000776,-234.28402966466547,,121.79998812159393,8468.599638323014,0.8000004096002097,1.0,8,5,2592.389628703263,0.4939908017003653,14.0,797.8881777762745,interpolation,0 days 00:00:37.468000,37.468,4445.266,0.0
2023-11-25 14:59:05.370,0 days 01:14:05.366000,-2194.0,917.0,-234.0,,116.0,8292.0,1.0,1.0,8,5,2595.104444444444,0.4945081213152896,14.0,803.3127777777763,interpolation,0 days 00:00:37.568000,37.568,4445.366,0.0
2023-11-25 14:59:05.470,0 days 01:14:05.466000,-2195.0,833.0,-233.0,,111.24998784,7975.7491904,1.0,1.0,8,3,2597.6252257190176,0.4949884668424242,14.0,808.8627919857763,interpolation,0 days 00:00:37.668000,37.668,4445.466,0.0
2023-11-25 14:59:05.570,0 days 01:14:05.566000,-2195.2935517005467,781.4683078943225,-232.1787692869669,,106.5,7659.5,1.0,1.0,8,3,2599.951946714251,0.4954318333630438,14.0,814.4127777777762,interpolation,0 days 00:00:37.768000,37.768,4445.566,0.0
2023-11-25 14:59:05.670,0 days 01:14:05.666000,-2194.912892657915,775.0270376825438,-231.68542228770715,,101.74998784,7343.2491904,1.0,1.0,8,3,2602.2799289905806,0.4958754402261077,14.0,819.9627919857762,interpolation,0 days 00:00:37.868000,37.868,4445.666,0.0
2023-11-25 14:59:05.770,0 days 01:14:05.766000,-2193.075794966316,782.8223241495863,-231.34936670459476,,97.0,7027.0,1.0,1.0,8,3,2604.804444444444,0.4963564973168903,14.0,825.5127777777761,car,0 days 00:00:37.968000,37.968,4445.766,0.0
2023-11-25 14:59:05.870,0 days 01:14:05.866000,-2189.0,774.0,-231.0,,93.74999168,6819.4994688,1.0,1.0,8,3,2607.5255189269446,0.4968750095614288,14.0,833.4127980017762,interpolation,0 days 00:00:38.068000,38.068,4445.866,0.0
2023-11-25 14:59:05.970,0 days 01:14:05.966000,-2182.6855494949987,748.5601555741524,-230.63732575142888,,90.5,6612.0,1.0,1.0,8,3,2610.443124574353,0.4974309716501714,14.0,841.3127777777763,interpolation,0 days 00:00:38.168000,38.168,4445.966,0.0
2023-11-25 14:59:06.070,0 days 01:14:06.066000,-2174.650096161802,710.0772708765355,-230.27555730535803,,87.24999168,6404.4994688,1.0,1.0,8,3,2613.3414044928063,0.4979832511395725,14.0,849.2127980017764,interpolation,0 days 00:00:38.268000,38.268,4446.066,0.0
2023-11-25 14:59:06.170,0 days 01:14:06.166000,-2168.0,680.0,-230.0,,84.0,6197.0,1.0,1.0,8,3,2616.004444444444,0.4984907046589447,14.0,857.1127777777765,interpolation,0 days 00:00:38.368000,38.368,4446.166,0.0
2023-11-25 14:59:06.270,0 days 01:14:06.266000,-2163.252910283062,661.9027754616693,-229.82486807391135,,82.7499968,6010.49952256,2.00000256,1.0,8,3,2618.432271698864,0.4989533374046253,14.0,863.8072393599987,interpolation,0 days 00:00:38.468000,38.468,4446.266,0.0
2023-11-25 14:59:06.370,0 days 01:14:06.366000,-2159.3568975924845,653.3803591414345,-229.77506481993203,,81.5,5824.0,3.0,1.0,8,3,2620.62486139518,0.4993711446392672,14.0,870.5016666666652,interpolation,0 days 00:00:38.568000,38.568,4446.366,0.0
2023-11-25 14:59:06.470,0 days 01:14:06.466000,-2150.0,640.0,-230.0,,80.2499968,5637.49952256,4.00000256,1.0,8,3,2622.7016982961263,0.4997668946894681,14.0,877.1961282488874,interpolation,0 days 00:00:38.668000,38.668,4446.466,0.0
2023-11-25 14:59:06.570,0 days 01:14:06.566000,-2134.1303352914165,619.3564116166792,-230.52457281027856,,79.0,5451.0,5.0,1.0,8,3,2624.7822222222217,0.500163347317896,14.0,883.8905555555539,interpolation,0 days 00:00:38.768000,38.768,4446.566,0.0
2023-11-25 14:59:06.670,0 days 01:14:06.666000,-2117.0,599.0,-231.0,,77.24999552,5418.4999168,11.00001536,0.0,8,3,2626.8664544780845,0.500560506584236,14.0,890.8072399288872,interpolation,0 days 00:00:38.868000,38.868,4446.666,0.0
2023-11-25 14:59:06.770,0 days 01:14:06.766000,-2103.8614285788813,586.4815909983496,-231.077488078402,,75.5,5386.0,17.0,0.0,8,3,2628.954373721232,0.500958368421588,14.0,897.7238888888871,interpolation,0 days 00:00:38.968000,38.968,4446.766,0.0
2023-11-25 14:59:06.870,0 days 01:14:06.866000,-2092.985667198518,580.694555068999,-230.752743080412,,73.74999552,5353.4999168,23.00001536,0.0,8,3,2630.956227454873,0.5013398301123073,14.0,904.6405732622204,interpolation,0 days 00:00:39.068000,39.068,4446.866,0.0
2023-11-25 14:59:06.970,0 days 01:14:06.966000,-2074.0,575.0,-230.0,,72.0,5321.0,29.0,0.0,8,3,2632.7822222222217,0.5016877811336491,14.0,911.5572222222204,interpolation,0 days 00:00:39.168000,39.168,4446.966,0.0
2023-11-25 14:59:07.070,0 days 01:14:07.066000,-2047.0,569.0,-229.0,,72.66666780444348,5474.666928924221,32.333339022217366,0.0,8,3,2634.43237672151,0.5020022250486407,14.0,916.3794526743616,interpolation,0 days 00:00:39.268000,39.268,4447.066,0.0
2023-11-25 14:59:07.170,0 days 01:14:07.166000,-2022.9333705833772,566.9463834768482,-228.86300562315347,,73.33333219555652,5628.333071075779,35.666660977782634,0.0,8,3,2635.963387694192,0.5022939656610214,14.0,921.201658436746,interpolation,0 days 00:00:39.368000,39.368,4447.166,0.0
2023-11-25 14:59:07.270,0 days 01:14:07.266000,-2001.0,568.0,-229.0,,74.0,5782.0,39.0,0.0,8,3,2637.715555555555,0.5026278486533635,14.0,926.0238888888872,interpolation,0 days 00:00:39.468000,39.468,4447.266,0.0
2023-11-25 14:59:07.370,0 days 01:14:07.366000,-1978.57566081918,570.6130755040404,-228.6369226316084,,75.74999552,5923.74963712,43.49998848,0.0,8,3,2639.745576002437,0.5030146776303508,14.0,930.5516550755536,interpolation,0 days 00:00:39.568000,39.568,4447.366,0.0
2023-11-25 14:59:07.470,0 days 01:14:07.466000,-1957.0,574.0,-228.0,,77.5,6065.5,48.0,0.0,8,3,2642.0534698223014,0.5034544565531217,14.0,935.0794444444424,interpolation,0 days 00:00:39.668000,39.668,4447.466,0.0
2023-11-25 14:59:07.570,0 days 01:14:07.566000,-1937.6131150615545,577.3751020589549,-227.3154688271892,,79.24999552,6207.24963712,52.49998848,0.0,8,3,2644.442394988793,0.5039096763415097,14.0,939.6072106311092,interpolation,0 days 00:00:39.768000,39.768,4447.566,0.0
2023-11-25 14:59:07.670,0 days 01:14:07.666000,-1919.7031078041837,580.8395382535805,-226.60514810519453,,81.0,6349.0,57.0,0.0,8,3,2646.715555555555,0.5043428366960858,14.0,944.134999999998,interpolation,0 days 00:00:39.868000,39.868,4447.666,0.0
2023-11-25 14:59:07.770,0 days 01:14:07.766000,-1899.0,585.0,-226.0,,81.99999744,6630.99927808,60.99998976,0.0,8,3,2648.872928245484,0.5047539331812996,14.0,948.1905451733314,interpolation,0 days 00:00:39.968000,39.968,4447.766,0.0
2023-11-25 14:59:07.870,0 days 01:14:07.866000,-1874.7918799712045,589.9576519129931,-225.52184431650616,,83.0,6913.0,65.0,0.0,8,3,2651.3266666666664,0.5052215034093325,14.0,952.2461111111091,interpolation,0 days 00:00:40.068000,40.068,4447.866,0.0
2023-11-25 14:59:07.970,0 days 01:14:07.966000,-1851.0,595.0,-225.0,,90.4999808,7053.49964032,61.00001024,0.0,8,3,2654.4888772094127,0.505824075994819,14.0,956.1127678791092,interpolation,0 days 00:00:40.168000,40.168,4447.966,0.0
2023-11-25 14:59:08.070,0 days 01:14:08.066000,-1831.5451208486768,599.414652668449,-224.26377575576407,,98.0,7194.0,57.0,0.0,8,3,2657.86,0.5064664576921974,14.0,959.9794444444424,interpolation,0 days 00:00:40.268000,40.268,4448.066,0.0
2023-11-25 14:59:08.170,0 days 01:14:08.166000,-1813.9111469290435,603.272589237553,-223.40782288030897,,98.74999808,7318.49968128,53.00001024,0.0,8,3,2660.940408263383,0.5070534425075757,14.0,962.7849928177758,interpolation,0 days 00:00:40.368000,40.368,4448.166,0.0
2023-11-25 14:59:08.270,0 days 01:14:08.266000,-1783.0,607.0,-223.0,,99.5,7443.0,49.0,0.0,8,3,2663.73013354302,0.5075850364516933,14.0,965.5905555555536,interpolation,0 days 00:00:40.468000,40.468,4448.266,0.0
2023-11-25 14:59:08.370,0 days 01:14:08.366000,-1739.0,610.0,-223.0,,100.24999808,7567.49968128,45.00001024,0.0,8,3,2666.390333242258,0.508091948748965,14.0,968.3961039288872,interpolation,0 days 00:00:40.568000,40.568,4448.366,0.0
2023-11-25 14:59:08.470,0 days 01:14:08.466000,-1698.136624117178,608.2653578884104,-222.5980856794197,,101.0,7692.0,41.0,0.0,8,3,2669.082222222222,0.5086048995726289,14.0,971.201666666665,interpolation,0 days 00:00:40.668000,40.668,4448.466,0.0
2023-11-25 14:59:08.570,0 days 01:14:08.566000,-1663.34419454536,601.8406026304687,-221.75001085671244,,101.99999744,7763.99981568,41.49999872,0.0,8,3,2671.80577291804,0.5091238836700818,14.0,973.224369821865,interpolation,0 days 00:00:40.768000,40.768,4448.566,0.0
2023-11-25 14:59:08.670,0 days 01:14:08.666000,-1636.0,595.0,-221.0,,103.0,7836.0,42.0,0.0,8,3,2674.5610132189427,0.5096489063557346,14.0,975.2470833333316,interpolation,0 days 00:00:40.868000,40.868,4448.666,0.0
2023-11-25 14:59:08.770,0 days 01:14:08.766000,-1616.3339260240984,588.4560025594859,-220.4387655407616,,103.99999744,7907.99981568,42.49999872,0.0,8,3,2677.486218125486,0.5102063165154271,14.0,977.2697864885316,interpolation,0 days 00:00:40.968000,40.968,4448.766,0.0
2023-11-25 14:59:08.870,0 days 01:14:08.866000,-1602.8973548603149,581.6243519557111,-219.96823301939995,,105.0,7980.0,43.0,0.0,8,3,2680.7197222222217,0.5108224743889822,14.0,979.2924999999982,interpolation,0 days 00:00:41.068000,41.068,4448.866,0.0
2023-11-25 14:59:08.970,0 days 01:14:08.966000,-1587.0,571.0,-219.0,,105.0,8123.99963136,43.0,0.0,8,3,2684.261492398152,0.511497373666959,14.0,981.5591608639982,interpolation,0 days 00:00:41.168000,41.168,4448.966,0.0
2023-11-25 14:59:09.070,0 days 01:14:09.066000,-1567.1932822776198,555.9986465562097,-217.4359878552933,,105.0,8268.0,43.0,0.0,8,3,2687.7197222222217,0.5121563539777663,14.0,983.8258333333316,interpolation,0 days 00:00:41.268000,41.268,4449.066,0.0
2023-11-25 14:59:09.170,0 days 01:14:09.166000,-1547.0,538.0,-216.0,,105.99999829333188,8317.999914666594,45.99999487999563,0.0,8,3,2690.7025335833805,0.5127247412908866,14.0,985.355460352391,interpolation,0 days 00:00:41.368000,41.368,4449.166,0.0
2023-11-25 14:59:09.270,0 days 01:14:09.266000,-1529.94254187401,518.3834307869649,-215.41580912885317,,107.00000170666812,8368.000085333406,49.00000512000437,0.0,8,3,2693.3074860636,0.5132211259970463,14.0,986.885095203161,interpolation,0 days 00:00:41.468000,41.468,4449.266,0.0
2023-11-25 14:59:09.370,0 days 01:14:09.366000,-1514.0,495.0,-215.0,,108.0,8418.0,52.0,0.0,8,3,2696.1197222222218,0.513757009484307,14.0,988.4147222222203,interpolation,0 days 00:00:41.568000,41.568,4449.366,0.0
2023-11-25 14:59:09.470,0 days 01:14:09.466000,-1497.1511285583106,465.7003284018564,-214.06914713158105,,110.40000491519748,8589.000350207822,55.40000696319643,0.0,8,3,2699.236799894524,0.5143509818105554,14.0,989.8547251713388,interpolation,0 days 00:00:41.668000,41.668,4449.466,0.0
2023-11-25 14:59:09.570,0 days 01:14:09.566000,-1480.0,430.0,-213.0,,112.79999754240126,8759.99982489609,58.79999651840178,0.0,8,3,2702.658687161716,0.5150030368935307,14.0,991.2947207476612,interpolation,0 days 00:00:41.768000,41.768,4449.566,0.0
2023-11-25 14:59:09.670,0 days 01:14:09.666000,-1463.1503386161305,387.41393320171926,-212.1692876016644,,115.20000245759874,8931.00017510391,62.200003481598216,0.0,8,3,2706.2800737785246,0.5156931074208531,14.0,992.7347236967796,interpolation,0 days 00:00:41.868000,41.868,4449.666,0.0
2023-11-25 14:59:09.770,0 days 01:14:09.766000,-1447.0072291226004,339.9886183340551,-211.55222011686052,,117.59999508480252,9101.999649792178,65.59999303680357,0.0,8,3,2709.468856342783,0.5163007434173579,14.0,994.1747192731018,interpolation,0 days 00:00:41.968000,41.968,4449.766,0.0
2023-11-25 14:59:09.870,0 days 01:14:09.866000,-1434.0,300.0,-211.0,,120.0,9273.0,69.0,0.0,8,3,2712.1197222222218,0.5168058771158133,14.0,995.6147222222204,interpolation,0 days 00:00:42.068000,42.068,4449.866,0.0
2023-11-25 14:59:09.970,0 days 01:14:09.966000,-1424.533696617823,269.4945419287907,-210.48783457961545,,121.99999488,9406.49965824,72.49999104,0.0,8,3,2714.232644272043,0.5172085033436631,14.0,996.8369413155538,interpolation,0 days 00:00:42.168000,42.168,4449.966,0.0
2023-11-25 14:59:10.070,0 days 01:14:10.066000,-1418.6082220408748,248.4719317437369,-210.01571861111944,,124.0,9540.0,76.0,0.0,8,3,2717.6308333333327,0.5178560426333321,14.0,998.0591666666652,interpolation,0 days 00:00:42.268000,42.268,4450.066,0.0
2023-11-25 14:59:10.170,0 days 01:14:10.166000,-1413.1286735634926,226.71349136680985,-209.53574589706372,,134.0,10260.0,93.0,0.0,8,3,2723.5863888888885,0.5189908989183928,14.0,1000.1480555555536,interpolation,0 days 00:00:42.368000,42.368,4450.166,0.0
2023-11-25 14:59:10.270,0 days 01:14:10.266000,-1405.0,194.0,-209.0,,137.6666729244391,10569.667195163993,95.00000341333042,0.0,8,3,2728.793014162598,0.5199830433725424,14.0,1001.3925021238482,interpolation,0 days 00:00:42.468000,42.468,4450.266,0.0
2023-11-25 14:59:10.370,0 days 01:14:10.366000,-1394.2222845878027,150.33179262860162,-208.40848640595223,,141.3333270755609,10879.332804836007,96.99999658666958,0.0,8,3,2732.8294987641857,0.5207522125754709,14.0,1002.6369423205924,interpolation,0 days 00:00:42.568000,42.568,4450.366,0.0
2023-11-25 14:59:10.470,0 days 01:14:10.466000,-1384.0,109.0,-208.0,,145.0,11189.0,99.0,0.0,8,3,2736.475277777777,0.521446931177106,14.0,1003.8813888888872,interpolation,0 days 00:00:42.668000,42.668,4450.466,0.0
2023-11-25 14:59:10.570,0 days 01:14:10.566000,-1377.5378339496433,83.2966232613804,-208.0133459072228,,150.24998656,11130.75014912,99.0,0.0,8,3,2739.860211720626,0.5220919446479273,14.0,1004.5924981795538,interpolation,0 days 00:00:42.768000,42.768,4450.566,0.0
2023-11-25 14:59:10.670,0 days 01:14:10.666000,-1372.0,61.0,-208.0,,155.5,11072.5,99.0,0.0,8,3,2742.984335254545,0.5226872595928892,14.0,1005.3036111111094,interpolation,0 days 00:00:42.868000,42.868,4450.666,0.0
2023-11-25 14:59:10.770,0 days 01:14:10.766000,-1364.5508345943954,29.888959323358364,-207.51143815071725,,160.74998656,11014.25014912,99.0,0.0,8,3,2746.542800051861,0.5233653401015387,14.0,1006.014720401776,interpolation,0 days 00:00:42.968000,42.968,4450.766,0.0
2023-11-25 14:59:10.870,0 days 01:14:10.866000,-1355.0,-10.0,-207.0,,166.0,10956.0,99.0,0.0,8,3,2751.2308333333326,0.5242586646594951,14.0,1006.7258333333316,interpolation,0 days 00:00:43.068000,43.068,4450.866,0.0
2023-11-25 14:59:10.970,0 days 01:14:10.966000,-1343.15733256395,-58.62965216168133,-206.9180354284669,,172.99998208,11153.4994944,99.0,0.0,8,4,2757.0483870936223,0.5253672241191385,14.0,1007.592497781332,interpolation,0 days 00:00:43.168000,43.168,4450.966,0.0
2023-11-25 14:59:11.070,0 days 01:14:11.066000,-1330.0,-112.0,-207.0,,180.0,11351.0,99.0,0.0,8,4,2763.230833333332,0.5265453153831247,14.0,1008.4591666666656,interpolation,0 days 00:00:43.268000,43.268,4451.066,0.0
2023-11-25 14:59:11.170,0 days 01:14:11.166000,-1316.5054260218503,-166.1100018734735,-206.9803492784876,,183.99998976,11085.75067904,99.0,0.0,8,4,2769.013421173089,0.5276472119388107,14.0,1008.9591653866656,interpolation,0 days 00:00:43.368000,43.368,4451.166,0.0
2023-11-25 14:59:11.270,0 days 01:14:11.266000,-1303.0,-219.0,-207.0,,188.0,10820.5,99.0,0.0,8,4,2774.3962098267384,0.5286729250696451,14.0,1009.4591666666656,interpolation,0 days 00:00:43.468000,43.468,4451.266,0.0
2023-11-25 14:59:11.370,0 days 01:14:11.366000,-1289.8103877849348,-268.70924091751044,-207.19986890060727,,191.99998976,10555.25067904,99.0,0.0,8,4,2779.640726802572,0.5296722899478016,14.0,1009.9591653866656,interpolation,0 days 00:00:43.568000,43.568,4451.366,0.0
2023-11-25 14:59:11.470,0 days 01:14:11.466000,-1276.3944137901476,-316.72863251971614,-207.56437308869212,,196.0,10290.0,99.0,0.0,8,4,2785.00861111111,0.5306951629926748,14.0,1010.4591666666656,interpolation,0 days 00:00:43.668000,43.668,4451.466,0.0
2023-11-25 14:59:11.570,0 days 01:14:11.566000,-1259.5,-372.0,-208.0,,198.79999426559704,10482.1996063742,99.0,0.0,8,4,2790.499807785356,0.5317415337300713,14.0,1010.8332770115968,interpolation,0 days 00:00:43.768000,43.768,4451.566,0.0
2023-11-25 14:59:11.670,0 days 01:14:11.666000,-1238.5849328907398,-436.0143082083441,-208.4911691570805,,201.60000286720145,10674.4001968129,99.0,0.0,8,4,2796.114373055308,0.5328114128748548,14.0,1011.2073892719778,interpolation,0 days 00:00:43.868000,43.868,4451.666,0.0
2023-11-25 14:59:11.770,0 days 01:14:11.766000,-1217.0,-499.0,-209.0,,204.39999713279852,10866.5998031871,99.0,0.0,8,4,2801.8270052399284,0.5338999790847541,14.0,1011.5814996169092,interpolation,0 days 00:00:43.968000,43.968,4451.766,0.0
2023-11-25 14:59:11.870,0 days 01:14:11.866000,-1198.0955536654562,-551.1868187100225,-209.4886222088247,,207.2000057344029,11058.8003936258,99.0,0.0,8,4,2807.486296415984,0.5349783809400007,14.0,1011.9556118772902,interpolation,0 days 00:00:44.068000,44.068,4451.866,0.0
2023-11-25 14:59:11.970,0 days 01:14:11.966000,-1181.0,-596.0,-210.0,,210.0,11251.0,99.0,0.0,8,4,2813.0669444444434,0.5360417970110507,14.0,1012.3297222222212,interpolation,0 days 00:00:44.168000,44.168,4451.966,0.0
2023-11-25 14:59:12.070,0 days 01:14:12.066000,-1164.8413764765526,-636.8657728113941,-210.57710782997253,,212.66667121777388,11393.00024234646,99.0,0.0,8,5,2818.569006471289,0.5370902381873125,14.0,1012.6667598344676,interpolation,0 days 00:00:44.268000,44.268,4452.066,0.0
2023-11-25 14:59:12.170,0 days 01:14:12.166000,-1148.58260448678,-676.1443452705007,-211.22788390602813,,215.3333287822261,11534.99975765354,99.0,0.0,8,5,2824.0685635209848,0.53813820202959,14.0,1013.003795721086,interpolation,0 days 00:00:44.368000,44.368,4452.166,0.0
2023-11-25 14:59:12.270,0 days 01:14:12.266000,-1126.0,-728.0,-212.0,,218.0,11677.0,99.0,0.0,8,5,2830.022499999999,0.5392727497927718,14.0,1013.3408333333324,interpolation,0 days 00:00:44.468000,44.468,4452.266,0.0
2023-11-25 14:59:12.370,0 days 01:14:12.366000,-1096.0565501892754,-794.7928325900853,-212.9013923222944,,220.99999487999565,11311.66729016942,99.0,0.0,8,5,2836.5068923056124,0.5405083781559328,14.0,1013.548240386764,interpolation,0 days 00:00:44.568000,44.568,4452.366,0.0
2023-11-25 14:59:12.470,0 days 01:14:12.466000,-1058.0,-873.0,-214.0,,224.0000051200044,10946.33270983058,99.0,0.0,8,5,2843.4254846264653,0.5418267451673474,14.0,1013.7556485021228,interpolation,0 days 00:00:44.668000,44.668,4452.466,0.0
2023-11-25 14:59:12.570,0 days 01:14:12.566000,-1011.0787906973704,-959.0971743893568,-215.36374168020944,,227.0,10581.0,99.0,0.0,8,5,2850.200277777777,0.5431177106391715,14.0,1013.9630555555544,interpolation,0 days 00:00:44.768000,44.768,4452.566,0.0
2023-11-25 14:59:12.670,0 days 01:14:12.666000,-958.110069421941,-1049.0892960518352,-216.89411373706244,,229.5000064,10602.00005376,99.0,0.0,8,5,2856.735018921901,0.5443629331863334,14.0,1014.1019447999988,interpolation,0 days 00:00:44.868000,44.868,4452.666,0.0
2023-11-25 14:59:12.770,0 days 01:14:12.766000,-916.0,-1119.0,-218.0,,232.0,10623.0,99.0,0.0,8,5,2863.089166666666,0.5455737428978849,14.0,1014.240833333332,interpolation,0 days 00:00:44.968000,44.968,4452.766,0.0
2023-11-25 14:59:12.870,0 days 01:14:12.866000,-887.5657788383055,-1164.8340607776731,-218.5828942027155,,234.00000341333043,10801.33363768863,99.0,0.0,10,6,2869.322311602119,0.5467614950126466,14.0,1014.3186112438506,interpolation,0 days 00:00:45.068000,45.068,4452.866,1.0
2023-11-25 14:59:12.970,0 days 01:14:12.966000,-870.5048679710789,-1190.4497529700775,-218.73393540590644,,235.9999965866696,10979.66636231137,99.0,0.0,10,6,2875.453813504705,0.5479298786178537,14.0,1014.3963887561472,interpolation,0 days 00:00:45.168000,45.168,4452.966,1.0
2023-11-25 14:59:13.070,0 days 01:14:13.066000,-851.0,-1219.0,-219.0,,238.0,11158.0,99.0,0.0,10,6,2881.6002777777767,0.5491011133660023,14.0,1014.474166666666,interpolation,0 days 00:00:45.268000,45.268,4453.066,1.0
2023-11-25 14:59:13.170,0 days 01:14:13.166000,-826.7485455229476,-1254.343253438465,-219.47223029002083,,240.99999487999565,11245.333184284318,99.0,0.0,14,6,2887.7810650853867,0.5502788885134646,14.0,1014.4482407849868,interpolation,0 days 00:00:45.368000,45.368,4453.166,1.0
2023-11-25 14:59:13.270,0 days 01:14:13.266000,-796.97186989218,-1297.2121653325432,-220.1467204718129,,244.0000051200044,11332.666815715682,99.0,0.0,14,6,2894.0590895761984,0.5514751926172046,14.0,1014.422314770567,interpolation,0 days 00:00:45.468000,45.468,4453.266,1.0
2023-11-25 14:59:13.370,0 days 01:14:13.366000,-757.0,-1352.0,-221.0,,247.0,11420.0,99.0,0.0,12,6,2900.811388888888,0.5527618717929984,14.0,1014.396388888888,car,0 days 00:00:45.568000,45.568,4453.366,1.0
2023-11-25 14:59:13.470,0 days 01:14:13.466000,-707.0,-1418.0,-222.0,,249.66667121777388,11536.666865777608,99.0,0.0,12,6,2908.1008830244164,0.5541509157129901,14.0,1014.396388888888,interpolation,0 days 00:00:45.668000,45.668,4453.466,1.0
2023-11-25 14:59:13.570,0 days 01:14:13.566000,-652.6474921358658,-1486.573911596317,-222.9777098396981,,252.3333287822261,11653.333134222392,99.0,0.0,12,6,2915.8371361309246,0.5556250914433384,14.0,1014.396388888888,interpolation,0 days 00:00:45.768000,45.768,4453.566,1.0
2023-11-25 14:59:13.670,0 days 01:14:13.666000,-601.0,-1549.0,-224.0,,255.0,11770.0,99.0,0.0,12,6,2923.4780555555544,0.5570811009376322,14.0,1014.396388888888,interpolation,0 days 00:00:45.868000,45.868,4453.666,1.0
2023-11-25 14:59:13.770,0 days 01:14:13.766000,-558.1702728459566,-1597.994797583011,-225.1618874541916,,256.99999488,11503.50068224,99.0,0.0,12,6,2930.933201847862,0.5585017105763048,14.0,1014.3408334755546,interpolation,0 days 00:00:45.968000,45.968,4453.766,1.0
2023-11-25 14:59:13.870,0 days 01:14:13.866000,-515.0,-1645.0,-226.0,,259.0,11237.0,99.0,0.0,12,6,2938.2026513487403,0.5598869349064358,14.0,1014.2852777777769,interpolation,0 days 00:00:46.068000,46.068,4453.866,1.0
2023-11-25 14:59:13.970,0 days 01:14:13.966000,-462.3317514285261,-1701.456319865388,-226.0509449551525,,260.99999488,10970.50068224,99.0,0.0,12,6,2945.4153211041366,0.561261339616059,14.0,1014.2297223644435,interpolation,0 days 00:00:46.168000,46.168,4453.966,1.0
2023-11-25 14:59:14.070,0 days 01:14:14.066000,-405.0,-1761.0,-226.0,,263.0,10704.0,99.0,0.0,12,6,2952.7002777777766,0.5626495189035082,14.0,1014.1741666666658,interpolation,0 days 00:00:46.268000,46.268,4454.066,1.0
2023-11-25 14:59:14.170,0 days 01:14:14.166000,-347.84034498272945,-1817.2660953847908,-226.5324428148803,,264.74999552,10755.99986688,99.0,0.0,12,7,2960.0574467718952,0.5640514585538637,14.0,1014.063055839999,interpolation,0 days 00:00:46.368000,46.368,4454.166,1.0
2023-11-25 14:59:14.270,0 days 01:14:14.266000,-290.62596042813374,-1870.70332771236,-227.49855597599952,,266.5,10808.0,99.0,0.0,12,7,2967.486903424095,0.5654671729230245,14.0,1013.9519444444434,interpolation,0 days 00:00:46.468000,46.468,4454.266,1.0
2023-11-25 14:59:14.370,0 days 01:14:14.366000,-232.0,-1924.0,-228.0,,268.24999552,10859.99986688,99.0,0.0,12,7,2975.023008853137,0.5669032096674135,14.0,1013.8408336177766,interpolation,0 days 00:00:46.568000,46.568,4454.366,1.0
2023-11-25 14:59:14.470,0 days 01:14:14.466000,-171.7356227347102,-1977.6048035333824,-227.88705714565495,,270.0,10912.0,99.0,0.0,12,7,2982.700277777777,0.5683661457125825,14.0,1013.729722222221,interpolation,0 days 00:00:46.668000,46.668,4454.466,1.0
2023-11-25 14:59:14.570,0 days 01:14:14.566000,-111.46756401231518,-2030.2130083410525,-227.2910602480837,,271.74999552,10963.74986752,99.0,0.0,12,7,2990.518631582983,0.5698559660781046,14.0,1013.5352782755544,interpolation,0 days 00:00:46.768000,46.768,4454.566,1.0
2023-11-25 14:59:14.670,0 days 01:14:14.666000,-61.0,-2074.0,-227.0,,273.5,11015.5,99.0,0.0,12,7,2998.478150328903,0.5713726860197798,14.0,1013.3408333333324,interpolation,0 days 00:00:46.868000,46.868,4454.666,1.0
2023-11-25 14:59:14.770,0 days 01:14:14.766000,-21.96756575870465,-2107.6611490729083,-227.14521106044063,,275.24999552,11067.24986752,99.0,0.0,12,7,3006.2431378481474,0.5728523372139344,14.0,1013.1463893866658,interpolation,0 days 00:00:46.968000,46.968,4454.766,1.0
2023-11-25 14:59:14.870,0 days 01:14:14.866000,10.653191596338768,-2135.4627502029966,-227.64397817242556,,277.0,11119.0,99.0,0.0,12,7,3013.478055555555,0.5742309813648548,14.0,1012.9519444444436,interpolation,0 days 00:00:47.068000,47.068,4454.866,1.0
2023-11-25 14:59:14.970,0 days 01:14:14.966000,67.0,-2183.0,-228.0,,278.6666638222198,11188.666547768787,99.0,0.0,12,7,3020.1828293657577,0.5755086043552609,14.0,1012.6667597459748,interpolation,0 days 00:00:47.168000,47.168,4454.966,1.0
2023-11-25 14:59:15.070,0 days 01:14:15.066000,152.09648963669224,-2254.5393351987736,-228.13056344489183,,280.3333361777802,11258.333452231213,99.0,0.0,12,7,3026.736341727608,0.576757403837306,14.0,1012.3815735873562,interpolation,0 days 00:00:47.268000,47.268,4455.066,1.0
2023-11-25 14:59:15.170,0 days 01:14:15.166000,258.65994280592514,-2344.010837731102,-228.06729915374967,,282.0,11328.0,99.0,0.0,12,7,3035.4113888888883,0.5784104707430446,14.0,1012.0963888888872,car,0 days 00:00:47.368000,47.368,4455.166,1.0
2023-11-25 14:59:15.270,0 days 01:14:15.266000,343.0,-2415.0,-228.0,,283.00000256,11385.5001472,99.0,0.0,12,7,3046.5868734740834,0.580540006569182,14.0,1011.6686100159984,interpolation,0 days 00:00:47.468000,47.468,4455.266,1.0
2023-11-25 14:59:15.370,0 days 01:14:15.366000,397.8339512642749,-2461.436909571008,-227.96029865639932,,284.0,11443.0,99.0,0.0,12,7,3057.500277777777,0.5826196018898742,14.0,1011.240833333332,interpolation,0 days 00:00:47.568000,47.568,4455.366,1.0
2023-11-25 14:59:15.470,0 days 01:14:15.466000,428.1640632286209,-2487.4714955014806,-227.95222937684136,,285.33333560888696,11485.00007167994,99.0,0.0,12,7,3065.389310284715,0.5841228903807681,14.0,1010.975277324562,interpolation,0 days 00:00:47.668000,47.668,4455.466,1.0
2023-11-25 14:59:15.570,0 days 01:14:15.566000,464.0,-2518.0,-228.0,,286.66666439111304,11526.99992832006,99.0,0.0,12,7,3070.756799045591,0.5851456880523624,14.0,1010.7097226754356,interpolation,0 days 00:00:47.768000,47.768,4455.566,1.0
2023-11-25 14:59:15.670,0 days 01:14:15.666000,510.343833668117,-2557.172189221437,-228.10764567548412,,288.0,11569.0,99.0,0.0,12,7,3076.620277777777,0.586262998709524,14.0,1010.4441666666658,interpolation,0 days 00:00:47.868000,47.868,4455.666,1.0
2023-11-25 14:59:15.770,0 days 01:14:15.766000,566.0223921040918,-2604.0491231064766,-228.2193256164313,,289.49999616,11489.0002048,99.0,0.0,12,7,3083.482595273588,0.587570642315155,14.0,1009.9719456533325,interpolation,0 days 00:00:47.968000,47.968,4455.766,1.0
2023-11-25 14:59:15.870,0 days 01:14:15.866000,624.0,-2653.0,-228.0,,291.0,11409.0,99.0,0.0,12,7,3091.3438218033325,0.5890686322595597,14.0,1009.4997222222212,interpolation,0 days 00:00:48.068000,48.068,4455.866,1.0
2023-11-25 14:59:15.970,0 days 01:14:15.966000,683.1033660974188,-2703.085779709189,-227.39383138750537,,292.49999616,11329.0002048,99.0,0.0,12,7,3100.0099011736384,0.5907199903148216,14.0,1009.0275012088878,interpolation,0 days 00:00:48.168000,48.168,4455.966,1.0
2023-11-25 14:59:16.070,0 days 01:14:16.066000,748.0,-2758.0,-227.0,,294.0,11249.0,99.0,0.0,12,7,3109.286944444444,0.5924877701238492,14.0,1008.5552777777766,interpolation,0 days 00:00:48.268000,48.268,4456.066,1.0
2023-11-25 14:59:16.170,0 days 01:14:16.166000,823.356141551456,-2821.435123438445,-227.41769629853064,,294.9999982933319,11040.667022222526,99.0,0.0,12,7,3119.174856619069,0.5943719535846237,14.0,1007.8552789724444,interpolation,0 days 00:00:48.368000,48.368,4456.166,1.0
2023-11-25 14:59:16.270,0 days 01:14:16.266000,899.0,-2885.0,-228.0,,296.0000017066681,10832.332977777474,99.0,0.0,12,7,3129.4741220890046,0.5963345221545973,14.0,1007.1552765831092,interpolation,0 days 00:00:48.468000,48.468,4456.266,1.0
2023-11-25 14:59:16.370,0 days 01:14:16.366000,964.758238354022,-2940.302179180284,-228.09998058132408,,297.0,10624.0,99.0,0.0,12,7,3138.9869444444435,0.5981472306648327,14.0,1006.4552777777772,interpolation,0 days 00:00:48.568000,48.568,4456.366,1.0
2023-11-25 14:59:16.470,0 days 01:14:16.466000,1025.0,-2991.0,-228.0,,298.00000256,10646.00005632,99.0,0.0,12,8,3147.5138042359445,0.5997720598408764,14.0,1005.8052761137772,interpolation,0 days 00:00:48.668000,48.668,4456.466,1.0
2023-11-25 14:59:16.570,0 days 01:14:16.566000,1084.0931380842471,-3040.75071603971,-227.9824202135183,,299.0,10668.0,99.0,0.0,12,8,3155.0546141486884,0.6012089930445206,14.0,1005.1552777777772,interpolation,0 days 00:00:48.768000,48.768,4456.566,1.0
2023-11-25 14:59:16.670,0 days 01:14:16.666000,1140.0,-3088.0,-228.0,,300.00000256,10690.00005632,99.0,0.0,12,8,3162.0866277373066,0.6025489729579363,14.0,1004.5052761137772,interpolation,0 days 00:00:48.868000,48.868,4456.666,1.0
2023-11-25 14:59:16.770,0 days 01:14:16.766000,1190.681755540423,-3131.1925313013944,-228.0054981375661,,301.0,10712.0,99.0,0.0,12,8,3169.086944444444,0.6038829128966038,14.0,1003.8552777777772,interpolation,0 days 00:00:48.968000,48.968,4456.766,1.0
2023-11-25 14:59:16.870,0 days 01:14:16.866000,1240.875507249331,-3174.1723049137936,-228.0011091750241,,302.00000256,10761.50012672,99.0,0.0,12,8,3176.055635953526,0.6052108265201035,14.0,1002.9941644622218,interpolation,0 days 00:00:49.068000,49.068,4456.866,1.0
2023-11-25 14:59:16.970,0 days 01:14:16.966000,1319.0,-3240.0,-228.0,,303.0,10811.0,99.0,0.0,12,8,3182.992630905336,0.6065327002306342,14.0,1002.1330555555552,interpolation,0 days 00:00:49.168000,49.168,4456.966,1.0
2023-11-25 14:59:17.070,0 days 01:14:17.066000,1423.0,-3327.0,-228.0,,304.00000256,10860.50012672,99.0,0.0,12,8,3191.449048226709,0.608144106296237,14.0,1001.2719422399996,interpolation,0 days 00:00:49.268000,49.268,4457.066,1.0
2023-11-25 14:59:17.170,0 days 01:14:17.166000,1512.1190859688236,-3402.0526367631937,-227.97491883666152,,305.0,10910.0,99.0,0.0,12,8,3202.975833333332,0.610340583921669,14.0,1000.4108333333328,interpolation,0 days 00:00:49.368000,49.368,4457.166,1.0
2023-11-25 14:59:17.270,0 days 01:14:17.266000,1581.6390438641206,-3461.221290032453,-227.93856711393445,,307.0,10978.0,99.0,0.0,12,8,3216.6202777777767,0.6129405904852036,14.0,998.8997222222216,interpolation,0 days 00:00:49.468000,49.468,4457.266,1.0
2023-11-25 14:59:17.370,0 days 01:14:17.366000,1644.0,-3514.0,-228.0,,307.49999872,10978.0,99.0,0.0,12,8,3226.6653317337223,0.6148547179766422,14.0,997.677503128888,interpolation,0 days 00:00:49.568000,49.568,4457.366,1.0
2023-11-25 14:59:17.470,0 days 01:14:17.466000,1701.276083680768,-3561.971761637704,-228.17739407835663,,308.0,10978.0,99.0,0.0,12,8,3232.158271580776,0.6159014208829852,14.0,996.4552777777768,interpolation,0 days 00:00:49.668000,49.668,4457.466,1.0
2023-11-25 14:59:17.570,0 days 01:14:17.566000,1753.4667084008288,-3605.136083715984,-228.47074753249373,,308.49999872,10978.0,99.0,0.0,12,8,3236.7488460356567,0.6167761742495793,14.0,995.2330586844436,interpolation,0 days 00:00:49.768000,49.768,4457.566,1.0
2023-11-25 14:59:17.670,0 days 01:14:17.666000,1800.4242323604417,-3643.732573856243,-228.77872850038403,,309.0,10978.0,99.0,0.0,12,8,3244.086944444444,0.6181744799192892,14.0,994.0108333333324,interpolation,0 days 00:00:49.868000,49.868,4457.666,1.0
2023-11-25 14:59:17.770,0 days 01:14:17.766000,1842.0,-3678.0,-229.0,,309.99999744,11027.49987328,99.0,0.0,12,8,3254.172491665202,0.6200963235735015,14.0,991.6108394773324,interpolation,0 days 00:00:49.968000,49.968,4457.766,1.0
2023-11-25 14:59:17.870,0 days 01:14:17.866000,1878.194437056528,-3707.938713046655,-229.13456429716632,,311.0,11077.0,99.0,0.0,12,8,3264.820277777777,0.6221253042251161,14.0,989.2108333333322,interpolation,0 days 00:00:50.068000,50.068,4457.866,1.0
2023-11-25 14:59:17.970,0 days 01:14:17.966000,1920.0,-3742.0,-229.0,,311.333332764444,11094.999969279974,99.0,0.0,12,8,3273.84488055274,0.6238449804306027,14.0,985.8544501726856,interpolation,0 days 00:00:50.168000,50.168,4457.966,1.0
2023-11-25 14:59:18.070,0 days 01:14:18.066000,1978.40994402077,-3788.6358032241087,-228.4138857166112,,311.666667235556,11113.000030720026,99.0,0.0,12,8,3281.485157762887,0.6253008675482122,14.0,982.498049827313,interpolation,0 days 00:00:50.268000,50.268,4458.066,1.0
2023-11-25 14:59:18.170,0 days 01:14:18.166000,2056.0,-3849.0,-228.0,,312.0,11131.0,99.0,0.0,12,8,3289.17361111111,0.6267659348325711,14.0,979.1416666666664,interpolation,0 days 00:00:50.368000,50.368,4458.166,1.0
2023-11-25 14:59:18.270,0 days 01:14:18.266000,2155.347291459329,-3924.2475632890114,-228.38211116317947,,312.50000128,11148.25004416,99.0,0.0,12,8,3297.149084688016,0.6282856950347313,14.0,974.6416551466664,interpolation,0 days 00:00:50.468000,50.468,4458.266,1.0
2023-11-25 14:59:18.370,0 days 01:14:18.366000,2265.0,-4005.0,-229.0,,313.0,11165.5,99.0,0.0,12,8,3305.411496824964,0.629860132592388,14.0,970.1416666666664,interpolation,0 days 00:00:50.568000,50.568,4458.366,1.0
2023-11-25 14:59:18.470,0 days 01:14:18.466000,2373.508447383301,-4081.88041448178,-229.293457544307,,313.50000128,11182.75004416,99.0,0.0,12,8,3314.27723298499,0.631549536092874,14.0,965.6416551466664,interpolation,0 days 00:00:50.668000,50.668,4458.466,1.0
2023-11-25 14:59:18.570,0 days 01:14:18.566000,2480.871522485577,-4154.888019480923,-229.2624807911029,,314.0,11200.0,99.0,0.0,12,8,3324.062499999998,0.6334141600846056,14.0,961.1416666666664,interpolation,0 days 00:00:50.768000,50.768,4458.566,1.0
2023-11-25 14:59:18.670,0 days 01:14:18.666000,2574.549318904973,-4217.201943699534,-229.10026364234653,,315.50000384,11233.50008576,99.0,0.0,12,8,3334.7673980713757,0.6354540236613802,14.0,954.9416507946664,interpolation,0 days 00:00:50.868000,50.868,4458.666,1.0
2023-11-25 14:59:18.770,0 days 01:14:18.766000,2642.0,-4262.0,-229.0,,317.0,11267.0,99.0,0.0,12,8,3345.1958333333323,0.6374412060812201,14.0,948.7416666666664,interpolation,0 days 00:00:50.968000,50.968,4458.766,1.0
2023-11-25 14:59:18.870,0 days 01:14:18.866000,2683.224256467397,-4289.282647115591,-228.96168883736107,,318.0000017066652,11286.33336632886,99.0,0.0,12,8,3354.151928325388,0.6391478278390934,14.0,943.5046206917604,interpolation,0 days 00:00:51.068000,51.068,4458.866,1.0
2023-11-25 14:59:18.970,0 days 01:14:18.966000,2698.221666171862,-4299.049605672717,-228.98533054673496,,318.9999982933348,11305.66663367114,99.0,0.0,12,8,3361.9064587349053,0.6406254863867877,14.0,938.2676015304612,interpolation,0 days 00:00:51.168000,51.168,4458.966,1.0
2023-11-25 14:59:19.070,0 days 01:14:19.066000,2718.8584155904323,-4311.2918689135,-229.01630698274147,,320.0,11325.0,99.0,0.0,12,8,3370.084722222221,0.6421838890635632,14.0,933.0305555555552,interpolation,0 days 00:00:51.268000,51.268,4459.066,1.0
2023-11-25 14:59:19.170,0 days 01:14:19.166000,2777.0,-4346.0,-229.0,,319.50000128,11361.99990528,99.0,0.0,12,8,3378.957502439676,0.6438746348389672,14.0,927.2805702755552,interpolation,0 days 00:00:51.368000,51.368,4459.166,1.0
2023-11-25 14:59:19.270,0 days 01:14:19.266000,2872.64701477172,-4403.174354344264,-228.9364094315278,,319.0,11399.0,99.0,0.0,12,8,3387.806944444443,0.645560933419294,14.0,921.5305555555552,interpolation,0 days 00:00:51.468000,51.468,4459.266,1.0
2023-11-25 14:59:19.370,0 days 01:14:19.366000,2976.0,-4464.0,-229.0,,319.333332764444,11410.333313991094,99.0,0.0,12,8,3395.9150118181565,0.6471059599299056,14.0,916.0342686396124,interpolation,0 days 00:00:51.568000,51.568,4459.366,1.0
2023-11-25 14:59:19.470,0 days 01:14:19.466000,3057.2615335388687,-4509.663213340635,-229.3652364280984,,319.666667235556,11421.666686008906,99.0,0.0,12,8,3403.5916382602118,0.6485687735473022,14.0,910.5379535826085,interpolation,0 days 00:00:51.668000,51.668,4459.466,1.0
2023-11-25 14:59:19.570,0 days 01:14:19.566000,3120.263162099297,-4542.441149824054,-229.9764884142245,,320.0,11433.0,99.0,0.0,12,8,3412.6958333333323,0.650303616401637,14.0,905.0416666666656,interpolation,0 days 00:00:51.768000,51.768,4459.566,1.0
2023-11-25 14:59:19.670,0 days 01:14:19.666000,3188.0,-4576.0,-230.5,,320.50000128,11424.49997824,99.0,0.0,12,8,3423.5375409372805,0.652369549613133,14.0,897.8749816533322,interpolation,0 days 00:00:51.868000,51.868,4459.666,1.0
2023-11-25 14:59:19.770,0 days 01:14:19.766000,3264.30373244448,-4612.61704327472,-230.88013926309316,,321.0,11416.0,99.0,0.0,12,8,3434.0958333333324,0.6543814768587767,14.0,890.7083333333321,interpolation,0 days 00:00:51.968000,51.968,4459.766,1.0
2023-11-25 14:59:19.870,0 days 01:14:19.866000,3349.175140784956,-4652.292654607698,-231.1169100961398,,321.33333390222174,11436.666701937747,99.0,0.0,12,8,3442.350001918717,0.6559543435728378,14.0,885.8194361007469,interpolation,0 days 00:00:52.068000,52.068,4459.866,1.0
2023-11-25 14:59:19.970,0 days 01:14:19.966000,3440.708532012997,-4694.321731276841,-231.17022524111545,,321.66666609777826,11457.333298062253,99.0,0.0,12,8,3448.7018177589707,0.6571647089301276,14.0,880.9305638992513,interpolation,0 days 00:00:52.168000,52.168,4459.966,1.0
2023-11-25 14:59:20.070,0 days 01:14:20.066000,3537.0,-4738.0,-231.0,,322.0,11478.0,99.0,0.0,12,8,3455.562499999998,0.6584720409310474,14.0,876.0416666666661,interpolation,0 days 00:00:52.268000,52.268,4460.066,1.0
2023-11-25 14:59:20.170,0 days 01:14:20.166000,3638.048558723856,-4783.327013512846,-230.60623611589563,,322.74999808,11485.24998144,99.0,0.0,12,8,3463.333833976601,0.6599529014694778,14.0,870.0694597333327,interpolation,0 days 00:00:52.368000,52.368,4460.166,1.0
2023-11-25 14:59:20.270,0 days 01:14:20.266000,3742.3642361743214,-4829.644544099454,-230.0835872424584,,323.5,11492.5,99.0,0.0,12,8,3472.015899267441,0.6616073057094696,14.0,864.0972222222215,interpolation,0 days 00:00:52.468000,52.468,4460.266,1.0
2023-11-25 14:59:20.370,0 days 01:14:20.366000,3841.0,-4873.0,-230.0,,324.24999808,11499.74998144,99.0,0.0,12,8,3481.498996480122,0.663414349968105,14.0,858.1250152888881,interpolation,0 days 00:00:52.568000,52.568,4460.366,1.0
2023-11-25 14:59:20.470,0 days 01:14:20.466000,3932.465853483605,-4912.735133309772,-230.45013121839068,,325.0,11507.0,99.0,0.0,12,8,3491.6736111111104,0.665353165793822,14.0,852.1527777777769,interpolation,0 days 00:00:52.668000,52.668,4460.466,1.0
2023-11-25 14:59:20.570,0 days 01:14:20.566000,4023.0,-4951.0,-231.0,,324.50000128,11479.00007168,98.50000128,0.0,12,8,3502.539638972621,0.6674237333331973,14.0,845.2194621937773,interpolation,0 days 00:00:52.768000,52.768,4460.566,1.0
2023-11-25 14:59:20.670,0 days 01:14:20.666000,4118.842506604149,-4989.945454761921,-231.2156356871917,,324.0,11451.0,98.0,0.0,12,8,3513.27361111111,0.6694691370963554,14.0,838.286111111111,interpolation,0 days 00:00:52.868000,52.868,4460.666,1.0
2023-11-25 14:59:20.770,0 days 01:14:20.766000,4217.608997966565,-5028.8069553597625,-231.136569142032,,318.75001344,11423.75006976,78.75004928,0.0,12,8,3523.0518373890463,0.6713324194458767,14.0,833.3139016177778,interpolation,0 days 00:00:52.968000,52.968,4460.766,1.0
2023-11-25 14:59:20.870,0 days 01:14:20.866000,4305.0,-5063.0,-231.0,,313.5,11396.5,59.5,0.0,12,8,3531.874417935718,0.6730135994618208,14.0,828.3416666666667,interpolation,0 days 00:00:53.068000,53.068,4460.866,1.0
2023-11-25 14:59:20.970,0 days 01:14:20.966000,4378.631223918157,-5091.760095111421,-230.8454627297303,,308.25001344,11369.25006976,40.25004928,0.0,12,8,3539.813218643413,0.6745263714937378,14.0,823.3694571733334,interpolation,0 days 00:00:53.168000,53.168,4460.966,1.0
2023-11-25 14:59:21.070,0 days 01:14:21.066000,4438.503423706697,-5115.087535198152,-230.67295574875723,,303.0,11342.0,21.0,0.0,12,8,3546.940277777777,0.6758844627376498,14.0,818.3972222222224,interpolation,0 days 00:00:53.268000,53.268,4461.066,1.0
2023-11-25 14:59:21.170,0 days 01:14:21.166000,4491.8736031618455,-5135.871087365792,-230.41397217340497,,293.3333498311252,11248.666825955692,15.666675768896656,1.0,8,8,3553.25552235791,0.6770878592867381,14.0,815.3527829736342,interpolation,0 days 00:00:53.368000,53.368,4461.166,0.0
2023-11-25 14:59:21.270,0 days 01:14:21.266000,4546.0,-5157.0,-230.0,,283.6666501688748,11155.333174044308,10.333324231103344,1.0,8,8,3558.9541560442035,0.67817375802361,14.0,812.3083281374772,interpolation,0 days 00:00:53.468000,53.468,4461.266,0.0
2023-11-25 14:59:21.370,0 days 01:14:21.366000,4600.882059968275,-5178.474056741268,-229.43104346760663,,274.0,11062.0,5.0,1.0,8,8,3565.2069444444437,0.6793652532836193,14.0,809.2638888888891,car,0 days 00:00:53.568000,53.568,4461.366,0.0
2023-11-25 14:59:21.470,0 days 01:14:21.466000,4675.0,-5208.0,-229.0,,264.6666507377914,11145.000141653212,4.666666097778263,1.0,8,8,3572.2090905794694,0.6806995418275043,14.0,806.4786989503255,interpolation,0 days 00:00:53.668000,53.668,4461.466,0.0
2023-11-25 14:59:21.570,0 days 01:14:21.566000,4783.0,-5251.0,-229.0,,255.33334926220863,11227.999858346788,4.333333902221737,1.0,8,8,3579.8063338876145,0.6821472286531843,14.0,803.6935232718979,interpolation,0 days 00:00:53.768000,53.768,4461.566,0.0
2023-11-25 14:59:21.670,0 days 01:14:21.666000,4901.886673243246,-5293.770080438543,-229.43237991329093,,246.0,11311.0,4.0,1.0,8,8,3587.07361111111,0.6835320390466779,14.0,800.9083333333342,interpolation,0 days 00:00:53.868000,53.868,4461.666,0.0
2023-11-25 14:59:21.770,0 days 01:14:21.766000,5003.0,-5328.0,-230.0,,241.0000128,10900.50105088,4.0,1.0,8,8,3593.8566589733564,0.6848245774885631,14.0,798.5750059733341,interpolation,0 days 00:00:53.968000,53.968,4461.766,0.0
2023-11-25 14:59:21.870,0 days 01:14:21.866000,5061.514929408214,-5347.664355795059,-230.40550802120535,,236.0,10490.0,4.0,1.0,8,8,3600.1847222222214,0.6860304166891622,14.0,796.2416666666672,interpolation,0 days 00:00:54.068000,54.068,4461.866,0.0
2023-11-25 14:59:21.970,0 days 01:14:21.966000,5077.43086227654,-5352.762946461233,-230.6488998245156,,230.00001536,10967.4987776,3.50000128,1.0,8,6,3606.086911347783,0.6871551037754092,14.0,794.1583386666675,interpolation,0 days 00:00:54.168000,54.168,4461.966,0.0
2023-11-25 14:59:22.070,0 days 01:14:22.066000,5083.881506086536,-5349.980086936739,-230.8178429955676,,224.0,11445.0,3.0,1.0,8,6,3612.6291666666657,0.6884017581803337,14.0,792.0750000000012,interpolation,0 days 00:00:54.268000,54.268,4462.066,0.0
2023-11-25 14:59:22.170,0 days 01:14:22.166000,5114.0,-5346.0,-231.0,,219.50001152,11317.00032768,3.49999872,1.0,8,6,3620.8773010643777,0.6899734750544273,14.0,789.3237570432009,interpolation,0 days 00:00:54.368000,54.368,4462.166,0.0
2023-11-25 14:59:22.270,0 days 01:14:22.266000,5167.786652431101,-5340.822644894824,-231.19537270310565,,215.0,11189.0,4.0,1.0,8,6,3629.291666666666,0.6915768679872071,14.0,786.5725000000007,interpolation,0 days 00:00:54.468000,54.468,4462.266,0.0
2023-11-25 14:59:22.370,0 days 01:14:22.366000,5240.7561017047965,-5334.128496379816,-231.4455408938032,,209.75001344,10893.00075776,4.24999936,1.0,8,5,3636.332444975305,0.6929185180550709,14.0,784.9891707200007,interpolation,0 days 00:00:54.568000,54.568,4462.366,0.0
2023-11-25 14:59:22.470,0 days 01:14:22.466000,5306.0,-5324.0,-232.0,,204.5,10597.0,4.5,1.0,8,5,3641.99970808804,0.6939984389965487,14.0,783.4058333333342,interpolation,0 days 00:00:54.668000,54.668,4462.466,0.0
2023-11-25 14:59:22.570,0 days 01:14:22.566000,5359.032868319773,-5310.117681213541,-232.9003261335796,,199.25001344,10301.00075776,4.74999936,1.0,8,5,3646.701811787859,0.6948944447321964,14.0,781.8225040533342,interpolation,0 days 00:00:54.768000,54.768,4462.566,0.0
2023-11-25 14:59:22.670,0 days 01:14:22.666000,5402.247852034751,-5292.026802478456,-234.06446191145545,,194.0,10005.0,5.0,1.0,8,5,3650.8472222222217,0.6956843702129863,14.0,780.2391666666676,interpolation,0 days 00:00:54.868000,54.868,4462.666,0.0
2023-11-25 14:59:22.770,0 days 01:14:22.766000,5450.0,-5267.0,-235.0,,192.25000448,9889.50029568,5.0,1.0,8,5,3654.435896942236,0.6963682073501023,14.0,779.1725027306675,interpolation,0 days 00:00:54.968000,54.968,4462.766,0.0
2023-11-25 14:59:22.870,0 days 01:14:22.866000,5504.682403511381,-5234.582422116421,-235.62488337669865,,190.5,9774.0,5.0,1.0,8,5,3657.467872696023,0.6969459631460543,14.0,778.105833333334,interpolation,0 days 00:00:55.068000,55.068,4462.866,0.0
2023-11-25 14:59:22.970,0 days 01:14:22.966000,5557.0,-5200.0,-236.0,,188.75000448,9658.50029568,5.0,1.0,8,5,3661.345057492027,0.6976847770976733,14.0,777.0391693973338,interpolation,0 days 00:00:55.168000,55.168,4462.966,0.0
2023-11-25 14:59:23.070,0 days 01:14:23.066000,5597.65882257672,-5168.477978743063,-236.1862480683476,,187.0,9543.0,5.0,1.0,8,5,3667.469444444444,0.6988518049190511,14.0,775.9725000000003,interpolation,0 days 00:00:55.268000,55.268,4463.066,0.0
2023-11-25 14:59:23.170,0 days 01:14:23.166000,5628.102979044308,-5138.948264455458,-236.1844998028428,,175.0,9501.0,29.0,0.0,8,5,3675.247222222222,0.7003338933510334,14.0,774.4169444444451,interpolation,0 days 00:00:55.368000,55.368,4463.166,0.0
2023-11-25 14:59:23.270,0 days 01:14:23.266000,5657.0,-5105.0,-236.0,,174.33333219555652,9450.66658076452,37.66668145776516,0.0,8,5,3681.115948364985,0.7014522039244612,14.0,773.7169432497797,interpolation,0 days 00:00:55.468000,55.468,4463.266,0.0
2023-11-25 14:59:23.370,0 days 01:14:23.366000,5685.794113687109,-5065.565116331206,-235.6336246773693,,173.66666780444348,9400.33341923548,46.33331854223484,0.0,8,5,3684.8549142464935,0.7021646796776759,14.0,773.0169456391111,interpolation,0 days 00:00:55.568000,55.568,4463.366,0.0
2023-11-25 14:59:23.470,0 days 01:14:23.466000,5713.255138778895,-5023.2838121157065,-235.15701036878892,,173.0,9350.0,55.0,0.0,8,5,3688.702777777777,0.7028979063383625,14.0,772.3169444444457,interpolation,0 days 00:00:55.668000,55.668,4463.466,0.0
2023-11-25 14:59:23.570,0 days 01:14:23.566000,5732.0,-4994.0,-235.0,,173.33333276444395,9391.99992831994,61.66665528887918,0.0,8,5,3693.032599643669,0.7037229721969316,14.0,771.95398210094,interpolation,0 days 00:00:55.768000,55.768,4463.566,0.0
2023-11-25 14:59:23.670,0 days 01:14:23.666000,5744.0,-4969.0,-235.0,,173.66666723555605,9434.00007168006,68.33334471112082,0.0,8,5,3697.744191163217,0.7046207858767334,14.0,771.5910178990623,interpolation,0 days 00:00:55.868000,55.868,4463.666,0.0
2023-11-25 14:59:23.770,0 days 01:14:23.766000,5768.464373264253,-4880.160753848504,-233.7516288689635,,174.0,9476.0,75.0,0.0,8,5,3702.2361111111104,0.7054767402100115,14.0,771.2280555555567,interpolation,0 days 00:00:55.968000,55.968,4463.766,0.0
2023-11-25 14:59:23.870,0 days 01:14:23.866000,5795.0,-4772.0,-232.0,,175.50000384,9615.50035712,78.00000768,0.0,8,5,3706.4081724662983,0.7062717441364172,14.0,770.9502770666676,interpolation,0 days 00:00:56.068000,56.068,4463.866,0.0
2023-11-25 14:59:23.970,0 days 01:14:23.966000,5810.011651293882,-4700.391476785335,-230.7244897549302,,177.0,9755.0,81.0,0.0,8,5,3712.069444444444,0.7073505234418748,14.0,770.6725000000006,interpolation,0 days 00:00:56.168000,56.168,4463.966,0.0
2023-11-25 14:59:24.070,0 days 01:14:24.066000,5813.499480865517,-4665.334450931719,-229.9250850725022,,181.0,9551.0,81.0,0.0,8,5,3720.113888888888,0.708883426334382,14.0,770.2280555555567,interpolation,0 days 00:00:56.268000,56.268,4464.066,0.0
2023-11-25 14:59:24.170,0 days 01:14:24.166000,5806.790656428118,-4660.0503424784365,-229.50645284831927,,181.49999872,9900.999104,83.99999232,0.0,8,5,3725.0502218888014,0.7098240654532428,14.0,770.0058339022232,interpolation,0 days 00:00:56.368000,56.368,4464.166,0.0
2023-11-25 14:59:24.270,0 days 01:14:24.266000,5797.848397807281,-4643.865116570348,-228.8965361724015,,182.0,10251.0,87.0,0.0,8,5,3728.202777777777,0.7104247983036435,14.0,769.7836111111119,interpolation,0 days 00:00:56.468000,56.468,4464.266,0.0
2023-11-25 14:59:24.370,0 days 01:14:24.366000,5788.0,-4610.0,-228.0,,183.9999965866637,10244.666677475563,86.66666723555605,0.0,8,5,3731.811016124821,0.7111123633725849,14.0,769.1613899508164,interpolation,0 days 00:00:56.568000,56.568,4464.366,0.0
2023-11-25 14:59:24.470,0 days 01:14:24.466000,5777.245362158407,-4558.454645987762,-226.81683515056508,,186.00000341333623,10238.333322524437,86.33333276444395,0.0,8,5,3736.14501911927,0.711938225962874,14.0,768.5391656047406,interpolation,0 days 00:00:56.668000,56.668,4464.466,0.0
2023-11-25 14:59:24.570,0 days 01:14:24.566000,5763.0,-4497.0,-226.0,,188.0,10232.0,86.0,0.0,8,5,3742.825,0.7132111245557701,14.0,767.9169444444451,interpolation,0 days 00:00:56.768000,56.768,4464.566,0.0
2023-11-25 14:59:24.670,0 days 01:14:24.666000,5744.0,-4436.0,-226.0,,192.0,10478.0,89.0,0.0,8,5,3751.3583333333327,0.7148371872925734,14.0,766.5391666666669,interpolation,0 days 00:00:56.868000,56.868,4464.666,0.0
2023-11-25 14:59:24.770,0 days 01:14:24.766000,5728.170449639054,-4391.020035508463,-225.6022508496756,,193.9999965866637,10567.666513635426,92.3333276444396,0.0,8,5,3757.168536323873,0.7159443460319695,14.0,765.5126869370487,interpolation,0 days 00:00:56.968000,56.968,4464.766,0.0
2023-11-25 14:59:24.870,0 days 01:14:24.866000,5715.50035916394,-4361.109154670263,-224.7147383672808,,196.00000341333623,10657.333486364576,95.6666723555604,0.0,8,5,3760.190916888965,0.7165202734241574,14.0,764.4862019518406,interpolation,0 days 00:00:57.068000,57.068,4464.866,0.0
2023-11-25 14:59:24.970,0 days 01:14:24.966000,5698.0,-4325.0,-224.0,,198.0,10747.0,99.0,0.0,8,5,3764.613333333333,0.7173629835710493,14.0,763.4597222222224,interpolation,0 days 00:00:57.168000,57.168,4464.966,0.0
2023-11-25 14:59:25.070,0 days 01:14:25.066000,5674.337538526986,-4279.1475608628125,-223.5684507643371,,201.00000768,11001.50065152,99.0,0.0,8,5,3771.1338184410633,0.7186054895702167,14.0,761.5597173582225,interpolation,0 days 00:00:57.268000,57.268,4465.066,0.0
2023-11-25 14:59:25.170,0 days 01:14:25.166000,5638.0,-4218.0,-223.0,,204.0,11256.0,99.0,0.0,8,5,3778.2133333333327,0.7199545210578296,14.0,759.6597222222226,interpolation,0 days 00:00:57.368000,57.368,4465.166,0.0
2023-11-25 14:59:25.270,0 days 01:14:25.266000,5587.0,-4142.0,-222.0,,206.00000512,11299.50011136,99.0,0.0,8,5,3784.3129783953054,0.7211168342074,14.0,757.9930512888894,interpolation,0 days 00:00:57.468000,57.468,4465.266,0.0
2023-11-25 14:59:25.370,0 days 01:14:25.366000,5548.495057382938,-4087.121725292633,-221.32117374102708,,208.0,11343.0,99.0,0.0,8,5,3789.768888888888,0.7221564810139175,14.0,756.3263888888896,interpolation,0 days 00:00:57.568000,57.568,4465.366,0.0
2023-11-25 14:59:25.470,0 days 01:14:25.466000,5527.010982583506,-4059.36022945058,-221.0889674651976,,209.75000448,11436.25023872,99.0,0.0,8,5,3794.917318404869,0.7231375360204403,14.0,754.7513848568896,interpolation,0 days 00:00:57.668000,57.668,4465.466,0.0
2023-11-25 14:59:25.570,0 days 01:14:25.566000,5505.271571372319,-4037.668799363276,-221.3122774567723,,211.5,11529.5,99.0,0.0,8,5,3799.7582142234633,0.7240599891809908,14.0,753.1763888888895,interpolation,0 days 00:00:57.768000,57.768,4465.566,0.0
2023-11-25 14:59:25.670,0 days 01:14:25.666000,5466.0,-4001.0,-222.0,,213.25000448,11622.75023872,99.0,0.0,8,5,3804.979474894773,0.7250549224720165,14.0,751.6013848568895,interpolation,0 days 00:00:57.868000,57.868,4465.666,0.0
2023-11-25 14:59:25.770,0 days 01:14:25.766000,5413.0,-3953.0,-223.0,,215.0,11716.0,99.0,0.0,8,5,3811.268888888888,0.726253396893754,14.0,750.0263888888894,interpolation,0 days 00:00:57.968000,57.968,4465.766,0.0
2023-11-25 14:59:25.870,0 days 01:14:25.866000,5369.091199743833,-3915.543253417697,-223.39951159208684,,218.50000896,11846.50033408,99.0,0.0,8,5,3818.626520609566,0.7276554247186113,14.0,748.0597171875563,interpolation,0 days 00:00:58.068000,58.068,4465.866,0.0
2023-11-25 14:59:25.970,0 days 01:14:25.966000,5331.748730571995,-3889.920640554047,-223.1641052173713,,222.0,11977.0,99.0,0.0,8,5,3826.068888888888,0.7290735994528972,14.0,746.0930555555565,interpolation,0 days 00:00:58.168000,58.168,4465.966,0.0
2023-11-25 14:59:26.070,0 days 01:14:26.066000,5263.0,-3862.0,-223.0,,223.50000384,11663.49919744,99.0,0.0,8,5,3832.6126641109176,0.730320543481791,14.0,744.593051715556,interpolation,0 days 00:00:58.268000,58.268,4466.066,0.0
2023-11-25 14:59:26.170,0 days 01:14:26.166000,5167.0,-3832.0,-223.0,,225.0,11350.0,99.0,0.0,8,5,3838.568888888888,0.7314555272900114,14.0,743.0930555555556,interpolation,0 days 00:00:58.368000,58.368,4466.166,0.0
2023-11-25 14:59:26.270,0 days 01:14:26.266000,5106.6458982483255,-3815.362537594224,-223.0147027117247,,226.50000384,11202.99962368,99.0,0.0,8,5,3844.2487338360224,0.7325378457532172,14.0,741.9430526115556,interpolation,0 days 00:00:58.468000,58.468,4466.266,0.0
2023-11-25 14:59:26.370,0 days 01:14:26.366000,5080.051787888346,-3811.8951734767015,-223.0177060953632,,228.0,11056.0,99.0,0.0,8,5,3849.652140790856,0.7335674877884952,14.0,740.7930555555556,interpolation,0 days 00:00:58.568000,58.568,4466.366,0.0
2023-11-25 14:59:26.470,0 days 01:14:26.466000,5013.0,-3805.0,-223.0,,229.50000384,10908.99962368,99.0,0.0,8,5,3855.288951362707,0.7346416058695858,14.0,739.6430526115556,interpolation,0 days 00:00:58.668000,58.668,4466.466,0.0
2023-11-25 14:59:26.570,0 days 01:14:26.566000,4902.0,-3793.0,-223.0,,231.0,10762.0,99.0,0.0,8,5,3861.668888888888,0.7358573299329986,14.0,738.4930555555557,interpolation,0 days 00:00:58.768000,58.768,4466.566,0.0
2023-11-25 14:59:26.670,0 days 01:14:26.666000,4800.320541938725,-3782.430310247521,-223.25721060223967,,233.66667121777388,10831.333451662122,99.0,0.0,8,6,3868.7920187001264,0.7372146724277799,14.0,737.1300902664714,interpolation,0 days 00:00:58.868000,58.868,4466.666,0.0
2023-11-25 14:59:26.770,0 days 01:14:26.766000,4716.000885605916,-3773.8413871135576,-223.73787868410133,,236.3333287822261,10900.666548337878,99.0,0.0,8,6,3876.396671466814,0.7386637711571048,14.0,735.7671319557514,interpolation,0 days 00:00:58.968000,58.968,4466.766,0.0
2023-11-25 14:59:26.870,0 days 01:14:26.866000,4644.0,-3764.0,-224.0,,239.0,10970.0,99.0,0.0,8,6,3882.913333333333,0.7399055486214985,14.0,734.4041666666672,interpolation,0 days 00:00:59.068000,59.068,4466.866,0.0
2023-11-25 14:59:26.970,0 days 01:14:26.966000,4583.478601648694,-3752.3673971727408,-223.9699042998469,,240.99999488,11068.49974784,99.0,0.0,8,6,3888.08034118029,0.740890143807519,14.0,733.4930578880003,interpolation,0 days 00:00:59.168000,59.168,4466.966,0.0
2023-11-25 14:59:27.070,0 days 01:14:27.066000,4525.0,-3740.0,-224.0,,243.0,11167.0,99.0,0.0,8,6,3893.713333333332,0.7419635342727652,14.0,732.5819444444446,interpolation,0 days 00:00:59.268000,59.268,4467.066,0.0
2023-11-25 14:59:27.170,0 days 01:14:27.166000,4459.128723062163,-3727.9544756099567,-224.4426955168121,,243.99999744,11225.99984896,99.0,0.0,8,6,3901.627837526078,0.7434716765010578,14.0,731.3819475164446,interpolation,0 days 00:00:59.368000,59.368,4467.166,0.0
2023-11-25 14:59:27.270,0 days 01:14:27.266000,4391.0,-3717.0,-225.0,,245.0,11285.0,99.0,0.0,8,6,3910.0466666666657,0.7450759199799278,14.0,730.1819444444445,interpolation,0 days 00:00:59.468000,59.468,4467.266,0.0
2023-11-25 14:59:27.370,0 days 01:14:27.366000,4325.750432138226,-3707.9059846875225,-225.37391235928663,,247.99999232,11365.49979392,99.0,0.0,8,6,3917.192466409933,0.7464375823260825,14.0,729.1541692977776,interpolation,0 days 00:00:59.568000,59.568,4467.366,0.0
2023-11-25 14:59:27.470,0 days 01:14:27.466000,4264.391869762539,-3700.6390996939535,-225.6120400549812,,251.0,11446.0,99.0,0.0,8,6,3923.9911111111114,0.7477330928115531,14.0,728.1263888888884,interpolation,0 days 00:00:59.668000,59.668,4467.466,0.0
2023-11-25 14:59:27.570,0 days 01:14:27.566000,4213.0,-3695.0,-226.0,,252.33333105777584,11551.333153564292,99.0,0.0,8,6,3931.3683323342975,0.7491388534989178,14.0,727.1782423589148,interpolation,0 days 00:00:59.768000,59.768,4467.566,0.0
2023-11-25 14:59:27.670,0 days 01:14:27.666000,4172.586815039191,-3690.955391005488,-226.58539979849937,,253.66666894222416,11656.66684643571,99.0,0.0,8,6,3939.1907745193503,0.7506294529225014,14.0,726.2300909744185,interpolation,0 days 00:00:59.868000,59.868,4467.666,0.0
2023-11-25 14:59:27.770,0 days 01:14:27.766000,4101.0,-3685.0,-227.0,,255.0,11762.0,99.0,0.0,8,6,3946.657777777777,0.7520523219561869,14.0,725.2819444444449,interpolation,0 days 00:00:59.968000,59.968,4467.766,0.0
2023-11-25 14:59:27.870,0 days 01:14:27.866000,3974.0,-3675.0,-227.0,,257.00000341333043,11538.999619413658,99.0,0.0,8,6,3953.635987468797,0.7533820493094878,14.0,724.4782393690879,interpolation,0 days 00:01:00.068000,60.068,4467.866,0.0
2023-11-25 14:59:27.970,0 days 01:14:27.966000,3899.070639604012,-3669.1847119442655,-227.3319650637178,,258.9999965866696,11316.000380586342,99.0,0.0,8,6,3960.217764787845,0.754636234798602,14.0,723.6745384086904,interpolation,0 days 00:01:00.168000,60.168,4467.966,0.0
2023-11-25 14:59:28.070,0 days 01:14:28.066000,3876.662349526849,-3667.567532911723,-228.0797626611696,,261.0,11093.0,99.0,0.0,8,6,3966.957777777777,0.7559205727636604,14.0,722.8708333333334,interpolation,0 days 00:01:00.268000,60.268,4468.066,0.0
2023-11-25 14:59:28.170,0 days 01:14:28.166000,3802.0,-3662.0,-229.0,,261.0,10929.66694542246,99.0,0.0,8,6,3973.948390073156,0.7572526634856472,14.0,722.2486121730382,interpolation,0 days 00:01:00.368000,60.368,4468.166,0.0
2023-11-25 14:59:28.270,0 days 01:14:28.266000,3657.620117593588,-3651.12396469808,-230.05212196815825,,261.0,10766.33305457754,99.0,0.0,8,6,3981.031474910949,0.7586023752414699,14.0,721.6263878269623,interpolation,0 days 00:01:00.468000,60.468,4468.266,0.0
2023-11-25 14:59:28.370,0 days 01:14:28.366000,3510.0,-3640.0,-231.0,,261.0,10603.0,99.0,0.0,8,6,3987.257777777777,0.759788823571134,14.0,721.0041666666671,interpolation,0 days 00:01:00.568000,60.568,4468.366,0.0
2023-11-25 14:59:28.470,0 days 01:14:28.466000,3425.613954832849,-3633.688453619892,-231.60752600987388,,262.50000384,10624.50005504,99.0,0.0,8,7,3992.4691640840742,0.7607818752601682,14.0,720.4486096888892,interpolation,0 days 00:01:00.668000,60.668,4468.466,0.0
2023-11-25 14:59:28.570,0 days 01:14:28.566000,3404.462846203024,-3632.189390187824,-231.87469377672923,,264.0,10646.0,99.0,0.0,8,7,3998.9911111111114,0.7620246598342386,14.0,719.8930555555557,car,0 days 00:01:00.768000,60.768,4468.566,0.0
2023-11-25 14:59:28.670,0 days 01:14:28.666000,3399.080125031791,-3631.5956163018495,-231.9545159352188,,266.5000064,10719.50018816,99.0,0.0,8,7,4009.1492162895433,0.7639603297139861,14.0,718.959719832889,interpolation,0 days 00:01:00.868000,60.868,4468.666,0.0
2023-11-25 14:59:28.770,0 days 01:14:28.766000,3362.0,-3628.0,-232.0,,269.0,10793.0,99.0,0.0,8,7,4019.913333333333,0.7660114777162708,14.0,718.026388888889,interpolation,0 days 00:01:00.968000,60.968,4468.766,0.0
2023-11-25 14:59:28.870,0 days 01:14:28.866000,3293.2220914061986,-3621.402504463069,-232.01114643683087,,270.00000256,10892.50025472,99.0,0.0,8,7,4028.253530199952,0.7676007374829599,14.0,717.4183317767113,interpolation,0 days 00:01:01.068000,61.068,4468.866,0.0
2023-11-25 14:59:28.970,0 days 01:14:28.966000,3198.2388429863786,-3612.002975878593,-231.99568554027192,,271.0,10992.0,99.0,0.0,8,7,4034.893611111111,0.7688660329679982,14.0,716.8102777777781,interpolation,0 days 00:01:01.168000,61.168,4468.966,0.0
2023-11-25 14:59:29.070,0 days 01:14:29.066000,3110.0,-3601.0,-232.0,,271.50000128,10967.99993856,99.0,0.0,8,7,4040.557533686539,0.7699453173559719,14.0,716.365832195556,interpolation,0 days 00:01:01.268000,61.268,4469.066,0.0
2023-11-25 14:59:29.170,0 days 01:14:29.166000,3033.9982054625125,-3588.593468126829,-232.03182018053485,,272.0,10944.0,99.0,0.0,8,7,4046.982499999999,0.771169621845136,14.0,715.9213888888894,interpolation,0 days 00:01:01.368000,61.368,4469.166,0.0
2023-11-25 14:59:29.270,0 days 01:14:29.266000,2963.0,-3573.0,-232.0,,273.50000384,10991.5001216,99.0,0.0,8,7,4055.905835915512,0.7728700012225027,14.0,715.2213870968893,interpolation,0 days 00:01:01.468000,61.468,4469.266,0.0
2023-11-25 14:59:29.370,0 days 01:14:29.366000,2889.773429518821,-3552.4365020803825,-231.81339337651912,,275.0,11039.0,99.0,0.0,8,7,4065.3158333333326,0.774663116006237,14.0,714.5213888888893,interpolation,0 days 00:01:01.568000,61.568,4469.366,0.0
2023-11-25 14:59:29.470,0 days 01:14:29.466000,2820.0,-3529.0,-232.0,,275.33333390222174,11064.00004266663,99.0,0.0,8,7,4073.200971887023,0.7761656624878802,14.0,714.0028694854334,interpolation,0 days 00:01:01.668000,61.668,4469.466,0.0
2023-11-25 14:59:29.570,0 days 01:14:29.566000,2759.362681744586,-3504.787969950771,-233.08781956035057,,275.66666609777826,11088.99995733337,99.0,0.0,8,7,4079.826280656504,0.7774281430788804,14.0,713.48435273679,interpolation,0 days 00:01:01.768000,61.768,4469.566,0.0
2023-11-25 14:59:29.670,0 days 01:14:29.666000,2706.361394297702,-3479.5738471198124,-234.7471819971701,,276.0,11114.0,99.0,0.0,8,7,4086.7824999999993,0.7787536800785079,14.0,712.9658333333341,interpolation,0 days 00:01:01.868000,61.868,4469.666,0.0
2023-11-25 14:59:29.770,0 days 01:14:29.766000,2652.0,-3452.0,-235.0,,276.49999872,11154.99989504,99.0,0.0,8,7,4094.334668509542,0.7801927777107843,14.0,712.3825014933342,interpolation,0 days 00:01:01.968000,61.968,4469.766,0.0
2023-11-25 14:59:29.870,0 days 01:14:29.866000,2594.7784826620614,-3421.8398293532555,-233.5165949580096,,277.0,11196.0,99.0,0.0,8,7,4102.171388888888,0.781686097904644,14.0,711.7991666666676,interpolation,0 days 00:01:02.068000,62.068,4469.866,0.0
2023-11-25 14:59:29.970,0 days 01:14:29.966000,2515.0,-3376.0,-232.0,,277.99999744,11199.99998976,99.0,0.0,8,7,4109.98110625959,0.7831742725610655,14.0,711.2436125333342,interpolation,0 days 00:01:02.168000,62.168,4469.966,0.0
2023-11-25 14:59:30.070,0 days 01:14:30.066000,2405.0,-3309.0,-232.0,,279.0,11204.0,99.0,0.0,8,7,4117.671388888888,0.7846396884226657,14.0,710.6880555555563,interpolation,0 days 00:01:02.268000,62.268,4470.066,0.0
2023-11-25 14:59:30.170,0 days 01:14:30.166000,2336.981151843227,-3266.521734496984,-232.59729759387983,,279.0,11218.666641635537,99.0,0.0,8,7,4125.1496463240255,0.7860647019872945,14.0,710.1695379219767,interpolation,0 days 00:01:02.368000,62.368,4470.166,0.0
2023-11-25 14:59:30.270,0 days 01:14:30.266000,2285.0,-3231.0,-233.0,,279.0,11233.333358364463,99.0,0.0,8,7,4132.404971506598,0.787447234868869,14.0,709.6510176335802,interpolation,0 days 00:01:02.468000,62.468,4470.266,0.0
2023-11-25 14:59:30.370,0 days 01:14:30.366000,2211.080624590756,-3177.25679025876,-232.56942173153385,,279.0,11248.0,99.0,0.0,8,7,4139.371388888888,0.788774715147896,14.0,709.1325000000006,interpolation,0 days 00:01:02.568000,62.568,4470.366,0.0
2023-11-25 14:59:30.470,0 days 01:14:30.466000,2135.0,-3120.0,-232.0,,279.25000064,11276.00007168,99.0,0.0,8,7,4146.037986171239,0.7900450634395492,14.0,708.576943022223,interpolation,0 days 00:01:02.668000,62.668,4470.466,0.0
2023-11-25 14:59:30.570,0 days 01:14:30.566000,2076.536636612041,-3073.938660590238,-231.9861822569041,,279.5,11304.0,99.0,0.0,8,7,4152.404695087871,0.7912582667354953,14.0,708.0213888888898,interpolation,0 days 00:01:02.768000,62.768,4470.566,0.0
2023-11-25 14:59:30.670,0 days 01:14:30.666000,2033.527663697929,-3037.472147620958,-232.34737237637304,,279.75000064,11332.00007168,99.0,0.0,8,7,4160.032568505018,0.7927117902579183,14.0,707.4658319111121,interpolation,0 days 00:01:02.868000,62.868,4470.666,0.0
2023-11-25 14:59:30.770,0 days 01:14:30.766000,1993.0,-3001.0,-232.0,,280.0,11360.0,99.0,0.0,8,7,4170.482499999999,0.7947030688758249,14.0,706.9102777777789,interpolation,0 days 00:01:02.968000,62.968,4470.766,0.0
2023-11-25 14:59:30.870,0 days 01:14:30.866000,1950.0,-2958.0,-231.0,,281.0,11284.0,99.0,0.0,8,7,4182.971388888888,0.7970828794437506,14.0,706.0213888888893,interpolation,0 days 00:01:03.068000,63.068,4470.866,0.0
2023-11-25 14:59:30.970,0 days 01:14:30.966000,1887.782496205971,-2878.942690855325,-230.76657698804627,,280.25000192,11268.25004032,99.0,0.0,8,7,4192.799901236859,0.7989557440164747,14.0,705.5963899768893,interpolation,0 days 00:01:03.168000,63.168,4470.966,0.0
2023-11-25 14:59:31.070,0 days 01:14:31.066000,1809.075813736577,-2767.0289746130184,-231.39081198163584,,279.5,11252.5,99.0,0.0,8,7,4199.184929996638,0.8001724382359701,14.0,705.1713888888894,interpolation,0 days 00:01:03.268000,63.268,4471.066,0.0
2023-11-25 14:59:31.170,0 days 01:14:31.166000,1747.0,-2671.0,-232.0,,278.75000192,11236.75004032,99.0,0.0,8,7,4204.413152618535,0.8011686981561081,14.0,704.7463899768894,interpolation,0 days 00:01:03.368000,63.368,4471.166,0.0
2023-11-25 14:59:31.270,0 days 01:14:31.266000,1707.0743400170222,-2598.97818678534,-232.4486962752939,,278.0,11221.0,99.0,0.0,8,7,4210.771388888888,0.8023802869534927,14.0,704.3213888888895,interpolation,0 days 00:01:03.468000,63.468,4471.266,0.0
2023-11-25 14:59:31.370,0 days 01:14:31.366000,1689.2992426253547,-2550.9642724705163,-232.7368962128795,,276.50000384,11153.00017408,99.0,0.0,8,7,4218.25957369953,0.8038071922214864,14.0,703.9584731512892,interpolation,0 days 00:01:03.568000,63.568,4471.366,0.0
2023-11-25 14:59:31.470,0 days 01:14:31.466000,1680.374421521068,-2508.21794160047,-232.90664932402453,,275.0,11085.0,99.0,0.0,8,7,4226.125555555555,0.8053060883134148,14.0,703.5955555555556,interpolation,0 days 00:01:03.668000,63.668,4471.466,0.0
2023-11-25 14:59:31.570,0 days 01:14:31.566000,1667.0,-2452.0,-233.0,,262.33335495112954,10769.667204836014,67.00005461337994,1.0,8,7,4233.617025735422,0.8067336196224019,14.0,704.3955541902213,interpolation,0 days 00:01:03.768000,63.768,4471.566,0.0
2023-11-25 14:59:31.670,0 days 01:14:31.666000,1649.1758411077506,-2382.3098719959767,-233.01694919671948,,249.66664504887044,10454.332795163986,34.99994538662007,1.0,8,7,4240.70246450242,0.808083779929384,14.0,705.1955569208905,interpolation,0 days 00:01:03.868000,63.868,4471.666,0.0
2023-11-25 14:59:31.770,0 days 01:14:31.766000,1631.0,-2309.0,-233.0,,237.0,10139.0,3.0,1.0,8,7,4247.192222222222,0.8093204306948979,14.0,705.9955555555562,interpolation,0 days 00:01:03.968000,63.968,4471.766,0.0
2023-11-25 14:59:31.870,0 days 01:14:31.866000,1616.570163192487,-2241.921362103701,-232.99165549565828,,231.39998853120588,10173.600070860764,3.2000004095997903,1.0,8,7,4253.054768900559,0.8104375637452588,14.0,706.7777793797686,interpolation,0 days 00:01:04.068000,64.068,4471.866,0.0
2023-11-25 14:59:31.970,0 days 01:14:31.966000,1604.0,-2171.0,-233.0,,225.80000573439708,10208.199964569618,3.399999795200105,1.0,8,7,4258.290044505107,0.8114351676410541,14.0,707.5599991990052,interpolation,0 days 00:01:04.168000,64.168,4471.966,0.0
2023-11-25 14:59:32.070,0 days 01:14:32.066000,1591.402903257352,-2086.1605422616567,-233.0331178293305,,220.19999426560287,10242.800035430382,3.600000204799895,1.0,8,7,4262.998271092725,0.8123323401188528,14.0,708.3422230232177,interpolation,0 days 00:01:04.268000,64.268,4472.066,0.0
2023-11-25 14:59:32.170,0 days 01:14:32.166000,1581.0,-2009.0,-233.0,,214.6000114687941,10277.399929139236,3.7999995904002097,1.0,8,7,4267.780406007683,0.8132435961408351,14.0,709.1244428424543,interpolation,0 days 00:01:04.368000,64.368,4472.166,0.0
2023-11-25 14:59:32.270,0 days 01:14:32.266000,1575.012181743501,-1961.113725446984,-232.80963752835507,,209.0,10312.0,4.0,1.0,8,7,4272.736666666667,0.8141880325593652,14.0,709.9066666666668,interpolation,0 days 00:01:04.468000,64.468,4472.266,0.0
2023-11-25 14:59:32.370,0 days 01:14:32.366000,1573.439509802957,-1942.5022089568024,-232.4620323637023,,196.00003328,10377.49983232,4.0,1.0,8,7,4277.867002317696,0.8151656397034395,14.0,710.0455551999999,interpolation,0 days 00:01:04.568000,64.568,4472.366,0.0
2023-11-25 14:59:32.470,0 days 01:14:32.466000,1573.897074000948,-1924.639421588225,-232.13340973719852,,183.0,10443.0,4.0,1.0,8,7,4282.903333333334,0.8161253338668849,14.0,710.1844444444441,interpolation,0 days 00:01:04.668000,64.668,4472.466,0.0
2023-11-25 14:59:32.570,0 days 01:14:32.566000,1574.0,-1879.0,-232.0,,171.00002048001747,10464.666629688858,4.333332764443959,1.0,8,7,4287.577475979479,0.8170160115055646,14.0,710.7770360256777,interpolation,0 days 00:01:04.768000,64.768,4472.566,0.0
2023-11-25 14:59:32.670,0 days 01:14:32.666000,1574.0,-1812.0,-232.0,,158.99997951998253,10486.333370311142,4.666667235556041,1.0,8,7,4291.904000929887,0.8178404491229523,14.0,711.3696306409879,interpolation,0 days 00:01:04.868000,64.868,4472.666,0.0
2023-11-25 14:59:32.770,0 days 01:14:32.766000,1575.407327988929,-1762.138918082474,-231.76260218551045,,147.0,10508.0,5.0,1.0,8,7,4295.97,0.818615242432615,14.0,711.9622222222215,interpolation,0 days 00:01:04.968000,64.968,4472.766,0.0
2023-11-25 14:59:32.870,0 days 01:14:32.866000,1578.3404738136871,-1732.7125437910809,-231.29375769579303,,137.9999846400131,10027.332512996256,6.333335608886947,1.0,8,6,4299.790037636173,0.819343166751369,14.0,712.8807423083435,interpolation,0 days 00:01:05.068000,65.068,4472.866,0.0
2023-11-25 14:59:32.970,0 days 01:14:32.966000,1582.0,-1705.0,-231.0,,129.0000153599869,9546.667487003744,7.666664391113053,1.0,8,6,4303.35791018707,0.8200230399472294,14.0,713.7992576916549,interpolation,0 days 00:01:05.168000,65.168,4472.966,0.0
2023-11-25 14:59:33.070,0 days 01:14:33.066000,1586.2527083114212,-1675.8807798977464,-230.94908144625305,,120.0,9066.0,9.0,1.0,8,6,4306.636666666667,0.8206478208536192,14.0,714.717777777777,interpolation,0 days 00:01:05.268000,65.268,4473.066,0.0
2023-11-25 14:59:33.170,0 days 01:14:33.166000,1592.0,-1644.0,-231.0,,118.00000512,8856.25053696,7.7500032,1.0,8,3,4309.620108966336,0.8212163283947395,14.0,715.4427759217771,interpolation,0 days 00:01:05.368000,65.368,4473.166,0.0
2023-11-25 14:59:33.270,0 days 01:14:33.266000,1600.1433787178446,-1608.0021521823671,-231.01175362668852,,116.0,8646.5,6.5,1.0,8,3,4312.308267636601,0.8217285683921222,14.0,716.1677777777772,interpolation,0 days 00:01:05.468000,65.468,4473.266,0.0
2023-11-25 14:59:33.370,0 days 01:14:33.366000,1611.0,-1572.0,-231.0,,114.00000512,8436.75053696,5.2500032,1.0,8,3,4314.9606114859,0.8222339837239817,14.0,716.8927759217773,interpolation,0 days 00:01:05.568000,65.568,4473.366,0.0
2023-11-25 14:59:33.470,0 days 01:14:33.466000,1624.8872139415607,-1540.105569728148,-230.98039679361548,,112.0,8227.0,4.0,1.0,8,3,4317.836666666667,0.8227820281956735,14.0,717.6177777777775,interpolation,0 days 00:01:05.668000,65.668,4473.466,0.0
2023-11-25 14:59:33.570,0 days 01:14:33.566000,1638.0,-1515.0,-231.0,,112.0,8211.00004096,4.49999872,0.0,8,3,4320.936403728176,0.8233726961952368,14.0,718.312220444444,interpolation,0 days 00:01:05.768000,65.768,4473.566,0.0
2023-11-25 14:59:33.670,0 days 01:14:33.666000,1646.5336141126952,-1499.3638457689754,-231.10586561162063,,112.0,8195.0,5.0,0.0,8,3,4324.05888888889,0.8239676989412593,14.0,719.0066666666662,interpolation,0 days 00:01:05.868000,65.868,4473.666,0.0
2023-11-25 14:59:33.770,0 days 01:14:33.766000,1653.1698278272484,-1490.4750411778248,-231.3450608046764,,110.66666894222416,8259.666556302129,17.999977813314402,0.0,8,3,4327.003124651725,0.8245287355110613,14.0,719.6807395903195,interpolation,0 days 00:01:05.968000,65.968,4473.766,0.0
2023-11-25 14:59:33.870,0 days 01:14:33.866000,1674.0,-1472.0,-232.0,,109.33333105777584,8324.333443697871,31.0000221866856,0.0,8,3,4329.780472218852,0.8250579708297399,14.0,720.3548159652348,interpolation,0 days 00:01:06.068000,66.068,4473.866,0.0
2023-11-25 14:59:33.970,0 days 01:14:33.966000,1710.0,-1444.0,-233.0,,108.0,8389.0,44.0,0.0,8,3,4332.458888888889,0.8255683544478001,14.0,721.0288888888881,car,0 days 00:01:06.168000,66.168,4473.966,0.0
2023-11-25 14:59:34.070,0 days 01:14:34.066000,1750.9354515593254,-1423.1747842731704,-233.6385965083952,,108.75000192,8446.75014784,45.00000256,0.0,8,3,4335.049733142016,0.8260620507716521,14.0,721.556668017777,interpolation,0 days 00:01:06.268000,66.268,4474.066,0.0
2023-11-25 14:59:34.170,0 days 01:14:34.166000,1793.378551514852,-1411.485755370361,-233.8560015265906,,109.5,8504.5,46.0,0.0,8,3,4337.552978448055,0.8265390547458584,14.0,722.0844444444438,interpolation,0 days 00:01:06.368000,66.368,4474.166,0.0
2023-11-25 14:59:34.270,0 days 01:14:34.266000,1827.0,-1404.0,-234.0,,110.25000192,8562.25014784,47.00000256,0.0,8,3,4340.592528094514,0.8271182537790737,14.0,722.6122235733327,interpolation,0 days 00:01:06.468000,66.468,4474.266,0.0
2023-11-25 14:59:34.370,0 days 01:14:34.366000,1850.0778450089656,-1399.8954695655934,-234.1285537459908,,111.0,8620.0,48.0,0.0,8,3,4344.792222222222,0.827918523247086,14.0,723.1399999999994,car,0 days 00:01:06.568000,66.568,4474.366,0.0
2023-11-25 14:59:34.470,0 days 01:14:34.466000,1864.878637753148,-1398.7465674848456,-234.20396050727348,,114.0,8620.0,48.0,0.0,8,3,4349.858888888889,0.828883997997063,14.0,724.0733333333328,interpolation,0 days 00:01:06.668000,66.668,4474.466,0.0
2023-11-25 14:59:34.570,0 days 01:14:34.566000,1885.0,-1398.0,-234.0,,115.74999552,8839.49943808,52.9999872,0.0,8,3,4354.033201540907,0.8296794309175958,14.0,724.6983317333328,interpolation,0 days 00:01:06.768000,66.768,4474.566,0.0
2023-11-25 14:59:34.670,0 days 01:14:34.666000,1912.7084526864403,-1397.2302049143943,-233.47896656192864,,117.5,9059.0,58.0,0.0,8,3,4357.021987976081,0.8302489568063262,14.0,725.3233333333328,interpolation,0 days 00:01:06.868000,66.868,4474.666,0.0
2023-11-25 14:59:34.770,0 days 01:14:34.766000,1945.0,-1397.0,-233.0,,119.24999552,9278.49943808,62.9999872,0.0,8,3,4359.454209379654,0.8307124268757018,14.0,725.9483317333328,interpolation,0 days 00:01:06.968000,66.968,4474.766,0.0
2023-11-25 14:59:34.870,0 days 01:14:34.866000,1978.871260528271,-1397.8721927888153,-232.92222988116288,,121.0,9498.0,68.0,0.0,8,3,4361.958888888889,0.8311897041433897,14.0,726.5733333333328,interpolation,0 days 00:01:07.068000,67.068,4474.866,0.0
2023-11-25 14:59:34.970,0 days 01:14:34.966000,2014.171639153706,-1399.855244858211,-233.137848329563,,123.99999487999564,9657.666394168657,68.99999829333187,0.0,8,3,4364.536000855935,0.8316807837220829,14.0,727.1696286119491,interpolation,0 days 00:01:07.168000,67.168,4474.966,0.0
2023-11-25 14:59:35.070,0 days 01:14:35.066000,2050.0,-1403.0,-233.0,,127.00000512000436,9817.333605831343,70.00000170666813,0.0,8,3,4367.42584284395,0.8322314553281721,14.0,727.7659269436049,interpolation,0 days 00:01:07.268000,67.268,4475.066,0.0
2023-11-25 14:59:35.170,0 days 01:14:35.166000,2086.2057279089504,-1407.314896520575,-232.40087763181896,,130.0,9977.0,71.0,0.0,8,3,4372.070000000001,0.8331164191049666,14.0,728.3622222222211,car,0 days 00:01:07.368000,67.368,4475.166,0.0
2023-11-25 14:59:35.270,0 days 01:14:35.266000,2130.0,-1412.0,-232.0,,138.0,10286.0,77.0,0.0,8,3,4378.203333333335,0.8342851516970441,14.0,729.0288888888872,interpolation,0 days 00:01:07.468000,67.468,4475.266,0.0
2023-11-25 14:59:35.370,0 days 01:14:35.366000,2188.593174192649,-1416.255283858365,-232.45689611951548,,139.99999488,10086.000512,70.50001664,0.0,8,3,4382.793059595021,0.8351597434368396,14.0,729.7788869688872,interpolation,0 days 00:01:07.568000,67.568,4475.366,0.0
2023-11-25 14:59:35.470,0 days 01:14:35.466000,2244.0,-1419.0,-233.0,,142.0,9886.0,64.0,0.0,8,3,4385.333768063463,0.8356438861749977,14.0,730.5288888888872,interpolation,0 days 00:01:07.668000,67.668,4475.466,0.0
2023-11-25 14:59:35.570,0 days 01:14:35.566000,2278.2340595753813,-1419.1533286492224,-232.85773541110115,,143.99999488,9686.000512,57.50001664,0.0,8,3,4387.959240478843,0.8361441810415391,14.0,731.2788869688872,interpolation,0 days 00:01:07.768000,67.768,4475.566,0.0
2023-11-25 14:59:35.670,0 days 01:14:35.666000,2295.38630940676,-1416.5279530811029,-232.19486813974763,,146.0,9486.0,51.0,0.0,8,3,4392.803333333335,0.8370672434107936,14.0,732.0288888888872,interpolation,0 days 00:01:07.868000,67.868,4475.666,0.0
2023-11-25 14:59:35.770,0 days 01:14:35.766000,2320.0,-1410.0,-232.0,,146.0,9355.0,51.0,0.0,8,3,4399.251666666668,0.8382960005843662,14.0,733.6630555555539,interpolation,0 days 00:01:07.968000,67.968,4475.766,0.0
2023-11-25 14:59:35.870,0 days 01:14:35.866000,2356.165989330297,-1399.3820842645005,-232.43789624012712,,146.0,9379.000040959963,53.33333731555216,0.0,8,4,4403.618292914742,0.8391280796735313,14.0,734.5963904817745,interpolation,0 days 00:01:08.068000,68.068,4475.866,0.0
2023-11-25 14:59:35.970,0 days 01:14:35.966000,2395.0,-1386.0,-233.0,,146.0,9402.999959040037,55.66666268444784,0.0,8,4,4405.81346497523,0.8395463789885818,14.0,735.5297206293326,interpolation,0 days 00:01:08.168000,68.168,4475.966,0.0
2023-11-25 14:59:36.070,0 days 01:14:36.066000,2427.6185226113894,-1371.1792955718297,-233.17776465948324,,146.0,9427.0,58.0,0.0,8,4,4408.9850000000015,0.8401507283935326,14.0,736.4630555555532,interpolation,0 days 00:01:08.268000,68.268,4476.066,0.0
2023-11-25 14:59:36.170,0 days 01:14:36.166000,2460.0,-1352.0,-233.0,,147.99999488,9442.99995904,54.50000896,0.0,8,4,4413.657493481318,0.8410410917768834,14.0,737.9963849635536,interpolation,0 days 00:01:08.368000,68.368,4476.166,0.0
2023-11-25 14:59:36.270,0 days 01:14:36.266000,2498.1235406014766,-1325.5417941443511,-232.49551580296475,,150.0,9459.0,51.0,0.0,8,4,4418.9850000000015,0.842056270663224,14.0,739.5297222222207,interpolation,0 days 00:01:08.468000,68.468,4476.266,0.0
2023-11-25 14:59:36.370,0 days 01:14:36.366000,2540.144756678862,-1293.3839249448706,-231.7191617729356,,149.00000256,9400.50014976,45.50001408,0.0,8,4,4424.121471736906,0.8430350470643986,14.0,741.4630506062203,interpolation,0 days 00:01:08.568000,68.568,4476.366,0.0
2023-11-25 14:59:36.470,0 days 01:14:36.466000,2575.0,-1265.0,-231.0,,148.0,9342.0,40.0,0.0,8,4,4428.851666666668,0.8439364057026528,14.0,743.3963888888866,interpolation,0 days 00:01:08.668000,68.668,4476.466,0.0
2023-11-25 14:59:36.570,0 days 01:14:36.566000,2600.844916295211,-1241.9692859690408,-230.3928823870089,,147.00000170666812,9332.333349831126,43.99999317332751,0.0,8,4,4432.960241729259,0.8447193120476494,14.0,745.2112006064151,interpolation,0 days 00:01:08.768000,68.768,4476.566,0.0
2023-11-25 14:59:36.670,0 days 01:14:36.666000,2623.0,-1220.0,-230.0,,145.99999829333188,9322.666650168874,48.00000682667249,0.0,8,4,4436.537997580894,0.8454010685482422,14.0,747.0260216158033,interpolation,0 days 00:01:08.868000,68.868,4476.666,0.0
2023-11-25 14:59:36.770,0 days 01:14:36.766000,2646.78525402967,-1194.8008200409968,-229.92355414501435,,145.0,9313.0,52.0,0.0,8,4,4440.129444444446,0.8460854339290269,14.0,748.8408333333318,interpolation,0 days 00:01:08.968000,68.968,4476.766,0.0
2023-11-25 14:59:36.870,0 days 01:14:36.866000,2671.0,-1166.0,-230.0,,145.50000128,9348.50009088,52.50000128,0.0,8,4,4443.825377680729,0.8467897096297964,14.0,750.8158383893319,interpolation,0 days 00:01:09.068000,69.068,4476.866,0.0
2023-11-25 14:59:36.970,0 days 01:14:36.966000,2694.443068006771,-1133.2263467449195,-230.06579274291136,,146.0,9384.0,53.0,0.0,8,4,4447.625759443481,0.8475138884387852,14.0,752.7908333333321,interpolation,0 days 00:01:09.168000,69.168,4476.966,0.0
2023-11-25 14:59:37.070,0 days 01:14:37.066000,2716.0,-1092.0,-230.0,,146.50000128,9419.50009088,53.50000128,0.0,8,4,4451.353002522716,0.8482241303624748,14.0,754.7658383893322,interpolation,0 days 00:01:09.268000,69.268,4477.066,0.0
2023-11-25 14:59:37.170,0 days 01:14:37.166000,2734.555877129685,-1037.8418572493547,-229.6816893975172,,147.0,9455.0,54.0,0.0,8,4,4454.8294444444455,0.8488865810654732,14.0,756.7408333333324,interpolation,0 days 00:01:09.368000,69.368,4477.166,0.0
2023-11-25 14:59:37.270,0 days 01:14:37.266000,2749.814789881181,-974.4481439272532,-229.07891182669164,,148.00000170666522,9452.666662684447,58.333340728882575,0.0,8,4,4458.055120807528,0.849501247331293,14.0,758.8149109471564,interpolation,0 days 00:01:09.468000,69.468,4477.266,0.0
2023-11-25 14:59:37.370,0 days 01:14:37.366000,2760.0,-924.0,-228.0,,148.99999829333478,9450.333337315553,62.66665927111743,0.0,8,4,4461.334663488273,0.8501261780516346,14.0,760.8889779417301,interpolation,0 days 00:01:09.568000,69.568,4477.366,0.0
2023-11-25 14:59:37.470,0 days 01:14:37.466000,2764.8155122556736,-890.1936888923199,-226.41299702009985,,150.0,9448.0,67.0,0.0,8,4,4466.496111111112,0.8511097137134466,14.0,762.9630555555541,interpolation,0 days 00:01:09.668000,69.668,4477.466,0.0
2023-11-25 14:59:37.570,0 days 01:14:37.566000,2767.0,-864.0,-225.0,,153.0,9874.0,72.0,0.0,8,4,4473.296111111113,0.8524054824568368,14.0,766.6074999999983,interpolation,0 days 00:01:09.768000,69.768,4477.566,0.0
2023-11-25 14:59:37.670,0 days 01:14:37.666000,2769.292208264764,-836.3891083188503,-224.44307533272723,,153.75000192,9945.00018176,73.50000384,0.0,8,4,4478.4469173505495,0.8533869903580605,14.0,768.5245882410646,interpolation,0 days 00:01:09.868000,69.868,4477.666,0.0
2023-11-25 14:59:37.770,0 days 01:14:37.766000,2771.669920338849,-806.3706069524885,-224.642511265396,,154.5,10016.0,75.0,0.0,8,4,4481.400512466307,0.8539498103921237,14.0,770.4416666666643,interpolation,0 days 00:01:09.968000,69.968,4477.766,0.0
2023-11-25 14:59:37.870,0 days 01:14:37.866000,2774.0,-768.0,-225.0,,155.25000192,10087.00018176,76.50000384,0.0,8,4,4483.779424709263,0.8544031221756075,14.0,772.3587549077307,interpolation,0 days 00:01:10.068000,70.068,4477.866,0.0
2023-11-25 14:59:37.970,0 days 01:14:37.966000,2776.2602301493007,-720.2869907442055,-225.41582042008437,,156.0,10158.0,78.0,0.0,8,4,4487.206111111113,0.8550560917539777,14.0,774.2758333333304,car,0 days 00:01:10.168000,70.168,4477.966,0.0
2023-11-25 14:59:38.070,0 days 01:14:38.066000,2778.0,-671.0,-226.0,,160.50001152,10414.50065664,71.49998336,0.0,8,4,4491.680606761209,0.8559087258136582,14.0,776.4980612444419,interpolation,0 days 00:01:10.268000,70.268,4478.066,0.0
2023-11-25 14:59:38.170,0 days 01:14:38.166000,2778.768657805342,-627.9084418620846,-226.8625559740999,,165.0,10671.0,65.0,0.0,8,4,4496.372777777779,0.856802838834528,14.0,778.7202777777757,car,0 days 00:01:10.368000,70.368,4478.166,0.0
2023-11-25 14:59:38.270,0 days 01:14:38.266000,2775.0,-579.0,-228.0,,166.00000256,10637.99991552,64.49999872,0.0,8,4,4500.452584145722,0.857580263183155,14.0,780.9702835377757,interpolation,0 days 00:01:10.468000,70.468,4478.266,0.0
2023-11-25 14:59:38.370,0 days 01:14:38.366000,2763.127853738596,-512.2633001633199,-229.40882325532263,,167.0,10605.0,64.0,0.0,8,4,4505.650555555558,0.858570758606964,14.0,783.2202777777757,car,0 days 00:01:10.568000,70.568,4478.366,0.0
2023-11-25 14:59:38.470,0 days 01:14:38.466000,2744.58844773485,-432.9972571049319,-230.9734134295553,,165.0,10304.0,35.0,0.0,8,4,4512.983888888891,0.8599681562714042,14.0,786.998055555554,interpolation,0 days 00:01:10.668000,70.668,4478.466,0.0
2023-11-25 14:59:38.570,0 days 01:14:38.566000,2728.0,-373.0,-232.0,,165.0,10351.4998784,40.49998592,1.0,8,4,4518.171978699338,0.8609567687146804,14.0,789.3313829155541,interpolation,0 days 00:01:10.768000,70.768,4478.566,0.0
2023-11-25 14:59:38.670,0 days 01:14:38.666000,2714.7986909527385,-337.5705126135612,-232.3729667420306,,165.0,10399.0,46.0,1.0,8,4,4522.150555555558,0.8617149033519548,14.0,791.6647222222209,interpolation,0 days 00:01:10.868000,70.868,4478.666,0.0
2023-11-25 14:59:38.770,0 days 01:14:38.766000,2704.700458384457,-323.3296447950253,-232.18586181900355,,163.00000512,10388.50002688,50.49998848,0.0,8,4,4526.568683972909,0.8625567963971736,14.0,793.9702718755543,interpolation,0 days 00:01:10.968000,70.968,4478.766,0.0
2023-11-25 14:59:38.870,0 days 01:14:38.866000,2696.0,-310.0,-232.0,,161.0,10378.0,55.0,0.0,8,4,4531.095000000002,0.8634193050487343,14.0,796.2758333333322,interpolation,0 days 00:01:11.068000,71.068,4478.866,0.0
2023-11-25 14:59:38.970,0 days 01:14:38.966000,2688.4132075021653,-294.2022017760864,-231.90893517076623,,160.66666723555605,10331.66674574229,53.66666894222416,0.0,8,4,4535.398048094335,0.8642392690519609,14.0,798.3499038676504,interpolation,0 days 00:01:11.168000,71.168,4478.966,0.0
2023-11-25 14:59:39.070,0 days 01:14:39.066000,2681.9400032019994,-275.9360883534166,-231.91266639879612,,160.33333276444395,10285.33325425771,52.33333105777584,0.0,8,4,4539.500651757741,0.8650210375216021,14.0,800.4239850212367,interpolation,0 days 00:01:11.268000,71.268,4479.066,0.0
2023-11-25 14:59:39.170,0 days 01:14:39.166000,2658.4969201807226,-245.4520805139584,-231.96006442742825,,160.0,10239.0,51.0,0.0,8,4,4543.539444444446,0.8657906465399058,14.0,802.4980555555549,interpolation,0 days 00:01:11.368000,71.368,4479.166,0.0
2023-11-25 14:59:39.270,0 days 01:14:39.266000,2600.0,-193.0,-232.0,,160.2000004095998,10290.000104447949,53.60000532479727,0.0,8,4,4547.537246950304,0.8665524447059846,14.0,804.311392602593,interpolation,0 days 00:01:11.468000,71.468,4479.266,0.0
2023-11-25 14:59:39.370,0 days 01:14:39.366000,2516.0,-125.0,-232.0,,160.3999997952001,10340.999947776028,56.19999733760136,0.0,8,4,4551.49401833792,0.8673064242190456,14.0,806.1247203653692,interpolation,0 days 00:01:11.568000,71.568,4479.366,0.0
2023-11-25 14:59:39.470,0 days 01:14:39.466000,2463.797498988289,-79.96940936120743,-231.7652265193829,,160.6000002047999,10392.000052223972,58.80000266239864,0.0,8,4,4555.4853115472415,0.8680669820111548,14.0,807.9380574124071,interpolation,0 days 00:01:11.668000,71.668,4479.466,0.0
2023-11-25 14:59:39.570,0 days 01:14:39.566000,2452.9431898503462,-64.32830527621903,-231.26320925465055,,160.7999995904002,10442.999895552051,61.39999467520273,0.0,8,4,4559.96415637631,0.8689204448252726,14.0,809.7513851751834,interpolation,0 days 00:01:11.768000,71.768,4479.566,0.0
2023-11-25 14:59:39.670,0 days 01:14:39.666000,2471.7381716924237,-72.28686503590357,-230.6077964542878,,161.0,10494.0,64.0,0.0,8,4,4565.006111111114,0.8698812106121767,14.0,811.5647222222215,interpolation,0 days 00:01:11.868000,71.868,4479.666,0.0
2023-11-25 14:59:39.770,0 days 01:14:39.766000,2449.990112557652,-69.10732831128213,-230.48210933536583,,163.99999232,10654.49958912,69.99998464,0.0,8,4,4570.611124122169,0.8709492695336503,14.0,813.6313835982214,interpolation,0 days 00:01:11.968000,71.968,4479.766,0.0
2023-11-25 14:59:39.870,0 days 01:14:39.866000,2376.0,-49.0,-231.0,,167.0,10815.0,76.0,0.0,8,4,4576.139444444447,0.8720027143390998,14.0,815.6980555555547,interpolation,0 days 00:01:12.068000,72.068,4479.866,0.0
2023-11-25 14:59:39.970,0 days 01:14:39.966000,2261.0,-16.0,-232.0,,168.99999488,10950.99965184,77.99999488,0.0,8,4,4580.951207107595,0.8729196160537347,14.0,817.1424963022213,interpolation,0 days 00:01:12.168000,72.168,4479.966,0.0
2023-11-25 14:59:40.070,0 days 01:14:40.066000,2172.3779599477148,5.683319024465677,-232.5133324384203,,171.0,11087.0,80.0,0.0,8,4,4585.639444444447,0.8738129794953067,14.0,818.5869444444434,interpolation,0 days 00:01:12.268000,72.268,4480.066,0.0
2023-11-25 14:59:40.170,0 days 01:14:40.166000,2121.366195654232,12.01482103735057,-232.3785289137469,,174.24999168,11277.49951232,84.74998784,0.0,8,4,4590.7970915078295,0.874795790944449,14.0,819.4202756444433,interpolation,0 days 00:01:12.368000,72.368,4480.166,0.0
2023-11-25 14:59:40.270,0 days 01:14:40.266000,2102.3245583477683,5.078625747764282,-231.712176376072,,177.5,11468.0,89.5,0.0,8,4,4596.424201112187,0.8758680604651781,14.0,820.2536111111099,interpolation,0 days 00:01:12.468000,72.468,4480.266,0.0
2023-11-25 14:59:40.370,0 days 01:14:40.366000,2081.415773301853,-2.620973274774971,-231.2138056624381,,180.74999168,11658.49951232,94.24998784,0.0,8,4,4601.770017324895,0.8768867283411099,14.0,821.0869423111099,interpolation,0 days 00:01:12.568000,72.568,4480.366,0.0
2023-11-25 14:59:40.470,0 days 01:14:40.466000,2053.0,-9.0,-231.0,,184.0,11849.0,99.0,0.0,8,4,4606.083888888891,0.8777087548022312,14.0,821.9202777777764,interpolation,0 days 00:01:12.668000,72.668,4480.466,0.0
2023-11-25 14:59:40.570,0 days 01:14:40.566000,2017.077529418983,-14.05838910684436,-231.070761578122,,185.49999616,11983.9996544,99.0,0.0,8,4,4609.365771630243,0.8783341314310129,14.0,822.4536097457764,interpolation,0 days 00:01:12.768000,72.768,4480.566,0.0
2023-11-25 14:59:40.670,0 days 01:14:40.666000,1973.647993711761,-17.796192393345105,-231.4260911214047,,187.0,12119.0,99.0,0.0,8,4,4614.395000000003,0.8792924721552638,14.0,822.986944444443,interpolation,0 days 00:01:12.868000,72.868,4480.666,0.0
2023-11-25 14:59:40.770,0 days 01:14:40.766000,1922.144705628606,-22.38587260317888,-231.8183738239853,,195.0,11979.0,99.0,0.0,8,4,4623.061666666669,0.8809439421223296,14.0,823.65361111111,interpolation,0 days 00:01:12.968000,72.968,4480.766,0.0
2023-11-25 14:59:40.870,0 days 01:14:40.866000,1862.0,-30.0,-232.0,,198.33333902221736,11646.999433387153,99.0,0.0,8,4,4630.030874791542,0.8822719541891519,14.0,823.65361111111,interpolation,0 days 00:01:13.068000,73.068,4480.866,0.0
2023-11-25 14:59:40.970,0 days 01:14:40.966000,1796.0,-40.0,-232.0,,201.66666097778264,11315.000566612847,99.0,0.0,8,4,4634.724153649892,0.8831662783139554,14.0,823.65361111111,interpolation,0 days 00:01:13.168000,73.168,4480.966,0.0
2023-11-25 14:59:41.070,0 days 01:14:41.066000,1740.8572161685518,-48.55496262020897,-231.99256857283197,,205.0,10983.0,99.0,0.0,8,4,4639.006111111114,0.8839822234078931,14.0,823.65361111111,interpolation,0 days 00:01:13.268000,73.268,4481.066,0.0
2023-11-25 14:59:41.170,0 days 01:14:41.166000,1693.0,-56.0,-232.0,,206.49999616,11090.4997248,99.0,0.0,8,5,4643.187460644618,0.8847789972359379,14.0,823.5202781191097,interpolation,0 days 00:01:13.368000,73.368,4481.166,0.0
2023-11-25 14:59:41.270,0 days 01:14:41.266000,1646.070140974874,-63.30888473408313,-232.0155563526097,,208.0,11198.0,99.0,0.0,8,5,4648.250555555558,0.8857437913727634,14.0,823.3869444444426,interpolation,0 days 00:01:13.468000,73.468,4481.266,0.0
2023-11-25 14:59:41.370,0 days 01:14:41.366000,1595.0,-71.0,-232.0,,211.49999104,11339.49963776,99.0,0.0,8,5,4655.177654485979,0.8870637793545881,14.0,822.8869457244426,interpolation,0 days 00:01:13.568000,73.568,4481.366,0.0
2023-11-25 14:59:41.470,0 days 01:14:41.466000,1534.7209344619953,-79.59188257531191,-231.9140933115096,,215.0,11481.0,99.0,0.0,8,5,4662.583888888891,0.8884750686259877,14.0,822.3869444444426,interpolation,0 days 00:01:13.668000,73.668,4481.466,0.0
2023-11-25 14:59:41.570,0 days 01:14:41.566000,1465.0,-89.0,-232.0,,218.99998976,11625.9996288,99.0,0.0,8,5,4669.084243444007,0.889713738663263,14.0,821.6369463644427,interpolation,0 days 00:01:13.768000,73.768,4481.566,0.0
2023-11-25 14:59:41.670,0 days 01:14:41.666000,1385.6029210529714,-99.14000413405844,-232.4998837783394,,223.0,11771.0,99.0,0.0,8,5,4674.97277777778,0.8908358237712164,14.0,820.8869444444426,interpolation,0 days 00:01:13.868000,73.868,4481.666,0.0
2023-11-25 14:59:41.770,0 days 01:14:41.766000,1307.0,-109.0,-233.0,,225.19999549439768,11562.00042803222,99.0,0.0,8,5,4680.54342465443,0.8918973340805145,14.0,819.8358354860082,interpolation,0 days 00:01:13.968000,73.968,4481.766,0.0
2023-11-25 14:59:41.870,0 days 01:14:41.866000,1239.659921300392,-117.56829742031108,-233.08661425844727,,227.4000022528012,11352.999785983891,99.0,0.0,8,5,4685.796241117529,0.8928982804610512,14.0,818.7847211458821,interpolation,0 days 00:01:14.068000,74.068,4481.866,0.0
2023-11-25 14:59:41.970,0 days 01:14:41.966000,1182.0,-125.0,-233.0,,229.59999774719884,11144.000214016109,99.0,0.0,8,5,4690.888184261733,0.8938685717506657,14.0,817.7336121874476,interpolation,0 days 00:01:14.168000,74.168,4481.966,0.0
2023-11-25 14:59:42.070,0 days 01:14:42.066000,1132.4362711448198,-131.4503751840619,-232.98043067097697,,231.80000450560232,10934.99957196778,99.0,0.0,8,5,4696.761379567819,0.8949877339420557,14.0,816.6824978473215,interpolation,0 days 00:01:14.268000,74.268,4482.066,0.0
2023-11-25 14:59:42.170,0 days 01:14:42.166000,1079.0,-139.0,-233.0,,234.0,10726.0,99.0,0.0,8,6,4703.572777777779,0.8962856746625336,14.0,815.6313888888872,car,0 days 00:01:14.368000,74.368,4482.166,0.0
2023-11-25 14:59:42.270,0 days 01:14:42.266000,1009.7213971103532,-149.72959483538733,-233.0308017156916,,236.00000341333043,10852.33354894204,99.0,0.0,8,6,4711.322448640508,0.8977624072030462,14.0,813.836385825423,interpolation,0 days 00:01:14.468000,74.468,4482.266,0.0
2023-11-25 14:59:42.370,0 days 01:14:42.366000,928.4190955235454,-163.0025533440236,-233.0588242881509,,237.9999965866696,10978.66645105796,99.0,0.0,8,6,4719.77360907017,0.8993728115457128,14.0,812.0413919523511,interpolation,0 days 00:01:14.568000,74.568,4482.366,0.0
2023-11-25 14:59:42.470,0 days 01:14:42.466000,858.0,-175.0,-233.0,,240.0,11105.0,99.0,0.0,8,6,4727.506111111114,0.900846272494662,14.0,810.2463888888869,interpolation,0 days 00:01:14.668000,74.668,4482.466,0.0
2023-11-25 14:59:42.570,0 days 01:14:42.566000,802.2827552659985,-185.08531547434688,-232.84031823910613,,241.33333105777584,11177.666542648783,99.0,0.0,8,6,4734.283171853309,0.902137670065514,14.0,808.6908359881484,interpolation,0 days 00:01:14.768000,74.768,4482.566,0.0
2023-11-25 14:59:42.670,0 days 01:14:42.666000,755.7164721598265,-193.97863251127424,-232.5555127533909,,242.66666894222416,11250.333457351217,99.0,0.0,8,6,4740.272947493674,0.903279047132382,14.0,807.1352751229585,interpolation,0 days 00:01:14.868000,74.868,4482.666,0.0
2023-11-25 14:59:42.770,0 days 01:14:42.766000,685.0,-206.0,-232.0,,244.0,11323.0,99.0,0.0,8,6,4746.483888888892,0.9044625682686984,14.0,805.57972222222,interpolation,0 days 00:01:14.968000,74.968,4482.766,0.0
2023-11-25 14:59:42.870,0 days 01:14:42.866000,584.5822960323228,-221.8695705099576,-231.14950967353545,,246.00000512,11393.25017984,99.0,0.0,8,6,4753.084146438805,0.9057202752439194,14.0,803.4686057066644,interpolation,0 days 00:01:15.068000,75.068,4482.866,0.0
2023-11-25 14:59:42.970,0 days 01:14:42.966000,463.0593359578486,-240.34796388687133,-230.05253785211508,,248.0,11463.5,99.0,0.0,8,6,4760.073652556948,0.9070521551791584,14.0,801.3574999999978,interpolation,0 days 00:01:15.168000,75.168,4482.966,0.0
2023-11-25 14:59:43.070,0 days 01:14:43.066000,372.0,-254.0,-229.0,,250.00000512,11533.75017984,99.0,0.0,8,6,4767.268312681064,0.9084231280774148,14.0,799.2463834844423,interpolation,0 days 00:01:15.268000,75.268,4483.066,0.0
2023-11-25 14:59:43.170,0 days 01:14:43.166000,320.0001680303876,-261.58632140256225,-228.0403942642696,,252.0,11604.0,99.0,0.0,8,6,4774.483888888891,0.9097980866238344,14.0,797.1352777777756,interpolation,0 days 00:01:15.368000,75.368,4483.166,0.0
2023-11-25 14:59:43.270,0 days 01:14:43.266000,299.0395249177733,-263.48900421349623,-227.1292706776464,,253.50000384,11660.50014464,99.0,0.0,8,6,4781.720455068115,0.9111770448980272,14.0,794.8297163199977,interpolation,0 days 00:01:15.468000,75.468,4483.266,0.0
2023-11-25 14:59:43.370,0 days 01:14:43.366000,261.0,-262.0,-226.0,,255.0,11717.0,99.0,0.0,8,6,4788.650555555558,0.9124976048392304,14.0,792.5241666666643,interpolation,0 days 00:01:15.568000,75.568,4483.366,0.0
2023-11-25 14:59:43.470,0 days 01:14:43.466000,197.8614210997399,-257.50129194943963,-224.6081305266797,,255.25000064,11359.4990848,99.0,0.0,8,6,4794.946879754696,0.9136973960297442,14.0,789.9408267199975,interpolation,0 days 00:01:15.668000,75.668,4483.466,0.0
2023-11-25 14:59:43.570,0 days 01:14:43.566000,114.81460627656544,-250.05127843553404,-223.06071788971053,,255.5,11002.0,99.0,0.0,8,6,4800.609363191332,0.914776406183738,14.0,787.3574999999973,interpolation,0 days 00:01:15.768000,75.768,4483.566,0.0
2023-11-25 14:59:43.670,0 days 01:14:43.666000,43.0,-240.0,-222.0,,255.75000064,10644.4990848,99.0,0.0,8,6,4807.403590330089,0.9160710748840166,14.0,784.7741600533305,interpolation,0 days 00:01:15.868000,75.868,4483.666,0.0
2023-11-25 14:59:43.770,0 days 01:14:43.766000,-12.391490828091062,-227.4059118747316,-221.53302909858985,,256.0,10287.0,99.0,0.0,8,6,4817.095000000003,0.9179178139619084,14.0,782.1908333333304,interpolation,0 days 00:01:15.968000,75.968,4483.766,0.0
2023-11-25 14:59:43.870,0 days 01:14:43.866000,-55.14863386438015,-211.98120816914,-221.5064312881177,,258.0,10508.0,99.0,0.0,8,7,4828.561666666669,0.9201028357644878,14.0,777.924166666664,interpolation,0 days 00:01:16.068000,76.068,4483.866,0.0
2023-11-25 14:59:43.970,0 days 01:14:43.966000,-108.0,-192.0,-221.0,,258.99999744,10528.49994752,99.0,0.0,8,7,4835.07138171095,0.92134328948254,14.0,775.6797279679972,interpolation,0 days 00:01:16.168000,76.168,4483.966,0.0
2023-11-25 14:59:44.070,0 days 01:14:44.066000,-176.0,-164.0,-220.0,,260.0,10549.0,99.0,0.0,8,7,4840.117222222225,0.9223047957205756,14.0,773.4352777777749,interpolation,0 days 00:01:16.268000,76.268,4484.066,0.0
2023-11-25 14:59:44.170,0 days 01:14:44.166000,-266.74188746012504,-108.93522242271668,-219.34426878180983,,260.0,10673.49968128,99.0,0.0,8,7,4848.314171735552,0.9238667590985928,14.0,769.8686202417749,interpolation,0 days 00:01:16.368000,76.368,4484.166,0.0
2023-11-25 14:59:44.270,0 days 01:14:44.266000,-375.35333604903104,-28.509919883997547,-219.11860371842664,,260.0,10798.0,99.0,0.0,8,7,4857.450555555558,0.9256077356547072,14.0,766.3019444444417,interpolation,0 days 00:01:16.468000,76.468,4484.266,0.0
2023-11-25 14:59:44.370,0 days 01:14:44.366000,-465.0,48.0,-219.0,,260.16666624,10767.33341184,99.0,0.0,8,7,4865.314521493571,0.9271062476049372,14.0,763.6487104959972,interpolation,0 days 00:01:16.568000,76.568,4484.366,0.0
2023-11-25 14:59:44.470,0 days 01:14:44.466000,-529.5438726472499,115.71609837982804,-218.9346214325258,,260.3333333333333,10736.666666666666,99.0,0.0,8,7,4871.9061500767975,0.9283623102940816,14.0,760.9954629629601,interpolation,0 days 00:01:16.668000,76.668,4484.466,0.0
2023-11-25 14:59:44.570,0 days 01:14:44.566000,-568.984293063217,174.63768184441432,-218.9224686854789,,260.4999995733333,10706.000078506666,99.0,0.0,8,7,4877.225373807132,0.9293759108600912,14.0,758.3422290145156,interpolation,0 days 00:01:16.768000,76.768,4484.566,0.0
2023-11-25 14:59:44.670,0 days 01:14:44.666000,-595.1827653474887,226.74071366674875,-218.94908159569283,,260.6666666666667,10675.333333333334,99.0,0.0,8,7,4882.347159239087,0.9303518887237792,14.0,755.6889814814785,interpolation,0 days 00:01:16.868000,76.868,4484.666,0.0
2023-11-25 14:59:44.770,0 days 01:14:44.766000,-620.0,274.0,-219.0,,260.83333290666667,10644.666745173334,99.0,0.0,8,7,4888.346366011215,0.9314950629326704,14.0,753.035747533034,interpolation,0 days 00:01:16.968000,76.968,4484.766,0.0
2023-11-25 14:59:44.870,0 days 01:14:44.866000,-643.4362511498839,316.41602478049896,-219.07522441980612,,261.0,10614.0,99.0,0.0,8,7,4895.223055555558,0.9328054451928992,14.0,750.382499999997,interpolation,0 days 00:01:17.068000,77.068,4484.866,0.0
2023-11-25 14:59:44.970,0 days 01:14:44.966000,-665.4912788105436,353.9883536692639,-219.1747540848153,,262.3333310577758,10654.999930026606,99.0,0.0,8,7,4902.977157454994,0.9342830220861862,14.0,747.1528758822733,interpolation,0 days 00:01:17.168000,77.168,4484.966,0.0
2023-11-25 14:59:45.070,0 days 01:14:45.066000,-687.8705182755143,389.9315944313763,-219.31382294145092,,263.6666689422242,10696.000069973394,99.0,0.0,8,7,4911.348845223298,0.9358782825773024,14.0,743.9232352288318,interpolation,0 days 00:01:17.268000,77.268,4485.066,0.0
2023-11-25 14:59:45.170,0 days 01:14:45.166000,-720.8049097724976,443.5305525822266,-219.58382634915284,,265.0,10737.0,99.0,0.0,8,7,4918.778611111114,0.9372940558726168,14.0,740.6936111111081,interpolation,0 days 00:01:17.368000,77.368,4485.166,0.0
2023-11-25 14:59:45.270,0 days 01:14:45.266000,-766.0,518.0,-220.0,,266.33333560888696,10759.666705351076,99.0,0.0,8,7,4925.006625311009,0.9384808303040304,14.0,737.9195323026183,interpolation,0 days 00:01:17.468000,77.468,4485.266,0.0
2023-11-25 14:59:45.370,0 days 01:14:45.366000,-823.4553261614822,613.3391741195071,-220.5623396323852,,267.66666439111304,10782.333294648924,99.0,0.0,8,7,4930.682105676051,0.9395623170776696,14.0,735.1454676973758,interpolation,0 days 00:01:17.568000,77.568,4485.366,0.0
2023-11-25 14:59:45.470,0 days 01:14:45.466000,-880.0,709.0,-221.0,,269.0,10805.0,99.0,0.0,8,7,4939.700833333336,0.9412808737546488,14.0,732.371388888886,interpolation,0 days 00:01:17.668000,77.668,4485.466,0.0
2023-11-25 14:59:45.570,0 days 01:14:45.566000,-922.4619658988438,784.432446861143,-221.0421256165381,,271.0,10839.0,99.0,0.0,8,7,4951.74527777778,0.9435759935550326,14.0,727.6158333333306,interpolation,0 days 00:01:17.768000,77.768,4485.566,0.0
2023-11-25 14:59:45.670,0 days 01:14:45.666000,-950.8416586695712,839.6372871330345,-220.6887169133651,,270.74999936,10709.99966976,74.24993664,0.0,8,7,4961.015194160597,0.9453424153054292,14.0,725.349160863997,interpolation,0 days 00:01:17.868000,77.868,4485.666,0.0
2023-11-25 14:59:45.770,0 days 01:14:45.766000,-971.0503825854594,882.7732111983298,-220.49094975351056,,270.5,10581.0,49.5,0.0,8,7,4966.543767776766,0.9463959083771,14.0,723.0824999999968,interpolation,0 days 00:01:17.968000,77.968,4485.766,0.0
2023-11-25 14:59:45.870,0 days 01:14:45.866000,-989.0,922.0,-221.0,,270.24999936,10451.99966976,24.74993664,0.0,8,7,4970.673127113432,0.9471827752533764,14.0,720.8158275306632,interpolation,0 days 00:01:18.068000,78.068,4485.866,0.0
2023-11-25 14:59:45.970,0 days 01:14:45.966000,-1006.0,961.0,-222.0,,270.0,10323.0,0.0,1.0,8,7,4975.745277777781,0.9481492950022922,14.0,718.549166666663,car,0 days 00:01:18.168000,78.168,4485.966,0.0
2023-11-25 14:59:46.070,0 days 01:14:46.066000,-1029.908661063941,1021.8702879763288,-222.1957743003004,,247.4999424,10112.9994624,0.50000128,1.0,8,7,4981.760271708764,0.9492954775210348,14.0,717.1602742222193,interpolation,0 days 00:01:18.268000,78.268,4486.066,0.0
2023-11-25 14:59:46.170,0 days 01:14:46.166000,-1056.0,1099.0,-222.0,,225.0,9903.0,1.0,1.0,8,7,4988.24527777778,0.9505312228394062,14.0,715.7713888888866,car,0 days 00:01:18.368000,78.368,4486.166,0.0
2023-11-25 14:59:46.270,0 days 01:14:46.266000,-1078.0,1181.0,-222.0,,212.333311715574,9984.333472142103,1.0,1.0,8,7,4994.72759285623,0.9517664553781506,14.0,715.67138871822,interpolation,0 days 00:01:18.468000,78.468,4486.266,0.0
2023-11-25 14:59:46.370,0 days 01:14:46.366000,-1094.4752116595091,1255.2879329470063,-221.94847658035007,,199.666688284426,10065.666527857897,1.0,1.0,8,7,5001.125068961469,0.952985521491938,14.0,715.571389059553,interpolation,0 days 00:01:18.568000,78.568,4486.366,0.0
2023-11-25 14:59:46.470,0 days 01:14:46.466000,-1105.1869309592537,1319.7676224323732,-221.80421257507692,,187.0,10147.0,1.0,1.0,8,7,5006.94527777778,0.9540945868837292,14.0,715.4713888888864,interpolation,0 days 00:01:18.668000,78.668,4486.466,0.0
2023-11-25 14:59:46.570,0 days 01:14:46.566000,-1112.0551348593465,1375.8631883814987,-221.75784228226604,,184.33333788444835,10235.999848106538,1.999998293331877,1.0,8,6,5012.106078102468,0.9550779992001424,14.0,715.6528700606393,interpolation,0 days 00:01:18.768000,78.768,4486.566,0.0
2023-11-25 14:59:46.670,0 days 01:14:46.666000,-1117.0,1425.0,-222.0,,181.66666211555167,10325.000151893462,3.000001706668123,1.0,8,6,5016.653960241222,0.9559446173654392,14.0,715.8343521615782,interpolation,0 days 00:01:18.868000,78.868,4486.666,0.0
2023-11-25 14:59:46.770,0 days 01:14:46.766000,-1120.0214757459262,1467.1775541282148,-222.53068324859044,,179.0,10414.0,4.0,1.0,8,6,5020.867500000002,0.9567475251769773,14.0,716.0158333333311,interpolation,0 days 00:01:18.968000,78.968,4486.766,0.0
2023-11-25 14:59:46.870,0 days 01:14:46.866000,-1121.0,1508.0,-223.0,,170.99998634667833,10104.99947264045,5.00000170666521,1.0,8,6,5024.793177984521,0.9574955797106472,14.0,717.0528721402433,interpolation,0 days 00:01:19.068000,79.068,4486.866,0.0
2023-11-25 14:59:46.970,0 days 01:14:46.966000,-1119.8159697050476,1553.070636929068,-223.05804798619695,,163.00001365332167,9796.00052735955,5.999998293334789,1.0,8,6,5028.557863159612,0.9582129563839688,14.0,718.0899056375303,interpolation,0 days 00:01:19.168000,79.168,4486.966,0.0
2023-11-25 14:59:47.070,0 days 01:14:47.066000,-1116.4693727365668,1602.3899264399588,-222.704827801592,,155.0,9487.0,7.0,1.0,8,6,5032.923055555558,0.9590447622465496,14.0,719.1269444444424,interpolation,0 days 00:01:19.268000,79.268,4487.066,0.0
2023-11-25 14:59:47.170,0 days 01:14:47.166000,-1113.3880996398043,1642.51405817081,-222.2491949961904,,150.0000128,9325.00041472,9.4999936,1.0,8,4,5038.015619636576,0.960015171858299,14.0,720.9602730844421,interpolation,0 days 00:01:19.368000,79.368,4487.166,0.0
2023-11-25 14:59:47.270,0 days 01:14:47.266000,-1113.0,1660.0,-222.0,,145.0,9163.0,12.0,1.0,8,4,5042.589722222225,0.9608867864405848,14.0,722.7936111111085,interpolation,0 days 00:01:19.468000,79.468,4487.266,0.0
2023-11-25 14:59:47.370,0 days 01:14:47.366000,-1115.305077791284,1654.8475728719427,-221.95724536477115,,144.50000128,9099.00016384,12.0,0.0,8,4,5045.399431145409,0.9614221883524504,14.0,724.126941031109,interpolation,0 days 00:01:19.568000,79.568,4487.366,0.0
2023-11-25 14:59:47.470,0 days 01:14:47.466000,-1115.0,1657.0,-222.0,,144.0,9035.0,12.0,0.0,8,4,5048.989722222224,0.9621063334931872,14.0,725.4602777777764,interpolation,0 days 00:01:19.668000,79.668,4487.466,0.0
2023-11-25 14:59:47.570,0 days 01:14:47.566000,-1106.781413132528,1696.4005353171356,-222.0073328151873,,139.0,8694.0,10.0,1.0,8,4,5055.167500000002,0.9632835351620188,14.0,728.349166666665,interpolation,0 days 00:01:19.768000,79.768,4487.566,0.0
2023-11-25 14:59:47.670,0 days 01:14:47.666000,-1095.0,1747.0,-222.0,,137.99999744,8622.99981824,14.50001152,1.0,8,4,5059.504755556863,0.964110017541824,14.0,730.3213939377761,interpolation,0 days 00:01:19.868000,79.868,4487.666,0.0
2023-11-25 14:59:47.770,0 days 01:14:47.766000,-1084.0066482134034,1782.748293625852,-221.99875774410492,,137.0,8552.0,19.0,1.0,8,4,5062.778611111114,0.9647338645561728,14.0,732.2936111111094,interpolation,0 days 00:01:19.968000,79.968,4487.766,0.0
2023-11-25 14:59:47.870,0 days 01:14:47.866000,-1070.0,1813.0,-222.0,,134.99999488,8396.9996032,24.50001408,0.0,8,4,5066.5042725515705,0.965443805091908,14.0,734.488061173332,interpolation,0 days 00:01:20.068000,80.068,4487.866,0.0
2023-11-25 14:59:47.970,0 days 01:14:47.966000,-1049.1789535870173,1847.1090270875936,-222.00012072018276,,133.0,8242.0,30.0,0.0,8,4,5070.167500000002,0.9661418485665558,14.0,736.682499999999,interpolation,0 days 00:01:20.168000,80.168,4487.966,0.0
2023-11-25 14:59:48.070,0 days 01:14:48.066000,-1022.0,1880.0,-222.0,,133.0,8306.333443128795,37.66667975109995,0.0,8,4,5073.254129240383,0.9667300188153968,14.0,738.4825030719962,interpolation,0 days 00:01:20.268000,80.268,4488.066,0.0
2023-11-25 14:59:48.170,0 days 01:14:48.166000,-988.92012178434,1906.5968577685892,-222.00051793479844,,133.0,8370.666556871205,45.33332024890005,0.0,8,4,5075.912643506091,0.9672366099461852,14.0,740.2824969280014,interpolation,0 days 00:01:20.368000,80.368,4488.166,0.0
2023-11-25 14:59:48.270,0 days 01:14:48.266000,-949.938980201221,1926.8998727458493,-222.0016745298817,,133.0,8435.0,53.0,0.0,8,4,5079.034166666669,0.9678314293790156,14.0,742.0824999999986,interpolation,0 days 00:01:20.468000,80.468,4488.266,0.0
2023-11-25 14:59:48.370,0 days 01:14:48.366000,-911.4885302774948,1942.2528566301523,-222.00199386002416,,133.99999829333188,8692.332894150737,56.66666040888355,0.0,8,4,5082.767181598185,0.9685427711535546,14.0,744.4824959039947,interpolation,0 days 00:01:20.568000,80.568,4488.366,0.0
2023-11-25 14:59:48.470,0 days 01:14:48.466000,-880.0,1954.0,-222.0,,135.00000170666812,8949.667105849263,60.33333959111645,0.0,8,4,5087.006758987013,0.9693506405455588,14.0,746.8825040960014,interpolation,0 days 00:01:20.668000,80.668,4488.466,0.0
2023-11-25 14:59:48.570,0 days 01:14:48.566000,-855.473711810461,1962.1411825649525,-221.9956929702263,,136.0,9207.0,64.0,0.0,8,4,5091.123055555559,0.9701350182561538,14.0,749.2824999999975,interpolation,0 days 00:01:20.768000,80.768,4488.566,0.0
2023-11-25 14:59:48.670,0 days 01:14:48.666000,-837.9094145590441,1966.6764876909317,-221.98907272659895,,138.5000064,9349.5003648,72.00002048,0.0,8,4,5095.0111459150185,0.9708759103089868,14.0,751.4213943644422,interpolation,0 days 00:01:20.868000,80.868,4488.666,0.0
2023-11-25 14:59:48.770,0 days 01:14:48.766000,-810.8905661880431,1969.873523371437,-221.9879161196722,,141.0,9492.0,80.0,0.0,8,4,5098.956388888892,0.9716276930340786,14.0,753.5602777777758,interpolation,0 days 00:01:20.968000,80.968,4488.766,0.0
2023-11-25 14:59:48.870,0 days 01:14:48.866000,-758.0,1974.0,-222.0,,145.6666746311043,9836.667254897277,86.333344142213,0.0,8,4,5103.244223514024,0.972444758046442,14.0,755.5454663510073,interpolation,0 days 00:01:21.068000,81.068,4488.866,0.0
2023-11-25 14:59:48.970,0 days 01:14:48.966000,-679.2382575929262,1979.0558753216087,-222.02532424384376,,150.3333253688957,10181.332745102723,92.666655857787,0.0,8,4,5107.862004108607,0.973324695657956,14.0,757.5306447600996,interpolation,0 days 00:01:21.168000,81.168,4488.966,0.0
2023-11-25 14:59:49.070,0 days 01:14:49.066000,-602.0,1984.0,-222.0,,155.0,10526.0,99.0,0.0,8,4,5112.73416666667,0.9742531068278756,14.0,759.5158333333311,interpolation,0 days 00:01:21.268000,81.268,4489.066,0.0
2023-11-25 14:59:49.170,0 days 01:14:49.166000,-553.6814856939009,1987.791122298925,-221.86013841726515,,159.6666587022154,10672.333083590898,99.0,0.0,8,4,5117.848059522903,0.9752275807278984,14.0,761.1403675978223,interpolation,0 days 00:01:21.368000,81.368,4489.166,0.0
2023-11-25 14:59:49.270,0 days 01:14:49.266000,-534.2822198919553,1990.4292810395705,-221.60573806345255,,164.3333412977846,10818.666916409102,99.0,0.0,8,4,5123.08243488867,0.9762250130793886,14.0,762.7649101799501,interpolation,0 days 00:01:21.468000,81.468,4489.266,0.0
2023-11-25 14:59:49.370,0 days 01:14:49.366000,-519.2419951840607,1993.6027800604336,-221.54846867791497,,169.0,10965.0,99.0,0.0,8,4,5127.709444444447,0.9771067093084684,14.0,764.3894444444413,interpolation,0 days 00:01:21.568000,81.568,4489.366,0.0
2023-11-25 14:59:49.470,0 days 01:14:49.466000,-484.0,1999.0,-222.0,,172.00000511999562,11191.66705351078,99.0,0.0,8,4,5131.607835415898,0.9778495641864566,14.0,765.4561129315512,interpolation,0 days 00:01:21.668000,81.668,4489.466,0.0
2023-11-25 14:59:49.570,0 days 01:14:49.566000,-428.55659521688017,2006.6208855908783,-222.9603274060388,,174.99999488000438,11418.33294648922,99.0,0.0,8,4,5135.039503518271,0.9785034830489188,14.0,766.5227759573322,interpolation,0 days 00:01:21.768000,81.768,4489.566,0.0
2023-11-25 14:59:49.670,0 days 01:14:49.666000,-369.0,2014.0,-224.0,,178.0,11645.0,99.0,0.0,8,4,5139.576111111114,0.9793679528018354,14.0,767.589444444442,interpolation,0 days 00:01:21.868000,81.868,4489.666,0.0
2023-11-25 14:59:49.770,0 days 01:14:49.766000,-321.4196111142344,2018.6717527943372,-224.68954640586293,,179.99999488,11162.00123648,99.0,0.0,8,4,5145.479547374356,0.9804928775354392,14.0,769.122773852442,interpolation,0 days 00:01:21.968000,81.968,4489.766,0.0
2023-11-25 14:59:49.870,0 days 01:14:49.866000,-281.96087555228667,2021.0924952678276,-225.19361054623877,,182.0,10679.0,99.0,0.0,8,4,5151.709444444447,0.9816800107557276,14.0,770.6561111111087,interpolation,0 days 00:01:22.068000,82.068,4489.866,0.0
2023-11-25 14:59:49.970,0 days 01:14:49.966000,-227.5,2024.0,-226.5,,187.33332423110332,10607.333455644548,99.0,0.0,8,4,5157.225310212533,0.9827310822932308,14.0,771.3561099164411,interpolation,0 days 00:01:22.168000,82.168,4489.966,0.0
2023-11-25 14:59:50.070,0 days 01:14:50.066000,-154.18236099360865,2027.850600218863,-228.77336500624972,,192.66667576889665,10535.666544355452,99.0,0.0,8,4,5162.137688173827,0.9836671566782252,14.0,772.0561123057765,interpolation,0 days 00:01:22.268000,82.268,4490.066,0.0
2023-11-25 14:59:50.170,0 days 01:14:50.166000,-67.01110836840114,2032.3797007544467,-231.76690785716005,,198.0,10464.0,99.0,0.0,8,4,5167.109444444447,0.9846145458510523,14.0,772.756111111109,interpolation,0 days 00:01:22.368000,82.368,4490.166,0.0
2023-11-25 14:59:50.270,0 days 01:14:50.266000,4.0,2036.0,-234.0,,200.25000576,10674.0005376,99.0,0.0,8,5,5172.251116947922,0.9855943132802804,14.0,773.0061117511091,interpolation,0 days 00:01:22.468000,82.468,4490.266,0.0
2023-11-25 14:59:50.370,0 days 01:14:50.366000,53.847837895119575,2038.446905143829,-235.22584413933487,,202.5,10884.0,99.0,0.0,8,5,5177.562653033656,0.9866064489331164,14.0,773.256111111109,interpolation,0 days 00:01:22.568000,82.568,4490.366,0.0
2023-11-25 14:59:50.470,0 days 01:14:50.466000,86.74906233549895,2039.9625989782687,-235.59380675554027,,204.75000576,11094.0005376,99.0,0.0,8,5,5183.39761426479,0.98771832545991,14.0,773.5061117511091,interpolation,0 days 00:01:22.668000,82.668,4490.466,0.0
2023-11-25 14:59:50.570,0 days 01:14:50.566000,128.0,2042.0,-236.0,,207.0,11304.0,99.0,0.0,8,5,5190.109444444447,0.9889972930713424,14.0,773.756111111109,interpolation,0 days 00:01:22.768000,82.768,4490.566,0.0
2023-11-25 14:59:50.670,0 days 01:14:50.666000,181.8172198746804,2044.8012868080243,-236.59378195984323,,210.6666729244391,11486.33364451529,99.0,0.0,8,5,5197.698212301944,0.9904433648640762,14.0,773.4894439893316,interpolation,0 days 00:01:22.868000,82.868,4490.666,0.0
2023-11-25 14:59:50.770,0 days 01:14:50.766000,246.0724595359713,2048.289156996451,-237.3369132839941,,214.3333270755609,11668.66635548471,99.0,0.0,8,5,5205.76417950487,0.9919803690091884,14.0,773.2227782328863,interpolation,0 days 00:01:22.968000,82.968,4490.766,0.0
2023-11-25 14:59:50.870,0 days 01:14:50.866000,308.0,2052.0,-238.0,,218.0,11851.0,99.0,0.0,8,5,5211.909444444447,0.9931513752192698,14.0,772.9561111111088,interpolation,0 days 00:01:23.068000,83.068,4490.866,0.0
2023-11-25 14:59:50.970,0 days 01:14:50.966000,365.4714957937275,2055.856504098949,-238.5448020471064,,220.66666211555167,11779.333455644548,99.0,0.0,8,5,5215.734283569696,0.9938802144820628,14.0,772.6025006034946,interpolation,0 days 00:01:23.168000,83.168,4490.966,0.0
2023-11-25 14:59:51.070,0 days 01:14:51.066000,425.0,2061.0,-239.0,,223.33333788444835,11707.666544355452,99.0,0.0,8,5,5218.139296784511,0.9943384999160628,14.0,772.2488882853901,interpolation,0 days 00:01:23.268000,83.268,4491.066,0.0
2023-11-25 14:59:51.170,0 days 01:14:51.166000,493.0973676215896,2068.5717262498647,-239.39426419336496,,226.0,11636.0,99.0,0.0,8,5,5224.52777777778,0.995555851973242,14.0,771.8952777777758,car,0 days 00:01:23.368000,83.368,4491.166,0.0
2023-11-25 14:59:51.270,0 days 01:14:51.266000,569.7642959773684,2078.571760383228,-239.72759866447703,,231.0,10956.0,99.0,0.0,8,5,5234.794444444447,0.9975122087034586,14.0,770.8286111111083,interpolation,0 days 00:01:23.468000,83.468,4491.266,0.0
2023-11-25 14:59:51.370,0 days 01:14:51.366000,655.0,2091.0,-240.0,,232.99999488,10889.50017024,99.0,0.0,8,5,5242.903793592109,0.999057479461514,14.0,770.8286111111083,interpolation,0 days 00:01:23.568000,83.568,4491.366,0.0
2023-11-25 14:59:51.386,0 days 01:14:51.382000,669.43328081748,2093.2139207867613,-240.0379312699855,,233.31999488,10878.86017024,99.0,0.0,8,5,5243.907750677752,0.9992487877278788,14.0,770.8286111111083,interpolation,0 days 00:01:23.584000,83.584,4491.382,0.0
